2026/07/14 21:53:39 INFO  : MHC/RAC_tarc_g3mhc/RAC_lr0.0001_Bz64_Ep30_cosSim_triplet_drop[0.2, 0.4, 0.1]_topK20__PseudoGold_positive_1_hard_negative_1_seed2_hybrid_loss_off/ckpt/best_model_19_0.75.pt: Copied (new)
2026/07/14 21:53:39 INFO  : MHC/RAC_tarc_g3mhc/RAC_lr0.0001_Bz64_Ep30_cosSim_triplet_drop[0.2, 0.4, 0.1]_topK20__PseudoGold_positive_1_hard_negative_1_seed2_hybrid_loss_off/ckpt/best_model_8_0.7125.pt: Copied (new)
2026/07/14 21:53:39 INFO  : MHC/RAC_tarc_g3mhc/RAC_lr0.0001_Bz64_Ep30_cosSim_triplet_drop[0.2, 0.4, 0.1]_topK20__PseudoGold_positive_1_hard_negative_1_seed2_hybrid_loss_off/ckpt/best_model_27_0.7625.pt: Copied (new)
2026/07/14 21:53:40 INFO  : MHC/RAC_tarc_g3mhc/RAC_lr0.0001_Bz64_Ep30_cosSim_triplet_drop[0.2, 0.4, 0.1]_topK20__PseudoGold_positive_1_hard_negative_1_seed2_hybrid_loss_off/ckpt/epoch_model_10_0.7375.pt: Copied (new)
2026/07/14 21:53:41 INFO  : MHC/RAC_tarc_g3mhc/RAC_lr0.0001_Bz64_Ep30_cosSim_triplet_drop[0.2, 0.4, 0.1]_topK20__PseudoGold_positive_1_hard_negative_1_seed2_hybrid_loss_off/ckpt/best_model_22_0.7625.pt: Copied (new)
2026/07/14 21:53:41 INFO  : MHC/RAC_tarc_g3mhc/RAC_lr0.0001_Bz64_Ep30_cosSim_triplet_drop[0.2, 0.4, 0.1]_topK20__PseudoGold_positive_1_hard_negative_1_seed2_hybrid_loss_off/ckpt/best_model_10_0.7375.pt: Copied (new)
2026/07/14 21:53:41 INFO  : MHC/RAC_tarc_g3mhc/RAC_lr0.0001_Bz64_Ep30_cosSim_triplet_drop[0.2, 0.4, 0.1]_topK20__PseudoGold_positive_1_hard_negative_1_seed2_hybrid_loss_off/ckpt/best_model_5_0.7.pt: Copied (new)
2026/07/14 21:53:41 INFO  : MHC/RAC_tarc_g3mhc/RAC_lr0.0001_Bz64_Ep30_cosSim_triplet_drop[0.2, 0.4, 0.1]_topK20__PseudoGold_positive_1_hard_negative_1_seed2_hybrid_loss_off/ckpt/epoch_model_12_0.725.pt: Copied (new)
2026/07/14 21:53:41 INFO  : MHC/RAC_tarc_g3mhc/RAC_lr0.0001_Bz64_Ep30_cosSim_triplet_drop[0.2, 0.4, 0.1]_topK20__PseudoGold_positive_1_hard_negative_1_seed2_hybrid_loss_off/ckpt/epoch_model_0_0.725.pt: Copied (new)
2026/07/14 21:53:41 INFO  : MHC/RAC_tarc_g3mhc/RAC_lr0.0001_Bz64_Ep30_cosSim_triplet_drop[0.2, 0.4, 0.1]_topK20__PseudoGold_positive_1_hard_negative_1_seed2_hybrid_loss_off/ckpt/epoch_model_11_0.7375.pt: Copied (new)
2026/07/14 21:53:43 INFO  : MHC/RAC_tarc_g3mhc/RAC_lr0.0001_Bz64_Ep30_cosSim_triplet_drop[0.2, 0.4, 0.1]_topK20__PseudoGold_positive_1_hard_negative_1_seed2_hybrid_loss_off/ckpt/epoch_model_13_0.725.pt: Copied (new)
2026/07/14 21:53:43 INFO  : MHC/RAC_tarc_g3mhc/RAC_lr0.0001_Bz64_Ep30_cosSim_triplet_drop[0.2, 0.4, 0.1]_topK20__PseudoGold_positive_1_hard_negative_1_seed2_hybrid_loss_off/ckpt/epoch_model_17_0.7.pt: Copied (new)
2026/07/14 21:53:43 INFO  : MHC/RAC_tarc_g3mhc/RAC_lr0.0001_Bz64_Ep30_cosSim_triplet_drop[0.2, 0.4, 0.1]_topK20__PseudoGold_positive_1_hard_negative_1_seed2_hybrid_loss_off/ckpt/epoch_model_15_0.7375.pt: Copied (new)
2026/07/14 21:53:43 INFO  : MHC/RAC_tarc_g3mhc/RAC_lr0.0001_Bz64_Ep30_cosSim_triplet_drop[0.2, 0.4, 0.1]_topK20__PseudoGold_positive_1_hard_negative_1_seed2_hybrid_loss_off/ckpt/epoch_model_19_0.75.pt: Copied (new)
2026/07/14 21:53:44 INFO  : MHC/RAC_tarc_g3mhc/RAC_lr0.0001_Bz64_Ep30_cosSim_triplet_drop[0.2, 0.4, 0.1]_topK20__PseudoGold_positive_1_hard_negative_1_seed2_hybrid_loss_off/ckpt/best_model_9_0.7375.pt: Copied (new)
2026/07/14 21:53:44 INFO  : MHC/RAC_tarc_g3mhc/RAC_lr0.0001_Bz64_Ep30_cosSim_triplet_drop[0.2, 0.4, 0.1]_topK20__PseudoGold_positive_1_hard_negative_1_seed2_hybrid_loss_off/ckpt/epoch_model_14_0.725.pt: Copied (new)
2026/07/14 21:53:44 INFO  : MHC/RAC_tarc_g3mhc/RAC_lr0.0001_Bz64_Ep30_cosSim_triplet_drop[0.2, 0.4, 0.1]_topK20__PseudoGold_positive_1_hard_negative_1_seed2_hybrid_loss_off/ckpt/epoch_model_18_0.6375.pt: Copied (new)
2026/07/14 21:53:44 INFO  : MHC/RAC_tarc_g3mhc/RAC_lr0.0001_Bz64_Ep30_cosSim_triplet_drop[0.2, 0.4, 0.1]_topK20__PseudoGold_positive_1_hard_negative_1_seed2_hybrid_loss_off/ckpt/epoch_model_16_0.7125.pt: Copied (new)
2026/07/14 21:53:45 INFO  : MHC/RAC_tarc_g3mhc/RAC_lr0.0001_Bz64_Ep30_cosSim_triplet_drop[0.2, 0.4, 0.1]_topK20__PseudoGold_positive_1_hard_negative_1_seed2_hybrid_loss_off/ckpt/epoch_model_1_0.675.pt: Copied (new)
2026/07/14 21:53:45 INFO  : MHC/RAC_tarc_g3mhc/RAC_lr0.0001_Bz64_Ep30_cosSim_triplet_drop[0.2, 0.4, 0.1]_topK20__PseudoGold_positive_1_hard_negative_1_seed2_hybrid_loss_off/ckpt/epoch_model_20_0.7.pt: Copied (new)
2026/07/14 21:53:45 INFO  : MHC/RAC_tarc_g3mhc/RAC_lr0.0001_Bz64_Ep30_cosSim_triplet_drop[0.2, 0.4, 0.1]_topK20__PseudoGold_positive_1_hard_negative_1_seed2_hybrid_loss_off/ckpt/epoch_model_22_0.7625.pt: Copied (new)
2026/07/14 21:53:45 INFO  : MHC/RAC_tarc_g3mhc/RAC_lr0.0001_Bz64_Ep30_cosSim_triplet_drop[0.2, 0.4, 0.1]_topK20__PseudoGold_positive_1_hard_negative_1_seed2_hybrid_loss_off/ckpt/epoch_model_21_0.7125.pt: Copied (new)
2026/07/14 21:53:45 INFO  : MHC/RAC_tarc_g3mhc/RAC_lr0.0001_Bz64_Ep30_cosSim_triplet_drop[0.2, 0.4, 0.1]_topK20__PseudoGold_positive_1_hard_negative_1_seed2_hybrid_loss_off/ckpt/epoch_model_23_0.7375.pt: Copied (new)
2026/07/14 21:53:46 INFO  : MHC/RAC_tarc_g3mhc/RAC_lr0.0001_Bz64_Ep30_cosSim_triplet_drop[0.2, 0.4, 0.1]_topK20__PseudoGold_positive_1_hard_negative_1_seed2_hybrid_loss_off/ckpt/epoch_model_24_0.75.pt: Copied (new)
2026/07/14 21:53:46 INFO  : MHC/RAC_tarc_g3mhc/RAC_lr0.0001_Bz64_Ep30_cosSim_triplet_drop[0.2, 0.4, 0.1]_topK20__PseudoGold_positive_1_hard_negative_1_seed2_hybrid_loss_off/ckpt/epoch_model_27_0.7625.pt: Copied (new)
2026/07/14 21:53:47 INFO  : MHC/RAC_tarc_g3mhc/RAC_lr0.0001_Bz64_Ep30_cosSim_triplet_drop[0.2, 0.4, 0.1]_topK20__PseudoGold_positive_1_hard_negative_1_seed2_hybrid_loss_off/ckpt/epoch_model_25_0.75.pt: Copied (new)
2026/07/14 21:53:47 INFO  : MHC/RAC_tarc_g3mhc/RAC_lr0.0001_Bz64_Ep30_cosSim_triplet_drop[0.2, 0.4, 0.1]_topK20__PseudoGold_positive_1_hard_negative_1_seed2_hybrid_loss_off/ckpt/epoch_model_26_0.75.pt: Copied (new)
2026/07/14 21:53:47 INFO  : MHC/RAC_tarc_g3mhc/RAC_lr0.0001_Bz64_Ep30_cosSim_triplet_drop[0.2, 0.4, 0.1]_topK20__PseudoGold_positive_1_hard_negative_1_seed2_hybrid_loss_off/ckpt/epoch_model_28_0.725.pt: Copied (new)
2026/07/14 21:53:47 INFO  : MHC/RAC_tarc_g3mhc/RAC_lr0.0001_Bz64_Ep30_cosSim_triplet_drop[0.2, 0.4, 0.1]_topK20__PseudoGold_positive_1_hard_negative_1_seed2_hybrid_loss_off/ckpt/epoch_model_29_0.7.pt: Copied (new)
2026/07/14 21:53:47 INFO  : MHC/RAC_tarc_g3mhc/RAC_lr0.0001_Bz64_Ep30_cosSim_triplet_drop[0.2, 0.4, 0.1]_topK20__PseudoGold_positive_1_hard_negative_1_seed2_hybrid_loss_off/ckpt/epoch_model_3_0.7.pt: Copied (new)
2026/07/14 21:53:48 INFO  : MHC/RAC_tarc_g3mhc/RAC_lr0.0001_Bz64_Ep30_cosSim_triplet_drop[0.2, 0.4, 0.1]_topK20__PseudoGold_positive_1_hard_negative_1_seed2_hybrid_loss_off/ckpt/epoch_model_2_0.6875.pt: Copied (new)
2026/07/14 21:53:48 INFO  : MHC/RAC_tarc_g3mhc/RAC_lr0.0001_Bz64_Ep30_cosSim_triplet_drop[0.2, 0.4, 0.1]_topK20__PseudoGold_positive_1_hard_negative_1_seed2_hybrid_loss_off/ckpt/epoch_model_5_0.7.pt: Copied (new)
2026/07/14 21:53:48 INFO  : MHC/RAC_tarc_g3mhc/RAC_lr0.0001_Bz64_Ep30_cosSim_triplet_drop[0.2, 0.4, 0.1]_topK20__PseudoGold_positive_1_hard_negative_1_seed2_hybrid_loss_off/ckpt/epoch_model_4_0.6875.pt: Copied (new)
2026/07/14 21:53:49 INFO  : MHC/RAC_tarc_g3mhc/RAC_lr0.0001_Bz64_Ep30_cosSim_triplet_drop[0.2, 0.4, 0.1]_topK20__PseudoGold_positive_1_hard_negative_1_seed2_hybrid_loss_off/ckpt/epoch_model_8_0.7125.pt: Copied (new)
2026/07/14 21:53:49 INFO  : MHC/RAC_tarc_g3mhc/RAC_lr0.0001_Bz64_Ep30_cosSim_triplet_drop[0.2, 0.4, 0.1]_topK20__PseudoGold_positive_1_hard_negative_1_seed2_hybrid_loss_off/ckpt/epoch_model_6_0.6875.pt: Copied (new)
2026/07/14 21:53:49 INFO  : MHC/RAC_tarc_g3mhc/RAC_lr0.0001_Bz64_Ep30_cosSim_triplet_drop[0.2, 0.4, 0.1]_topK20__PseudoGold_positive_1_hard_negative_1_seed2_hybrid_loss_off/ckpt/epoch_model_7_0.6875.pt: Copied (new)
2026/07/14 21:53:50 INFO  : MHC/RAC_tarc_g3mhc/RAC_lr0.0001_Bz64_Ep30_cosSim_triplet_drop[0.2, 0.4, 0.1]_topK20__PseudoGold_positive_1_hard_negative_1_seed2_hybrid_loss_off/ckpt/last_model_29_0.7.pt: Copied (new)
2026/07/14 21:53:50 INFO  : MHC/RAC_tarc_g3mhc/RAC_lr0.0001_Bz64_Ep30_cosSim_triplet_drop[0.2, 0.4, 0.1]_topK20__PseudoGold_positive_1_hard_negative_1_seed2_hybrid_loss_off/ckpt/epoch_model_9_0.7375.pt: Copied (new)
2026/07/14 21:53:50 INFO  : MHC/RAC_tarc_g3mhc/RAC_lr0.0001_Bz64_Ep30_cosSim_triplet_drop[0.2, 0.4, 0.1]_topK20__PseudoGold_positive_1_hard_negative_1_seed2_hybrid_loss_v1prefer_tarc-mllm_pred-hnprefer/ckpt/best_model_11_0.7375.pt: Copied (new)
2026/07/14 21:53:50 INFO  : MHC/RAC_tarc_g3mhc/RAC_lr0.0001_Bz64_Ep30_cosSim_triplet_drop[0.2, 0.4, 0.1]_topK20__PseudoGold_positive_1_hard_negative_1_seed2_hybrid_loss_v1prefer_tarc-mllm_pred-hnprefer/ckpt/best_model_10_0.725.pt: Copied (new)
2026/07/14 21:53:52 INFO  : MHC/RAC_tarc_g3mhc/RAC_lr0.0001_Bz64_Ep30_cosSim_triplet_drop[0.2, 0.4, 0.1]_topK20__PseudoGold_positive_1_hard_negative_1_seed2_hybrid_loss_v1prefer_tarc-mllm_pred-hnprefer/ckpt/best_model_5_0.675.pt: Copied (new)
2026/07/14 21:53:52 INFO  : MHC/RAC_tarc_g3mhc/RAC_lr0.0001_Bz64_Ep30_cosSim_triplet_drop[0.2, 0.4, 0.1]_topK20__PseudoGold_positive_1_hard_negative_1_seed2_hybrid_loss_v1prefer_tarc-mllm_pred-hnprefer/ckpt/best_model_26_0.775.pt: Copied (new)
2026/07/14 21:53:52 INFO  : MHC/RAC_tarc_g3mhc/RAC_lr0.0001_Bz64_Ep30_cosSim_triplet_drop[0.2, 0.4, 0.1]_topK20__PseudoGold_positive_1_hard_negative_1_seed2_hybrid_loss_v1prefer_tarc-mllm_pred-hnprefer/ckpt/best_model_7_0.675.pt: Copied (new)
2026/07/14 21:53:52 INFO  : MHC/RAC_tarc_g3mhc/RAC_lr0.0001_Bz64_Ep30_cosSim_triplet_drop[0.2, 0.4, 0.1]_topK20__PseudoGold_positive_1_hard_negative_1_seed2_hybrid_loss_v1prefer_tarc-mllm_pred-hnprefer/ckpt/best_model_12_0.75.pt: Copied (new)
2026/07/14 21:53:53 INFO  : HateMM/c1settle/RAC_lr0.0001_Bz64_Ep30_cosSim_triplet_drop[0.2, 0.4, 0.1]_topK20__PseudoGold_positive_1_hard_negative_1_seed0_hybrid_loss_c1settle_hatemm_s0/ckpt/best_model_11_0.8317757009345794.pt: Copied (new)
2026/07/14 21:53:53 INFO  : MHC/RAC_tarc_g3mhc/RAC_lr0.0001_Bz64_Ep30_cosSim_triplet_drop[0.2, 0.4, 0.1]_topK20__PseudoGold_positive_1_hard_negative_1_seed2_hybrid_loss_v1prefer_tarc-mllm_pred-hnprefer/ckpt/best_model_8_0.7.pt: Copied (new)
2026/07/14 21:53:54 INFO  : HateMM/c1settle/RAC_lr0.0001_Bz64_Ep30_cosSim_triplet_drop[0.2, 0.4, 0.1]_topK20__PseudoGold_positive_1_hard_negative_1_seed0_hybrid_loss_c1settle_hatemm_s0/ckpt/best_model_12_0.8411214953271028.pt: Copied (new)
2026/07/14 21:53:54 INFO  : HateMM/c1settle/RAC_lr0.0001_Bz64_Ep30_cosSim_triplet_drop[0.2, 0.4, 0.1]_topK20__PseudoGold_positive_1_hard_negative_1_seed0_hybrid_loss_c1settle_hatemm_s0/ckpt/best_model_5_0.8037383177570093.pt: Copied (new)
2026/07/14 21:53:55 INFO  : HateMM/RAC_tarc_g1/RAC_lr0.0001_Bz64_Ep30_cosSim_triplet_drop[0.2, 0.4, 0.1]_topK20__PseudoGold_positive_1_hard_negative_1_seed2_hybrid_loss_v2vg0.5_tarc-gt_oracle-vg0.5_ORACLE_CEILING/ckpt/best_model_15_0.822429906542056.pt: Copied (new)
2026/07/14 21:53:55 INFO  : HateMM/RAC_tarc_g1/RAC_lr0.0001_Bz64_Ep30_cosSim_triplet_drop[0.2, 0.4, 0.1]_topK20__PseudoGold_positive_1_hard_negative_1_seed2_hybrid_loss_v2vg0.5_tarc-gt_oracle-vg0.5_ORACLE_CEILING/ckpt/best_model_24_0.8691588785046729.pt: Copied (new)
2026/07/14 21:53:55 INFO  : HateMM/RAC_tarc_g1/RAC_lr0.0001_Bz64_Ep30_cosSim_triplet_drop[0.2, 0.4, 0.1]_topK20__PseudoGold_positive_1_hard_negative_1_seed2_hybrid_loss_v2vg0.5_tarc-gt_oracle-vg0.5_ORACLE_CEILING/ckpt/best_model_20_0.8317757009345794.pt: Copied (new)
2026/07/14 21:53:56 INFO  : HateMM/RAC_tarc_g1/RAC_lr0.0001_Bz64_Ep30_cosSim_triplet_drop[0.2, 0.4, 0.1]_topK20__PseudoGold_positive_1_hard_negative_1_seed2_hybrid_loss_v2vg0.5_tarc-gt_oracle-vg0.5_ORACLE_CEILING/ckpt/best_model_23_0.8504672897196262.pt: Copied (new)
2026/07/14 21:53:56 INFO  : HateMM/c1settle/RAC_lr0.0001_Bz64_Ep30_cosSim_triplet_drop[0.2, 0.4, 0.1]_topK20__PseudoGold_positive_1_hard_negative_1_seed0_hybrid_loss_c1settle_hatemm_s0/ckpt/best_model_6_0.8037383177570093.pt: Copied (new)
2026/07/14 21:53:57 INFO  : HateMM/RAC_tarc_g1/RAC_lr0.0001_Bz64_Ep30_cosSim_triplet_drop[0.2, 0.4, 0.1]_topK20__PseudoGold_positive_1_hard_negative_1_seed2_hybrid_loss_v2vg0.5_tarc-gt_oracle-vg0.5_ORACLE_CEILING/ckpt/best_model_5_0.822429906542056.pt: Copied (new)
2026/07/14 21:53:57 INFO  : HateMM/RAC_tarc_g1/RAC_lr0.0001_Bz64_Ep30_cosSim_triplet_drop[0.2, 0.4, 0.1]_topK20__PseudoGold_positive_1_hard_negative_1_seed2_hybrid_loss_v2vg0.5_tarc-gt_oracle-vg0.5_ORACLE_CEILING/ckpt/epoch_model_10_0.7850467289719626.pt: Copied (new)
2026/07/14 21:53:57 INFO  : HateMM/RAC_tarc_g1/RAC_lr0.0001_Bz64_Ep30_cosSim_triplet_drop[0.2, 0.4, 0.1]_topK20__PseudoGold_positive_1_hard_negative_1_seed2_hybrid_loss_v2vg0.5_tarc-gt_oracle-vg0.5_ORACLE_CEILING/ckpt/epoch_model_11_0.822429906542056.pt: Copied (new)
2026/07/14 21:53:57 INFO  : HateMM/RAC_tarc_g1/RAC_lr0.0001_Bz64_Ep30_cosSim_triplet_drop[0.2, 0.4, 0.1]_topK20__PseudoGold_positive_1_hard_negative_1_seed2_hybrid_loss_v2vg0.5_tarc-gt_oracle-vg0.5_ORACLE_CEILING/ckpt/epoch_model_0_0.8504672897196262.pt: Copied (new)
2026/07/14 21:53:57 INFO  : HateMM/RAC_tarc_g1/RAC_lr0.0001_Bz64_Ep30_cosSim_triplet_drop[0.2, 0.4, 0.1]_topK20__PseudoGold_positive_1_hard_negative_1_seed2_hybrid_loss_v2vg0.5_tarc-gt_oracle-vg0.5_ORACLE_CEILING/ckpt/best_model_16_0.8317757009345794.pt: Copied (new)
2026/07/14 21:53:58 INFO  : HateMM/RAC_tarc_g1/RAC_lr0.0001_Bz64_Ep30_cosSim_triplet_drop[0.2, 0.4, 0.1]_topK20__PseudoGold_positive_1_hard_negative_1_seed2_hybrid_loss_v2vg0.5_tarc-gt_oracle-vg0.5_ORACLE_CEILING/ckpt/epoch_model_12_0.8130841121495327.pt: Copied (new)
2026/07/14 21:53:58 INFO  : HateMM/c1settle/RAC_lr0.0001_Bz64_Ep30_cosSim_triplet_drop[0.2, 0.4, 0.1]_topK20__PseudoGold_positive_1_hard_negative_1_seed0_hybrid_loss_c1settle_hatemm_s0/ckpt/best_model_7_0.8130841121495327.pt: Copied (new)
2026/07/14 21:53:59 INFO  : HateMM/RAC_tarc_g1/RAC_lr0.0001_Bz64_Ep30_cosSim_triplet_drop[0.2, 0.4, 0.1]_topK20__PseudoGold_positive_1_hard_negative_1_seed2_hybrid_loss_v2vg0.5_tarc-gt_oracle-vg0.5_ORACLE_CEILING/ckpt/epoch_model_15_0.822429906542056.pt: Copied (new)
2026/07/14 21:53:59 INFO  : HateMM/RAC_tarc_g1/RAC_lr0.0001_Bz64_Ep30_cosSim_triplet_drop[0.2, 0.4, 0.1]_topK20__PseudoGold_positive_1_hard_negative_1_seed2_hybrid_loss_v2vg0.5_tarc-gt_oracle-vg0.5_ORACLE_CEILING/ckpt/epoch_model_16_0.8317757009345794.pt: Copied (new)
2026/07/14 21:53:59 INFO  : HateMM/RAC_tarc_g1/RAC_lr0.0001_Bz64_Ep30_cosSim_triplet_drop[0.2, 0.4, 0.1]_topK20__PseudoGold_positive_1_hard_negative_1_seed2_hybrid_loss_v2vg0.5_tarc-gt_oracle-vg0.5_ORACLE_CEILING/ckpt/epoch_model_14_0.7850467289719626.pt: Copied (new)
2026/07/14 21:53:59 INFO  : HateMM/RAC_tarc_g1/RAC_lr0.0001_Bz64_Ep30_cosSim_triplet_drop[0.2, 0.4, 0.1]_topK20__PseudoGold_positive_1_hard_negative_1_seed2_hybrid_loss_v2vg0.5_tarc-gt_oracle-vg0.5_ORACLE_CEILING/ckpt/epoch_model_19_0.8037383177570093.pt: Copied (new)
2026/07/14 21:53:59 INFO  : HateMM/RAC_tarc_g1/RAC_lr0.0001_Bz64_Ep30_cosSim_triplet_drop[0.2, 0.4, 0.1]_topK20__PseudoGold_positive_1_hard_negative_1_seed2_hybrid_loss_v2vg0.5_tarc-gt_oracle-vg0.5_ORACLE_CEILING/ckpt/epoch_model_13_0.7850467289719626.pt: Copied (new)
2026/07/14 21:54:00 INFO  : HateMM/RAC_tarc_g1/RAC_lr0.0001_Bz64_Ep30_cosSim_triplet_drop[0.2, 0.4, 0.1]_topK20__PseudoGold_positive_1_hard_negative_1_seed2_hybrid_loss_v2vg0.5_tarc-gt_oracle-vg0.5_ORACLE_CEILING/ckpt/epoch_model_20_0.8317757009345794.pt: Copied (new)
2026/07/14 21:54:00 INFO  : HateMM/RAC_tarc_g1/RAC_lr0.0001_Bz64_Ep30_cosSim_triplet_drop[0.2, 0.4, 0.1]_topK20__PseudoGold_positive_1_hard_negative_1_seed2_hybrid_loss_v2vg0.5_tarc-gt_oracle-vg0.5_ORACLE_CEILING/ckpt/epoch_model_21_0.822429906542056.pt: Copied (new)
2026/07/14 21:54:01 INFO  : HateMM/RAC_tarc_g1/RAC_lr0.0001_Bz64_Ep30_cosSim_triplet_drop[0.2, 0.4, 0.1]_topK20__PseudoGold_positive_1_hard_negative_1_seed2_hybrid_loss_v2vg0.5_tarc-gt_oracle-vg0.5_ORACLE_CEILING/ckpt/epoch_model_1_0.794392523364486.pt: Copied (new)
2026/07/14 21:54:01 INFO  : HateMM/RAC_tarc_g1/RAC_lr0.0001_Bz64_Ep30_cosSim_triplet_drop[0.2, 0.4, 0.1]_topK20__PseudoGold_positive_1_hard_negative_1_seed2_hybrid_loss_v2vg0.5_tarc-gt_oracle-vg0.5_ORACLE_CEILING/ckpt/epoch_model_17_0.822429906542056.pt: Copied (new)
2026/07/14 21:54:02 INFO  : HateMM/RAC_tarc_g1/RAC_lr0.0001_Bz64_Ep30_cosSim_triplet_drop[0.2, 0.4, 0.1]_topK20__PseudoGold_positive_1_hard_negative_1_seed2_hybrid_loss_v2vg0.5_tarc-gt_oracle-vg0.5_ORACLE_CEILING/ckpt/epoch_model_24_0.8691588785046729.pt: Copied (new)
2026/07/14 21:54:02 INFO  : HateMM/RAC_tarc_g1/RAC_lr0.0001_Bz64_Ep30_cosSim_triplet_drop[0.2, 0.4, 0.1]_topK20__PseudoGold_positive_1_hard_negative_1_seed2_hybrid_loss_v2vg0.5_tarc-gt_oracle-vg0.5_ORACLE_CEILING/ckpt/epoch_model_25_0.8598130841121495.pt: Copied (new)
2026/07/14 21:54:02 INFO  : HateMM/RAC_tarc_g1/RAC_lr0.0001_Bz64_Ep30_cosSim_triplet_drop[0.2, 0.4, 0.1]_topK20__PseudoGold_positive_1_hard_negative_1_seed2_hybrid_loss_v2vg0.5_tarc-gt_oracle-vg0.5_ORACLE_CEILING/ckpt/epoch_model_26_0.8411214953271028.pt: Copied (new)
2026/07/14 21:54:02 INFO  : HateMM/RAC_tarc_g1/RAC_lr0.0001_Bz64_Ep30_cosSim_triplet_drop[0.2, 0.4, 0.1]_topK20__PseudoGold_positive_1_hard_negative_1_seed2_hybrid_loss_v2vg0.5_tarc-gt_oracle-vg0.5_ORACLE_CEILING/ckpt/epoch_model_23_0.8504672897196262.pt: Copied (new)
2026/07/14 21:54:03 INFO  : HateMM/RAC_tarc_g1/RAC_lr0.0001_Bz64_Ep30_cosSim_triplet_drop[0.2, 0.4, 0.1]_topK20__PseudoGold_positive_1_hard_negative_1_seed2_hybrid_loss_v2vg0.5_tarc-gt_oracle-vg0.5_ORACLE_CEILING/ckpt/epoch_model_22_0.822429906542056.pt: Copied (new)
2026/07/14 21:54:04 INFO  : HateMM/RAC_tarc_g1/RAC_lr0.0001_Bz64_Ep30_cosSim_triplet_drop[0.2, 0.4, 0.1]_topK20__PseudoGold_positive_1_hard_negative_1_seed2_hybrid_loss_v2vg0.5_tarc-gt_oracle-vg0.5_ORACLE_CEILING/ckpt/epoch_model_2_0.7757009345794392.pt: Copied (new)
2026/07/14 21:54:04 INFO  : HateMM/RAC_tarc_g1/RAC_lr0.0001_Bz64_Ep30_cosSim_triplet_drop[0.2, 0.4, 0.1]_topK20__PseudoGold_positive_1_hard_negative_1_seed2_hybrid_loss_v2vg0.5_tarc-gt_oracle-vg0.5_ORACLE_CEILING/ckpt/epoch_model_28_0.8317757009345794.pt: Copied (new)
2026/07/14 21:54:04 INFO  : HateMM/RAC_tarc_g1/RAC_lr0.0001_Bz64_Ep30_cosSim_triplet_drop[0.2, 0.4, 0.1]_topK20__PseudoGold_positive_1_hard_negative_1_seed2_hybrid_loss_v2vg0.5_tarc-gt_oracle-vg0.5_ORACLE_CEILING/ckpt/epoch_model_3_0.794392523364486.pt: Copied (new)
2026/07/14 21:54:04 INFO  : HateMM/RAC_tarc_g1/RAC_lr0.0001_Bz64_Ep30_cosSim_triplet_drop[0.2, 0.4, 0.1]_topK20__PseudoGold_positive_1_hard_negative_1_seed2_hybrid_loss_v2vg0.5_tarc-gt_oracle-vg0.5_ORACLE_CEILING/ckpt/epoch_model_27_0.8317757009345794.pt: Copied (new)
2026/07/14 21:54:05 INFO  : HateMM/RAC_tarc_g1/RAC_lr0.0001_Bz64_Ep30_cosSim_triplet_drop[0.2, 0.4, 0.1]_topK20__PseudoGold_positive_1_hard_negative_1_seed2_hybrid_loss_v2vg0.5_tarc-gt_oracle-vg0.5_ORACLE_CEILING/ckpt/epoch_model_29_0.8317757009345794.pt: Copied (new)
2026/07/14 21:54:06 INFO  : HateMM/RAC_tarc_g1/RAC_lr0.0001_Bz64_Ep30_cosSim_triplet_drop[0.2, 0.4, 0.1]_topK20__PseudoGold_positive_1_hard_negative_1_seed2_hybrid_loss_v2vg0.5_tarc-gt_oracle-vg0.5_ORACLE_CEILING/ckpt/epoch_model_6_0.8130841121495327.pt: Copied (new)
2026/07/14 21:54:06 INFO  : HateMM/RAC_tarc_g1/RAC_lr0.0001_Bz64_Ep30_cosSim_triplet_drop[0.2, 0.4, 0.1]_topK20__PseudoGold_positive_1_hard_negative_1_seed2_hybrid_loss_v2vg0.5_tarc-gt_oracle-vg0.5_ORACLE_CEILING/ckpt/epoch_model_4_0.8037383177570093.pt: Copied (new)
2026/07/14 21:54:06 INFO  : HateMM/RAC_tarc_g1/RAC_lr0.0001_Bz64_Ep30_cosSim_triplet_drop[0.2, 0.4, 0.1]_topK20__PseudoGold_positive_1_hard_negative_1_seed2_hybrid_loss_v2vg0.5_tarc-gt_oracle-vg0.5_ORACLE_CEILING/ckpt/epoch_model_8_0.794392523364486.pt: Copied (new)
2026/07/14 21:54:07 INFO  : HateMM/RAC_tarc_g1/RAC_lr0.0001_Bz64_Ep30_cosSim_triplet_drop[0.2, 0.4, 0.1]_topK20__PseudoGold_positive_1_hard_negative_1_seed2_hybrid_loss_v2vg0.5_tarc-gt_oracle-vg0.5_ORACLE_CEILING/ckpt/epoch_model_5_0.822429906542056.pt: Copied (new)
2026/07/14 21:54:07 INFO  : HateMM/RAC_tarc_g1/RAC_lr0.0001_Bz64_Ep30_cosSim_triplet_drop[0.2, 0.4, 0.1]_topK20__PseudoGold_positive_1_hard_negative_1_seed2_hybrid_loss_v2vg0.5_tarc-gt_oracle-vg0.5_ORACLE_CEILING/ckpt/epoch_model_7_0.8130841121495327.pt: Copied (new)
2026/07/14 21:54:07 INFO  : MHC/RAC_tarc_g3mhc/RAC_lr0.0001_Bz64_Ep30_cosSim_triplet_drop[0.2, 0.4, 0.1]_topK20__PseudoGold_positive_1_hard_negative_1_seed1_hybrid_loss_v1prefer_tarc-mllm_pred-hnprefer/ckpt/best_model_11_0.7375.pt: Copied (new)
2026/07/14 21:54:08 INFO  : MHC/RAC_tarc_g3mhc/RAC_lr0.0001_Bz64_Ep30_cosSim_triplet_drop[0.2, 0.4, 0.1]_topK20__PseudoGold_positive_1_hard_negative_1_seed1_hybrid_loss_v1prefer_tarc-mllm_pred-hnprefer/ckpt/best_model_10_0.7125.pt: Copied (new)
2026/07/14 21:54:08 INFO  : MHC/RAC_tarc_g3mhc/RAC_lr0.0001_Bz64_Ep30_cosSim_triplet_drop[0.2, 0.4, 0.1]_topK20__PseudoGold_positive_1_hard_negative_1_seed1_hybrid_loss_v1prefer_tarc-mllm_pred-hnprefer/ckpt/best_model_26_0.7625.pt: Copied (new)
2026/07/14 21:54:08 INFO  : HateMM/RAC_tarc_g1/RAC_lr0.0001_Bz64_Ep30_cosSim_triplet_drop[0.2, 0.4, 0.1]_topK20__PseudoGold_positive_1_hard_negative_1_seed2_hybrid_loss_v2vg0.5_tarc-gt_oracle-vg0.5_ORACLE_CEILING/ckpt/epoch_model_9_0.794392523364486.pt: Copied (new)
2026/07/14 21:54:09 INFO  : HateMM/RAC_tarc_g1/RAC_lr0.0001_Bz64_Ep30_cosSim_triplet_drop[0.2, 0.4, 0.1]_topK20__PseudoGold_positive_1_hard_negative_1_seed2_hybrid_loss_v2vg0.5_tarc-gt_oracle-vg0.5_ORACLE_CEILING/ckpt/epoch_model_18_0.8130841121495327.pt: Copied (new)
2026/07/14 21:54:09 INFO  : MHC/RAC_tarc_g3mhc/RAC_lr0.0001_Bz64_Ep30_cosSim_triplet_drop[0.2, 0.4, 0.1]_topK20__PseudoGold_positive_1_hard_negative_1_seed1_hybrid_loss_v1prefer_tarc-mllm_pred-hnprefer/ckpt/epoch_model_0_0.7125.pt: Copied (new)
2026/07/14 21:54:09 INFO  : MHC/RAC_tarc_g3mhc/RAC_lr0.0001_Bz64_Ep30_cosSim_triplet_drop[0.2, 0.4, 0.1]_topK20__PseudoGold_positive_1_hard_negative_1_seed1_hybrid_loss_v1prefer_tarc-mllm_pred-hnprefer/ckpt/best_model_5_0.675.pt: Copied (new)
2026/07/14 21:54:10 INFO  : MHC/RAC_tarc_g3mhc/RAC_lr0.0001_Bz64_Ep30_cosSim_triplet_drop[0.2, 0.4, 0.1]_topK20__PseudoGold_positive_1_hard_negative_1_seed1_hybrid_loss_v1prefer_tarc-mllm_pred-hnprefer/ckpt/epoch_model_10_0.7125.pt: Copied (new)
2026/07/14 21:54:10 INFO  : MHC/RAC_tarc_g3mhc/RAC_lr0.0001_Bz64_Ep30_cosSim_triplet_drop[0.2, 0.4, 0.1]_topK20__PseudoGold_positive_1_hard_negative_1_seed1_hybrid_loss_v1prefer_tarc-mllm_pred-hnprefer/ckpt/best_model_6_0.6875.pt: Copied (new)
2026/07/14 21:54:11 INFO  : MHC/RAC_tarc_g3mhc/RAC_lr0.0001_Bz64_Ep30_cosSim_triplet_drop[0.2, 0.4, 0.1]_topK20__PseudoGold_positive_1_hard_negative_1_seed1_hybrid_loss_v1prefer_tarc-mllm_pred-hnprefer/ckpt/epoch_model_13_0.7125.pt: Copied (new)
2026/07/14 21:54:11 INFO  : MHC/RAC_tarc_g3mhc/RAC_lr0.0001_Bz64_Ep30_cosSim_triplet_drop[0.2, 0.4, 0.1]_topK20__PseudoGold_positive_1_hard_negative_1_seed1_hybrid_loss_v1prefer_tarc-mllm_pred-hnprefer/ckpt/best_model_7_0.7.pt: Copied (new)
2026/07/14 21:54:11 INFO  : MHC/RAC_tarc_g3mhc/RAC_lr0.0001_Bz64_Ep30_cosSim_triplet_drop[0.2, 0.4, 0.1]_topK20__PseudoGold_positive_1_hard_negative_1_seed1_hybrid_loss_v1prefer_tarc-mllm_pred-hnprefer/ckpt/epoch_model_11_0.7375.pt: Copied (new)
2026/07/14 21:54:11 INFO  : MHC/RAC_tarc_g3mhc/RAC_lr0.0001_Bz64_Ep30_cosSim_triplet_drop[0.2, 0.4, 0.1]_topK20__PseudoGold_positive_1_hard_negative_1_seed1_hybrid_loss_v1prefer_tarc-mllm_pred-hnprefer/ckpt/epoch_model_14_0.7125.pt: Copied (new)
2026/07/14 21:54:12 INFO  : HateMM/RAC_tarc_g1/RAC_lr0.0001_Bz64_Ep30_cosSim_triplet_drop[0.2, 0.4, 0.1]_topK20__PseudoGold_positive_1_hard_negative_1_seed2_hybrid_loss_v2vg0.5_tarc-gt_oracle-vg0.5_ORACLE_CEILING/ckpt/last_model_29_0.8317757009345794.pt: Copied (new)
2026/07/14 21:54:13 INFO  : MHC/RAC_tarc_g3mhc/RAC_lr0.0001_Bz64_Ep30_cosSim_triplet_drop[0.2, 0.4, 0.1]_topK20__PseudoGold_positive_1_hard_negative_1_seed1_hybrid_loss_v1prefer_tarc-mllm_pred-hnprefer/ckpt/epoch_model_17_0.7125.pt: Copied (new)
2026/07/14 21:54:13 INFO  : MHC/RAC_tarc_g3mhc/RAC_lr0.0001_Bz64_Ep30_cosSim_triplet_drop[0.2, 0.4, 0.1]_topK20__PseudoGold_positive_1_hard_negative_1_seed1_hybrid_loss_v1prefer_tarc-mllm_pred-hnprefer/ckpt/epoch_model_16_0.7.pt: Copied (new)
2026/07/14 21:54:13 INFO  : MHC/RAC_tarc_g3mhc/RAC_lr0.0001_Bz64_Ep30_cosSim_triplet_drop[0.2, 0.4, 0.1]_topK20__PseudoGold_positive_1_hard_negative_1_seed1_hybrid_loss_v1prefer_tarc-mllm_pred-hnprefer/ckpt/epoch_model_18_0.7375.pt: Copied (new)
2026/07/14 21:54:14 INFO  : MHC/RAC_tarc_g3mhc/RAC_lr0.0001_Bz64_Ep30_cosSim_triplet_drop[0.2, 0.4, 0.1]_topK20__PseudoGold_positive_1_hard_negative_1_seed1_hybrid_loss_v1prefer_tarc-mllm_pred-hnprefer/ckpt/epoch_model_1_0.6875.pt: Copied (new)
2026/07/14 21:54:14 INFO  : MHC/RAC_tarc_g3mhc/RAC_lr0.0001_Bz64_Ep30_cosSim_triplet_drop[0.2, 0.4, 0.1]_topK20__PseudoGold_positive_1_hard_negative_1_seed1_hybrid_loss_v1prefer_tarc-mllm_pred-hnprefer/ckpt/epoch_model_21_0.7.pt: Copied (new)
2026/07/14 21:54:15 INFO  : MHC/RAC_tarc_g3mhc/RAC_lr0.0001_Bz64_Ep30_cosSim_triplet_drop[0.2, 0.4, 0.1]_topK20__PseudoGold_positive_1_hard_negative_1_seed1_hybrid_loss_v1prefer_tarc-mllm_pred-hnprefer/ckpt/epoch_model_19_0.725.pt: Copied (new)
2026/07/14 21:54:15 INFO  : MHC/RAC_tarc_g3mhc/RAC_lr0.0001_Bz64_Ep30_cosSim_triplet_drop[0.2, 0.4, 0.1]_topK20__PseudoGold_positive_1_hard_negative_1_seed1_hybrid_loss_v1prefer_tarc-mllm_pred-hnprefer/ckpt/epoch_model_20_0.725.pt: Copied (new)
2026/07/14 21:54:16 INFO  : MHC/RAC_tarc_g3mhc/RAC_lr0.0001_Bz64_Ep30_cosSim_triplet_drop[0.2, 0.4, 0.1]_topK20__PseudoGold_positive_1_hard_negative_1_seed1_hybrid_loss_v1prefer_tarc-mllm_pred-hnprefer/ckpt/epoch_model_25_0.725.pt: Copied (new)
2026/07/14 21:54:16 INFO  : MHC/RAC_tarc_g3mhc/RAC_lr0.0001_Bz64_Ep30_cosSim_triplet_drop[0.2, 0.4, 0.1]_topK20__PseudoGold_positive_1_hard_negative_1_seed1_hybrid_loss_v1prefer_tarc-mllm_pred-hnprefer/ckpt/epoch_model_24_0.7.pt: Copied (new)
2026/07/14 21:54:16 INFO  : MHC/RAC_tarc_g3mhc/RAC_lr0.0001_Bz64_Ep30_cosSim_triplet_drop[0.2, 0.4, 0.1]_topK20__PseudoGold_positive_1_hard_negative_1_seed1_hybrid_loss_v1prefer_tarc-mllm_pred-hnprefer/ckpt/epoch_model_22_0.7.pt: Copied (new)
2026/07/14 21:54:17 INFO  : MHC/RAC_tarc_g3mhc/RAC_lr0.0001_Bz64_Ep30_cosSim_triplet_drop[0.2, 0.4, 0.1]_topK20__PseudoGold_positive_1_hard_negative_1_seed1_hybrid_loss_v1prefer_tarc-mllm_pred-hnprefer/ckpt/epoch_model_23_0.725.pt: Copied (new)
2026/07/14 21:54:17 INFO  : MHC/RAC_tarc_g3mhc/RAC_lr0.0001_Bz64_Ep30_cosSim_triplet_drop[0.2, 0.4, 0.1]_topK20__PseudoGold_positive_1_hard_negative_1_seed1_hybrid_loss_v1prefer_tarc-mllm_pred-hnprefer/ckpt/epoch_model_27_0.7125.pt: Copied (new)
2026/07/14 21:54:18 INFO  : MHC/RAC_tarc_g3mhc/RAC_lr0.0001_Bz64_Ep30_cosSim_triplet_drop[0.2, 0.4, 0.1]_topK20__PseudoGold_positive_1_hard_negative_1_seed1_hybrid_loss_v1prefer_tarc-mllm_pred-hnprefer/ckpt/epoch_model_28_0.75.pt: Copied (new)
2026/07/14 21:54:18 INFO  : MHC/RAC_tarc_g3mhc/RAC_lr0.0001_Bz64_Ep30_cosSim_triplet_drop[0.2, 0.4, 0.1]_topK20__PseudoGold_positive_1_hard_negative_1_seed1_hybrid_loss_v1prefer_tarc-mllm_pred-hnprefer/ckpt/epoch_model_12_0.7.pt: Copied (new)
2026/07/14 21:54:18 INFO  : MHC/RAC_tarc_g3mhc/RAC_lr0.0001_Bz64_Ep30_cosSim_triplet_drop[0.2, 0.4, 0.1]_topK20__PseudoGold_positive_1_hard_negative_1_seed1_hybrid_loss_v1prefer_tarc-mllm_pred-hnprefer/ckpt/epoch_model_29_0.725.pt: Copied (new)
2026/07/14 21:54:18 INFO  : MHC/RAC_tarc_g3mhc/RAC_lr0.0001_Bz64_Ep30_cosSim_triplet_drop[0.2, 0.4, 0.1]_topK20__PseudoGold_positive_1_hard_negative_1_seed1_hybrid_loss_v1prefer_tarc-mllm_pred-hnprefer/ckpt/epoch_model_2_0.6875.pt: Copied (new)
2026/07/14 21:54:19 INFO  : MHC/RAC_tarc_g3mhc/RAC_lr0.0001_Bz64_Ep30_cosSim_triplet_drop[0.2, 0.4, 0.1]_topK20__PseudoGold_positive_1_hard_negative_1_seed1_hybrid_loss_v1prefer_tarc-mllm_pred-hnprefer/ckpt/epoch_model_26_0.7625.pt: Copied (new)
2026/07/14 21:54:19 INFO  : MHC/RAC_tarc_g3mhc/RAC_lr0.0001_Bz64_Ep30_cosSim_triplet_drop[0.2, 0.4, 0.1]_topK20__PseudoGold_positive_1_hard_negative_1_seed0_hybrid_loss_v1prefer_tarc-mllm_pred-hnprefer/ckpt/best_model_10_0.7375.pt: Copied (new)
2026/07/14 21:54:19 INFO  : MHC/RAC_tarc_g3mhc/RAC_lr0.0001_Bz64_Ep30_cosSim_triplet_drop[0.2, 0.4, 0.1]_topK20__PseudoGold_positive_1_hard_negative_1_seed0_hybrid_loss_v1prefer_tarc-mllm_pred-hnprefer/ckpt/best_model_18_0.75.pt: Copied (new)
2026/07/14 21:54:20 INFO  : MHC/RAC_tarc_g3mhc/RAC_lr0.0001_Bz64_Ep30_cosSim_triplet_drop[0.2, 0.4, 0.1]_topK20__PseudoGold_positive_1_hard_negative_1_seed0_hybrid_loss_v1prefer_tarc-mllm_pred-hnprefer/ckpt/best_model_21_0.75.pt: Copied (new)
2026/07/14 21:54:21 INFO  : MHC/RAC_tarc_g3mhc/RAC_lr0.0001_Bz64_Ep30_cosSim_triplet_drop[0.2, 0.4, 0.1]_topK20__PseudoGold_positive_1_hard_negative_1_seed0_hybrid_loss_v1prefer_tarc-mllm_pred-hnprefer/ckpt/best_model_5_0.7.pt: Copied (new)
2026/07/14 21:54:21 INFO  : MHC/RAC_tarc_g3mhc/RAC_lr0.0001_Bz64_Ep30_cosSim_triplet_drop[0.2, 0.4, 0.1]_topK20__PseudoGold_positive_1_hard_negative_1_seed0_hybrid_loss_v1prefer_tarc-mllm_pred-hnprefer/ckpt/best_model_27_0.775.pt: Copied (new)
2026/07/14 21:54:21 INFO  : MHC/RAC_tarc_g3mhc/RAC_lr0.0001_Bz64_Ep30_cosSim_triplet_drop[0.2, 0.4, 0.1]_topK20__PseudoGold_positive_1_hard_negative_1_seed0_hybrid_loss_v1prefer_tarc-mllm_pred-hnprefer/ckpt/best_model_25_0.75.pt: Copied (new)
2026/07/14 21:54:22 INFO  : MHC/RAC_tarc_g3mhc/RAC_lr0.0001_Bz64_Ep30_cosSim_triplet_drop[0.2, 0.4, 0.1]_topK20__PseudoGold_positive_1_hard_negative_1_seed0_hybrid_loss_v1prefer_tarc-mllm_pred-hnprefer/ckpt/best_model_6_0.7125.pt: Copied (new)
2026/07/14 21:54:23 INFO  : MHC/RAC_tarc_g3mhc/RAC_lr0.0001_Bz64_Ep30_cosSim_triplet_drop[0.2, 0.4, 0.1]_topK20__PseudoGold_positive_1_hard_negative_1_seed0_hybrid_loss_v1prefer_tarc-mllm_pred-hnprefer/ckpt/best_model_8_0.725.pt: Copied (new)
2026/07/14 21:54:24 INFO  : MHC/RAC_tarc_g3mhc/RAC_lr0.0001_Bz64_Ep30_cosSim_triplet_drop[0.2, 0.4, 0.1]_topK20__PseudoGold_positive_1_hard_negative_1_seed0_hybrid_loss_v1prefer_tarc-mllm_pred-hnprefer/ckpt/epoch_model_10_0.7375.pt: Copied (new)
2026/07/14 21:54:24 INFO  : MHC/RAC_tarc_g3mhc/RAC_lr0.0001_Bz64_Ep30_cosSim_triplet_drop[0.2, 0.4, 0.1]_topK20__PseudoGold_positive_1_hard_negative_1_seed0_hybrid_loss_v1prefer_tarc-mllm_pred-hnprefer/ckpt/epoch_model_11_0.725.pt: Copied (new)
2026/07/14 21:54:24 INFO  : MHC/RAC_tarc_g3mhc/RAC_lr0.0001_Bz64_Ep30_cosSim_triplet_drop[0.2, 0.4, 0.1]_topK20__PseudoGold_positive_1_hard_negative_1_seed0_hybrid_loss_v1prefer_tarc-mllm_pred-hnprefer/ckpt/epoch_model_12_0.7125.pt: Copied (new)
2026/07/14 21:54:25 INFO  : MHC/RAC_tarc_g3mhc/RAC_lr0.0001_Bz64_Ep30_cosSim_triplet_drop[0.2, 0.4, 0.1]_topK20__PseudoGold_positive_1_hard_negative_1_seed0_hybrid_loss_v1prefer_tarc-mllm_pred-hnprefer/ckpt/best_model_26_0.7625.pt: Copied (new)
2026/07/14 21:54:25 INFO  : MHC/RAC_tarc_g3mhc/RAC_lr0.0001_Bz64_Ep30_cosSim_triplet_drop[0.2, 0.4, 0.1]_topK20__PseudoGold_positive_1_hard_negative_1_seed0_hybrid_loss_v1prefer_tarc-mllm_pred-hnprefer/ckpt/best_model_16_0.7375.pt: Copied (new)
2026/07/14 21:54:26 INFO  : MHC/RAC_tarc_g3mhc/RAC_lr0.0001_Bz64_Ep30_cosSim_triplet_drop[0.2, 0.4, 0.1]_topK20__PseudoGold_positive_1_hard_negative_1_seed0_hybrid_loss_v1prefer_tarc-mllm_pred-hnprefer/ckpt/epoch_model_0_0.7125.pt: Copied (new)
2026/07/14 21:54:26 INFO  : MHC/RAC_tarc_g3mhc/RAC_lr0.0001_Bz64_Ep30_cosSim_triplet_drop[0.2, 0.4, 0.1]_topK20__PseudoGold_positive_1_hard_negative_1_seed0_hybrid_loss_v1prefer_tarc-mllm_pred-hnprefer/ckpt/epoch_model_15_0.7125.pt: Copied (new)
2026/07/14 21:54:26 INFO  : MHC/RAC_tarc_g3mhc/RAC_lr0.0001_Bz64_Ep30_cosSim_triplet_drop[0.2, 0.4, 0.1]_topK20__PseudoGold_positive_1_hard_negative_1_seed0_hybrid_loss_v1prefer_tarc-mllm_pred-hnprefer/ckpt/epoch_model_14_0.7125.pt: Copied (new)
2026/07/14 21:54:26 INFO  : MHC/RAC_tarc_g3mhc/RAC_lr0.0001_Bz64_Ep30_cosSim_triplet_drop[0.2, 0.4, 0.1]_topK20__PseudoGold_positive_1_hard_negative_1_seed0_hybrid_loss_v1prefer_tarc-mllm_pred-hnprefer/ckpt/epoch_model_13_0.7.pt: Copied (new)
2026/07/14 21:54:27 INFO  : MHC/RAC_tarc_g3mhc/RAC_lr0.0001_Bz64_Ep30_cosSim_triplet_drop[0.2, 0.4, 0.1]_topK20__PseudoGold_positive_1_hard_negative_1_seed0_hybrid_loss_v1prefer_tarc-mllm_pred-hnprefer/ckpt/best_model_20_0.75.pt: Copied (new)
2026/07/14 21:54:27 INFO  : MHC/RAC_tarc_g3mhc/RAC_lr0.0001_Bz64_Ep30_cosSim_triplet_drop[0.2, 0.4, 0.1]_topK20__PseudoGold_positive_1_hard_negative_1_seed0_hybrid_loss_v1prefer_tarc-mllm_pred-hnprefer/ckpt/epoch_model_18_0.75.pt: Copied (new)
2026/07/14 21:54:27 INFO  : MHC/RAC_tarc_g3mhc/RAC_lr0.0001_Bz64_Ep30_cosSim_triplet_drop[0.2, 0.4, 0.1]_topK20__PseudoGold_positive_1_hard_negative_1_seed0_hybrid_loss_v1prefer_tarc-mllm_pred-hnprefer/ckpt/epoch_model_17_0.7125.pt: Copied (new)
2026/07/14 21:54:27 INFO  : MHC/RAC_tarc_g3mhc/RAC_lr0.0001_Bz64_Ep30_cosSim_triplet_drop[0.2, 0.4, 0.1]_topK20__PseudoGold_positive_1_hard_negative_1_seed1_hybrid_loss_v1prefer_tarc-mllm_pred-hnprefer/ckpt/epoch_model_15_0.6875.pt: Copied (new)
2026/07/14 21:54:28 INFO  : MHC/RAC_tarc_g3mhc/RAC_lr0.0001_Bz64_Ep30_cosSim_triplet_drop[0.2, 0.4, 0.1]_topK20__PseudoGold_positive_1_hard_negative_1_seed0_hybrid_loss_v1prefer_tarc-mllm_pred-hnprefer/ckpt/epoch_model_19_0.75.pt: Copied (new)
2026/07/14 21:54:28 INFO  : MHC/RAC_tarc_g3mhc/RAC_lr0.0001_Bz64_Ep30_cosSim_triplet_drop[0.2, 0.4, 0.1]_topK20__PseudoGold_positive_1_hard_negative_1_seed0_hybrid_loss_v1prefer_tarc-mllm_pred-hnprefer/ckpt/epoch_model_20_0.75.pt: Copied (new)
2026/07/14 21:54:28 INFO  : MHC/RAC_tarc_g3mhc/RAC_lr0.0001_Bz64_Ep30_cosSim_triplet_drop[0.2, 0.4, 0.1]_topK20__PseudoGold_positive_1_hard_negative_1_seed0_hybrid_loss_v1prefer_tarc-mllm_pred-hnprefer/ckpt/epoch_model_1_0.6375.pt: Copied (new)
2026/07/14 21:54:29 INFO  : MHC/RAC_tarc_g3mhc/RAC_lr0.0001_Bz64_Ep30_cosSim_triplet_drop[0.2, 0.4, 0.1]_topK20__PseudoGold_positive_1_hard_negative_1_seed0_hybrid_loss_v1prefer_tarc-mllm_pred-hnprefer/ckpt/epoch_model_22_0.7375.pt: Copied (new)
2026/07/14 21:54:29 INFO  : MHC/RAC_tarc_g3mhc/RAC_lr0.0001_Bz64_Ep30_cosSim_triplet_drop[0.2, 0.4, 0.1]_topK20__PseudoGold_positive_1_hard_negative_1_seed0_hybrid_loss_v1prefer_tarc-mllm_pred-hnprefer/ckpt/epoch_model_24_0.725.pt: Copied (new)
2026/07/14 21:54:30 INFO  : MHC/RAC_tarc_g3mhc/RAC_lr0.0001_Bz64_Ep30_cosSim_triplet_drop[0.2, 0.4, 0.1]_topK20__PseudoGold_positive_1_hard_negative_1_seed0_hybrid_loss_v1prefer_tarc-mllm_pred-hnprefer/ckpt/epoch_model_25_0.75.pt: Copied (new)
2026/07/14 21:54:30 INFO  : MHC/RAC_tarc_g3mhc/RAC_lr0.0001_Bz64_Ep30_cosSim_triplet_drop[0.2, 0.4, 0.1]_topK20__PseudoGold_positive_1_hard_negative_1_seed0_hybrid_loss_v1prefer_tarc-mllm_pred-hnprefer/ckpt/epoch_model_23_0.75.pt: Copied (new)
2026/07/14 21:54:30 INFO  : MHC/RAC_tarc_g3mhc/RAC_lr0.0001_Bz64_Ep30_cosSim_triplet_drop[0.2, 0.4, 0.1]_topK20__PseudoGold_positive_1_hard_negative_1_seed0_hybrid_loss_v1prefer_tarc-mllm_pred-hnprefer/ckpt/epoch_model_16_0.7375.pt: Copied (new)
2026/07/14 21:54:31 INFO  : MHC/RAC_tarc_g3mhc/RAC_lr0.0001_Bz64_Ep30_cosSim_triplet_drop[0.2, 0.4, 0.1]_topK20__PseudoGold_positive_1_hard_negative_1_seed0_hybrid_loss_v1prefer_tarc-mllm_pred-hnprefer/ckpt/epoch_model_27_0.775.pt: Copied (new)
2026/07/14 21:54:31 INFO  : MHC/RAC_tarc_g3mhc/RAC_lr0.0001_Bz64_Ep30_cosSim_triplet_drop[0.2, 0.4, 0.1]_topK20__PseudoGold_positive_1_hard_negative_1_seed0_hybrid_loss_v1prefer_tarc-mllm_pred-hnprefer/ckpt/epoch_model_26_0.7625.pt: Copied (new)
2026/07/14 21:54:31 INFO  : MHC/RAC_tarc_g3mhc/RAC_lr0.0001_Bz64_Ep30_cosSim_triplet_drop[0.2, 0.4, 0.1]_topK20__PseudoGold_positive_1_hard_negative_1_seed0_hybrid_loss_v1prefer_tarc-mllm_pred-hnprefer/ckpt/epoch_model_28_0.7625.pt: Copied (new)
2026/07/14 21:54:31 INFO  : MHC/RAC_tarc_g3mhc/RAC_lr0.0001_Bz64_Ep30_cosSim_triplet_drop[0.2, 0.4, 0.1]_topK20__PseudoGold_positive_1_hard_negative_1_seed0_hybrid_loss_v1prefer_tarc-mllm_pred-hnprefer/ckpt/epoch_model_2_0.7.pt: Copied (new)
2026/07/14 21:54:32 INFO  : MHC/RAC_tarc_g3mhc/RAC_lr0.0001_Bz64_Ep30_cosSim_triplet_drop[0.2, 0.4, 0.1]_topK20__PseudoGold_positive_1_hard_negative_1_seed0_hybrid_loss_v1prefer_tarc-mllm_pred-hnprefer/ckpt/epoch_model_29_0.7375.pt: Copied (new)
2026/07/14 21:54:32 INFO  : MHC/RAC_tarc_g3mhc/RAC_lr0.0001_Bz64_Ep30_cosSim_triplet_drop[0.2, 0.4, 0.1]_topK20__PseudoGold_positive_1_hard_negative_1_seed0_hybrid_loss_v1prefer_tarc-mllm_pred-hnprefer/ckpt/epoch_model_3_0.6625.pt: Copied (new)
2026/07/14 21:54:33 INFO  : MHC/RAC_tarc_g3mhc/RAC_lr0.0001_Bz64_Ep30_cosSim_triplet_drop[0.2, 0.4, 0.1]_topK20__PseudoGold_positive_1_hard_negative_1_seed0_hybrid_loss_v1prefer_tarc-mllm_pred-hnprefer/ckpt/epoch_model_7_0.6625.pt: Copied (new)
2026/07/14 21:54:33 INFO  : MHC/RAC_tarc_g3mhc/RAC_lr0.0001_Bz64_Ep30_cosSim_triplet_drop[0.2, 0.4, 0.1]_topK20__PseudoGold_positive_1_hard_negative_1_seed0_hybrid_loss_v1prefer_tarc-mllm_pred-hnprefer/ckpt/epoch_model_8_0.725.pt: Copied (new)
2026/07/14 21:54:33 INFO  : MHC/RAC_tarc_g3mhc/RAC_lr0.0001_Bz64_Ep30_cosSim_triplet_drop[0.2, 0.4, 0.1]_topK20__PseudoGold_positive_1_hard_negative_1_seed0_hybrid_loss_v1prefer_tarc-mllm_pred-hnprefer/ckpt/epoch_model_5_0.7.pt: Copied (new)
2026/07/14 21:54:34 INFO  : MHC/RAC_tarc_g3mhc/RAC_lr0.0001_Bz64_Ep30_cosSim_triplet_drop[0.2, 0.4, 0.1]_topK20__PseudoGold_positive_1_hard_negative_1_seed0_hybrid_loss_v1prefer_tarc-mllm_pred-hnprefer/ckpt/epoch_model_6_0.7125.pt: Copied (new)
2026/07/14 21:54:34 INFO  : MHC/RAC_tarc_g3mhc/RAC_lr0.0001_Bz64_Ep30_cosSim_triplet_drop[0.2, 0.4, 0.1]_topK20__PseudoGold_positive_1_hard_negative_1_seed0_hybrid_loss_v1prefer_tarc-mllm_pred-hnprefer/ckpt/epoch_model_9_0.7125.pt: Copied (new)
2026/07/14 21:54:34 INFO  : 
Transferred:   	    3.109 GiB / 60.889 GiB, 5%, 52.027 MiB/s, ETA 18m57s
Checks:                 0 / 0, -, Listed 2905
Transferred:          155 / 2277, 7%
Elapsed time:        59.9s
Transferring:
 * MHC/RAC_tarc_g3mhc/RAC…epoch_model_21_0.75.pt:100% /19.028Mi, 2.718Mi/s, 0s
 * MHC/RAC_tarc_g3mhc/RAC…poch_model_4_0.6875.pt:100% /19.028Mi, 4.757Mi/s, 0s
 * MHC/RAC_tarc_g3mhc/RAC…ast_model_29_0.7375.pt: 94% /19.028Mi, 8.950Mi/s, 0s
 * MHC/RAC_tarc_g3mhc/RAC…t/epoch_model_3_0.7.pt: 85% /19.028Mi, 15.276Mi/s, 0s
 * MHC/RAC_tarc_g3mhc/RAC…poch_model_4_0.6875.pt:100% /19.028Mi, 17.464Mi/s, 0s
 * MHC/RAC_tarc_g3mhc/RAC…epoch_model_5_0.675.pt:100% /19.028Mi, 16.995Mi/s, 0s
 * MHC/RAC_tarc_g3mhc/RAC…poch_model_6_0.6875.pt: 75% /19.028Mi, 0/s, -
 * MHC/RAC_tarc_g3mhc/RAC…t/epoch_model_7_0.7.pt: 24% /19.028Mi, 0/s, -

2026/07/14 21:54:35 INFO  : MHC/RAC_tarc_g3mhc/RAC_lr0.0001_Bz64_Ep30_cosSim_triplet_drop[0.2, 0.4, 0.1]_topK20__PseudoGold_positive_1_hard_negative_1_seed1_hybrid_loss_v1prefer_tarc-mllm_pred-hnprefer/ckpt/epoch_model_4_0.6875.pt: Copied (new)
2026/07/14 21:54:35 INFO  : MHC/RAC_tarc_g3mhc/RAC_lr0.0001_Bz64_Ep30_cosSim_triplet_drop[0.2, 0.4, 0.1]_topK20__PseudoGold_positive_1_hard_negative_1_seed1_hybrid_loss_v1prefer_tarc-mllm_pred-hnprefer/ckpt/epoch_model_5_0.675.pt: Copied (new)
2026/07/14 21:54:36 INFO  : MHC/RAC_tarc_g3mhc/RAC_lr0.0001_Bz64_Ep30_cosSim_triplet_drop[0.2, 0.4, 0.1]_topK20__PseudoGold_positive_1_hard_negative_1_seed1_hybrid_loss_v1prefer_tarc-mllm_pred-hnprefer/ckpt/epoch_model_3_0.7.pt: Copied (new)
2026/07/14 21:54:36 INFO  : MHC/RAC_tarc_g3mhc/RAC_lr0.0001_Bz64_Ep30_cosSim_triplet_drop[0.2, 0.4, 0.1]_topK20__PseudoGold_positive_1_hard_negative_1_seed0_hybrid_loss_v1prefer_tarc-mllm_pred-hnprefer/ckpt/epoch_model_21_0.75.pt: Copied (new)
2026/07/14 21:54:36 INFO  : MHC/RAC_tarc_g3mhc/RAC_lr0.0001_Bz64_Ep30_cosSim_triplet_drop[0.2, 0.4, 0.1]_topK20__PseudoGold_positive_1_hard_negative_1_seed0_hybrid_loss_v1prefer_tarc-mllm_pred-hnprefer/ckpt/epoch_model_4_0.6875.pt: Copied (new)
2026/07/14 21:54:36 INFO  : MHC/RAC_tarc_g3mhc/RAC_lr0.0001_Bz64_Ep30_cosSim_triplet_drop[0.2, 0.4, 0.1]_topK20__PseudoGold_positive_1_hard_negative_1_seed1_hybrid_loss_v1prefer_tarc-mllm_pred-hnprefer/ckpt/epoch_model_6_0.6875.pt: Copied (new)
2026/07/14 21:54:36 INFO  : MHC/RAC_tarc_g3mhc/RAC_lr0.0001_Bz64_Ep30_cosSim_triplet_drop[0.2, 0.4, 0.1]_topK20__PseudoGold_positive_1_hard_negative_1_seed1_hybrid_loss_v1prefer_tarc-mllm_pred-hnprefer/ckpt/epoch_model_7_0.7.pt: Copied (new)
2026/07/14 21:54:36 INFO  : MHC/RAC_tarc_g3mhc/RAC_lr0.0001_Bz64_Ep30_cosSim_triplet_drop[0.2, 0.4, 0.1]_topK20__PseudoGold_positive_1_hard_negative_1_seed1_hybrid_loss_v1prefer_tarc-mllm_pred-hnprefer/ckpt/epoch_model_8_0.7.pt: Copied (new)
2026/07/14 21:54:37 INFO  : MHC/RAC_tarc_g3mhc/RAC_lr0.0001_Bz64_Ep30_cosSim_triplet_drop[0.2, 0.4, 0.1]_topK20__PseudoGold_positive_1_hard_negative_1_seed1_hybrid_loss_v1prefer_tarc-mllm_pred-hnprefer/ckpt/epoch_model_9_0.7.pt: Copied (new)
2026/07/14 21:54:37 INFO  : MHC/RAC_tarc_g3mhc/RAC_lr0.0001_Bz64_Ep30_cosSim_triplet_drop[0.2, 0.4, 0.1]_topK20__PseudoGold_positive_1_hard_negative_1_seed1_hybrid_loss_v1prefer_tarc-mllm_pred-hnprefer/ckpt/last_model_29_0.725.pt: Copied (new)
2026/07/14 21:54:38 INFO  : HateMM/RAC_tarc_g1/RAC_lr0.0001_Bz64_Ep30_cosSim_triplet_drop[0.2, 0.4, 0.1]_topK20__PseudoGold_positive_1_hard_negative_1_seed0_hybrid_loss_v2vg0.5_tarc-gt_oracle-vg0.5_ORACLE_CEILING/ckpt/epoch_model_10_0.822429906542056.pt: Copied (new)
2026/07/14 21:54:38 INFO  : HateMM/RAC_tarc_g1/RAC_lr0.0001_Bz64_Ep30_cosSim_triplet_drop[0.2, 0.4, 0.1]_topK20__PseudoGold_positive_1_hard_negative_1_seed0_hybrid_loss_v2vg0.5_tarc-gt_oracle-vg0.5_ORACLE_CEILING/ckpt/epoch_model_11_0.8130841121495327.pt: Copied (new)
2026/07/14 21:54:38 INFO  : HateMM/RAC_tarc_g1/RAC_lr0.0001_Bz64_Ep30_cosSim_triplet_drop[0.2, 0.4, 0.1]_topK20__PseudoGold_positive_1_hard_negative_1_seed0_hybrid_loss_v2vg0.5_tarc-gt_oracle-vg0.5_ORACLE_CEILING/ckpt/epoch_model_12_0.7850467289719626.pt: Copied (new)
2026/07/14 21:54:39 INFO  : HateMM/RAC_tarc_g1/RAC_lr0.0001_Bz64_Ep30_cosSim_triplet_drop[0.2, 0.4, 0.1]_topK20__PseudoGold_positive_1_hard_negative_1_seed0_hybrid_loss_v2vg0.5_tarc-gt_oracle-vg0.5_ORACLE_CEILING/ckpt/epoch_model_13_0.8411214953271028.pt: Copied (new)
2026/07/14 21:54:39 INFO  : HateMM/RAC_tarc_g1/RAC_lr0.0001_Bz64_Ep30_cosSim_triplet_drop[0.2, 0.4, 0.1]_topK20__PseudoGold_positive_1_hard_negative_1_seed0_hybrid_loss_v2vg0.5_tarc-gt_oracle-vg0.5_ORACLE_CEILING/ckpt/epoch_model_14_0.8130841121495327.pt: Copied (new)
2026/07/14 21:54:40 INFO  : HateMM/RAC_tarc_g1/RAC_lr0.0001_Bz64_Ep30_cosSim_triplet_drop[0.2, 0.4, 0.1]_topK20__PseudoGold_positive_1_hard_negative_1_seed0_hybrid_loss_v2vg0.5_tarc-gt_oracle-vg0.5_ORACLE_CEILING/ckpt/epoch_model_16_0.8037383177570093.pt: Copied (new)
2026/07/14 21:54:41 INFO  : HateMM/RAC_tarc_g1/RAC_lr0.0001_Bz64_Ep30_cosSim_triplet_drop[0.2, 0.4, 0.1]_topK20__PseudoGold_positive_1_hard_negative_1_seed0_hybrid_loss_v2vg0.5_tarc-gt_oracle-vg0.5_ORACLE_CEILING/ckpt/epoch_model_15_0.822429906542056.pt: Copied (new)
2026/07/14 21:54:41 INFO  : HateMM/RAC_tarc_g1/RAC_lr0.0001_Bz64_Ep30_cosSim_triplet_drop[0.2, 0.4, 0.1]_topK20__PseudoGold_positive_1_hard_negative_1_seed0_hybrid_loss_v2vg1.0_tarc-gt_oracle-vg1.0_ORACLE_CEILING/ckpt/best_model_5_0.8504672897196262.pt: Copied (new)
2026/07/14 21:54:41 INFO  : HateMM/RAC_tarc_g1/RAC_lr0.0001_Bz64_Ep30_cosSim_triplet_drop[0.2, 0.4, 0.1]_topK20__PseudoGold_positive_1_hard_negative_1_seed0_hybrid_loss_v2vg0.5_tarc-gt_oracle-vg0.5_ORACLE_CEILING/ckpt/epoch_model_0_0.8317757009345794.pt: Copied (new)
2026/07/14 21:54:42 INFO  : HateMM/RAC_tarc_g1/RAC_lr0.0001_Bz64_Ep30_cosSim_triplet_drop[0.2, 0.4, 0.1]_topK20__PseudoGold_positive_1_hard_negative_1_seed0_hybrid_loss_v2vg1.0_tarc-gt_oracle-vg1.0_ORACLE_CEILING/ckpt/epoch_model_0_0.8504672897196262.pt: Copied (new)
2026/07/14 21:54:42 INFO  : HateMM/c1settle/RAC_lr0.0001_Bz64_Ep30_cosSim_triplet_drop[0.2, 0.4, 0.1]_topK20__PseudoGold_positive_1_hard_negative_1_seed0_hybrid_loss_c1settle_hatemm_s0/ckpt/best_model_9_0.8317757009345794.pt: Copied (new)
2026/07/14 21:54:42 INFO  : HateMM/c1settle/RAC_lr0.0001_Bz64_Ep30_cosSim_triplet_drop[0.2, 0.4, 0.1]_topK20__PseudoGold_positive_1_hard_negative_1_seed0_hybrid_loss_c1settle_hatemm_s0/ckpt/epoch_model_0_0.8411214953271028.pt: Copied (new)
2026/07/14 21:54:43 INFO  : HateMM/RAC_tarc_g1/RAC_lr0.0001_Bz64_Ep30_cosSim_triplet_drop[0.2, 0.4, 0.1]_topK20__PseudoGold_positive_1_hard_negative_1_seed0_hybrid_loss_v2vg1.0_tarc-gt_oracle-vg1.0_ORACLE_CEILING/ckpt/epoch_model_11_0.8411214953271028.pt: Copied (new)
2026/07/14 21:54:43 INFO  : HateMM/RAC_tarc_g1/RAC_lr0.0001_Bz64_Ep30_cosSim_triplet_drop[0.2, 0.4, 0.1]_topK20__PseudoGold_positive_1_hard_negative_1_seed0_hybrid_loss_v2vg0.5_tarc-gt_oracle-vg0.5_ORACLE_CEILING/ckpt/best_model_5_0.8504672897196262.pt: Copied (new)
2026/07/14 21:54:44 INFO  : HateMM/RAC_tarc_g1/RAC_lr0.0001_Bz64_Ep30_cosSim_triplet_drop[0.2, 0.4, 0.1]_topK20__PseudoGold_positive_1_hard_negative_1_seed0_hybrid_loss_v2vg1.0_tarc-gt_oracle-vg1.0_ORACLE_CEILING/ckpt/epoch_model_13_0.8411214953271028.pt: Copied (new)
2026/07/14 21:54:44 INFO  : HateMM/RAC_tarc_g1/RAC_lr0.0001_Bz64_Ep30_cosSim_triplet_drop[0.2, 0.4, 0.1]_topK20__PseudoGold_positive_1_hard_negative_1_seed0_hybrid_loss_v2vg1.0_tarc-gt_oracle-vg1.0_ORACLE_CEILING/ckpt/epoch_model_10_0.822429906542056.pt: Copied (new)
2026/07/14 21:54:44 INFO  : MHC/RAC_tarc_g3mhc/RAC_lr0.0001_Bz64_Ep30_cosSim_triplet_drop[0.2, 0.4, 0.1]_topK20__PseudoGold_positive_1_hard_negative_1_seed0_hybrid_loss_v1prefer_tarc-mllm_pred-hnprefer/ckpt/last_model_29_0.7375.pt: Copied (new)
2026/07/14 21:54:44 INFO  : HateMM/RAC_tarc_g1/RAC_lr0.0001_Bz64_Ep30_cosSim_triplet_drop[0.2, 0.4, 0.1]_topK20__PseudoGold_positive_1_hard_negative_1_seed0_hybrid_loss_v2vg1.0_tarc-gt_oracle-vg1.0_ORACLE_CEILING/ckpt/epoch_model_14_0.8130841121495327.pt: Copied (new)
2026/07/14 21:54:44 INFO  : HateMM/RAC_tarc_g1/RAC_lr0.0001_Bz64_Ep30_cosSim_triplet_drop[0.2, 0.4, 0.1]_topK20__PseudoGold_positive_1_hard_negative_1_seed0_hybrid_loss_v2vg1.0_tarc-gt_oracle-vg1.0_ORACLE_CEILING/ckpt/epoch_model_15_0.8317757009345794.pt: Copied (new)
2026/07/14 21:54:45 INFO  : HateMM/RAC_tarc_g1/RAC_lr0.0001_Bz64_Ep30_cosSim_triplet_drop[0.2, 0.4, 0.1]_topK20__PseudoGold_positive_1_hard_negative_1_seed0_hybrid_loss_v2vg1.0_tarc-gt_oracle-vg1.0_ORACLE_CEILING/ckpt/epoch_model_16_0.794392523364486.pt: Copied (new)
2026/07/14 21:54:46 INFO  : HateMM/RAC_tarc_g1/RAC_lr0.0001_Bz64_Ep30_cosSim_triplet_drop[0.2, 0.4, 0.1]_topK20__PseudoGold_positive_1_hard_negative_1_seed0_hybrid_loss_v2vg1.0_tarc-gt_oracle-vg1.0_ORACLE_CEILING/ckpt/epoch_model_18_0.8037383177570093.pt: Copied (new)
2026/07/14 21:54:46 INFO  : HateMM/RAC_tarc_g1/RAC_lr0.0001_Bz64_Ep30_cosSim_triplet_drop[0.2, 0.4, 0.1]_topK20__PseudoGold_positive_1_hard_negative_1_seed0_hybrid_loss_v2vg1.0_tarc-gt_oracle-vg1.0_ORACLE_CEILING/ckpt/epoch_model_20_0.8130841121495327.pt: Copied (new)
2026/07/14 21:54:46 INFO  : HateMM/RAC_tarc_g1/RAC_lr0.0001_Bz64_Ep30_cosSim_triplet_drop[0.2, 0.4, 0.1]_topK20__PseudoGold_positive_1_hard_negative_1_seed0_hybrid_loss_v2vg1.0_tarc-gt_oracle-vg1.0_ORACLE_CEILING/ckpt/epoch_model_19_0.8037383177570093.pt: Copied (new)
2026/07/14 21:54:47 INFO  : HateMM/RAC_tarc_g1/RAC_lr0.0001_Bz64_Ep30_cosSim_triplet_drop[0.2, 0.4, 0.1]_topK20__PseudoGold_positive_1_hard_negative_1_seed0_hybrid_loss_v2vg1.0_tarc-gt_oracle-vg1.0_ORACLE_CEILING/ckpt/epoch_model_12_0.8130841121495327.pt: Copied (new)
2026/07/14 21:54:47 INFO  : HateMM/RAC_tarc_g1/RAC_lr0.0001_Bz64_Ep30_cosSim_triplet_drop[0.2, 0.4, 0.1]_topK20__PseudoGold_positive_1_hard_negative_1_seed0_hybrid_loss_v2vg1.0_tarc-gt_oracle-vg1.0_ORACLE_CEILING/ckpt/epoch_model_21_0.8317757009345794.pt: Copied (new)
2026/07/14 21:54:47 INFO  : HateMM/RAC_tarc_g1/RAC_lr0.0001_Bz64_Ep30_cosSim_triplet_drop[0.2, 0.4, 0.1]_topK20__PseudoGold_positive_1_hard_negative_1_seed0_hybrid_loss_v2vg1.0_tarc-gt_oracle-vg1.0_ORACLE_CEILING/ckpt/epoch_model_24_0.8411214953271028.pt: Copied (new)
2026/07/14 21:54:48 INFO  : HateMM/RAC_tarc_g1/RAC_lr0.0001_Bz64_Ep30_cosSim_triplet_drop[0.2, 0.4, 0.1]_topK20__PseudoGold_positive_1_hard_negative_1_seed0_hybrid_loss_v2vg1.0_tarc-gt_oracle-vg1.0_ORACLE_CEILING/ckpt/epoch_model_17_0.8037383177570093.pt: Copied (new)
2026/07/14 21:54:48 INFO  : HateMM/RAC_tarc_g1/RAC_lr0.0001_Bz64_Ep30_cosSim_triplet_drop[0.2, 0.4, 0.1]_topK20__PseudoGold_positive_1_hard_negative_1_seed0_hybrid_loss_v2vg1.0_tarc-gt_oracle-vg1.0_ORACLE_CEILING/ckpt/epoch_model_22_0.8411214953271028.pt: Copied (new)
2026/07/14 21:54:48 INFO  : HateMM/RAC_tarc_g1/RAC_lr0.0001_Bz64_Ep30_cosSim_triplet_drop[0.2, 0.4, 0.1]_topK20__PseudoGold_positive_1_hard_negative_1_seed0_hybrid_loss_v2vg1.0_tarc-gt_oracle-vg1.0_ORACLE_CEILING/ckpt/epoch_model_23_0.8317757009345794.pt: Copied (new)
2026/07/14 21:54:48 INFO  : HateMM/RAC_tarc_g1/RAC_lr0.0001_Bz64_Ep30_cosSim_triplet_drop[0.2, 0.4, 0.1]_topK20__PseudoGold_positive_1_hard_negative_1_seed0_hybrid_loss_v2vg1.0_tarc-gt_oracle-vg1.0_ORACLE_CEILING/ckpt/epoch_model_1_0.8411214953271028.pt: Copied (new)
2026/07/14 21:54:49 INFO  : HateMM/RAC_tarc_g1/RAC_lr0.0001_Bz64_Ep30_cosSim_triplet_drop[0.2, 0.4, 0.1]_topK20__PseudoGold_positive_1_hard_negative_1_seed0_hybrid_loss_v2vg1.0_tarc-gt_oracle-vg1.0_ORACLE_CEILING/ckpt/epoch_model_28_0.8037383177570093.pt: Copied (new)
2026/07/14 21:54:49 INFO  : HateMM/RAC_tarc_g1/RAC_lr0.0001_Bz64_Ep30_cosSim_triplet_drop[0.2, 0.4, 0.1]_topK20__PseudoGold_positive_1_hard_negative_1_seed0_hybrid_loss_v2vg1.0_tarc-gt_oracle-vg1.0_ORACLE_CEILING/ckpt/epoch_model_27_0.8037383177570093.pt: Copied (new)
2026/07/14 21:54:49 INFO  : HateMM/RAC_tarc_g1/RAC_lr0.0001_Bz64_Ep30_cosSim_triplet_drop[0.2, 0.4, 0.1]_topK20__PseudoGold_positive_1_hard_negative_1_seed0_hybrid_loss_v2vg1.0_tarc-gt_oracle-vg1.0_ORACLE_CEILING/ckpt/epoch_model_25_0.794392523364486.pt: Copied (new)
2026/07/14 21:54:50 INFO  : HateMM/RAC_tarc_g1/RAC_lr0.0001_Bz64_Ep30_cosSim_triplet_drop[0.2, 0.4, 0.1]_topK20__PseudoGold_positive_1_hard_negative_1_seed0_hybrid_loss_v2vg1.0_tarc-gt_oracle-vg1.0_ORACLE_CEILING/ckpt/epoch_model_2_0.8504672897196262.pt: Copied (new)
2026/07/14 21:54:50 INFO  : HateMM/RAC_tarc_g1/RAC_lr0.0001_Bz64_Ep30_cosSim_triplet_drop[0.2, 0.4, 0.1]_topK20__PseudoGold_positive_1_hard_negative_1_seed0_hybrid_loss_v2vg1.0_tarc-gt_oracle-vg1.0_ORACLE_CEILING/ckpt/epoch_model_3_0.8504672897196262.pt: Copied (new)
2026/07/14 21:54:50 INFO  : HateMM/RAC_tarc_g1/RAC_lr0.0001_Bz64_Ep30_cosSim_triplet_drop[0.2, 0.4, 0.1]_topK20__PseudoGold_positive_1_hard_negative_1_seed0_hybrid_loss_v2vg1.0_tarc-gt_oracle-vg1.0_ORACLE_CEILING/ckpt/epoch_model_4_0.8504672897196262.pt: Copied (new)
2026/07/14 21:54:51 INFO  : HateMM/RAC_tarc_g1/RAC_lr0.0001_Bz64_Ep30_cosSim_triplet_drop[0.2, 0.4, 0.1]_topK20__PseudoGold_positive_1_hard_negative_1_seed0_hybrid_loss_v2vg1.0_tarc-gt_oracle-vg1.0_ORACLE_CEILING/ckpt/epoch_model_29_0.794392523364486.pt: Copied (new)
2026/07/14 21:54:51 INFO  : HateMM/RAC_tarc_g1/RAC_lr0.0001_Bz64_Ep30_cosSim_triplet_drop[0.2, 0.4, 0.1]_topK20__PseudoGold_positive_1_hard_negative_1_seed0_hybrid_loss_v2vg1.0_tarc-gt_oracle-vg1.0_ORACLE_CEILING/ckpt/epoch_model_5_0.8504672897196262.pt: Copied (new)
2026/07/14 21:54:51 INFO  : HateMM/RAC_tarc_g1/RAC_lr0.0001_Bz64_Ep30_cosSim_triplet_drop[0.2, 0.4, 0.1]_topK20__PseudoGold_positive_1_hard_negative_1_seed0_hybrid_loss_v2vg1.0_tarc-gt_oracle-vg1.0_ORACLE_CEILING/ckpt/epoch_model_26_0.8037383177570093.pt: Copied (new)
2026/07/14 21:54:51 INFO  : HateMM/RAC_tarc_g1/RAC_lr0.0001_Bz64_Ep30_cosSim_triplet_drop[0.2, 0.4, 0.1]_topK20__PseudoGold_positive_1_hard_negative_1_seed0_hybrid_loss_v2vg1.0_tarc-gt_oracle-vg1.0_ORACLE_CEILING/ckpt/epoch_model_9_0.8411214953271028.pt: Copied (new)
2026/07/14 21:54:52 INFO  : HateMM/RAC_tarc_g1/RAC_lr0.0001_Bz64_Ep30_cosSim_triplet_drop[0.2, 0.4, 0.1]_topK20__PseudoGold_positive_1_hard_negative_1_seed0_hybrid_loss_v2vg1.0_tarc-gt_oracle-vg1.0_ORACLE_CEILING/ckpt/epoch_model_6_0.8317757009345794.pt: Copied (new)
2026/07/14 21:54:53 INFO  : HateMM/RAC_tarc_g1/RAC_lr0.0001_Bz64_Ep30_cosSim_triplet_drop[0.2, 0.4, 0.1]_topK20__PseudoGold_positive_1_hard_negative_1_seed0_hybrid_loss_v3lt0.5_tarc-gt_oracle-lt0.5_ORACLE_CEILING/ckpt/best_model_29_0.8037383177570093.pt: Copied (new)
2026/07/14 21:54:53 INFO  : HateMM/RAC_tarc_g1/RAC_lr0.0001_Bz64_Ep30_cosSim_triplet_drop[0.2, 0.4, 0.1]_topK20__PseudoGold_positive_1_hard_negative_1_seed0_hybrid_loss_v3lt0.5_tarc-gt_oracle-lt0.5_ORACLE_CEILING/ckpt/best_model_27_0.8037383177570093.pt: Copied (new)
2026/07/14 21:54:53 INFO  : HateMM/RAC_tarc_g1/RAC_lr0.0001_Bz64_Ep30_cosSim_triplet_drop[0.2, 0.4, 0.1]_topK20__PseudoGold_positive_1_hard_negative_1_seed0_hybrid_loss_v2vg1.0_tarc-gt_oracle-vg1.0_ORACLE_CEILING/ckpt/epoch_model_7_0.8411214953271028.pt: Copied (new)
2026/07/14 21:54:53 INFO  : HateMM/RAC_tarc_g1/RAC_lr0.0001_Bz64_Ep30_cosSim_triplet_drop[0.2, 0.4, 0.1]_topK20__PseudoGold_positive_1_hard_negative_1_seed0_hybrid_loss_v3lt0.5_tarc-gt_oracle-lt0.5_ORACLE_CEILING/ckpt/best_model_5_0.794392523364486.pt: Copied (new)
2026/07/14 21:54:53 INFO  : HateMM/RAC_tarc_g1/RAC_lr0.0001_Bz64_Ep30_cosSim_triplet_drop[0.2, 0.4, 0.1]_topK20__PseudoGold_positive_1_hard_negative_1_seed0_hybrid_loss_v2vg1.0_tarc-gt_oracle-vg1.0_ORACLE_CEILING/ckpt/last_model_29_0.794392523364486.pt: Copied (new)
2026/07/14 21:54:54 INFO  : HateMM/RAC_tarc_g1/RAC_lr0.0001_Bz64_Ep30_cosSim_triplet_drop[0.2, 0.4, 0.1]_topK20__PseudoGold_positive_1_hard_negative_1_seed0_hybrid_loss_v3lt0.5_tarc-gt_oracle-lt0.5_ORACLE_CEILING/ckpt/epoch_model_0_0.7663551401869159.pt: Copied (new)
2026/07/14 21:54:54 INFO  : HateMM/RAC_tarc_g1/RAC_lr0.0001_Bz64_Ep30_cosSim_triplet_drop[0.2, 0.4, 0.1]_topK20__PseudoGold_positive_1_hard_negative_1_seed0_hybrid_loss_v2vg1.0_tarc-gt_oracle-vg1.0_ORACLE_CEILING/ckpt/epoch_model_8_0.8317757009345794.pt: Copied (new)
2026/07/14 21:54:55 INFO  : HateMM/RAC_tarc_g1/RAC_lr0.0001_Bz64_Ep30_cosSim_triplet_drop[0.2, 0.4, 0.1]_topK20__PseudoGold_positive_1_hard_negative_1_seed0_hybrid_loss_v3lt0.5_tarc-gt_oracle-lt0.5_ORACLE_CEILING/ckpt/epoch_model_10_0.7663551401869159.pt: Copied (new)
2026/07/14 21:54:55 INFO  : HateMM/RAC_tarc_g1/RAC_lr0.0001_Bz64_Ep30_cosSim_triplet_drop[0.2, 0.4, 0.1]_topK20__PseudoGold_positive_1_hard_negative_1_seed0_hybrid_loss_v3lt0.5_tarc-gt_oracle-lt0.5_ORACLE_CEILING/ckpt/epoch_model_13_0.7570093457943925.pt: Copied (new)
2026/07/14 21:54:55 INFO  : HateMM/RAC_tarc_g1/RAC_lr0.0001_Bz64_Ep30_cosSim_triplet_drop[0.2, 0.4, 0.1]_topK20__PseudoGold_positive_1_hard_negative_1_seed0_hybrid_loss_v3lt0.5_tarc-gt_oracle-lt0.5_ORACLE_CEILING/ckpt/epoch_model_12_0.7757009345794392.pt: Copied (new)
2026/07/14 21:54:56 INFO  : HateMM/RAC_tarc_g1/RAC_lr0.0001_Bz64_Ep30_cosSim_triplet_drop[0.2, 0.4, 0.1]_topK20__PseudoGold_positive_1_hard_negative_1_seed0_hybrid_loss_v3lt0.5_tarc-gt_oracle-lt0.5_ORACLE_CEILING/ckpt/epoch_model_14_0.7663551401869159.pt: Copied (new)
2026/07/14 21:54:56 INFO  : HateMM/RAC_tarc_g1/RAC_lr0.0001_Bz64_Ep30_cosSim_triplet_drop[0.2, 0.4, 0.1]_topK20__PseudoGold_positive_1_hard_negative_1_seed0_hybrid_loss_v3lt0.5_tarc-gt_oracle-lt0.5_ORACLE_CEILING/ckpt/epoch_model_16_0.7570093457943925.pt: Copied (new)
2026/07/14 21:54:56 INFO  : HateMM/RAC_tarc_g1/RAC_lr0.0001_Bz64_Ep30_cosSim_triplet_drop[0.2, 0.4, 0.1]_topK20__PseudoGold_positive_1_hard_negative_1_seed0_hybrid_loss_v3lt0.5_tarc-gt_oracle-lt0.5_ORACLE_CEILING/ckpt/epoch_model_11_0.7757009345794392.pt: Copied (new)
2026/07/14 21:54:56 INFO  : HateMM/RAC_tarc_g1/RAC_lr0.0001_Bz64_Ep30_cosSim_triplet_drop[0.2, 0.4, 0.1]_topK20__PseudoGold_positive_1_hard_negative_1_seed0_hybrid_loss_v3lt0.5_tarc-gt_oracle-lt0.5_ORACLE_CEILING/ckpt/epoch_model_17_0.7663551401869159.pt: Copied (new)
2026/07/14 21:54:57 INFO  : HateMM/RAC_tarc_g1/RAC_lr0.0001_Bz64_Ep30_cosSim_triplet_drop[0.2, 0.4, 0.1]_topK20__PseudoGold_positive_1_hard_negative_1_seed0_hybrid_loss_v3lt0.5_tarc-gt_oracle-lt0.5_ORACLE_CEILING/ckpt/best_model_8_0.8037383177570093.pt: Copied (new)
2026/07/14 21:54:57 INFO  : HateMM/RAC_tarc_g1/RAC_lr0.0001_Bz64_Ep30_cosSim_triplet_drop[0.2, 0.4, 0.1]_topK20__PseudoGold_positive_1_hard_negative_1_seed0_hybrid_loss_v3lt0.5_tarc-gt_oracle-lt0.5_ORACLE_CEILING/ckpt/epoch_model_15_0.7476635514018691.pt: Copied (new)
2026/07/14 21:54:57 INFO  : HateMM/RAC_tarc_g1/RAC_lr0.0001_Bz64_Ep30_cosSim_triplet_drop[0.2, 0.4, 0.1]_topK20__PseudoGold_positive_1_hard_negative_1_seed0_hybrid_loss_v3lt0.5_tarc-gt_oracle-lt0.5_ORACLE_CEILING/ckpt/epoch_model_18_0.7663551401869159.pt: Copied (new)
2026/07/14 21:54:58 INFO  : HateMM/RAC_tarc_g1/RAC_lr0.0001_Bz64_Ep30_cosSim_triplet_drop[0.2, 0.4, 0.1]_topK20__PseudoGold_positive_1_hard_negative_1_seed0_hybrid_loss_v3lt0.5_tarc-gt_oracle-lt0.5_ORACLE_CEILING/ckpt/epoch_model_20_0.794392523364486.pt: Copied (new)
2026/07/14 21:54:58 INFO  : HateMM/RAC_tarc_g1/RAC_lr0.0001_Bz64_Ep30_cosSim_triplet_drop[0.2, 0.4, 0.1]_topK20__PseudoGold_positive_1_hard_negative_1_seed0_hybrid_loss_v3lt0.5_tarc-gt_oracle-lt0.5_ORACLE_CEILING/ckpt/epoch_model_22_0.7850467289719626.pt: Copied (new)
2026/07/14 21:54:58 INFO  : HateMM/RAC_tarc_g1/RAC_lr0.0001_Bz64_Ep30_cosSim_triplet_drop[0.2, 0.4, 0.1]_topK20__PseudoGold_positive_1_hard_negative_1_seed0_hybrid_loss_v3lt0.5_tarc-gt_oracle-lt0.5_ORACLE_CEILING/ckpt/epoch_model_19_0.7757009345794392.pt: Copied (new)
2026/07/14 21:54:59 INFO  : HateMM/RAC_tarc_g1/RAC_lr0.0001_Bz64_Ep30_cosSim_triplet_drop[0.2, 0.4, 0.1]_topK20__PseudoGold_positive_1_hard_negative_1_seed0_hybrid_loss_v3lt0.5_tarc-gt_oracle-lt0.5_ORACLE_CEILING/ckpt/epoch_model_21_0.7850467289719626.pt: Copied (new)
2026/07/14 21:54:59 INFO  : HateMM/RAC_tarc_g1/RAC_lr0.0001_Bz64_Ep30_cosSim_triplet_drop[0.2, 0.4, 0.1]_topK20__PseudoGold_positive_1_hard_negative_1_seed1_hybrid_loss_v1prefer_tarc-gt_oracle-hnprefer_ORACLE_CEILING/ckpt/best_model_12_0.8317757009345794.pt: Copied (new)
2026/07/14 21:54:59 INFO  : HateMM/RAC_tarc_g1/RAC_lr0.0001_Bz64_Ep30_cosSim_triplet_drop[0.2, 0.4, 0.1]_topK20__PseudoGold_positive_1_hard_negative_1_seed0_hybrid_loss_v3lt0.5_tarc-gt_oracle-lt0.5_ORACLE_CEILING/ckpt/epoch_model_24_0.7757009345794392.pt: Copied (new)
2026/07/14 21:55:00 INFO  : HateMM/RAC_tarc_g1/RAC_lr0.0001_Bz64_Ep30_cosSim_triplet_drop[0.2, 0.4, 0.1]_topK20__PseudoGold_positive_1_hard_negative_1_seed1_hybrid_loss_v1prefer_tarc-gt_oracle-hnprefer_ORACLE_CEILING/ckpt/best_model_29_0.8411214953271028.pt: Copied (new)
2026/07/14 21:55:00 INFO  : HateMM/RAC_tarc_g1/RAC_lr0.0001_Bz64_Ep30_cosSim_triplet_drop[0.2, 0.4, 0.1]_topK20__PseudoGold_positive_1_hard_negative_1_seed1_hybrid_loss_v1prefer_tarc-gt_oracle-hnprefer_ORACLE_CEILING/ckpt/best_model_21_0.8411214953271028.pt: Copied (new)
2026/07/14 21:55:01 INFO  : HateMM/RAC_tarc_g1/RAC_lr0.0001_Bz64_Ep30_cosSim_triplet_drop[0.2, 0.4, 0.1]_topK20__PseudoGold_positive_1_hard_negative_1_seed1_hybrid_loss_v1prefer_tarc-gt_oracle-hnprefer_ORACLE_CEILING/ckpt/best_model_7_0.822429906542056.pt: Copied (new)
2026/07/14 21:55:01 INFO  : HateMM/RAC_tarc_g1/RAC_lr0.0001_Bz64_Ep30_cosSim_triplet_drop[0.2, 0.4, 0.1]_topK20__PseudoGold_positive_1_hard_negative_1_seed1_hybrid_loss_v1prefer_tarc-gt_oracle-hnprefer_ORACLE_CEILING/ckpt/epoch_model_0_0.7476635514018691.pt: Copied (new)
2026/07/14 21:55:01 INFO  : HateMM/RAC_tarc_g1/RAC_lr0.0001_Bz64_Ep30_cosSim_triplet_drop[0.2, 0.4, 0.1]_topK20__PseudoGold_positive_1_hard_negative_1_seed1_hybrid_loss_v1prefer_tarc-gt_oracle-hnprefer_ORACLE_CEILING/ckpt/epoch_model_11_0.794392523364486.pt: Copied (new)
2026/07/14 21:55:02 INFO  : HateMM/RAC_tarc_g1/RAC_lr0.0001_Bz64_Ep30_cosSim_triplet_drop[0.2, 0.4, 0.1]_topK20__PseudoGold_positive_1_hard_negative_1_seed1_hybrid_loss_v1prefer_tarc-gt_oracle-hnprefer_ORACLE_CEILING/ckpt/best_model_5_0.8130841121495327.pt: Copied (new)
2026/07/14 21:55:02 INFO  : HateMM/RAC_tarc_g1/RAC_lr0.0001_Bz64_Ep30_cosSim_triplet_drop[0.2, 0.4, 0.1]_topK20__PseudoGold_positive_1_hard_negative_1_seed1_hybrid_loss_v1prefer_tarc-gt_oracle-hnprefer_ORACLE_CEILING/ckpt/epoch_model_10_0.794392523364486.pt: Copied (new)
2026/07/14 21:55:03 INFO  : HateMM/RAC_tarc_g1/RAC_lr0.0001_Bz64_Ep30_cosSim_triplet_drop[0.2, 0.4, 0.1]_topK20__PseudoGold_positive_1_hard_negative_1_seed1_hybrid_loss_v1prefer_tarc-gt_oracle-hnprefer_ORACLE_CEILING/ckpt/epoch_model_12_0.8317757009345794.pt: Copied (new)
2026/07/14 21:55:03 INFO  : HateMM/RAC_tarc_g1/RAC_lr0.0001_Bz64_Ep30_cosSim_triplet_drop[0.2, 0.4, 0.1]_topK20__PseudoGold_positive_1_hard_negative_1_seed1_hybrid_loss_v1prefer_tarc-gt_oracle-hnprefer_ORACLE_CEILING/ckpt/epoch_model_14_0.7570093457943925.pt: Copied (new)
2026/07/14 21:55:03 INFO  : HateMM/RAC_tarc_g1/RAC_lr0.0001_Bz64_Ep30_cosSim_triplet_drop[0.2, 0.4, 0.1]_topK20__PseudoGold_positive_1_hard_negative_1_seed1_hybrid_loss_v1prefer_tarc-gt_oracle-hnprefer_ORACLE_CEILING/ckpt/epoch_model_15_0.794392523364486.pt: Copied (new)
2026/07/14 21:55:04 INFO  : HateMM/RAC_tarc_g1/RAC_lr0.0001_Bz64_Ep30_cosSim_triplet_drop[0.2, 0.4, 0.1]_topK20__PseudoGold_positive_1_hard_negative_1_seed1_hybrid_loss_v1prefer_tarc-gt_oracle-hnprefer_ORACLE_CEILING/ckpt/epoch_model_18_0.7850467289719626.pt: Copied (new)
2026/07/14 21:55:05 INFO  : HateMM/RAC_tarc_g1/RAC_lr0.0001_Bz64_Ep30_cosSim_triplet_drop[0.2, 0.4, 0.1]_topK20__PseudoGold_positive_1_hard_negative_1_seed1_hybrid_loss_v1prefer_tarc-gt_oracle-hnprefer_ORACLE_CEILING/ckpt/epoch_model_17_0.794392523364486.pt: Copied (new)
2026/07/14 21:55:05 INFO  : HateMM/RAC_tarc_g1/RAC_lr0.0001_Bz64_Ep30_cosSim_triplet_drop[0.2, 0.4, 0.1]_topK20__PseudoGold_positive_1_hard_negative_1_seed1_hybrid_loss_v1prefer_tarc-gt_oracle-hnprefer_ORACLE_CEILING/ckpt/epoch_model_16_0.7850467289719626.pt: Copied (new)
2026/07/14 21:55:05 INFO  : HateMM/RAC_tarc_g1/RAC_lr0.0001_Bz64_Ep30_cosSim_triplet_drop[0.2, 0.4, 0.1]_topK20__PseudoGold_positive_1_hard_negative_1_seed1_hybrid_loss_v1prefer_tarc-gt_oracle-hnprefer_ORACLE_CEILING/ckpt/epoch_model_1_0.7757009345794392.pt: Copied (new)
2026/07/14 21:55:05 INFO  : HateMM/RAC_tarc_g1/RAC_lr0.0001_Bz64_Ep30_cosSim_triplet_drop[0.2, 0.4, 0.1]_topK20__PseudoGold_positive_1_hard_negative_1_seed1_hybrid_loss_v1prefer_tarc-gt_oracle-hnprefer_ORACLE_CEILING/ckpt/epoch_model_19_0.8130841121495327.pt: Copied (new)
2026/07/14 21:55:05 INFO  : HateMM/RAC_tarc_g1/RAC_lr0.0001_Bz64_Ep30_cosSim_triplet_drop[0.2, 0.4, 0.1]_topK20__PseudoGold_positive_1_hard_negative_1_seed0_hybrid_loss_v3lt0.5_tarc-gt_oracle-lt0.5_ORACLE_CEILING/ckpt/epoch_model_23_0.7850467289719626.pt: Copied (new)
2026/07/14 21:55:06 INFO  : HateMM/RAC_tarc_g1/RAC_lr0.0001_Bz64_Ep30_cosSim_triplet_drop[0.2, 0.4, 0.1]_topK20__PseudoGold_positive_1_hard_negative_1_seed0_hybrid_loss_v3lt0.5_tarc-gt_oracle-lt0.5_ORACLE_CEILING/ckpt/epoch_model_1_0.7663551401869159.pt: Copied (new)
2026/07/14 21:55:07 INFO  : HateMM/RAC_tarc_g1/RAC_lr0.0001_Bz64_Ep30_cosSim_triplet_drop[0.2, 0.4, 0.1]_topK20__PseudoGold_positive_1_hard_negative_1_seed1_hybrid_loss_v1prefer_tarc-gt_oracle-hnprefer_ORACLE_CEILING/ckpt/epoch_model_20_0.8037383177570093.pt: Copied (new)
2026/07/14 21:55:07 INFO  : HateMM/RAC_tarc_g1/RAC_lr0.0001_Bz64_Ep30_cosSim_triplet_drop[0.2, 0.4, 0.1]_topK20__PseudoGold_positive_1_hard_negative_1_seed1_hybrid_loss_v1prefer_tarc-gt_oracle-hnprefer_ORACLE_CEILING/ckpt/epoch_model_21_0.8411214953271028.pt: Copied (new)
2026/07/14 21:55:07 INFO  : HateMM/RAC_tarc_g1/RAC_lr0.0001_Bz64_Ep30_cosSim_triplet_drop[0.2, 0.4, 0.1]_topK20__PseudoGold_positive_1_hard_negative_1_seed1_hybrid_loss_v1prefer_tarc-gt_oracle-hnprefer_ORACLE_CEILING/ckpt/epoch_model_23_0.8317757009345794.pt: Copied (new)
2026/07/14 21:55:07 INFO  : HateMM/RAC_tarc_g1/RAC_lr0.0001_Bz64_Ep30_cosSim_triplet_drop[0.2, 0.4, 0.1]_topK20__PseudoGold_positive_1_hard_negative_1_seed1_hybrid_loss_v1prefer_tarc-gt_oracle-hnprefer_ORACLE_CEILING/ckpt/epoch_model_22_0.8411214953271028.pt: Copied (new)
2026/07/14 21:55:07 INFO  : HateMM/RAC_tarc_g1/RAC_lr0.0001_Bz64_Ep30_cosSim_triplet_drop[0.2, 0.4, 0.1]_topK20__PseudoGold_positive_1_hard_negative_1_seed1_hybrid_loss_v1prefer_tarc-gt_oracle-hnprefer_ORACLE_CEILING/ckpt/epoch_model_24_0.8317757009345794.pt: Copied (new)
2026/07/14 21:55:08 INFO  : HateMM/RAC_tarc_g1/RAC_lr0.0001_Bz64_Ep30_cosSim_triplet_drop[0.2, 0.4, 0.1]_topK20__PseudoGold_positive_1_hard_negative_1_seed1_hybrid_loss_v1prefer_tarc-gt_oracle-hnprefer_ORACLE_CEILING/ckpt/epoch_model_13_0.794392523364486.pt: Copied (new)
2026/07/14 21:55:09 INFO  : HateMM/RAC_tarc_g1/RAC_lr0.0001_Bz64_Ep30_cosSim_triplet_drop[0.2, 0.4, 0.1]_topK20__PseudoGold_positive_1_hard_negative_1_seed2_hybrid_loss_off/ckpt/best_model_12_0.822429906542056.pt: Copied (new)
2026/07/14 21:55:09 INFO  : HateMM/RAC_tarc_g1/RAC_lr0.0001_Bz64_Ep30_cosSim_triplet_drop[0.2, 0.4, 0.1]_topK20__PseudoGold_positive_1_hard_negative_1_seed2_hybrid_loss_off/ckpt/best_model_16_0.8317757009345794.pt: Copied (new)
2026/07/14 21:55:09 INFO  : HateMM/RAC_tarc_g1/RAC_lr0.0001_Bz64_Ep30_cosSim_triplet_drop[0.2, 0.4, 0.1]_topK20__PseudoGold_positive_1_hard_negative_1_seed1_hybrid_loss_v1prefer_tarc-gt_oracle-hnprefer_ORACLE_CEILING/ckpt/epoch_model_26_0.822429906542056.pt: Copied (new)
2026/07/14 21:55:09 INFO  : HateMM/RAC_tarc_g1/RAC_lr0.0001_Bz64_Ep30_cosSim_triplet_drop[0.2, 0.4, 0.1]_topK20__PseudoGold_positive_1_hard_negative_1_seed0_hybrid_loss_v2vg0.5_tarc-gt_oracle-vg0.5_ORACLE_CEILING/ckpt/epoch_model_17_0.8037383177570093.pt: Copied (new)
2026/07/14 21:55:09 INFO  : HateMM/RAC_tarc_g1/RAC_lr0.0001_Bz64_Ep30_cosSim_triplet_drop[0.2, 0.4, 0.1]_topK20__PseudoGold_positive_1_hard_negative_1_seed2_hybrid_loss_off/ckpt/best_model_23_0.8504672897196262.pt: Copied (new)
2026/07/14 21:55:10 INFO  : HateMM/RAC_tarc_g1/RAC_lr0.0001_Bz64_Ep30_cosSim_triplet_drop[0.2, 0.4, 0.1]_topK20__PseudoGold_positive_1_hard_negative_1_seed2_hybrid_loss_off/ckpt/best_model_11_0.8130841121495327.pt: Copied (new)
2026/07/14 21:55:10 INFO  : HateMM/RAC_tarc_g1/RAC_lr0.0001_Bz64_Ep30_cosSim_triplet_drop[0.2, 0.4, 0.1]_topK20__PseudoGold_positive_1_hard_negative_1_seed0_hybrid_loss_v2vg0.5_tarc-gt_oracle-vg0.5_ORACLE_CEILING/ckpt/epoch_model_18_0.794392523364486.pt: Copied (new)
2026/07/14 21:55:11 INFO  : HateMM/RAC_tarc_g1/RAC_lr0.0001_Bz64_Ep30_cosSim_triplet_drop[0.2, 0.4, 0.1]_topK20__PseudoGold_positive_1_hard_negative_1_seed0_hybrid_loss_v2vg0.5_tarc-gt_oracle-vg0.5_ORACLE_CEILING/ckpt/epoch_model_1_0.8317757009345794.pt: Copied (new)
2026/07/14 21:55:11 INFO  : HateMM/RAC_tarc_g1/RAC_lr0.0001_Bz64_Ep30_cosSim_triplet_drop[0.2, 0.4, 0.1]_topK20__PseudoGold_positive_1_hard_negative_1_seed0_hybrid_loss_v2vg0.5_tarc-gt_oracle-vg0.5_ORACLE_CEILING/ckpt/epoch_model_19_0.8037383177570093.pt: Copied (new)
2026/07/14 21:55:11 INFO  : HateMM/RAC_tarc_g1/RAC_lr0.0001_Bz64_Ep30_cosSim_triplet_drop[0.2, 0.4, 0.1]_topK20__PseudoGold_positive_1_hard_negative_1_seed0_hybrid_loss_v2vg0.5_tarc-gt_oracle-vg0.5_ORACLE_CEILING/ckpt/epoch_model_21_0.8317757009345794.pt: Copied (new)
2026/07/14 21:55:11 INFO  : HateMM/RAC_tarc_g1/RAC_lr0.0001_Bz64_Ep30_cosSim_triplet_drop[0.2, 0.4, 0.1]_topK20__PseudoGold_positive_1_hard_negative_1_seed0_hybrid_loss_v2vg0.5_tarc-gt_oracle-vg0.5_ORACLE_CEILING/ckpt/epoch_model_20_0.8130841121495327.pt: Copied (new)
2026/07/14 21:55:12 INFO  : HateMM/RAC_tarc_g1/RAC_lr0.0001_Bz64_Ep30_cosSim_triplet_drop[0.2, 0.4, 0.1]_topK20__PseudoGold_positive_1_hard_negative_1_seed0_hybrid_loss_v2vg0.5_tarc-gt_oracle-vg0.5_ORACLE_CEILING/ckpt/epoch_model_22_0.8317757009345794.pt: Copied (new)
2026/07/14 21:55:13 INFO  : HateMM/RAC_tarc_g1/RAC_lr0.0001_Bz64_Ep30_cosSim_triplet_drop[0.2, 0.4, 0.1]_topK20__PseudoGold_positive_1_hard_negative_1_seed0_hybrid_loss_v2vg0.5_tarc-gt_oracle-vg0.5_ORACLE_CEILING/ckpt/epoch_model_25_0.794392523364486.pt: Copied (new)
2026/07/14 21:55:13 INFO  : HateMM/RAC_tarc_g1/RAC_lr0.0001_Bz64_Ep30_cosSim_triplet_drop[0.2, 0.4, 0.1]_topK20__PseudoGold_positive_1_hard_negative_1_seed0_hybrid_loss_v2vg0.5_tarc-gt_oracle-vg0.5_ORACLE_CEILING/ckpt/epoch_model_27_0.8037383177570093.pt: Copied (new)
2026/07/14 21:55:13 INFO  : HateMM/RAC_tarc_g1/RAC_lr0.0001_Bz64_Ep30_cosSim_triplet_drop[0.2, 0.4, 0.1]_topK20__PseudoGold_positive_1_hard_negative_1_seed0_hybrid_loss_v2vg0.5_tarc-gt_oracle-vg0.5_ORACLE_CEILING/ckpt/epoch_model_26_0.8037383177570093.pt: Copied (new)
2026/07/14 21:55:14 INFO  : HateMM/RAC_tarc_g1/RAC_lr0.0001_Bz64_Ep30_cosSim_triplet_drop[0.2, 0.4, 0.1]_topK20__PseudoGold_positive_1_hard_negative_1_seed1_hybrid_loss_v1prefer_tarc-gt_oracle-hnprefer_ORACLE_CEILING/ckpt/epoch_model_25_0.8317757009345794.pt: Copied (new)
2026/07/14 21:55:14 INFO  : HateMM/RAC_tarc_g1/RAC_lr0.0001_Bz64_Ep30_cosSim_triplet_drop[0.2, 0.4, 0.1]_topK20__PseudoGold_positive_1_hard_negative_1_seed0_hybrid_loss_v2vg0.5_tarc-gt_oracle-vg0.5_ORACLE_CEILING/ckpt/epoch_model_2_0.8504672897196262.pt: Copied (new)
2026/07/14 21:55:14 INFO  : HateMM/RAC_tarc_g1/RAC_lr0.0001_Bz64_Ep30_cosSim_triplet_drop[0.2, 0.4, 0.1]_topK20__PseudoGold_positive_1_hard_negative_1_seed0_hybrid_loss_v2vg0.5_tarc-gt_oracle-vg0.5_ORACLE_CEILING/ckpt/epoch_model_28_0.8037383177570093.pt: Copied (new)
2026/07/14 21:55:15 INFO  : HateMM/RAC_tarc_g1/RAC_lr0.0001_Bz64_Ep30_cosSim_triplet_drop[0.2, 0.4, 0.1]_topK20__PseudoGold_positive_1_hard_negative_1_seed0_hybrid_loss_v2vg0.5_tarc-gt_oracle-vg0.5_ORACLE_CEILING/ckpt/epoch_model_23_0.8317757009345794.pt: Copied (new)
2026/07/14 21:55:15 INFO  : HateMM/RAC_tarc_g1/RAC_lr0.0001_Bz64_Ep30_cosSim_triplet_drop[0.2, 0.4, 0.1]_topK20__PseudoGold_positive_1_hard_negative_1_seed0_hybrid_loss_v2vg0.5_tarc-gt_oracle-vg0.5_ORACLE_CEILING/ckpt/epoch_model_3_0.8504672897196262.pt: Copied (new)
2026/07/14 21:55:15 INFO  : HateMM/RAC_tarc_g1/RAC_lr0.0001_Bz64_Ep30_cosSim_triplet_drop[0.2, 0.4, 0.1]_topK20__PseudoGold_positive_1_hard_negative_1_seed0_hybrid_loss_v2vg0.5_tarc-gt_oracle-vg0.5_ORACLE_CEILING/ckpt/epoch_model_4_0.8504672897196262.pt: Copied (new)
2026/07/14 21:55:16 INFO  : HateMM/RAC_tarc_g1/RAC_lr0.0001_Bz64_Ep30_cosSim_triplet_drop[0.2, 0.4, 0.1]_topK20__PseudoGold_positive_1_hard_negative_1_seed0_hybrid_loss_v2vg0.5_tarc-gt_oracle-vg0.5_ORACLE_CEILING/ckpt/epoch_model_6_0.8317757009345794.pt: Copied (new)
2026/07/14 21:55:16 INFO  : HateMM/RAC_tarc_g1/RAC_lr0.0001_Bz64_Ep30_cosSim_triplet_drop[0.2, 0.4, 0.1]_topK20__PseudoGold_positive_1_hard_negative_1_seed0_hybrid_loss_v2vg0.5_tarc-gt_oracle-vg0.5_ORACLE_CEILING/ckpt/epoch_model_29_0.794392523364486.pt: Copied (new)
2026/07/14 21:55:17 INFO  : HateMM/RAC_tarc_g1/RAC_lr0.0001_Bz64_Ep30_cosSim_triplet_drop[0.2, 0.4, 0.1]_topK20__PseudoGold_positive_1_hard_negative_1_seed0_hybrid_loss_v2vg0.5_tarc-gt_oracle-vg0.5_ORACLE_CEILING/ckpt/epoch_model_24_0.8411214953271028.pt: Copied (new)
2026/07/14 21:55:17 INFO  : HateMM/RAC_tarc_g1/RAC_lr0.0001_Bz64_Ep30_cosSim_triplet_drop[0.2, 0.4, 0.1]_topK20__PseudoGold_positive_1_hard_negative_1_seed0_hybrid_loss_v2vg0.5_tarc-gt_oracle-vg0.5_ORACLE_CEILING/ckpt/epoch_model_7_0.822429906542056.pt: Copied (new)
2026/07/14 21:55:19 INFO  : HateMM/c1settle/RAC_lr0.0001_Bz64_Ep30_cosSim_triplet_drop[0.2, 0.4, 0.1]_topK20__PseudoGold_positive_1_hard_negative_1_seed0_hybrid_loss_c1settle_hatemm_s0/ckpt/epoch_model_12_0.8411214953271028.pt: Copied (new)
2026/07/14 21:55:20 INFO  : HateMM/c1settle/RAC_lr0.0001_Bz64_Ep30_cosSim_triplet_drop[0.2, 0.4, 0.1]_topK20__PseudoGold_positive_1_hard_negative_1_seed0_hybrid_loss_c1settle_hatemm_s0/ckpt/epoch_model_13_0.8317757009345794.pt: Copied (new)
2026/07/14 21:55:20 INFO  : HateMM/c1settle/RAC_lr0.0001_Bz64_Ep30_cosSim_triplet_drop[0.2, 0.4, 0.1]_topK20__PseudoGold_positive_1_hard_negative_1_seed0_hybrid_loss_c1settle_hatemm_s0/ckpt/epoch_model_11_0.8317757009345794.pt: Copied (new)
2026/07/14 21:55:21 INFO  : HateMM/c1settle/RAC_lr0.0001_Bz64_Ep30_cosSim_triplet_drop[0.2, 0.4, 0.1]_topK20__PseudoGold_positive_1_hard_negative_1_seed0_hybrid_loss_c1settle_hatemm_s0/ckpt/epoch_model_14_0.8317757009345794.pt: Copied (new)
2026/07/14 21:55:21 INFO  : HateMM/c1settle/RAC_lr0.0001_Bz64_Ep30_cosSim_triplet_drop[0.2, 0.4, 0.1]_topK20__PseudoGold_positive_1_hard_negative_1_seed0_hybrid_loss_c1settle_hatemm_s0/ckpt/epoch_model_15_0.8130841121495327.pt: Copied (new)
2026/07/14 21:55:22 INFO  : HateMM/RAC_tarc_g1/RAC_lr0.0001_Bz64_Ep30_cosSim_triplet_drop[0.2, 0.4, 0.1]_topK20__PseudoGold_positive_1_hard_negative_1_seed0_hybrid_loss_v2vg0.5_tarc-gt_oracle-vg0.5_ORACLE_CEILING/ckpt/epoch_model_5_0.8504672897196262.pt: Copied (new)
2026/07/14 21:55:22 INFO  : HateMM/c1settle/RAC_lr0.0001_Bz64_Ep30_cosSim_triplet_drop[0.2, 0.4, 0.1]_topK20__PseudoGold_positive_1_hard_negative_1_seed0_hybrid_loss_c1settle_hatemm_s0/ckpt/epoch_model_10_0.8317757009345794.pt: Copied (new)
2026/07/14 21:55:22 INFO  : HateMM/c1settle/RAC_lr0.0001_Bz64_Ep30_cosSim_triplet_drop[0.2, 0.4, 0.1]_topK20__PseudoGold_positive_1_hard_negative_1_seed0_hybrid_loss_c1settle_hatemm_s0/ckpt/epoch_model_16_0.8037383177570093.pt: Copied (new)
2026/07/14 21:55:23 INFO  : HateMM/c1settle/RAC_lr0.0001_Bz64_Ep30_cosSim_triplet_drop[0.2, 0.4, 0.1]_topK20__PseudoGold_positive_1_hard_negative_1_seed0_hybrid_loss_c1settle_hatemm_s0/ckpt/epoch_model_18_0.822429906542056.pt: Copied (new)
2026/07/14 21:55:23 INFO  : HateMM/c1settle/RAC_lr0.0001_Bz64_Ep30_cosSim_triplet_drop[0.2, 0.4, 0.1]_topK20__PseudoGold_positive_1_hard_negative_1_seed0_hybrid_loss_c1settle_hatemm_s0/ckpt/epoch_model_17_0.822429906542056.pt: Copied (new)
2026/07/14 21:55:25 INFO  : HateMM/c1settle/RAC_lr0.0001_Bz64_Ep30_cosSim_triplet_drop[0.2, 0.4, 0.1]_topK20__PseudoGold_positive_1_hard_negative_1_seed0_hybrid_loss_c1settle_hatemm_s0/ckpt/epoch_model_1_0.822429906542056.pt: Copied (new)
2026/07/14 21:55:26 INFO  : HateMM/c1settle/RAC_lr0.0001_Bz64_Ep30_cosSim_triplet_drop[0.2, 0.4, 0.1]_topK20__PseudoGold_positive_1_hard_negative_1_seed0_hybrid_loss_c1settle_hatemm_s0/ckpt/epoch_model_20_0.822429906542056.pt: Copied (new)
2026/07/14 21:55:26 INFO  : HateMM/c1settle/RAC_lr0.0001_Bz64_Ep30_cosSim_triplet_drop[0.2, 0.4, 0.1]_topK20__PseudoGold_positive_1_hard_negative_1_seed0_hybrid_loss_c1settle_hatemm_s0/ckpt/epoch_model_19_0.822429906542056.pt: Copied (new)
2026/07/14 21:55:26 INFO  : HateMM/c1settle/RAC_lr0.0001_Bz64_Ep30_cosSim_triplet_drop[0.2, 0.4, 0.1]_topK20__PseudoGold_positive_1_hard_negative_1_seed0_hybrid_loss_c1settle_hatemm_s0/ckpt/epoch_model_24_0.8317757009345794.pt: Copied (new)
2026/07/14 21:55:27 INFO  : HateMM/c1settle/RAC_lr0.0001_Bz64_Ep30_cosSim_triplet_drop[0.2, 0.4, 0.1]_topK20__PseudoGold_positive_1_hard_negative_1_seed0_hybrid_loss_c1settle_hatemm_s0/ckpt/epoch_model_25_0.8411214953271028.pt: Copied (new)
2026/07/14 21:55:30 INFO  : HateMM/c1settle/RAC_lr0.0001_Bz64_Ep30_cosSim_triplet_drop[0.2, 0.4, 0.1]_topK20__PseudoGold_positive_1_hard_negative_1_seed0_hybrid_loss_c1settle_hatemm_s0/ckpt/epoch_model_29_0.822429906542056.pt: Copied (new)
2026/07/14 21:55:30 INFO  : HateMM/c1settle/RAC_lr0.0001_Bz64_Ep30_cosSim_triplet_drop[0.2, 0.4, 0.1]_topK20__PseudoGold_positive_1_hard_negative_1_seed0_hybrid_loss_c1settle_hatemm_s0/ckpt/epoch_model_22_0.822429906542056.pt: Copied (new)
2026/07/14 21:55:31 INFO  : HateMM/c1settle/RAC_lr0.0001_Bz64_Ep30_cosSim_triplet_drop[0.2, 0.4, 0.1]_topK20__PseudoGold_positive_1_hard_negative_1_seed0_hybrid_loss_c1settle_hatemm_s0/ckpt/epoch_model_26_0.8317757009345794.pt: Copied (new)
2026/07/14 21:55:31 INFO  : HateMM/c1settle/RAC_lr0.0001_Bz64_Ep30_cosSim_triplet_drop[0.2, 0.4, 0.1]_topK20__PseudoGold_positive_1_hard_negative_1_seed0_hybrid_loss_c1settle_hatemm_s0/ckpt/epoch_model_27_0.822429906542056.pt: Copied (new)
2026/07/14 21:55:31 INFO  : HateMM/c1settle/RAC_lr0.0001_Bz64_Ep30_cosSim_triplet_drop[0.2, 0.4, 0.1]_topK20__PseudoGold_positive_1_hard_negative_1_seed0_hybrid_loss_c1settle_hatemm_s0/ckpt/epoch_model_2_0.8130841121495327.pt: Copied (new)
2026/07/14 21:55:33 INFO  : HateMM/c1settle/RAC_lr0.0001_Bz64_Ep30_cosSim_triplet_drop[0.2, 0.4, 0.1]_topK20__PseudoGold_positive_1_hard_negative_1_seed0_hybrid_loss_c1settle_hatemm_s0/ckpt/epoch_model_28_0.8317757009345794.pt: Copied (new)
2026/07/14 21:55:33 INFO  : HateMM/c1settle/RAC_lr0.0001_Bz64_Ep30_cosSim_triplet_drop[0.2, 0.4, 0.1]_topK20__PseudoGold_positive_1_hard_negative_1_seed0_hybrid_loss_c1settle_hatemm_s0/ckpt/epoch_model_3_0.822429906542056.pt: Copied (new)
2026/07/14 21:55:34 INFO  : 
Transferred:   	    6.378 GiB / 60.889 GiB, 10%, 54.890 MiB/s, ETA 16m56s
Checks:                 0 / 0, -, Listed 2905
Transferred:          299 / 2277, 13%
Elapsed time:      1m59.9s
Transferring:
 * HateMM/c1settle/RAC_lr…_0.8130841121495327.pt: 88% /40.028Mi, 2.786Mi/s, 1s
 * HateMM/c1settle/RAC_lr…3_0.822429906542056.pt: 97% /40.028Mi, 3.073Mi/s, 0s
 * HateMM/c1settle/RAC_lr…4_0.822429906542056.pt:100% /40.028Mi, 9.686Mi/s, 0s
 * HateMM/c1settle/RAC_lr…_0.8037383177570093.pt: 97% /40.028Mi, 10.946Mi/s, 0s
 * HateMM/c1settle/RAC_lr…_0.8037383177570093.pt: 81% /40.028Mi, 10.841Mi/s, 0s
 * HateMM/c1settle/RAC_lr…_0.8130841121495327.pt: 98% /40.028Mi, 14.498Mi/s, 0s
 * HateMM/c1settle/RAC_lr…_0.8130841121495327.pt: 31% /40.028Mi, 10.183Mi/s, 2s
 * HateMM/c1settle/RAC_lr…_0.8317757009345794.pt: 37% /40.028Mi, 14.777Mi/s, 1s

2026/07/14 21:55:35 INFO  : HateMM/c1settle/RAC_lr0.0001_Bz64_Ep30_cosSim_triplet_drop[0.2, 0.4, 0.1]_topK20__PseudoGold_positive_1_hard_negative_1_seed0_hybrid_loss_c1settle_hatemm_s0/ckpt/epoch_model_4_0.822429906542056.pt: Copied (new)
2026/07/14 21:55:36 INFO  : HateMM/c1settle/RAC_lr0.0001_Bz64_Ep30_cosSim_triplet_drop[0.2, 0.4, 0.1]_topK20__PseudoGold_positive_1_hard_negative_1_seed0_hybrid_loss_c1settle_hatemm_s0/ckpt/epoch_model_6_0.8037383177570093.pt: Copied (new)
2026/07/14 21:55:36 INFO  : HateMM/c1settle/RAC_lr0.0001_Bz64_Ep30_cosSim_triplet_drop[0.2, 0.4, 0.1]_topK20__PseudoGold_positive_1_hard_negative_1_seed0_hybrid_loss_c1settle_hatemm_s0/ckpt/epoch_model_23_0.822429906542056.pt: Copied (new)
2026/07/14 21:55:36 INFO  : HateMM/c1settle/RAC_lr0.0001_Bz64_Ep30_cosSim_triplet_drop[0.2, 0.4, 0.1]_topK20__PseudoGold_positive_1_hard_negative_1_seed0_hybrid_loss_c1settle_hatemm_s0/ckpt/epoch_model_7_0.8130841121495327.pt: Copied (new)
2026/07/14 21:55:36 INFO  : HateMM/c1settle/RAC_lr0.0001_Bz64_Ep30_cosSim_triplet_drop[0.2, 0.4, 0.1]_topK20__PseudoGold_positive_1_hard_negative_1_seed0_hybrid_loss_c1settle_hatemm_s0/ckpt/epoch_model_5_0.8037383177570093.pt: Copied (new)
2026/07/14 21:55:37 INFO  : HateMM/c1settle/RAC_lr0.0001_Bz64_Ep30_cosSim_triplet_drop[0.2, 0.4, 0.1]_topK20__PseudoGold_positive_1_hard_negative_1_seed0_hybrid_loss_c1settle_hatemm_s0/ckpt/epoch_model_9_0.8317757009345794.pt: Copied (new)
2026/07/14 21:55:38 INFO  : HateMM/RAC_tarc_g1/RAC_lr0.0001_Bz64_Ep30_cosSim_triplet_drop[0.2, 0.4, 0.1]_topK20__PseudoGold_positive_1_hard_negative_1_seed0_hybrid_loss_v3lt0.1_tarc-gt_oracle-lt0.1_ORACLE_CEILING/ckpt/epoch_model_0_0.7570093457943925.pt: Copied (new)
2026/07/14 21:55:39 INFO  : HateMM/RAC_tarc_g1/RAC_lr0.0001_Bz64_Ep30_cosSim_triplet_drop[0.2, 0.4, 0.1]_topK20__PseudoGold_positive_1_hard_negative_1_seed0_hybrid_loss_v3lt0.1_tarc-gt_oracle-lt0.1_ORACLE_CEILING/ckpt/best_model_25_0.8504672897196262.pt: Copied (new)
2026/07/14 21:55:39 INFO  : HateMM/RAC_tarc_g1/RAC_lr0.0001_Bz64_Ep30_cosSim_triplet_drop[0.2, 0.4, 0.1]_topK20__PseudoGold_positive_1_hard_negative_1_seed0_hybrid_loss_v3lt0.1_tarc-gt_oracle-lt0.1_ORACLE_CEILING/ckpt/best_model_21_0.8317757009345794.pt: Copied (new)
2026/07/14 21:55:39 INFO  : HateMM/RAC_tarc_g1/RAC_lr0.0001_Bz64_Ep30_cosSim_triplet_drop[0.2, 0.4, 0.1]_topK20__PseudoGold_positive_1_hard_negative_1_seed0_hybrid_loss_v3lt0.1_tarc-gt_oracle-lt0.1_ORACLE_CEILING/ckpt/best_model_5_0.8130841121495327.pt: Copied (new)
2026/07/14 21:55:39 INFO  : HateMM/c1settle/RAC_lr0.0001_Bz64_Ep30_cosSim_triplet_drop[0.2, 0.4, 0.1]_topK20__PseudoGold_positive_1_hard_negative_1_seed0_hybrid_loss_c1settle_hatemm_s0/ckpt/epoch_model_8_0.8130841121495327.pt: Copied (new)
2026/07/14 21:55:40 INFO  : HateMM/RAC_tarc_g1/RAC_lr0.0001_Bz64_Ep30_cosSim_triplet_drop[0.2, 0.4, 0.1]_topK20__PseudoGold_positive_1_hard_negative_1_seed0_hybrid_loss_v3lt0.1_tarc-gt_oracle-lt0.1_ORACLE_CEILING/ckpt/best_model_24_0.8504672897196262.pt: Copied (new)
2026/07/14 21:55:40 INFO  : HateMM/c1settle/RAC_lr0.0001_Bz64_Ep30_cosSim_triplet_drop[0.2, 0.4, 0.1]_topK20__PseudoGold_positive_1_hard_negative_1_seed0_hybrid_loss_c1settle_hatemm_s0/ckpt/epoch_model_21_0.8130841121495327.pt: Copied (new)
2026/07/14 21:55:40 INFO  : HateMM/RAC_tarc_g1/RAC_lr0.0001_Bz64_Ep30_cosSim_triplet_drop[0.2, 0.4, 0.1]_topK20__PseudoGold_positive_1_hard_negative_1_seed0_hybrid_loss_v3lt0.1_tarc-gt_oracle-lt0.1_ORACLE_CEILING/ckpt/epoch_model_10_0.794392523364486.pt: Copied (new)
2026/07/14 21:55:40 INFO  : HateMM/c1settle/RAC_lr0.0001_Bz64_Ep30_cosSim_triplet_drop[0.2, 0.4, 0.1]_topK20__PseudoGold_positive_1_hard_negative_1_seed0_hybrid_loss_c1settle_hatemm_s0/ckpt/last_model_29_0.822429906542056.pt: Copied (new)
2026/07/14 21:55:41 INFO  : HateMM/RAC_tarc_g1/RAC_lr0.0001_Bz64_Ep30_cosSim_triplet_drop[0.2, 0.4, 0.1]_topK20__PseudoGold_positive_1_hard_negative_1_seed0_hybrid_loss_v3lt0.1_tarc-gt_oracle-lt0.1_ORACLE_CEILING/ckpt/epoch_model_11_0.7850467289719626.pt: Copied (new)
2026/07/14 21:55:42 INFO  : HateMM/RAC_tarc_g1/RAC_lr0.0001_Bz64_Ep30_cosSim_triplet_drop[0.2, 0.4, 0.1]_topK20__PseudoGold_positive_1_hard_negative_1_seed0_hybrid_loss_v3lt0.1_tarc-gt_oracle-lt0.1_ORACLE_CEILING/ckpt/epoch_model_12_0.7850467289719626.pt: Copied (new)
2026/07/14 21:55:42 INFO  : HateMM/RAC_tarc_g1/RAC_lr0.0001_Bz64_Ep30_cosSim_triplet_drop[0.2, 0.4, 0.1]_topK20__PseudoGold_positive_1_hard_negative_1_seed0_hybrid_loss_v3lt0.1_tarc-gt_oracle-lt0.1_ORACLE_CEILING/ckpt/epoch_model_13_0.7757009345794392.pt: Copied (new)
2026/07/14 21:55:42 INFO  : HateMM/RAC_tarc_g1/RAC_lr0.0001_Bz64_Ep30_cosSim_triplet_drop[0.2, 0.4, 0.1]_topK20__PseudoGold_positive_1_hard_negative_1_seed0_hybrid_loss_v3lt0.1_tarc-gt_oracle-lt0.1_ORACLE_CEILING/ckpt/epoch_model_17_0.7570093457943925.pt: Copied (new)
2026/07/14 21:55:42 INFO  : HateMM/RAC_tarc_g1/RAC_lr0.0001_Bz64_Ep30_cosSim_triplet_drop[0.2, 0.4, 0.1]_topK20__PseudoGold_positive_1_hard_negative_1_seed0_hybrid_loss_v3lt0.1_tarc-gt_oracle-lt0.1_ORACLE_CEILING/ckpt/epoch_model_18_0.7570093457943925.pt: Copied (new)
2026/07/14 21:55:42 INFO  : HateMM/RAC_tarc_g1/RAC_lr0.0001_Bz64_Ep30_cosSim_triplet_drop[0.2, 0.4, 0.1]_topK20__PseudoGold_positive_1_hard_negative_1_seed0_hybrid_loss_v3lt0.1_tarc-gt_oracle-lt0.1_ORACLE_CEILING/ckpt/epoch_model_15_0.7757009345794392.pt: Copied (new)
2026/07/14 21:55:42 INFO  : HateMM/RAC_tarc_g1/RAC_lr0.0001_Bz64_Ep30_cosSim_triplet_drop[0.2, 0.4, 0.1]_topK20__PseudoGold_positive_1_hard_negative_1_seed0_hybrid_loss_v3lt0.1_tarc-gt_oracle-lt0.1_ORACLE_CEILING/ckpt/epoch_model_14_0.7570093457943925.pt: Copied (new)
2026/07/14 21:55:43 INFO  : HateMM/RAC_tarc_g1/RAC_lr0.0001_Bz64_Ep30_cosSim_triplet_drop[0.2, 0.4, 0.1]_topK20__PseudoGold_positive_1_hard_negative_1_seed0_hybrid_loss_v3lt0.1_tarc-gt_oracle-lt0.1_ORACLE_CEILING/ckpt/epoch_model_19_0.8130841121495327.pt: Copied (new)
2026/07/14 21:55:44 INFO  : HateMM/RAC_tarc_g1/RAC_lr0.0001_Bz64_Ep30_cosSim_triplet_drop[0.2, 0.4, 0.1]_topK20__PseudoGold_positive_1_hard_negative_1_seed0_hybrid_loss_v3lt0.1_tarc-gt_oracle-lt0.1_ORACLE_CEILING/ckpt/epoch_model_22_0.8130841121495327.pt: Copied (new)
2026/07/14 21:55:44 INFO  : HateMM/RAC_tarc_g1/RAC_lr0.0001_Bz64_Ep30_cosSim_triplet_drop[0.2, 0.4, 0.1]_topK20__PseudoGold_positive_1_hard_negative_1_seed0_hybrid_loss_v3lt0.1_tarc-gt_oracle-lt0.1_ORACLE_CEILING/ckpt/epoch_model_1_0.7757009345794392.pt: Copied (new)
2026/07/14 21:55:44 INFO  : HateMM/RAC_tarc_g1/RAC_lr0.0001_Bz64_Ep30_cosSim_triplet_drop[0.2, 0.4, 0.1]_topK20__PseudoGold_positive_1_hard_negative_1_seed0_hybrid_loss_v3lt0.1_tarc-gt_oracle-lt0.1_ORACLE_CEILING/ckpt/epoch_model_21_0.8317757009345794.pt: Copied (new)
2026/07/14 21:55:44 INFO  : HateMM/RAC_tarc_g1/RAC_lr0.0001_Bz64_Ep30_cosSim_triplet_drop[0.2, 0.4, 0.1]_topK20__PseudoGold_positive_1_hard_negative_1_seed0_hybrid_loss_v3lt0.1_tarc-gt_oracle-lt0.1_ORACLE_CEILING/ckpt/epoch_model_23_0.8130841121495327.pt: Copied (new)
2026/07/14 21:55:45 INFO  : HateMM/RAC_tarc_g1/RAC_lr0.0001_Bz64_Ep30_cosSim_triplet_drop[0.2, 0.4, 0.1]_topK20__PseudoGold_positive_1_hard_negative_1_seed0_hybrid_loss_v3lt0.1_tarc-gt_oracle-lt0.1_ORACLE_CEILING/ckpt/epoch_model_24_0.8504672897196262.pt: Copied (new)
2026/07/14 21:55:45 INFO  : HateMM/RAC_tarc_g1/RAC_lr0.0001_Bz64_Ep30_cosSim_triplet_drop[0.2, 0.4, 0.1]_topK20__PseudoGold_positive_1_hard_negative_1_seed0_hybrid_loss_v3lt0.1_tarc-gt_oracle-lt0.1_ORACLE_CEILING/ckpt/epoch_model_20_0.794392523364486.pt: Copied (new)
2026/07/14 21:55:46 INFO  : HateMM/RAC_tarc_g1/RAC_lr0.0001_Bz64_Ep30_cosSim_triplet_drop[0.2, 0.4, 0.1]_topK20__PseudoGold_positive_1_hard_negative_1_seed0_hybrid_loss_v3lt0.1_tarc-gt_oracle-lt0.1_ORACLE_CEILING/ckpt/epoch_model_28_0.8317757009345794.pt: Copied (new)
2026/07/14 21:55:46 INFO  : HateMM/RAC_tarc_g1/RAC_lr0.0001_Bz64_Ep30_cosSim_triplet_drop[0.2, 0.4, 0.1]_topK20__PseudoGold_positive_1_hard_negative_1_seed0_hybrid_loss_v3lt0.1_tarc-gt_oracle-lt0.1_ORACLE_CEILING/ckpt/epoch_model_25_0.8504672897196262.pt: Copied (new)
2026/07/14 21:55:46 INFO  : HateMM/RAC_tarc_g1/RAC_lr0.0001_Bz64_Ep30_cosSim_triplet_drop[0.2, 0.4, 0.1]_topK20__PseudoGold_positive_1_hard_negative_1_seed0_hybrid_loss_v3lt0.1_tarc-gt_oracle-lt0.1_ORACLE_CEILING/ckpt/epoch_model_27_0.794392523364486.pt: Copied (new)
2026/07/14 21:55:47 INFO  : HateMM/RAC_tarc_g1/RAC_lr0.0001_Bz64_Ep30_cosSim_triplet_drop[0.2, 0.4, 0.1]_topK20__PseudoGold_positive_1_hard_negative_1_seed0_hybrid_loss_v3lt0.1_tarc-gt_oracle-lt0.1_ORACLE_CEILING/ckpt/epoch_model_26_0.822429906542056.pt: Copied (new)
2026/07/14 21:55:47 INFO  : HateMM/RAC_tarc_g1/RAC_lr0.0001_Bz64_Ep30_cosSim_triplet_drop[0.2, 0.4, 0.1]_topK20__PseudoGold_positive_1_hard_negative_1_seed0_hybrid_loss_v3lt0.1_tarc-gt_oracle-lt0.1_ORACLE_CEILING/ckpt/epoch_model_2_0.7663551401869159.pt: Copied (new)
2026/07/14 21:55:47 INFO  : HateMM/RAC_tarc_g1/RAC_lr0.0001_Bz64_Ep30_cosSim_triplet_drop[0.2, 0.4, 0.1]_topK20__PseudoGold_positive_1_hard_negative_1_seed0_hybrid_loss_v3lt0.1_tarc-gt_oracle-lt0.1_ORACLE_CEILING/ckpt/epoch_model_3_0.7850467289719626.pt: Copied (new)
2026/07/14 21:55:47 INFO  : HateMM/RAC_tarc_g1/RAC_lr0.0001_Bz64_Ep30_cosSim_triplet_drop[0.2, 0.4, 0.1]_topK20__PseudoGold_positive_1_hard_negative_1_seed0_hybrid_loss_v3lt0.1_tarc-gt_oracle-lt0.1_ORACLE_CEILING/ckpt/epoch_model_29_0.822429906542056.pt: Copied (new)
2026/07/14 21:55:47 INFO  : HateMM/RAC_tarc_g1/RAC_lr0.0001_Bz64_Ep30_cosSim_triplet_drop[0.2, 0.4, 0.1]_topK20__PseudoGold_positive_1_hard_negative_1_seed0_hybrid_loss_v3lt0.1_tarc-gt_oracle-lt0.1_ORACLE_CEILING/ckpt/epoch_model_16_0.8037383177570093.pt: Copied (new)
2026/07/14 21:55:48 INFO  : HateMM/RAC_tarc_g1/RAC_lr0.0001_Bz64_Ep30_cosSim_triplet_drop[0.2, 0.4, 0.1]_topK20__PseudoGold_positive_1_hard_negative_1_seed0_hybrid_loss_v3lt0.1_tarc-gt_oracle-lt0.1_ORACLE_CEILING/ckpt/epoch_model_4_0.822429906542056.pt: Copied (new)
2026/07/14 21:55:48 INFO  : HateMM/RAC_tarc_g1/RAC_lr0.0001_Bz64_Ep30_cosSim_triplet_drop[0.2, 0.4, 0.1]_topK20__PseudoGold_positive_1_hard_negative_1_seed0_hybrid_loss_v3lt0.1_tarc-gt_oracle-lt0.1_ORACLE_CEILING/ckpt/epoch_model_5_0.8130841121495327.pt: Copied (new)
2026/07/14 21:55:48 INFO  : HateMM/RAC_tarc_g1/RAC_lr0.0001_Bz64_Ep30_cosSim_triplet_drop[0.2, 0.4, 0.1]_topK20__PseudoGold_positive_1_hard_negative_1_seed0_hybrid_loss_v3lt0.1_tarc-gt_oracle-lt0.1_ORACLE_CEILING/ckpt/epoch_model_6_0.794392523364486.pt: Copied (new)
2026/07/14 21:55:49 INFO  : HateMM/RAC_tarc_g1/RAC_lr0.0001_Bz64_Ep30_cosSim_triplet_drop[0.2, 0.4, 0.1]_topK20__PseudoGold_positive_1_hard_negative_1_seed0_hybrid_loss_v3lt0.1_tarc-gt_oracle-lt0.1_ORACLE_CEILING/ckpt/epoch_model_8_0.7757009345794392.pt: Copied (new)
2026/07/14 21:55:49 INFO  : HateMM/RAC_tarc_g1/RAC_lr0.0001_Bz64_Ep30_cosSim_triplet_drop[0.2, 0.4, 0.1]_topK20__PseudoGold_positive_1_hard_negative_1_seed0_hybrid_loss_v3lt0.1_tarc-gt_oracle-lt0.1_ORACLE_CEILING/ckpt/epoch_model_7_0.7757009345794392.pt: Copied (new)
2026/07/14 21:55:49 INFO  : HateMM/RAC_tarc_g1/RAC_lr0.0001_Bz64_Ep30_cosSim_triplet_drop[0.2, 0.4, 0.1]_topK20__PseudoGold_positive_1_hard_negative_1_seed0_hybrid_loss_v1require_tarc-gt_oracle-hnrequire_ORACLE_CEILING/ckpt/best_model_5_0.7850467289719626.pt: Copied (new)
2026/07/14 21:55:49 INFO  : HateMM/RAC_tarc_g1/RAC_lr0.0001_Bz64_Ep30_cosSim_triplet_drop[0.2, 0.4, 0.1]_topK20__PseudoGold_positive_1_hard_negative_1_seed0_hybrid_loss_v3lt0.1_tarc-gt_oracle-lt0.1_ORACLE_CEILING/ckpt/epoch_model_9_0.7663551401869159.pt: Copied (new)
2026/07/14 21:55:50 INFO  : HateMM/RAC_tarc_g1/RAC_lr0.0001_Bz64_Ep30_cosSim_triplet_drop[0.2, 0.4, 0.1]_topK20__PseudoGold_positive_1_hard_negative_1_seed0_hybrid_loss_v3lt0.1_tarc-gt_oracle-lt0.1_ORACLE_CEILING/ckpt/last_model_29_0.822429906542056.pt: Copied (new)
2026/07/14 21:55:51 INFO  : HateMM/RAC_tarc_g1/RAC_lr0.0001_Bz64_Ep30_cosSim_triplet_drop[0.2, 0.4, 0.1]_topK20__PseudoGold_positive_1_hard_negative_1_seed0_hybrid_loss_v1require_tarc-gt_oracle-hnrequire_ORACLE_CEILING/ckpt/epoch_model_10_0.7476635514018691.pt: Copied (new)
2026/07/14 21:55:51 INFO  : HateMM/RAC_tarc_g1/RAC_lr0.0001_Bz64_Ep30_cosSim_triplet_drop[0.2, 0.4, 0.1]_topK20__PseudoGold_positive_1_hard_negative_1_seed0_hybrid_loss_v1require_tarc-gt_oracle-hnrequire_ORACLE_CEILING/ckpt/epoch_model_11_0.7757009345794392.pt: Copied (new)
2026/07/14 21:55:51 INFO  : HateMM/RAC_tarc_g1/RAC_lr0.0001_Bz64_Ep30_cosSim_triplet_drop[0.2, 0.4, 0.1]_topK20__PseudoGold_positive_1_hard_negative_1_seed0_hybrid_loss_v1require_tarc-gt_oracle-hnrequire_ORACLE_CEILING/ckpt/epoch_model_12_0.7757009345794392.pt: Copied (new)
2026/07/14 21:55:52 INFO  : HateMM/RAC_tarc_g1/RAC_lr0.0001_Bz64_Ep30_cosSim_triplet_drop[0.2, 0.4, 0.1]_topK20__PseudoGold_positive_1_hard_negative_1_seed0_hybrid_loss_v1require_tarc-gt_oracle-hnrequire_ORACLE_CEILING/ckpt/best_model_6_0.8130841121495327.pt: Copied (new)
2026/07/14 21:55:52 INFO  : HateMM/RAC_tarc_g1/RAC_lr0.0001_Bz64_Ep30_cosSim_triplet_drop[0.2, 0.4, 0.1]_topK20__PseudoGold_positive_1_hard_negative_1_seed0_hybrid_loss_v1require_tarc-gt_oracle-hnrequire_ORACLE_CEILING/ckpt/epoch_model_13_0.794392523364486.pt: Copied (new)
2026/07/14 21:55:52 INFO  : HateMM/RAC_tarc_g1/RAC_lr0.0001_Bz64_Ep30_cosSim_triplet_drop[0.2, 0.4, 0.1]_topK20__PseudoGold_positive_1_hard_negative_1_seed0_hybrid_loss_v1require_tarc-gt_oracle-hnrequire_ORACLE_CEILING/ckpt/epoch_model_14_0.7850467289719626.pt: Copied (new)
2026/07/14 21:55:52 INFO  : HateMM/RAC_tarc_g1/RAC_lr0.0001_Bz64_Ep30_cosSim_triplet_drop[0.2, 0.4, 0.1]_topK20__PseudoGold_positive_1_hard_negative_1_seed0_hybrid_loss_v1require_tarc-gt_oracle-hnrequire_ORACLE_CEILING/ckpt/epoch_model_0_0.7757009345794392.pt: Copied (new)
2026/07/14 21:55:53 INFO  : HateMM/RAC_tarc_g1/RAC_lr0.0001_Bz64_Ep30_cosSim_triplet_drop[0.2, 0.4, 0.1]_topK20__PseudoGold_positive_1_hard_negative_1_seed0_hybrid_loss_v1require_tarc-gt_oracle-hnrequire_ORACLE_CEILING/ckpt/epoch_model_15_0.794392523364486.pt: Copied (new)
2026/07/14 21:55:53 INFO  : HateMM/RAC_tarc_g1/RAC_lr0.0001_Bz64_Ep30_cosSim_triplet_drop[0.2, 0.4, 0.1]_topK20__PseudoGold_positive_1_hard_negative_1_seed0_hybrid_loss_v1require_tarc-gt_oracle-hnrequire_ORACLE_CEILING/ckpt/epoch_model_16_0.7757009345794392.pt: Copied (new)
2026/07/14 21:55:53 INFO  : HateMM/RAC_tarc_g1/RAC_lr0.0001_Bz64_Ep30_cosSim_triplet_drop[0.2, 0.4, 0.1]_topK20__PseudoGold_positive_1_hard_negative_1_seed0_hybrid_loss_v1require_tarc-gt_oracle-hnrequire_ORACLE_CEILING/ckpt/epoch_model_17_0.794392523364486.pt: Copied (new)
2026/07/14 21:55:54 INFO  : HateMM/RAC_tarc_g1/RAC_lr0.0001_Bz64_Ep30_cosSim_triplet_drop[0.2, 0.4, 0.1]_topK20__PseudoGold_positive_1_hard_negative_1_seed2_hybrid_loss_v1require_tarc-gt_oracle-hnrequire_ORACLE_CEILING/ckpt/best_model_10_0.7850467289719626.pt: Copied (new)
2026/07/14 21:55:55 INFO  : HateMM/RAC_tarc_g1/RAC_lr0.0001_Bz64_Ep30_cosSim_triplet_drop[0.2, 0.4, 0.1]_topK20__PseudoGold_positive_1_hard_negative_1_seed0_hybrid_loss_v1require_tarc-gt_oracle-hnrequire_ORACLE_CEILING/ckpt/epoch_model_22_0.8037383177570093.pt: Copied (new)
2026/07/14 21:55:55 INFO  : HateMM/RAC_tarc_g1/RAC_lr0.0001_Bz64_Ep30_cosSim_triplet_drop[0.2, 0.4, 0.1]_topK20__PseudoGold_positive_1_hard_negative_1_seed0_hybrid_loss_v1require_tarc-gt_oracle-hnrequire_ORACLE_CEILING/ckpt/epoch_model_20_0.8037383177570093.pt: Copied (new)
2026/07/14 21:55:55 INFO  : HateMM/RAC_tarc_g1/RAC_lr0.0001_Bz64_Ep30_cosSim_triplet_drop[0.2, 0.4, 0.1]_topK20__PseudoGold_positive_1_hard_negative_1_seed0_hybrid_loss_v1require_tarc-gt_oracle-hnrequire_ORACLE_CEILING/ckpt/epoch_model_18_0.7663551401869159.pt: Copied (new)
2026/07/14 21:55:55 INFO  : HateMM/RAC_tarc_g1/RAC_lr0.0001_Bz64_Ep30_cosSim_triplet_drop[0.2, 0.4, 0.1]_topK20__PseudoGold_positive_1_hard_negative_1_seed0_hybrid_loss_v1require_tarc-gt_oracle-hnrequire_ORACLE_CEILING/ckpt/epoch_model_19_0.7850467289719626.pt: Copied (new)
2026/07/14 21:55:55 INFO  : HateMM/RAC_tarc_g1/RAC_lr0.0001_Bz64_Ep30_cosSim_triplet_drop[0.2, 0.4, 0.1]_topK20__PseudoGold_positive_1_hard_negative_1_seed0_hybrid_loss_v1require_tarc-gt_oracle-hnrequire_ORACLE_CEILING/ckpt/epoch_model_21_0.8317757009345794.pt: Copied (new)
2026/07/14 21:55:57 INFO  : HateMM/RAC_tarc_g1/RAC_lr0.0001_Bz64_Ep30_cosSim_triplet_drop[0.2, 0.4, 0.1]_topK20__PseudoGold_positive_1_hard_negative_1_seed0_hybrid_loss_v1require_tarc-gt_oracle-hnrequire_ORACLE_CEILING/ckpt/epoch_model_23_0.822429906542056.pt: Copied (new)
2026/07/14 21:55:57 INFO  : HateMM/RAC_tarc_g1/RAC_lr0.0001_Bz64_Ep30_cosSim_triplet_drop[0.2, 0.4, 0.1]_topK20__PseudoGold_positive_1_hard_negative_1_seed0_hybrid_loss_v1require_tarc-gt_oracle-hnrequire_ORACLE_CEILING/ckpt/epoch_model_25_0.8130841121495327.pt: Copied (new)
2026/07/14 21:55:57 INFO  : HateMM/RAC_tarc_g1/RAC_lr0.0001_Bz64_Ep30_cosSim_triplet_drop[0.2, 0.4, 0.1]_topK20__PseudoGold_positive_1_hard_negative_1_seed0_hybrid_loss_v1require_tarc-gt_oracle-hnrequire_ORACLE_CEILING/ckpt/epoch_model_24_0.8037383177570093.pt: Copied (new)
2026/07/14 21:55:57 INFO  : HateMM/RAC_tarc_g1/RAC_lr0.0001_Bz64_Ep30_cosSim_triplet_drop[0.2, 0.4, 0.1]_topK20__PseudoGold_positive_1_hard_negative_1_seed0_hybrid_loss_v1require_tarc-gt_oracle-hnrequire_ORACLE_CEILING/ckpt/epoch_model_28_0.8130841121495327.pt: Copied (new)
2026/07/14 21:55:57 INFO  : HateMM/RAC_tarc_g1/RAC_lr0.0001_Bz64_Ep30_cosSim_triplet_drop[0.2, 0.4, 0.1]_topK20__PseudoGold_positive_1_hard_negative_1_seed0_hybrid_loss_v1require_tarc-gt_oracle-hnrequire_ORACLE_CEILING/ckpt/best_model_21_0.8317757009345794.pt: Copied (new)
2026/07/14 21:55:57 INFO  : HateMM/RAC_tarc_g1/RAC_lr0.0001_Bz64_Ep30_cosSim_triplet_drop[0.2, 0.4, 0.1]_topK20__PseudoGold_positive_1_hard_negative_1_seed0_hybrid_loss_v1require_tarc-gt_oracle-hnrequire_ORACLE_CEILING/ckpt/epoch_model_26_0.8037383177570093.pt: Copied (new)
2026/07/14 21:55:58 INFO  : HateMM/RAC_tarc_g1/RAC_lr0.0001_Bz64_Ep30_cosSim_triplet_drop[0.2, 0.4, 0.1]_topK20__PseudoGold_positive_1_hard_negative_1_seed0_hybrid_loss_v1require_tarc-gt_oracle-hnrequire_ORACLE_CEILING/ckpt/epoch_model_3_0.7757009345794392.pt: Copied (new)
2026/07/14 21:55:59 INFO  : HateMM/RAC_tarc_g1/RAC_lr0.0001_Bz64_Ep30_cosSim_triplet_drop[0.2, 0.4, 0.1]_topK20__PseudoGold_positive_1_hard_negative_1_seed0_hybrid_loss_v1require_tarc-gt_oracle-hnrequire_ORACLE_CEILING/ckpt/epoch_model_29_0.8130841121495327.pt: Copied (new)
2026/07/14 21:55:59 INFO  : HateMM/RAC_tarc_g1/RAC_lr0.0001_Bz64_Ep30_cosSim_triplet_drop[0.2, 0.4, 0.1]_topK20__PseudoGold_positive_1_hard_negative_1_seed0_hybrid_loss_v1require_tarc-gt_oracle-hnrequire_ORACLE_CEILING/ckpt/epoch_model_2_0.7757009345794392.pt: Copied (new)
2026/07/14 21:56:00 INFO  : HateMM/RAC_tarc_g1/RAC_lr0.0001_Bz64_Ep30_cosSim_triplet_drop[0.2, 0.4, 0.1]_topK20__PseudoGold_positive_1_hard_negative_1_seed0_hybrid_loss_v1require_tarc-gt_oracle-hnrequire_ORACLE_CEILING/ckpt/epoch_model_27_0.8130841121495327.pt: Copied (new)
2026/07/14 21:56:00 INFO  : HateMM/RAC_tarc_g1/RAC_lr0.0001_Bz64_Ep30_cosSim_triplet_drop[0.2, 0.4, 0.1]_topK20__PseudoGold_positive_1_hard_negative_1_seed0_hybrid_loss_v1require_tarc-gt_oracle-hnrequire_ORACLE_CEILING/ckpt/epoch_model_6_0.8130841121495327.pt: Copied (new)
2026/07/14 21:56:00 INFO  : HateMM/RAC_tarc_g1/RAC_lr0.0001_Bz64_Ep30_cosSim_triplet_drop[0.2, 0.4, 0.1]_topK20__PseudoGold_positive_1_hard_negative_1_seed0_hybrid_loss_v1require_tarc-gt_oracle-hnrequire_ORACLE_CEILING/ckpt/epoch_model_4_0.7850467289719626.pt: Copied (new)
2026/07/14 21:56:00 INFO  : HateMM/RAC_tarc_g1/RAC_lr0.0001_Bz64_Ep30_cosSim_triplet_drop[0.2, 0.4, 0.1]_topK20__PseudoGold_positive_1_hard_negative_1_seed0_hybrid_loss_v1require_tarc-gt_oracle-hnrequire_ORACLE_CEILING/ckpt/epoch_model_7_0.7476635514018691.pt: Copied (new)
2026/07/14 21:56:02 INFO  : HateMM/RAC_tarc_g1/RAC_lr0.0001_Bz64_Ep30_cosSim_triplet_drop[0.2, 0.4, 0.1]_topK20__PseudoGold_positive_1_hard_negative_1_seed1_hybrid_loss_v2vg0.5_tarc-gt_oracle-vg0.5_ORACLE_CEILING/ckpt/best_model_6_0.8504672897196262.pt: Copied (new)
2026/07/14 21:56:02 INFO  : HateMM/RAC_tarc_g1/RAC_lr0.0001_Bz64_Ep30_cosSim_triplet_drop[0.2, 0.4, 0.1]_topK20__PseudoGold_positive_1_hard_negative_1_seed0_hybrid_loss_v1require_tarc-gt_oracle-hnrequire_ORACLE_CEILING/ckpt/epoch_model_9_0.7850467289719626.pt: Copied (new)
2026/07/14 21:56:02 INFO  : HateMM/RAC_tarc_g1/RAC_lr0.0001_Bz64_Ep30_cosSim_triplet_drop[0.2, 0.4, 0.1]_topK20__PseudoGold_positive_1_hard_negative_1_seed1_hybrid_loss_v2vg0.5_tarc-gt_oracle-vg0.5_ORACLE_CEILING/ckpt/best_model_8_0.8504672897196262.pt: Copied (new)
2026/07/14 21:56:03 INFO  : HateMM/RAC_tarc_g1/RAC_lr0.0001_Bz64_Ep30_cosSim_triplet_drop[0.2, 0.4, 0.1]_topK20__PseudoGold_positive_1_hard_negative_1_seed1_hybrid_loss_v2vg0.5_tarc-gt_oracle-vg0.5_ORACLE_CEILING/ckpt/best_model_5_0.8317757009345794.pt: Copied (new)
2026/07/14 21:56:03 INFO  : HateMM/RAC_tarc_g1/RAC_lr0.0001_Bz64_Ep30_cosSim_triplet_drop[0.2, 0.4, 0.1]_topK20__PseudoGold_positive_1_hard_negative_1_seed0_hybrid_loss_v1require_tarc-gt_oracle-hnrequire_ORACLE_CEILING/ckpt/last_model_29_0.8130841121495327.pt: Copied (new)
2026/07/14 21:56:03 INFO  : HateMM/RAC_tarc_g1/RAC_lr0.0001_Bz64_Ep30_cosSim_triplet_drop[0.2, 0.4, 0.1]_topK20__PseudoGold_positive_1_hard_negative_1_seed0_hybrid_loss_v1require_tarc-gt_oracle-hnrequire_ORACLE_CEILING/ckpt/epoch_model_1_0.719626168224299.pt: Copied (new)
2026/07/14 21:56:04 INFO  : HateMM/RAC_tarc_g1/RAC_lr0.0001_Bz64_Ep30_cosSim_triplet_drop[0.2, 0.4, 0.1]_topK20__PseudoGold_positive_1_hard_negative_1_seed1_hybrid_loss_v2vg0.5_tarc-gt_oracle-vg0.5_ORACLE_CEILING/ckpt/epoch_model_0_0.8317757009345794.pt: Copied (new)
2026/07/14 21:56:04 INFO  : HateMM/RAC_tarc_g1/RAC_lr0.0001_Bz64_Ep30_cosSim_triplet_drop[0.2, 0.4, 0.1]_topK20__PseudoGold_positive_1_hard_negative_1_seed0_hybrid_loss_v1require_tarc-gt_oracle-hnrequire_ORACLE_CEILING/ckpt/epoch_model_8_0.7850467289719626.pt: Copied (new)
2026/07/14 21:56:04 INFO  : HateMM/RAC_tarc_g1/RAC_lr0.0001_Bz64_Ep30_cosSim_triplet_drop[0.2, 0.4, 0.1]_topK20__PseudoGold_positive_1_hard_negative_1_seed1_hybrid_loss_v2vg0.5_tarc-gt_oracle-vg0.5_ORACLE_CEILING/ckpt/epoch_model_10_0.8317757009345794.pt: Copied (new)
2026/07/14 21:56:05 INFO  : HateMM/RAC_tarc_g1/RAC_lr0.0001_Bz64_Ep30_cosSim_triplet_drop[0.2, 0.4, 0.1]_topK20__PseudoGold_positive_1_hard_negative_1_seed1_hybrid_loss_v2vg0.5_tarc-gt_oracle-vg0.5_ORACLE_CEILING/ckpt/epoch_model_11_0.8037383177570093.pt: Copied (new)
2026/07/14 21:56:05 INFO  : HateMM/RAC_tarc_g1/RAC_lr0.0001_Bz64_Ep30_cosSim_triplet_drop[0.2, 0.4, 0.1]_topK20__PseudoGold_positive_1_hard_negative_1_seed1_hybrid_loss_v2vg0.5_tarc-gt_oracle-vg0.5_ORACLE_CEILING/ckpt/epoch_model_12_0.8037383177570093.pt: Copied (new)
2026/07/14 21:56:06 INFO  : HateMM/RAC_tarc_g1/RAC_lr0.0001_Bz64_Ep30_cosSim_triplet_drop[0.2, 0.4, 0.1]_topK20__PseudoGold_positive_1_hard_negative_1_seed1_hybrid_loss_v2vg0.5_tarc-gt_oracle-vg0.5_ORACLE_CEILING/ckpt/epoch_model_14_0.7850467289719626.pt: Copied (new)
2026/07/14 21:56:06 INFO  : HateMM/RAC_tarc_g1/RAC_lr0.0001_Bz64_Ep30_cosSim_triplet_drop[0.2, 0.4, 0.1]_topK20__PseudoGold_positive_1_hard_negative_1_seed1_hybrid_loss_v2vg0.5_tarc-gt_oracle-vg0.5_ORACLE_CEILING/ckpt/epoch_model_15_0.7850467289719626.pt: Copied (new)
2026/07/14 21:56:07 INFO  : HateMM/RAC_tarc_g1/RAC_lr0.0001_Bz64_Ep30_cosSim_triplet_drop[0.2, 0.4, 0.1]_topK20__PseudoGold_positive_1_hard_negative_1_seed2_hybrid_loss_off/ckpt/best_model_24_0.8691588785046729.pt: Copied (new)
2026/07/14 21:56:07 INFO  : HateMM/RAC_tarc_g1/RAC_lr0.0001_Bz64_Ep30_cosSim_triplet_drop[0.2, 0.4, 0.1]_topK20__PseudoGold_positive_1_hard_negative_1_seed1_hybrid_loss_v2vg0.5_tarc-gt_oracle-vg0.5_ORACLE_CEILING/ckpt/epoch_model_16_0.794392523364486.pt: Copied (new)
2026/07/14 21:56:07 INFO  : HateMM/RAC_tarc_g1/RAC_lr0.0001_Bz64_Ep30_cosSim_triplet_drop[0.2, 0.4, 0.1]_topK20__PseudoGold_positive_1_hard_negative_1_seed0_hybrid_loss_v1require_tarc-gt_oracle-hnrequire_ORACLE_CEILING/ckpt/epoch_model_5_0.7850467289719626.pt: Copied (new)
2026/07/14 21:56:08 INFO  : HateMM/RAC_tarc_g1/RAC_lr0.0001_Bz64_Ep30_cosSim_triplet_drop[0.2, 0.4, 0.1]_topK20__PseudoGold_positive_1_hard_negative_1_seed1_hybrid_loss_v2vg0.5_tarc-gt_oracle-vg0.5_ORACLE_CEILING/ckpt/epoch_model_17_0.822429906542056.pt: Copied (new)
2026/07/14 21:56:08 INFO  : HateMM/RAC_tarc_g1/RAC_lr0.0001_Bz64_Ep30_cosSim_triplet_drop[0.2, 0.4, 0.1]_topK20__PseudoGold_positive_1_hard_negative_1_seed1_hybrid_loss_v2vg0.5_tarc-gt_oracle-vg0.5_ORACLE_CEILING/ckpt/epoch_model_18_0.8130841121495327.pt: Copied (new)
2026/07/14 21:56:08 INFO  : HateMM/RAC_tarc_g1/RAC_lr0.0001_Bz64_Ep30_cosSim_triplet_drop[0.2, 0.4, 0.1]_topK20__PseudoGold_positive_1_hard_negative_1_seed1_hybrid_loss_v2vg0.5_tarc-gt_oracle-vg0.5_ORACLE_CEILING/ckpt/epoch_model_13_0.822429906542056.pt: Copied (new)
2026/07/14 21:56:08 INFO  : HateMM/RAC_tarc_g1/RAC_lr0.0001_Bz64_Ep30_cosSim_triplet_drop[0.2, 0.4, 0.1]_topK20__PseudoGold_positive_1_hard_negative_1_seed2_hybrid_loss_v1require_tarc-gt_oracle-hnrequire_ORACLE_CEILING/ckpt/best_model_11_0.8504672897196262.pt: Copied (new)
2026/07/14 21:56:09 INFO  : HateMM/RAC_tarc_g1/RAC_lr0.0001_Bz64_Ep30_cosSim_triplet_drop[0.2, 0.4, 0.1]_topK20__PseudoGold_positive_1_hard_negative_1_seed2_hybrid_loss_v1require_tarc-gt_oracle-hnrequire_ORACLE_CEILING/ckpt/best_model_5_0.7570093457943925.pt: Copied (new)
2026/07/14 21:56:09 INFO  : HateMM/RAC_tarc_g1/RAC_lr0.0001_Bz64_Ep30_cosSim_triplet_drop[0.2, 0.4, 0.1]_topK20__PseudoGold_positive_1_hard_negative_1_seed1_hybrid_loss_v2vg0.5_tarc-gt_oracle-vg0.5_ORACLE_CEILING/ckpt/epoch_model_1_0.8317757009345794.pt: Copied (new)
2026/07/14 21:56:09 INFO  : HateMM/RAC_tarc_g1/RAC_lr0.0001_Bz64_Ep30_cosSim_triplet_drop[0.2, 0.4, 0.1]_topK20__PseudoGold_positive_1_hard_negative_1_seed1_hybrid_loss_v2vg0.5_tarc-gt_oracle-vg0.5_ORACLE_CEILING/ckpt/epoch_model_19_0.8317757009345794.pt: Copied (new)
2026/07/14 21:56:10 INFO  : HateMM/RAC_tarc_g1/RAC_lr0.0001_Bz64_Ep30_cosSim_triplet_drop[0.2, 0.4, 0.1]_topK20__PseudoGold_positive_1_hard_negative_1_seed1_hybrid_loss_v1prefer_tarc-gt_oracle-hnprefer_ORACLE_CEILING/ckpt/epoch_model_27_0.8317757009345794.pt: Copied (new)
2026/07/14 21:56:10 INFO  : HateMM/RAC_tarc_g1/RAC_lr0.0001_Bz64_Ep30_cosSim_triplet_drop[0.2, 0.4, 0.1]_topK20__PseudoGold_positive_1_hard_negative_1_seed1_hybrid_loss_v2vg0.5_tarc-gt_oracle-vg0.5_ORACLE_CEILING/ckpt/epoch_model_23_0.8411214953271028.pt: Copied (new)
2026/07/14 21:56:10 INFO  : HateMM/RAC_tarc_g1/RAC_lr0.0001_Bz64_Ep30_cosSim_triplet_drop[0.2, 0.4, 0.1]_topK20__PseudoGold_positive_1_hard_negative_1_seed1_hybrid_loss_v2vg0.5_tarc-gt_oracle-vg0.5_ORACLE_CEILING/ckpt/epoch_model_22_0.8317757009345794.pt: Copied (new)
2026/07/14 21:56:10 INFO  : HateMM/RAC_tarc_g1/RAC_lr0.0001_Bz64_Ep30_cosSim_triplet_drop[0.2, 0.4, 0.1]_topK20__PseudoGold_positive_1_hard_negative_1_seed1_hybrid_loss_v2vg0.5_tarc-gt_oracle-vg0.5_ORACLE_CEILING/ckpt/epoch_model_21_0.8317757009345794.pt: Copied (new)
2026/07/14 21:56:11 INFO  : HateMM/RAC_tarc_g1/RAC_lr0.0001_Bz64_Ep30_cosSim_triplet_drop[0.2, 0.4, 0.1]_topK20__PseudoGold_positive_1_hard_negative_1_seed1_hybrid_loss_v2vg0.5_tarc-gt_oracle-vg0.5_ORACLE_CEILING/ckpt/epoch_model_25_0.8130841121495327.pt: Copied (new)
2026/07/14 21:56:11 INFO  : MHC/RAC_tarc_g3mhc/RAC_lr0.0001_Bz64_Ep30_cosSim_triplet_drop[0.2, 0.4, 0.1]_topK20__PseudoGold_positive_1_hard_negative_1_seed2_hybrid_loss_v1prefer_tarc-mllm_pred-hnprefer/ckpt/best_model_9_0.725.pt: Copied (new)
2026/07/14 21:56:12 INFO  : HateMM/RAC_tarc_g1/RAC_lr0.0001_Bz64_Ep30_cosSim_triplet_drop[0.2, 0.4, 0.1]_topK20__PseudoGold_positive_1_hard_negative_1_seed1_hybrid_loss_v2vg0.5_tarc-gt_oracle-vg0.5_ORACLE_CEILING/ckpt/epoch_model_24_0.8411214953271028.pt: Copied (new)
2026/07/14 21:56:12 INFO  : HateMM/RAC_tarc_g1/RAC_lr0.0001_Bz64_Ep30_cosSim_triplet_drop[0.2, 0.4, 0.1]_topK20__PseudoGold_positive_1_hard_negative_1_seed1_hybrid_loss_v3lt0.1_tarc-gt_oracle-lt0.1_ORACLE_CEILING/ckpt/best_model_11_0.794392523364486.pt: Copied (new)
2026/07/14 21:56:12 INFO  : HateMM/RAC_tarc_g1/RAC_lr0.0001_Bz64_Ep30_cosSim_triplet_drop[0.2, 0.4, 0.1]_topK20__PseudoGold_positive_1_hard_negative_1_seed1_hybrid_loss_v2vg0.5_tarc-gt_oracle-vg0.5_ORACLE_CEILING/ckpt/epoch_model_26_0.8504672897196262.pt: Copied (new)
2026/07/14 21:56:12 INFO  : HateMM/RAC_tarc_g1/RAC_lr0.0001_Bz64_Ep30_cosSim_triplet_drop[0.2, 0.4, 0.1]_topK20__PseudoGold_positive_1_hard_negative_1_seed0_hybrid_loss_v3lt0.5_tarc-gt_oracle-lt0.5_ORACLE_CEILING/ckpt/epoch_model_25_0.7850467289719626.pt: Copied (new)
2026/07/14 21:56:12 INFO  : HateMM/RAC_tarc_g1/RAC_lr0.0001_Bz64_Ep30_cosSim_triplet_drop[0.2, 0.4, 0.1]_topK20__PseudoGold_positive_1_hard_negative_1_seed1_hybrid_loss_v2vg0.5_tarc-gt_oracle-vg0.5_ORACLE_CEILING/ckpt/epoch_model_27_0.822429906542056.pt: Copied (new)
2026/07/14 21:56:13 INFO  : HateMM/RAC_tarc_g1/RAC_lr0.0001_Bz64_Ep30_cosSim_triplet_drop[0.2, 0.4, 0.1]_topK20__PseudoGold_positive_1_hard_negative_1_seed2_hybrid_loss_v1require_tarc-gt_oracle-hnrequire_ORACLE_CEILING/ckpt/best_model_6_0.7570093457943925.pt: Copied (new)
2026/07/14 21:56:14 INFO  : HateMM/RAC_tarc_g1/RAC_lr0.0001_Bz64_Ep30_cosSim_triplet_drop[0.2, 0.4, 0.1]_topK20__PseudoGold_positive_1_hard_negative_1_seed1_hybrid_loss_v2vg0.5_tarc-gt_oracle-vg0.5_ORACLE_CEILING/ckpt/epoch_model_28_0.822429906542056.pt: Copied (new)
2026/07/14 21:56:14 INFO  : HateMM/RAC_tarc_g1/RAC_lr0.0001_Bz64_Ep30_cosSim_triplet_drop[0.2, 0.4, 0.1]_topK20__PseudoGold_positive_1_hard_negative_1_seed2_hybrid_loss_v1require_tarc-gt_oracle-hnrequire_ORACLE_CEILING/ckpt/epoch_model_11_0.8504672897196262.pt: Copied (new)
2026/07/14 21:56:14 INFO  : HateMM/RAC_tarc_g1/RAC_lr0.0001_Bz64_Ep30_cosSim_triplet_drop[0.2, 0.4, 0.1]_topK20__PseudoGold_positive_1_hard_negative_1_seed1_hybrid_loss_v2vg0.5_tarc-gt_oracle-vg0.5_ORACLE_CEILING/ckpt/epoch_model_29_0.8130841121495327.pt: Copied (new)
2026/07/14 21:56:15 INFO  : HateMM/RAC_tarc_g1/RAC_lr0.0001_Bz64_Ep30_cosSim_triplet_drop[0.2, 0.4, 0.1]_topK20__PseudoGold_positive_1_hard_negative_1_seed2_hybrid_loss_v1require_tarc-gt_oracle-hnrequire_ORACLE_CEILING/ckpt/epoch_model_0_0.7757009345794392.pt: Copied (new)
2026/07/14 21:56:15 INFO  : HateMM/RAC_tarc_g1/RAC_lr0.0001_Bz64_Ep30_cosSim_triplet_drop[0.2, 0.4, 0.1]_topK20__PseudoGold_positive_1_hard_negative_1_seed2_hybrid_loss_v1require_tarc-gt_oracle-hnrequire_ORACLE_CEILING/ckpt/epoch_model_10_0.7850467289719626.pt: Copied (new)
2026/07/14 21:56:16 INFO  : HateMM/RAC_tarc_g1/RAC_lr0.0001_Bz64_Ep30_cosSim_triplet_drop[0.2, 0.4, 0.1]_topK20__PseudoGold_positive_1_hard_negative_1_seed1_hybrid_loss_v2vg0.5_tarc-gt_oracle-vg0.5_ORACLE_CEILING/ckpt/epoch_model_2_0.8411214953271028.pt: Copied (new)
2026/07/14 21:56:16 INFO  : HateMM/RAC_tarc_g1/RAC_lr0.0001_Bz64_Ep30_cosSim_triplet_drop[0.2, 0.4, 0.1]_topK20__PseudoGold_positive_1_hard_negative_1_seed1_hybrid_loss_v2vg0.5_tarc-gt_oracle-vg0.5_ORACLE_CEILING/ckpt/epoch_model_4_0.8504672897196262.pt: Copied (new)
2026/07/14 21:56:17 INFO  : HateMM/RAC_tarc_g1/RAC_lr0.0001_Bz64_Ep30_cosSim_triplet_drop[0.2, 0.4, 0.1]_topK20__PseudoGold_positive_1_hard_negative_1_seed2_hybrid_loss_v1require_tarc-gt_oracle-hnrequire_ORACLE_CEILING/ckpt/epoch_model_13_0.8037383177570093.pt: Copied (new)
2026/07/14 21:56:17 INFO  : HateMM/RAC_tarc_g1/RAC_lr0.0001_Bz64_Ep30_cosSim_triplet_drop[0.2, 0.4, 0.1]_topK20__PseudoGold_positive_1_hard_negative_1_seed2_hybrid_loss_v1require_tarc-gt_oracle-hnrequire_ORACLE_CEILING/ckpt/epoch_model_14_0.8317757009345794.pt: Copied (new)
2026/07/14 21:56:17 INFO  : HateMM/RAC_tarc_g1/RAC_lr0.0001_Bz64_Ep30_cosSim_triplet_drop[0.2, 0.4, 0.1]_topK20__PseudoGold_positive_1_hard_negative_1_seed2_hybrid_loss_v1require_tarc-gt_oracle-hnrequire_ORACLE_CEILING/ckpt/epoch_model_12_0.7663551401869159.pt: Copied (new)
2026/07/14 21:56:17 INFO  : HateMM/RAC_tarc_g1/RAC_lr0.0001_Bz64_Ep30_cosSim_triplet_drop[0.2, 0.4, 0.1]_topK20__PseudoGold_positive_1_hard_negative_1_seed1_hybrid_loss_v2vg0.5_tarc-gt_oracle-vg0.5_ORACLE_CEILING/ckpt/epoch_model_20_0.8317757009345794.pt: Copied (new)
2026/07/14 21:56:18 INFO  : HateMM/RAC_tarc_g1/RAC_lr0.0001_Bz64_Ep30_cosSim_triplet_drop[0.2, 0.4, 0.1]_topK20__PseudoGold_positive_1_hard_negative_1_seed2_hybrid_loss_v1require_tarc-gt_oracle-hnrequire_ORACLE_CEILING/ckpt/epoch_model_15_0.822429906542056.pt: Copied (new)
2026/07/14 21:56:19 INFO  : HateMM/RAC_tarc_g1/RAC_lr0.0001_Bz64_Ep30_cosSim_triplet_drop[0.2, 0.4, 0.1]_topK20__PseudoGold_positive_1_hard_negative_1_seed2_hybrid_loss_v1require_tarc-gt_oracle-hnrequire_ORACLE_CEILING/ckpt/epoch_model_17_0.7850467289719626.pt: Copied (new)
2026/07/14 21:56:19 INFO  : HateMM/RAC_tarc_g1/RAC_lr0.0001_Bz64_Ep30_cosSim_triplet_drop[0.2, 0.4, 0.1]_topK20__PseudoGold_positive_1_hard_negative_1_seed2_hybrid_loss_v1require_tarc-gt_oracle-hnrequire_ORACLE_CEILING/ckpt/epoch_model_16_0.8130841121495327.pt: Copied (new)
2026/07/14 21:56:19 INFO  : HateMM/RAC_tarc_g1/RAC_lr0.0001_Bz64_Ep30_cosSim_triplet_drop[0.2, 0.4, 0.1]_topK20__PseudoGold_positive_1_hard_negative_1_seed1_hybrid_loss_v2vg0.5_tarc-gt_oracle-vg0.5_ORACLE_CEILING/ckpt/epoch_model_3_0.8504672897196262.pt: Copied (new)
2026/07/14 21:56:19 INFO  : HateMM/RAC_tarc_g1/RAC_lr0.0001_Bz64_Ep30_cosSim_triplet_drop[0.2, 0.4, 0.1]_topK20__PseudoGold_positive_1_hard_negative_1_seed2_hybrid_loss_v1require_tarc-gt_oracle-hnrequire_ORACLE_CEILING/ckpt/epoch_model_1_0.7663551401869159.pt: Copied (new)
2026/07/14 21:56:20 INFO  : HateMM/RAC_tarc_g1/RAC_lr0.0001_Bz64_Ep30_cosSim_triplet_drop[0.2, 0.4, 0.1]_topK20__PseudoGold_positive_1_hard_negative_1_seed2_hybrid_loss_v1require_tarc-gt_oracle-hnrequire_ORACLE_CEILING/ckpt/epoch_model_19_0.822429906542056.pt: Copied (new)
2026/07/14 21:56:20 INFO  : HateMM/RAC_tarc_g1/RAC_lr0.0001_Bz64_Ep30_cosSim_triplet_drop[0.2, 0.4, 0.1]_topK20__PseudoGold_positive_1_hard_negative_1_seed2_hybrid_loss_v1require_tarc-gt_oracle-hnrequire_ORACLE_CEILING/ckpt/epoch_model_18_0.8037383177570093.pt: Copied (new)
2026/07/14 21:56:20 INFO  : HateMM/RAC_tarc_g1/RAC_lr0.0001_Bz64_Ep30_cosSim_triplet_drop[0.2, 0.4, 0.1]_topK20__PseudoGold_positive_1_hard_negative_1_seed2_hybrid_loss_v1require_tarc-gt_oracle-hnrequire_ORACLE_CEILING/ckpt/epoch_model_20_0.8037383177570093.pt: Copied (new)
2026/07/14 21:56:21 INFO  : HateMM/RAC_tarc_g1/RAC_lr0.0001_Bz64_Ep30_cosSim_triplet_drop[0.2, 0.4, 0.1]_topK20__PseudoGold_positive_1_hard_negative_1_seed1_hybrid_loss_v2vg0.5_tarc-gt_oracle-vg0.5_ORACLE_CEILING/ckpt/epoch_model_6_0.8504672897196262.pt: Copied (new)
2026/07/14 21:56:21 INFO  : HateMM/RAC_tarc_g1/RAC_lr0.0001_Bz64_Ep30_cosSim_triplet_drop[0.2, 0.4, 0.1]_topK20__PseudoGold_positive_1_hard_negative_1_seed2_hybrid_loss_v1require_tarc-gt_oracle-hnrequire_ORACLE_CEILING/ckpt/epoch_model_21_0.822429906542056.pt: Copied (new)
2026/07/14 21:56:21 INFO  : HateMM/RAC_tarc_g1/RAC_lr0.0001_Bz64_Ep30_cosSim_triplet_drop[0.2, 0.4, 0.1]_topK20__PseudoGold_positive_1_hard_negative_1_seed1_hybrid_loss_v2vg0.5_tarc-gt_oracle-vg0.5_ORACLE_CEILING/ckpt/epoch_model_5_0.8317757009345794.pt: Copied (new)
2026/07/14 21:56:22 INFO  : HateMM/RAC_tarc_g1/RAC_lr0.0001_Bz64_Ep30_cosSim_triplet_drop[0.2, 0.4, 0.1]_topK20__PseudoGold_positive_1_hard_negative_1_seed2_hybrid_loss_v1require_tarc-gt_oracle-hnrequire_ORACLE_CEILING/ckpt/epoch_model_22_0.8317757009345794.pt: Copied (new)
2026/07/14 21:56:22 INFO  : HateMM/RAC_tarc_g1/RAC_lr0.0001_Bz64_Ep30_cosSim_triplet_drop[0.2, 0.4, 0.1]_topK20__PseudoGold_positive_1_hard_negative_1_seed2_hybrid_loss_v1require_tarc-gt_oracle-hnrequire_ORACLE_CEILING/ckpt/epoch_model_24_0.8411214953271028.pt: Copied (new)
2026/07/14 21:56:22 INFO  : HateMM/RAC_tarc_g1/RAC_lr0.0001_Bz64_Ep30_cosSim_triplet_drop[0.2, 0.4, 0.1]_topK20__PseudoGold_positive_1_hard_negative_1_seed1_hybrid_loss_v2vg0.5_tarc-gt_oracle-vg0.5_ORACLE_CEILING/ckpt/epoch_model_7_0.8317757009345794.pt: Copied (new)
2026/07/14 21:56:23 INFO  : HateMM/RAC_tarc_g1/RAC_lr0.0001_Bz64_Ep30_cosSim_triplet_drop[0.2, 0.4, 0.1]_topK20__PseudoGold_positive_1_hard_negative_1_seed1_hybrid_loss_v2vg0.5_tarc-gt_oracle-vg0.5_ORACLE_CEILING/ckpt/epoch_model_8_0.8504672897196262.pt: Copied (new)
2026/07/14 21:56:23 INFO  : HateMM/RAC_tarc_g1/RAC_lr0.0001_Bz64_Ep30_cosSim_triplet_drop[0.2, 0.4, 0.1]_topK20__PseudoGold_positive_1_hard_negative_1_seed1_hybrid_loss_v2vg0.5_tarc-gt_oracle-vg0.5_ORACLE_CEILING/ckpt/epoch_model_9_0.8411214953271028.pt: Copied (new)
2026/07/14 21:56:23 INFO  : HateMM/RAC_tarc_g1/RAC_lr0.0001_Bz64_Ep30_cosSim_triplet_drop[0.2, 0.4, 0.1]_topK20__PseudoGold_positive_1_hard_negative_1_seed1_hybrid_loss_v2vg0.5_tarc-gt_oracle-vg0.5_ORACLE_CEILING/ckpt/last_model_29_0.8130841121495327.pt: Copied (new)
2026/07/14 21:56:24 INFO  : HateMM/RAC_tarc_g1/RAC_lr0.0001_Bz64_Ep30_cosSim_triplet_drop[0.2, 0.4, 0.1]_topK20__PseudoGold_positive_1_hard_negative_1_seed2_hybrid_loss_v1require_tarc-gt_oracle-hnrequire_ORACLE_CEILING/ckpt/epoch_model_26_0.8037383177570093.pt: Copied (new)
2026/07/14 21:56:24 INFO  : HateMM/RAC_tarc_g1/RAC_lr0.0001_Bz64_Ep30_cosSim_triplet_drop[0.2, 0.4, 0.1]_topK20__PseudoGold_positive_1_hard_negative_1_seed2_hybrid_loss_v1require_tarc-gt_oracle-hnrequire_ORACLE_CEILING/ckpt/epoch_model_25_0.822429906542056.pt: Copied (new)
2026/07/14 21:56:24 INFO  : HateMM/RAC_tarc_g1/RAC_lr0.0001_Bz64_Ep30_cosSim_triplet_drop[0.2, 0.4, 0.1]_topK20__PseudoGold_positive_1_hard_negative_1_seed2_hybrid_loss_v1require_tarc-gt_oracle-hnrequire_ORACLE_CEILING/ckpt/epoch_model_27_0.822429906542056.pt: Copied (new)
2026/07/14 21:56:25 INFO  : HateMM/RAC_tarc_g1/RAC_lr0.0001_Bz64_Ep30_cosSim_triplet_drop[0.2, 0.4, 0.1]_topK20__PseudoGold_positive_1_hard_negative_1_seed2_hybrid_loss_v1require_tarc-gt_oracle-hnrequire_ORACLE_CEILING/ckpt/epoch_model_23_0.8317757009345794.pt: Copied (new)
2026/07/14 21:56:25 INFO  : HateMM/RAC_tarc_g1/RAC_lr0.0001_Bz64_Ep30_cosSim_triplet_drop[0.2, 0.4, 0.1]_topK20__PseudoGold_positive_1_hard_negative_1_seed2_hybrid_loss_v1require_tarc-gt_oracle-hnrequire_ORACLE_CEILING/ckpt/epoch_model_28_0.794392523364486.pt: Copied (new)
2026/07/14 21:56:25 INFO  : HateMM/RAC_tarc_g1/RAC_lr0.0001_Bz64_Ep30_cosSim_triplet_drop[0.2, 0.4, 0.1]_topK20__PseudoGold_positive_1_hard_negative_1_seed2_hybrid_loss_v1require_tarc-gt_oracle-hnrequire_ORACLE_CEILING/ckpt/epoch_model_2_0.7476635514018691.pt: Copied (new)
2026/07/14 21:56:26 INFO  : HateMM/RAC_tarc_g1/RAC_lr0.0001_Bz64_Ep30_cosSim_triplet_drop[0.2, 0.4, 0.1]_topK20__PseudoGold_positive_1_hard_negative_1_seed0_hybrid_loss_v2vg0.5_tarc-gt_oracle-vg0.5_ORACLE_CEILING/ckpt/epoch_model_9_0.822429906542056.pt: Copied (new)
2026/07/14 21:56:26 INFO  : HateMM/RAC_tarc_g1/RAC_lr0.0001_Bz64_Ep30_cosSim_triplet_drop[0.2, 0.4, 0.1]_topK20__PseudoGold_positive_1_hard_negative_1_seed0_hybrid_loss_v2vg0.5_tarc-gt_oracle-vg0.5_ORACLE_CEILING/ckpt/epoch_model_8_0.822429906542056.pt: Copied (new)
2026/07/14 21:56:26 INFO  : HateMM/RAC_tarc_g1/RAC_lr0.0001_Bz64_Ep30_cosSim_triplet_drop[0.2, 0.4, 0.1]_topK20__PseudoGold_positive_1_hard_negative_1_seed2_hybrid_loss_v1require_tarc-gt_oracle-hnrequire_ORACLE_CEILING/ckpt/epoch_model_4_0.7663551401869159.pt: Copied (new)
2026/07/14 21:56:27 INFO  : HateMM/RAC_tarc_g1/RAC_lr0.0001_Bz64_Ep30_cosSim_triplet_drop[0.2, 0.4, 0.1]_topK20__PseudoGold_positive_1_hard_negative_1_seed2_hybrid_loss_v1require_tarc-gt_oracle-hnrequire_ORACLE_CEILING/ckpt/epoch_model_3_0.7570093457943925.pt: Copied (new)
2026/07/14 21:56:27 INFO  : HateMM/RAC_tarc_g1/RAC_lr0.0001_Bz64_Ep30_cosSim_triplet_drop[0.2, 0.4, 0.1]_topK20__PseudoGold_positive_1_hard_negative_1_seed0_hybrid_loss_v2vg0.5_tarc-gt_oracle-vg0.5_ORACLE_CEILING/ckpt/last_model_29_0.794392523364486.pt: Copied (new)
2026/07/14 21:56:28 INFO  : HateMM/RAC_tarc_g1/RAC_lr0.0001_Bz64_Ep30_cosSim_triplet_drop[0.2, 0.4, 0.1]_topK20__PseudoGold_positive_1_hard_negative_1_seed2_hybrid_loss_v1require_tarc-gt_oracle-hnrequire_ORACLE_CEILING/ckpt/epoch_model_6_0.7570093457943925.pt: Copied (new)
2026/07/14 21:56:28 INFO  : HateMM/RAC_tarc_g1/RAC_lr0.0001_Bz64_Ep30_cosSim_triplet_drop[0.2, 0.4, 0.1]_topK20__PseudoGold_positive_1_hard_negative_1_seed2_hybrid_loss_v1require_tarc-gt_oracle-hnrequire_ORACLE_CEILING/ckpt/epoch_model_9_0.7383177570093458.pt: Copied (new)
2026/07/14 21:56:28 INFO  : HateMM/RAC_tarc_g1/RAC_lr0.0001_Bz64_Ep30_cosSim_triplet_drop[0.2, 0.4, 0.1]_topK20__PseudoGold_positive_1_hard_negative_1_seed2_hybrid_loss_v1require_tarc-gt_oracle-hnrequire_ORACLE_CEILING/ckpt/epoch_model_7_0.7476635514018691.pt: Copied (new)
2026/07/14 21:56:29 INFO  : HateMM/RAC_tarc_g1/RAC_lr0.0001_Bz64_Ep30_cosSim_triplet_drop[0.2, 0.4, 0.1]_topK20__PseudoGold_positive_1_hard_negative_1_seed2_hybrid_loss_v1require_tarc-gt_oracle-hnrequire_ORACLE_CEILING/ckpt/epoch_model_5_0.7570093457943925.pt: Copied (new)
2026/07/14 21:56:29 INFO  : HateMM/RAC_tarc_g1/RAC_lr0.0001_Bz64_Ep30_cosSim_triplet_drop[0.2, 0.4, 0.1]_topK20__PseudoGold_positive_1_hard_negative_1_seed2_hybrid_loss_v1require_tarc-gt_oracle-hnrequire_ORACLE_CEILING/ckpt/last_model_29_0.822429906542056.pt: Copied (new)
2026/07/14 21:56:29 INFO  : HateMM/RAC_tarc_g1/RAC_lr0.0001_Bz64_Ep30_cosSim_triplet_drop[0.2, 0.4, 0.1]_topK20__PseudoGold_positive_1_hard_negative_1_seed2_hybrid_loss_v1require_tarc-gt_oracle-hnrequire_ORACLE_CEILING/ckpt/epoch_model_8_0.7383177570093458.pt: Copied (new)
2026/07/14 21:56:29 INFO  : HateMM/RAC_tarc_g1/RAC_lr0.0001_Bz64_Ep30_cosSim_triplet_drop[0.2, 0.4, 0.1]_topK20__PseudoGold_positive_1_hard_negative_1_seed2_hybrid_loss_v1require_tarc-gt_oracle-hnrequire_ORACLE_CEILING/ckpt/epoch_model_29_0.822429906542056.pt: Copied (new)
2026/07/14 21:56:30 INFO  : HateMM/RAC_tarc_g1/RAC_lr0.0001_Bz64_Ep30_cosSim_triplet_drop[0.2, 0.4, 0.1]_topK20__PseudoGold_positive_1_hard_negative_1_seed1_hybrid_loss_off/ckpt/best_model_23_0.8411214953271028.pt: Copied (new)
2026/07/14 21:56:30 INFO  : HateMM/RAC_tarc_g1/RAC_lr0.0001_Bz64_Ep30_cosSim_triplet_drop[0.2, 0.4, 0.1]_topK20__PseudoGold_positive_1_hard_negative_1_seed1_hybrid_loss_off/ckpt/best_model_20_0.8317757009345794.pt: Copied (new)
2026/07/14 21:56:31 INFO  : HateMM/RAC_tarc_g1/RAC_lr0.0001_Bz64_Ep30_cosSim_triplet_drop[0.2, 0.4, 0.1]_topK20__PseudoGold_positive_1_hard_negative_1_seed1_hybrid_loss_off/ckpt/best_model_21_0.8317757009345794.pt: Copied (new)
2026/07/14 21:56:31 INFO  : HateMM/RAC_tarc_g1/RAC_lr0.0001_Bz64_Ep30_cosSim_triplet_drop[0.2, 0.4, 0.1]_topK20__PseudoGold_positive_1_hard_negative_1_seed1_hybrid_loss_off/ckpt/best_model_24_0.8411214953271028.pt: Copied (new)
2026/07/14 21:56:31 INFO  : HateMM/RAC_tarc_g1/RAC_lr0.0001_Bz64_Ep30_cosSim_triplet_drop[0.2, 0.4, 0.1]_topK20__PseudoGold_positive_1_hard_negative_1_seed1_hybrid_loss_off/ckpt/best_model_5_0.8130841121495327.pt: Copied (new)
2026/07/14 21:56:31 INFO  : HateMM/RAC_tarc_g1/RAC_lr0.0001_Bz64_Ep30_cosSim_triplet_drop[0.2, 0.4, 0.1]_topK20__PseudoGold_positive_1_hard_negative_1_seed1_hybrid_loss_off/ckpt/epoch_model_0_0.7663551401869159.pt: Copied (new)
2026/07/14 21:56:32 INFO  : HateMM/RAC_tarc_g1/RAC_lr0.0001_Bz64_Ep30_cosSim_triplet_drop[0.2, 0.4, 0.1]_topK20__PseudoGold_positive_1_hard_negative_1_seed1_hybrid_loss_off/ckpt/best_model_7_0.822429906542056.pt: Copied (new)
2026/07/14 21:56:33 INFO  : HateMM/RAC_tarc_g1/RAC_lr0.0001_Bz64_Ep30_cosSim_triplet_drop[0.2, 0.4, 0.1]_topK20__PseudoGold_positive_1_hard_negative_1_seed1_hybrid_loss_off/ckpt/epoch_model_11_0.7757009345794392.pt: Copied (new)
2026/07/14 21:56:33 INFO  : HateMM/RAC_tarc_g1/RAC_lr0.0001_Bz64_Ep30_cosSim_triplet_drop[0.2, 0.4, 0.1]_topK20__PseudoGold_positive_1_hard_negative_1_seed1_hybrid_loss_off/ckpt/epoch_model_10_0.8130841121495327.pt: Copied (new)
2026/07/14 21:56:33 INFO  : HateMM/RAC_tarc_g1/RAC_lr0.0001_Bz64_Ep30_cosSim_triplet_drop[0.2, 0.4, 0.1]_topK20__PseudoGold_positive_1_hard_negative_1_seed1_hybrid_loss_off/ckpt/epoch_model_13_0.822429906542056.pt: Copied (new)
2026/07/14 21:56:33 INFO  : HateMM/RAC_tarc_g1/RAC_lr0.0001_Bz64_Ep30_cosSim_triplet_drop[0.2, 0.4, 0.1]_topK20__PseudoGold_positive_1_hard_negative_1_seed1_hybrid_loss_off/ckpt/epoch_model_14_0.7570093457943925.pt: Copied (new)
2026/07/14 21:56:33 INFO  : HateMM/RAC_tarc_g1/RAC_lr0.0001_Bz64_Ep30_cosSim_triplet_drop[0.2, 0.4, 0.1]_topK20__PseudoGold_positive_1_hard_negative_1_seed1_hybrid_loss_off/ckpt/epoch_model_12_0.7757009345794392.pt: Copied (new)
2026/07/14 21:56:34 INFO  : HateMM/RAC_tarc_g1/RAC_lr0.0001_Bz64_Ep30_cosSim_triplet_drop[0.2, 0.4, 0.1]_topK20__PseudoGold_positive_1_hard_negative_1_seed1_hybrid_loss_off/ckpt/best_model_26_0.8504672897196262.pt: Copied (new)
2026/07/14 21:56:34 INFO  : HateMM/RAC_tarc_g1/RAC_lr0.0001_Bz64_Ep30_cosSim_triplet_drop[0.2, 0.4, 0.1]_topK20__PseudoGold_positive_1_hard_negative_1_seed1_hybrid_loss_off/ckpt/epoch_model_15_0.7850467289719626.pt: Copied (new)
2026/07/14 21:56:34 INFO  : HateMM/RAC_tarc_g1/RAC_lr0.0001_Bz64_Ep30_cosSim_triplet_drop[0.2, 0.4, 0.1]_topK20__PseudoGold_positive_1_hard_negative_1_seed1_hybrid_loss_off/ckpt/best_model_8_0.822429906542056.pt: Copied (new)
2026/07/14 21:56:34 INFO  : 
Transferred:   	    9.571 GiB / 60.889 GiB, 16%, 54.441 MiB/s, ETA 16m5s
Checks:                 0 / 0, -, Listed 2905
Transferred:          469 / 2277, 21%
Elapsed time:      2m59.9s
Transferring:
 * HateMM/RAC_tarc_g1/RAC…6_0.794392523364486.pt: 86% /19.028Mi, 12.308Mi/s, 0s
 * HateMM/RAC_tarc_g1/RAC…7_0.822429906542056.pt: 80% /19.028Mi, 13.370Mi/s, 0s
 * HateMM/RAC_tarc_g1/RAC…_0.8130841121495327.pt:100% /19.028Mi, 16.589Mi/s, 0s
 * HateMM/RAC_tarc_g1/RAC…9_0.822429906542056.pt:100% /19.028Mi, 17.807Mi/s, 0s
 * HateMM/RAC_tarc_g1/RAC…_0.7663551401869159.pt: 61% /19.028Mi, 11.746Mi/s, 0s
 * HateMM/RAC_tarc_g1/RAC…_0.8317757009345794.pt: 35% /19.028Mi, 0/s, -
 * HateMM/RAC_tarc_g1/RAC…_0.8317757009345794.pt: 43% /19.028Mi, 0/s, -
 * HateMM/RAC_tarc_g1/RAC…_0.8317757009345794.pt: 13% /19.028Mi, 0/s, -

2026/07/14 21:56:35 INFO  : HateMM/RAC_tarc_g1/RAC_lr0.0001_Bz64_Ep30_cosSim_triplet_drop[0.2, 0.4, 0.1]_topK20__PseudoGold_positive_1_hard_negative_1_seed1_hybrid_loss_off/ckpt/epoch_model_19_0.822429906542056.pt: Copied (new)
2026/07/14 21:56:35 INFO  : HateMM/RAC_tarc_g1/RAC_lr0.0001_Bz64_Ep30_cosSim_triplet_drop[0.2, 0.4, 0.1]_topK20__PseudoGold_positive_1_hard_negative_1_seed1_hybrid_loss_off/ckpt/epoch_model_16_0.794392523364486.pt: Copied (new)
2026/07/14 21:56:35 INFO  : HateMM/RAC_tarc_g1/RAC_lr0.0001_Bz64_Ep30_cosSim_triplet_drop[0.2, 0.4, 0.1]_topK20__PseudoGold_positive_1_hard_negative_1_seed1_hybrid_loss_off/ckpt/epoch_model_18_0.8130841121495327.pt: Copied (new)
2026/07/14 21:56:37 INFO  : HateMM/RAC_tarc_g1/RAC_lr0.0001_Bz64_Ep30_cosSim_triplet_drop[0.2, 0.4, 0.1]_topK20__PseudoGold_positive_1_hard_negative_1_seed1_hybrid_loss_off/ckpt/epoch_model_21_0.8317757009345794.pt: Copied (new)
2026/07/14 21:56:37 INFO  : HateMM/RAC_tarc_g1/RAC_lr0.0001_Bz64_Ep30_cosSim_triplet_drop[0.2, 0.4, 0.1]_topK20__PseudoGold_positive_1_hard_negative_1_seed1_hybrid_loss_off/ckpt/epoch_model_20_0.8317757009345794.pt: Copied (new)
2026/07/14 21:56:37 INFO  : HateMM/RAC_tarc_g1/RAC_lr0.0001_Bz64_Ep30_cosSim_triplet_drop[0.2, 0.4, 0.1]_topK20__PseudoGold_positive_1_hard_negative_1_seed1_hybrid_loss_off/ckpt/epoch_model_23_0.8411214953271028.pt: Copied (new)
2026/07/14 21:56:37 INFO  : HateMM/RAC_tarc_g1/RAC_lr0.0001_Bz64_Ep30_cosSim_triplet_drop[0.2, 0.4, 0.1]_topK20__PseudoGold_positive_1_hard_negative_1_seed1_hybrid_loss_off/ckpt/epoch_model_17_0.822429906542056.pt: Copied (new)
2026/07/14 21:56:37 INFO  : HateMM/RAC_tarc_g1/RAC_lr0.0001_Bz64_Ep30_cosSim_triplet_drop[0.2, 0.4, 0.1]_topK20__PseudoGold_positive_1_hard_negative_1_seed1_hybrid_loss_off/ckpt/epoch_model_1_0.7663551401869159.pt: Copied (new)
2026/07/14 21:56:37 INFO  : HateMM/RAC_tarc_g1/RAC_lr0.0001_Bz64_Ep30_cosSim_triplet_drop[0.2, 0.4, 0.1]_topK20__PseudoGold_positive_1_hard_negative_1_seed1_hybrid_loss_off/ckpt/epoch_model_22_0.8317757009345794.pt: Copied (new)
2026/07/14 21:56:37 INFO  : HateMM/RAC_tarc_g1/RAC_lr0.0001_Bz64_Ep30_cosSim_triplet_drop[0.2, 0.4, 0.1]_topK20__PseudoGold_positive_1_hard_negative_1_seed1_hybrid_loss_off/ckpt/epoch_model_25_0.8130841121495327.pt: Copied (new)
2026/07/14 21:56:38 INFO  : HateMM/RAC_tarc_g1/RAC_lr0.0001_Bz64_Ep30_cosSim_triplet_drop[0.2, 0.4, 0.1]_topK20__PseudoGold_positive_1_hard_negative_1_seed1_hybrid_loss_off/ckpt/epoch_model_24_0.8411214953271028.pt: Copied (new)
2026/07/14 21:56:39 INFO  : HateMM/RAC_tarc_g1/RAC_lr0.0001_Bz64_Ep30_cosSim_triplet_drop[0.2, 0.4, 0.1]_topK20__PseudoGold_positive_1_hard_negative_1_seed1_hybrid_loss_off/ckpt/epoch_model_28_0.8317757009345794.pt: Copied (new)
2026/07/14 21:56:39 INFO  : HateMM/RAC_tarc_g1/RAC_lr0.0001_Bz64_Ep30_cosSim_triplet_drop[0.2, 0.4, 0.1]_topK20__PseudoGold_positive_1_hard_negative_1_seed1_hybrid_loss_off/ckpt/epoch_model_27_0.822429906542056.pt: Copied (new)
2026/07/14 21:56:39 INFO  : HateMM/RAC_tarc_g1/RAC_lr0.0001_Bz64_Ep30_cosSim_triplet_drop[0.2, 0.4, 0.1]_topK20__PseudoGold_positive_1_hard_negative_1_seed1_hybrid_loss_off/ckpt/epoch_model_29_0.8130841121495327.pt: Copied (new)
2026/07/14 21:56:40 INFO  : HateMM/RAC_tarc_g1/RAC_lr0.0001_Bz64_Ep30_cosSim_triplet_drop[0.2, 0.4, 0.1]_topK20__PseudoGold_positive_1_hard_negative_1_seed1_hybrid_loss_off/ckpt/epoch_model_5_0.8130841121495327.pt: Copied (new)
2026/07/14 21:56:40 INFO  : HateMM/RAC_tarc_g1/RAC_lr0.0001_Bz64_Ep30_cosSim_triplet_drop[0.2, 0.4, 0.1]_topK20__PseudoGold_positive_1_hard_negative_1_seed1_hybrid_loss_off/ckpt/epoch_model_26_0.8504672897196262.pt: Copied (new)
2026/07/14 21:56:40 INFO  : HateMM/RAC_tarc_g1/RAC_lr0.0001_Bz64_Ep30_cosSim_triplet_drop[0.2, 0.4, 0.1]_topK20__PseudoGold_positive_1_hard_negative_1_seed1_hybrid_loss_off/ckpt/epoch_model_4_0.794392523364486.pt: Copied (new)
2026/07/14 21:56:40 INFO  : HateMM/RAC_tarc_g1/RAC_lr0.0001_Bz64_Ep30_cosSim_triplet_drop[0.2, 0.4, 0.1]_topK20__PseudoGold_positive_1_hard_negative_1_seed1_hybrid_loss_off/ckpt/epoch_model_3_0.7850467289719626.pt: Copied (new)
2026/07/14 21:56:41 INFO  : HateMM/RAC_tarc_g1/RAC_lr0.0001_Bz64_Ep30_cosSim_triplet_drop[0.2, 0.4, 0.1]_topK20__PseudoGold_positive_1_hard_negative_1_seed1_hybrid_loss_off/ckpt/epoch_model_6_0.8037383177570093.pt: Copied (new)
2026/07/14 21:56:41 INFO  : HateMM/RAC_tarc_g1/RAC_lr0.0001_Bz64_Ep30_cosSim_triplet_drop[0.2, 0.4, 0.1]_topK20__PseudoGold_positive_1_hard_negative_1_seed1_hybrid_loss_off/ckpt/epoch_model_2_0.794392523364486.pt: Copied (new)
2026/07/14 21:56:41 INFO  : HateMM/RAC_tarc_g1/RAC_lr0.0001_Bz64_Ep30_cosSim_triplet_drop[0.2, 0.4, 0.1]_topK20__PseudoGold_positive_1_hard_negative_1_seed1_hybrid_loss_off/ckpt/epoch_model_7_0.822429906542056.pt: Copied (new)
2026/07/14 21:56:41 INFO  : HateMM/RAC_tarc_g1/RAC_lr0.0001_Bz64_Ep30_cosSim_triplet_drop[0.2, 0.4, 0.1]_topK20__PseudoGold_positive_1_hard_negative_1_seed1_hybrid_loss_off/ckpt/epoch_model_8_0.822429906542056.pt: Copied (new)
2026/07/14 21:56:42 INFO  : HateMM/RAC_tarc_g2rt/RAC_lr0.0001_Bz64_Ep30_cosSim_triplet_drop[0.2, 0.4, 0.1]_topK20__PseudoGold_positive_1_hard_negative_1_seed0_hybrid_loss_v1prefer_mllm_tarc-mllm_pred-hnprefer/ckpt/best_model_20_0.8037383177570093.pt: Copied (new)
2026/07/14 21:56:42 INFO  : HateMM/RAC_tarc_g1/RAC_lr0.0001_Bz64_Ep30_cosSim_triplet_drop[0.2, 0.4, 0.1]_topK20__PseudoGold_positive_1_hard_negative_1_seed1_hybrid_loss_off/ckpt/epoch_model_9_0.8130841121495327.pt: Copied (new)
2026/07/14 21:56:42 INFO  : HateMM/RAC_tarc_g2rt/RAC_lr0.0001_Bz64_Ep30_cosSim_triplet_drop[0.2, 0.4, 0.1]_topK20__PseudoGold_positive_1_hard_negative_1_seed0_hybrid_loss_v1prefer_mllm_tarc-mllm_pred-hnprefer/ckpt/best_model_24_0.8411214953271028.pt: Copied (new)
2026/07/14 21:56:43 INFO  : HateMM/RAC_tarc_g2rt/RAC_lr0.0001_Bz64_Ep30_cosSim_triplet_drop[0.2, 0.4, 0.1]_topK20__PseudoGold_positive_1_hard_negative_1_seed0_hybrid_loss_v1prefer_mllm_tarc-mllm_pred-hnprefer/ckpt/best_model_23_0.822429906542056.pt: Copied (new)
2026/07/14 21:56:43 INFO  : HateMM/RAC_tarc_g1/RAC_lr0.0001_Bz64_Ep30_cosSim_triplet_drop[0.2, 0.4, 0.1]_topK20__PseudoGold_positive_1_hard_negative_1_seed1_hybrid_loss_off/ckpt/last_model_29_0.8130841121495327.pt: Copied (new)
2026/07/14 21:56:44 INFO  : HateMM/RAC_tarc_g2rt/RAC_lr0.0001_Bz64_Ep30_cosSim_triplet_drop[0.2, 0.4, 0.1]_topK20__PseudoGold_positive_1_hard_negative_1_seed0_hybrid_loss_v1prefer_mllm_tarc-mllm_pred-hnprefer/ckpt/epoch_model_11_0.7757009345794392.pt: Copied (new)
2026/07/14 21:56:44 INFO  : HateMM/RAC_tarc_g2rt/RAC_lr0.0001_Bz64_Ep30_cosSim_triplet_drop[0.2, 0.4, 0.1]_topK20__PseudoGold_positive_1_hard_negative_1_seed0_hybrid_loss_v1prefer_mllm_tarc-mllm_pred-hnprefer/ckpt/best_model_8_0.8037383177570093.pt: Copied (new)
2026/07/14 21:56:44 INFO  : HateMM/RAC_tarc_g2rt/RAC_lr0.0001_Bz64_Ep30_cosSim_triplet_drop[0.2, 0.4, 0.1]_topK20__PseudoGold_positive_1_hard_negative_1_seed0_hybrid_loss_v1prefer_mllm_tarc-mllm_pred-hnprefer/ckpt/epoch_model_0_0.7570093457943925.pt: Copied (new)
2026/07/14 21:56:44 INFO  : HateMM/RAC_tarc_g2rt/RAC_lr0.0001_Bz64_Ep30_cosSim_triplet_drop[0.2, 0.4, 0.1]_topK20__PseudoGold_positive_1_hard_negative_1_seed0_hybrid_loss_v1prefer_mllm_tarc-mllm_pred-hnprefer/ckpt/epoch_model_10_0.7757009345794392.pt: Copied (new)
2026/07/14 21:56:44 INFO  : HateMM/RAC_tarc_g2rt/RAC_lr0.0001_Bz64_Ep30_cosSim_triplet_drop[0.2, 0.4, 0.1]_topK20__PseudoGold_positive_1_hard_negative_1_seed0_hybrid_loss_v1prefer_mllm_tarc-mllm_pred-hnprefer/ckpt/best_model_5_0.8037383177570093.pt: Copied (new)
2026/07/14 21:56:45 INFO  : HateMM/RAC_tarc_g2rt/RAC_lr0.0001_Bz64_Ep30_cosSim_triplet_drop[0.2, 0.4, 0.1]_topK20__PseudoGold_positive_1_hard_negative_1_seed0_hybrid_loss_v1prefer_mllm_tarc-mllm_pred-hnprefer/ckpt/epoch_model_12_0.794392523364486.pt: Copied (new)
2026/07/14 21:56:46 INFO  : HateMM/RAC_tarc_g2rt/RAC_lr0.0001_Bz64_Ep30_cosSim_triplet_drop[0.2, 0.4, 0.1]_topK20__PseudoGold_positive_1_hard_negative_1_seed0_hybrid_loss_v1prefer_mllm_tarc-mllm_pred-hnprefer/ckpt/epoch_model_15_0.794392523364486.pt: Copied (new)
2026/07/14 21:56:46 INFO  : HateMM/RAC_tarc_g2rt/RAC_lr0.0001_Bz64_Ep30_cosSim_triplet_drop[0.2, 0.4, 0.1]_topK20__PseudoGold_positive_1_hard_negative_1_seed0_hybrid_loss_v1prefer_mllm_tarc-mllm_pred-hnprefer/ckpt/epoch_model_13_0.7757009345794392.pt: Copied (new)
2026/07/14 21:56:46 INFO  : HateMM/RAC_tarc_g2rt/RAC_lr0.0001_Bz64_Ep30_cosSim_triplet_drop[0.2, 0.4, 0.1]_topK20__PseudoGold_positive_1_hard_negative_1_seed0_hybrid_loss_v1prefer_mllm_tarc-mllm_pred-hnprefer/ckpt/epoch_model_16_0.7663551401869159.pt: Copied (new)
2026/07/14 21:56:46 INFO  : HateMM/RAC_tarc_g2rt/RAC_lr0.0001_Bz64_Ep30_cosSim_triplet_drop[0.2, 0.4, 0.1]_topK20__PseudoGold_positive_1_hard_negative_1_seed0_hybrid_loss_v1prefer_mllm_tarc-mllm_pred-hnprefer/ckpt/epoch_model_17_0.7757009345794392.pt: Copied (new)
2026/07/14 21:56:46 INFO  : HateMM/RAC_tarc_g2rt/RAC_lr0.0001_Bz64_Ep30_cosSim_triplet_drop[0.2, 0.4, 0.1]_topK20__PseudoGold_positive_1_hard_negative_1_seed0_hybrid_loss_v1prefer_mllm_tarc-mllm_pred-hnprefer/ckpt/epoch_model_1_0.7850467289719626.pt: Copied (new)
2026/07/14 21:56:47 INFO  : HateMM/RAC_tarc_g2rt/RAC_lr0.0001_Bz64_Ep30_cosSim_triplet_drop[0.2, 0.4, 0.1]_topK20__PseudoGold_positive_1_hard_negative_1_seed0_hybrid_loss_v1prefer_mllm_tarc-mllm_pred-hnprefer/ckpt/epoch_model_18_0.7850467289719626.pt: Copied (new)
2026/07/14 21:56:48 INFO  : HateMM/RAC_tarc_g2rt/RAC_lr0.0001_Bz64_Ep30_cosSim_triplet_drop[0.2, 0.4, 0.1]_topK20__PseudoGold_positive_1_hard_negative_1_seed0_hybrid_loss_v1prefer_mllm_tarc-mllm_pred-hnprefer/ckpt/epoch_model_23_0.822429906542056.pt: Copied (new)
2026/07/14 21:56:48 INFO  : HateMM/RAC_tarc_g2rt/RAC_lr0.0001_Bz64_Ep30_cosSim_triplet_drop[0.2, 0.4, 0.1]_topK20__PseudoGold_positive_1_hard_negative_1_seed0_hybrid_loss_v1prefer_mllm_tarc-mllm_pred-hnprefer/ckpt/epoch_model_24_0.8411214953271028.pt: Copied (new)
2026/07/14 21:56:49 INFO  : HateMM/RAC_tarc_g2rt/RAC_lr0.0001_Bz64_Ep30_cosSim_triplet_drop[0.2, 0.4, 0.1]_topK20__PseudoGold_positive_1_hard_negative_1_seed0_hybrid_loss_v1prefer_mllm_tarc-mllm_pred-hnprefer/ckpt/epoch_model_22_0.794392523364486.pt: Copied (new)
2026/07/14 21:56:49 INFO  : HateMM/RAC_tarc_g2rt/RAC_lr0.0001_Bz64_Ep30_cosSim_triplet_drop[0.2, 0.4, 0.1]_topK20__PseudoGold_positive_1_hard_negative_1_seed0_hybrid_loss_v1prefer_mllm_tarc-mllm_pred-hnprefer/ckpt/epoch_model_14_0.7663551401869159.pt: Copied (new)
2026/07/14 21:56:49 INFO  : HateMM/RAC_tarc_g2rt/RAC_lr0.0001_Bz64_Ep30_cosSim_triplet_drop[0.2, 0.4, 0.1]_topK20__PseudoGold_positive_1_hard_negative_1_seed0_hybrid_loss_v1prefer_mllm_tarc-mllm_pred-hnprefer/ckpt/epoch_model_19_0.794392523364486.pt: Copied (new)
2026/07/14 21:56:49 INFO  : HateMM/RAC_tarc_g2rt/RAC_lr0.0001_Bz64_Ep30_cosSim_triplet_drop[0.2, 0.4, 0.1]_topK20__PseudoGold_positive_1_hard_negative_1_seed0_hybrid_loss_v1prefer_mllm_tarc-mllm_pred-hnprefer/ckpt/epoch_model_25_0.8317757009345794.pt: Copied (new)
2026/07/14 21:56:49 INFO  : HateMM/RAC_tarc_g2rt/RAC_lr0.0001_Bz64_Ep30_cosSim_triplet_drop[0.2, 0.4, 0.1]_topK20__PseudoGold_positive_1_hard_negative_1_seed0_hybrid_loss_v1prefer_mllm_tarc-mllm_pred-hnprefer/ckpt/epoch_model_20_0.8037383177570093.pt: Copied (new)
2026/07/14 21:56:50 INFO  : HateMM/RAC_tarc_g2rt/RAC_lr0.0001_Bz64_Ep30_cosSim_triplet_drop[0.2, 0.4, 0.1]_topK20__PseudoGold_positive_1_hard_negative_1_seed0_hybrid_loss_v1prefer_mllm_tarc-mllm_pred-hnprefer/ckpt/epoch_model_26_0.8317757009345794.pt: Copied (new)
2026/07/14 21:56:50 INFO  : HateMM/RAC_tarc_g2rt/RAC_lr0.0001_Bz64_Ep30_cosSim_triplet_drop[0.2, 0.4, 0.1]_topK20__PseudoGold_positive_1_hard_negative_1_seed0_hybrid_loss_v1prefer_mllm_tarc-mllm_pred-hnprefer/ckpt/epoch_model_27_0.822429906542056.pt: Copied (new)
2026/07/14 21:56:51 INFO  : HateMM/RAC_tarc_g2rt/RAC_lr0.0001_Bz64_Ep30_cosSim_triplet_drop[0.2, 0.4, 0.1]_topK20__PseudoGold_positive_1_hard_negative_1_seed0_hybrid_loss_v1prefer_mllm_tarc-mllm_pred-hnprefer/ckpt/epoch_model_28_0.8411214953271028.pt: Copied (new)
2026/07/14 21:56:51 INFO  : HateMM/RAC_tarc_g2rt/RAC_lr0.0001_Bz64_Ep30_cosSim_triplet_drop[0.2, 0.4, 0.1]_topK20__PseudoGold_positive_1_hard_negative_1_seed0_hybrid_loss_v1prefer_mllm_tarc-mllm_pred-hnprefer/ckpt/epoch_model_4_0.8037383177570093.pt: Copied (new)
2026/07/14 21:56:51 INFO  : HateMM/RAC_tarc_g2rt/RAC_lr0.0001_Bz64_Ep30_cosSim_triplet_drop[0.2, 0.4, 0.1]_topK20__PseudoGold_positive_1_hard_negative_1_seed0_hybrid_loss_v1prefer_mllm_tarc-mllm_pred-hnprefer/ckpt/epoch_model_3_0.8037383177570093.pt: Copied (new)
2026/07/14 21:56:52 INFO  : HateMM/RAC_tarc_g2rt/RAC_lr0.0001_Bz64_Ep30_cosSim_triplet_drop[0.2, 0.4, 0.1]_topK20__PseudoGold_positive_1_hard_negative_1_seed0_hybrid_loss_v1prefer_mllm_tarc-mllm_pred-hnprefer/ckpt/epoch_model_5_0.8037383177570093.pt: Copied (new)
2026/07/14 21:56:52 INFO  : HateMM/RAC_tarc_g2rt/RAC_lr0.0001_Bz64_Ep30_cosSim_triplet_drop[0.2, 0.4, 0.1]_topK20__PseudoGold_positive_1_hard_negative_1_seed0_hybrid_loss_v1prefer_mllm_tarc-mllm_pred-hnprefer/ckpt/epoch_model_6_0.7850467289719626.pt: Copied (new)
2026/07/14 21:56:52 INFO  : HateMM/RAC_tarc_g2rt/RAC_lr0.0001_Bz64_Ep30_cosSim_triplet_drop[0.2, 0.4, 0.1]_topK20__PseudoGold_positive_1_hard_negative_1_seed0_hybrid_loss_v1prefer_mllm_tarc-mllm_pred-hnprefer/ckpt/epoch_model_29_0.8317757009345794.pt: Copied (new)
2026/07/14 21:56:53 INFO  : HateMM/RAC_tarc_g2rt/RAC_lr0.0001_Bz64_Ep30_cosSim_triplet_drop[0.2, 0.4, 0.1]_topK20__PseudoGold_positive_1_hard_negative_1_seed0_hybrid_loss_v1prefer_mllm_tarc-mllm_pred-hnprefer/ckpt/epoch_model_2_0.794392523364486.pt: Copied (new)
2026/07/14 21:56:54 INFO  : HateMM/RAC_tarc_g2rt/RAC_lr0.0001_Bz64_Ep30_cosSim_triplet_drop[0.2, 0.4, 0.1]_topK20__PseudoGold_positive_1_hard_negative_1_seed0_hybrid_loss_v1prefer_mllm_tarc-mllm_pred-hnprefer/ckpt/epoch_model_9_0.7663551401869159.pt: Copied (new)
2026/07/14 21:56:54 INFO  : HateMM/RAC_tarc_g2rt/RAC_lr0.0001_Bz64_Ep30_cosSim_triplet_drop[0.2, 0.4, 0.1]_topK20__PseudoGold_positive_1_hard_negative_1_seed0_hybrid_loss_v1prefer_mllm_tarc-mllm_pred-hnprefer/ckpt/epoch_model_7_0.7757009345794392.pt: Copied (new)
2026/07/14 21:56:54 INFO  : HateMM/RAC_tarc_g2rt/RAC_lr0.0001_Bz64_Ep30_cosSim_triplet_drop[0.2, 0.4, 0.1]_topK20__PseudoGold_positive_1_hard_negative_1_seed0_hybrid_loss_v1prefer_mllm_tarc-mllm_pred-hnprefer/ckpt/epoch_model_8_0.8037383177570093.pt: Copied (new)
2026/07/14 21:56:54 INFO  : HateMM/RAC_tarc_g1/RAC_lr0.0001_Bz64_Ep30_cosSim_triplet_drop[0.2, 0.4, 0.1]_topK20__PseudoGold_positive_1_hard_negative_1_seed2_hybrid_loss_v2vg1.0_tarc-gt_oracle-vg1.0_ORACLE_CEILING/ckpt/best_model_24_0.8691588785046729.pt: Copied (new)
2026/07/14 21:56:55 INFO  : HateMM/RAC_tarc_g2rt/RAC_lr0.0001_Bz64_Ep30_cosSim_triplet_drop[0.2, 0.4, 0.1]_topK20__PseudoGold_positive_1_hard_negative_1_seed0_hybrid_loss_v1prefer_mllm_tarc-mllm_pred-hnprefer/ckpt/epoch_model_21_0.794392523364486.pt: Copied (new)
2026/07/14 21:56:55 INFO  : HateMM/RAC_tarc_g1/RAC_lr0.0001_Bz64_Ep30_cosSim_triplet_drop[0.2, 0.4, 0.1]_topK20__PseudoGold_positive_1_hard_negative_1_seed2_hybrid_loss_v2vg1.0_tarc-gt_oracle-vg1.0_ORACLE_CEILING/ckpt/best_model_23_0.8504672897196262.pt: Copied (new)
2026/07/14 21:56:56 INFO  : HateMM/RAC_tarc_g1/RAC_lr0.0001_Bz64_Ep30_cosSim_triplet_drop[0.2, 0.4, 0.1]_topK20__PseudoGold_positive_1_hard_negative_1_seed2_hybrid_loss_v2vg1.0_tarc-gt_oracle-vg1.0_ORACLE_CEILING/ckpt/best_model_6_0.8411214953271028.pt: Copied (new)
2026/07/14 21:56:56 INFO  : HateMM/RAC_tarc_g1/RAC_lr0.0001_Bz64_Ep30_cosSim_triplet_drop[0.2, 0.4, 0.1]_topK20__PseudoGold_positive_1_hard_negative_1_seed2_hybrid_loss_v2vg1.0_tarc-gt_oracle-vg1.0_ORACLE_CEILING/ckpt/epoch_model_10_0.8037383177570093.pt: Copied (new)
2026/07/14 21:56:56 INFO  : HateMM/RAC_tarc_g1/RAC_lr0.0001_Bz64_Ep30_cosSim_triplet_drop[0.2, 0.4, 0.1]_topK20__PseudoGold_positive_1_hard_negative_1_seed2_hybrid_loss_v2vg1.0_tarc-gt_oracle-vg1.0_ORACLE_CEILING/ckpt/epoch_model_0_0.8504672897196262.pt: Copied (new)
2026/07/14 21:56:57 INFO  : HateMM/RAC_tarc_g1/RAC_lr0.0001_Bz64_Ep30_cosSim_triplet_drop[0.2, 0.4, 0.1]_topK20__PseudoGold_positive_1_hard_negative_1_seed2_hybrid_loss_v2vg1.0_tarc-gt_oracle-vg1.0_ORACLE_CEILING/ckpt/epoch_model_13_0.7850467289719626.pt: Copied (new)
2026/07/14 21:56:57 INFO  : HateMM/RAC_tarc_g2rt/RAC_lr0.0001_Bz64_Ep30_cosSim_triplet_drop[0.2, 0.4, 0.1]_topK20__PseudoGold_positive_1_hard_negative_1_seed0_hybrid_loss_v1prefer_mllm_tarc-mllm_pred-hnprefer/ckpt/last_model_29_0.8317757009345794.pt: Copied (new)
2026/07/14 21:56:58 INFO  : HateMM/RAC_tarc_g1/RAC_lr0.0001_Bz64_Ep30_cosSim_triplet_drop[0.2, 0.4, 0.1]_topK20__PseudoGold_positive_1_hard_negative_1_seed2_hybrid_loss_v2vg1.0_tarc-gt_oracle-vg1.0_ORACLE_CEILING/ckpt/best_model_5_0.8317757009345794.pt: Copied (new)
2026/07/14 21:56:58 INFO  : HateMM/RAC_tarc_g1/RAC_lr0.0001_Bz64_Ep30_cosSim_triplet_drop[0.2, 0.4, 0.1]_topK20__PseudoGold_positive_1_hard_negative_1_seed2_hybrid_loss_v2vg1.0_tarc-gt_oracle-vg1.0_ORACLE_CEILING/ckpt/epoch_model_12_0.8130841121495327.pt: Copied (new)
2026/07/14 21:56:58 INFO  : HateMM/RAC_tarc_g1/RAC_lr0.0001_Bz64_Ep30_cosSim_triplet_drop[0.2, 0.4, 0.1]_topK20__PseudoGold_positive_1_hard_negative_1_seed2_hybrid_loss_v2vg1.0_tarc-gt_oracle-vg1.0_ORACLE_CEILING/ckpt/epoch_model_14_0.7850467289719626.pt: Copied (new)
2026/07/14 21:56:58 INFO  : HateMM/RAC_tarc_g1/RAC_lr0.0001_Bz64_Ep30_cosSim_triplet_drop[0.2, 0.4, 0.1]_topK20__PseudoGold_positive_1_hard_negative_1_seed2_hybrid_loss_v2vg1.0_tarc-gt_oracle-vg1.0_ORACLE_CEILING/ckpt/epoch_model_17_0.8317757009345794.pt: Copied (new)
2026/07/14 21:56:58 INFO  : HateMM/RAC_tarc_g1/RAC_lr0.0001_Bz64_Ep30_cosSim_triplet_drop[0.2, 0.4, 0.1]_topK20__PseudoGold_positive_1_hard_negative_1_seed2_hybrid_loss_v2vg1.0_tarc-gt_oracle-vg1.0_ORACLE_CEILING/ckpt/epoch_model_15_0.822429906542056.pt: Copied (new)
2026/07/14 21:56:59 INFO  : HateMM/RAC_tarc_g1/RAC_lr0.0001_Bz64_Ep30_cosSim_triplet_drop[0.2, 0.4, 0.1]_topK20__PseudoGold_positive_1_hard_negative_1_seed2_hybrid_loss_v2vg1.0_tarc-gt_oracle-vg1.0_ORACLE_CEILING/ckpt/epoch_model_16_0.8317757009345794.pt: Copied (new)
2026/07/14 21:56:59 INFO  : HateMM/RAC_tarc_g1/RAC_lr0.0001_Bz64_Ep30_cosSim_triplet_drop[0.2, 0.4, 0.1]_topK20__PseudoGold_positive_1_hard_negative_1_seed2_hybrid_loss_v2vg1.0_tarc-gt_oracle-vg1.0_ORACLE_CEILING/ckpt/epoch_model_18_0.8130841121495327.pt: Copied (new)
2026/07/14 21:57:00 INFO  : HateMM/RAC_tarc_g1/RAC_lr0.0001_Bz64_Ep30_cosSim_triplet_drop[0.2, 0.4, 0.1]_topK20__PseudoGold_positive_1_hard_negative_1_seed2_hybrid_loss_v2vg1.0_tarc-gt_oracle-vg1.0_ORACLE_CEILING/ckpt/epoch_model_1_0.8130841121495327.pt: Copied (new)
2026/07/14 21:57:00 INFO  : HateMM/RAC_tarc_g1/RAC_lr0.0001_Bz64_Ep30_cosSim_triplet_drop[0.2, 0.4, 0.1]_topK20__PseudoGold_positive_1_hard_negative_1_seed2_hybrid_loss_v2vg1.0_tarc-gt_oracle-vg1.0_ORACLE_CEILING/ckpt/epoch_model_21_0.822429906542056.pt: Copied (new)
2026/07/14 21:57:01 INFO  : HateMM/RAC_tarc_g1/RAC_lr0.0001_Bz64_Ep30_cosSim_triplet_drop[0.2, 0.4, 0.1]_topK20__PseudoGold_positive_1_hard_negative_1_seed2_hybrid_loss_v2vg1.0_tarc-gt_oracle-vg1.0_ORACLE_CEILING/ckpt/epoch_model_20_0.8317757009345794.pt: Copied (new)
2026/07/14 21:57:01 INFO  : HateMM/RAC_tarc_g1/RAC_lr0.0001_Bz64_Ep30_cosSim_triplet_drop[0.2, 0.4, 0.1]_topK20__PseudoGold_positive_1_hard_negative_1_seed2_hybrid_loss_v2vg1.0_tarc-gt_oracle-vg1.0_ORACLE_CEILING/ckpt/epoch_model_22_0.822429906542056.pt: Copied (new)
2026/07/14 21:57:01 INFO  : HateMM/RAC_tarc_g1/RAC_lr0.0001_Bz64_Ep30_cosSim_triplet_drop[0.2, 0.4, 0.1]_topK20__PseudoGold_positive_1_hard_negative_1_seed2_hybrid_loss_v2vg1.0_tarc-gt_oracle-vg1.0_ORACLE_CEILING/ckpt/epoch_model_24_0.8691588785046729.pt: Copied (new)
2026/07/14 21:57:01 INFO  : HateMM/RAC_tarc_g1/RAC_lr0.0001_Bz64_Ep30_cosSim_triplet_drop[0.2, 0.4, 0.1]_topK20__PseudoGold_positive_1_hard_negative_1_seed2_hybrid_loss_v2vg1.0_tarc-gt_oracle-vg1.0_ORACLE_CEILING/ckpt/epoch_model_11_0.8317757009345794.pt: Copied (new)
2026/07/14 21:57:01 INFO  : HateMM/RAC_tarc_g1/RAC_lr0.0001_Bz64_Ep30_cosSim_triplet_drop[0.2, 0.4, 0.1]_topK20__PseudoGold_positive_1_hard_negative_1_seed2_hybrid_loss_v2vg1.0_tarc-gt_oracle-vg1.0_ORACLE_CEILING/ckpt/epoch_model_23_0.8504672897196262.pt: Copied (new)
2026/07/14 21:57:02 INFO  : HateMM/RAC_tarc_g1/RAC_lr0.0001_Bz64_Ep30_cosSim_triplet_drop[0.2, 0.4, 0.1]_topK20__PseudoGold_positive_1_hard_negative_1_seed2_hybrid_loss_v2vg1.0_tarc-gt_oracle-vg1.0_ORACLE_CEILING/ckpt/epoch_model_26_0.8411214953271028.pt: Copied (new)
2026/07/14 21:57:02 INFO  : HateMM/RAC_tarc_g1/RAC_lr0.0001_Bz64_Ep30_cosSim_triplet_drop[0.2, 0.4, 0.1]_topK20__PseudoGold_positive_1_hard_negative_1_seed2_hybrid_loss_v2vg1.0_tarc-gt_oracle-vg1.0_ORACLE_CEILING/ckpt/epoch_model_28_0.8317757009345794.pt: Copied (new)
2026/07/14 21:57:03 INFO  : HateMM/RAC_tarc_g1/RAC_lr0.0001_Bz64_Ep30_cosSim_triplet_drop[0.2, 0.4, 0.1]_topK20__PseudoGold_positive_1_hard_negative_1_seed2_hybrid_loss_v2vg1.0_tarc-gt_oracle-vg1.0_ORACLE_CEILING/ckpt/epoch_model_29_0.8317757009345794.pt: Copied (new)
2026/07/14 21:57:03 INFO  : HateMM/RAC_tarc_g1/RAC_lr0.0001_Bz64_Ep30_cosSim_triplet_drop[0.2, 0.4, 0.1]_topK20__PseudoGold_positive_1_hard_negative_1_seed2_hybrid_loss_v2vg1.0_tarc-gt_oracle-vg1.0_ORACLE_CEILING/ckpt/epoch_model_25_0.8598130841121495.pt: Copied (new)
2026/07/14 21:57:03 INFO  : HateMM/RAC_tarc_g1/RAC_lr0.0001_Bz64_Ep30_cosSim_triplet_drop[0.2, 0.4, 0.1]_topK20__PseudoGold_positive_1_hard_negative_1_seed2_hybrid_loss_v2vg1.0_tarc-gt_oracle-vg1.0_ORACLE_CEILING/ckpt/epoch_model_19_0.8130841121495327.pt: Copied (new)
2026/07/14 21:57:03 INFO  : HateMM/RAC_tarc_g1/RAC_lr0.0001_Bz64_Ep30_cosSim_triplet_drop[0.2, 0.4, 0.1]_topK20__PseudoGold_positive_1_hard_negative_1_seed2_hybrid_loss_v2vg1.0_tarc-gt_oracle-vg1.0_ORACLE_CEILING/ckpt/epoch_model_27_0.8317757009345794.pt: Copied (new)
2026/07/14 21:57:03 INFO  : HateMM/RAC_tarc_g1/RAC_lr0.0001_Bz64_Ep30_cosSim_triplet_drop[0.2, 0.4, 0.1]_topK20__PseudoGold_positive_1_hard_negative_1_seed2_hybrid_loss_v2vg1.0_tarc-gt_oracle-vg1.0_ORACLE_CEILING/ckpt/epoch_model_3_0.8317757009345794.pt: Copied (new)
2026/07/14 21:57:04 INFO  : HateMM/RAC_tarc_g1/RAC_lr0.0001_Bz64_Ep30_cosSim_triplet_drop[0.2, 0.4, 0.1]_topK20__PseudoGold_positive_1_hard_negative_1_seed2_hybrid_loss_v2vg1.0_tarc-gt_oracle-vg1.0_ORACLE_CEILING/ckpt/epoch_model_4_0.8411214953271028.pt: Copied (new)
2026/07/14 21:57:05 INFO  : HateMM/RAC_tarc_g1/RAC_lr0.0001_Bz64_Ep30_cosSim_triplet_drop[0.2, 0.4, 0.1]_topK20__PseudoGold_positive_1_hard_negative_1_seed2_hybrid_loss_v2vg1.0_tarc-gt_oracle-vg1.0_ORACLE_CEILING/ckpt/epoch_model_5_0.8317757009345794.pt: Copied (new)
2026/07/14 21:57:05 INFO  : HateMM/RAC_tarc_g1/RAC_lr0.0001_Bz64_Ep30_cosSim_triplet_drop[0.2, 0.4, 0.1]_topK20__PseudoGold_positive_1_hard_negative_1_seed2_hybrid_loss_v2vg1.0_tarc-gt_oracle-vg1.0_ORACLE_CEILING/ckpt/epoch_model_6_0.8411214953271028.pt: Copied (new)
2026/07/14 21:57:05 INFO  : HateMM/RAC_tarc_g1/RAC_lr0.0001_Bz64_Ep30_cosSim_triplet_drop[0.2, 0.4, 0.1]_topK20__PseudoGold_positive_1_hard_negative_1_seed2_hybrid_loss_v2vg1.0_tarc-gt_oracle-vg1.0_ORACLE_CEILING/ckpt/epoch_model_7_0.8130841121495327.pt: Copied (new)
2026/07/14 21:57:05 INFO  : HateMM/RAC_tarc_g1/RAC_lr0.0001_Bz64_Ep30_cosSim_triplet_drop[0.2, 0.4, 0.1]_topK20__PseudoGold_positive_1_hard_negative_1_seed2_hybrid_loss_v2vg1.0_tarc-gt_oracle-vg1.0_ORACLE_CEILING/ckpt/epoch_model_9_0.8037383177570093.pt: Copied (new)
2026/07/14 21:57:06 INFO  : HateMM/RAC_tarc_g1/RAC_lr0.0001_Bz64_Ep30_cosSim_triplet_drop[0.2, 0.4, 0.1]_topK20__PseudoGold_positive_1_hard_negative_1_seed2_hybrid_loss_v2vg1.0_tarc-gt_oracle-vg1.0_ORACLE_CEILING/ckpt/last_model_29_0.8317757009345794.pt: Copied (new)
2026/07/14 21:57:06 INFO  : HateMM/RAC_tarc_g1/RAC_lr0.0001_Bz64_Ep30_cosSim_triplet_drop[0.2, 0.4, 0.1]_topK20__PseudoGold_positive_1_hard_negative_1_seed2_hybrid_loss_v2vg1.0_tarc-gt_oracle-vg1.0_ORACLE_CEILING/ckpt/epoch_model_2_0.8130841121495327.pt: Copied (new)
2026/07/14 21:57:08 INFO  : HateMM/RAC_tarc_g1/RAC_lr0.0001_Bz64_Ep30_cosSim_triplet_drop[0.2, 0.4, 0.1]_topK20__PseudoGold_positive_1_hard_negative_1_seed2_hybrid_loss_v2vg1.0_tarc-gt_oracle-vg1.0_ORACLE_CEILING/ckpt/epoch_model_8_0.8130841121495327.pt: Copied (new)
2026/07/14 21:57:08 INFO  : MHC_zh/RAC_video_archive_seeds/RAC_lr0.0001_Bz64_Ep30_cosSim_triplet_drop[0.2, 0.4, 0.1]_topK20__PseudoGold_positive_1_hard_negative_1_seed0_hybrid_loss_Qwen2.5-VL-32B-Instruct_HF/ckpt/best_model_14_0.8461538461538461.pt: Copied (new)
2026/07/14 21:57:09 INFO  : MHC_zh/RAC_video_archive_seeds/RAC_lr0.0001_Bz64_Ep30_cosSim_triplet_drop[0.2, 0.4, 0.1]_topK20__PseudoGold_positive_1_hard_negative_1_seed0_hybrid_loss_Qwen2.5-VL-32B-Instruct_HF/ckpt/best_model_15_0.8461538461538461.pt: Copied (new)
2026/07/14 21:57:10 INFO  : MHC_zh/RAC_video_archive_seeds/RAC_lr0.0001_Bz64_Ep30_cosSim_triplet_drop[0.2, 0.4, 0.1]_topK20__PseudoGold_positive_1_hard_negative_1_seed0_hybrid_loss_Qwen2.5-VL-32B-Instruct_HF/ckpt/best_model_5_0.7948717948717948.pt: Copied (new)
2026/07/14 21:57:10 INFO  : MHC_zh/RAC_video_archive_seeds/RAC_lr0.0001_Bz64_Ep30_cosSim_triplet_drop[0.2, 0.4, 0.1]_topK20__PseudoGold_positive_1_hard_negative_1_seed0_hybrid_loss_Qwen2.5-VL-32B-Instruct_HF/ckpt/best_model_7_0.8205128205128205.pt: Copied (new)
2026/07/14 21:57:11 INFO  : MHC_zh/RAC_video_archive_seeds/RAC_lr0.0001_Bz64_Ep30_cosSim_triplet_drop[0.2, 0.4, 0.1]_topK20__PseudoGold_positive_1_hard_negative_1_seed0_hybrid_loss_Qwen2.5-VL-32B-Instruct_HF/ckpt/best_model_6_0.8076923076923077.pt: Copied (new)
2026/07/14 21:57:11 INFO  : MHC_zh/RAC_video_archive_seeds/RAC_lr0.0001_Bz64_Ep30_cosSim_triplet_drop[0.2, 0.4, 0.1]_topK20__PseudoGold_positive_1_hard_negative_1_seed0_hybrid_loss_Qwen2.5-VL-32B-Instruct_HF/ckpt/epoch_model_10_0.8076923076923077.pt: Copied (new)
2026/07/14 21:57:12 INFO  : MHC_zh/RAC_video_archive_seeds/RAC_lr0.0001_Bz64_Ep30_cosSim_triplet_drop[0.2, 0.4, 0.1]_topK20__PseudoGold_positive_1_hard_negative_1_seed0_hybrid_loss_Qwen2.5-VL-32B-Instruct_HF/ckpt/epoch_model_0_0.7564102564102564.pt: Copied (new)
2026/07/14 21:57:14 INFO  : MHC_zh/RAC_video_archive_seeds/RAC_lr0.0001_Bz64_Ep30_cosSim_triplet_drop[0.2, 0.4, 0.1]_topK20__PseudoGold_positive_1_hard_negative_1_seed0_hybrid_loss_Qwen2.5-VL-32B-Instruct_HF/ckpt/epoch_model_12_0.782051282051282.pt: Copied (new)
2026/07/14 21:57:15 INFO  : MHC_zh/RAC_video_archive_seeds/RAC_lr0.0001_Bz64_Ep30_cosSim_triplet_drop[0.2, 0.4, 0.1]_topK20__PseudoGold_positive_1_hard_negative_1_seed0_hybrid_loss_Qwen2.5-VL-32B-Instruct_HF/ckpt/epoch_model_13_0.7948717948717948.pt: Copied (new)
2026/07/14 21:57:16 INFO  : MHC_zh/RAC_video_archive_seeds/RAC_lr0.0001_Bz64_Ep30_cosSim_triplet_drop[0.2, 0.4, 0.1]_topK20__PseudoGold_positive_1_hard_negative_1_seed0_hybrid_loss_Qwen2.5-VL-32B-Instruct_HF/ckpt/epoch_model_15_0.8461538461538461.pt: Copied (new)
2026/07/14 21:57:16 INFO  : MHC_zh/RAC_video_archive_seeds/RAC_lr0.0001_Bz64_Ep30_cosSim_triplet_drop[0.2, 0.4, 0.1]_topK20__PseudoGold_positive_1_hard_negative_1_seed0_hybrid_loss_Qwen2.5-VL-32B-Instruct_HF/ckpt/epoch_model_14_0.8461538461538461.pt: Copied (new)
2026/07/14 21:57:17 INFO  : MHC_zh/RAC_video_archive_seeds/RAC_lr0.0001_Bz64_Ep30_cosSim_triplet_drop[0.2, 0.4, 0.1]_topK20__PseudoGold_positive_1_hard_negative_1_seed0_hybrid_loss_Qwen2.5-VL-32B-Instruct_HF/ckpt/epoch_model_17_0.8333333333333334.pt: Copied (new)
2026/07/14 21:57:17 INFO  : MHC_zh/RAC_video_archive_seeds/RAC_lr0.0001_Bz64_Ep30_cosSim_triplet_drop[0.2, 0.4, 0.1]_topK20__PseudoGold_positive_1_hard_negative_1_seed0_hybrid_loss_Qwen2.5-VL-32B-Instruct_HF/ckpt/epoch_model_11_0.7692307692307693.pt: Copied (new)
2026/07/14 21:57:18 INFO  : MHC_zh/RAC_video_archive_seeds/RAC_lr0.0001_Bz64_Ep30_cosSim_triplet_drop[0.2, 0.4, 0.1]_topK20__PseudoGold_positive_1_hard_negative_1_seed0_hybrid_loss_Qwen2.5-VL-32B-Instruct_HF/ckpt/epoch_model_18_0.8461538461538461.pt: Copied (new)
2026/07/14 21:57:18 INFO  : MHC_zh/RAC_video_archive_seeds/RAC_lr0.0001_Bz64_Ep30_cosSim_triplet_drop[0.2, 0.4, 0.1]_topK20__PseudoGold_positive_1_hard_negative_1_seed0_hybrid_loss_Qwen2.5-VL-32B-Instruct_HF/ckpt/epoch_model_19_0.8205128205128205.pt: Copied (new)
2026/07/14 21:57:18 INFO  : MHC_zh/RAC_video_archive_seeds/RAC_lr0.0001_Bz64_Ep30_cosSim_triplet_drop[0.2, 0.4, 0.1]_topK20__PseudoGold_positive_1_hard_negative_1_seed0_hybrid_loss_Qwen2.5-VL-32B-Instruct_HF/ckpt/epoch_model_16_0.8461538461538461.pt: Copied (new)
2026/07/14 21:57:20 INFO  : MHC_zh/RAC_video_archive_seeds/RAC_lr0.0001_Bz64_Ep30_cosSim_triplet_drop[0.2, 0.4, 0.1]_topK20__PseudoGold_positive_1_hard_negative_1_seed0_hybrid_loss_Qwen2.5-VL-32B-Instruct_HF/ckpt/epoch_model_1_0.782051282051282.pt: Copied (new)
2026/07/14 21:57:20 INFO  : MHC_zh/RAC_video_archive_seeds/RAC_lr0.0001_Bz64_Ep30_cosSim_triplet_drop[0.2, 0.4, 0.1]_topK20__PseudoGold_positive_1_hard_negative_1_seed0_hybrid_loss_Qwen2.5-VL-32B-Instruct_HF/ckpt/epoch_model_20_0.7948717948717948.pt: Copied (new)
2026/07/14 21:57:21 INFO  : MHC_zh/RAC_video_archive_seeds/RAC_lr0.0001_Bz64_Ep30_cosSim_triplet_drop[0.2, 0.4, 0.1]_topK20__PseudoGold_positive_1_hard_negative_1_seed0_hybrid_loss_Qwen2.5-VL-32B-Instruct_HF/ckpt/epoch_model_21_0.7564102564102564.pt: Copied (new)
2026/07/14 21:57:23 INFO  : MHC_zh/RAC_video_archive_seeds/RAC_lr0.0001_Bz64_Ep30_cosSim_triplet_drop[0.2, 0.4, 0.1]_topK20__PseudoGold_positive_1_hard_negative_1_seed0_hybrid_loss_Qwen2.5-VL-32B-Instruct_HF/ckpt/epoch_model_24_0.7948717948717948.pt: Copied (new)
2026/07/14 21:57:23 INFO  : MHC_zh/RAC_video_archive_seeds/RAC_lr0.0001_Bz64_Ep30_cosSim_triplet_drop[0.2, 0.4, 0.1]_topK20__PseudoGold_positive_1_hard_negative_1_seed0_hybrid_loss_Qwen2.5-VL-32B-Instruct_HF/ckpt/epoch_model_25_0.782051282051282.pt: Copied (new)
2026/07/14 21:57:24 INFO  : MHC_zh/RAC_video_archive_seeds/RAC_lr0.0001_Bz64_Ep30_cosSim_triplet_drop[0.2, 0.4, 0.1]_topK20__PseudoGold_positive_1_hard_negative_1_seed0_hybrid_loss_Qwen2.5-VL-32B-Instruct_HF/ckpt/epoch_model_22_0.7948717948717948.pt: Copied (new)
2026/07/14 21:57:24 INFO  : MHC_zh/RAC_video_archive_seeds/RAC_lr0.0001_Bz64_Ep30_cosSim_triplet_drop[0.2, 0.4, 0.1]_topK20__PseudoGold_positive_1_hard_negative_1_seed0_hybrid_loss_Qwen2.5-VL-32B-Instruct_HF/ckpt/epoch_model_26_0.782051282051282.pt: Copied (new)
2026/07/14 21:57:24 INFO  : MHC_zh/RAC_video_archive_seeds/RAC_lr0.0001_Bz64_Ep30_cosSim_triplet_drop[0.2, 0.4, 0.1]_topK20__PseudoGold_positive_1_hard_negative_1_seed0_hybrid_loss_Qwen2.5-VL-32B-Instruct_HF/ckpt/epoch_model_27_0.7948717948717948.pt: Copied (new)
2026/07/14 21:57:25 INFO  : MHC_zh/RAC_video_archive_seeds/RAC_lr0.0001_Bz64_Ep30_cosSim_triplet_drop[0.2, 0.4, 0.1]_topK20__PseudoGold_positive_1_hard_negative_1_seed0_hybrid_loss_Qwen2.5-VL-32B-Instruct_HF/ckpt/epoch_model_28_0.7564102564102564.pt: Copied (new)
2026/07/14 21:57:25 INFO  : MHC_zh/RAC_video_archive_seeds/RAC_lr0.0001_Bz64_Ep30_cosSim_triplet_drop[0.2, 0.4, 0.1]_topK20__PseudoGold_positive_1_hard_negative_1_seed0_hybrid_loss_Qwen2.5-VL-32B-Instruct_HF/ckpt/epoch_model_23_0.8076923076923077.pt: Copied (new)
2026/07/14 21:57:26 INFO  : MHC_zh/RAC_video_archive_seeds/RAC_lr0.0001_Bz64_Ep30_cosSim_triplet_drop[0.2, 0.4, 0.1]_topK20__PseudoGold_positive_1_hard_negative_1_seed0_hybrid_loss_Qwen2.5-VL-32B-Instruct_HF/ckpt/epoch_model_29_0.7692307692307693.pt: Copied (new)
2026/07/14 21:57:28 INFO  : MHC_zh/RAC_video_archive_seeds/RAC_lr0.0001_Bz64_Ep30_cosSim_triplet_drop[0.2, 0.4, 0.1]_topK20__PseudoGold_positive_1_hard_negative_1_seed0_hybrid_loss_Qwen2.5-VL-32B-Instruct_HF/ckpt/epoch_model_3_0.8461538461538461.pt: Copied (new)
2026/07/14 21:57:28 INFO  : MHC_zh/RAC_video_archive_seeds/RAC_lr0.0001_Bz64_Ep30_cosSim_triplet_drop[0.2, 0.4, 0.1]_topK20__PseudoGold_positive_1_hard_negative_1_seed0_hybrid_loss_Qwen2.5-VL-32B-Instruct_HF/ckpt/epoch_model_2_0.8461538461538461.pt: Copied (new)
2026/07/14 21:57:29 INFO  : MHC_zh/RAC_video_archive_seeds/RAC_lr0.0001_Bz64_Ep30_cosSim_triplet_drop[0.2, 0.4, 0.1]_topK20__PseudoGold_positive_1_hard_negative_1_seed0_hybrid_loss_Qwen2.5-VL-32B-Instruct_HF/ckpt/epoch_model_4_0.8333333333333334.pt: Copied (new)
2026/07/14 21:57:30 INFO  : MHC_zh/RAC_video_archive_seeds/RAC_lr0.0001_Bz64_Ep30_cosSim_triplet_drop[0.2, 0.4, 0.1]_topK20__PseudoGold_positive_1_hard_negative_1_seed0_hybrid_loss_Qwen2.5-VL-32B-Instruct_HF/ckpt/epoch_model_5_0.7948717948717948.pt: Copied (new)
2026/07/14 21:57:31 INFO  : MHC_zh/RAC_video_archive_seeds/RAC_lr0.0001_Bz64_Ep30_cosSim_triplet_drop[0.2, 0.4, 0.1]_topK20__PseudoGold_positive_1_hard_negative_1_seed0_hybrid_loss_Qwen2.5-VL-32B-Instruct_HF/ckpt/epoch_model_9_0.8076923076923077.pt: Copied (new)
2026/07/14 21:57:31 INFO  : MHC_zh/RAC_video_archive_seeds/RAC_lr0.0001_Bz64_Ep30_cosSim_triplet_drop[0.2, 0.4, 0.1]_topK20__PseudoGold_positive_1_hard_negative_1_seed0_hybrid_loss_Qwen2.5-VL-32B-Instruct_HF/ckpt/epoch_model_6_0.8076923076923077.pt: Copied (new)
2026/07/14 21:57:32 INFO  : MHC_zh/RAC_video_archive_seeds/RAC_lr0.0001_Bz64_Ep30_cosSim_triplet_drop[0.2, 0.4, 0.1]_topK20__PseudoGold_positive_1_hard_negative_1_seed0_hybrid_loss_Qwen2.5-VL-7B-Instruct_HF/ckpt/best_model_11_0.782051282051282.pt: Copied (new)
2026/07/14 21:57:32 INFO  : MHC_zh/RAC_video_archive_seeds/RAC_lr0.0001_Bz64_Ep30_cosSim_triplet_drop[0.2, 0.4, 0.1]_topK20__PseudoGold_positive_1_hard_negative_1_seed0_hybrid_loss_Qwen2.5-VL-32B-Instruct_HF/ckpt/last_model_29_0.7692307692307693.pt: Copied (new)
2026/07/14 21:57:32 INFO  : MHC_zh/RAC_video_archive_seeds/RAC_lr0.0001_Bz64_Ep30_cosSim_triplet_drop[0.2, 0.4, 0.1]_topK20__PseudoGold_positive_1_hard_negative_1_seed0_hybrid_loss_Qwen2.5-VL-32B-Instruct_HF/ckpt/epoch_model_7_0.8205128205128205.pt: Copied (new)
2026/07/14 21:57:33 INFO  : MHC_zh/RAC_video_archive_seeds/RAC_lr0.0001_Bz64_Ep30_cosSim_triplet_drop[0.2, 0.4, 0.1]_topK20__PseudoGold_positive_1_hard_negative_1_seed0_hybrid_loss_Qwen2.5-VL-7B-Instruct_HF/ckpt/best_model_13_0.782051282051282.pt: Copied (new)
2026/07/14 21:57:34 INFO  : MHC_zh/RAC_video_archive_seeds/RAC_lr0.0001_Bz64_Ep30_cosSim_triplet_drop[0.2, 0.4, 0.1]_topK20__PseudoGold_positive_1_hard_negative_1_seed0_hybrid_loss_Qwen2.5-VL-32B-Instruct_HF/ckpt/epoch_model_8_0.8205128205128205.pt: Copied (new)
2026/07/14 21:57:34 INFO  : MHC_zh/RAC_video_archive_seeds/RAC_lr0.0001_Bz64_Ep30_cosSim_triplet_drop[0.2, 0.4, 0.1]_topK20__PseudoGold_positive_1_hard_negative_1_seed0_hybrid_loss_Qwen2.5-VL-7B-Instruct_HF/ckpt/best_model_14_0.8076923076923077.pt: Copied (new)
2026/07/14 21:57:34 INFO  : 
Transferred:   	   13.365 GiB / 60.889 GiB, 22%, 70.277 MiB/s, ETA 11m32s
Checks:                 0 / 0, -, Listed 2905
Transferred:          603 / 2277, 26%
Elapsed time:      3m59.9s
Transferring:
 * MHC_zh/RAC_video_archi…_0.8076923076923077.pt: 42% /40.028Mi, 5.624Mi/s, 4s
 * MHC_zh/RAC_video_archi…_0.8205128205128205.pt:100% /40.028Mi, 13.342Mi/s, 0s
 * MHC_zh/RAC_video_archi…_0.7564102564102564.pt: 86% /40.028Mi, 14.045Mi/s, 0s
 * MHC_zh/RAC_video_archi…_0.7564102564102564.pt: 89% /40.028Mi, 15.591Mi/s, 0s
 * MHC_zh/RAC_video_archi…_0.7564102564102564.pt: 59% /40.028Mi, 11.295Mi/s, 1s
 * MHC_zh/RAC_video_archi…_0.7564102564102564.pt: 31% /40.028Mi, 0/s, -
 * MHC_zh/RAC_video_archi…_0.8333333333333334.pt: 27% /40.028Mi, 0/s, -
 * MHC_zh/RAC_video_archi…_0.7564102564102564.pt: 22% /40.028Mi, 0/s, -

2026/07/14 21:57:35 INFO  : MHC_zh/RAC_video_archive_seeds/RAC_lr0.0001_Bz64_Ep30_cosSim_triplet_drop[0.2, 0.4, 0.1]_topK20__PseudoGold_positive_1_hard_negative_1_seed0_hybrid_loss_Qwen2.5-VL-7B-Instruct_HF/ckpt/best_model_22_0.8205128205128205.pt: Copied (new)
2026/07/14 21:57:35 INFO  : MHC_zh/RAC_video_archive_seeds/RAC_lr0.0001_Bz64_Ep30_cosSim_triplet_drop[0.2, 0.4, 0.1]_topK20__PseudoGold_positive_1_hard_negative_1_seed0_hybrid_loss_Qwen2.5-VL-7B-Instruct_HF/ckpt/best_model_6_0.7564102564102564.pt: Copied (new)
2026/07/14 21:57:36 INFO  : MHC_zh/RAC_video_archive_seeds/RAC_lr0.0001_Bz64_Ep30_cosSim_triplet_drop[0.2, 0.4, 0.1]_topK20__PseudoGold_positive_1_hard_negative_1_seed0_hybrid_loss_Qwen2.5-VL-7B-Instruct_HF/ckpt/best_model_5_0.7564102564102564.pt: Copied (new)
2026/07/14 21:57:37 INFO  : MHC_zh/RAC_video_archive_seeds/RAC_lr0.0001_Bz64_Ep30_cosSim_triplet_drop[0.2, 0.4, 0.1]_topK20__PseudoGold_positive_1_hard_negative_1_seed0_hybrid_loss_Qwen2.5-VL-7B-Instruct_HF/ckpt/best_model_7_0.7564102564102564.pt: Copied (new)
2026/07/14 21:57:37 INFO  : MHC_zh/RAC_video_archive_seeds/RAC_lr0.0001_Bz64_Ep30_cosSim_triplet_drop[0.2, 0.4, 0.1]_topK20__PseudoGold_positive_1_hard_negative_1_seed0_hybrid_loss_Qwen2.5-VL-7B-Instruct_HF/ckpt/best_model_15_0.8076923076923077.pt: Copied (new)
2026/07/14 21:57:38 INFO  : MHC_zh/RAC_video_archive_seeds/RAC_lr0.0001_Bz64_Ep30_cosSim_triplet_drop[0.2, 0.4, 0.1]_topK20__PseudoGold_positive_1_hard_negative_1_seed0_hybrid_loss_Qwen2.5-VL-7B-Instruct_HF/ckpt/best_model_8_0.7564102564102564.pt: Copied (new)
2026/07/14 21:57:38 INFO  : MHC_zh/RAC_video_archive_seeds/RAC_lr0.0001_Bz64_Ep30_cosSim_triplet_drop[0.2, 0.4, 0.1]_topK20__PseudoGold_positive_1_hard_negative_1_seed0_hybrid_loss_Qwen2.5-VL-7B-Instruct_HF/ckpt/epoch_model_10_0.7564102564102564.pt: Copied (new)
2026/07/14 21:57:38 INFO  : MHC_zh/RAC_video_archive_seeds/RAC_lr0.0001_Bz64_Ep30_cosSim_triplet_drop[0.2, 0.4, 0.1]_topK20__PseudoGold_positive_1_hard_negative_1_seed0_hybrid_loss_Qwen2.5-VL-7B-Instruct_HF/ckpt/epoch_model_11_0.782051282051282.pt: Copied (new)
2026/07/14 21:57:39 INFO  : MHC_zh/RAC_video_archive_seeds/RAC_lr0.0001_Bz64_Ep30_cosSim_triplet_drop[0.2, 0.4, 0.1]_topK20__PseudoGold_positive_1_hard_negative_1_seed0_hybrid_loss_Qwen2.5-VL-7B-Instruct_HF/ckpt/epoch_model_12_0.7307692307692307.pt: Copied (new)
2026/07/14 21:57:39 INFO  : MHC_zh/RAC_video_archive_seeds/RAC_lr0.0001_Bz64_Ep30_cosSim_triplet_drop[0.2, 0.4, 0.1]_topK20__PseudoGold_positive_1_hard_negative_1_seed0_hybrid_loss_Qwen2.5-VL-7B-Instruct_HF/ckpt/epoch_model_13_0.782051282051282.pt: Copied (new)
2026/07/14 21:57:40 INFO  : MHC_zh/RAC_video_archive_seeds/RAC_lr0.0001_Bz64_Ep30_cosSim_triplet_drop[0.2, 0.4, 0.1]_topK20__PseudoGold_positive_1_hard_negative_1_seed0_hybrid_loss_Qwen2.5-VL-7B-Instruct_HF/ckpt/epoch_model_0_0.8333333333333334.pt: Copied (new)
2026/07/14 21:57:41 INFO  : MHC_zh/RAC_video_archive_seeds/RAC_lr0.0001_Bz64_Ep30_cosSim_triplet_drop[0.2, 0.4, 0.1]_topK20__PseudoGold_positive_1_hard_negative_1_seed0_hybrid_loss_Qwen2.5-VL-7B-Instruct_HF/ckpt/epoch_model_15_0.8076923076923077.pt: Copied (new)
2026/07/14 21:57:41 INFO  : MHC_zh/RAC_video_archive_seeds/RAC_lr0.0001_Bz64_Ep30_cosSim_triplet_drop[0.2, 0.4, 0.1]_topK20__PseudoGold_positive_1_hard_negative_1_seed0_hybrid_loss_Qwen2.5-VL-7B-Instruct_HF/ckpt/epoch_model_14_0.8076923076923077.pt: Copied (new)
2026/07/14 21:57:42 INFO  : MHC_zh/RAC_video_archive_seeds/RAC_lr0.0001_Bz64_Ep30_cosSim_triplet_drop[0.2, 0.4, 0.1]_topK20__PseudoGold_positive_1_hard_negative_1_seed0_hybrid_loss_Qwen2.5-VL-7B-Instruct_HF/ckpt/epoch_model_19_0.782051282051282.pt: Copied (new)
2026/07/14 21:57:42 INFO  : MHC_zh/RAC_video_archive_seeds/RAC_lr0.0001_Bz64_Ep30_cosSim_triplet_drop[0.2, 0.4, 0.1]_topK20__PseudoGold_positive_1_hard_negative_1_seed0_hybrid_loss_Qwen2.5-VL-7B-Instruct_HF/ckpt/epoch_model_16_0.7692307692307693.pt: Copied (new)
2026/07/14 21:57:42 INFO  : MHC_zh/RAC_video_archive_seeds/RAC_lr0.0001_Bz64_Ep30_cosSim_triplet_drop[0.2, 0.4, 0.1]_topK20__PseudoGold_positive_1_hard_negative_1_seed0_hybrid_loss_Qwen2.5-VL-7B-Instruct_HF/ckpt/epoch_model_18_0.7692307692307693.pt: Copied (new)
2026/07/14 21:57:44 INFO  : MHC_zh/RAC_video_archive_seeds/RAC_lr0.0001_Bz64_Ep30_cosSim_triplet_drop[0.2, 0.4, 0.1]_topK20__PseudoGold_positive_1_hard_negative_1_seed0_hybrid_loss_Qwen2.5-VL-7B-Instruct_HF/ckpt/epoch_model_1_0.8205128205128205.pt: Copied (new)
2026/07/14 21:57:44 INFO  : MHC_zh/RAC_video_archive_seeds/RAC_lr0.0001_Bz64_Ep30_cosSim_triplet_drop[0.2, 0.4, 0.1]_topK20__PseudoGold_positive_1_hard_negative_1_seed0_hybrid_loss_Qwen2.5-VL-7B-Instruct_HF/ckpt/epoch_model_17_0.7564102564102564.pt: Copied (new)
2026/07/14 21:57:44 INFO  : MHC_zh/RAC_video_archive_seeds/RAC_lr0.0001_Bz64_Ep30_cosSim_triplet_drop[0.2, 0.4, 0.1]_topK20__PseudoGold_positive_1_hard_negative_1_seed0_hybrid_loss_Qwen2.5-VL-7B-Instruct_HF/ckpt/epoch_model_21_0.7435897435897436.pt: Copied (new)
2026/07/14 21:57:46 INFO  : MHC_zh/RAC_video_archive_seeds/RAC_lr0.0001_Bz64_Ep30_cosSim_triplet_drop[0.2, 0.4, 0.1]_topK20__PseudoGold_positive_1_hard_negative_1_seed0_hybrid_loss_Qwen2.5-VL-7B-Instruct_HF/ckpt/epoch_model_20_0.7564102564102564.pt: Copied (new)
2026/07/14 21:57:46 INFO  : MHC_zh/RAC_video_archive_seeds/RAC_lr0.0001_Bz64_Ep30_cosSim_triplet_drop[0.2, 0.4, 0.1]_topK20__PseudoGold_positive_1_hard_negative_1_seed0_hybrid_loss_Qwen2.5-VL-7B-Instruct_HF/ckpt/epoch_model_25_0.7692307692307693.pt: Copied (new)
2026/07/14 21:57:46 INFO  : MHC_zh/RAC_video_archive_seeds/RAC_lr0.0001_Bz64_Ep30_cosSim_triplet_drop[0.2, 0.4, 0.1]_topK20__PseudoGold_positive_1_hard_negative_1_seed0_hybrid_loss_Qwen2.5-VL-7B-Instruct_HF/ckpt/epoch_model_23_0.7435897435897436.pt: Copied (new)
2026/07/14 21:57:46 INFO  : MHC_zh/RAC_video_archive_seeds/RAC_lr0.0001_Bz64_Ep30_cosSim_triplet_drop[0.2, 0.4, 0.1]_topK20__PseudoGold_positive_1_hard_negative_1_seed0_hybrid_loss_Qwen2.5-VL-7B-Instruct_HF/ckpt/epoch_model_22_0.8205128205128205.pt: Copied (new)
2026/07/14 21:57:48 INFO  : MHC_zh/RAC_video_archive_seeds/RAC_lr0.0001_Bz64_Ep30_cosSim_triplet_drop[0.2, 0.4, 0.1]_topK20__PseudoGold_positive_1_hard_negative_1_seed0_hybrid_loss_Qwen2.5-VL-7B-Instruct_HF/ckpt/epoch_model_24_0.7692307692307693.pt: Copied (new)
2026/07/14 21:57:48 INFO  : MHC_zh/RAC_video_archive_seeds/RAC_lr0.0001_Bz64_Ep30_cosSim_triplet_drop[0.2, 0.4, 0.1]_topK20__PseudoGold_positive_1_hard_negative_1_seed0_hybrid_loss_Qwen2.5-VL-7B-Instruct_HF/ckpt/epoch_model_28_0.8205128205128205.pt: Copied (new)
2026/07/14 21:57:48 INFO  : MHC_zh/RAC_video_archive_seeds/RAC_lr0.0001_Bz64_Ep30_cosSim_triplet_drop[0.2, 0.4, 0.1]_topK20__PseudoGold_positive_1_hard_negative_1_seed0_hybrid_loss_Qwen2.5-VL-7B-Instruct_HF/ckpt/epoch_model_27_0.782051282051282.pt: Copied (new)
2026/07/14 21:57:48 INFO  : MHC_zh/RAC_video_archive_seeds/RAC_lr0.0001_Bz64_Ep30_cosSim_triplet_drop[0.2, 0.4, 0.1]_topK20__PseudoGold_positive_1_hard_negative_1_seed0_hybrid_loss_Qwen2.5-VL-7B-Instruct_HF/ckpt/epoch_model_26_0.8205128205128205.pt: Copied (new)
2026/07/14 21:57:49 INFO  : MHC_zh/RAC_video_archive_seeds/RAC_lr0.0001_Bz64_Ep30_cosSim_triplet_drop[0.2, 0.4, 0.1]_topK20__PseudoGold_positive_1_hard_negative_1_seed0_hybrid_loss_Qwen2.5-VL-7B-Instruct_HF/ckpt/epoch_model_3_0.7564102564102564.pt: Copied (new)
2026/07/14 21:57:49 INFO  : MHC_zh/RAC_video_archive_seeds/RAC_lr0.0001_Bz64_Ep30_cosSim_triplet_drop[0.2, 0.4, 0.1]_topK20__PseudoGold_positive_1_hard_negative_1_seed0_hybrid_loss_Qwen2.5-VL-7B-Instruct_HF/ckpt/epoch_model_2_0.782051282051282.pt: Copied (new)
2026/07/14 21:57:50 INFO  : MHC_zh/RAC_video_archive_seeds/RAC_lr0.0001_Bz64_Ep30_cosSim_triplet_drop[0.2, 0.4, 0.1]_topK20__PseudoGold_positive_1_hard_negative_1_seed0_hybrid_loss_Qwen2.5-VL-7B-Instruct_HF/ckpt/epoch_model_4_0.7564102564102564.pt: Copied (new)
2026/07/14 21:57:51 INFO  : MHC_zh/RAC_video_archive_seeds/RAC_lr0.0001_Bz64_Ep30_cosSim_triplet_drop[0.2, 0.4, 0.1]_topK20__PseudoGold_positive_1_hard_negative_1_seed0_hybrid_loss_Qwen2.5-VL-7B-Instruct_HF/ckpt/epoch_model_6_0.7564102564102564.pt: Copied (new)
2026/07/14 21:57:52 INFO  : MHC_zh/RAC_video_archive_seeds/RAC_lr0.0001_Bz64_Ep30_cosSim_triplet_drop[0.2, 0.4, 0.1]_topK20__PseudoGold_positive_1_hard_negative_1_seed0_hybrid_loss_Qwen2.5-VL-7B-Instruct_HF/ckpt/epoch_model_7_0.7564102564102564.pt: Copied (new)
2026/07/14 21:57:52 INFO  : MHC_zh/RAC_video_archive_seeds/RAC_lr0.0001_Bz64_Ep30_cosSim_triplet_drop[0.2, 0.4, 0.1]_topK20__PseudoGold_positive_1_hard_negative_1_seed0_hybrid_loss_Qwen2.5-VL-7B-Instruct_HF/ckpt/epoch_model_29_0.782051282051282.pt: Copied (new)
2026/07/14 21:57:52 INFO  : MHC_zh/RAC_video_archive_seeds/RAC_lr0.0001_Bz64_Ep30_cosSim_triplet_drop[0.2, 0.4, 0.1]_topK20__PseudoGold_positive_1_hard_negative_1_seed0_hybrid_loss_openai_clip-vit-large-patch14-336_HF/ckpt/best_model_13_0.7051282051282052.pt: Copied (new)
2026/07/14 21:57:52 INFO  : MHC_zh/RAC_video_archive_seeds/RAC_lr0.0001_Bz64_Ep30_cosSim_triplet_drop[0.2, 0.4, 0.1]_topK20__PseudoGold_positive_1_hard_negative_1_seed0_hybrid_loss_Qwen2.5-VL-7B-Instruct_HF/ckpt/epoch_model_8_0.7564102564102564.pt: Copied (new)
2026/07/14 21:57:53 INFO  : MHC_zh/RAC_video_archive_seeds/RAC_lr0.0001_Bz64_Ep30_cosSim_triplet_drop[0.2, 0.4, 0.1]_topK20__PseudoGold_positive_1_hard_negative_1_seed0_hybrid_loss_Qwen2.5-VL-7B-Instruct_HF/ckpt/last_model_29_0.782051282051282.pt: Copied (new)
2026/07/14 21:57:53 INFO  : MHC_zh/RAC_video_archive_seeds/RAC_lr0.0001_Bz64_Ep30_cosSim_triplet_drop[0.2, 0.4, 0.1]_topK20__PseudoGold_positive_1_hard_negative_1_seed0_hybrid_loss_openai_clip-vit-large-patch14-336_HF/ckpt/best_model_14_0.7307692307692307.pt: Copied (new)
2026/07/14 21:57:53 INFO  : MHC_zh/RAC_video_archive_seeds/RAC_lr0.0001_Bz64_Ep30_cosSim_triplet_drop[0.2, 0.4, 0.1]_topK20__PseudoGold_positive_1_hard_negative_1_seed0_hybrid_loss_Qwen2.5-VL-7B-Instruct_HF/ckpt/epoch_model_9_0.7307692307692307.pt: Copied (new)
2026/07/14 21:57:54 INFO  : MHC_zh/RAC_video_archive_seeds/RAC_lr0.0001_Bz64_Ep30_cosSim_triplet_drop[0.2, 0.4, 0.1]_topK20__PseudoGold_positive_1_hard_negative_1_seed0_hybrid_loss_openai_clip-vit-large-patch14-336_HF/ckpt/best_model_15_0.7307692307692307.pt: Copied (new)
2026/07/14 21:57:54 INFO  : MHC_zh/RAC_video_archive_seeds/RAC_lr0.0001_Bz64_Ep30_cosSim_triplet_drop[0.2, 0.4, 0.1]_topK20__PseudoGold_positive_1_hard_negative_1_seed0_hybrid_loss_openai_clip-vit-large-patch14-336_HF/ckpt/best_model_19_0.7692307692307693.pt: Copied (new)
2026/07/14 21:57:55 INFO  : MHC_zh/RAC_video_archive_seeds/RAC_lr0.0001_Bz64_Ep30_cosSim_triplet_drop[0.2, 0.4, 0.1]_topK20__PseudoGold_positive_1_hard_negative_1_seed0_hybrid_loss_openai_clip-vit-large-patch14-336_HF/ckpt/best_model_20_0.782051282051282.pt: Copied (new)
2026/07/14 21:57:55 INFO  : MHC_zh/RAC_video_archive_seeds/RAC_lr0.0001_Bz64_Ep30_cosSim_triplet_drop[0.2, 0.4, 0.1]_topK20__PseudoGold_positive_1_hard_negative_1_seed0_hybrid_loss_openai_clip-vit-large-patch14-336_HF/ckpt/best_model_16_0.7564102564102564.pt: Copied (new)
2026/07/14 21:57:55 INFO  : MHC_zh/RAC_video_archive_seeds/RAC_lr0.0001_Bz64_Ep30_cosSim_triplet_drop[0.2, 0.4, 0.1]_topK20__PseudoGold_positive_1_hard_negative_1_seed0_hybrid_loss_openai_clip-vit-large-patch14-336_HF/ckpt/best_model_21_0.7948717948717948.pt: Copied (new)
2026/07/14 21:57:56 INFO  : MHC_zh/RAC_video_archive_seeds/RAC_lr0.0001_Bz64_Ep30_cosSim_triplet_drop[0.2, 0.4, 0.1]_topK20__PseudoGold_positive_1_hard_negative_1_seed0_hybrid_loss_openai_clip-vit-large-patch14-336_HF/ckpt/best_model_5_0.6666666666666666.pt: Copied (new)
2026/07/14 21:57:56 INFO  : MHC_zh/RAC_video_archive_seeds/RAC_lr0.0001_Bz64_Ep30_cosSim_triplet_drop[0.2, 0.4, 0.1]_topK20__PseudoGold_positive_1_hard_negative_1_seed0_hybrid_loss_openai_clip-vit-large-patch14-336_HF/ckpt/best_model_29_0.8076923076923077.pt: Copied (new)
2026/07/14 21:57:56 INFO  : MHC_zh/RAC_video_archive_seeds/RAC_lr0.0001_Bz64_Ep30_cosSim_triplet_drop[0.2, 0.4, 0.1]_topK20__PseudoGold_positive_1_hard_negative_1_seed0_hybrid_loss_openai_clip-vit-large-patch14-336_HF/ckpt/epoch_model_0_0.7435897435897436.pt: Copied (new)
2026/07/14 21:57:56 INFO  : MHC_zh/RAC_video_archive_seeds/RAC_lr0.0001_Bz64_Ep30_cosSim_triplet_drop[0.2, 0.4, 0.1]_topK20__PseudoGold_positive_1_hard_negative_1_seed0_hybrid_loss_openai_clip-vit-large-patch14-336_HF/ckpt/best_model_7_0.7051282051282052.pt: Copied (new)
2026/07/14 21:57:57 INFO  : MHC_zh/RAC_video_archive_seeds/RAC_lr0.0001_Bz64_Ep30_cosSim_triplet_drop[0.2, 0.4, 0.1]_topK20__PseudoGold_positive_1_hard_negative_1_seed0_hybrid_loss_Qwen2.5-VL-7B-Instruct_HF/ckpt/epoch_model_5_0.7564102564102564.pt: Copied (new)
2026/07/14 21:57:57 INFO  : MHC_zh/RAC_video_archive_seeds/RAC_lr0.0001_Bz64_Ep30_cosSim_triplet_drop[0.2, 0.4, 0.1]_topK20__PseudoGold_positive_1_hard_negative_1_seed0_hybrid_loss_openai_clip-vit-large-patch14-336_HF/ckpt/epoch_model_10_0.6538461538461539.pt: Copied (new)
2026/07/14 21:57:57 INFO  : MHC_zh/RAC_video_archive_seeds/RAC_lr0.0001_Bz64_Ep30_cosSim_triplet_drop[0.2, 0.4, 0.1]_topK20__PseudoGold_positive_1_hard_negative_1_seed0_hybrid_loss_openai_clip-vit-large-patch14-336_HF/ckpt/epoch_model_11_0.6794871794871795.pt: Copied (new)
2026/07/14 21:57:58 INFO  : MHC_zh/RAC_video_archive_seeds/RAC_lr0.0001_Bz64_Ep30_cosSim_triplet_drop[0.2, 0.4, 0.1]_topK20__PseudoGold_positive_1_hard_negative_1_seed0_hybrid_loss_openai_clip-vit-large-patch14-336_HF/ckpt/epoch_model_13_0.7051282051282052.pt: Copied (new)
2026/07/14 21:57:58 INFO  : MHC_zh/RAC_video_archive_seeds/RAC_lr0.0001_Bz64_Ep30_cosSim_triplet_drop[0.2, 0.4, 0.1]_topK20__PseudoGold_positive_1_hard_negative_1_seed0_hybrid_loss_openai_clip-vit-large-patch14-336_HF/ckpt/epoch_model_15_0.7307692307692307.pt: Copied (new)
2026/07/14 21:57:58 INFO  : MHC_zh/RAC_video_archive_seeds/RAC_lr0.0001_Bz64_Ep30_cosSim_triplet_drop[0.2, 0.4, 0.1]_topK20__PseudoGold_positive_1_hard_negative_1_seed0_hybrid_loss_openai_clip-vit-large-patch14-336_HF/ckpt/epoch_model_16_0.7564102564102564.pt: Copied (new)
2026/07/14 21:57:59 INFO  : MHC_zh/RAC_video_archive_seeds/RAC_lr0.0001_Bz64_Ep30_cosSim_triplet_drop[0.2, 0.4, 0.1]_topK20__PseudoGold_positive_1_hard_negative_1_seed0_hybrid_loss_openai_clip-vit-large-patch14-336_HF/ckpt/epoch_model_14_0.7307692307692307.pt: Copied (new)
2026/07/14 21:57:59 INFO  : MHC_zh/RAC_video_archive_seeds/RAC_lr0.0001_Bz64_Ep30_cosSim_triplet_drop[0.2, 0.4, 0.1]_topK20__PseudoGold_positive_1_hard_negative_1_seed0_hybrid_loss_openai_clip-vit-large-patch14-336_HF/ckpt/epoch_model_12_0.6666666666666666.pt: Copied (new)
2026/07/14 21:57:59 INFO  : MHC_zh/RAC_video_archive_seeds/RAC_lr0.0001_Bz64_Ep30_cosSim_triplet_drop[0.2, 0.4, 0.1]_topK20__PseudoGold_positive_1_hard_negative_1_seed0_hybrid_loss_openai_clip-vit-large-patch14-336_HF/ckpt/epoch_model_18_0.6923076923076923.pt: Copied (new)
2026/07/14 21:58:00 INFO  : MHC_zh/RAC_video_archive_seeds/RAC_lr0.0001_Bz64_Ep30_cosSim_triplet_drop[0.2, 0.4, 0.1]_topK20__PseudoGold_positive_1_hard_negative_1_seed0_hybrid_loss_openai_clip-vit-large-patch14-336_HF/ckpt/epoch_model_17_0.717948717948718.pt: Copied (new)
2026/07/14 21:58:00 INFO  : MHC_zh/RAC_video_archive_seeds/RAC_lr0.0001_Bz64_Ep30_cosSim_triplet_drop[0.2, 0.4, 0.1]_topK20__PseudoGold_positive_1_hard_negative_1_seed0_hybrid_loss_openai_clip-vit-large-patch14-336_HF/ckpt/epoch_model_1_0.6794871794871795.pt: Copied (new)
2026/07/14 21:58:01 INFO  : MHC_zh/RAC_video_archive_seeds/RAC_lr0.0001_Bz64_Ep30_cosSim_triplet_drop[0.2, 0.4, 0.1]_topK20__PseudoGold_positive_1_hard_negative_1_seed0_hybrid_loss_openai_clip-vit-large-patch14-336_HF/ckpt/epoch_model_21_0.7948717948717948.pt: Copied (new)
2026/07/14 21:58:01 INFO  : MHC_zh/RAC_video_archive_seeds/RAC_lr0.0001_Bz64_Ep30_cosSim_triplet_drop[0.2, 0.4, 0.1]_topK20__PseudoGold_positive_1_hard_negative_1_seed0_hybrid_loss_openai_clip-vit-large-patch14-336_HF/ckpt/epoch_model_19_0.7692307692307693.pt: Copied (new)
2026/07/14 21:58:01 INFO  : MHC_zh/RAC_video_archive_seeds/RAC_lr0.0001_Bz64_Ep30_cosSim_triplet_drop[0.2, 0.4, 0.1]_topK20__PseudoGold_positive_1_hard_negative_1_seed0_hybrid_loss_openai_clip-vit-large-patch14-336_HF/ckpt/epoch_model_22_0.7692307692307693.pt: Copied (new)
2026/07/14 21:58:02 INFO  : MHC_zh/RAC_video_archive_seeds/RAC_lr0.0001_Bz64_Ep30_cosSim_triplet_drop[0.2, 0.4, 0.1]_topK20__PseudoGold_positive_1_hard_negative_1_seed0_hybrid_loss_openai_clip-vit-large-patch14-336_HF/ckpt/epoch_model_24_0.7692307692307693.pt: Copied (new)
2026/07/14 21:58:02 INFO  : MHC_zh/RAC_video_archive_seeds/RAC_lr0.0001_Bz64_Ep30_cosSim_triplet_drop[0.2, 0.4, 0.1]_topK20__PseudoGold_positive_1_hard_negative_1_seed0_hybrid_loss_openai_clip-vit-large-patch14-336_HF/ckpt/epoch_model_23_0.7692307692307693.pt: Copied (new)
2026/07/14 21:58:02 INFO  : MHC_zh/RAC_video_archive_seeds/RAC_lr0.0001_Bz64_Ep30_cosSim_triplet_drop[0.2, 0.4, 0.1]_topK20__PseudoGold_positive_1_hard_negative_1_seed0_hybrid_loss_openai_clip-vit-large-patch14-336_HF/ckpt/epoch_model_20_0.782051282051282.pt: Copied (new)
2026/07/14 21:58:02 INFO  : MHC_zh/RAC_video_archive_seeds/RAC_lr0.0001_Bz64_Ep30_cosSim_triplet_drop[0.2, 0.4, 0.1]_topK20__PseudoGold_positive_1_hard_negative_1_seed0_hybrid_loss_openai_clip-vit-large-patch14-336_HF/ckpt/epoch_model_26_0.7307692307692307.pt: Copied (new)
2026/07/14 21:58:03 INFO  : MHC_zh/RAC_video_archive_seeds/RAC_lr0.0001_Bz64_Ep30_cosSim_triplet_drop[0.2, 0.4, 0.1]_topK20__PseudoGold_positive_1_hard_negative_1_seed0_hybrid_loss_openai_clip-vit-large-patch14-336_HF/ckpt/epoch_model_25_0.7692307692307693.pt: Copied (new)
2026/07/14 21:58:03 INFO  : MHC_zh/RAC_video_archive_seeds/RAC_lr0.0001_Bz64_Ep30_cosSim_triplet_drop[0.2, 0.4, 0.1]_topK20__PseudoGold_positive_1_hard_negative_1_seed0_hybrid_loss_openai_clip-vit-large-patch14-336_HF/ckpt/epoch_model_29_0.8076923076923077.pt: Copied (new)
2026/07/14 21:58:03 INFO  : MHC_zh/RAC_video_archive_seeds/RAC_lr0.0001_Bz64_Ep30_cosSim_triplet_drop[0.2, 0.4, 0.1]_topK20__PseudoGold_positive_1_hard_negative_1_seed0_hybrid_loss_openai_clip-vit-large-patch14-336_HF/ckpt/epoch_model_27_0.7564102564102564.pt: Copied (new)
2026/07/14 21:58:04 INFO  : MHC_zh/RAC_video_archive_seeds/RAC_lr0.0001_Bz64_Ep30_cosSim_triplet_drop[0.2, 0.4, 0.1]_topK20__PseudoGold_positive_1_hard_negative_1_seed0_hybrid_loss_openai_clip-vit-large-patch14-336_HF/ckpt/epoch_model_28_0.7692307692307693.pt: Copied (new)
2026/07/14 21:58:04 INFO  : MHC_zh/RAC_video_archive_seeds/RAC_lr0.0001_Bz64_Ep30_cosSim_triplet_drop[0.2, 0.4, 0.1]_topK20__PseudoGold_positive_1_hard_negative_1_seed0_hybrid_loss_openai_clip-vit-large-patch14-336_HF/ckpt/epoch_model_5_0.6666666666666666.pt: Copied (new)
2026/07/14 21:58:04 INFO  : MHC_zh/RAC_video_archive_seeds/RAC_lr0.0001_Bz64_Ep30_cosSim_triplet_drop[0.2, 0.4, 0.1]_topK20__PseudoGold_positive_1_hard_negative_1_seed0_hybrid_loss_openai_clip-vit-large-patch14-336_HF/ckpt/epoch_model_2_0.6794871794871795.pt: Copied (new)
2026/07/14 21:58:05 INFO  : MHC_zh/RAC_video_archive_seeds/RAC_lr0.0001_Bz64_Ep30_cosSim_triplet_drop[0.2, 0.4, 0.1]_topK20__PseudoGold_positive_1_hard_negative_1_seed0_hybrid_loss_openai_clip-vit-large-patch14-336_HF/ckpt/epoch_model_3_0.6666666666666666.pt: Copied (new)
2026/07/14 21:58:05 INFO  : MHC_zh/RAC_video_archive_seeds/RAC_lr0.0001_Bz64_Ep30_cosSim_triplet_drop[0.2, 0.4, 0.1]_topK20__PseudoGold_positive_1_hard_negative_1_seed0_hybrid_loss_openai_clip-vit-large-patch14-336_HF/ckpt/epoch_model_4_0.6794871794871795.pt: Copied (new)
2026/07/14 21:58:06 INFO  : MHC_zh/RAC_video_archive_seeds/RAC_lr0.0001_Bz64_Ep30_cosSim_triplet_drop[0.2, 0.4, 0.1]_topK20__PseudoGold_positive_1_hard_negative_1_seed0_hybrid_loss_openai_clip-vit-large-patch14-336_HF/ckpt/epoch_model_8_0.6923076923076923.pt: Copied (new)
2026/07/14 21:58:06 INFO  : MHC_zh/RAC_video_archive_seeds/RAC_lr0.0001_Bz64_Ep30_cosSim_triplet_drop[0.2, 0.4, 0.1]_topK20__PseudoGold_positive_1_hard_negative_1_seed0_hybrid_loss_openai_clip-vit-large-patch14-336_HF/ckpt/last_model_29_0.8076923076923077.pt: Copied (new)
2026/07/14 21:58:06 INFO  : MHC_zh/RAC_video_archive_seeds/RAC_lr0.0001_Bz64_Ep30_cosSim_triplet_drop[0.2, 0.4, 0.1]_topK20__PseudoGold_positive_1_hard_negative_1_seed0_hybrid_loss_openai_clip-vit-large-patch14-336_HF/ckpt/epoch_model_6_0.6666666666666666.pt: Copied (new)
2026/07/14 21:58:06 INFO  : MHC_zh/RAC_video_archive_seeds/RAC_lr0.0001_Bz64_Ep30_cosSim_triplet_drop[0.2, 0.4, 0.1]_topK20__PseudoGold_positive_1_hard_negative_1_seed0_hybrid_loss_openai_clip-vit-large-patch14-336_HF/ckpt/epoch_model_7_0.7051282051282052.pt: Copied (new)
2026/07/14 21:58:07 INFO  : MHC_zh/RAC_video_archive_seeds/RAC_lr0.0001_Bz64_Ep30_cosSim_triplet_drop[0.2, 0.4, 0.1]_topK20__PseudoGold_positive_1_hard_negative_1_seed0_hybrid_loss_openai_clip-vit-large-patch14-336_HF/ckpt/epoch_model_9_0.6538461538461539.pt: Copied (new)
2026/07/14 21:58:08 INFO  : MHC_zh/RAC_video_archive_seeds/RAC_lr0.0001_Bz64_Ep30_cosSim_triplet_drop[0.2, 0.4, 0.1]_topK20__PseudoGold_positive_1_hard_negative_1_seed1_hybrid_loss_Qwen2.5-VL-7B-Instruct_HF/ckpt/best_model_17_0.8205128205128205.pt: Copied (new)
2026/07/14 21:58:08 INFO  : MHC_zh/RAC_video_archive_seeds/RAC_lr0.0001_Bz64_Ep30_cosSim_triplet_drop[0.2, 0.4, 0.1]_topK20__PseudoGold_positive_1_hard_negative_1_seed1_hybrid_loss_Qwen2.5-VL-7B-Instruct_HF/ckpt/best_model_23_0.8461538461538461.pt: Copied (new)
2026/07/14 21:58:09 INFO  : MHC_zh/RAC_video_archive_seeds/RAC_lr0.0001_Bz64_Ep30_cosSim_triplet_drop[0.2, 0.4, 0.1]_topK20__PseudoGold_positive_1_hard_negative_1_seed1_hybrid_loss_Qwen2.5-VL-7B-Instruct_HF/ckpt/best_model_25_0.8717948717948718.pt: Copied (new)
2026/07/14 21:58:10 INFO  : MHC_zh/RAC_video_archive_seeds/RAC_lr0.0001_Bz64_Ep30_cosSim_triplet_drop[0.2, 0.4, 0.1]_topK20__PseudoGold_positive_1_hard_negative_1_seed1_hybrid_loss_Qwen2.5-VL-7B-Instruct_HF/ckpt/best_model_6_0.8205128205128205.pt: Copied (new)
2026/07/14 21:58:10 INFO  : MHC_zh/RAC_video_archive_seeds/RAC_lr0.0001_Bz64_Ep30_cosSim_triplet_drop[0.2, 0.4, 0.1]_topK20__PseudoGold_positive_1_hard_negative_1_seed1_hybrid_loss_Qwen2.5-VL-7B-Instruct_HF/ckpt/best_model_5_0.7692307692307693.pt: Copied (new)
2026/07/14 21:58:12 INFO  : MHC_zh/RAC_video_archive_seeds/RAC_lr0.0001_Bz64_Ep30_cosSim_triplet_drop[0.2, 0.4, 0.1]_topK20__PseudoGold_positive_1_hard_negative_1_seed1_hybrid_loss_Qwen2.5-VL-7B-Instruct_HF/ckpt/epoch_model_12_0.7435897435897436.pt: Copied (new)
2026/07/14 21:58:12 INFO  : MHC_zh/RAC_video_archive_seeds/RAC_lr0.0001_Bz64_Ep30_cosSim_triplet_drop[0.2, 0.4, 0.1]_topK20__PseudoGold_positive_1_hard_negative_1_seed1_hybrid_loss_Qwen2.5-VL-7B-Instruct_HF/ckpt/best_model_8_0.8205128205128205.pt: Copied (new)
2026/07/14 21:58:13 INFO  : MHC_zh/RAC_video_archive_seeds/RAC_lr0.0001_Bz64_Ep30_cosSim_triplet_drop[0.2, 0.4, 0.1]_topK20__PseudoGold_positive_1_hard_negative_1_seed1_hybrid_loss_Qwen2.5-VL-7B-Instruct_HF/ckpt/epoch_model_0_0.8717948717948718.pt: Copied (new)
2026/07/14 21:58:13 INFO  : MHC_zh/RAC_video_archive_seeds/RAC_lr0.0001_Bz64_Ep30_cosSim_triplet_drop[0.2, 0.4, 0.1]_topK20__PseudoGold_positive_1_hard_negative_1_seed1_hybrid_loss_Qwen2.5-VL-7B-Instruct_HF/ckpt/epoch_model_13_0.8205128205128205.pt: Copied (new)
2026/07/14 21:58:13 INFO  : MHC_zh/RAC_video_archive_seeds/RAC_lr0.0001_Bz64_Ep30_cosSim_triplet_drop[0.2, 0.4, 0.1]_topK20__PseudoGold_positive_1_hard_negative_1_seed1_hybrid_loss_Qwen2.5-VL-7B-Instruct_HF/ckpt/epoch_model_10_0.782051282051282.pt: Copied (new)
2026/07/14 21:58:13 INFO  : MHC_zh/RAC_video_archive_seeds/RAC_lr0.0001_Bz64_Ep30_cosSim_triplet_drop[0.2, 0.4, 0.1]_topK20__PseudoGold_positive_1_hard_negative_1_seed1_hybrid_loss_Qwen2.5-VL-7B-Instruct_HF/ckpt/epoch_model_11_0.7435897435897436.pt: Copied (new)
2026/07/14 21:58:14 INFO  : MHC_zh/RAC_video_archive_seeds/RAC_lr0.0001_Bz64_Ep30_cosSim_triplet_drop[0.2, 0.4, 0.1]_topK20__PseudoGold_positive_1_hard_negative_1_seed1_hybrid_loss_Qwen2.5-VL-7B-Instruct_HF/ckpt/epoch_model_15_0.782051282051282.pt: Copied (new)
2026/07/14 21:58:15 INFO  : MHC_zh/RAC_video_archive_seeds/RAC_lr0.0001_Bz64_Ep30_cosSim_triplet_drop[0.2, 0.4, 0.1]_topK20__PseudoGold_positive_1_hard_negative_1_seed1_hybrid_loss_Qwen2.5-VL-7B-Instruct_HF/ckpt/epoch_model_14_0.7948717948717948.pt: Copied (new)
2026/07/14 21:58:17 INFO  : MHC_zh/RAC_video_archive_seeds/RAC_lr0.0001_Bz64_Ep30_cosSim_triplet_drop[0.2, 0.4, 0.1]_topK20__PseudoGold_positive_1_hard_negative_1_seed1_hybrid_loss_Qwen2.5-VL-7B-Instruct_HF/ckpt/epoch_model_19_0.7948717948717948.pt: Copied (new)
2026/07/14 21:58:17 INFO  : MHC_zh/RAC_video_archive_seeds/RAC_lr0.0001_Bz64_Ep30_cosSim_triplet_drop[0.2, 0.4, 0.1]_topK20__PseudoGold_positive_1_hard_negative_1_seed1_hybrid_loss_Qwen2.5-VL-7B-Instruct_HF/ckpt/epoch_model_16_0.7948717948717948.pt: Copied (new)
2026/07/14 21:58:18 INFO  : MHC_zh/RAC_video_archive_seeds/RAC_lr0.0001_Bz64_Ep30_cosSim_triplet_drop[0.2, 0.4, 0.1]_topK20__PseudoGold_positive_1_hard_negative_1_seed1_hybrid_loss_Qwen2.5-VL-7B-Instruct_HF/ckpt/epoch_model_20_0.8205128205128205.pt: Copied (new)
2026/07/14 21:58:18 INFO  : MHC_zh/RAC_video_archive_seeds/RAC_lr0.0001_Bz64_Ep30_cosSim_triplet_drop[0.2, 0.4, 0.1]_topK20__PseudoGold_positive_1_hard_negative_1_seed1_hybrid_loss_Qwen2.5-VL-7B-Instruct_HF/ckpt/epoch_model_1_0.8205128205128205.pt: Copied (new)
2026/07/14 21:58:19 INFO  : MHC_zh/RAC_video_archive_seeds/RAC_lr0.0001_Bz64_Ep30_cosSim_triplet_drop[0.2, 0.4, 0.1]_topK20__PseudoGold_positive_1_hard_negative_1_seed1_hybrid_loss_Qwen2.5-VL-7B-Instruct_HF/ckpt/epoch_model_22_0.782051282051282.pt: Copied (new)
2026/07/14 21:58:19 INFO  : MHC_zh/RAC_video_archive_seeds/RAC_lr0.0001_Bz64_Ep30_cosSim_triplet_drop[0.2, 0.4, 0.1]_topK20__PseudoGold_positive_1_hard_negative_1_seed1_hybrid_loss_Qwen2.5-VL-7B-Instruct_HF/ckpt/epoch_model_21_0.7948717948717948.pt: Copied (new)
2026/07/14 21:58:20 INFO  : MHC_zh/RAC_video_archive_seeds/RAC_lr0.0001_Bz64_Ep30_cosSim_triplet_drop[0.2, 0.4, 0.1]_topK20__PseudoGold_positive_1_hard_negative_1_seed1_hybrid_loss_Qwen2.5-VL-7B-Instruct_HF/ckpt/epoch_model_18_0.8076923076923077.pt: Copied (new)
2026/07/14 21:58:21 INFO  : MHC_zh/RAC_video_archive_seeds/RAC_lr0.0001_Bz64_Ep30_cosSim_triplet_drop[0.2, 0.4, 0.1]_topK20__PseudoGold_positive_1_hard_negative_1_seed1_hybrid_loss_Qwen2.5-VL-7B-Instruct_HF/ckpt/epoch_model_17_0.8205128205128205.pt: Copied (new)
2026/07/14 21:58:21 INFO  : MHC_zh/RAC_video_archive_seeds/RAC_lr0.0001_Bz64_Ep30_cosSim_triplet_drop[0.2, 0.4, 0.1]_topK20__PseudoGold_positive_1_hard_negative_1_seed1_hybrid_loss_Qwen2.5-VL-7B-Instruct_HF/ckpt/epoch_model_23_0.8461538461538461.pt: Copied (new)
2026/07/14 21:58:21 INFO  : MHC_zh/RAC_video_archive_seeds/RAC_lr0.0001_Bz64_Ep30_cosSim_triplet_drop[0.2, 0.4, 0.1]_topK20__PseudoGold_positive_1_hard_negative_1_seed1_hybrid_loss_Qwen2.5-VL-7B-Instruct_HF/ckpt/epoch_model_24_0.8333333333333334.pt: Copied (new)
2026/07/14 21:58:22 INFO  : MHC_zh/RAC_video_archive_seeds/RAC_lr0.0001_Bz64_Ep30_cosSim_triplet_drop[0.2, 0.4, 0.1]_topK20__PseudoGold_positive_1_hard_negative_1_seed1_hybrid_loss_Qwen2.5-VL-7B-Instruct_HF/ckpt/epoch_model_25_0.8717948717948718.pt: Copied (new)
2026/07/14 21:58:23 INFO  : MHC_zh/RAC_video_archive_seeds/RAC_lr0.0001_Bz64_Ep30_cosSim_triplet_drop[0.2, 0.4, 0.1]_topK20__PseudoGold_positive_1_hard_negative_1_seed1_hybrid_loss_Qwen2.5-VL-7B-Instruct_HF/ckpt/epoch_model_27_0.8205128205128205.pt: Copied (new)
2026/07/14 21:58:23 INFO  : MHC_zh/RAC_video_archive_seeds/RAC_lr0.0001_Bz64_Ep30_cosSim_triplet_drop[0.2, 0.4, 0.1]_topK20__PseudoGold_positive_1_hard_negative_1_seed1_hybrid_loss_Qwen2.5-VL-7B-Instruct_HF/ckpt/epoch_model_26_0.8205128205128205.pt: Copied (new)
2026/07/14 21:58:25 INFO  : MHC_zh/RAC_video_archive_seeds/RAC_lr0.0001_Bz64_Ep30_cosSim_triplet_drop[0.2, 0.4, 0.1]_topK20__PseudoGold_positive_1_hard_negative_1_seed1_hybrid_loss_Qwen2.5-VL-7B-Instruct_HF/ckpt/epoch_model_4_0.7564102564102564.pt: Copied (new)
2026/07/14 21:58:25 INFO  : MHC_zh/RAC_video_archive_seeds/RAC_lr0.0001_Bz64_Ep30_cosSim_triplet_drop[0.2, 0.4, 0.1]_topK20__PseudoGold_positive_1_hard_negative_1_seed1_hybrid_loss_Qwen2.5-VL-7B-Instruct_HF/ckpt/epoch_model_2_0.8076923076923077.pt: Copied (new)
2026/07/14 21:58:26 INFO  : MHC_zh/RAC_video_archive_seeds/RAC_lr0.0001_Bz64_Ep30_cosSim_triplet_drop[0.2, 0.4, 0.1]_topK20__PseudoGold_positive_1_hard_negative_1_seed1_hybrid_loss_Qwen2.5-VL-7B-Instruct_HF/ckpt/epoch_model_28_0.8076923076923077.pt: Copied (new)
2026/07/14 21:58:26 INFO  : MHC_zh/RAC_video_archive_seeds/RAC_lr0.0001_Bz64_Ep30_cosSim_triplet_drop[0.2, 0.4, 0.1]_topK20__PseudoGold_positive_1_hard_negative_1_seed1_hybrid_loss_Qwen2.5-VL-7B-Instruct_HF/ckpt/epoch_model_5_0.7692307692307693.pt: Copied (new)
2026/07/14 21:58:26 INFO  : MHC_zh/RAC_video_archive_seeds/RAC_lr0.0001_Bz64_Ep30_cosSim_triplet_drop[0.2, 0.4, 0.1]_topK20__PseudoGold_positive_1_hard_negative_1_seed1_hybrid_loss_Qwen2.5-VL-7B-Instruct_HF/ckpt/epoch_model_6_0.8205128205128205.pt: Copied (new)
2026/07/14 21:58:27 INFO  : MHC_zh/RAC_video_archive_seeds/RAC_lr0.0001_Bz64_Ep30_cosSim_triplet_drop[0.2, 0.4, 0.1]_topK20__PseudoGold_positive_1_hard_negative_1_seed1_hybrid_loss_Qwen2.5-VL-7B-Instruct_HF/ckpt/epoch_model_3_0.782051282051282.pt: Copied (new)
2026/07/14 21:58:27 INFO  : MHC_zh/RAC_video_archive_seeds/RAC_lr0.0001_Bz64_Ep30_cosSim_triplet_drop[0.2, 0.4, 0.1]_topK20__PseudoGold_positive_1_hard_negative_1_seed1_hybrid_loss_Qwen2.5-VL-7B-Instruct_HF/ckpt/epoch_model_29_0.8205128205128205.pt: Copied (new)
2026/07/14 21:58:28 INFO  : MHC_zh/RAC_video_archive_seeds/RAC_lr0.0001_Bz64_Ep30_cosSim_triplet_drop[0.2, 0.4, 0.1]_topK20__PseudoGold_positive_1_hard_negative_1_seed1_hybrid_loss_Qwen2.5-VL-7B-Instruct_HF/ckpt/epoch_model_7_0.7564102564102564.pt: Copied (new)
2026/07/14 21:58:28 INFO  : MHC/RAC_tarc_g3mhc/RAC_lr0.0001_Bz64_Ep30_cosSim_triplet_drop[0.2, 0.4, 0.1]_topK20__PseudoGold_positive_1_hard_negative_1_seed0_hybrid_loss_off/ckpt/best_model_19_0.75.pt: Copied (new)
2026/07/14 21:58:28 INFO  : MHC/RAC_tarc_g3mhc/RAC_lr0.0001_Bz64_Ep30_cosSim_triplet_drop[0.2, 0.4, 0.1]_topK20__PseudoGold_positive_1_hard_negative_1_seed0_hybrid_loss_off/ckpt/best_model_18_0.75.pt: Copied (new)
2026/07/14 21:58:29 INFO  : MHC_zh/RAC_video_archive_seeds/RAC_lr0.0001_Bz64_Ep30_cosSim_triplet_drop[0.2, 0.4, 0.1]_topK20__PseudoGold_positive_1_hard_negative_1_seed1_hybrid_loss_Qwen2.5-VL-7B-Instruct_HF/ckpt/epoch_model_9_0.782051282051282.pt: Copied (new)
2026/07/14 21:58:30 INFO  : MHC/RAC_tarc_g3mhc/RAC_lr0.0001_Bz64_Ep30_cosSim_triplet_drop[0.2, 0.4, 0.1]_topK20__PseudoGold_positive_1_hard_negative_1_seed0_hybrid_loss_off/ckpt/best_model_22_0.75.pt: Copied (new)
2026/07/14 21:58:30 INFO  : MHC/RAC_tarc_g3mhc/RAC_lr0.0001_Bz64_Ep30_cosSim_triplet_drop[0.2, 0.4, 0.1]_topK20__PseudoGold_positive_1_hard_negative_1_seed0_hybrid_loss_off/ckpt/best_model_5_0.6875.pt: Copied (new)
2026/07/14 21:58:30 INFO  : MHC/RAC_tarc_g3mhc/RAC_lr0.0001_Bz64_Ep30_cosSim_triplet_drop[0.2, 0.4, 0.1]_topK20__PseudoGold_positive_1_hard_negative_1_seed0_hybrid_loss_off/ckpt/best_model_26_0.75.pt: Copied (new)
2026/07/14 21:58:31 INFO  : MHC/RAC_tarc_g3mhc/RAC_lr0.0001_Bz64_Ep30_cosSim_triplet_drop[0.2, 0.4, 0.1]_topK20__PseudoGold_positive_1_hard_negative_1_seed0_hybrid_loss_off/ckpt/best_model_6_0.7.pt: Copied (new)
2026/07/14 21:58:31 INFO  : MHC_zh/RAC_video_archive_seeds/RAC_lr0.0001_Bz64_Ep30_cosSim_triplet_drop[0.2, 0.4, 0.1]_topK20__PseudoGold_positive_1_hard_negative_1_seed1_hybrid_loss_Qwen2.5-VL-7B-Instruct_HF/ckpt/last_model_29_0.8205128205128205.pt: Copied (new)
2026/07/14 21:58:31 INFO  : MHC/RAC_tarc_g3mhc/RAC_lr0.0001_Bz64_Ep30_cosSim_triplet_drop[0.2, 0.4, 0.1]_topK20__PseudoGold_positive_1_hard_negative_1_seed0_hybrid_loss_off/ckpt/best_model_8_0.75.pt: Copied (new)
2026/07/14 21:58:31 INFO  : MHC_zh/RAC_video_archive_seeds/RAC_lr0.0001_Bz64_Ep30_cosSim_triplet_drop[0.2, 0.4, 0.1]_topK20__PseudoGold_positive_1_hard_negative_1_seed1_hybrid_loss_Qwen2.5-VL-7B-Instruct_HF/ckpt/epoch_model_8_0.8205128205128205.pt: Copied (new)
2026/07/14 21:58:32 INFO  : MHC/RAC_tarc_g3mhc/RAC_lr0.0001_Bz64_Ep30_cosSim_triplet_drop[0.2, 0.4, 0.1]_topK20__PseudoGold_positive_1_hard_negative_1_seed0_hybrid_loss_off/ckpt/epoch_model_0_0.725.pt: Copied (new)
2026/07/14 21:58:33 INFO  : MHC/RAC_tarc_g3mhc/RAC_lr0.0001_Bz64_Ep30_cosSim_triplet_drop[0.2, 0.4, 0.1]_topK20__PseudoGold_positive_1_hard_negative_1_seed0_hybrid_loss_off/ckpt/epoch_model_10_0.725.pt: Copied (new)
2026/07/14 21:58:33 INFO  : MHC/RAC_tarc_g3mhc/RAC_lr0.0001_Bz64_Ep30_cosSim_triplet_drop[0.2, 0.4, 0.1]_topK20__PseudoGold_positive_1_hard_negative_1_seed0_hybrid_loss_off/ckpt/epoch_model_13_0.7.pt: Copied (new)
2026/07/14 21:58:33 INFO  : MHC/RAC_tarc_g3mhc/RAC_lr0.0001_Bz64_Ep30_cosSim_triplet_drop[0.2, 0.4, 0.1]_topK20__PseudoGold_positive_1_hard_negative_1_seed0_hybrid_loss_off/ckpt/epoch_model_11_0.7125.pt: Copied (new)
2026/07/14 21:58:33 INFO  : MHC/RAC_tarc_g3mhc/RAC_lr0.0001_Bz64_Ep30_cosSim_triplet_drop[0.2, 0.4, 0.1]_topK20__PseudoGold_positive_1_hard_negative_1_seed0_hybrid_loss_off/ckpt/epoch_model_16_0.7.pt: Copied (new)
2026/07/14 21:58:33 INFO  : MHC/RAC_tarc_g3mhc/RAC_lr0.0001_Bz64_Ep30_cosSim_triplet_drop[0.2, 0.4, 0.1]_topK20__PseudoGold_positive_1_hard_negative_1_seed0_hybrid_loss_off/ckpt/epoch_model_14_0.6875.pt: Copied (new)
2026/07/14 21:58:34 INFO  : MHC/RAC_tarc_g3mhc/RAC_lr0.0001_Bz64_Ep30_cosSim_triplet_drop[0.2, 0.4, 0.1]_topK20__PseudoGold_positive_1_hard_negative_1_seed0_hybrid_loss_off/ckpt/epoch_model_12_0.725.pt: Copied (new)
2026/07/14 21:58:34 INFO  : MHC/RAC_tarc_g3mhc/RAC_lr0.0001_Bz64_Ep30_cosSim_triplet_drop[0.2, 0.4, 0.1]_topK20__PseudoGold_positive_1_hard_negative_1_seed0_hybrid_loss_off/ckpt/epoch_model_15_0.725.pt: Copied (new)
2026/07/14 21:58:34 INFO  : MHC/RAC_tarc_g3mhc/RAC_lr0.0001_Bz64_Ep30_cosSim_triplet_drop[0.2, 0.4, 0.1]_topK20__PseudoGold_positive_1_hard_negative_1_seed0_hybrid_loss_off/ckpt/epoch_model_17_0.725.pt: Copied (new)
2026/07/14 21:58:34 INFO  : 
Transferred:   	   17.249 GiB / 60.889 GiB, 28%, 62.577 MiB/s, ETA 11m54s
Checks:                 0 / 0, -, Listed 2905
Transferred:          734 / 2277, 32%
Elapsed time:      4m59.9s
Transferring:
 * MHC/RAC_tarc_g3mhc/RAC…epoch_model_18_0.75.pt:100% /19.028Mi, 15.744Mi/s, 0s
 * MHC/RAC_tarc_g3mhc/RAC…epoch_model_19_0.75.pt:100% /19.028Mi, 15.965Mi/s, 0s
 * MHC/RAC_tarc_g3mhc/RAC…poch_model_1_0.6375.pt: 97% /19.028Mi, 13.776Mi/s, 0s
 * MHC/RAC_tarc_g3mhc/RAC…och_model_20_0.7375.pt: 80% /19.028Mi, 15.308Mi/s, 0s
 * MHC/RAC_tarc_g3mhc/RAC…poch_model_21_0.725.pt: 71% /19.028Mi, 0/s, -
 * MHC/RAC_tarc_g3mhc/RAC…epoch_model_22_0.75.pt: 57% /19.028Mi, 0/s, -
 * MHC/RAC_tarc_g3mhc/RAC…epoch_model_23_0.75.pt: 53% /19.028Mi, 0/s, -
 * MHC/RAC_tarc_g3mhc/RAC…och_model_24_0.7375.pt: 40% /19.028Mi, 0/s, -

2026/07/14 21:58:35 INFO  : MHC/RAC_tarc_g3mhc/RAC_lr0.0001_Bz64_Ep30_cosSim_triplet_drop[0.2, 0.4, 0.1]_topK20__PseudoGold_positive_1_hard_negative_1_seed0_hybrid_loss_off/ckpt/epoch_model_19_0.75.pt: Copied (new)
2026/07/14 21:58:35 INFO  : MHC/RAC_tarc_g3mhc/RAC_lr0.0001_Bz64_Ep30_cosSim_triplet_drop[0.2, 0.4, 0.1]_topK20__PseudoGold_positive_1_hard_negative_1_seed0_hybrid_loss_off/ckpt/epoch_model_18_0.75.pt: Copied (new)
2026/07/14 21:58:35 INFO  : MHC/RAC_tarc_g3mhc/RAC_lr0.0001_Bz64_Ep30_cosSim_triplet_drop[0.2, 0.4, 0.1]_topK20__PseudoGold_positive_1_hard_negative_1_seed0_hybrid_loss_off/ckpt/epoch_model_1_0.6375.pt: Copied (new)
2026/07/14 21:58:36 INFO  : MHC/RAC_tarc_g3mhc/RAC_lr0.0001_Bz64_Ep30_cosSim_triplet_drop[0.2, 0.4, 0.1]_topK20__PseudoGold_positive_1_hard_negative_1_seed0_hybrid_loss_off/ckpt/epoch_model_23_0.75.pt: Copied (new)
2026/07/14 21:58:36 INFO  : MHC/RAC_tarc_g3mhc/RAC_lr0.0001_Bz64_Ep30_cosSim_triplet_drop[0.2, 0.4, 0.1]_topK20__PseudoGold_positive_1_hard_negative_1_seed0_hybrid_loss_off/ckpt/epoch_model_22_0.75.pt: Copied (new)
2026/07/14 21:58:37 INFO  : MHC/RAC_tarc_g3mhc/RAC_lr0.0001_Bz64_Ep30_cosSim_triplet_drop[0.2, 0.4, 0.1]_topK20__PseudoGold_positive_1_hard_negative_1_seed0_hybrid_loss_off/ckpt/epoch_model_20_0.7375.pt: Copied (new)
2026/07/14 21:58:37 INFO  : MHC/RAC_tarc_g3mhc/RAC_lr0.0001_Bz64_Ep30_cosSim_triplet_drop[0.2, 0.4, 0.1]_topK20__PseudoGold_positive_1_hard_negative_1_seed0_hybrid_loss_off/ckpt/epoch_model_25_0.7375.pt: Copied (new)
2026/07/14 21:58:37 INFO  : MHC/RAC_tarc_g3mhc/RAC_lr0.0001_Bz64_Ep30_cosSim_triplet_drop[0.2, 0.4, 0.1]_topK20__PseudoGold_positive_1_hard_negative_1_seed0_hybrid_loss_off/ckpt/epoch_model_26_0.75.pt: Copied (new)
2026/07/14 21:58:37 INFO  : MHC/RAC_tarc_g3mhc/RAC_lr0.0001_Bz64_Ep30_cosSim_triplet_drop[0.2, 0.4, 0.1]_topK20__PseudoGold_positive_1_hard_negative_1_seed0_hybrid_loss_off/ckpt/epoch_model_24_0.7375.pt: Copied (new)
2026/07/14 21:58:37 INFO  : MHC/RAC_tarc_g3mhc/RAC_lr0.0001_Bz64_Ep30_cosSim_triplet_drop[0.2, 0.4, 0.1]_topK20__PseudoGold_positive_1_hard_negative_1_seed0_hybrid_loss_off/ckpt/epoch_model_21_0.725.pt: Copied (new)
2026/07/14 21:58:38 INFO  : MHC/RAC_tarc_g3mhc/RAC_lr0.0001_Bz64_Ep30_cosSim_triplet_drop[0.2, 0.4, 0.1]_topK20__PseudoGold_positive_1_hard_negative_1_seed0_hybrid_loss_off/ckpt/epoch_model_27_0.7375.pt: Copied (new)
2026/07/14 21:58:38 INFO  : MHC/RAC_tarc_g3mhc/RAC_lr0.0001_Bz64_Ep30_cosSim_triplet_drop[0.2, 0.4, 0.1]_topK20__PseudoGold_positive_1_hard_negative_1_seed0_hybrid_loss_off/ckpt/epoch_model_3_0.675.pt: Copied (new)
2026/07/14 21:58:39 INFO  : MHC/RAC_tarc_g3mhc/RAC_lr0.0001_Bz64_Ep30_cosSim_triplet_drop[0.2, 0.4, 0.1]_topK20__PseudoGold_positive_1_hard_negative_1_seed0_hybrid_loss_off/ckpt/epoch_model_4_0.6875.pt: Copied (new)
2026/07/14 21:58:39 INFO  : MHC/RAC_tarc_g3mhc/RAC_lr0.0001_Bz64_Ep30_cosSim_triplet_drop[0.2, 0.4, 0.1]_topK20__PseudoGold_positive_1_hard_negative_1_seed0_hybrid_loss_off/ckpt/epoch_model_28_0.7375.pt: Copied (new)
2026/07/14 21:58:40 INFO  : MHC/RAC_tarc_g3mhc/RAC_lr0.0001_Bz64_Ep30_cosSim_triplet_drop[0.2, 0.4, 0.1]_topK20__PseudoGold_positive_1_hard_negative_1_seed0_hybrid_loss_off/ckpt/epoch_model_29_0.7375.pt: Copied (new)
2026/07/14 21:58:40 INFO  : MHC/RAC_tarc_g3mhc/RAC_lr0.0001_Bz64_Ep30_cosSim_triplet_drop[0.2, 0.4, 0.1]_topK20__PseudoGold_positive_1_hard_negative_1_seed0_hybrid_loss_off/ckpt/epoch_model_6_0.7.pt: Copied (new)
2026/07/14 21:58:40 INFO  : MHC/RAC_tarc_g3mhc/RAC_lr0.0001_Bz64_Ep30_cosSim_triplet_drop[0.2, 0.4, 0.1]_topK20__PseudoGold_positive_1_hard_negative_1_seed0_hybrid_loss_off/ckpt/epoch_model_8_0.75.pt: Copied (new)
2026/07/14 21:58:40 INFO  : MHC/RAC_tarc_g3mhc/RAC_lr0.0001_Bz64_Ep30_cosSim_triplet_drop[0.2, 0.4, 0.1]_topK20__PseudoGold_positive_1_hard_negative_1_seed0_hybrid_loss_off/ckpt/epoch_model_7_0.7.pt: Copied (new)
2026/07/14 21:58:41 INFO  : MHC/RAC_tarc_g3mhc/RAC_lr0.0001_Bz64_Ep30_cosSim_triplet_drop[0.2, 0.4, 0.1]_topK20__PseudoGold_positive_1_hard_negative_1_seed0_hybrid_loss_off/ckpt/epoch_model_9_0.7375.pt: Copied (new)
2026/07/14 21:58:42 INFO  : MHC/RAC_tarc_g3mhc/RAC_lr0.0001_Bz64_Ep30_cosSim_triplet_drop[0.2, 0.4, 0.1]_topK20__PseudoGold_positive_1_hard_negative_1_seed0_hybrid_loss_off/ckpt/epoch_model_5_0.6875.pt: Copied (new)
2026/07/14 21:58:42 INFO  : MHC/RAC_tarc_g3mhc/RAC_lr0.0001_Bz64_Ep30_cosSim_triplet_drop[0.2, 0.4, 0.1]_topK20__PseudoGold_positive_1_hard_negative_1_seed0_hybrid_loss_off/ckpt/last_model_29_0.7375.pt: Copied (new)
2026/07/14 21:58:42 INFO  : MHC/RAC_tarc_g3mhc/RAC_lr0.0001_Bz64_Ep30_cosSim_triplet_drop[0.2, 0.4, 0.1]_topK20__PseudoGold_positive_1_hard_negative_1_seed1_hybrid_loss_off/ckpt/best_model_10_0.725.pt: Copied (new)
2026/07/14 21:58:42 INFO  : MHC/RAC_tarc_g3mhc/RAC_lr0.0001_Bz64_Ep30_cosSim_triplet_drop[0.2, 0.4, 0.1]_topK20__PseudoGold_positive_1_hard_negative_1_seed1_hybrid_loss_off/ckpt/best_model_11_0.725.pt: Copied (new)
2026/07/14 21:58:43 INFO  : MHC/RAC_tarc_g3mhc/RAC_lr0.0001_Bz64_Ep30_cosSim_triplet_drop[0.2, 0.4, 0.1]_topK20__PseudoGold_positive_1_hard_negative_1_seed0_hybrid_loss_off/ckpt/epoch_model_2_0.7.pt: Copied (new)
2026/07/14 21:58:43 INFO  : MHC/RAC_tarc_g3mhc/RAC_lr0.0001_Bz64_Ep30_cosSim_triplet_drop[0.2, 0.4, 0.1]_topK20__PseudoGold_positive_1_hard_negative_1_seed1_hybrid_loss_off/ckpt/best_model_16_0.7625.pt: Copied (new)
2026/07/14 21:58:43 INFO  : MHC/RAC_tarc_g3mhc/RAC_lr0.0001_Bz64_Ep30_cosSim_triplet_drop[0.2, 0.4, 0.1]_topK20__PseudoGold_positive_1_hard_negative_1_seed1_hybrid_loss_off/ckpt/best_model_5_0.6875.pt: Copied (new)
2026/07/14 21:58:43 INFO  : MHC/RAC_tarc_g3mhc/RAC_lr0.0001_Bz64_Ep30_cosSim_triplet_drop[0.2, 0.4, 0.1]_topK20__PseudoGold_positive_1_hard_negative_1_seed1_hybrid_loss_off/ckpt/best_model_6_0.6875.pt: Copied (new)
2026/07/14 21:58:44 INFO  : MHC/RAC_tarc_g3mhc/RAC_lr0.0001_Bz64_Ep30_cosSim_triplet_drop[0.2, 0.4, 0.1]_topK20__PseudoGold_positive_1_hard_negative_1_seed1_hybrid_loss_off/ckpt/epoch_model_10_0.725.pt: Copied (new)
2026/07/14 21:58:44 INFO  : MHC/RAC_tarc_g3mhc/RAC_lr0.0001_Bz64_Ep30_cosSim_triplet_drop[0.2, 0.4, 0.1]_topK20__PseudoGold_positive_1_hard_negative_1_seed1_hybrid_loss_off/ckpt/epoch_model_12_0.6875.pt: Copied (new)
2026/07/14 21:58:44 INFO  : MHC/RAC_tarc_g3mhc/RAC_lr0.0001_Bz64_Ep30_cosSim_triplet_drop[0.2, 0.4, 0.1]_topK20__PseudoGold_positive_1_hard_negative_1_seed1_hybrid_loss_off/ckpt/epoch_model_11_0.725.pt: Copied (new)
2026/07/14 21:58:45 INFO  : MHC/RAC_tarc_g3mhc/RAC_lr0.0001_Bz64_Ep30_cosSim_triplet_drop[0.2, 0.4, 0.1]_topK20__PseudoGold_positive_1_hard_negative_1_seed1_hybrid_loss_off/ckpt/best_model_8_0.7.pt: Copied (new)
2026/07/14 21:58:45 INFO  : MHC/RAC_tarc_g3mhc/RAC_lr0.0001_Bz64_Ep30_cosSim_triplet_drop[0.2, 0.4, 0.1]_topK20__PseudoGold_positive_1_hard_negative_1_seed1_hybrid_loss_off/ckpt/epoch_model_14_0.725.pt: Copied (new)
2026/07/14 21:58:45 INFO  : MHC/RAC_tarc_g3mhc/RAC_lr0.0001_Bz64_Ep30_cosSim_triplet_drop[0.2, 0.4, 0.1]_topK20__PseudoGold_positive_1_hard_negative_1_seed1_hybrid_loss_off/ckpt/epoch_model_13_0.6875.pt: Copied (new)
2026/07/14 21:58:45 INFO  : MHC/RAC_tarc_g3mhc/RAC_lr0.0001_Bz64_Ep30_cosSim_triplet_drop[0.2, 0.4, 0.1]_topK20__PseudoGold_positive_1_hard_negative_1_seed1_hybrid_loss_off/ckpt/epoch_model_15_0.7125.pt: Copied (new)
2026/07/14 21:58:46 INFO  : MHC/RAC_tarc_g3mhc/RAC_lr0.0001_Bz64_Ep30_cosSim_triplet_drop[0.2, 0.4, 0.1]_topK20__PseudoGold_positive_1_hard_negative_1_seed1_hybrid_loss_off/ckpt/epoch_model_16_0.7625.pt: Copied (new)
2026/07/14 21:58:47 INFO  : MHC/RAC_tarc_g3mhc/RAC_lr0.0001_Bz64_Ep30_cosSim_triplet_drop[0.2, 0.4, 0.1]_topK20__PseudoGold_positive_1_hard_negative_1_seed1_hybrid_loss_off/ckpt/epoch_model_0_0.7125.pt: Copied (new)
2026/07/14 21:58:47 INFO  : MHC/RAC_tarc_g3mhc/RAC_lr0.0001_Bz64_Ep30_cosSim_triplet_drop[0.2, 0.4, 0.1]_topK20__PseudoGold_positive_1_hard_negative_1_seed1_hybrid_loss_off/ckpt/epoch_model_18_0.725.pt: Copied (new)
2026/07/14 21:58:47 INFO  : MHC/RAC_tarc_g3mhc/RAC_lr0.0001_Bz64_Ep30_cosSim_triplet_drop[0.2, 0.4, 0.1]_topK20__PseudoGold_positive_1_hard_negative_1_seed1_hybrid_loss_off/ckpt/epoch_model_21_0.7.pt: Copied (new)
2026/07/14 21:58:47 INFO  : MHC/RAC_tarc_g3mhc/RAC_lr0.0001_Bz64_Ep30_cosSim_triplet_drop[0.2, 0.4, 0.1]_topK20__PseudoGold_positive_1_hard_negative_1_seed1_hybrid_loss_off/ckpt/epoch_model_19_0.725.pt: Copied (new)
2026/07/14 21:58:47 INFO  : MHC/RAC_tarc_g3mhc/RAC_lr0.0001_Bz64_Ep30_cosSim_triplet_drop[0.2, 0.4, 0.1]_topK20__PseudoGold_positive_1_hard_negative_1_seed1_hybrid_loss_off/ckpt/epoch_model_20_0.725.pt: Copied (new)
2026/07/14 21:58:48 INFO  : MHC/RAC_tarc_g3mhc/RAC_lr0.0001_Bz64_Ep30_cosSim_triplet_drop[0.2, 0.4, 0.1]_topK20__PseudoGold_positive_1_hard_negative_1_seed1_hybrid_loss_off/ckpt/epoch_model_22_0.6875.pt: Copied (new)
2026/07/14 21:58:48 INFO  : MHC/RAC_tarc_g3mhc/RAC_lr0.0001_Bz64_Ep30_cosSim_triplet_drop[0.2, 0.4, 0.1]_topK20__PseudoGold_positive_1_hard_negative_1_seed1_hybrid_loss_off/ckpt/epoch_model_1_0.6875.pt: Copied (new)
2026/07/14 21:58:49 INFO  : MHC/RAC_tarc_g3mhc/RAC_lr0.0001_Bz64_Ep30_cosSim_triplet_drop[0.2, 0.4, 0.1]_topK20__PseudoGold_positive_1_hard_negative_1_seed1_hybrid_loss_off/ckpt/epoch_model_17_0.725.pt: Copied (new)
2026/07/14 21:58:49 INFO  : MHC/RAC_tarc_g3mhc/RAC_lr0.0001_Bz64_Ep30_cosSim_triplet_drop[0.2, 0.4, 0.1]_topK20__PseudoGold_positive_1_hard_negative_1_seed1_hybrid_loss_off/ckpt/epoch_model_24_0.725.pt: Copied (new)
2026/07/14 21:58:49 INFO  : MHC/RAC_tarc_g3mhc/RAC_lr0.0001_Bz64_Ep30_cosSim_triplet_drop[0.2, 0.4, 0.1]_topK20__PseudoGold_positive_1_hard_negative_1_seed1_hybrid_loss_off/ckpt/epoch_model_23_0.7.pt: Copied (new)
2026/07/14 21:58:49 INFO  : MHC/RAC_tarc_g3mhc/RAC_lr0.0001_Bz64_Ep30_cosSim_triplet_drop[0.2, 0.4, 0.1]_topK20__PseudoGold_positive_1_hard_negative_1_seed1_hybrid_loss_off/ckpt/epoch_model_26_0.75.pt: Copied (new)
2026/07/14 21:58:50 INFO  : MHC/RAC_tarc_g3mhc/RAC_lr0.0001_Bz64_Ep30_cosSim_triplet_drop[0.2, 0.4, 0.1]_topK20__PseudoGold_positive_1_hard_negative_1_seed1_hybrid_loss_off/ckpt/epoch_model_25_0.7625.pt: Copied (new)
2026/07/14 21:58:50 INFO  : MHC/RAC_tarc_g3mhc/RAC_lr0.0001_Bz64_Ep30_cosSim_triplet_drop[0.2, 0.4, 0.1]_topK20__PseudoGold_positive_1_hard_negative_1_seed1_hybrid_loss_off/ckpt/epoch_model_28_0.75.pt: Copied (new)
2026/07/14 21:58:51 INFO  : MHC/RAC_tarc_g3mhc/RAC_lr0.0001_Bz64_Ep30_cosSim_triplet_drop[0.2, 0.4, 0.1]_topK20__PseudoGold_positive_1_hard_negative_1_seed1_hybrid_loss_off/ckpt/epoch_model_27_0.75.pt: Copied (new)
2026/07/14 21:58:51 INFO  : MHC/RAC_tarc_g3mhc/RAC_lr0.0001_Bz64_Ep30_cosSim_triplet_drop[0.2, 0.4, 0.1]_topK20__PseudoGold_positive_1_hard_negative_1_seed1_hybrid_loss_off/ckpt/epoch_model_29_0.75.pt: Copied (new)
2026/07/14 21:58:51 INFO  : MHC/RAC_tarc_g3mhc/RAC_lr0.0001_Bz64_Ep30_cosSim_triplet_drop[0.2, 0.4, 0.1]_topK20__PseudoGold_positive_1_hard_negative_1_seed1_hybrid_loss_off/ckpt/epoch_model_2_0.6875.pt: Copied (new)
2026/07/14 21:58:51 INFO  : MHC/RAC_tarc_g3mhc/RAC_lr0.0001_Bz64_Ep30_cosSim_triplet_drop[0.2, 0.4, 0.1]_topK20__PseudoGold_positive_1_hard_negative_1_seed1_hybrid_loss_off/ckpt/epoch_model_5_0.6875.pt: Copied (new)
2026/07/14 21:58:52 INFO  : MHC/RAC_tarc_g3mhc/RAC_lr0.0001_Bz64_Ep30_cosSim_triplet_drop[0.2, 0.4, 0.1]_topK20__PseudoGold_positive_1_hard_negative_1_seed1_hybrid_loss_off/ckpt/epoch_model_7_0.6875.pt: Copied (new)
2026/07/14 21:58:52 INFO  : MHC/RAC_tarc_g3mhc/RAC_lr0.0001_Bz64_Ep30_cosSim_triplet_drop[0.2, 0.4, 0.1]_topK20__PseudoGold_positive_1_hard_negative_1_seed1_hybrid_loss_off/ckpt/epoch_model_4_0.6875.pt: Copied (new)
2026/07/14 21:58:52 INFO  : MHC/RAC_tarc_g3mhc/RAC_lr0.0001_Bz64_Ep30_cosSim_triplet_drop[0.2, 0.4, 0.1]_topK20__PseudoGold_positive_1_hard_negative_1_seed1_hybrid_loss_off/ckpt/epoch_model_6_0.6875.pt: Copied (new)
2026/07/14 21:58:53 INFO  : MHC/RAC_tarc_g3mhc/RAC_lr0.0001_Bz64_Ep30_cosSim_triplet_drop[0.2, 0.4, 0.1]_topK20__PseudoGold_positive_1_hard_negative_1_seed1_hybrid_loss_off/ckpt/epoch_model_3_0.7.pt: Copied (new)
2026/07/14 21:58:53 INFO  : MHC/RAC_tarc_g3mhc/RAC_lr0.0001_Bz64_Ep30_cosSim_triplet_drop[0.2, 0.4, 0.1]_topK20__PseudoGold_positive_1_hard_negative_1_seed1_hybrid_loss_off/ckpt/last_model_29_0.75.pt: Copied (new)
2026/07/14 21:58:53 INFO  : MHC/RAC_tarc_g3mhc/RAC_lr0.0001_Bz64_Ep30_cosSim_triplet_drop[0.2, 0.4, 0.1]_topK20__PseudoGold_positive_1_hard_negative_1_seed1_hybrid_loss_off/ckpt/epoch_model_9_0.7.pt: Copied (new)
2026/07/14 21:58:57 INFO  : MHC_zh/RAC_video_archive_seeds/RAC_lr0.0001_Bz64_Ep30_cosSim_triplet_drop[0.2, 0.4, 0.1]_topK20__PseudoGold_positive_1_hard_negative_1_seed1_hybrid_loss_Qwen2.5-VL-32B-Instruct_HF/ckpt/best_model_12_0.7948717948717948.pt: Copied (new)
2026/07/14 21:58:57 INFO  : MHC_zh/RAC_video_archive_seeds/RAC_lr0.0001_Bz64_Ep30_cosSim_triplet_drop[0.2, 0.4, 0.1]_topK20__PseudoGold_positive_1_hard_negative_1_seed1_hybrid_loss_Qwen2.5-VL-32B-Instruct_HF/ckpt/best_model_5_0.7564102564102564.pt: Copied (new)
2026/07/14 21:58:57 INFO  : MHC_zh/RAC_video_archive_seeds/RAC_lr0.0001_Bz64_Ep30_cosSim_triplet_drop[0.2, 0.4, 0.1]_topK20__PseudoGold_positive_1_hard_negative_1_seed1_hybrid_loss_Qwen2.5-VL-32B-Instruct_HF/ckpt/epoch_model_0_0.7051282051282052.pt: Copied (new)
2026/07/14 21:58:57 INFO  : MHC_zh/RAC_video_archive_seeds/RAC_lr0.0001_Bz64_Ep30_cosSim_triplet_drop[0.2, 0.4, 0.1]_topK20__PseudoGold_positive_1_hard_negative_1_seed1_hybrid_loss_Qwen2.5-VL-32B-Instruct_HF/ckpt/best_model_23_0.7948717948717948.pt: Copied (new)
2026/07/14 21:59:00 INFO  : MHC/RAC_tarc_g3mhc/RAC_lr0.0001_Bz64_Ep30_cosSim_triplet_drop[0.2, 0.4, 0.1]_topK20__PseudoGold_positive_1_hard_negative_1_seed1_hybrid_loss_off/ckpt/epoch_model_8_0.7.pt: Copied (new)
2026/07/14 21:59:00 INFO  : MHC_zh/RAC_video_archive_seeds/RAC_lr0.0001_Bz64_Ep30_cosSim_triplet_drop[0.2, 0.4, 0.1]_topK20__PseudoGold_positive_1_hard_negative_1_seed1_hybrid_loss_Qwen2.5-VL-32B-Instruct_HF/ckpt/epoch_model_11_0.717948717948718.pt: Copied (new)
2026/07/14 21:59:01 INFO  : MHC_zh/RAC_video_archive_seeds/RAC_lr0.0001_Bz64_Ep30_cosSim_triplet_drop[0.2, 0.4, 0.1]_topK20__PseudoGold_positive_1_hard_negative_1_seed1_hybrid_loss_Qwen2.5-VL-32B-Instruct_HF/ckpt/epoch_model_12_0.7948717948717948.pt: Copied (new)
2026/07/14 21:59:02 INFO  : MHC_zh/RAC_video_archive_seeds/RAC_lr0.0001_Bz64_Ep30_cosSim_triplet_drop[0.2, 0.4, 0.1]_topK20__PseudoGold_positive_1_hard_negative_1_seed1_hybrid_loss_Qwen2.5-VL-32B-Instruct_HF/ckpt/epoch_model_14_0.7435897435897436.pt: Copied (new)
2026/07/14 21:59:02 INFO  : MHC_zh/RAC_video_archive_seeds/RAC_lr0.0001_Bz64_Ep30_cosSim_triplet_drop[0.2, 0.4, 0.1]_topK20__PseudoGold_positive_1_hard_negative_1_seed1_hybrid_loss_Qwen2.5-VL-32B-Instruct_HF/ckpt/epoch_model_13_0.7435897435897436.pt: Copied (new)
2026/07/14 21:59:02 INFO  : MHC_zh/RAC_video_archive_seeds/RAC_lr0.0001_Bz64_Ep30_cosSim_triplet_drop[0.2, 0.4, 0.1]_topK20__PseudoGold_positive_1_hard_negative_1_seed1_hybrid_loss_Qwen2.5-VL-32B-Instruct_HF/ckpt/epoch_model_15_0.7692307692307693.pt: Copied (new)
2026/07/14 21:59:02 INFO  : MHC_zh/RAC_video_archive_seeds/RAC_lr0.0001_Bz64_Ep30_cosSim_triplet_drop[0.2, 0.4, 0.1]_topK20__PseudoGold_positive_1_hard_negative_1_seed1_hybrid_loss_Qwen2.5-VL-32B-Instruct_HF/ckpt/epoch_model_16_0.7692307692307693.pt: Copied (new)
2026/07/14 21:59:05 INFO  : MHC_zh/RAC_video_archive_seeds/RAC_lr0.0001_Bz64_Ep30_cosSim_triplet_drop[0.2, 0.4, 0.1]_topK20__PseudoGold_positive_1_hard_negative_1_seed1_hybrid_loss_Qwen2.5-VL-32B-Instruct_HF/ckpt/epoch_model_10_0.6923076923076923.pt: Copied (new)
2026/07/14 21:59:05 INFO  : MHC_zh/RAC_video_archive_seeds/RAC_lr0.0001_Bz64_Ep30_cosSim_triplet_drop[0.2, 0.4, 0.1]_topK20__PseudoGold_positive_1_hard_negative_1_seed1_hybrid_loss_Qwen2.5-VL-32B-Instruct_HF/ckpt/epoch_model_18_0.782051282051282.pt: Copied (new)
2026/07/14 21:59:07 INFO  : MHC_zh/RAC_video_archive_seeds/RAC_lr0.0001_Bz64_Ep30_cosSim_triplet_drop[0.2, 0.4, 0.1]_topK20__PseudoGold_positive_1_hard_negative_1_seed1_hybrid_loss_Qwen2.5-VL-32B-Instruct_HF/ckpt/epoch_model_1_0.8076923076923077.pt: Copied (new)
2026/07/14 21:59:07 INFO  : MHC_zh/RAC_video_archive_seeds/RAC_lr0.0001_Bz64_Ep30_cosSim_triplet_drop[0.2, 0.4, 0.1]_topK20__PseudoGold_positive_1_hard_negative_1_seed1_hybrid_loss_Qwen2.5-VL-32B-Instruct_HF/ckpt/epoch_model_17_0.782051282051282.pt: Copied (new)
2026/07/14 21:59:07 INFO  : MHC_zh/RAC_video_archive_seeds/RAC_lr0.0001_Bz64_Ep30_cosSim_triplet_drop[0.2, 0.4, 0.1]_topK20__PseudoGold_positive_1_hard_negative_1_seed1_hybrid_loss_Qwen2.5-VL-32B-Instruct_HF/ckpt/epoch_model_20_0.782051282051282.pt: Copied (new)
2026/07/14 21:59:07 INFO  : MHC_zh/RAC_video_archive_seeds/RAC_lr0.0001_Bz64_Ep30_cosSim_triplet_drop[0.2, 0.4, 0.1]_topK20__PseudoGold_positive_1_hard_negative_1_seed1_hybrid_loss_Qwen2.5-VL-32B-Instruct_HF/ckpt/epoch_model_22_0.782051282051282.pt: Copied (new)
2026/07/14 21:59:07 INFO  : MHC_zh/RAC_video_archive_seeds/RAC_lr0.0001_Bz64_Ep30_cosSim_triplet_drop[0.2, 0.4, 0.1]_topK20__PseudoGold_positive_1_hard_negative_1_seed1_hybrid_loss_Qwen2.5-VL-32B-Instruct_HF/ckpt/epoch_model_19_0.7692307692307693.pt: Copied (new)
2026/07/14 21:59:07 INFO  : MHC_zh/RAC_video_archive_seeds/RAC_lr0.0001_Bz64_Ep30_cosSim_triplet_drop[0.2, 0.4, 0.1]_topK20__PseudoGold_positive_1_hard_negative_1_seed1_hybrid_loss_Qwen2.5-VL-32B-Instruct_HF/ckpt/epoch_model_21_0.782051282051282.pt: Copied (new)
2026/07/14 21:59:10 INFO  : MHC_zh/RAC_video_archive_seeds/RAC_lr0.0001_Bz64_Ep30_cosSim_triplet_drop[0.2, 0.4, 0.1]_topK20__PseudoGold_positive_1_hard_negative_1_seed1_hybrid_loss_Qwen2.5-VL-32B-Instruct_HF/ckpt/epoch_model_23_0.7948717948717948.pt: Copied (new)
2026/07/14 21:59:11 INFO  : MHC_zh/RAC_video_archive_seeds/RAC_lr0.0001_Bz64_Ep30_cosSim_triplet_drop[0.2, 0.4, 0.1]_topK20__PseudoGold_positive_1_hard_negative_1_seed1_hybrid_loss_Qwen2.5-VL-32B-Instruct_HF/ckpt/epoch_model_24_0.7435897435897436.pt: Copied (new)
2026/07/14 21:59:11 INFO  : MHC_zh/RAC_video_archive_seeds/RAC_lr0.0001_Bz64_Ep30_cosSim_triplet_drop[0.2, 0.4, 0.1]_topK20__PseudoGold_positive_1_hard_negative_1_seed1_hybrid_loss_Qwen2.5-VL-32B-Instruct_HF/ckpt/epoch_model_25_0.7435897435897436.pt: Copied (new)
2026/07/14 21:59:12 INFO  : MHC_zh/RAC_video_archive_seeds/RAC_lr0.0001_Bz64_Ep30_cosSim_triplet_drop[0.2, 0.4, 0.1]_topK20__PseudoGold_positive_1_hard_negative_1_seed1_hybrid_loss_Qwen2.5-VL-32B-Instruct_HF/ckpt/epoch_model_27_0.7307692307692307.pt: Copied (new)
2026/07/14 21:59:13 INFO  : MHC_zh/RAC_video_archive_seeds/RAC_lr0.0001_Bz64_Ep30_cosSim_triplet_drop[0.2, 0.4, 0.1]_topK20__PseudoGold_positive_1_hard_negative_1_seed1_hybrid_loss_Qwen2.5-VL-32B-Instruct_HF/ckpt/epoch_model_2_0.7564102564102564.pt: Copied (new)
2026/07/14 21:59:15 INFO  : MHC_zh/RAC_video_archive_seeds/RAC_lr0.0001_Bz64_Ep30_cosSim_triplet_drop[0.2, 0.4, 0.1]_topK20__PseudoGold_positive_1_hard_negative_1_seed1_hybrid_loss_Qwen2.5-VL-32B-Instruct_HF/ckpt/epoch_model_28_0.7692307692307693.pt: Copied (new)
2026/07/14 21:59:16 INFO  : MHC_zh/RAC_video_archive_seeds/RAC_lr0.0001_Bz64_Ep30_cosSim_triplet_drop[0.2, 0.4, 0.1]_topK20__PseudoGold_positive_1_hard_negative_1_seed1_hybrid_loss_Qwen2.5-VL-32B-Instruct_HF/ckpt/epoch_model_3_0.7948717948717948.pt: Copied (new)
2026/07/14 21:59:16 INFO  : MHC_zh/RAC_video_archive_seeds/RAC_lr0.0001_Bz64_Ep30_cosSim_triplet_drop[0.2, 0.4, 0.1]_topK20__PseudoGold_positive_1_hard_negative_1_seed1_hybrid_loss_Qwen2.5-VL-32B-Instruct_HF/ckpt/epoch_model_5_0.7564102564102564.pt: Copied (new)
2026/07/14 21:59:16 INFO  : MHC_zh/RAC_video_archive_seeds/RAC_lr0.0001_Bz64_Ep30_cosSim_triplet_drop[0.2, 0.4, 0.1]_topK20__PseudoGold_positive_1_hard_negative_1_seed1_hybrid_loss_Qwen2.5-VL-32B-Instruct_HF/ckpt/epoch_model_4_0.7692307692307693.pt: Copied (new)
2026/07/14 21:59:17 INFO  : MHC_zh/RAC_video_archive_seeds/RAC_lr0.0001_Bz64_Ep30_cosSim_triplet_drop[0.2, 0.4, 0.1]_topK20__PseudoGold_positive_1_hard_negative_1_seed1_hybrid_loss_Qwen2.5-VL-32B-Instruct_HF/ckpt/epoch_model_6_0.7435897435897436.pt: Copied (new)
2026/07/14 21:59:18 INFO  : MHC_zh/RAC_video_archive_seeds/RAC_lr0.0001_Bz64_Ep30_cosSim_triplet_drop[0.2, 0.4, 0.1]_topK20__PseudoGold_positive_1_hard_negative_1_seed1_hybrid_loss_Qwen2.5-VL-32B-Instruct_HF/ckpt/epoch_model_7_0.7307692307692307.pt: Copied (new)
2026/07/14 21:59:18 INFO  : MHC_zh/RAC_video_archive_seeds/RAC_lr0.0001_Bz64_Ep30_cosSim_triplet_drop[0.2, 0.4, 0.1]_topK20__PseudoGold_positive_1_hard_negative_1_seed1_hybrid_loss_Qwen2.5-VL-32B-Instruct_HF/ckpt/epoch_model_29_0.782051282051282.pt: Copied (new)
2026/07/14 21:59:19 INFO  : MHC_zh/RAC_video_archive_seeds/RAC_lr0.0001_Bz64_Ep30_cosSim_triplet_drop[0.2, 0.4, 0.1]_topK20__PseudoGold_positive_1_hard_negative_1_seed1_hybrid_loss_Qwen2.5-VL-32B-Instruct_HF/ckpt/epoch_model_26_0.7435897435897436.pt: Copied (new)
2026/07/14 21:59:20 INFO  : MHC_zh/RAC_video_archive_seeds/RAC_lr0.0001_Bz64_Ep30_cosSim_triplet_drop[0.2, 0.4, 0.1]_topK20__PseudoGold_positive_1_hard_negative_1_seed1_hybrid_loss_openai_clip-vit-large-patch14-336_HF/ckpt/best_model_18_0.782051282051282.pt: Copied (new)
2026/07/14 21:59:20 INFO  : MHC_zh/RAC_video_archive_seeds/RAC_lr0.0001_Bz64_Ep30_cosSim_triplet_drop[0.2, 0.4, 0.1]_topK20__PseudoGold_positive_1_hard_negative_1_seed1_hybrid_loss_openai_clip-vit-large-patch14-336_HF/ckpt/best_model_14_0.7435897435897436.pt: Copied (new)
2026/07/14 21:59:20 INFO  : MHC_zh/RAC_video_archive_seeds/RAC_lr0.0001_Bz64_Ep30_cosSim_triplet_drop[0.2, 0.4, 0.1]_topK20__PseudoGold_positive_1_hard_negative_1_seed1_hybrid_loss_openai_clip-vit-large-patch14-336_HF/ckpt/best_model_27_0.782051282051282.pt: Copied (new)
2026/07/14 21:59:21 INFO  : MHC_zh/RAC_video_archive_seeds/RAC_lr0.0001_Bz64_Ep30_cosSim_triplet_drop[0.2, 0.4, 0.1]_topK20__PseudoGold_positive_1_hard_negative_1_seed1_hybrid_loss_Qwen2.5-VL-32B-Instruct_HF/ckpt/last_model_29_0.782051282051282.pt: Copied (new)
2026/07/14 21:59:21 INFO  : MHC_zh/RAC_video_archive_seeds/RAC_lr0.0001_Bz64_Ep30_cosSim_triplet_drop[0.2, 0.4, 0.1]_topK20__PseudoGold_positive_1_hard_negative_1_seed1_hybrid_loss_openai_clip-vit-large-patch14-336_HF/ckpt/best_model_6_0.717948717948718.pt: Copied (new)
2026/07/14 21:59:23 INFO  : MHC_zh/RAC_video_archive_seeds/RAC_lr0.0001_Bz64_Ep30_cosSim_triplet_drop[0.2, 0.4, 0.1]_topK20__PseudoGold_positive_1_hard_negative_1_seed1_hybrid_loss_openai_clip-vit-large-patch14-336_HF/ckpt/best_model_8_0.7435897435897436.pt: Copied (new)
2026/07/14 21:59:23 INFO  : MHC_zh/RAC_video_archive_seeds/RAC_lr0.0001_Bz64_Ep30_cosSim_triplet_drop[0.2, 0.4, 0.1]_topK20__PseudoGold_positive_1_hard_negative_1_seed1_hybrid_loss_Qwen2.5-VL-32B-Instruct_HF/ckpt/epoch_model_8_0.717948717948718.pt: Copied (new)
2026/07/14 21:59:23 INFO  : MHC_zh/RAC_video_archive_seeds/RAC_lr0.0001_Bz64_Ep30_cosSim_triplet_drop[0.2, 0.4, 0.1]_topK20__PseudoGold_positive_1_hard_negative_1_seed1_hybrid_loss_openai_clip-vit-large-patch14-336_HF/ckpt/best_model_28_0.782051282051282.pt: Copied (new)
2026/07/14 21:59:23 INFO  : MHC_zh/RAC_video_archive_seeds/RAC_lr0.0001_Bz64_Ep30_cosSim_triplet_drop[0.2, 0.4, 0.1]_topK20__PseudoGold_positive_1_hard_negative_1_seed1_hybrid_loss_openai_clip-vit-large-patch14-336_HF/ckpt/best_model_7_0.7435897435897436.pt: Copied (new)
2026/07/14 21:59:23 INFO  : MHC_zh/RAC_video_archive_seeds/RAC_lr0.0001_Bz64_Ep30_cosSim_triplet_drop[0.2, 0.4, 0.1]_topK20__PseudoGold_positive_1_hard_negative_1_seed1_hybrid_loss_openai_clip-vit-large-patch14-336_HF/ckpt/epoch_model_10_0.7435897435897436.pt: Copied (new)
2026/07/14 21:59:24 INFO  : MHC_zh/RAC_video_archive_seeds/RAC_lr0.0001_Bz64_Ep30_cosSim_triplet_drop[0.2, 0.4, 0.1]_topK20__PseudoGold_positive_1_hard_negative_1_seed1_hybrid_loss_Qwen2.5-VL-32B-Instruct_HF/ckpt/epoch_model_9_0.7435897435897436.pt: Copied (new)
2026/07/14 21:59:24 INFO  : MHC_zh/RAC_video_archive_seeds/RAC_lr0.0001_Bz64_Ep30_cosSim_triplet_drop[0.2, 0.4, 0.1]_topK20__PseudoGold_positive_1_hard_negative_1_seed1_hybrid_loss_openai_clip-vit-large-patch14-336_HF/ckpt/epoch_model_0_0.7307692307692307.pt: Copied (new)
2026/07/14 21:59:25 INFO  : MHC_zh/RAC_video_archive_seeds/RAC_lr0.0001_Bz64_Ep30_cosSim_triplet_drop[0.2, 0.4, 0.1]_topK20__PseudoGold_positive_1_hard_negative_1_seed1_hybrid_loss_openai_clip-vit-large-patch14-336_HF/ckpt/epoch_model_15_0.7307692307692307.pt: Copied (new)
2026/07/14 21:59:25 INFO  : MHC_zh/RAC_video_archive_seeds/RAC_lr0.0001_Bz64_Ep30_cosSim_triplet_drop[0.2, 0.4, 0.1]_topK20__PseudoGold_positive_1_hard_negative_1_seed1_hybrid_loss_openai_clip-vit-large-patch14-336_HF/ckpt/epoch_model_11_0.7051282051282052.pt: Copied (new)
2026/07/14 21:59:25 INFO  : MHC_zh/RAC_video_archive_seeds/RAC_lr0.0001_Bz64_Ep30_cosSim_triplet_drop[0.2, 0.4, 0.1]_topK20__PseudoGold_positive_1_hard_negative_1_seed1_hybrid_loss_openai_clip-vit-large-patch14-336_HF/ckpt/epoch_model_16_0.7051282051282052.pt: Copied (new)
2026/07/14 21:59:26 INFO  : MHC_zh/RAC_video_archive_seeds/RAC_lr0.0001_Bz64_Ep30_cosSim_triplet_drop[0.2, 0.4, 0.1]_topK20__PseudoGold_positive_1_hard_negative_1_seed1_hybrid_loss_openai_clip-vit-large-patch14-336_HF/ckpt/epoch_model_12_0.6923076923076923.pt: Copied (new)
2026/07/14 21:59:26 INFO  : MHC_zh/RAC_video_archive_seeds/RAC_lr0.0001_Bz64_Ep30_cosSim_triplet_drop[0.2, 0.4, 0.1]_topK20__PseudoGold_positive_1_hard_negative_1_seed1_hybrid_loss_openai_clip-vit-large-patch14-336_HF/ckpt/epoch_model_17_0.717948717948718.pt: Copied (new)
2026/07/14 21:59:26 INFO  : MHC_zh/RAC_video_archive_seeds/RAC_lr0.0001_Bz64_Ep30_cosSim_triplet_drop[0.2, 0.4, 0.1]_topK20__PseudoGold_positive_1_hard_negative_1_seed1_hybrid_loss_openai_clip-vit-large-patch14-336_HF/ckpt/best_model_5_0.7051282051282052.pt: Copied (new)
2026/07/14 21:59:26 INFO  : MHC_zh/RAC_video_archive_seeds/RAC_lr0.0001_Bz64_Ep30_cosSim_triplet_drop[0.2, 0.4, 0.1]_topK20__PseudoGold_positive_1_hard_negative_1_seed1_hybrid_loss_openai_clip-vit-large-patch14-336_HF/ckpt/epoch_model_14_0.7435897435897436.pt: Copied (new)
2026/07/14 21:59:27 INFO  : MHC_zh/RAC_video_archive_seeds/RAC_lr0.0001_Bz64_Ep30_cosSim_triplet_drop[0.2, 0.4, 0.1]_topK20__PseudoGold_positive_1_hard_negative_1_seed1_hybrid_loss_openai_clip-vit-large-patch14-336_HF/ckpt/epoch_model_18_0.782051282051282.pt: Copied (new)
2026/07/14 21:59:28 INFO  : MHC_zh/RAC_video_archive_seeds/RAC_lr0.0001_Bz64_Ep30_cosSim_triplet_drop[0.2, 0.4, 0.1]_topK20__PseudoGold_positive_1_hard_negative_1_seed1_hybrid_loss_openai_clip-vit-large-patch14-336_HF/ckpt/epoch_model_13_0.6794871794871795.pt: Copied (new)
2026/07/14 21:59:28 INFO  : MHC_zh/RAC_video_archive_seeds/RAC_lr0.0001_Bz64_Ep30_cosSim_triplet_drop[0.2, 0.4, 0.1]_topK20__PseudoGold_positive_1_hard_negative_1_seed1_hybrid_loss_openai_clip-vit-large-patch14-336_HF/ckpt/epoch_model_19_0.7564102564102564.pt: Copied (new)
2026/07/14 21:59:28 INFO  : MHC_zh/RAC_video_archive_seeds/RAC_lr0.0001_Bz64_Ep30_cosSim_triplet_drop[0.2, 0.4, 0.1]_topK20__PseudoGold_positive_1_hard_negative_1_seed1_hybrid_loss_openai_clip-vit-large-patch14-336_HF/ckpt/epoch_model_21_0.7435897435897436.pt: Copied (new)
2026/07/14 21:59:28 INFO  : MHC_zh/RAC_video_archive_seeds/RAC_lr0.0001_Bz64_Ep30_cosSim_triplet_drop[0.2, 0.4, 0.1]_topK20__PseudoGold_positive_1_hard_negative_1_seed1_hybrid_loss_openai_clip-vit-large-patch14-336_HF/ckpt/epoch_model_24_0.7692307692307693.pt: Copied (new)
2026/07/14 21:59:29 INFO  : MHC_zh/RAC_video_archive_seeds/RAC_lr0.0001_Bz64_Ep30_cosSim_triplet_drop[0.2, 0.4, 0.1]_topK20__PseudoGold_positive_1_hard_negative_1_seed1_hybrid_loss_openai_clip-vit-large-patch14-336_HF/ckpt/epoch_model_20_0.7435897435897436.pt: Copied (new)
2026/07/14 21:59:29 INFO  : MHC_zh/RAC_video_archive_seeds/RAC_lr0.0001_Bz64_Ep30_cosSim_triplet_drop[0.2, 0.4, 0.1]_topK20__PseudoGold_positive_1_hard_negative_1_seed1_hybrid_loss_openai_clip-vit-large-patch14-336_HF/ckpt/epoch_model_1_0.6794871794871795.pt: Copied (new)
2026/07/14 21:59:29 INFO  : MHC_zh/RAC_video_archive_seeds/RAC_lr0.0001_Bz64_Ep30_cosSim_triplet_drop[0.2, 0.4, 0.1]_topK20__PseudoGold_positive_1_hard_negative_1_seed1_hybrid_loss_openai_clip-vit-large-patch14-336_HF/ckpt/epoch_model_23_0.7435897435897436.pt: Copied (new)
2026/07/14 21:59:30 INFO  : MHC_zh/RAC_video_archive_seeds/RAC_lr0.0001_Bz64_Ep30_cosSim_triplet_drop[0.2, 0.4, 0.1]_topK20__PseudoGold_positive_1_hard_negative_1_seed1_hybrid_loss_openai_clip-vit-large-patch14-336_HF/ckpt/epoch_model_28_0.782051282051282.pt: Copied (new)
2026/07/14 21:59:31 INFO  : MHC_zh/RAC_video_archive_seeds/RAC_lr0.0001_Bz64_Ep30_cosSim_triplet_drop[0.2, 0.4, 0.1]_topK20__PseudoGold_positive_1_hard_negative_1_seed1_hybrid_loss_openai_clip-vit-large-patch14-336_HF/ckpt/epoch_model_26_0.7692307692307693.pt: Copied (new)
2026/07/14 21:59:31 INFO  : MHC_zh/RAC_video_archive_seeds/RAC_lr0.0001_Bz64_Ep30_cosSim_triplet_drop[0.2, 0.4, 0.1]_topK20__PseudoGold_positive_1_hard_negative_1_seed1_hybrid_loss_openai_clip-vit-large-patch14-336_HF/ckpt/epoch_model_27_0.782051282051282.pt: Copied (new)
2026/07/14 21:59:31 INFO  : MHC_zh/RAC_video_archive_seeds/RAC_lr0.0001_Bz64_Ep30_cosSim_triplet_drop[0.2, 0.4, 0.1]_topK20__PseudoGold_positive_1_hard_negative_1_seed1_hybrid_loss_openai_clip-vit-large-patch14-336_HF/ckpt/epoch_model_29_0.7692307692307693.pt: Copied (new)
2026/07/14 21:59:31 INFO  : MHC_zh/RAC_video_archive_seeds/RAC_lr0.0001_Bz64_Ep30_cosSim_triplet_drop[0.2, 0.4, 0.1]_topK20__PseudoGold_positive_1_hard_negative_1_seed1_hybrid_loss_openai_clip-vit-large-patch14-336_HF/ckpt/epoch_model_2_0.6923076923076923.pt: Copied (new)
2026/07/14 21:59:32 INFO  : MHC_zh/RAC_video_archive_seeds/RAC_lr0.0001_Bz64_Ep30_cosSim_triplet_drop[0.2, 0.4, 0.1]_topK20__PseudoGold_positive_1_hard_negative_1_seed1_hybrid_loss_openai_clip-vit-large-patch14-336_HF/ckpt/epoch_model_4_0.7051282051282052.pt: Copied (new)
2026/07/14 21:59:32 INFO  : MHC_zh/RAC_video_archive_seeds/RAC_lr0.0001_Bz64_Ep30_cosSim_triplet_drop[0.2, 0.4, 0.1]_topK20__PseudoGold_positive_1_hard_negative_1_seed1_hybrid_loss_openai_clip-vit-large-patch14-336_HF/ckpt/epoch_model_25_0.7564102564102564.pt: Copied (new)
2026/07/14 21:59:33 INFO  : MHC_zh/RAC_video_archive_seeds/RAC_lr0.0001_Bz64_Ep30_cosSim_triplet_drop[0.2, 0.4, 0.1]_topK20__PseudoGold_positive_1_hard_negative_1_seed1_hybrid_loss_openai_clip-vit-large-patch14-336_HF/ckpt/epoch_model_3_0.7051282051282052.pt: Copied (new)
2026/07/14 21:59:33 INFO  : MHC_zh/RAC_video_archive_seeds/RAC_lr0.0001_Bz64_Ep30_cosSim_triplet_drop[0.2, 0.4, 0.1]_topK20__PseudoGold_positive_1_hard_negative_1_seed1_hybrid_loss_openai_clip-vit-large-patch14-336_HF/ckpt/epoch_model_8_0.7435897435897436.pt: Copied (new)
2026/07/14 21:59:33 INFO  : MHC_zh/RAC_video_archive_seeds/RAC_lr0.0001_Bz64_Ep30_cosSim_triplet_drop[0.2, 0.4, 0.1]_topK20__PseudoGold_positive_1_hard_negative_1_seed1_hybrid_loss_openai_clip-vit-large-patch14-336_HF/ckpt/epoch_model_6_0.717948717948718.pt: Copied (new)
2026/07/14 21:59:33 INFO  : MHC_zh/RAC_video_archive_seeds/RAC_lr0.0001_Bz64_Ep30_cosSim_triplet_drop[0.2, 0.4, 0.1]_topK20__PseudoGold_positive_1_hard_negative_1_seed1_hybrid_loss_openai_clip-vit-large-patch14-336_HF/ckpt/epoch_model_5_0.7051282051282052.pt: Copied (new)
2026/07/14 21:59:33 INFO  : MHC_zh/RAC_video_archive_seeds/RAC_lr0.0001_Bz64_Ep30_cosSim_triplet_drop[0.2, 0.4, 0.1]_topK20__PseudoGold_positive_1_hard_negative_1_seed1_hybrid_loss_openai_clip-vit-large-patch14-336_HF/ckpt/epoch_model_7_0.7435897435897436.pt: Copied (new)
2026/07/14 21:59:34 INFO  : MHC_zh/RAC_video_archive_seeds/RAC_lr0.0001_Bz64_Ep30_cosSim_triplet_drop[0.2, 0.4, 0.1]_topK20__PseudoGold_positive_1_hard_negative_1_seed1_hybrid_loss_openai_clip-vit-large-patch14-336_HF/ckpt/epoch_model_9_0.7307692307692307.pt: Copied (new)
2026/07/14 21:59:34 INFO  : 
Transferred:   	   20.767 GiB / 60.889 GiB, 34%, 56.641 MiB/s, ETA 12m5s
Checks:                 0 / 0, -, Listed 2905
Transferred:          864 / 2277, 38%
Elapsed time:      5m59.9s
Transferring:
 * MHC_zh/RAC_video_archi…2_0.717948717948718.pt: 94% /19.028Mi, 2.571Mi/s, 0s
 * MHC_zh/RAC_video_archi…_0.7692307692307693.pt: 82% /19.028Mi, 10.152Mi/s, 0s
 * MHC_zh/RAC_video_b3_lo…_0.8717948717948718.pt: 38% /40.028Mi, 12.496Mi/s, 1s
 * MHC_zh/RAC_video_b3_lo…_0.8461538461538461.pt: 39% /40.028Mi, 14.557Mi/s, 1s
 * MHC_zh/RAC_video_b3_lo…_0.8461538461538461.pt: 46% /40.028Mi, 15.995Mi/s, 1s
 * MHC_zh/RAC_video_b3_lo…_0.8461538461538461.pt: 34% /40.028Mi, 13.400Mi/s, 1s
 * MHC_zh/RAC_video_b3_lo…_0.8589743589743589.pt: 38% /40.028Mi, 13.808Mi/s, 1s
 * MHC_zh/RAC_video_b3_lo…_0.8717948717948718.pt: 19% /40.028Mi, 0/s, -

2026/07/14 21:59:36 INFO  : MHC_zh/RAC_video_archive_seeds/RAC_lr0.0001_Bz64_Ep30_cosSim_triplet_drop[0.2, 0.4, 0.1]_topK20__PseudoGold_positive_1_hard_negative_1_seed1_hybrid_loss_openai_clip-vit-large-patch14-336_HF/ckpt/last_model_29_0.7692307692307693.pt: Copied (new)
2026/07/14 21:59:37 INFO  : MHC_zh/RAC_video_archive_seeds/RAC_lr0.0001_Bz64_Ep30_cosSim_triplet_drop[0.2, 0.4, 0.1]_topK20__PseudoGold_positive_1_hard_negative_1_seed1_hybrid_loss_openai_clip-vit-large-patch14-336_HF/ckpt/epoch_model_22_0.717948717948718.pt: Copied (new)
2026/07/14 21:59:37 INFO  : MHC_zh/RAC_video_b3_lora/RAC_lr0.0001_Bz64_Ep30_cosSim_triplet_drop[0.2, 0.4, 0.1]_topK20__PseudoGold_positive_1_hard_negative_1_seed0_hybrid_loss_Qwen2.5-VL-7B-Instruct-LoRA_HF/ckpt/best_model_6_0.8461538461538461.pt: Copied (new)
2026/07/14 21:59:38 INFO  : MHC_zh/RAC_video_b3_lora/RAC_lr0.0001_Bz64_Ep30_cosSim_triplet_drop[0.2, 0.4, 0.1]_topK20__PseudoGold_positive_1_hard_negative_1_seed0_hybrid_loss_Qwen2.5-VL-7B-Instruct-LoRA_HF/ckpt/best_model_20_0.8717948717948718.pt: Copied (new)
2026/07/14 21:59:38 INFO  : MHC_zh/RAC_video_b3_lora/RAC_lr0.0001_Bz64_Ep30_cosSim_triplet_drop[0.2, 0.4, 0.1]_topK20__PseudoGold_positive_1_hard_negative_1_seed0_hybrid_loss_Qwen2.5-VL-7B-Instruct-LoRA_HF/ckpt/best_model_5_0.8461538461538461.pt: Copied (new)
2026/07/14 21:59:38 INFO  : MHC_zh/RAC_video_b3_lora/RAC_lr0.0001_Bz64_Ep30_cosSim_triplet_drop[0.2, 0.4, 0.1]_topK20__PseudoGold_positive_1_hard_negative_1_seed0_hybrid_loss_Qwen2.5-VL-7B-Instruct-LoRA_HF/ckpt/best_model_7_0.8461538461538461.pt: Copied (new)
2026/07/14 21:59:38 INFO  : MHC_zh/RAC_video_b3_lora/RAC_lr0.0001_Bz64_Ep30_cosSim_triplet_drop[0.2, 0.4, 0.1]_topK20__PseudoGold_positive_1_hard_negative_1_seed0_hybrid_loss_Qwen2.5-VL-7B-Instruct-LoRA_HF/ckpt/best_model_9_0.8717948717948718.pt: Copied (new)
2026/07/14 21:59:38 INFO  : MHC_zh/RAC_video_b3_lora/RAC_lr0.0001_Bz64_Ep30_cosSim_triplet_drop[0.2, 0.4, 0.1]_topK20__PseudoGold_positive_1_hard_negative_1_seed0_hybrid_loss_Qwen2.5-VL-7B-Instruct-LoRA_HF/ckpt/best_model_8_0.8589743589743589.pt: Copied (new)
2026/07/14 21:59:41 INFO  : MHC_zh/RAC_video_b3_lora/RAC_lr0.0001_Bz64_Ep30_cosSim_triplet_drop[0.2, 0.4, 0.1]_topK20__PseudoGold_positive_1_hard_negative_1_seed0_hybrid_loss_Qwen2.5-VL-7B-Instruct-LoRA_HF/ckpt/epoch_model_10_0.8589743589743589.pt: Copied (new)
2026/07/14 21:59:41 INFO  : MHC_zh/RAC_video_b3_lora/RAC_lr0.0001_Bz64_Ep30_cosSim_triplet_drop[0.2, 0.4, 0.1]_topK20__PseudoGold_positive_1_hard_negative_1_seed0_hybrid_loss_Qwen2.5-VL-7B-Instruct-LoRA_HF/ckpt/epoch_model_0_0.8461538461538461.pt: Copied (new)
2026/07/14 21:59:41 INFO  : MHC_zh/RAC_video_b3_lora/RAC_lr0.0001_Bz64_Ep30_cosSim_triplet_drop[0.2, 0.4, 0.1]_topK20__PseudoGold_positive_1_hard_negative_1_seed0_hybrid_loss_Qwen2.5-VL-7B-Instruct-LoRA_HF/ckpt/epoch_model_15_0.8589743589743589.pt: Copied (new)
2026/07/14 21:59:42 INFO  : MHC_zh/RAC_video_b3_lora/RAC_lr0.0001_Bz64_Ep30_cosSim_triplet_drop[0.2, 0.4, 0.1]_topK20__PseudoGold_positive_1_hard_negative_1_seed0_hybrid_loss_Qwen2.5-VL-7B-Instruct-LoRA_HF/ckpt/epoch_model_13_0.8205128205128205.pt: Copied (new)
2026/07/14 21:59:42 INFO  : MHC_zh/RAC_video_b3_lora/RAC_lr0.0001_Bz64_Ep30_cosSim_triplet_drop[0.2, 0.4, 0.1]_topK20__PseudoGold_positive_1_hard_negative_1_seed0_hybrid_loss_Qwen2.5-VL-7B-Instruct-LoRA_HF/ckpt/epoch_model_11_0.8461538461538461.pt: Copied (new)
2026/07/14 21:59:42 INFO  : MHC_zh/RAC_video_b3_lora/RAC_lr0.0001_Bz64_Ep30_cosSim_triplet_drop[0.2, 0.4, 0.1]_topK20__PseudoGold_positive_1_hard_negative_1_seed0_hybrid_loss_Qwen2.5-VL-7B-Instruct-LoRA_HF/ckpt/epoch_model_16_0.8461538461538461.pt: Copied (new)
2026/07/14 21:59:42 INFO  : MHC_zh/RAC_video_b3_lora/RAC_lr0.0001_Bz64_Ep30_cosSim_triplet_drop[0.2, 0.4, 0.1]_topK20__PseudoGold_positive_1_hard_negative_1_seed0_hybrid_loss_Qwen2.5-VL-7B-Instruct-LoRA_HF/ckpt/epoch_model_12_0.8205128205128205.pt: Copied (new)
2026/07/14 21:59:43 INFO  : MHC_zh/RAC_video_b3_lora/RAC_lr0.0001_Bz64_Ep30_cosSim_triplet_drop[0.2, 0.4, 0.1]_topK20__PseudoGold_positive_1_hard_negative_1_seed0_hybrid_loss_Qwen2.5-VL-7B-Instruct-LoRA_HF/ckpt/epoch_model_14_0.8461538461538461.pt: Copied (new)
2026/07/14 21:59:45 INFO  : MHC_zh/RAC_video_b3_lora/RAC_lr0.0001_Bz64_Ep30_cosSim_triplet_drop[0.2, 0.4, 0.1]_topK20__PseudoGold_positive_1_hard_negative_1_seed0_hybrid_loss_Qwen2.5-VL-7B-Instruct-LoRA_HF/ckpt/epoch_model_19_0.8461538461538461.pt: Copied (new)
2026/07/14 21:59:46 INFO  : MHC_zh/RAC_video_b3_lora/RAC_lr0.0001_Bz64_Ep30_cosSim_triplet_drop[0.2, 0.4, 0.1]_topK20__PseudoGold_positive_1_hard_negative_1_seed0_hybrid_loss_Qwen2.5-VL-7B-Instruct-LoRA_HF/ckpt/epoch_model_20_0.8717948717948718.pt: Copied (new)
2026/07/14 21:59:46 INFO  : MHC_zh/RAC_video_b3_lora/RAC_lr0.0001_Bz64_Ep30_cosSim_triplet_drop[0.2, 0.4, 0.1]_topK20__PseudoGold_positive_1_hard_negative_1_seed0_hybrid_loss_Qwen2.5-VL-7B-Instruct-LoRA_HF/ckpt/epoch_model_18_0.8333333333333334.pt: Copied (new)
2026/07/14 21:59:46 INFO  : MHC_zh/RAC_video_b3_lora/RAC_lr0.0001_Bz64_Ep30_cosSim_triplet_drop[0.2, 0.4, 0.1]_topK20__PseudoGold_positive_1_hard_negative_1_seed0_hybrid_loss_Qwen2.5-VL-7B-Instruct-LoRA_HF/ckpt/epoch_model_17_0.8461538461538461.pt: Copied (new)
2026/07/14 21:59:46 INFO  : MHC_zh/RAC_video_b3_lora/RAC_lr0.0001_Bz64_Ep30_cosSim_triplet_drop[0.2, 0.4, 0.1]_topK20__PseudoGold_positive_1_hard_negative_1_seed0_hybrid_loss_Qwen2.5-VL-7B-Instruct-LoRA_HF/ckpt/epoch_model_1_0.8717948717948718.pt: Copied (new)
2026/07/14 21:59:47 INFO  : MHC_zh/RAC_video_b3_lora/RAC_lr0.0001_Bz64_Ep30_cosSim_triplet_drop[0.2, 0.4, 0.1]_topK20__PseudoGold_positive_1_hard_negative_1_seed0_hybrid_loss_Qwen2.5-VL-7B-Instruct-LoRA_HF/ckpt/epoch_model_21_0.8461538461538461.pt: Copied (new)
2026/07/14 21:59:47 INFO  : MHC_zh/RAC_video_b3_lora/RAC_lr0.0001_Bz64_Ep30_cosSim_triplet_drop[0.2, 0.4, 0.1]_topK20__PseudoGold_positive_1_hard_negative_1_seed0_hybrid_loss_Qwen2.5-VL-7B-Instruct-LoRA_HF/ckpt/epoch_model_23_0.8461538461538461.pt: Copied (new)
2026/07/14 21:59:49 INFO  : MHC_zh/RAC_video_b3_lora/RAC_lr0.0001_Bz64_Ep30_cosSim_triplet_drop[0.2, 0.4, 0.1]_topK20__PseudoGold_positive_1_hard_negative_1_seed0_hybrid_loss_Qwen2.5-VL-7B-Instruct-LoRA_HF/ckpt/epoch_model_24_0.8589743589743589.pt: Copied (new)
2026/07/14 21:59:50 INFO  : MHC_zh/RAC_video_b3_lora/RAC_lr0.0001_Bz64_Ep30_cosSim_triplet_drop[0.2, 0.4, 0.1]_topK20__PseudoGold_positive_1_hard_negative_1_seed0_hybrid_loss_Qwen2.5-VL-7B-Instruct-LoRA_HF/ckpt/epoch_model_28_0.8333333333333334.pt: Copied (new)
2026/07/14 21:59:50 INFO  : MHC_zh/RAC_video_b3_lora/RAC_lr0.0001_Bz64_Ep30_cosSim_triplet_drop[0.2, 0.4, 0.1]_topK20__PseudoGold_positive_1_hard_negative_1_seed0_hybrid_loss_Qwen2.5-VL-7B-Instruct-LoRA_HF/ckpt/epoch_model_29_0.8461538461538461.pt: Copied (new)
2026/07/14 21:59:50 INFO  : MHC_zh/RAC_video_b3_lora/RAC_lr0.0001_Bz64_Ep30_cosSim_triplet_drop[0.2, 0.4, 0.1]_topK20__PseudoGold_positive_1_hard_negative_1_seed0_hybrid_loss_Qwen2.5-VL-7B-Instruct-LoRA_HF/ckpt/epoch_model_2_0.8333333333333334.pt: Copied (new)
2026/07/14 21:59:51 INFO  : MHC_zh/RAC_video_b3_lora/RAC_lr0.0001_Bz64_Ep30_cosSim_triplet_drop[0.2, 0.4, 0.1]_topK20__PseudoGold_positive_1_hard_negative_1_seed0_hybrid_loss_Qwen2.5-VL-7B-Instruct-LoRA_HF/ckpt/epoch_model_22_0.8589743589743589.pt: Copied (new)
2026/07/14 21:59:51 INFO  : MHC_zh/RAC_video_b3_lora/RAC_lr0.0001_Bz64_Ep30_cosSim_triplet_drop[0.2, 0.4, 0.1]_topK20__PseudoGold_positive_1_hard_negative_1_seed0_hybrid_loss_Qwen2.5-VL-7B-Instruct-LoRA_HF/ckpt/epoch_model_26_0.8461538461538461.pt: Copied (new)
2026/07/14 21:59:51 INFO  : MHC_zh/RAC_video_b3_lora/RAC_lr0.0001_Bz64_Ep30_cosSim_triplet_drop[0.2, 0.4, 0.1]_topK20__PseudoGold_positive_1_hard_negative_1_seed0_hybrid_loss_Qwen2.5-VL-7B-Instruct-LoRA_HF/ckpt/epoch_model_27_0.8205128205128205.pt: Copied (new)
2026/07/14 21:59:52 INFO  : MHC_zh/RAC_video_b3_lora/RAC_lr0.0001_Bz64_Ep30_cosSim_triplet_drop[0.2, 0.4, 0.1]_topK20__PseudoGold_positive_1_hard_negative_1_seed0_hybrid_loss_Qwen2.5-VL-7B-Instruct-LoRA_HF/ckpt/epoch_model_25_0.8461538461538461.pt: Copied (new)
2026/07/14 21:59:53 INFO  : MHC_zh/RAC_video_b3_lora/RAC_lr0.0001_Bz64_Ep30_cosSim_triplet_drop[0.2, 0.4, 0.1]_topK20__PseudoGold_positive_1_hard_negative_1_seed0_hybrid_loss_Qwen2.5-VL-7B-Instruct-LoRA_HF/ckpt/epoch_model_3_0.8846153846153846.pt: Copied (new)
2026/07/14 21:59:54 INFO  : MHC_zh/RAC_video_b3_lora/RAC_lr0.0001_Bz64_Ep30_cosSim_triplet_drop[0.2, 0.4, 0.1]_topK20__PseudoGold_positive_1_hard_negative_1_seed0_hybrid_loss_Qwen2.5-VL-7B-Instruct-LoRA_HF/ckpt/epoch_model_5_0.8461538461538461.pt: Copied (new)
2026/07/14 21:59:54 INFO  : MHC_zh/RAC_video_b3_lora/RAC_lr0.0001_Bz64_Ep30_cosSim_triplet_drop[0.2, 0.4, 0.1]_topK20__PseudoGold_positive_1_hard_negative_1_seed0_hybrid_loss_Qwen2.5-VL-7B-Instruct-LoRA_HF/ckpt/epoch_model_6_0.8461538461538461.pt: Copied (new)
2026/07/14 21:59:54 INFO  : MHC_zh/RAC_video_b3_lora/RAC_lr0.0001_Bz64_Ep30_cosSim_triplet_drop[0.2, 0.4, 0.1]_topK20__PseudoGold_positive_1_hard_negative_1_seed0_hybrid_loss_Qwen2.5-VL-7B-Instruct-LoRA_HF/ckpt/epoch_model_4_0.8717948717948718.pt: Copied (new)
2026/07/14 21:59:55 INFO  : HateMM/RAC_tarc_g1/RAC_lr0.0001_Bz64_Ep30_cosSim_triplet_drop[0.2, 0.4, 0.1]_topK20__PseudoGold_positive_1_hard_negative_1_seed2_hybrid_loss_v3lt0.1_tarc-gt_oracle-lt0.1_ORACLE_CEILING/ckpt/best_model_15_0.794392523364486.pt: Copied (new)
2026/07/14 21:59:55 INFO  : MHC_zh/RAC_video_b3_lora/RAC_lr0.0001_Bz64_Ep30_cosSim_triplet_drop[0.2, 0.4, 0.1]_topK20__PseudoGold_positive_1_hard_negative_1_seed0_hybrid_loss_Qwen2.5-VL-7B-Instruct-LoRA_HF/ckpt/epoch_model_7_0.8461538461538461.pt: Copied (new)
2026/07/14 21:59:55 INFO  : MHC_zh/RAC_video_b3_lora/RAC_lr0.0001_Bz64_Ep30_cosSim_triplet_drop[0.2, 0.4, 0.1]_topK20__PseudoGold_positive_1_hard_negative_1_seed0_hybrid_loss_Qwen2.5-VL-7B-Instruct-LoRA_HF/ckpt/last_model_29_0.8461538461538461.pt: Copied (new)
2026/07/14 21:59:55 INFO  : HateMM/RAC_tarc_g1/RAC_lr0.0001_Bz64_Ep30_cosSim_triplet_drop[0.2, 0.4, 0.1]_topK20__PseudoGold_positive_1_hard_negative_1_seed2_hybrid_loss_v3lt0.1_tarc-gt_oracle-lt0.1_ORACLE_CEILING/ckpt/best_model_16_0.8130841121495327.pt: Copied (new)
2026/07/14 21:59:56 INFO  : HateMM/RAC_tarc_g1/RAC_lr0.0001_Bz64_Ep30_cosSim_triplet_drop[0.2, 0.4, 0.1]_topK20__PseudoGold_positive_1_hard_negative_1_seed2_hybrid_loss_v3lt0.1_tarc-gt_oracle-lt0.1_ORACLE_CEILING/ckpt/best_model_21_0.8317757009345794.pt: Copied (new)
2026/07/14 21:59:56 INFO  : HateMM/RAC_tarc_g1/RAC_lr0.0001_Bz64_Ep30_cosSim_triplet_drop[0.2, 0.4, 0.1]_topK20__PseudoGold_positive_1_hard_negative_1_seed2_hybrid_loss_v3lt0.1_tarc-gt_oracle-lt0.1_ORACLE_CEILING/ckpt/best_model_24_0.8411214953271028.pt: Copied (new)
2026/07/14 21:59:57 INFO  : MHC_zh/RAC_video_b3_lora/RAC_lr0.0001_Bz64_Ep30_cosSim_triplet_drop[0.2, 0.4, 0.1]_topK20__PseudoGold_positive_1_hard_negative_1_seed0_hybrid_loss_Qwen2.5-VL-7B-Instruct-LoRA_HF/ckpt/epoch_model_9_0.8717948717948718.pt: Copied (new)
2026/07/14 21:59:57 INFO  : HateMM/RAC_tarc_g1/RAC_lr0.0001_Bz64_Ep30_cosSim_triplet_drop[0.2, 0.4, 0.1]_topK20__PseudoGold_positive_1_hard_negative_1_seed2_hybrid_loss_v3lt0.1_tarc-gt_oracle-lt0.1_ORACLE_CEILING/ckpt/epoch_model_0_0.7850467289719626.pt: Copied (new)
2026/07/14 21:59:57 INFO  : HateMM/RAC_tarc_g1/RAC_lr0.0001_Bz64_Ep30_cosSim_triplet_drop[0.2, 0.4, 0.1]_topK20__PseudoGold_positive_1_hard_negative_1_seed2_hybrid_loss_v3lt0.1_tarc-gt_oracle-lt0.1_ORACLE_CEILING/ckpt/best_model_6_0.7850467289719626.pt: Copied (new)
2026/07/14 21:59:57 INFO  : HateMM/RAC_tarc_g1/RAC_lr0.0001_Bz64_Ep30_cosSim_triplet_drop[0.2, 0.4, 0.1]_topK20__PseudoGold_positive_1_hard_negative_1_seed2_hybrid_loss_v3lt0.1_tarc-gt_oracle-lt0.1_ORACLE_CEILING/ckpt/best_model_22_0.8411214953271028.pt: Copied (new)
2026/07/14 21:59:58 INFO  : HateMM/RAC_tarc_g1/RAC_lr0.0001_Bz64_Ep30_cosSim_triplet_drop[0.2, 0.4, 0.1]_topK20__PseudoGold_positive_1_hard_negative_1_seed2_hybrid_loss_v3lt0.1_tarc-gt_oracle-lt0.1_ORACLE_CEILING/ckpt/best_model_5_0.7663551401869159.pt: Copied (new)
2026/07/14 21:59:59 INFO  : HateMM/RAC_tarc_g1/RAC_lr0.0001_Bz64_Ep30_cosSim_triplet_drop[0.2, 0.4, 0.1]_topK20__PseudoGold_positive_1_hard_negative_1_seed2_hybrid_loss_v3lt0.1_tarc-gt_oracle-lt0.1_ORACLE_CEILING/ckpt/epoch_model_11_0.7570093457943925.pt: Copied (new)
2026/07/14 21:59:59 INFO  : MHC_zh/RAC_video_b3_lora/RAC_lr0.0001_Bz64_Ep30_cosSim_triplet_drop[0.2, 0.4, 0.1]_topK20__PseudoGold_positive_1_hard_negative_1_seed0_hybrid_loss_Qwen2.5-VL-7B-Instruct-LoRA_HF/ckpt/epoch_model_8_0.8589743589743589.pt: Copied (new)
2026/07/14 21:59:59 INFO  : HateMM/RAC_tarc_g1/RAC_lr0.0001_Bz64_Ep30_cosSim_triplet_drop[0.2, 0.4, 0.1]_topK20__PseudoGold_positive_1_hard_negative_1_seed2_hybrid_loss_v3lt0.1_tarc-gt_oracle-lt0.1_ORACLE_CEILING/ckpt/epoch_model_13_0.7663551401869159.pt: Copied (new)
2026/07/14 22:00:00 INFO  : HateMM/RAC_tarc_g1/RAC_lr0.0001_Bz64_Ep30_cosSim_triplet_drop[0.2, 0.4, 0.1]_topK20__PseudoGold_positive_1_hard_negative_1_seed2_hybrid_loss_v3lt0.1_tarc-gt_oracle-lt0.1_ORACLE_CEILING/ckpt/epoch_model_12_0.7476635514018691.pt: Copied (new)
2026/07/14 22:00:00 INFO  : HateMM/RAC_tarc_g1/RAC_lr0.0001_Bz64_Ep30_cosSim_triplet_drop[0.2, 0.4, 0.1]_topK20__PseudoGold_positive_1_hard_negative_1_seed2_hybrid_loss_v3lt0.1_tarc-gt_oracle-lt0.1_ORACLE_CEILING/ckpt/epoch_model_15_0.794392523364486.pt: Copied (new)
2026/07/14 22:00:00 INFO  : HateMM/RAC_tarc_g1/RAC_lr0.0001_Bz64_Ep30_cosSim_triplet_drop[0.2, 0.4, 0.1]_topK20__PseudoGold_positive_1_hard_negative_1_seed2_hybrid_loss_v3lt0.1_tarc-gt_oracle-lt0.1_ORACLE_CEILING/ckpt/epoch_model_14_0.7663551401869159.pt: Copied (new)
2026/07/14 22:00:00 INFO  : HateMM/RAC_tarc_g1/RAC_lr0.0001_Bz64_Ep30_cosSim_triplet_drop[0.2, 0.4, 0.1]_topK20__PseudoGold_positive_1_hard_negative_1_seed2_hybrid_loss_v3lt0.1_tarc-gt_oracle-lt0.1_ORACLE_CEILING/ckpt/epoch_model_10_0.7570093457943925.pt: Copied (new)
2026/07/14 22:00:00 INFO  : HateMM/RAC_tarc_g1/RAC_lr0.0001_Bz64_Ep30_cosSim_triplet_drop[0.2, 0.4, 0.1]_topK20__PseudoGold_positive_1_hard_negative_1_seed2_hybrid_loss_v3lt0.1_tarc-gt_oracle-lt0.1_ORACLE_CEILING/ckpt/epoch_model_16_0.8130841121495327.pt: Copied (new)
2026/07/14 22:00:01 INFO  : HateMM/RAC_tarc_g1/RAC_lr0.0001_Bz64_Ep30_cosSim_triplet_drop[0.2, 0.4, 0.1]_topK20__PseudoGold_positive_1_hard_negative_1_seed2_hybrid_loss_v3lt0.1_tarc-gt_oracle-lt0.1_ORACLE_CEILING/ckpt/epoch_model_17_0.794392523364486.pt: Copied (new)
2026/07/14 22:00:01 INFO  : HateMM/RAC_tarc_g1/RAC_lr0.0001_Bz64_Ep30_cosSim_triplet_drop[0.2, 0.4, 0.1]_topK20__PseudoGold_positive_1_hard_negative_1_seed2_hybrid_loss_v3lt0.1_tarc-gt_oracle-lt0.1_ORACLE_CEILING/ckpt/epoch_model_19_0.7757009345794392.pt: Copied (new)
2026/07/14 22:00:02 INFO  : HateMM/RAC_tarc_g1/RAC_lr0.0001_Bz64_Ep30_cosSim_triplet_drop[0.2, 0.4, 0.1]_topK20__PseudoGold_positive_1_hard_negative_1_seed2_hybrid_loss_v3lt0.1_tarc-gt_oracle-lt0.1_ORACLE_CEILING/ckpt/epoch_model_22_0.8411214953271028.pt: Copied (new)
2026/07/14 22:00:03 INFO  : HateMM/RAC_tarc_g1/RAC_lr0.0001_Bz64_Ep30_cosSim_triplet_drop[0.2, 0.4, 0.1]_topK20__PseudoGold_positive_1_hard_negative_1_seed2_hybrid_loss_v3lt0.1_tarc-gt_oracle-lt0.1_ORACLE_CEILING/ckpt/epoch_model_20_0.8037383177570093.pt: Copied (new)
2026/07/14 22:00:03 INFO  : HateMM/RAC_tarc_g1/RAC_lr0.0001_Bz64_Ep30_cosSim_triplet_drop[0.2, 0.4, 0.1]_topK20__PseudoGold_positive_1_hard_negative_1_seed2_hybrid_loss_v3lt0.1_tarc-gt_oracle-lt0.1_ORACLE_CEILING/ckpt/epoch_model_24_0.8411214953271028.pt: Copied (new)
2026/07/14 22:00:03 INFO  : HateMM/RAC_tarc_g1/RAC_lr0.0001_Bz64_Ep30_cosSim_triplet_drop[0.2, 0.4, 0.1]_topK20__PseudoGold_positive_1_hard_negative_1_seed2_hybrid_loss_v3lt0.1_tarc-gt_oracle-lt0.1_ORACLE_CEILING/ckpt/epoch_model_23_0.8317757009345794.pt: Copied (new)
2026/07/14 22:00:03 INFO  : HateMM/RAC_tarc_g1/RAC_lr0.0001_Bz64_Ep30_cosSim_triplet_drop[0.2, 0.4, 0.1]_topK20__PseudoGold_positive_1_hard_negative_1_seed2_hybrid_loss_v3lt0.1_tarc-gt_oracle-lt0.1_ORACLE_CEILING/ckpt/epoch_model_21_0.8317757009345794.pt: Copied (new)
2026/07/14 22:00:03 INFO  : HateMM/RAC_tarc_g1/RAC_lr0.0001_Bz64_Ep30_cosSim_triplet_drop[0.2, 0.4, 0.1]_topK20__PseudoGold_positive_1_hard_negative_1_seed2_hybrid_loss_v3lt0.1_tarc-gt_oracle-lt0.1_ORACLE_CEILING/ckpt/epoch_model_25_0.8317757009345794.pt: Copied (new)
2026/07/14 22:00:04 INFO  : HateMM/RAC_tarc_g1/RAC_lr0.0001_Bz64_Ep30_cosSim_triplet_drop[0.2, 0.4, 0.1]_topK20__PseudoGold_positive_1_hard_negative_1_seed2_hybrid_loss_v3lt0.1_tarc-gt_oracle-lt0.1_ORACLE_CEILING/ckpt/epoch_model_26_0.8317757009345794.pt: Copied (new)
2026/07/14 22:00:04 INFO  : HateMM/RAC_tarc_g1/RAC_lr0.0001_Bz64_Ep30_cosSim_triplet_drop[0.2, 0.4, 0.1]_topK20__PseudoGold_positive_1_hard_negative_1_seed2_hybrid_loss_v3lt0.1_tarc-gt_oracle-lt0.1_ORACLE_CEILING/ckpt/epoch_model_28_0.8317757009345794.pt: Copied (new)
2026/07/14 22:00:05 INFO  : HateMM/RAC_tarc_g1/RAC_lr0.0001_Bz64_Ep30_cosSim_triplet_drop[0.2, 0.4, 0.1]_topK20__PseudoGold_positive_1_hard_negative_1_seed2_hybrid_loss_v3lt0.1_tarc-gt_oracle-lt0.1_ORACLE_CEILING/ckpt/epoch_model_18_0.794392523364486.pt: Copied (new)
2026/07/14 22:00:05 INFO  : HateMM/RAC_tarc_g1/RAC_lr0.0001_Bz64_Ep30_cosSim_triplet_drop[0.2, 0.4, 0.1]_topK20__PseudoGold_positive_1_hard_negative_1_seed2_hybrid_loss_v3lt0.1_tarc-gt_oracle-lt0.1_ORACLE_CEILING/ckpt/epoch_model_3_0.7757009345794392.pt: Copied (new)
2026/07/14 22:00:05 INFO  : HateMM/RAC_tarc_g1/RAC_lr0.0001_Bz64_Ep30_cosSim_triplet_drop[0.2, 0.4, 0.1]_topK20__PseudoGold_positive_1_hard_negative_1_seed2_hybrid_loss_v3lt0.1_tarc-gt_oracle-lt0.1_ORACLE_CEILING/ckpt/epoch_model_27_0.8317757009345794.pt: Copied (new)
2026/07/14 22:00:05 INFO  : HateMM/RAC_tarc_g1/RAC_lr0.0001_Bz64_Ep30_cosSim_triplet_drop[0.2, 0.4, 0.1]_topK20__PseudoGold_positive_1_hard_negative_1_seed2_hybrid_loss_v3lt0.1_tarc-gt_oracle-lt0.1_ORACLE_CEILING/ckpt/epoch_model_2_0.7757009345794392.pt: Copied (new)
2026/07/14 22:00:05 INFO  : HateMM/RAC_tarc_g1/RAC_lr0.0001_Bz64_Ep30_cosSim_triplet_drop[0.2, 0.4, 0.1]_topK20__PseudoGold_positive_1_hard_negative_1_seed2_hybrid_loss_v3lt0.1_tarc-gt_oracle-lt0.1_ORACLE_CEILING/ckpt/epoch_model_29_0.8317757009345794.pt: Copied (new)
2026/07/14 22:00:05 INFO  : HateMM/RAC_tarc_g1/RAC_lr0.0001_Bz64_Ep30_cosSim_triplet_drop[0.2, 0.4, 0.1]_topK20__PseudoGold_positive_1_hard_negative_1_seed2_hybrid_loss_v3lt0.1_tarc-gt_oracle-lt0.1_ORACLE_CEILING/ckpt/epoch_model_1_0.7663551401869159.pt: Copied (new)
2026/07/14 22:00:06 INFO  : HateMM/RAC_tarc_g1/RAC_lr0.0001_Bz64_Ep30_cosSim_triplet_drop[0.2, 0.4, 0.1]_topK20__PseudoGold_positive_1_hard_negative_1_seed2_hybrid_loss_v3lt0.1_tarc-gt_oracle-lt0.1_ORACLE_CEILING/ckpt/epoch_model_4_0.7757009345794392.pt: Copied (new)
2026/07/14 22:00:06 INFO  : HateMM/RAC_tarc_g1/RAC_lr0.0001_Bz64_Ep30_cosSim_triplet_drop[0.2, 0.4, 0.1]_topK20__PseudoGold_positive_1_hard_negative_1_seed2_hybrid_loss_v3lt0.1_tarc-gt_oracle-lt0.1_ORACLE_CEILING/ckpt/epoch_model_5_0.7663551401869159.pt: Copied (new)
2026/07/14 22:00:07 INFO  : HateMM/RAC_tarc_g1/RAC_lr0.0001_Bz64_Ep30_cosSim_triplet_drop[0.2, 0.4, 0.1]_topK20__PseudoGold_positive_1_hard_negative_1_seed2_hybrid_loss_v3lt0.1_tarc-gt_oracle-lt0.1_ORACLE_CEILING/ckpt/epoch_model_7_0.7663551401869159.pt: Copied (new)
2026/07/14 22:00:07 INFO  : HateMM/RAC_tarc_g1/RAC_lr0.0001_Bz64_Ep30_cosSim_triplet_drop[0.2, 0.4, 0.1]_topK20__PseudoGold_positive_1_hard_negative_1_seed2_hybrid_loss_v3lt0.1_tarc-gt_oracle-lt0.1_ORACLE_CEILING/ckpt/epoch_model_9_0.7476635514018691.pt: Copied (new)
2026/07/14 22:00:07 INFO  : HateMM/RAC_tarc_g1/RAC_lr0.0001_Bz64_Ep30_cosSim_triplet_drop[0.2, 0.4, 0.1]_topK20__PseudoGold_positive_1_hard_negative_1_seed2_hybrid_loss_v3lt0.1_tarc-gt_oracle-lt0.1_ORACLE_CEILING/ckpt/epoch_model_8_0.7476635514018691.pt: Copied (new)
2026/07/14 22:00:08 INFO  : MHC_zh/RAC_video_archive_seeds/RAC_lr0.0001_Bz64_Ep30_cosSim_triplet_drop[0.2, 0.4, 0.1]_topK20__PseudoGold_positive_1_hard_negative_1_seed2_hybrid_loss_openai_clip-vit-large-patch14-336_HF/ckpt/best_model_14_0.7564102564102564.pt: Copied (new)
2026/07/14 22:00:08 INFO  : MHC_zh/RAC_video_archive_seeds/RAC_lr0.0001_Bz64_Ep30_cosSim_triplet_drop[0.2, 0.4, 0.1]_topK20__PseudoGold_positive_1_hard_negative_1_seed2_hybrid_loss_openai_clip-vit-large-patch14-336_HF/ckpt/best_model_19_0.7692307692307693.pt: Copied (new)
2026/07/14 22:00:09 INFO  : MHC_zh/RAC_video_archive_seeds/RAC_lr0.0001_Bz64_Ep30_cosSim_triplet_drop[0.2, 0.4, 0.1]_topK20__PseudoGold_positive_1_hard_negative_1_seed2_hybrid_loss_openai_clip-vit-large-patch14-336_HF/ckpt/best_model_25_0.8205128205128205.pt: Copied (new)
2026/07/14 22:00:09 INFO  : MHC_zh/RAC_video_archive_seeds/RAC_lr0.0001_Bz64_Ep30_cosSim_triplet_drop[0.2, 0.4, 0.1]_topK20__PseudoGold_positive_1_hard_negative_1_seed2_hybrid_loss_openai_clip-vit-large-patch14-336_HF/ckpt/best_model_11_0.7564102564102564.pt: Copied (new)
2026/07/14 22:00:09 INFO  : MHC_zh/RAC_video_archive_seeds/RAC_lr0.0001_Bz64_Ep30_cosSim_triplet_drop[0.2, 0.4, 0.1]_topK20__PseudoGold_positive_1_hard_negative_1_seed2_hybrid_loss_openai_clip-vit-large-patch14-336_HF/ckpt/best_model_5_0.7564102564102564.pt: Copied (new)
2026/07/14 22:00:10 INFO  : MHC_zh/RAC_video_archive_seeds/RAC_lr0.0001_Bz64_Ep30_cosSim_triplet_drop[0.2, 0.4, 0.1]_topK20__PseudoGold_positive_1_hard_negative_1_seed2_hybrid_loss_openai_clip-vit-large-patch14-336_HF/ckpt/epoch_model_10_0.7051282051282052.pt: Copied (new)
2026/07/14 22:00:10 INFO  : MHC_zh/RAC_video_archive_seeds/RAC_lr0.0001_Bz64_Ep30_cosSim_triplet_drop[0.2, 0.4, 0.1]_topK20__PseudoGold_positive_1_hard_negative_1_seed2_hybrid_loss_openai_clip-vit-large-patch14-336_HF/ckpt/epoch_model_11_0.7564102564102564.pt: Copied (new)
2026/07/14 22:00:10 INFO  : HateMM/RAC_tarc_g1/RAC_lr0.0001_Bz64_Ep30_cosSim_triplet_drop[0.2, 0.4, 0.1]_topK20__PseudoGold_positive_1_hard_negative_1_seed2_hybrid_loss_v3lt0.1_tarc-gt_oracle-lt0.1_ORACLE_CEILING/ckpt/last_model_29_0.8317757009345794.pt: Copied (new)
2026/07/14 22:00:10 INFO  : HateMM/RAC_tarc_g1/RAC_lr0.0001_Bz64_Ep30_cosSim_triplet_drop[0.2, 0.4, 0.1]_topK20__PseudoGold_positive_1_hard_negative_1_seed2_hybrid_loss_v3lt0.1_tarc-gt_oracle-lt0.1_ORACLE_CEILING/ckpt/epoch_model_6_0.7850467289719626.pt: Copied (new)
2026/07/14 22:00:10 INFO  : MHC_zh/RAC_video_archive_seeds/RAC_lr0.0001_Bz64_Ep30_cosSim_triplet_drop[0.2, 0.4, 0.1]_topK20__PseudoGold_positive_1_hard_negative_1_seed2_hybrid_loss_openai_clip-vit-large-patch14-336_HF/ckpt/epoch_model_0_0.7435897435897436.pt: Copied (new)
2026/07/14 22:00:11 INFO  : MHC_zh/RAC_video_archive_seeds/RAC_lr0.0001_Bz64_Ep30_cosSim_triplet_drop[0.2, 0.4, 0.1]_topK20__PseudoGold_positive_1_hard_negative_1_seed2_hybrid_loss_openai_clip-vit-large-patch14-336_HF/ckpt/epoch_model_12_0.7307692307692307.pt: Copied (new)
2026/07/14 22:00:11 INFO  : MHC_zh/RAC_video_archive_seeds/RAC_lr0.0001_Bz64_Ep30_cosSim_triplet_drop[0.2, 0.4, 0.1]_topK20__PseudoGold_positive_1_hard_negative_1_seed2_hybrid_loss_openai_clip-vit-large-patch14-336_HF/ckpt/epoch_model_14_0.7564102564102564.pt: Copied (new)
2026/07/14 22:00:12 INFO  : MHC_zh/RAC_video_archive_seeds/RAC_lr0.0001_Bz64_Ep30_cosSim_triplet_drop[0.2, 0.4, 0.1]_topK20__PseudoGold_positive_1_hard_negative_1_seed2_hybrid_loss_openai_clip-vit-large-patch14-336_HF/ckpt/epoch_model_16_0.7307692307692307.pt: Copied (new)
2026/07/14 22:00:12 INFO  : MHC_zh/RAC_video_archive_seeds/RAC_lr0.0001_Bz64_Ep30_cosSim_triplet_drop[0.2, 0.4, 0.1]_topK20__PseudoGold_positive_1_hard_negative_1_seed2_hybrid_loss_openai_clip-vit-large-patch14-336_HF/ckpt/epoch_model_15_0.7435897435897436.pt: Copied (new)
2026/07/14 22:00:12 INFO  : MHC_zh/RAC_video_archive_seeds/RAC_lr0.0001_Bz64_Ep30_cosSim_triplet_drop[0.2, 0.4, 0.1]_topK20__PseudoGold_positive_1_hard_negative_1_seed2_hybrid_loss_openai_clip-vit-large-patch14-336_HF/ckpt/epoch_model_1_0.6923076923076923.pt: Copied (new)
2026/07/14 22:00:13 INFO  : MHC_zh/RAC_video_archive_seeds/RAC_lr0.0001_Bz64_Ep30_cosSim_triplet_drop[0.2, 0.4, 0.1]_topK20__PseudoGold_positive_1_hard_negative_1_seed2_hybrid_loss_openai_clip-vit-large-patch14-336_HF/ckpt/epoch_model_19_0.7692307692307693.pt: Copied (new)
2026/07/14 22:00:13 INFO  : MHC_zh/RAC_video_archive_seeds/RAC_lr0.0001_Bz64_Ep30_cosSim_triplet_drop[0.2, 0.4, 0.1]_topK20__PseudoGold_positive_1_hard_negative_1_seed2_hybrid_loss_openai_clip-vit-large-patch14-336_HF/ckpt/epoch_model_13_0.7307692307692307.pt: Copied (new)
2026/07/14 22:00:13 INFO  : MHC_zh/RAC_video_archive_seeds/RAC_lr0.0001_Bz64_Ep30_cosSim_triplet_drop[0.2, 0.4, 0.1]_topK20__PseudoGold_positive_1_hard_negative_1_seed2_hybrid_loss_openai_clip-vit-large-patch14-336_HF/ckpt/epoch_model_21_0.7307692307692307.pt: Copied (new)
2026/07/14 22:00:14 INFO  : MHC_zh/RAC_video_archive_seeds/RAC_lr0.0001_Bz64_Ep30_cosSim_triplet_drop[0.2, 0.4, 0.1]_topK20__PseudoGold_positive_1_hard_negative_1_seed2_hybrid_loss_openai_clip-vit-large-patch14-336_HF/ckpt/epoch_model_17_0.717948717948718.pt: Copied (new)
2026/07/14 22:00:14 INFO  : MHC_zh/RAC_video_archive_seeds/RAC_lr0.0001_Bz64_Ep30_cosSim_triplet_drop[0.2, 0.4, 0.1]_topK20__PseudoGold_positive_1_hard_negative_1_seed2_hybrid_loss_openai_clip-vit-large-patch14-336_HF/ckpt/epoch_model_20_0.7692307692307693.pt: Copied (new)
2026/07/14 22:00:14 INFO  : MHC_zh/RAC_video_archive_seeds/RAC_lr0.0001_Bz64_Ep30_cosSim_triplet_drop[0.2, 0.4, 0.1]_topK20__PseudoGold_positive_1_hard_negative_1_seed2_hybrid_loss_openai_clip-vit-large-patch14-336_HF/ckpt/epoch_model_23_0.7307692307692307.pt: Copied (new)
2026/07/14 22:00:15 INFO  : MHC_zh/RAC_video_archive_seeds/RAC_lr0.0001_Bz64_Ep30_cosSim_triplet_drop[0.2, 0.4, 0.1]_topK20__PseudoGold_positive_1_hard_negative_1_seed2_hybrid_loss_openai_clip-vit-large-patch14-336_HF/ckpt/epoch_model_18_0.7307692307692307.pt: Copied (new)
2026/07/14 22:00:15 INFO  : MHC_zh/RAC_video_archive_seeds/RAC_lr0.0001_Bz64_Ep30_cosSim_triplet_drop[0.2, 0.4, 0.1]_topK20__PseudoGold_positive_1_hard_negative_1_seed2_hybrid_loss_openai_clip-vit-large-patch14-336_HF/ckpt/epoch_model_24_0.7692307692307693.pt: Copied (new)
2026/07/14 22:00:15 INFO  : MHC_zh/RAC_video_archive_seeds/RAC_lr0.0001_Bz64_Ep30_cosSim_triplet_drop[0.2, 0.4, 0.1]_topK20__PseudoGold_positive_1_hard_negative_1_seed2_hybrid_loss_openai_clip-vit-large-patch14-336_HF/ckpt/epoch_model_26_0.7564102564102564.pt: Copied (new)
2026/07/14 22:00:16 INFO  : MHC_zh/RAC_video_archive_seeds/RAC_lr0.0001_Bz64_Ep30_cosSim_triplet_drop[0.2, 0.4, 0.1]_topK20__PseudoGold_positive_1_hard_negative_1_seed2_hybrid_loss_openai_clip-vit-large-patch14-336_HF/ckpt/epoch_model_27_0.782051282051282.pt: Copied (new)
2026/07/14 22:00:16 INFO  : MHC_zh/RAC_video_archive_seeds/RAC_lr0.0001_Bz64_Ep30_cosSim_triplet_drop[0.2, 0.4, 0.1]_topK20__PseudoGold_positive_1_hard_negative_1_seed2_hybrid_loss_openai_clip-vit-large-patch14-336_HF/ckpt/epoch_model_29_0.7948717948717948.pt: Copied (new)
2026/07/14 22:00:17 INFO  : MHC_zh/RAC_video_archive_seeds/RAC_lr0.0001_Bz64_Ep30_cosSim_triplet_drop[0.2, 0.4, 0.1]_topK20__PseudoGold_positive_1_hard_negative_1_seed2_hybrid_loss_openai_clip-vit-large-patch14-336_HF/ckpt/epoch_model_25_0.8205128205128205.pt: Copied (new)
2026/07/14 22:00:17 INFO  : MHC_zh/RAC_video_archive_seeds/RAC_lr0.0001_Bz64_Ep30_cosSim_triplet_drop[0.2, 0.4, 0.1]_topK20__PseudoGold_positive_1_hard_negative_1_seed2_hybrid_loss_openai_clip-vit-large-patch14-336_HF/ckpt/epoch_model_4_0.7307692307692307.pt: Copied (new)
2026/07/14 22:00:17 INFO  : MHC_zh/RAC_video_archive_seeds/RAC_lr0.0001_Bz64_Ep30_cosSim_triplet_drop[0.2, 0.4, 0.1]_topK20__PseudoGold_positive_1_hard_negative_1_seed2_hybrid_loss_openai_clip-vit-large-patch14-336_HF/ckpt/epoch_model_28_0.7948717948717948.pt: Copied (new)
2026/07/14 22:00:18 INFO  : MHC_zh/RAC_video_archive_seeds/RAC_lr0.0001_Bz64_Ep30_cosSim_triplet_drop[0.2, 0.4, 0.1]_topK20__PseudoGold_positive_1_hard_negative_1_seed2_hybrid_loss_openai_clip-vit-large-patch14-336_HF/ckpt/epoch_model_3_0.7435897435897436.pt: Copied (new)
2026/07/14 22:00:18 INFO  : MHC_zh/RAC_video_archive_seeds/RAC_lr0.0001_Bz64_Ep30_cosSim_triplet_drop[0.2, 0.4, 0.1]_topK20__PseudoGold_positive_1_hard_negative_1_seed2_hybrid_loss_openai_clip-vit-large-patch14-336_HF/ckpt/epoch_model_6_0.7435897435897436.pt: Copied (new)
2026/07/14 22:00:18 INFO  : MHC_zh/RAC_video_archive_seeds/RAC_lr0.0001_Bz64_Ep30_cosSim_triplet_drop[0.2, 0.4, 0.1]_topK20__PseudoGold_positive_1_hard_negative_1_seed2_hybrid_loss_openai_clip-vit-large-patch14-336_HF/ckpt/epoch_model_2_0.7435897435897436.pt: Copied (new)
2026/07/14 22:00:18 INFO  : MHC_zh/RAC_video_archive_seeds/RAC_lr0.0001_Bz64_Ep30_cosSim_triplet_drop[0.2, 0.4, 0.1]_topK20__PseudoGold_positive_1_hard_negative_1_seed2_hybrid_loss_openai_clip-vit-large-patch14-336_HF/ckpt/epoch_model_5_0.7564102564102564.pt: Copied (new)
2026/07/14 22:00:19 INFO  : MHC_zh/RAC_video_archive_seeds/RAC_lr0.0001_Bz64_Ep30_cosSim_triplet_drop[0.2, 0.4, 0.1]_topK20__PseudoGold_positive_1_hard_negative_1_seed2_hybrid_loss_openai_clip-vit-large-patch14-336_HF/ckpt/epoch_model_22_0.7435897435897436.pt: Copied (new)
2026/07/14 22:00:19 INFO  : MHC_zh/RAC_video_archive_seeds/RAC_lr0.0001_Bz64_Ep30_cosSim_triplet_drop[0.2, 0.4, 0.1]_topK20__PseudoGold_positive_1_hard_negative_1_seed2_hybrid_loss_openai_clip-vit-large-patch14-336_HF/ckpt/epoch_model_8_0.717948717948718.pt: Copied (new)
2026/07/14 22:00:19 INFO  : MHC_zh/RAC_video_archive_seeds/RAC_lr0.0001_Bz64_Ep30_cosSim_triplet_drop[0.2, 0.4, 0.1]_topK20__PseudoGold_positive_1_hard_negative_1_seed2_hybrid_loss_openai_clip-vit-large-patch14-336_HF/ckpt/epoch_model_9_0.7435897435897436.pt: Copied (new)
2026/07/14 22:00:20 INFO  : HateMM/RAC_tarc_g2rt/RAC_lr0.0001_Bz64_Ep30_cosSim_triplet_drop[0.2, 0.4, 0.1]_topK20__PseudoGold_positive_1_hard_negative_1_seed2_hybrid_loss_v3lt0.1_mllm_tarc-mllm_pred-lt0.1/ckpt/best_model_13_0.822429906542056.pt: Copied (new)
2026/07/14 22:00:20 INFO  : MHC_zh/RAC_video_archive_seeds/RAC_lr0.0001_Bz64_Ep30_cosSim_triplet_drop[0.2, 0.4, 0.1]_topK20__PseudoGold_positive_1_hard_negative_1_seed2_hybrid_loss_openai_clip-vit-large-patch14-336_HF/ckpt/epoch_model_7_0.7307692307692307.pt: Copied (new)
2026/07/14 22:00:20 INFO  : MHC_zh/RAC_video_archive_seeds/RAC_lr0.0001_Bz64_Ep30_cosSim_triplet_drop[0.2, 0.4, 0.1]_topK20__PseudoGold_positive_1_hard_negative_1_seed2_hybrid_loss_openai_clip-vit-large-patch14-336_HF/ckpt/last_model_29_0.7948717948717948.pt: Copied (new)
2026/07/14 22:00:20 INFO  : HateMM/RAC_tarc_g2rt/RAC_lr0.0001_Bz64_Ep30_cosSim_triplet_drop[0.2, 0.4, 0.1]_topK20__PseudoGold_positive_1_hard_negative_1_seed2_hybrid_loss_v3lt0.1_mllm_tarc-mllm_pred-lt0.1/ckpt/best_model_15_0.8411214953271028.pt: Copied (new)
2026/07/14 22:00:21 INFO  : HateMM/RAC_tarc_g2rt/RAC_lr0.0001_Bz64_Ep30_cosSim_triplet_drop[0.2, 0.4, 0.1]_topK20__PseudoGold_positive_1_hard_negative_1_seed2_hybrid_loss_v3lt0.1_mllm_tarc-mllm_pred-lt0.1/ckpt/best_model_22_0.8411214953271028.pt: Copied (new)
2026/07/14 22:00:21 INFO  : HateMM/RAC_tarc_g2rt/RAC_lr0.0001_Bz64_Ep30_cosSim_triplet_drop[0.2, 0.4, 0.1]_topK20__PseudoGold_positive_1_hard_negative_1_seed2_hybrid_loss_v3lt0.1_mllm_tarc-mllm_pred-lt0.1/ckpt/best_model_5_0.7757009345794392.pt: Copied (new)
2026/07/14 22:00:21 INFO  : HateMM/RAC_tarc_g2rt/RAC_lr0.0001_Bz64_Ep30_cosSim_triplet_drop[0.2, 0.4, 0.1]_topK20__PseudoGold_positive_1_hard_negative_1_seed2_hybrid_loss_v3lt0.1_mllm_tarc-mllm_pred-lt0.1/ckpt/best_model_25_0.8598130841121495.pt: Copied (new)
2026/07/14 22:00:22 INFO  : HateMM/RAC_tarc_g2rt/RAC_lr0.0001_Bz64_Ep30_cosSim_triplet_drop[0.2, 0.4, 0.1]_topK20__PseudoGold_positive_1_hard_negative_1_seed2_hybrid_loss_v3lt0.1_mllm_tarc-mllm_pred-lt0.1/ckpt/best_model_6_0.7850467289719626.pt: Copied (new)
2026/07/14 22:00:22 INFO  : HateMM/RAC_tarc_g2rt/RAC_lr0.0001_Bz64_Ep30_cosSim_triplet_drop[0.2, 0.4, 0.1]_topK20__PseudoGold_positive_1_hard_negative_1_seed2_hybrid_loss_v3lt0.1_mllm_tarc-mllm_pred-lt0.1/ckpt/epoch_model_0_0.7757009345794392.pt: Copied (new)
2026/07/14 22:00:22 INFO  : HateMM/RAC_tarc_g2rt/RAC_lr0.0001_Bz64_Ep30_cosSim_triplet_drop[0.2, 0.4, 0.1]_topK20__PseudoGold_positive_1_hard_negative_1_seed2_hybrid_loss_v3lt0.1_mllm_tarc-mllm_pred-lt0.1/ckpt/epoch_model_12_0.7850467289719626.pt: Copied (new)
2026/07/14 22:00:23 INFO  : HateMM/RAC_tarc_g2rt/RAC_lr0.0001_Bz64_Ep30_cosSim_triplet_drop[0.2, 0.4, 0.1]_topK20__PseudoGold_positive_1_hard_negative_1_seed2_hybrid_loss_v3lt0.1_mllm_tarc-mllm_pred-lt0.1/ckpt/epoch_model_13_0.822429906542056.pt: Copied (new)
2026/07/14 22:00:23 INFO  : HateMM/RAC_tarc_g2rt/RAC_lr0.0001_Bz64_Ep30_cosSim_triplet_drop[0.2, 0.4, 0.1]_topK20__PseudoGold_positive_1_hard_negative_1_seed2_hybrid_loss_v3lt0.1_mllm_tarc-mllm_pred-lt0.1/ckpt/epoch_model_10_0.7663551401869159.pt: Copied (new)
2026/07/14 22:00:23 INFO  : HateMM/RAC_tarc_g2rt/RAC_lr0.0001_Bz64_Ep30_cosSim_triplet_drop[0.2, 0.4, 0.1]_topK20__PseudoGold_positive_1_hard_negative_1_seed2_hybrid_loss_v3lt0.1_mllm_tarc-mllm_pred-lt0.1/ckpt/epoch_model_11_0.7663551401869159.pt: Copied (new)
2026/07/14 22:00:23 INFO  : HateMM/RAC_tarc_g2rt/RAC_lr0.0001_Bz64_Ep30_cosSim_triplet_drop[0.2, 0.4, 0.1]_topK20__PseudoGold_positive_1_hard_negative_1_seed2_hybrid_loss_v3lt0.1_mllm_tarc-mllm_pred-lt0.1/ckpt/epoch_model_15_0.8411214953271028.pt: Copied (new)
2026/07/14 22:00:24 INFO  : HateMM/RAC_tarc_g2rt/RAC_lr0.0001_Bz64_Ep30_cosSim_triplet_drop[0.2, 0.4, 0.1]_topK20__PseudoGold_positive_1_hard_negative_1_seed2_hybrid_loss_v3lt0.1_mllm_tarc-mllm_pred-lt0.1/ckpt/epoch_model_16_0.8130841121495327.pt: Copied (new)
2026/07/14 22:00:24 INFO  : HateMM/RAC_tarc_g2rt/RAC_lr0.0001_Bz64_Ep30_cosSim_triplet_drop[0.2, 0.4, 0.1]_topK20__PseudoGold_positive_1_hard_negative_1_seed2_hybrid_loss_v3lt0.1_mllm_tarc-mllm_pred-lt0.1/ckpt/epoch_model_14_0.8130841121495327.pt: Copied (new)
2026/07/14 22:00:24 INFO  : HateMM/RAC_tarc_g2rt/RAC_lr0.0001_Bz64_Ep30_cosSim_triplet_drop[0.2, 0.4, 0.1]_topK20__PseudoGold_positive_1_hard_negative_1_seed2_hybrid_loss_v3lt0.1_mllm_tarc-mllm_pred-lt0.1/ckpt/epoch_model_18_0.7850467289719626.pt: Copied (new)
2026/07/14 22:00:24 INFO  : HateMM/RAC_tarc_g2rt/RAC_lr0.0001_Bz64_Ep30_cosSim_triplet_drop[0.2, 0.4, 0.1]_topK20__PseudoGold_positive_1_hard_negative_1_seed2_hybrid_loss_v3lt0.1_mllm_tarc-mllm_pred-lt0.1/ckpt/epoch_model_17_0.794392523364486.pt: Copied (new)
2026/07/14 22:00:25 INFO  : HateMM/RAC_tarc_g2rt/RAC_lr0.0001_Bz64_Ep30_cosSim_triplet_drop[0.2, 0.4, 0.1]_topK20__PseudoGold_positive_1_hard_negative_1_seed2_hybrid_loss_v3lt0.1_mllm_tarc-mllm_pred-lt0.1/ckpt/epoch_model_23_0.8317757009345794.pt: Copied (new)
2026/07/14 22:00:25 INFO  : HateMM/RAC_tarc_g2rt/RAC_lr0.0001_Bz64_Ep30_cosSim_triplet_drop[0.2, 0.4, 0.1]_topK20__PseudoGold_positive_1_hard_negative_1_seed2_hybrid_loss_v3lt0.1_mllm_tarc-mllm_pred-lt0.1/ckpt/epoch_model_21_0.8317757009345794.pt: Copied (new)
2026/07/14 22:00:26 INFO  : HateMM/RAC_tarc_g2rt/RAC_lr0.0001_Bz64_Ep30_cosSim_triplet_drop[0.2, 0.4, 0.1]_topK20__PseudoGold_positive_1_hard_negative_1_seed2_hybrid_loss_v3lt0.1_mllm_tarc-mllm_pred-lt0.1/ckpt/epoch_model_19_0.794392523364486.pt: Copied (new)
2026/07/14 22:00:26 INFO  : HateMM/RAC_tarc_g2rt/RAC_lr0.0001_Bz64_Ep30_cosSim_triplet_drop[0.2, 0.4, 0.1]_topK20__PseudoGold_positive_1_hard_negative_1_seed2_hybrid_loss_v3lt0.1_mllm_tarc-mllm_pred-lt0.1/ckpt/epoch_model_22_0.8411214953271028.pt: Copied (new)
2026/07/14 22:00:26 INFO  : HateMM/RAC_tarc_g2rt/RAC_lr0.0001_Bz64_Ep30_cosSim_triplet_drop[0.2, 0.4, 0.1]_topK20__PseudoGold_positive_1_hard_negative_1_seed2_hybrid_loss_v3lt0.1_mllm_tarc-mllm_pred-lt0.1/ckpt/epoch_model_1_0.7663551401869159.pt: Copied (new)
2026/07/14 22:00:26 INFO  : HateMM/RAC_tarc_g2rt/RAC_lr0.0001_Bz64_Ep30_cosSim_triplet_drop[0.2, 0.4, 0.1]_topK20__PseudoGold_positive_1_hard_negative_1_seed2_hybrid_loss_v3lt0.1_mllm_tarc-mllm_pred-lt0.1/ckpt/epoch_model_24_0.8317757009345794.pt: Copied (new)
2026/07/14 22:00:26 INFO  : HateMM/RAC_tarc_g2rt/RAC_lr0.0001_Bz64_Ep30_cosSim_triplet_drop[0.2, 0.4, 0.1]_topK20__PseudoGold_positive_1_hard_negative_1_seed2_hybrid_loss_v3lt0.1_mllm_tarc-mllm_pred-lt0.1/ckpt/epoch_model_20_0.8130841121495327.pt: Copied (new)
2026/07/14 22:00:27 INFO  : HateMM/RAC_tarc_g2rt/RAC_lr0.0001_Bz64_Ep30_cosSim_triplet_drop[0.2, 0.4, 0.1]_topK20__PseudoGold_positive_1_hard_negative_1_seed2_hybrid_loss_v3lt0.1_mllm_tarc-mllm_pred-lt0.1/ckpt/epoch_model_26_0.8411214953271028.pt: Copied (new)
2026/07/14 22:00:27 INFO  : HateMM/RAC_tarc_g2rt/RAC_lr0.0001_Bz64_Ep30_cosSim_triplet_drop[0.2, 0.4, 0.1]_topK20__PseudoGold_positive_1_hard_negative_1_seed2_hybrid_loss_v3lt0.1_mllm_tarc-mllm_pred-lt0.1/ckpt/epoch_model_27_0.8317757009345794.pt: Copied (new)
2026/07/14 22:00:27 INFO  : HateMM/RAC_tarc_g2rt/RAC_lr0.0001_Bz64_Ep30_cosSim_triplet_drop[0.2, 0.4, 0.1]_topK20__PseudoGold_positive_1_hard_negative_1_seed2_hybrid_loss_v3lt0.1_mllm_tarc-mllm_pred-lt0.1/ckpt/epoch_model_25_0.8598130841121495.pt: Copied (new)
2026/07/14 22:00:28 INFO  : HateMM/RAC_tarc_g2rt/RAC_lr0.0001_Bz64_Ep30_cosSim_triplet_drop[0.2, 0.4, 0.1]_topK20__PseudoGold_positive_1_hard_negative_1_seed2_hybrid_loss_v3lt0.1_mllm_tarc-mllm_pred-lt0.1/ckpt/epoch_model_29_0.8317757009345794.pt: Copied (new)
2026/07/14 22:00:28 INFO  : HateMM/RAC_tarc_g2rt/RAC_lr0.0001_Bz64_Ep30_cosSim_triplet_drop[0.2, 0.4, 0.1]_topK20__PseudoGold_positive_1_hard_negative_1_seed2_hybrid_loss_v3lt0.1_mllm_tarc-mllm_pred-lt0.1/ckpt/epoch_model_3_0.7663551401869159.pt: Copied (new)
2026/07/14 22:00:28 INFO  : HateMM/RAC_tarc_g2rt/RAC_lr0.0001_Bz64_Ep30_cosSim_triplet_drop[0.2, 0.4, 0.1]_topK20__PseudoGold_positive_1_hard_negative_1_seed2_hybrid_loss_v3lt0.1_mllm_tarc-mllm_pred-lt0.1/ckpt/epoch_model_2_0.7757009345794392.pt: Copied (new)
2026/07/14 22:00:29 INFO  : HateMM/RAC_tarc_g2rt/RAC_lr0.0001_Bz64_Ep30_cosSim_triplet_drop[0.2, 0.4, 0.1]_topK20__PseudoGold_positive_1_hard_negative_1_seed2_hybrid_loss_v3lt0.1_mllm_tarc-mllm_pred-lt0.1/ckpt/epoch_model_28_0.8317757009345794.pt: Copied (new)
2026/07/14 22:00:29 INFO  : HateMM/RAC_tarc_g2rt/RAC_lr0.0001_Bz64_Ep30_cosSim_triplet_drop[0.2, 0.4, 0.1]_topK20__PseudoGold_positive_1_hard_negative_1_seed2_hybrid_loss_v3lt0.1_mllm_tarc-mllm_pred-lt0.1/ckpt/epoch_model_4_0.7757009345794392.pt: Copied (new)
2026/07/14 22:00:29 INFO  : HateMM/RAC_tarc_g2rt/RAC_lr0.0001_Bz64_Ep30_cosSim_triplet_drop[0.2, 0.4, 0.1]_topK20__PseudoGold_positive_1_hard_negative_1_seed2_hybrid_loss_v3lt0.1_mllm_tarc-mllm_pred-lt0.1/ckpt/epoch_model_5_0.7757009345794392.pt: Copied (new)
2026/07/14 22:00:30 INFO  : HateMM/RAC_tarc_g2rt/RAC_lr0.0001_Bz64_Ep30_cosSim_triplet_drop[0.2, 0.4, 0.1]_topK20__PseudoGold_positive_1_hard_negative_1_seed2_hybrid_loss_v3lt0.1_mllm_tarc-mllm_pred-lt0.1/ckpt/epoch_model_7_0.7757009345794392.pt: Copied (new)
2026/07/14 22:00:30 INFO  : HateMM/RAC_tarc_g2rt/RAC_lr0.0001_Bz64_Ep30_cosSim_triplet_drop[0.2, 0.4, 0.1]_topK20__PseudoGold_positive_1_hard_negative_1_seed2_hybrid_loss_v3lt0.1_mllm_tarc-mllm_pred-lt0.1/ckpt/epoch_model_9_0.7476635514018691.pt: Copied (new)
2026/07/14 22:00:30 INFO  : HateMM/RAC_tarc_g2rt/RAC_lr0.0001_Bz64_Ep30_cosSim_triplet_drop[0.2, 0.4, 0.1]_topK20__PseudoGold_positive_1_hard_negative_1_seed2_hybrid_loss_v3lt0.1_mllm_tarc-mllm_pred-lt0.1/ckpt/epoch_model_8_0.7476635514018691.pt: Copied (new)
2026/07/14 22:00:31 INFO  : HateMM/RAC_tarc_g2rt/RAC_lr0.0001_Bz64_Ep30_cosSim_triplet_drop[0.2, 0.4, 0.1]_topK20__PseudoGold_positive_1_hard_negative_1_seed2_hybrid_loss_v3lt0.1_mllm_tarc-mllm_pred-lt0.1/ckpt/last_model_29_0.8317757009345794.pt: Copied (new)
2026/07/14 22:00:32 INFO  : HateMM/RAC_tarc_g2rt/RAC_lr0.0001_Bz64_Ep30_cosSim_triplet_drop[0.2, 0.4, 0.1]_topK20__PseudoGold_positive_1_hard_negative_1_seed2_hybrid_loss_v3lt0.1_mllm_tarc-mllm_pred-lt0.1/ckpt/epoch_model_6_0.7850467289719626.pt: Copied (new)
2026/07/14 22:00:32 INFO  : MHC_zh/RAC_video_b3_lora/RAC_lr0.0001_Bz64_Ep30_cosSim_triplet_drop[0.2, 0.4, 0.1]_topK20__PseudoGold_positive_1_hard_negative_1_seed2_hybrid_loss_Qwen2.5-VL-7B-Instruct-LoRA_HF/ckpt/best_model_19_0.8717948717948718.pt: Copied (new)
2026/07/14 22:00:33 INFO  : MHC_zh/RAC_video_b3_lora/RAC_lr0.0001_Bz64_Ep30_cosSim_triplet_drop[0.2, 0.4, 0.1]_topK20__PseudoGold_positive_1_hard_negative_1_seed2_hybrid_loss_Qwen2.5-VL-7B-Instruct-LoRA_HF/ckpt/epoch_model_11_0.8333333333333334.pt: Copied (new)
2026/07/14 22:00:33 INFO  : MHC_zh/RAC_video_b3_lora/RAC_lr0.0001_Bz64_Ep30_cosSim_triplet_drop[0.2, 0.4, 0.1]_topK20__PseudoGold_positive_1_hard_negative_1_seed2_hybrid_loss_Qwen2.5-VL-7B-Instruct-LoRA_HF/ckpt/best_model_5_0.8589743589743589.pt: Copied (new)
2026/07/14 22:00:34 INFO  : 
Transferred:   	   24.533 GiB / 60.889 GiB, 40%, 63.776 MiB/s, ETA 9m43s
Checks:                 0 / 0, -, Listed 2905
Transferred:         1017 / 2277, 45%
Elapsed time:      6m59.9s
Transferring:
 * MHC_zh/RAC_video_b3_lo…_0.8589743589743589.pt:100% /40.028Mi, 8.006Mi/s, 0s
 * MHC_zh/RAC_video_b3_lo…_0.8205128205128205.pt: 84% /40.028Mi, 7.436Mi/s, 0s
 * MHC_zh/RAC_video_b3_lo…_0.8333333333333334.pt:100% /40.028Mi, 10.007Mi/s, 0s
 * MHC_zh/RAC_video_b3_lo…_0.8461538461538461.pt: 86% /40.028Mi, 9.072Mi/s, 0s
 * MHC_zh/RAC_video_b3_lo…_0.8461538461538461.pt: 91% /40.028Mi, 13.342Mi/s, 0s
 * MHC_zh/RAC_video_b3_lo…_0.8333333333333334.pt: 44% /40.028Mi, 13.338Mi/s, 1s
 * MHC_zh/RAC_video_b3_lo…_0.8589743589743589.pt: 33% /40.028Mi, 12.371Mi/s, 2s
 * MHC_zh/RAC_video_b3_lo…_0.8589743589743589.pt: 24% /40.028Mi, 0/s, -

2026/07/14 22:00:34 INFO  : MHC_zh/RAC_video_b3_lora/RAC_lr0.0001_Bz64_Ep30_cosSim_triplet_drop[0.2, 0.4, 0.1]_topK20__PseudoGold_positive_1_hard_negative_1_seed2_hybrid_loss_Qwen2.5-VL-7B-Instruct-LoRA_HF/ckpt/epoch_model_0_0.8589743589743589.pt: Copied (new)
2026/07/14 22:00:35 INFO  : MHC_zh/RAC_video_b3_lora/RAC_lr0.0001_Bz64_Ep30_cosSim_triplet_drop[0.2, 0.4, 0.1]_topK20__PseudoGold_positive_1_hard_negative_1_seed2_hybrid_loss_Qwen2.5-VL-7B-Instruct-LoRA_HF/ckpt/epoch_model_12_0.8333333333333334.pt: Copied (new)
2026/07/14 22:00:36 INFO  : MHC_zh/RAC_video_b3_lora/RAC_lr0.0001_Bz64_Ep30_cosSim_triplet_drop[0.2, 0.4, 0.1]_topK20__PseudoGold_positive_1_hard_negative_1_seed2_hybrid_loss_Qwen2.5-VL-7B-Instruct-LoRA_HF/ckpt/epoch_model_13_0.8461538461538461.pt: Copied (new)
2026/07/14 22:00:36 INFO  : MHC_zh/RAC_video_b3_lora/RAC_lr0.0001_Bz64_Ep30_cosSim_triplet_drop[0.2, 0.4, 0.1]_topK20__PseudoGold_positive_1_hard_negative_1_seed2_hybrid_loss_Qwen2.5-VL-7B-Instruct-LoRA_HF/ckpt/epoch_model_14_0.8461538461538461.pt: Copied (new)
2026/07/14 22:00:36 INFO  : MHC_zh/RAC_video_b3_lora/RAC_lr0.0001_Bz64_Ep30_cosSim_triplet_drop[0.2, 0.4, 0.1]_topK20__PseudoGold_positive_1_hard_negative_1_seed2_hybrid_loss_Qwen2.5-VL-7B-Instruct-LoRA_HF/ckpt/epoch_model_10_0.8205128205128205.pt: Copied (new)
2026/07/14 22:00:37 INFO  : MHC_zh/RAC_video_b3_lora/RAC_lr0.0001_Bz64_Ep30_cosSim_triplet_drop[0.2, 0.4, 0.1]_topK20__PseudoGold_positive_1_hard_negative_1_seed2_hybrid_loss_Qwen2.5-VL-7B-Instruct-LoRA_HF/ckpt/epoch_model_16_0.8589743589743589.pt: Copied (new)
2026/07/14 22:00:38 INFO  : MHC_zh/RAC_video_b3_lora/RAC_lr0.0001_Bz64_Ep30_cosSim_triplet_drop[0.2, 0.4, 0.1]_topK20__PseudoGold_positive_1_hard_negative_1_seed2_hybrid_loss_Qwen2.5-VL-7B-Instruct-LoRA_HF/ckpt/epoch_model_18_0.8589743589743589.pt: Copied (new)
2026/07/14 22:00:38 INFO  : MHC_zh/RAC_video_b3_lora/RAC_lr0.0001_Bz64_Ep30_cosSim_triplet_drop[0.2, 0.4, 0.1]_topK20__PseudoGold_positive_1_hard_negative_1_seed2_hybrid_loss_Qwen2.5-VL-7B-Instruct-LoRA_HF/ckpt/epoch_model_17_0.8589743589743589.pt: Copied (new)
2026/07/14 22:00:39 INFO  : MHC_zh/RAC_video_b3_lora/RAC_lr0.0001_Bz64_Ep30_cosSim_triplet_drop[0.2, 0.4, 0.1]_topK20__PseudoGold_positive_1_hard_negative_1_seed2_hybrid_loss_Qwen2.5-VL-7B-Instruct-LoRA_HF/ckpt/epoch_model_19_0.8717948717948718.pt: Copied (new)
2026/07/14 22:00:40 INFO  : MHC_zh/RAC_video_b3_lora/RAC_lr0.0001_Bz64_Ep30_cosSim_triplet_drop[0.2, 0.4, 0.1]_topK20__PseudoGold_positive_1_hard_negative_1_seed2_hybrid_loss_Qwen2.5-VL-7B-Instruct-LoRA_HF/ckpt/epoch_model_15_0.8333333333333334.pt: Copied (new)
2026/07/14 22:00:40 INFO  : MHC_zh/RAC_video_b3_lora/RAC_lr0.0001_Bz64_Ep30_cosSim_triplet_drop[0.2, 0.4, 0.1]_topK20__PseudoGold_positive_1_hard_negative_1_seed2_hybrid_loss_Qwen2.5-VL-7B-Instruct-LoRA_HF/ckpt/epoch_model_20_0.8589743589743589.pt: Copied (new)
2026/07/14 22:00:40 INFO  : MHC_zh/RAC_video_b3_lora/RAC_lr0.0001_Bz64_Ep30_cosSim_triplet_drop[0.2, 0.4, 0.1]_topK20__PseudoGold_positive_1_hard_negative_1_seed2_hybrid_loss_Qwen2.5-VL-7B-Instruct-LoRA_HF/ckpt/epoch_model_1_0.8076923076923077.pt: Copied (new)
2026/07/14 22:00:42 INFO  : MHC_zh/RAC_video_b3_lora/RAC_lr0.0001_Bz64_Ep30_cosSim_triplet_drop[0.2, 0.4, 0.1]_topK20__PseudoGold_positive_1_hard_negative_1_seed2_hybrid_loss_Qwen2.5-VL-7B-Instruct-LoRA_HF/ckpt/epoch_model_23_0.8333333333333334.pt: Copied (new)
2026/07/14 22:00:42 INFO  : MHC_zh/RAC_video_b3_lora/RAC_lr0.0001_Bz64_Ep30_cosSim_triplet_drop[0.2, 0.4, 0.1]_topK20__PseudoGold_positive_1_hard_negative_1_seed2_hybrid_loss_Qwen2.5-VL-7B-Instruct-LoRA_HF/ckpt/epoch_model_22_0.8333333333333334.pt: Copied (new)
2026/07/14 22:00:43 INFO  : MHC_zh/RAC_video_b3_lora/RAC_lr0.0001_Bz64_Ep30_cosSim_triplet_drop[0.2, 0.4, 0.1]_topK20__PseudoGold_positive_1_hard_negative_1_seed2_hybrid_loss_Qwen2.5-VL-7B-Instruct-LoRA_HF/ckpt/epoch_model_21_0.8589743589743589.pt: Copied (new)
2026/07/14 22:00:43 INFO  : MHC_zh/RAC_video_b3_lora/RAC_lr0.0001_Bz64_Ep30_cosSim_triplet_drop[0.2, 0.4, 0.1]_topK20__PseudoGold_positive_1_hard_negative_1_seed2_hybrid_loss_Qwen2.5-VL-7B-Instruct-LoRA_HF/ckpt/epoch_model_25_0.8333333333333334.pt: Copied (new)
2026/07/14 22:00:44 INFO  : MHC_zh/RAC_video_b3_lora/RAC_lr0.0001_Bz64_Ep30_cosSim_triplet_drop[0.2, 0.4, 0.1]_topK20__PseudoGold_positive_1_hard_negative_1_seed2_hybrid_loss_Qwen2.5-VL-7B-Instruct-LoRA_HF/ckpt/epoch_model_27_0.8333333333333334.pt: Copied (new)
2026/07/14 22:00:44 INFO  : MHC_zh/RAC_video_b3_lora/RAC_lr0.0001_Bz64_Ep30_cosSim_triplet_drop[0.2, 0.4, 0.1]_topK20__PseudoGold_positive_1_hard_negative_1_seed2_hybrid_loss_Qwen2.5-VL-7B-Instruct-LoRA_HF/ckpt/epoch_model_24_0.8333333333333334.pt: Copied (new)
2026/07/14 22:00:45 INFO  : MHC_zh/RAC_video_b3_lora/RAC_lr0.0001_Bz64_Ep30_cosSim_triplet_drop[0.2, 0.4, 0.1]_topK20__PseudoGold_positive_1_hard_negative_1_seed2_hybrid_loss_Qwen2.5-VL-7B-Instruct-LoRA_HF/ckpt/epoch_model_26_0.8333333333333334.pt: Copied (new)
2026/07/14 22:00:46 INFO  : MHC_zh/RAC_video_b3_lora/RAC_lr0.0001_Bz64_Ep30_cosSim_triplet_drop[0.2, 0.4, 0.1]_topK20__PseudoGold_positive_1_hard_negative_1_seed2_hybrid_loss_Qwen2.5-VL-7B-Instruct-LoRA_HF/ckpt/epoch_model_29_0.8461538461538461.pt: Copied (new)
2026/07/14 22:00:47 INFO  : MHC_zh/RAC_video_b3_lora/RAC_lr0.0001_Bz64_Ep30_cosSim_triplet_drop[0.2, 0.4, 0.1]_topK20__PseudoGold_positive_1_hard_negative_1_seed2_hybrid_loss_Qwen2.5-VL-7B-Instruct-LoRA_HF/ckpt/epoch_model_4_0.8461538461538461.pt: Copied (new)
2026/07/14 22:00:47 INFO  : MHC_zh/RAC_video_b3_lora/RAC_lr0.0001_Bz64_Ep30_cosSim_triplet_drop[0.2, 0.4, 0.1]_topK20__PseudoGold_positive_1_hard_negative_1_seed2_hybrid_loss_Qwen2.5-VL-7B-Instruct-LoRA_HF/ckpt/epoch_model_28_0.8461538461538461.pt: Copied (new)
2026/07/14 22:00:47 INFO  : MHC_zh/RAC_video_b3_lora/RAC_lr0.0001_Bz64_Ep30_cosSim_triplet_drop[0.2, 0.4, 0.1]_topK20__PseudoGold_positive_1_hard_negative_1_seed2_hybrid_loss_Qwen2.5-VL-7B-Instruct-LoRA_HF/ckpt/epoch_model_5_0.8589743589743589.pt: Copied (new)
2026/07/14 22:00:49 INFO  : MHC_zh/RAC_video_b3_lora/RAC_lr0.0001_Bz64_Ep30_cosSim_triplet_drop[0.2, 0.4, 0.1]_topK20__PseudoGold_positive_1_hard_negative_1_seed2_hybrid_loss_Qwen2.5-VL-7B-Instruct-LoRA_HF/ckpt/epoch_model_6_0.8205128205128205.pt: Copied (new)
2026/07/14 22:00:49 INFO  : MHC_zh/RAC_video_b3_lora/RAC_lr0.0001_Bz64_Ep30_cosSim_triplet_drop[0.2, 0.4, 0.1]_topK20__PseudoGold_positive_1_hard_negative_1_seed2_hybrid_loss_Qwen2.5-VL-7B-Instruct-LoRA_HF/ckpt/epoch_model_3_0.8717948717948718.pt: Copied (new)
2026/07/14 22:00:49 INFO  : MHC_zh/RAC_video_b3_lora/RAC_lr0.0001_Bz64_Ep30_cosSim_triplet_drop[0.2, 0.4, 0.1]_topK20__PseudoGold_positive_1_hard_negative_1_seed2_hybrid_loss_Qwen2.5-VL-7B-Instruct-LoRA_HF/ckpt/epoch_model_2_0.8333333333333334.pt: Copied (new)
2026/07/14 22:00:50 INFO  : HateMM/RAC_tarc_g2rt/RAC_lr0.0001_Bz64_Ep30_cosSim_triplet_drop[0.2, 0.4, 0.1]_topK20__PseudoGold_positive_1_hard_negative_1_seed0_hybrid_loss_v3lt0.1_mllm_tarc-mllm_pred-lt0.1/ckpt/best_model_10_0.794392523364486.pt: Copied (new)
2026/07/14 22:00:50 INFO  : MHC_zh/RAC_video_b3_lora/RAC_lr0.0001_Bz64_Ep30_cosSim_triplet_drop[0.2, 0.4, 0.1]_topK20__PseudoGold_positive_1_hard_negative_1_seed2_hybrid_loss_Qwen2.5-VL-7B-Instruct-LoRA_HF/ckpt/epoch_model_8_0.8589743589743589.pt: Copied (new)
2026/07/14 22:00:51 INFO  : MHC_zh/RAC_video_b3_lora/RAC_lr0.0001_Bz64_Ep30_cosSim_triplet_drop[0.2, 0.4, 0.1]_topK20__PseudoGold_positive_1_hard_negative_1_seed2_hybrid_loss_Qwen2.5-VL-7B-Instruct-LoRA_HF/ckpt/epoch_model_7_0.8589743589743589.pt: Copied (new)
2026/07/14 22:00:51 INFO  : HateMM/RAC_tarc_g2rt/RAC_lr0.0001_Bz64_Ep30_cosSim_triplet_drop[0.2, 0.4, 0.1]_topK20__PseudoGold_positive_1_hard_negative_1_seed0_hybrid_loss_v3lt0.1_mllm_tarc-mllm_pred-lt0.1/ckpt/best_model_12_0.8037383177570093.pt: Copied (new)
2026/07/14 22:00:51 INFO  : HateMM/RAC_tarc_g2rt/RAC_lr0.0001_Bz64_Ep30_cosSim_triplet_drop[0.2, 0.4, 0.1]_topK20__PseudoGold_positive_1_hard_negative_1_seed0_hybrid_loss_v3lt0.1_mllm_tarc-mllm_pred-lt0.1/ckpt/best_model_16_0.8130841121495327.pt: Copied (new)
2026/07/14 22:00:51 INFO  : HateMM/RAC_tarc_g2rt/RAC_lr0.0001_Bz64_Ep30_cosSim_triplet_drop[0.2, 0.4, 0.1]_topK20__PseudoGold_positive_1_hard_negative_1_seed0_hybrid_loss_v3lt0.1_mllm_tarc-mllm_pred-lt0.1/ckpt/best_model_25_0.8504672897196262.pt: Copied (new)
2026/07/14 22:00:52 INFO  : MHC_zh/RAC_video_b3_lora/RAC_lr0.0001_Bz64_Ep30_cosSim_triplet_drop[0.2, 0.4, 0.1]_topK20__PseudoGold_positive_1_hard_negative_1_seed2_hybrid_loss_Qwen2.5-VL-7B-Instruct-LoRA_HF/ckpt/epoch_model_9_0.8461538461538461.pt: Copied (new)
2026/07/14 22:00:52 INFO  : HateMM/RAC_tarc_g2rt/RAC_lr0.0001_Bz64_Ep30_cosSim_triplet_drop[0.2, 0.4, 0.1]_topK20__PseudoGold_positive_1_hard_negative_1_seed0_hybrid_loss_v3lt0.1_mllm_tarc-mllm_pred-lt0.1/ckpt/best_model_23_0.822429906542056.pt: Copied (new)
2026/07/14 22:00:52 INFO  : HateMM/RAC_tarc_g2rt/RAC_lr0.0001_Bz64_Ep30_cosSim_triplet_drop[0.2, 0.4, 0.1]_topK20__PseudoGold_positive_1_hard_negative_1_seed0_hybrid_loss_v3lt0.1_mllm_tarc-mllm_pred-lt0.1/ckpt/best_model_22_0.8130841121495327.pt: Copied (new)
2026/07/14 22:00:52 INFO  : MHC_zh/RAC_video_b3_lora/RAC_lr0.0001_Bz64_Ep30_cosSim_triplet_drop[0.2, 0.4, 0.1]_topK20__PseudoGold_positive_1_hard_negative_1_seed2_hybrid_loss_Qwen2.5-VL-7B-Instruct-LoRA_HF/ckpt/last_model_29_0.8461538461538461.pt: Copied (new)
2026/07/14 22:00:53 INFO  : HateMM/RAC_tarc_g2rt/RAC_lr0.0001_Bz64_Ep30_cosSim_triplet_drop[0.2, 0.4, 0.1]_topK20__PseudoGold_positive_1_hard_negative_1_seed0_hybrid_loss_v3lt0.1_mllm_tarc-mllm_pred-lt0.1/ckpt/best_model_26_0.8598130841121495.pt: Copied (new)
2026/07/14 22:00:53 INFO  : HateMM/RAC_tarc_g2rt/RAC_lr0.0001_Bz64_Ep30_cosSim_triplet_drop[0.2, 0.4, 0.1]_topK20__PseudoGold_positive_1_hard_negative_1_seed0_hybrid_loss_v3lt0.1_mllm_tarc-mllm_pred-lt0.1/ckpt/epoch_model_10_0.794392523364486.pt: Copied (new)
2026/07/14 22:00:53 INFO  : HateMM/RAC_tarc_g2rt/RAC_lr0.0001_Bz64_Ep30_cosSim_triplet_drop[0.2, 0.4, 0.1]_topK20__PseudoGold_positive_1_hard_negative_1_seed0_hybrid_loss_v3lt0.1_mllm_tarc-mllm_pred-lt0.1/ckpt/best_model_5_0.7757009345794392.pt: Copied (new)
2026/07/14 22:00:53 INFO  : HateMM/RAC_tarc_g2rt/RAC_lr0.0001_Bz64_Ep30_cosSim_triplet_drop[0.2, 0.4, 0.1]_topK20__PseudoGold_positive_1_hard_negative_1_seed0_hybrid_loss_v3lt0.1_mllm_tarc-mllm_pred-lt0.1/ckpt/epoch_model_0_0.7757009345794392.pt: Copied (new)
2026/07/14 22:00:54 INFO  : HateMM/RAC_tarc_g2rt/RAC_lr0.0001_Bz64_Ep30_cosSim_triplet_drop[0.2, 0.4, 0.1]_topK20__PseudoGold_positive_1_hard_negative_1_seed0_hybrid_loss_v3lt0.1_mllm_tarc-mllm_pred-lt0.1/ckpt/epoch_model_11_0.7850467289719626.pt: Copied (new)
2026/07/14 22:00:55 INFO  : HateMM/RAC_tarc_g2rt/RAC_lr0.0001_Bz64_Ep30_cosSim_triplet_drop[0.2, 0.4, 0.1]_topK20__PseudoGold_positive_1_hard_negative_1_seed0_hybrid_loss_v3lt0.1_mllm_tarc-mllm_pred-lt0.1/ckpt/epoch_model_16_0.8130841121495327.pt: Copied (new)
2026/07/14 22:00:55 INFO  : HateMM/RAC_tarc_g2rt/RAC_lr0.0001_Bz64_Ep30_cosSim_triplet_drop[0.2, 0.4, 0.1]_topK20__PseudoGold_positive_1_hard_negative_1_seed0_hybrid_loss_v3lt0.1_mllm_tarc-mllm_pred-lt0.1/ckpt/epoch_model_13_0.7757009345794392.pt: Copied (new)
2026/07/14 22:00:55 INFO  : HateMM/RAC_tarc_g2rt/RAC_lr0.0001_Bz64_Ep30_cosSim_triplet_drop[0.2, 0.4, 0.1]_topK20__PseudoGold_positive_1_hard_negative_1_seed0_hybrid_loss_v3lt0.1_mllm_tarc-mllm_pred-lt0.1/ckpt/epoch_model_12_0.8037383177570093.pt: Copied (new)
2026/07/14 22:00:56 INFO  : HateMM/RAC_tarc_g2rt/RAC_lr0.0001_Bz64_Ep30_cosSim_triplet_drop[0.2, 0.4, 0.1]_topK20__PseudoGold_positive_1_hard_negative_1_seed0_hybrid_loss_v3lt0.1_mllm_tarc-mllm_pred-lt0.1/ckpt/epoch_model_14_0.7757009345794392.pt: Copied (new)
2026/07/14 22:00:56 INFO  : HateMM/RAC_tarc_g2rt/RAC_lr0.0001_Bz64_Ep30_cosSim_triplet_drop[0.2, 0.4, 0.1]_topK20__PseudoGold_positive_1_hard_negative_1_seed0_hybrid_loss_v3lt0.1_mllm_tarc-mllm_pred-lt0.1/ckpt/epoch_model_17_0.794392523364486.pt: Copied (new)
2026/07/14 22:00:56 INFO  : HateMM/RAC_tarc_g2rt/RAC_lr0.0001_Bz64_Ep30_cosSim_triplet_drop[0.2, 0.4, 0.1]_topK20__PseudoGold_positive_1_hard_negative_1_seed0_hybrid_loss_v3lt0.1_mllm_tarc-mllm_pred-lt0.1/ckpt/epoch_model_18_0.7757009345794392.pt: Copied (new)
2026/07/14 22:00:57 INFO  : HateMM/RAC_tarc_g2rt/RAC_lr0.0001_Bz64_Ep30_cosSim_triplet_drop[0.2, 0.4, 0.1]_topK20__PseudoGold_positive_1_hard_negative_1_seed0_hybrid_loss_v3lt0.1_mllm_tarc-mllm_pred-lt0.1/ckpt/epoch_model_19_0.8037383177570093.pt: Copied (new)
2026/07/14 22:00:57 INFO  : HateMM/RAC_tarc_g2rt/RAC_lr0.0001_Bz64_Ep30_cosSim_triplet_drop[0.2, 0.4, 0.1]_topK20__PseudoGold_positive_1_hard_negative_1_seed0_hybrid_loss_v3lt0.1_mllm_tarc-mllm_pred-lt0.1/ckpt/epoch_model_1_0.7570093457943925.pt: Copied (new)
2026/07/14 22:00:58 INFO  : HateMM/RAC_tarc_g2rt/RAC_lr0.0001_Bz64_Ep30_cosSim_triplet_drop[0.2, 0.4, 0.1]_topK20__PseudoGold_positive_1_hard_negative_1_seed0_hybrid_loss_v3lt0.1_mllm_tarc-mllm_pred-lt0.1/ckpt/epoch_model_15_0.7757009345794392.pt: Copied (new)
2026/07/14 22:00:58 INFO  : HateMM/RAC_tarc_g2rt/RAC_lr0.0001_Bz64_Ep30_cosSim_triplet_drop[0.2, 0.4, 0.1]_topK20__PseudoGold_positive_1_hard_negative_1_seed0_hybrid_loss_v3lt0.1_mllm_tarc-mllm_pred-lt0.1/ckpt/epoch_model_20_0.794392523364486.pt: Copied (new)
2026/07/14 22:00:58 INFO  : HateMM/RAC_tarc_g2rt/RAC_lr0.0001_Bz64_Ep30_cosSim_triplet_drop[0.2, 0.4, 0.1]_topK20__PseudoGold_positive_1_hard_negative_1_seed0_hybrid_loss_v3lt0.1_mllm_tarc-mllm_pred-lt0.1/ckpt/epoch_model_22_0.8130841121495327.pt: Copied (new)
2026/07/14 22:00:58 INFO  : HateMM/RAC_tarc_g2rt/RAC_lr0.0001_Bz64_Ep30_cosSim_triplet_drop[0.2, 0.4, 0.1]_topK20__PseudoGold_positive_1_hard_negative_1_seed0_hybrid_loss_v3lt0.1_mllm_tarc-mllm_pred-lt0.1/ckpt/epoch_model_26_0.8598130841121495.pt: Copied (new)
2026/07/14 22:00:59 INFO  : HateMM/RAC_tarc_g2rt/RAC_lr0.0001_Bz64_Ep30_cosSim_triplet_drop[0.2, 0.4, 0.1]_topK20__PseudoGold_positive_1_hard_negative_1_seed0_hybrid_loss_v3lt0.1_mllm_tarc-mllm_pred-lt0.1/ckpt/epoch_model_24_0.8130841121495327.pt: Copied (new)
2026/07/14 22:00:59 INFO  : HateMM/RAC_tarc_g2rt/RAC_lr0.0001_Bz64_Ep30_cosSim_triplet_drop[0.2, 0.4, 0.1]_topK20__PseudoGold_positive_1_hard_negative_1_seed0_hybrid_loss_v3lt0.1_mllm_tarc-mllm_pred-lt0.1/ckpt/epoch_model_23_0.822429906542056.pt: Copied (new)
2026/07/14 22:00:59 INFO  : HateMM/RAC_tarc_g2rt/RAC_lr0.0001_Bz64_Ep30_cosSim_triplet_drop[0.2, 0.4, 0.1]_topK20__PseudoGold_positive_1_hard_negative_1_seed0_hybrid_loss_v3lt0.1_mllm_tarc-mllm_pred-lt0.1/ckpt/epoch_model_25_0.8504672897196262.pt: Copied (new)
2026/07/14 22:01:00 INFO  : HateMM/RAC_tarc_g2rt/RAC_lr0.0001_Bz64_Ep30_cosSim_triplet_drop[0.2, 0.4, 0.1]_topK20__PseudoGold_positive_1_hard_negative_1_seed0_hybrid_loss_v3lt0.1_mllm_tarc-mllm_pred-lt0.1/ckpt/epoch_model_27_0.8130841121495327.pt: Copied (new)
2026/07/14 22:01:00 INFO  : HateMM/RAC_tarc_g2rt/RAC_lr0.0001_Bz64_Ep30_cosSim_triplet_drop[0.2, 0.4, 0.1]_topK20__PseudoGold_positive_1_hard_negative_1_seed0_hybrid_loss_v3lt0.1_mllm_tarc-mllm_pred-lt0.1/ckpt/epoch_model_2_0.794392523364486.pt: Copied (new)
2026/07/14 22:01:01 INFO  : HateMM/RAC_tarc_g2rt/RAC_lr0.0001_Bz64_Ep30_cosSim_triplet_drop[0.2, 0.4, 0.1]_topK20__PseudoGold_positive_1_hard_negative_1_seed0_hybrid_loss_v3lt0.1_mllm_tarc-mllm_pred-lt0.1/ckpt/epoch_model_5_0.7757009345794392.pt: Copied (new)
2026/07/14 22:01:01 INFO  : HateMM/RAC_tarc_g2rt/RAC_lr0.0001_Bz64_Ep30_cosSim_triplet_drop[0.2, 0.4, 0.1]_topK20__PseudoGold_positive_1_hard_negative_1_seed0_hybrid_loss_v3lt0.1_mllm_tarc-mllm_pred-lt0.1/ckpt/epoch_model_3_0.7850467289719626.pt: Copied (new)
2026/07/14 22:01:01 INFO  : HateMM/RAC_tarc_g2rt/RAC_lr0.0001_Bz64_Ep30_cosSim_triplet_drop[0.2, 0.4, 0.1]_topK20__PseudoGold_positive_1_hard_negative_1_seed0_hybrid_loss_v3lt0.1_mllm_tarc-mllm_pred-lt0.1/ckpt/epoch_model_28_0.8317757009345794.pt: Copied (new)
2026/07/14 22:01:01 INFO  : HateMM/RAC_tarc_g2rt/RAC_lr0.0001_Bz64_Ep30_cosSim_triplet_drop[0.2, 0.4, 0.1]_topK20__PseudoGold_positive_1_hard_negative_1_seed0_hybrid_loss_v3lt0.1_mllm_tarc-mllm_pred-lt0.1/ckpt/epoch_model_4_0.8037383177570093.pt: Copied (new)
2026/07/14 22:01:02 INFO  : HateMM/RAC_tarc_g2rt/RAC_lr0.0001_Bz64_Ep30_cosSim_triplet_drop[0.2, 0.4, 0.1]_topK20__PseudoGold_positive_1_hard_negative_1_seed0_hybrid_loss_v3lt0.1_mllm_tarc-mllm_pred-lt0.1/ckpt/epoch_model_7_0.7663551401869159.pt: Copied (new)
2026/07/14 22:01:02 INFO  : HateMM/RAC_tarc_g2rt/RAC_lr0.0001_Bz64_Ep30_cosSim_triplet_drop[0.2, 0.4, 0.1]_topK20__PseudoGold_positive_1_hard_negative_1_seed0_hybrid_loss_v3lt0.1_mllm_tarc-mllm_pred-lt0.1/ckpt/epoch_model_6_0.7663551401869159.pt: Copied (new)
2026/07/14 22:01:02 INFO  : HateMM/RAC_tarc_g2rt/RAC_lr0.0001_Bz64_Ep30_cosSim_triplet_drop[0.2, 0.4, 0.1]_topK20__PseudoGold_positive_1_hard_negative_1_seed0_hybrid_loss_v3lt0.1_mllm_tarc-mllm_pred-lt0.1/ckpt/epoch_model_29_0.794392523364486.pt: Copied (new)
2026/07/14 22:01:03 INFO  : HateMM/RAC_tarc_g2rt/RAC_lr0.0001_Bz64_Ep30_cosSim_triplet_drop[0.2, 0.4, 0.1]_topK20__PseudoGold_positive_1_hard_negative_1_seed0_hybrid_loss_v3lt0.1_mllm_tarc-mllm_pred-lt0.1/ckpt/epoch_model_8_0.7757009345794392.pt: Copied (new)
2026/07/14 22:01:04 INFO  : HateMM/RAC_tarc_g2rt/RAC_lr0.0001_Bz64_Ep30_cosSim_triplet_drop[0.2, 0.4, 0.1]_topK20__PseudoGold_positive_1_hard_negative_1_seed0_hybrid_loss_v3lt0.1_mllm_tarc-mllm_pred-lt0.1/ckpt/epoch_model_9_0.7757009345794392.pt: Copied (new)
2026/07/14 22:01:04 INFO  : HateMM/RAC_tarc_g1/RAC_lr0.0001_Bz64_Ep30_cosSim_triplet_drop[0.2, 0.4, 0.1]_topK20__PseudoGold_positive_1_hard_negative_1_seed0_hybrid_loss_off/ckpt/best_model_20_0.8130841121495327.pt: Copied (new)
2026/07/14 22:01:04 INFO  : HateMM/RAC_tarc_g2rt/RAC_lr0.0001_Bz64_Ep30_cosSim_triplet_drop[0.2, 0.4, 0.1]_topK20__PseudoGold_positive_1_hard_negative_1_seed0_hybrid_loss_v3lt0.1_mllm_tarc-mllm_pred-lt0.1/ckpt/last_model_29_0.794392523364486.pt: Copied (new)
2026/07/14 22:01:04 INFO  : HateMM/RAC_tarc_g1/RAC_lr0.0001_Bz64_Ep30_cosSim_triplet_drop[0.2, 0.4, 0.1]_topK20__PseudoGold_positive_1_hard_negative_1_seed0_hybrid_loss_off/ckpt/best_model_21_0.8317757009345794.pt: Copied (new)
2026/07/14 22:01:04 INFO  : HateMM/RAC_tarc_g2rt/RAC_lr0.0001_Bz64_Ep30_cosSim_triplet_drop[0.2, 0.4, 0.1]_topK20__PseudoGold_positive_1_hard_negative_1_seed0_hybrid_loss_v3lt0.1_mllm_tarc-mllm_pred-lt0.1/ckpt/epoch_model_21_0.7757009345794392.pt: Copied (new)
2026/07/14 22:01:05 INFO  : HateMM/RAC_tarc_g1/RAC_lr0.0001_Bz64_Ep30_cosSim_triplet_drop[0.2, 0.4, 0.1]_topK20__PseudoGold_positive_1_hard_negative_1_seed0_hybrid_loss_off/ckpt/best_model_24_0.8411214953271028.pt: Copied (new)
2026/07/14 22:01:06 INFO  : HateMM/RAC_tarc_g1/RAC_lr0.0001_Bz64_Ep30_cosSim_triplet_drop[0.2, 0.4, 0.1]_topK20__PseudoGold_positive_1_hard_negative_1_seed0_hybrid_loss_off/ckpt/epoch_model_0_0.7476635514018691.pt: Copied (new)
2026/07/14 22:01:06 INFO  : HateMM/RAC_tarc_g1/RAC_lr0.0001_Bz64_Ep30_cosSim_triplet_drop[0.2, 0.4, 0.1]_topK20__PseudoGold_positive_1_hard_negative_1_seed0_hybrid_loss_off/ckpt/epoch_model_10_0.794392523364486.pt: Copied (new)
2026/07/14 22:01:06 INFO  : HateMM/RAC_tarc_g1/RAC_lr0.0001_Bz64_Ep30_cosSim_triplet_drop[0.2, 0.4, 0.1]_topK20__PseudoGold_positive_1_hard_negative_1_seed0_hybrid_loss_off/ckpt/best_model_5_0.7757009345794392.pt: Copied (new)
2026/07/14 22:01:06 INFO  : HateMM/RAC_tarc_g1/RAC_lr0.0001_Bz64_Ep30_cosSim_triplet_drop[0.2, 0.4, 0.1]_topK20__PseudoGold_positive_1_hard_negative_1_seed0_hybrid_loss_off/ckpt/best_model_6_0.8037383177570093.pt: Copied (new)
2026/07/14 22:01:06 INFO  : HateMM/RAC_tarc_g1/RAC_lr0.0001_Bz64_Ep30_cosSim_triplet_drop[0.2, 0.4, 0.1]_topK20__PseudoGold_positive_1_hard_negative_1_seed0_hybrid_loss_off/ckpt/best_model_7_0.8037383177570093.pt: Copied (new)
2026/07/14 22:01:06 INFO  : HateMM/RAC_tarc_g1/RAC_lr0.0001_Bz64_Ep30_cosSim_triplet_drop[0.2, 0.4, 0.1]_topK20__PseudoGold_positive_1_hard_negative_1_seed0_hybrid_loss_off/ckpt/best_model_9_0.8130841121495327.pt: Copied (new)
2026/07/14 22:01:08 INFO  : HateMM/RAC_tarc_g1/RAC_lr0.0001_Bz64_Ep30_cosSim_triplet_drop[0.2, 0.4, 0.1]_topK20__PseudoGold_positive_1_hard_negative_1_seed0_hybrid_loss_off/ckpt/epoch_model_12_0.7850467289719626.pt: Copied (new)
2026/07/14 22:01:08 INFO  : HateMM/RAC_tarc_g1/RAC_lr0.0001_Bz64_Ep30_cosSim_triplet_drop[0.2, 0.4, 0.1]_topK20__PseudoGold_positive_1_hard_negative_1_seed0_hybrid_loss_off/ckpt/epoch_model_13_0.794392523364486.pt: Copied (new)
2026/07/14 22:01:08 INFO  : HateMM/RAC_tarc_g1/RAC_lr0.0001_Bz64_Ep30_cosSim_triplet_drop[0.2, 0.4, 0.1]_topK20__PseudoGold_positive_1_hard_negative_1_seed0_hybrid_loss_off/ckpt/epoch_model_11_0.7757009345794392.pt: Copied (new)
2026/07/14 22:01:08 INFO  : HateMM/RAC_tarc_g1/RAC_lr0.0001_Bz64_Ep30_cosSim_triplet_drop[0.2, 0.4, 0.1]_topK20__PseudoGold_positive_1_hard_negative_1_seed0_hybrid_loss_off/ckpt/epoch_model_14_0.7757009345794392.pt: Copied (new)
2026/07/14 22:01:09 INFO  : HateMM/RAC_tarc_g1/RAC_lr0.0001_Bz64_Ep30_cosSim_triplet_drop[0.2, 0.4, 0.1]_topK20__PseudoGold_positive_1_hard_negative_1_seed0_hybrid_loss_off/ckpt/epoch_model_15_0.7850467289719626.pt: Copied (new)
2026/07/14 22:01:09 INFO  : HateMM/RAC_tarc_g1/RAC_lr0.0001_Bz64_Ep30_cosSim_triplet_drop[0.2, 0.4, 0.1]_topK20__PseudoGold_positive_1_hard_negative_1_seed0_hybrid_loss_off/ckpt/epoch_model_16_0.794392523364486.pt: Copied (new)
2026/07/14 22:01:09 INFO  : HateMM/RAC_tarc_g1/RAC_lr0.0001_Bz64_Ep30_cosSim_triplet_drop[0.2, 0.4, 0.1]_topK20__PseudoGold_positive_1_hard_negative_1_seed0_hybrid_loss_off/ckpt/best_model_22_0.8317757009345794.pt: Copied (new)
2026/07/14 22:01:10 INFO  : HateMM/RAC_tarc_g1/RAC_lr0.0001_Bz64_Ep30_cosSim_triplet_drop[0.2, 0.4, 0.1]_topK20__PseudoGold_positive_1_hard_negative_1_seed0_hybrid_loss_off/ckpt/epoch_model_18_0.8037383177570093.pt: Copied (new)
2026/07/14 22:01:10 INFO  : HateMM/RAC_tarc_g1/RAC_lr0.0001_Bz64_Ep30_cosSim_triplet_drop[0.2, 0.4, 0.1]_topK20__PseudoGold_positive_1_hard_negative_1_seed0_hybrid_loss_off/ckpt/epoch_model_19_0.794392523364486.pt: Copied (new)
2026/07/14 22:01:10 INFO  : HateMM/RAC_tarc_g1/RAC_lr0.0001_Bz64_Ep30_cosSim_triplet_drop[0.2, 0.4, 0.1]_topK20__PseudoGold_positive_1_hard_negative_1_seed0_hybrid_loss_off/ckpt/epoch_model_1_0.7757009345794392.pt: Copied (new)
2026/07/14 22:01:11 INFO  : HateMM/RAC_tarc_g1/RAC_lr0.0001_Bz64_Ep30_cosSim_triplet_drop[0.2, 0.4, 0.1]_topK20__PseudoGold_positive_1_hard_negative_1_seed0_hybrid_loss_off/ckpt/epoch_model_17_0.794392523364486.pt: Copied (new)
2026/07/14 22:01:11 INFO  : HateMM/RAC_tarc_g1/RAC_lr0.0001_Bz64_Ep30_cosSim_triplet_drop[0.2, 0.4, 0.1]_topK20__PseudoGold_positive_1_hard_negative_1_seed0_hybrid_loss_off/ckpt/epoch_model_21_0.8317757009345794.pt: Copied (new)
2026/07/14 22:01:11 INFO  : HateMM/RAC_tarc_g1/RAC_lr0.0001_Bz64_Ep30_cosSim_triplet_drop[0.2, 0.4, 0.1]_topK20__PseudoGold_positive_1_hard_negative_1_seed0_hybrid_loss_off/ckpt/epoch_model_23_0.8317757009345794.pt: Copied (new)
2026/07/14 22:01:11 INFO  : HateMM/RAC_tarc_g1/RAC_lr0.0001_Bz64_Ep30_cosSim_triplet_drop[0.2, 0.4, 0.1]_topK20__PseudoGold_positive_1_hard_negative_1_seed0_hybrid_loss_off/ckpt/epoch_model_20_0.8130841121495327.pt: Copied (new)
2026/07/14 22:01:12 INFO  : HateMM/RAC_tarc_g1/RAC_lr0.0001_Bz64_Ep30_cosSim_triplet_drop[0.2, 0.4, 0.1]_topK20__PseudoGold_positive_1_hard_negative_1_seed0_hybrid_loss_off/ckpt/epoch_model_24_0.8411214953271028.pt: Copied (new)
2026/07/14 22:01:12 INFO  : HateMM/RAC_tarc_g1/RAC_lr0.0001_Bz64_Ep30_cosSim_triplet_drop[0.2, 0.4, 0.1]_topK20__PseudoGold_positive_1_hard_negative_1_seed0_hybrid_loss_off/ckpt/epoch_model_22_0.8317757009345794.pt: Copied (new)
2026/07/14 22:01:12 INFO  : HateMM/RAC_tarc_g1/RAC_lr0.0001_Bz64_Ep30_cosSim_triplet_drop[0.2, 0.4, 0.1]_topK20__PseudoGold_positive_1_hard_negative_1_seed0_hybrid_loss_off/ckpt/epoch_model_25_0.794392523364486.pt: Copied (new)
2026/07/14 22:01:14 INFO  : HateMM/RAC_tarc_g1/RAC_lr0.0001_Bz64_Ep30_cosSim_triplet_drop[0.2, 0.4, 0.1]_topK20__PseudoGold_positive_1_hard_negative_1_seed0_hybrid_loss_off/ckpt/epoch_model_26_0.8130841121495327.pt: Copied (new)
2026/07/14 22:01:14 INFO  : HateMM/RAC_tarc_g1/RAC_lr0.0001_Bz64_Ep30_cosSim_triplet_drop[0.2, 0.4, 0.1]_topK20__PseudoGold_positive_1_hard_negative_1_seed0_hybrid_loss_off/ckpt/epoch_model_28_0.8037383177570093.pt: Copied (new)
2026/07/14 22:01:14 INFO  : HateMM/RAC_tarc_g1/RAC_lr0.0001_Bz64_Ep30_cosSim_triplet_drop[0.2, 0.4, 0.1]_topK20__PseudoGold_positive_1_hard_negative_1_seed0_hybrid_loss_off/ckpt/epoch_model_2_0.7757009345794392.pt: Copied (new)
2026/07/14 22:01:14 INFO  : HateMM/RAC_tarc_g1/RAC_lr0.0001_Bz64_Ep30_cosSim_triplet_drop[0.2, 0.4, 0.1]_topK20__PseudoGold_positive_1_hard_negative_1_seed0_hybrid_loss_off/ckpt/epoch_model_3_0.794392523364486.pt: Copied (new)
2026/07/14 22:01:14 INFO  : HateMM/RAC_tarc_g1/RAC_lr0.0001_Bz64_Ep30_cosSim_triplet_drop[0.2, 0.4, 0.1]_topK20__PseudoGold_positive_1_hard_negative_1_seed0_hybrid_loss_off/ckpt/epoch_model_5_0.7757009345794392.pt: Copied (new)
2026/07/14 22:01:15 INFO  : HateMM/RAC_tarc_g1/RAC_lr0.0001_Bz64_Ep30_cosSim_triplet_drop[0.2, 0.4, 0.1]_topK20__PseudoGold_positive_1_hard_negative_1_seed0_hybrid_loss_off/ckpt/epoch_model_4_0.8037383177570093.pt: Copied (new)
2026/07/14 22:01:15 INFO  : HateMM/RAC_tarc_g1/RAC_lr0.0001_Bz64_Ep30_cosSim_triplet_drop[0.2, 0.4, 0.1]_topK20__PseudoGold_positive_1_hard_negative_1_seed0_hybrid_loss_off/ckpt/epoch_model_29_0.794392523364486.pt: Copied (new)
2026/07/14 22:01:16 INFO  : HateMM/RAC_tarc_g1/RAC_lr0.0001_Bz64_Ep30_cosSim_triplet_drop[0.2, 0.4, 0.1]_topK20__PseudoGold_positive_1_hard_negative_1_seed0_hybrid_loss_off/ckpt/epoch_model_8_0.794392523364486.pt: Copied (new)
2026/07/14 22:01:16 INFO  : HateMM/RAC_tarc_g1/RAC_lr0.0001_Bz64_Ep30_cosSim_triplet_drop[0.2, 0.4, 0.1]_topK20__PseudoGold_positive_1_hard_negative_1_seed0_hybrid_loss_off/ckpt/epoch_model_7_0.8037383177570093.pt: Copied (new)
2026/07/14 22:01:16 INFO  : HateMM/RAC_tarc_g1/RAC_lr0.0001_Bz64_Ep30_cosSim_triplet_drop[0.2, 0.4, 0.1]_topK20__PseudoGold_positive_1_hard_negative_1_seed0_hybrid_loss_off/ckpt/epoch_model_9_0.8130841121495327.pt: Copied (new)
2026/07/14 22:01:16 INFO  : HateMM/RAC_tarc_g1/RAC_lr0.0001_Bz64_Ep30_cosSim_triplet_drop[0.2, 0.4, 0.1]_topK20__PseudoGold_positive_1_hard_negative_1_seed0_hybrid_loss_off/ckpt/last_model_29_0.794392523364486.pt: Copied (new)
2026/07/14 22:01:17 INFO  : HateMM/RAC_tarc_g1/RAC_lr0.0001_Bz64_Ep30_cosSim_triplet_drop[0.2, 0.4, 0.1]_topK20__PseudoGold_positive_1_hard_negative_1_seed0_hybrid_loss_off/ckpt/epoch_model_6_0.8037383177570093.pt: Copied (new)
2026/07/14 22:01:18 INFO  : HateMM/RAC_tarc_g1/RAC_lr0.0001_Bz64_Ep30_cosSim_triplet_drop[0.2, 0.4, 0.1]_topK20__PseudoGold_positive_1_hard_negative_1_seed0_hybrid_loss_off/ckpt/epoch_model_27_0.8037383177570093.pt: Copied (new)
2026/07/14 22:01:19 INFO  : MHC_zh/RAC_video_b3_lora/RAC_lr0.0001_Bz64_Ep30_cosSim_triplet_drop[0.2, 0.4, 0.1]_topK20__PseudoGold_positive_1_hard_negative_1_seed1_hybrid_loss_Qwen2.5-VL-7B-Instruct-LoRA_HF/ckpt/best_model_11_0.8717948717948718.pt: Copied (new)
2026/07/14 22:01:20 INFO  : MHC_zh/RAC_video_b3_lora/RAC_lr0.0001_Bz64_Ep30_cosSim_triplet_drop[0.2, 0.4, 0.1]_topK20__PseudoGold_positive_1_hard_negative_1_seed1_hybrid_loss_Qwen2.5-VL-7B-Instruct-LoRA_HF/ckpt/best_model_23_0.8717948717948718.pt: Copied (new)
2026/07/14 22:01:20 INFO  : MHC_zh/RAC_video_b3_lora/RAC_lr0.0001_Bz64_Ep30_cosSim_triplet_drop[0.2, 0.4, 0.1]_topK20__PseudoGold_positive_1_hard_negative_1_seed1_hybrid_loss_Qwen2.5-VL-7B-Instruct-LoRA_HF/ckpt/best_model_8_0.8461538461538461.pt: Copied (new)
2026/07/14 22:01:20 INFO  : MHC_zh/RAC_video_b3_lora/RAC_lr0.0001_Bz64_Ep30_cosSim_triplet_drop[0.2, 0.4, 0.1]_topK20__PseudoGold_positive_1_hard_negative_1_seed1_hybrid_loss_Qwen2.5-VL-7B-Instruct-LoRA_HF/ckpt/best_model_5_0.8333333333333334.pt: Copied (new)
2026/07/14 22:01:21 INFO  : MHC_zh/RAC_video_b3_lora/RAC_lr0.0001_Bz64_Ep30_cosSim_triplet_drop[0.2, 0.4, 0.1]_topK20__PseudoGold_positive_1_hard_negative_1_seed1_hybrid_loss_Qwen2.5-VL-7B-Instruct-LoRA_HF/ckpt/best_model_26_0.8717948717948718.pt: Copied (new)
2026/07/14 22:01:23 INFO  : MHC_zh/RAC_video_b3_lora/RAC_lr0.0001_Bz64_Ep30_cosSim_triplet_drop[0.2, 0.4, 0.1]_topK20__PseudoGold_positive_1_hard_negative_1_seed1_hybrid_loss_Qwen2.5-VL-7B-Instruct-LoRA_HF/ckpt/best_model_22_0.8717948717948718.pt: Copied (new)
2026/07/14 22:01:24 INFO  : MHC_zh/RAC_video_b3_lora/RAC_lr0.0001_Bz64_Ep30_cosSim_triplet_drop[0.2, 0.4, 0.1]_topK20__PseudoGold_positive_1_hard_negative_1_seed1_hybrid_loss_Qwen2.5-VL-7B-Instruct-LoRA_HF/ckpt/epoch_model_13_0.8589743589743589.pt: Copied (new)
2026/07/14 22:01:24 INFO  : MHC_zh/RAC_video_b3_lora/RAC_lr0.0001_Bz64_Ep30_cosSim_triplet_drop[0.2, 0.4, 0.1]_topK20__PseudoGold_positive_1_hard_negative_1_seed1_hybrid_loss_Qwen2.5-VL-7B-Instruct-LoRA_HF/ckpt/epoch_model_10_0.8333333333333334.pt: Copied (new)
2026/07/14 22:01:25 INFO  : MHC_zh/RAC_video_b3_lora/RAC_lr0.0001_Bz64_Ep30_cosSim_triplet_drop[0.2, 0.4, 0.1]_topK20__PseudoGold_positive_1_hard_negative_1_seed1_hybrid_loss_Qwen2.5-VL-7B-Instruct-LoRA_HF/ckpt/epoch_model_11_0.8717948717948718.pt: Copied (new)
2026/07/14 22:01:25 INFO  : MHC_zh/RAC_video_b3_lora/RAC_lr0.0001_Bz64_Ep30_cosSim_triplet_drop[0.2, 0.4, 0.1]_topK20__PseudoGold_positive_1_hard_negative_1_seed1_hybrid_loss_Qwen2.5-VL-7B-Instruct-LoRA_HF/ckpt/epoch_model_12_0.8461538461538461.pt: Copied (new)
2026/07/14 22:01:25 INFO  : MHC_zh/RAC_video_b3_lora/RAC_lr0.0001_Bz64_Ep30_cosSim_triplet_drop[0.2, 0.4, 0.1]_topK20__PseudoGold_positive_1_hard_negative_1_seed1_hybrid_loss_Qwen2.5-VL-7B-Instruct-LoRA_HF/ckpt/epoch_model_14_0.8589743589743589.pt: Copied (new)
2026/07/14 22:01:26 INFO  : MHC_zh/RAC_video_b3_lora/RAC_lr0.0001_Bz64_Ep30_cosSim_triplet_drop[0.2, 0.4, 0.1]_topK20__PseudoGold_positive_1_hard_negative_1_seed1_hybrid_loss_Qwen2.5-VL-7B-Instruct-LoRA_HF/ckpt/best_model_9_0.8461538461538461.pt: Copied (new)
2026/07/14 22:01:27 INFO  : MHC_zh/RAC_video_b3_lora/RAC_lr0.0001_Bz64_Ep30_cosSim_triplet_drop[0.2, 0.4, 0.1]_topK20__PseudoGold_positive_1_hard_negative_1_seed1_hybrid_loss_Qwen2.5-VL-7B-Instruct-LoRA_HF/ckpt/epoch_model_15_0.8461538461538461.pt: Copied (new)
2026/07/14 22:01:28 INFO  : MHC_zh/RAC_video_b3_lora/RAC_lr0.0001_Bz64_Ep30_cosSim_triplet_drop[0.2, 0.4, 0.1]_topK20__PseudoGold_positive_1_hard_negative_1_seed1_hybrid_loss_Qwen2.5-VL-7B-Instruct-LoRA_HF/ckpt/epoch_model_18_0.8333333333333334.pt: Copied (new)
2026/07/14 22:01:29 INFO  : MHC_zh/RAC_video_b3_lora/RAC_lr0.0001_Bz64_Ep30_cosSim_triplet_drop[0.2, 0.4, 0.1]_topK20__PseudoGold_positive_1_hard_negative_1_seed1_hybrid_loss_Qwen2.5-VL-7B-Instruct-LoRA_HF/ckpt/epoch_model_17_0.8333333333333334.pt: Copied (new)
2026/07/14 22:01:29 INFO  : MHC_zh/RAC_video_b3_lora/RAC_lr0.0001_Bz64_Ep30_cosSim_triplet_drop[0.2, 0.4, 0.1]_topK20__PseudoGold_positive_1_hard_negative_1_seed1_hybrid_loss_Qwen2.5-VL-7B-Instruct-LoRA_HF/ckpt/epoch_model_16_0.8461538461538461.pt: Copied (new)
2026/07/14 22:01:29 INFO  : MHC_zh/RAC_video_b3_lora/RAC_lr0.0001_Bz64_Ep30_cosSim_triplet_drop[0.2, 0.4, 0.1]_topK20__PseudoGold_positive_1_hard_negative_1_seed1_hybrid_loss_Qwen2.5-VL-7B-Instruct-LoRA_HF/ckpt/epoch_model_19_0.8589743589743589.pt: Copied (new)
2026/07/14 22:01:30 INFO  : MHC_zh/RAC_video_b3_lora/RAC_lr0.0001_Bz64_Ep30_cosSim_triplet_drop[0.2, 0.4, 0.1]_topK20__PseudoGold_positive_1_hard_negative_1_seed1_hybrid_loss_Qwen2.5-VL-7B-Instruct-LoRA_HF/ckpt/epoch_model_1_0.8589743589743589.pt: Copied (new)
2026/07/14 22:01:31 INFO  : MHC_zh/RAC_video_b3_lora/RAC_lr0.0001_Bz64_Ep30_cosSim_triplet_drop[0.2, 0.4, 0.1]_topK20__PseudoGold_positive_1_hard_negative_1_seed1_hybrid_loss_Qwen2.5-VL-7B-Instruct-LoRA_HF/ckpt/epoch_model_20_0.8461538461538461.pt: Copied (new)
2026/07/14 22:01:32 INFO  : MHC_zh/RAC_video_b3_lora/RAC_lr0.0001_Bz64_Ep30_cosSim_triplet_drop[0.2, 0.4, 0.1]_topK20__PseudoGold_positive_1_hard_negative_1_seed1_hybrid_loss_Qwen2.5-VL-7B-Instruct-LoRA_HF/ckpt/epoch_model_21_0.8461538461538461.pt: Copied (new)
2026/07/14 22:01:32 INFO  : MHC_zh/RAC_video_b3_lora/RAC_lr0.0001_Bz64_Ep30_cosSim_triplet_drop[0.2, 0.4, 0.1]_topK20__PseudoGold_positive_1_hard_negative_1_seed1_hybrid_loss_Qwen2.5-VL-7B-Instruct-LoRA_HF/ckpt/epoch_model_24_0.8461538461538461.pt: Copied (new)
2026/07/14 22:01:32 INFO  : MHC_zh/RAC_video_b3_lora/RAC_lr0.0001_Bz64_Ep30_cosSim_triplet_drop[0.2, 0.4, 0.1]_topK20__PseudoGold_positive_1_hard_negative_1_seed1_hybrid_loss_Qwen2.5-VL-7B-Instruct-LoRA_HF/ckpt/epoch_model_22_0.8717948717948718.pt: Copied (new)
2026/07/14 22:01:33 INFO  : MHC_zh/RAC_video_b3_lora/RAC_lr0.0001_Bz64_Ep30_cosSim_triplet_drop[0.2, 0.4, 0.1]_topK20__PseudoGold_positive_1_hard_negative_1_seed1_hybrid_loss_Qwen2.5-VL-7B-Instruct-LoRA_HF/ckpt/epoch_model_23_0.8717948717948718.pt: Copied (new)
2026/07/14 22:01:34 INFO  : 
Transferred:   	   28.035 GiB / 60.889 GiB, 46%, 58.898 MiB/s, ETA 9m31s
Checks:                 0 / 0, -, Listed 2905
Transferred:         1148 / 2277, 50%
Elapsed time:       8m0.0s
Transferring:
 * MHC_zh/RAC_video_b3_lo…_0.8461538461538461.pt: 94% /40.028Mi, 2.368Mi/s, 1s
 * MHC_zh/RAC_video_b3_lo…_0.8589743589743589.pt: 44% /40.028Mi, 3.586Mi/s, 6s
 * MHC_zh/RAC_video_b3_lo…_0.8717948717948718.pt: 78% /40.028Mi, 7.811Mi/s, 1s
 * MHC_zh/RAC_video_b3_lo…_0.8589743589743589.pt: 47% /40.028Mi, 6.009Mi/s, 3s
 * MHC_zh/RAC_video_b3_lo…_0.8589743589743589.pt: 79% /40.028Mi, 11.357Mi/s, 0s
 * MHC_zh/RAC_video_b3_lo…_0.8589743589743589.pt: 78% /40.028Mi, 17.650Mi/s, 0s
 * MHC_zh/RAC_video_b3_lo…_0.8333333333333334.pt: 59% /40.028Mi, 13.933Mi/s, 1s
 * MHC_zh/RAC_video_b3_lo…_0.8205128205128205.pt: 32% /40.028Mi, 11.870Mi/s, 2s

2026/07/14 22:01:36 INFO  : MHC_zh/RAC_video_b3_lora/RAC_lr0.0001_Bz64_Ep30_cosSim_triplet_drop[0.2, 0.4, 0.1]_topK20__PseudoGold_positive_1_hard_negative_1_seed1_hybrid_loss_Qwen2.5-VL-7B-Instruct-LoRA_HF/ckpt/epoch_model_29_0.8589743589743589.pt: Copied (new)
2026/07/14 22:01:36 INFO  : MHC_zh/RAC_video_b3_lora/RAC_lr0.0001_Bz64_Ep30_cosSim_triplet_drop[0.2, 0.4, 0.1]_topK20__PseudoGold_positive_1_hard_negative_1_seed1_hybrid_loss_Qwen2.5-VL-7B-Instruct-LoRA_HF/ckpt/epoch_model_28_0.8589743589743589.pt: Copied (new)
2026/07/14 22:01:37 INFO  : MHC_zh/RAC_video_b3_lora/RAC_lr0.0001_Bz64_Ep30_cosSim_triplet_drop[0.2, 0.4, 0.1]_topK20__PseudoGold_positive_1_hard_negative_1_seed1_hybrid_loss_Qwen2.5-VL-7B-Instruct-LoRA_HF/ckpt/epoch_model_2_0.8333333333333334.pt: Copied (new)
2026/07/14 22:01:37 INFO  : MHC_zh/RAC_video_b3_lora/RAC_lr0.0001_Bz64_Ep30_cosSim_triplet_drop[0.2, 0.4, 0.1]_topK20__PseudoGold_positive_1_hard_negative_1_seed1_hybrid_loss_Qwen2.5-VL-7B-Instruct-LoRA_HF/ckpt/epoch_model_27_0.8589743589743589.pt: Copied (new)
2026/07/14 22:01:38 INFO  : MHC_zh/RAC_video_b3_lora/RAC_lr0.0001_Bz64_Ep30_cosSim_triplet_drop[0.2, 0.4, 0.1]_topK20__PseudoGold_positive_1_hard_negative_1_seed1_hybrid_loss_Qwen2.5-VL-7B-Instruct-LoRA_HF/ckpt/epoch_model_0_0.8461538461538461.pt: Copied (new)
2026/07/14 22:01:38 INFO  : MHC_zh/RAC_video_b3_lora/RAC_lr0.0001_Bz64_Ep30_cosSim_triplet_drop[0.2, 0.4, 0.1]_topK20__PseudoGold_positive_1_hard_negative_1_seed1_hybrid_loss_Qwen2.5-VL-7B-Instruct-LoRA_HF/ckpt/epoch_model_3_0.8205128205128205.pt: Copied (new)
2026/07/14 22:01:38 INFO  : MHC_zh/RAC_video_b3_lora/RAC_lr0.0001_Bz64_Ep30_cosSim_triplet_drop[0.2, 0.4, 0.1]_topK20__PseudoGold_positive_1_hard_negative_1_seed1_hybrid_loss_Qwen2.5-VL-7B-Instruct-LoRA_HF/ckpt/epoch_model_26_0.8717948717948718.pt: Copied (new)
2026/07/14 22:01:39 INFO  : MHC_zh/RAC_video_b3_lora/RAC_lr0.0001_Bz64_Ep30_cosSim_triplet_drop[0.2, 0.4, 0.1]_topK20__PseudoGold_positive_1_hard_negative_1_seed1_hybrid_loss_Qwen2.5-VL-7B-Instruct-LoRA_HF/ckpt/epoch_model_4_0.8205128205128205.pt: Copied (new)
2026/07/14 22:01:40 INFO  : MHC_zh/RAC_video_b3_lora/RAC_lr0.0001_Bz64_Ep30_cosSim_triplet_drop[0.2, 0.4, 0.1]_topK20__PseudoGold_positive_1_hard_negative_1_seed1_hybrid_loss_Qwen2.5-VL-7B-Instruct-LoRA_HF/ckpt/epoch_model_25_0.8589743589743589.pt: Copied (new)
2026/07/14 22:01:40 INFO  : MHC_zh/RAC_video_b3_lora/RAC_lr0.0001_Bz64_Ep30_cosSim_triplet_drop[0.2, 0.4, 0.1]_topK20__PseudoGold_positive_1_hard_negative_1_seed1_hybrid_loss_Qwen2.5-VL-7B-Instruct-LoRA_HF/ckpt/epoch_model_5_0.8333333333333334.pt: Copied (new)
2026/07/14 22:01:41 INFO  : MHC_zh/RAC_video_b3_lora/RAC_lr0.0001_Bz64_Ep30_cosSim_triplet_drop[0.2, 0.4, 0.1]_topK20__PseudoGold_positive_1_hard_negative_1_seed1_hybrid_loss_Qwen2.5-VL-7B-Instruct-LoRA_HF/ckpt/epoch_model_6_0.8333333333333334.pt: Copied (new)
2026/07/14 22:01:43 INFO  : MHC/RAC_video_archive_seeds/RAC_lr0.0001_Bz64_Ep30_cosSim_triplet_drop[0.2, 0.4, 0.1]_topK20__PseudoGold_positive_1_hard_negative_1_seed0_hybrid_loss_Qwen2.5-VL-32B-Instruct_HF/ckpt/best_model_14_0.8.pt: Copied (new)
2026/07/14 22:01:43 INFO  : MHC_zh/RAC_video_b3_lora/RAC_lr0.0001_Bz64_Ep30_cosSim_triplet_drop[0.2, 0.4, 0.1]_topK20__PseudoGold_positive_1_hard_negative_1_seed1_hybrid_loss_Qwen2.5-VL-7B-Instruct-LoRA_HF/ckpt/epoch_model_9_0.8461538461538461.pt: Copied (new)
2026/07/14 22:01:44 INFO  : MHC_zh/RAC_video_b3_lora/RAC_lr0.0001_Bz64_Ep30_cosSim_triplet_drop[0.2, 0.4, 0.1]_topK20__PseudoGold_positive_1_hard_negative_1_seed1_hybrid_loss_Qwen2.5-VL-7B-Instruct-LoRA_HF/ckpt/epoch_model_7_0.8333333333333334.pt: Copied (new)
2026/07/14 22:01:45 INFO  : MHC/RAC_video_archive_seeds/RAC_lr0.0001_Bz64_Ep30_cosSim_triplet_drop[0.2, 0.4, 0.1]_topK20__PseudoGold_positive_1_hard_negative_1_seed0_hybrid_loss_Qwen2.5-VL-32B-Instruct_HF/ckpt/best_model_5_0.7375.pt: Copied (new)
2026/07/14 22:01:46 INFO  : MHC/RAC_video_archive_seeds/RAC_lr0.0001_Bz64_Ep30_cosSim_triplet_drop[0.2, 0.4, 0.1]_topK20__PseudoGold_positive_1_hard_negative_1_seed0_hybrid_loss_Qwen2.5-VL-32B-Instruct_HF/ckpt/epoch_model_0_0.7375.pt: Copied (new)
2026/07/14 22:01:47 INFO  : MHC/RAC_video_archive_seeds/RAC_lr0.0001_Bz64_Ep30_cosSim_triplet_drop[0.2, 0.4, 0.1]_topK20__PseudoGold_positive_1_hard_negative_1_seed0_hybrid_loss_Qwen2.5-VL-32B-Instruct_HF/ckpt/epoch_model_10_0.725.pt: Copied (new)
2026/07/14 22:01:47 INFO  : MHC/RAC_video_archive_seeds/RAC_lr0.0001_Bz64_Ep30_cosSim_triplet_drop[0.2, 0.4, 0.1]_topK20__PseudoGold_positive_1_hard_negative_1_seed0_hybrid_loss_Qwen2.5-VL-32B-Instruct_HF/ckpt/best_model_6_0.775.pt: Copied (new)
2026/07/14 22:01:49 INFO  : MHC_zh/RAC_video_b3_lora/RAC_lr0.0001_Bz64_Ep30_cosSim_triplet_drop[0.2, 0.4, 0.1]_topK20__PseudoGold_positive_1_hard_negative_1_seed1_hybrid_loss_Qwen2.5-VL-7B-Instruct-LoRA_HF/ckpt/last_model_29_0.8589743589743589.pt: Copied (new)
2026/07/14 22:01:50 INFO  : MHC/RAC_video_archive_seeds/RAC_lr0.0001_Bz64_Ep30_cosSim_triplet_drop[0.2, 0.4, 0.1]_topK20__PseudoGold_positive_1_hard_negative_1_seed0_hybrid_loss_Qwen2.5-VL-32B-Instruct_HF/ckpt/epoch_model_11_0.725.pt: Copied (new)
2026/07/14 22:01:50 INFO  : MHC/RAC_video_archive_seeds/RAC_lr0.0001_Bz64_Ep30_cosSim_triplet_drop[0.2, 0.4, 0.1]_topK20__PseudoGold_positive_1_hard_negative_1_seed0_hybrid_loss_Qwen2.5-VL-32B-Instruct_HF/ckpt/epoch_model_13_0.7375.pt: Copied (new)
2026/07/14 22:01:51 INFO  : MHC/RAC_video_archive_seeds/RAC_lr0.0001_Bz64_Ep30_cosSim_triplet_drop[0.2, 0.4, 0.1]_topK20__PseudoGold_positive_1_hard_negative_1_seed0_hybrid_loss_Qwen2.5-VL-32B-Instruct_HF/ckpt/epoch_model_14_0.8.pt: Copied (new)
2026/07/14 22:01:51 INFO  : MHC/RAC_video_archive_seeds/RAC_lr0.0001_Bz64_Ep30_cosSim_triplet_drop[0.2, 0.4, 0.1]_topK20__PseudoGold_positive_1_hard_negative_1_seed0_hybrid_loss_Qwen2.5-VL-32B-Instruct_HF/ckpt/epoch_model_15_0.75.pt: Copied (new)
2026/07/14 22:01:52 INFO  : MHC/RAC_video_archive_seeds/RAC_lr0.0001_Bz64_Ep30_cosSim_triplet_drop[0.2, 0.4, 0.1]_topK20__PseudoGold_positive_1_hard_negative_1_seed0_hybrid_loss_Qwen2.5-VL-32B-Instruct_HF/ckpt/epoch_model_12_0.7625.pt: Copied (new)
2026/07/14 22:01:52 INFO  : MHC_zh/RAC_video_b3_lora/RAC_lr0.0001_Bz64_Ep30_cosSim_triplet_drop[0.2, 0.4, 0.1]_topK20__PseudoGold_positive_1_hard_negative_1_seed1_hybrid_loss_Qwen2.5-VL-7B-Instruct-LoRA_HF/ckpt/epoch_model_8_0.8461538461538461.pt: Copied (new)
2026/07/14 22:01:53 INFO  : MHC/RAC_video_archive_seeds/RAC_lr0.0001_Bz64_Ep30_cosSim_triplet_drop[0.2, 0.4, 0.1]_topK20__PseudoGold_positive_1_hard_negative_1_seed0_hybrid_loss_Qwen2.5-VL-32B-Instruct_HF/ckpt/epoch_model_16_0.7625.pt: Copied (new)
2026/07/14 22:01:54 INFO  : MHC/RAC_video_archive_seeds/RAC_lr0.0001_Bz64_Ep30_cosSim_triplet_drop[0.2, 0.4, 0.1]_topK20__PseudoGold_positive_1_hard_negative_1_seed0_hybrid_loss_Qwen2.5-VL-32B-Instruct_HF/ckpt/epoch_model_19_0.7625.pt: Copied (new)
2026/07/14 22:01:55 INFO  : MHC/RAC_video_archive_seeds/RAC_lr0.0001_Bz64_Ep30_cosSim_triplet_drop[0.2, 0.4, 0.1]_topK20__PseudoGold_positive_1_hard_negative_1_seed0_hybrid_loss_Qwen2.5-VL-32B-Instruct_HF/ckpt/epoch_model_20_0.75.pt: Copied (new)
2026/07/14 22:01:56 INFO  : MHC/RAC_video_archive_seeds/RAC_lr0.0001_Bz64_Ep30_cosSim_triplet_drop[0.2, 0.4, 0.1]_topK20__PseudoGold_positive_1_hard_negative_1_seed0_hybrid_loss_Qwen2.5-VL-32B-Instruct_HF/ckpt/epoch_model_1_0.75.pt: Copied (new)
2026/07/14 22:01:56 INFO  : MHC/RAC_video_archive_seeds/RAC_lr0.0001_Bz64_Ep30_cosSim_triplet_drop[0.2, 0.4, 0.1]_topK20__PseudoGold_positive_1_hard_negative_1_seed0_hybrid_loss_Qwen2.5-VL-32B-Instruct_HF/ckpt/epoch_model_18_0.75.pt: Copied (new)
2026/07/14 22:01:58 INFO  : MHC/RAC_video_archive_seeds/RAC_lr0.0001_Bz64_Ep30_cosSim_triplet_drop[0.2, 0.4, 0.1]_topK20__PseudoGold_positive_1_hard_negative_1_seed0_hybrid_loss_Qwen2.5-VL-32B-Instruct_HF/ckpt/epoch_model_21_0.7625.pt: Copied (new)
2026/07/14 22:01:59 INFO  : MHC/RAC_video_archive_seeds/RAC_lr0.0001_Bz64_Ep30_cosSim_triplet_drop[0.2, 0.4, 0.1]_topK20__PseudoGold_positive_1_hard_negative_1_seed0_hybrid_loss_Qwen2.5-VL-32B-Instruct_HF/ckpt/epoch_model_24_0.7125.pt: Copied (new)
2026/07/14 22:01:59 INFO  : MHC/RAC_video_archive_seeds/RAC_lr0.0001_Bz64_Ep30_cosSim_triplet_drop[0.2, 0.4, 0.1]_topK20__PseudoGold_positive_1_hard_negative_1_seed0_hybrid_loss_Qwen2.5-VL-32B-Instruct_HF/ckpt/epoch_model_23_0.725.pt: Copied (new)
2026/07/14 22:01:59 INFO  : MHC/RAC_video_archive_seeds/RAC_lr0.0001_Bz64_Ep30_cosSim_triplet_drop[0.2, 0.4, 0.1]_topK20__PseudoGold_positive_1_hard_negative_1_seed0_hybrid_loss_Qwen2.5-VL-32B-Instruct_HF/ckpt/epoch_model_25_0.7625.pt: Copied (new)
2026/07/14 22:02:01 INFO  : MHC/RAC_video_archive_seeds/RAC_lr0.0001_Bz64_Ep30_cosSim_triplet_drop[0.2, 0.4, 0.1]_topK20__PseudoGold_positive_1_hard_negative_1_seed0_hybrid_loss_Qwen2.5-VL-32B-Instruct_HF/ckpt/epoch_model_17_0.775.pt: Copied (new)
2026/07/14 22:02:03 INFO  : MHC/RAC_video_archive_seeds/RAC_lr0.0001_Bz64_Ep30_cosSim_triplet_drop[0.2, 0.4, 0.1]_topK20__PseudoGold_positive_1_hard_negative_1_seed0_hybrid_loss_Qwen2.5-VL-32B-Instruct_HF/ckpt/epoch_model_27_0.7625.pt: Copied (new)
2026/07/14 22:02:04 INFO  : MHC/RAC_video_archive_seeds/RAC_lr0.0001_Bz64_Ep30_cosSim_triplet_drop[0.2, 0.4, 0.1]_topK20__PseudoGold_positive_1_hard_negative_1_seed0_hybrid_loss_Qwen2.5-VL-32B-Instruct_HF/ckpt/epoch_model_26_0.8.pt: Copied (new)
2026/07/14 22:02:05 INFO  : MHC/RAC_video_archive_seeds/RAC_lr0.0001_Bz64_Ep30_cosSim_triplet_drop[0.2, 0.4, 0.1]_topK20__PseudoGold_positive_1_hard_negative_1_seed0_hybrid_loss_Qwen2.5-VL-32B-Instruct_HF/ckpt/epoch_model_2_0.75.pt: Copied (new)
2026/07/14 22:02:05 INFO  : MHC/RAC_video_archive_seeds/RAC_lr0.0001_Bz64_Ep30_cosSim_triplet_drop[0.2, 0.4, 0.1]_topK20__PseudoGold_positive_1_hard_negative_1_seed0_hybrid_loss_Qwen2.5-VL-32B-Instruct_HF/ckpt/epoch_model_29_0.775.pt: Copied (new)
2026/07/14 22:02:05 INFO  : MHC/RAC_video_archive_seeds/RAC_lr0.0001_Bz64_Ep30_cosSim_triplet_drop[0.2, 0.4, 0.1]_topK20__PseudoGold_positive_1_hard_negative_1_seed0_hybrid_loss_Qwen2.5-VL-32B-Instruct_HF/ckpt/epoch_model_28_0.775.pt: Copied (new)
2026/07/14 22:02:06 INFO  : MHC/RAC_video_archive_seeds/RAC_lr0.0001_Bz64_Ep30_cosSim_triplet_drop[0.2, 0.4, 0.1]_topK20__PseudoGold_positive_1_hard_negative_1_seed0_hybrid_loss_Qwen2.5-VL-32B-Instruct_HF/ckpt/epoch_model_3_0.7375.pt: Copied (new)
2026/07/14 22:02:09 INFO  : MHC/RAC_video_archive_seeds/RAC_lr0.0001_Bz64_Ep30_cosSim_triplet_drop[0.2, 0.4, 0.1]_topK20__PseudoGold_positive_1_hard_negative_1_seed0_hybrid_loss_Qwen2.5-VL-32B-Instruct_HF/ckpt/epoch_model_8_0.75.pt: Copied (new)
2026/07/14 22:02:10 INFO  : MHC/RAC_video_archive_seeds/RAC_lr0.0001_Bz64_Ep30_cosSim_triplet_drop[0.2, 0.4, 0.1]_topK20__PseudoGold_positive_1_hard_negative_1_seed0_hybrid_loss_Qwen2.5-VL-32B-Instruct_HF/ckpt/epoch_model_5_0.7375.pt: Copied (new)
2026/07/14 22:02:10 INFO  : MHC/RAC_video_archive_seeds/RAC_lr0.0001_Bz64_Ep30_cosSim_triplet_drop[0.2, 0.4, 0.1]_topK20__PseudoGold_positive_1_hard_negative_1_seed0_hybrid_loss_Qwen2.5-VL-32B-Instruct_HF/ckpt/last_model_29_0.775.pt: Copied (new)
2026/07/14 22:02:10 INFO  : MHC/RAC_video_archive_seeds/RAC_lr0.0001_Bz64_Ep30_cosSim_triplet_drop[0.2, 0.4, 0.1]_topK20__PseudoGold_positive_1_hard_negative_1_seed0_hybrid_loss_Qwen2.5-VL-32B-Instruct_HF/ckpt/epoch_model_6_0.775.pt: Copied (new)
2026/07/14 22:02:13 INFO  : MHC/RAC_video_archive_seeds/RAC_lr0.0001_Bz64_Ep30_cosSim_triplet_drop[0.2, 0.4, 0.1]_topK20__PseudoGold_positive_1_hard_negative_1_seed0_hybrid_loss_Qwen2.5-VL-32B-Instruct_HF/ckpt/epoch_model_4_0.7625.pt: Copied (new)
2026/07/14 22:02:13 INFO  : MHC/RAC_video_archive_seeds/RAC_lr0.0001_Bz64_Ep30_cosSim_triplet_drop[0.2, 0.4, 0.1]_topK20__PseudoGold_positive_1_hard_negative_1_seed0_hybrid_loss_Qwen2.5-VL-32B-Instruct_HF/ckpt/epoch_model_9_0.75.pt: Copied (new)
2026/07/14 22:02:13 INFO  : HateMM/RAC_video_archive_seeds/RAC_lr0.0001_Bz64_Ep30_cosSim_triplet_drop[0.2, 0.4, 0.1]_topK20__PseudoGold_positive_1_hard_negative_1_seed0_hybrid_loss_Qwen2.5-VL-7B-Instruct_HF/ckpt/best_model_17_0.8317757009345794.pt: Copied (new)
2026/07/14 22:02:14 INFO  : HateMM/RAC_video_archive_seeds/RAC_lr0.0001_Bz64_Ep30_cosSim_triplet_drop[0.2, 0.4, 0.1]_topK20__PseudoGold_positive_1_hard_negative_1_seed0_hybrid_loss_Qwen2.5-VL-7B-Instruct_HF/ckpt/best_model_18_0.8411214953271028.pt: Copied (new)
2026/07/14 22:02:14 INFO  : MHC/RAC_video_archive_seeds/RAC_lr0.0001_Bz64_Ep30_cosSim_triplet_drop[0.2, 0.4, 0.1]_topK20__PseudoGold_positive_1_hard_negative_1_seed0_hybrid_loss_Qwen2.5-VL-32B-Instruct_HF/ckpt/epoch_model_22_0.7125.pt: Copied (new)
2026/07/14 22:02:14 INFO  : HateMM/RAC_video_archive_seeds/RAC_lr0.0001_Bz64_Ep30_cosSim_triplet_drop[0.2, 0.4, 0.1]_topK20__PseudoGold_positive_1_hard_negative_1_seed0_hybrid_loss_Qwen2.5-VL-7B-Instruct_HF/ckpt/best_model_13_0.8317757009345794.pt: Copied (new)
2026/07/14 22:02:17 INFO  : HateMM/RAC_video_archive_seeds/RAC_lr0.0001_Bz64_Ep30_cosSim_triplet_drop[0.2, 0.4, 0.1]_topK20__PseudoGold_positive_1_hard_negative_1_seed0_hybrid_loss_Qwen2.5-VL-7B-Instruct_HF/ckpt/best_model_11_0.8037383177570093.pt: Copied (new)
2026/07/14 22:02:17 INFO  : HateMM/RAC_video_archive_seeds/RAC_lr0.0001_Bz64_Ep30_cosSim_triplet_drop[0.2, 0.4, 0.1]_topK20__PseudoGold_positive_1_hard_negative_1_seed0_hybrid_loss_Qwen2.5-VL-7B-Instruct_HF/ckpt/best_model_7_0.8037383177570093.pt: Copied (new)
2026/07/14 22:02:18 INFO  : HateMM/RAC_video_archive_seeds/RAC_lr0.0001_Bz64_Ep30_cosSim_triplet_drop[0.2, 0.4, 0.1]_topK20__PseudoGold_positive_1_hard_negative_1_seed0_hybrid_loss_Qwen2.5-VL-7B-Instruct_HF/ckpt/best_model_5_0.794392523364486.pt: Copied (new)
2026/07/14 22:02:18 INFO  : HateMM/RAC_video_archive_seeds/RAC_lr0.0001_Bz64_Ep30_cosSim_triplet_drop[0.2, 0.4, 0.1]_topK20__PseudoGold_positive_1_hard_negative_1_seed0_hybrid_loss_Qwen2.5-VL-7B-Instruct_HF/ckpt/epoch_model_11_0.8037383177570093.pt: Copied (new)
2026/07/14 22:02:18 INFO  : HateMM/RAC_video_archive_seeds/RAC_lr0.0001_Bz64_Ep30_cosSim_triplet_drop[0.2, 0.4, 0.1]_topK20__PseudoGold_positive_1_hard_negative_1_seed0_hybrid_loss_Qwen2.5-VL-7B-Instruct_HF/ckpt/epoch_model_10_0.794392523364486.pt: Copied (new)
2026/07/14 22:02:19 INFO  : HateMM/RAC_video_archive_seeds/RAC_lr0.0001_Bz64_Ep30_cosSim_triplet_drop[0.2, 0.4, 0.1]_topK20__PseudoGold_positive_1_hard_negative_1_seed0_hybrid_loss_Qwen2.5-VL-7B-Instruct_HF/ckpt/epoch_model_0_0.8130841121495327.pt: Copied (new)
2026/07/14 22:02:20 INFO  : HateMM/RAC_video_archive_seeds/RAC_lr0.0001_Bz64_Ep30_cosSim_triplet_drop[0.2, 0.4, 0.1]_topK20__PseudoGold_positive_1_hard_negative_1_seed0_hybrid_loss_Qwen2.5-VL-7B-Instruct_HF/ckpt/best_model_28_0.8598130841121495.pt: Copied (new)
2026/07/14 22:02:20 INFO  : HateMM/RAC_video_archive_seeds/RAC_lr0.0001_Bz64_Ep30_cosSim_triplet_drop[0.2, 0.4, 0.1]_topK20__PseudoGold_positive_1_hard_negative_1_seed0_hybrid_loss_Qwen2.5-VL-7B-Instruct_HF/ckpt/epoch_model_13_0.8317757009345794.pt: Copied (new)
2026/07/14 22:02:21 INFO  : HateMM/RAC_video_archive_seeds/RAC_lr0.0001_Bz64_Ep30_cosSim_triplet_drop[0.2, 0.4, 0.1]_topK20__PseudoGold_positive_1_hard_negative_1_seed0_hybrid_loss_Qwen2.5-VL-7B-Instruct_HF/ckpt/epoch_model_12_0.794392523364486.pt: Copied (new)
2026/07/14 22:02:22 INFO  : HateMM/RAC_video_archive_seeds/RAC_lr0.0001_Bz64_Ep30_cosSim_triplet_drop[0.2, 0.4, 0.1]_topK20__PseudoGold_positive_1_hard_negative_1_seed0_hybrid_loss_Qwen2.5-VL-7B-Instruct_HF/ckpt/epoch_model_16_0.8037383177570093.pt: Copied (new)
2026/07/14 22:02:23 INFO  : HateMM/RAC_video_archive_seeds/RAC_lr0.0001_Bz64_Ep30_cosSim_triplet_drop[0.2, 0.4, 0.1]_topK20__PseudoGold_positive_1_hard_negative_1_seed0_hybrid_loss_Qwen2.5-VL-7B-Instruct_HF/ckpt/epoch_model_14_0.8130841121495327.pt: Copied (new)
2026/07/14 22:02:23 INFO  : HateMM/RAC_video_archive_seeds/RAC_lr0.0001_Bz64_Ep30_cosSim_triplet_drop[0.2, 0.4, 0.1]_topK20__PseudoGold_positive_1_hard_negative_1_seed0_hybrid_loss_Qwen2.5-VL-7B-Instruct_HF/ckpt/epoch_model_15_0.822429906542056.pt: Copied (new)
2026/07/14 22:02:23 INFO  : HateMM/RAC_video_archive_seeds/RAC_lr0.0001_Bz64_Ep30_cosSim_triplet_drop[0.2, 0.4, 0.1]_topK20__PseudoGold_positive_1_hard_negative_1_seed0_hybrid_loss_Qwen2.5-VL-7B-Instruct_HF/ckpt/epoch_model_19_0.8411214953271028.pt: Copied (new)
2026/07/14 22:02:24 INFO  : HateMM/RAC_video_archive_seeds/RAC_lr0.0001_Bz64_Ep30_cosSim_triplet_drop[0.2, 0.4, 0.1]_topK20__PseudoGold_positive_1_hard_negative_1_seed0_hybrid_loss_Qwen2.5-VL-7B-Instruct_HF/ckpt/epoch_model_18_0.8411214953271028.pt: Copied (new)
2026/07/14 22:02:24 INFO  : HateMM/RAC_video_archive_seeds/RAC_lr0.0001_Bz64_Ep30_cosSim_triplet_drop[0.2, 0.4, 0.1]_topK20__PseudoGold_positive_1_hard_negative_1_seed0_hybrid_loss_Qwen2.5-VL-7B-Instruct_HF/ckpt/epoch_model_17_0.8317757009345794.pt: Copied (new)
2026/07/14 22:02:27 INFO  : HateMM/RAC_video_archive_seeds/RAC_lr0.0001_Bz64_Ep30_cosSim_triplet_drop[0.2, 0.4, 0.1]_topK20__PseudoGold_positive_1_hard_negative_1_seed0_hybrid_loss_Qwen2.5-VL-7B-Instruct_HF/ckpt/epoch_model_23_0.8317757009345794.pt: Copied (new)
2026/07/14 22:02:27 INFO  : HateMM/RAC_video_archive_seeds/RAC_lr0.0001_Bz64_Ep30_cosSim_triplet_drop[0.2, 0.4, 0.1]_topK20__PseudoGold_positive_1_hard_negative_1_seed0_hybrid_loss_Qwen2.5-VL-7B-Instruct_HF/ckpt/epoch_model_1_0.8317757009345794.pt: Copied (new)
2026/07/14 22:02:27 INFO  : HateMM/RAC_video_archive_seeds/RAC_lr0.0001_Bz64_Ep30_cosSim_triplet_drop[0.2, 0.4, 0.1]_topK20__PseudoGold_positive_1_hard_negative_1_seed0_hybrid_loss_Qwen2.5-VL-7B-Instruct_HF/ckpt/epoch_model_22_0.8130841121495327.pt: Copied (new)
2026/07/14 22:02:28 INFO  : HateMM/RAC_video_archive_seeds/RAC_lr0.0001_Bz64_Ep30_cosSim_triplet_drop[0.2, 0.4, 0.1]_topK20__PseudoGold_positive_1_hard_negative_1_seed0_hybrid_loss_Qwen2.5-VL-7B-Instruct_HF/ckpt/epoch_model_24_0.8411214953271028.pt: Copied (new)
2026/07/14 22:02:28 INFO  : MHC/RAC_video_archive_seeds/RAC_lr0.0001_Bz64_Ep30_cosSim_triplet_drop[0.2, 0.4, 0.1]_topK20__PseudoGold_positive_1_hard_negative_1_seed0_hybrid_loss_Qwen2.5-VL-32B-Instruct_HF/ckpt/epoch_model_7_0.75.pt: Copied (new)
2026/07/14 22:02:28 INFO  : HateMM/RAC_video_archive_seeds/RAC_lr0.0001_Bz64_Ep30_cosSim_triplet_drop[0.2, 0.4, 0.1]_topK20__PseudoGold_positive_1_hard_negative_1_seed0_hybrid_loss_Qwen2.5-VL-7B-Instruct_HF/ckpt/epoch_model_25_0.8317757009345794.pt: Copied (new)
2026/07/14 22:02:28 INFO  : HateMM/RAC_video_archive_seeds/RAC_lr0.0001_Bz64_Ep30_cosSim_triplet_drop[0.2, 0.4, 0.1]_topK20__PseudoGold_positive_1_hard_negative_1_seed0_hybrid_loss_Qwen2.5-VL-7B-Instruct_HF/ckpt/epoch_model_20_0.8317757009345794.pt: Copied (new)
2026/07/14 22:02:29 INFO  : HateMM/RAC_video_archive_seeds/RAC_lr0.0001_Bz64_Ep30_cosSim_triplet_drop[0.2, 0.4, 0.1]_topK20__PseudoGold_positive_1_hard_negative_1_seed0_hybrid_loss_Qwen2.5-VL-7B-Instruct_HF/ckpt/epoch_model_21_0.8411214953271028.pt: Copied (new)
2026/07/14 22:02:30 INFO  : HateMM/RAC_video_archive_seeds/RAC_lr0.0001_Bz64_Ep30_cosSim_triplet_drop[0.2, 0.4, 0.1]_topK20__PseudoGold_positive_1_hard_negative_1_seed0_hybrid_loss_Qwen2.5-VL-7B-Instruct_HF/ckpt/epoch_model_26_0.8317757009345794.pt: Copied (new)
2026/07/14 22:02:31 INFO  : HateMM/RAC_video_archive_seeds/RAC_lr0.0001_Bz64_Ep30_cosSim_triplet_drop[0.2, 0.4, 0.1]_topK20__PseudoGold_positive_1_hard_negative_1_seed0_hybrid_loss_Qwen2.5-VL-7B-Instruct_HF/ckpt/epoch_model_27_0.8411214953271028.pt: Copied (new)
2026/07/14 22:02:31 INFO  : HateMM/RAC_video_archive_seeds/RAC_lr0.0001_Bz64_Ep30_cosSim_triplet_drop[0.2, 0.4, 0.1]_topK20__PseudoGold_positive_1_hard_negative_1_seed0_hybrid_loss_Qwen2.5-VL-7B-Instruct_HF/ckpt/epoch_model_29_0.8504672897196262.pt: Copied (new)
2026/07/14 22:02:32 INFO  : HateMM/RAC_video_archive_seeds/RAC_lr0.0001_Bz64_Ep30_cosSim_triplet_drop[0.2, 0.4, 0.1]_topK20__PseudoGold_positive_1_hard_negative_1_seed0_hybrid_loss_Qwen2.5-VL-7B-Instruct_HF/ckpt/epoch_model_28_0.8598130841121495.pt: Copied (new)
2026/07/14 22:02:33 INFO  : HateMM/RAC_video_archive_seeds/RAC_lr0.0001_Bz64_Ep30_cosSim_triplet_drop[0.2, 0.4, 0.1]_topK20__PseudoGold_positive_1_hard_negative_1_seed0_hybrid_loss_Qwen2.5-VL-7B-Instruct_HF/ckpt/epoch_model_3_0.794392523364486.pt: Copied (new)
2026/07/14 22:02:33 INFO  : HateMM/RAC_video_archive_seeds/RAC_lr0.0001_Bz64_Ep30_cosSim_triplet_drop[0.2, 0.4, 0.1]_topK20__PseudoGold_positive_1_hard_negative_1_seed0_hybrid_loss_Qwen2.5-VL-7B-Instruct_HF/ckpt/epoch_model_2_0.7850467289719626.pt: Copied (new)
2026/07/14 22:02:33 INFO  : HateMM/RAC_video_archive_seeds/RAC_lr0.0001_Bz64_Ep30_cosSim_triplet_drop[0.2, 0.4, 0.1]_topK20__PseudoGold_positive_1_hard_negative_1_seed0_hybrid_loss_Qwen2.5-VL-7B-Instruct_HF/ckpt/epoch_model_6_0.7850467289719626.pt: Copied (new)
2026/07/14 22:02:34 INFO  : HateMM/RAC_video_archive_seeds/RAC_lr0.0001_Bz64_Ep30_cosSim_triplet_drop[0.2, 0.4, 0.1]_topK20__PseudoGold_positive_1_hard_negative_1_seed0_hybrid_loss_Qwen2.5-VL-7B-Instruct_HF/ckpt/epoch_model_5_0.794392523364486.pt: Copied (new)
2026/07/14 22:02:34 INFO  : 
Transferred:   	   31.640 GiB / 60.889 GiB, 52%, 64.793 MiB/s, ETA 7m42s
Checks:                 0 / 0, -, Listed 2905
Transferred:         1230 / 2277, 54%
Elapsed time:      8m59.9s
Transferring:
 * HateMM/RAC_video_archi…_0.8037383177570093.pt:100% /40.028Mi, 7.605Mi/s, 0s
 * HateMM/RAC_video_archi…_0.8037383177570093.pt: 94% /40.028Mi, 10.092Mi/s, 0s
 * HateMM/RAC_video_archi…_0.7289719626168224.pt:100% /40.028Mi, 13.343Mi/s, 0s
 * HateMM/RAC_video_archi…9_0.794392523364486.pt: 78% /40.028Mi, 11.763Mi/s, 0s
 * HateMM/RAC_video_archi…_0.8504672897196262.pt: 57% /40.028Mi, 13.402Mi/s, 1s
 * HateMM/RAC_tarc_g1/RAC…_0.7757009345794392.pt: 79% /19.028Mi, 14.400Mi/s, 0s
 * HateMM/RAC_tarc_g1/RAC…1_0.794392523364486.pt: 78% /19.028Mi, 0/s, -
 * HateMM/RAC_tarc_g1/RAC…5_0.794392523364486.pt: 27% /19.028Mi, 0/s, -

2026/07/14 22:02:35 INFO  : HateMM/RAC_video_archive_seeds/RAC_lr0.0001_Bz64_Ep30_cosSim_triplet_drop[0.2, 0.4, 0.1]_topK20__PseudoGold_positive_1_hard_negative_1_seed0_hybrid_loss_Qwen2.5-VL-7B-Instruct_HF/ckpt/epoch_model_8_0.7289719626168224.pt: Copied (new)
2026/07/14 22:02:35 INFO  : HateMM/RAC_video_archive_seeds/RAC_lr0.0001_Bz64_Ep30_cosSim_triplet_drop[0.2, 0.4, 0.1]_topK20__PseudoGold_positive_1_hard_negative_1_seed0_hybrid_loss_Qwen2.5-VL-7B-Instruct_HF/ckpt/epoch_model_4_0.8037383177570093.pt: Copied (new)
2026/07/14 22:02:36 INFO  : HateMM/RAC_tarc_g1/RAC_lr0.0001_Bz64_Ep30_cosSim_triplet_drop[0.2, 0.4, 0.1]_topK20__PseudoGold_positive_1_hard_negative_1_seed2_hybrid_loss_v3lt0.5_tarc-gt_oracle-lt0.5_ORACLE_CEILING/ckpt/best_model_21_0.794392523364486.pt: Copied (new)
2026/07/14 22:02:36 INFO  : HateMM/RAC_video_archive_seeds/RAC_lr0.0001_Bz64_Ep30_cosSim_triplet_drop[0.2, 0.4, 0.1]_topK20__PseudoGold_positive_1_hard_negative_1_seed0_hybrid_loss_Qwen2.5-VL-7B-Instruct_HF/ckpt/epoch_model_7_0.8037383177570093.pt: Copied (new)
2026/07/14 22:02:37 INFO  : HateMM/RAC_video_archive_seeds/RAC_lr0.0001_Bz64_Ep30_cosSim_triplet_drop[0.2, 0.4, 0.1]_topK20__PseudoGold_positive_1_hard_negative_1_seed0_hybrid_loss_Qwen2.5-VL-7B-Instruct_HF/ckpt/last_model_29_0.8504672897196262.pt: Copied (new)
2026/07/14 22:02:37 INFO  : HateMM/RAC_video_archive_seeds/RAC_lr0.0001_Bz64_Ep30_cosSim_triplet_drop[0.2, 0.4, 0.1]_topK20__PseudoGold_positive_1_hard_negative_1_seed0_hybrid_loss_Qwen2.5-VL-7B-Instruct_HF/ckpt/epoch_model_9_0.794392523364486.pt: Copied (new)
2026/07/14 22:02:37 INFO  : HateMM/RAC_tarc_g1/RAC_lr0.0001_Bz64_Ep30_cosSim_triplet_drop[0.2, 0.4, 0.1]_topK20__PseudoGold_positive_1_hard_negative_1_seed2_hybrid_loss_v3lt0.5_tarc-gt_oracle-lt0.5_ORACLE_CEILING/ckpt/best_model_27_0.8130841121495327.pt: Copied (new)
2026/07/14 22:02:38 INFO  : HateMM/RAC_tarc_g1/RAC_lr0.0001_Bz64_Ep30_cosSim_triplet_drop[0.2, 0.4, 0.1]_topK20__PseudoGold_positive_1_hard_negative_1_seed2_hybrid_loss_v3lt0.5_tarc-gt_oracle-lt0.5_ORACLE_CEILING/ckpt/best_model_6_0.7663551401869159.pt: Copied (new)
2026/07/14 22:02:38 INFO  : HateMM/RAC_tarc_g1/RAC_lr0.0001_Bz64_Ep30_cosSim_triplet_drop[0.2, 0.4, 0.1]_topK20__PseudoGold_positive_1_hard_negative_1_seed2_hybrid_loss_v3lt0.5_tarc-gt_oracle-lt0.5_ORACLE_CEILING/ckpt/epoch_model_0_0.7570093457943925.pt: Copied (new)
2026/07/14 22:02:39 INFO  : HateMM/RAC_tarc_g1/RAC_lr0.0001_Bz64_Ep30_cosSim_triplet_drop[0.2, 0.4, 0.1]_topK20__PseudoGold_positive_1_hard_negative_1_seed2_hybrid_loss_v3lt0.5_tarc-gt_oracle-lt0.5_ORACLE_CEILING/ckpt/best_model_5_0.7663551401869159.pt: Copied (new)
2026/07/14 22:02:39 INFO  : HateMM/RAC_tarc_g1/RAC_lr0.0001_Bz64_Ep30_cosSim_triplet_drop[0.2, 0.4, 0.1]_topK20__PseudoGold_positive_1_hard_negative_1_seed2_hybrid_loss_v3lt0.5_tarc-gt_oracle-lt0.5_ORACLE_CEILING/ckpt/best_model_19_0.7757009345794392.pt: Copied (new)
2026/07/14 22:02:39 INFO  : HateMM/RAC_tarc_g1/RAC_lr0.0001_Bz64_Ep30_cosSim_triplet_drop[0.2, 0.4, 0.1]_topK20__PseudoGold_positive_1_hard_negative_1_seed2_hybrid_loss_v3lt0.5_tarc-gt_oracle-lt0.5_ORACLE_CEILING/ckpt/epoch_model_12_0.7570093457943925.pt: Copied (new)
2026/07/14 22:02:39 INFO  : HateMM/RAC_tarc_g1/RAC_lr0.0001_Bz64_Ep30_cosSim_triplet_drop[0.2, 0.4, 0.1]_topK20__PseudoGold_positive_1_hard_negative_1_seed2_hybrid_loss_v3lt0.5_tarc-gt_oracle-lt0.5_ORACLE_CEILING/ckpt/epoch_model_13_0.7476635514018691.pt: Copied (new)
2026/07/14 22:02:40 INFO  : HateMM/RAC_tarc_g1/RAC_lr0.0001_Bz64_Ep30_cosSim_triplet_drop[0.2, 0.4, 0.1]_topK20__PseudoGold_positive_1_hard_negative_1_seed2_hybrid_loss_v3lt0.5_tarc-gt_oracle-lt0.5_ORACLE_CEILING/ckpt/epoch_model_10_0.7663551401869159.pt: Copied (new)
2026/07/14 22:02:40 INFO  : HateMM/RAC_tarc_g1/RAC_lr0.0001_Bz64_Ep30_cosSim_triplet_drop[0.2, 0.4, 0.1]_topK20__PseudoGold_positive_1_hard_negative_1_seed2_hybrid_loss_v3lt0.5_tarc-gt_oracle-lt0.5_ORACLE_CEILING/ckpt/epoch_model_11_0.7663551401869159.pt: Copied (new)
2026/07/14 22:02:40 INFO  : HateMM/RAC_tarc_g1/RAC_lr0.0001_Bz64_Ep30_cosSim_triplet_drop[0.2, 0.4, 0.1]_topK20__PseudoGold_positive_1_hard_negative_1_seed2_hybrid_loss_v3lt0.5_tarc-gt_oracle-lt0.5_ORACLE_CEILING/ckpt/epoch_model_14_0.7476635514018691.pt: Copied (new)
2026/07/14 22:02:41 INFO  : HateMM/RAC_tarc_g1/RAC_lr0.0001_Bz64_Ep30_cosSim_triplet_drop[0.2, 0.4, 0.1]_topK20__PseudoGold_positive_1_hard_negative_1_seed2_hybrid_loss_v3lt0.5_tarc-gt_oracle-lt0.5_ORACLE_CEILING/ckpt/epoch_model_18_0.7476635514018691.pt: Copied (new)
2026/07/14 22:02:41 INFO  : HateMM/RAC_tarc_g1/RAC_lr0.0001_Bz64_Ep30_cosSim_triplet_drop[0.2, 0.4, 0.1]_topK20__PseudoGold_positive_1_hard_negative_1_seed2_hybrid_loss_v3lt0.5_tarc-gt_oracle-lt0.5_ORACLE_CEILING/ckpt/epoch_model_15_0.7476635514018691.pt: Copied (new)
2026/07/14 22:02:41 INFO  : HateMM/RAC_tarc_g1/RAC_lr0.0001_Bz64_Ep30_cosSim_triplet_drop[0.2, 0.4, 0.1]_topK20__PseudoGold_positive_1_hard_negative_1_seed2_hybrid_loss_v3lt0.5_tarc-gt_oracle-lt0.5_ORACLE_CEILING/ckpt/epoch_model_16_0.7289719626168224.pt: Copied (new)
2026/07/14 22:02:42 INFO  : HateMM/RAC_tarc_g1/RAC_lr0.0001_Bz64_Ep30_cosSim_triplet_drop[0.2, 0.4, 0.1]_topK20__PseudoGold_positive_1_hard_negative_1_seed2_hybrid_loss_v3lt0.5_tarc-gt_oracle-lt0.5_ORACLE_CEILING/ckpt/best_model_25_0.794392523364486.pt: Copied (new)
2026/07/14 22:02:42 INFO  : HateMM/RAC_tarc_g1/RAC_lr0.0001_Bz64_Ep30_cosSim_triplet_drop[0.2, 0.4, 0.1]_topK20__PseudoGold_positive_1_hard_negative_1_seed2_hybrid_loss_v3lt0.5_tarc-gt_oracle-lt0.5_ORACLE_CEILING/ckpt/epoch_model_17_0.7476635514018691.pt: Copied (new)
2026/07/14 22:02:43 INFO  : HateMM/RAC_tarc_g1/RAC_lr0.0001_Bz64_Ep30_cosSim_triplet_drop[0.2, 0.4, 0.1]_topK20__PseudoGold_positive_1_hard_negative_1_seed2_hybrid_loss_v3lt0.5_tarc-gt_oracle-lt0.5_ORACLE_CEILING/ckpt/epoch_model_1_0.7570093457943925.pt: Copied (new)
2026/07/14 22:02:43 INFO  : HateMM/RAC_tarc_g1/RAC_lr0.0001_Bz64_Ep30_cosSim_triplet_drop[0.2, 0.4, 0.1]_topK20__PseudoGold_positive_1_hard_negative_1_seed2_hybrid_loss_v3lt0.5_tarc-gt_oracle-lt0.5_ORACLE_CEILING/ckpt/epoch_model_21_0.794392523364486.pt: Copied (new)
2026/07/14 22:02:43 INFO  : HateMM/RAC_tarc_g1/RAC_lr0.0001_Bz64_Ep30_cosSim_triplet_drop[0.2, 0.4, 0.1]_topK20__PseudoGold_positive_1_hard_negative_1_seed2_hybrid_loss_v3lt0.5_tarc-gt_oracle-lt0.5_ORACLE_CEILING/ckpt/epoch_model_19_0.7757009345794392.pt: Copied (new)
2026/07/14 22:02:44 INFO  : HateMM/RAC_tarc_g1/RAC_lr0.0001_Bz64_Ep30_cosSim_triplet_drop[0.2, 0.4, 0.1]_topK20__PseudoGold_positive_1_hard_negative_1_seed2_hybrid_loss_v3lt0.5_tarc-gt_oracle-lt0.5_ORACLE_CEILING/ckpt/epoch_model_20_0.7663551401869159.pt: Copied (new)
2026/07/14 22:02:44 INFO  : HateMM/RAC_tarc_g1/RAC_lr0.0001_Bz64_Ep30_cosSim_triplet_drop[0.2, 0.4, 0.1]_topK20__PseudoGold_positive_1_hard_negative_1_seed2_hybrid_loss_v3lt0.5_tarc-gt_oracle-lt0.5_ORACLE_CEILING/ckpt/epoch_model_22_0.7850467289719626.pt: Copied (new)
2026/07/14 22:02:44 INFO  : HateMM/RAC_tarc_g1/RAC_lr0.0001_Bz64_Ep30_cosSim_triplet_drop[0.2, 0.4, 0.1]_topK20__PseudoGold_positive_1_hard_negative_1_seed2_hybrid_loss_v3lt0.5_tarc-gt_oracle-lt0.5_ORACLE_CEILING/ckpt/epoch_model_25_0.794392523364486.pt: Copied (new)
2026/07/14 22:02:45 INFO  : HateMM/RAC_tarc_g1/RAC_lr0.0001_Bz64_Ep30_cosSim_triplet_drop[0.2, 0.4, 0.1]_topK20__PseudoGold_positive_1_hard_negative_1_seed2_hybrid_loss_v3lt0.5_tarc-gt_oracle-lt0.5_ORACLE_CEILING/ckpt/epoch_model_27_0.8130841121495327.pt: Copied (new)
2026/07/14 22:02:45 INFO  : HateMM/RAC_tarc_g1/RAC_lr0.0001_Bz64_Ep30_cosSim_triplet_drop[0.2, 0.4, 0.1]_topK20__PseudoGold_positive_1_hard_negative_1_seed2_hybrid_loss_v3lt0.5_tarc-gt_oracle-lt0.5_ORACLE_CEILING/ckpt/epoch_model_23_0.7570093457943925.pt: Copied (new)
2026/07/14 22:02:46 INFO  : HateMM/RAC_tarc_g1/RAC_lr0.0001_Bz64_Ep30_cosSim_triplet_drop[0.2, 0.4, 0.1]_topK20__PseudoGold_positive_1_hard_negative_1_seed2_hybrid_loss_v3lt0.5_tarc-gt_oracle-lt0.5_ORACLE_CEILING/ckpt/epoch_model_26_0.7850467289719626.pt: Copied (new)
2026/07/14 22:02:46 INFO  : HateMM/RAC_tarc_g1/RAC_lr0.0001_Bz64_Ep30_cosSim_triplet_drop[0.2, 0.4, 0.1]_topK20__PseudoGold_positive_1_hard_negative_1_seed2_hybrid_loss_v3lt0.5_tarc-gt_oracle-lt0.5_ORACLE_CEILING/ckpt/epoch_model_28_0.8037383177570093.pt: Copied (new)
2026/07/14 22:02:46 INFO  : HateMM/RAC_tarc_g1/RAC_lr0.0001_Bz64_Ep30_cosSim_triplet_drop[0.2, 0.4, 0.1]_topK20__PseudoGold_positive_1_hard_negative_1_seed2_hybrid_loss_v3lt0.5_tarc-gt_oracle-lt0.5_ORACLE_CEILING/ckpt/epoch_model_29_0.8037383177570093.pt: Copied (new)
2026/07/14 22:02:46 INFO  : HateMM/RAC_tarc_g1/RAC_lr0.0001_Bz64_Ep30_cosSim_triplet_drop[0.2, 0.4, 0.1]_topK20__PseudoGold_positive_1_hard_negative_1_seed2_hybrid_loss_v3lt0.5_tarc-gt_oracle-lt0.5_ORACLE_CEILING/ckpt/epoch_model_4_0.7570093457943925.pt: Copied (new)
2026/07/14 22:02:46 INFO  : HateMM/RAC_tarc_g1/RAC_lr0.0001_Bz64_Ep30_cosSim_triplet_drop[0.2, 0.4, 0.1]_topK20__PseudoGold_positive_1_hard_negative_1_seed2_hybrid_loss_v3lt0.5_tarc-gt_oracle-lt0.5_ORACLE_CEILING/ckpt/epoch_model_3_0.7570093457943925.pt: Copied (new)
2026/07/14 22:02:47 INFO  : HateMM/RAC_tarc_g1/RAC_lr0.0001_Bz64_Ep30_cosSim_triplet_drop[0.2, 0.4, 0.1]_topK20__PseudoGold_positive_1_hard_negative_1_seed2_hybrid_loss_v3lt0.5_tarc-gt_oracle-lt0.5_ORACLE_CEILING/ckpt/epoch_model_2_0.7570093457943925.pt: Copied (new)
2026/07/14 22:02:48 INFO  : HateMM/RAC_tarc_g1/RAC_lr0.0001_Bz64_Ep30_cosSim_triplet_drop[0.2, 0.4, 0.1]_topK20__PseudoGold_positive_1_hard_negative_1_seed2_hybrid_loss_v3lt0.5_tarc-gt_oracle-lt0.5_ORACLE_CEILING/ckpt/epoch_model_8_0.7663551401869159.pt: Copied (new)
2026/07/14 22:02:48 INFO  : HateMM/RAC_tarc_g1/RAC_lr0.0001_Bz64_Ep30_cosSim_triplet_drop[0.2, 0.4, 0.1]_topK20__PseudoGold_positive_1_hard_negative_1_seed2_hybrid_loss_v3lt0.5_tarc-gt_oracle-lt0.5_ORACLE_CEILING/ckpt/last_model_29_0.8037383177570093.pt: Copied (new)
2026/07/14 22:02:48 INFO  : HateMM/RAC_tarc_g1/RAC_lr0.0001_Bz64_Ep30_cosSim_triplet_drop[0.2, 0.4, 0.1]_topK20__PseudoGold_positive_1_hard_negative_1_seed2_hybrid_loss_v3lt0.5_tarc-gt_oracle-lt0.5_ORACLE_CEILING/ckpt/epoch_model_7_0.7570093457943925.pt: Copied (new)
2026/07/14 22:02:49 INFO  : HateMM/RAC_tarc_g1/RAC_lr0.0001_Bz64_Ep30_cosSim_triplet_drop[0.2, 0.4, 0.1]_topK20__PseudoGold_positive_1_hard_negative_1_seed2_hybrid_loss_v3lt0.5_tarc-gt_oracle-lt0.5_ORACLE_CEILING/ckpt/epoch_model_9_0.7663551401869159.pt: Copied (new)
2026/07/14 22:02:49 INFO  : HateMM/RAC_tarc_g1/RAC_lr0.0001_Bz64_Ep30_cosSim_triplet_drop[0.2, 0.4, 0.1]_topK20__PseudoGold_positive_1_hard_negative_1_seed2_hybrid_loss_v3lt0.5_tarc-gt_oracle-lt0.5_ORACLE_CEILING/ckpt/epoch_model_6_0.7663551401869159.pt: Copied (new)
2026/07/14 22:02:50 INFO  : HateMM/RAC_tarc_g2rt/RAC_lr0.0001_Bz64_Ep30_cosSim_triplet_drop[0.2, 0.4, 0.1]_topK20__PseudoGold_positive_1_hard_negative_1_seed1_hybrid_loss_v1prefer_mllm_tarc-mllm_pred-hnprefer/ckpt/best_model_19_0.8411214953271028.pt: Copied (new)
2026/07/14 22:02:50 INFO  : HateMM/RAC_tarc_g1/RAC_lr0.0001_Bz64_Ep30_cosSim_triplet_drop[0.2, 0.4, 0.1]_topK20__PseudoGold_positive_1_hard_negative_1_seed2_hybrid_loss_v3lt0.5_tarc-gt_oracle-lt0.5_ORACLE_CEILING/ckpt/epoch_model_24_0.7663551401869159.pt: Copied (new)
2026/07/14 22:02:50 INFO  : HateMM/RAC_tarc_g2rt/RAC_lr0.0001_Bz64_Ep30_cosSim_triplet_drop[0.2, 0.4, 0.1]_topK20__PseudoGold_positive_1_hard_negative_1_seed1_hybrid_loss_v1prefer_mllm_tarc-mllm_pred-hnprefer/ckpt/best_model_12_0.8037383177570093.pt: Copied (new)
2026/07/14 22:02:51 INFO  : HateMM/RAC_tarc_g2rt/RAC_lr0.0001_Bz64_Ep30_cosSim_triplet_drop[0.2, 0.4, 0.1]_topK20__PseudoGold_positive_1_hard_negative_1_seed1_hybrid_loss_v1prefer_mllm_tarc-mllm_pred-hnprefer/ckpt/best_model_24_0.8598130841121495.pt: Copied (new)
2026/07/14 22:02:51 INFO  : HateMM/RAC_tarc_g2rt/RAC_lr0.0001_Bz64_Ep30_cosSim_triplet_drop[0.2, 0.4, 0.1]_topK20__PseudoGold_positive_1_hard_negative_1_seed1_hybrid_loss_v1prefer_mllm_tarc-mllm_pred-hnprefer/ckpt/best_model_21_0.8504672897196262.pt: Copied (new)
2026/07/14 22:02:51 INFO  : HateMM/RAC_tarc_g2rt/RAC_lr0.0001_Bz64_Ep30_cosSim_triplet_drop[0.2, 0.4, 0.1]_topK20__PseudoGold_positive_1_hard_negative_1_seed1_hybrid_loss_v1prefer_mllm_tarc-mllm_pred-hnprefer/ckpt/best_model_13_0.8317757009345794.pt: Copied (new)
2026/07/14 22:02:52 INFO  : HateMM/RAC_tarc_g2rt/RAC_lr0.0001_Bz64_Ep30_cosSim_triplet_drop[0.2, 0.4, 0.1]_topK20__PseudoGold_positive_1_hard_negative_1_seed1_hybrid_loss_v1prefer_mllm_tarc-mllm_pred-hnprefer/ckpt/best_model_6_0.794392523364486.pt: Copied (new)
2026/07/14 22:02:52 INFO  : HateMM/RAC_tarc_g2rt/RAC_lr0.0001_Bz64_Ep30_cosSim_triplet_drop[0.2, 0.4, 0.1]_topK20__PseudoGold_positive_1_hard_negative_1_seed1_hybrid_loss_v1prefer_mllm_tarc-mllm_pred-hnprefer/ckpt/best_model_5_0.794392523364486.pt: Copied (new)
2026/07/14 22:02:53 INFO  : HateMM/RAC_tarc_g2rt/RAC_lr0.0001_Bz64_Ep30_cosSim_triplet_drop[0.2, 0.4, 0.1]_topK20__PseudoGold_positive_1_hard_negative_1_seed1_hybrid_loss_v1prefer_mllm_tarc-mllm_pred-hnprefer/ckpt/epoch_model_11_0.7850467289719626.pt: Copied (new)
2026/07/14 22:02:53 INFO  : HateMM/RAC_tarc_g2rt/RAC_lr0.0001_Bz64_Ep30_cosSim_triplet_drop[0.2, 0.4, 0.1]_topK20__PseudoGold_positive_1_hard_negative_1_seed1_hybrid_loss_v1prefer_mllm_tarc-mllm_pred-hnprefer/ckpt/epoch_model_12_0.8037383177570093.pt: Copied (new)
2026/07/14 22:02:53 INFO  : HateMM/RAC_tarc_g2rt/RAC_lr0.0001_Bz64_Ep30_cosSim_triplet_drop[0.2, 0.4, 0.1]_topK20__PseudoGold_positive_1_hard_negative_1_seed1_hybrid_loss_v1prefer_mllm_tarc-mllm_pred-hnprefer/ckpt/epoch_model_0_0.7663551401869159.pt: Copied (new)
2026/07/14 22:02:53 INFO  : HateMM/RAC_tarc_g2rt/RAC_lr0.0001_Bz64_Ep30_cosSim_triplet_drop[0.2, 0.4, 0.1]_topK20__PseudoGold_positive_1_hard_negative_1_seed1_hybrid_loss_v1prefer_mllm_tarc-mllm_pred-hnprefer/ckpt/epoch_model_13_0.8317757009345794.pt: Copied (new)
2026/07/14 22:02:54 INFO  : HateMM/RAC_tarc_g2rt/RAC_lr0.0001_Bz64_Ep30_cosSim_triplet_drop[0.2, 0.4, 0.1]_topK20__PseudoGold_positive_1_hard_negative_1_seed1_hybrid_loss_v1prefer_mllm_tarc-mllm_pred-hnprefer/ckpt/epoch_model_10_0.7757009345794392.pt: Copied (new)
2026/07/14 22:02:54 INFO  : HateMM/RAC_tarc_g2rt/RAC_lr0.0001_Bz64_Ep30_cosSim_triplet_drop[0.2, 0.4, 0.1]_topK20__PseudoGold_positive_1_hard_negative_1_seed1_hybrid_loss_v1prefer_mllm_tarc-mllm_pred-hnprefer/ckpt/epoch_model_14_0.8130841121495327.pt: Copied (new)
2026/07/14 22:02:54 INFO  : HateMM/RAC_tarc_g1/RAC_lr0.0001_Bz64_Ep30_cosSim_triplet_drop[0.2, 0.4, 0.1]_topK20__PseudoGold_positive_1_hard_negative_1_seed2_hybrid_loss_v3lt0.5_tarc-gt_oracle-lt0.5_ORACLE_CEILING/ckpt/epoch_model_5_0.7663551401869159.pt: Copied (new)
2026/07/14 22:02:55 INFO  : HateMM/RAC_tarc_g2rt/RAC_lr0.0001_Bz64_Ep30_cosSim_triplet_drop[0.2, 0.4, 0.1]_topK20__PseudoGold_positive_1_hard_negative_1_seed1_hybrid_loss_v1prefer_mllm_tarc-mllm_pred-hnprefer/ckpt/epoch_model_15_0.7757009345794392.pt: Copied (new)
2026/07/14 22:02:55 INFO  : HateMM/RAC_tarc_g2rt/RAC_lr0.0001_Bz64_Ep30_cosSim_triplet_drop[0.2, 0.4, 0.1]_topK20__PseudoGold_positive_1_hard_negative_1_seed1_hybrid_loss_v1prefer_mllm_tarc-mllm_pred-hnprefer/ckpt/epoch_model_20_0.822429906542056.pt: Copied (new)
2026/07/14 22:02:55 INFO  : HateMM/RAC_tarc_g2rt/RAC_lr0.0001_Bz64_Ep30_cosSim_triplet_drop[0.2, 0.4, 0.1]_topK20__PseudoGold_positive_1_hard_negative_1_seed1_hybrid_loss_v1prefer_mllm_tarc-mllm_pred-hnprefer/ckpt/epoch_model_16_0.794392523364486.pt: Copied (new)
2026/07/14 22:02:55 INFO  : HateMM/RAC_tarc_g2rt/RAC_lr0.0001_Bz64_Ep30_cosSim_triplet_drop[0.2, 0.4, 0.1]_topK20__PseudoGold_positive_1_hard_negative_1_seed1_hybrid_loss_v1prefer_mllm_tarc-mllm_pred-hnprefer/ckpt/epoch_model_19_0.8411214953271028.pt: Copied (new)
2026/07/14 22:02:56 INFO  : HateMM/RAC_tarc_g2rt/RAC_lr0.0001_Bz64_Ep30_cosSim_triplet_drop[0.2, 0.4, 0.1]_topK20__PseudoGold_positive_1_hard_negative_1_seed1_hybrid_loss_v1prefer_mllm_tarc-mllm_pred-hnprefer/ckpt/epoch_model_17_0.822429906542056.pt: Copied (new)
2026/07/14 22:02:57 INFO  : HateMM/RAC_tarc_g2rt/RAC_lr0.0001_Bz64_Ep30_cosSim_triplet_drop[0.2, 0.4, 0.1]_topK20__PseudoGold_positive_1_hard_negative_1_seed1_hybrid_loss_v1prefer_mllm_tarc-mllm_pred-hnprefer/ckpt/epoch_model_1_0.7663551401869159.pt: Copied (new)
2026/07/14 22:02:57 INFO  : HateMM/RAC_tarc_g2rt/RAC_lr0.0001_Bz64_Ep30_cosSim_triplet_drop[0.2, 0.4, 0.1]_topK20__PseudoGold_positive_1_hard_negative_1_seed1_hybrid_loss_v1prefer_mllm_tarc-mllm_pred-hnprefer/ckpt/epoch_model_23_0.8411214953271028.pt: Copied (new)
2026/07/14 22:02:57 INFO  : HateMM/RAC_tarc_g2rt/RAC_lr0.0001_Bz64_Ep30_cosSim_triplet_drop[0.2, 0.4, 0.1]_topK20__PseudoGold_positive_1_hard_negative_1_seed1_hybrid_loss_v1prefer_mllm_tarc-mllm_pred-hnprefer/ckpt/epoch_model_25_0.822429906542056.pt: Copied (new)
2026/07/14 22:02:57 INFO  : HateMM/RAC_tarc_g2rt/RAC_lr0.0001_Bz64_Ep30_cosSim_triplet_drop[0.2, 0.4, 0.1]_topK20__PseudoGold_positive_1_hard_negative_1_seed1_hybrid_loss_v1prefer_mllm_tarc-mllm_pred-hnprefer/ckpt/epoch_model_21_0.8504672897196262.pt: Copied (new)
2026/07/14 22:02:57 INFO  : HateMM/RAC_tarc_g2rt/RAC_lr0.0001_Bz64_Ep30_cosSim_triplet_drop[0.2, 0.4, 0.1]_topK20__PseudoGold_positive_1_hard_negative_1_seed1_hybrid_loss_v1prefer_mllm_tarc-mllm_pred-hnprefer/ckpt/epoch_model_24_0.8598130841121495.pt: Copied (new)
2026/07/14 22:02:58 INFO  : HateMM/RAC_tarc_g2rt/RAC_lr0.0001_Bz64_Ep30_cosSim_triplet_drop[0.2, 0.4, 0.1]_topK20__PseudoGold_positive_1_hard_negative_1_seed1_hybrid_loss_v1prefer_mllm_tarc-mllm_pred-hnprefer/ckpt/epoch_model_22_0.8411214953271028.pt: Copied (new)
2026/07/14 22:02:58 INFO  : HateMM/RAC_tarc_g2rt/RAC_lr0.0001_Bz64_Ep30_cosSim_triplet_drop[0.2, 0.4, 0.1]_topK20__PseudoGold_positive_1_hard_negative_1_seed1_hybrid_loss_v1prefer_mllm_tarc-mllm_pred-hnprefer/ckpt/epoch_model_26_0.8411214953271028.pt: Copied (new)
2026/07/14 22:02:59 INFO  : HateMM/RAC_tarc_g2rt/RAC_lr0.0001_Bz64_Ep30_cosSim_triplet_drop[0.2, 0.4, 0.1]_topK20__PseudoGold_positive_1_hard_negative_1_seed1_hybrid_loss_v1prefer_mllm_tarc-mllm_pred-hnprefer/ckpt/epoch_model_28_0.8130841121495327.pt: Copied (new)
2026/07/14 22:02:59 INFO  : HateMM/RAC_tarc_g2rt/RAC_lr0.0001_Bz64_Ep30_cosSim_triplet_drop[0.2, 0.4, 0.1]_topK20__PseudoGold_positive_1_hard_negative_1_seed1_hybrid_loss_v1prefer_mllm_tarc-mllm_pred-hnprefer/ckpt/epoch_model_29_0.822429906542056.pt: Copied (new)
2026/07/14 22:03:00 INFO  : HateMM/RAC_tarc_g2rt/RAC_lr0.0001_Bz64_Ep30_cosSim_triplet_drop[0.2, 0.4, 0.1]_topK20__PseudoGold_positive_1_hard_negative_1_seed1_hybrid_loss_v1prefer_mllm_tarc-mllm_pred-hnprefer/ckpt/epoch_model_3_0.794392523364486.pt: Copied (new)
2026/07/14 22:03:00 INFO  : HateMM/RAC_tarc_g2rt/RAC_lr0.0001_Bz64_Ep30_cosSim_triplet_drop[0.2, 0.4, 0.1]_topK20__PseudoGold_positive_1_hard_negative_1_seed1_hybrid_loss_v1prefer_mllm_tarc-mllm_pred-hnprefer/ckpt/epoch_model_2_0.794392523364486.pt: Copied (new)
2026/07/14 22:03:00 INFO  : HateMM/RAC_tarc_g2rt/RAC_lr0.0001_Bz64_Ep30_cosSim_triplet_drop[0.2, 0.4, 0.1]_topK20__PseudoGold_positive_1_hard_negative_1_seed1_hybrid_loss_v1prefer_mllm_tarc-mllm_pred-hnprefer/ckpt/epoch_model_5_0.794392523364486.pt: Copied (new)
2026/07/14 22:03:01 INFO  : HateMM/RAC_tarc_g2rt/RAC_lr0.0001_Bz64_Ep30_cosSim_triplet_drop[0.2, 0.4, 0.1]_topK20__PseudoGold_positive_1_hard_negative_1_seed1_hybrid_loss_v1prefer_mllm_tarc-mllm_pred-hnprefer/ckpt/epoch_model_27_0.8130841121495327.pt: Copied (new)
2026/07/14 22:03:01 INFO  : HateMM/RAC_tarc_g2rt/RAC_lr0.0001_Bz64_Ep30_cosSim_triplet_drop[0.2, 0.4, 0.1]_topK20__PseudoGold_positive_1_hard_negative_1_seed1_hybrid_loss_v1prefer_mllm_tarc-mllm_pred-hnprefer/ckpt/epoch_model_6_0.794392523364486.pt: Copied (new)
2026/07/14 22:03:01 INFO  : HateMM/RAC_tarc_g2rt/RAC_lr0.0001_Bz64_Ep30_cosSim_triplet_drop[0.2, 0.4, 0.1]_topK20__PseudoGold_positive_1_hard_negative_1_seed1_hybrid_loss_v1prefer_mllm_tarc-mllm_pred-hnprefer/ckpt/epoch_model_4_0.8037383177570093.pt: Copied (new)
2026/07/14 22:03:01 INFO  : HateMM/RAC_tarc_g2rt/RAC_lr0.0001_Bz64_Ep30_cosSim_triplet_drop[0.2, 0.4, 0.1]_topK20__PseudoGold_positive_1_hard_negative_1_seed1_hybrid_loss_v1prefer_mllm_tarc-mllm_pred-hnprefer/ckpt/epoch_model_7_0.7850467289719626.pt: Copied (new)
2026/07/14 22:03:02 INFO  : HateMM/RAC_tarc_g2rt/RAC_lr0.0001_Bz64_Ep30_cosSim_triplet_drop[0.2, 0.4, 0.1]_topK20__PseudoGold_positive_1_hard_negative_1_seed1_hybrid_loss_v1prefer_mllm_tarc-mllm_pred-hnprefer/ckpt/epoch_model_8_0.7663551401869159.pt: Copied (new)
2026/07/14 22:03:02 INFO  : HateMM/RAC_tarc_g2rt/RAC_lr0.0001_Bz64_Ep30_cosSim_triplet_drop[0.2, 0.4, 0.1]_topK20__PseudoGold_positive_1_hard_negative_1_seed1_hybrid_loss_v1prefer_mllm_tarc-mllm_pred-hnprefer/ckpt/last_model_29_0.822429906542056.pt: Copied (new)
2026/07/14 22:03:02 INFO  : HateMM/RAC_tarc_g2rt/RAC_lr0.0001_Bz64_Ep30_cosSim_triplet_drop[0.2, 0.4, 0.1]_topK20__PseudoGold_positive_1_hard_negative_1_seed1_hybrid_loss_v3lt0.1_mllm_tarc-mllm_pred-lt0.1/ckpt/best_model_24_0.8130841121495327.pt: Copied (new)
2026/07/14 22:03:04 INFO  : HateMM/RAC_tarc_g2rt/RAC_lr0.0001_Bz64_Ep30_cosSim_triplet_drop[0.2, 0.4, 0.1]_topK20__PseudoGold_positive_1_hard_negative_1_seed1_hybrid_loss_v3lt0.1_mllm_tarc-mllm_pred-lt0.1/ckpt/best_model_27_0.8598130841121495.pt: Copied (new)
2026/07/14 22:03:04 INFO  : HateMM/RAC_tarc_g2rt/RAC_lr0.0001_Bz64_Ep30_cosSim_triplet_drop[0.2, 0.4, 0.1]_topK20__PseudoGold_positive_1_hard_negative_1_seed1_hybrid_loss_v1prefer_mllm_tarc-mllm_pred-hnprefer/ckpt/epoch_model_18_0.8130841121495327.pt: Copied (new)
2026/07/14 22:03:04 INFO  : HateMM/RAC_tarc_g2rt/RAC_lr0.0001_Bz64_Ep30_cosSim_triplet_drop[0.2, 0.4, 0.1]_topK20__PseudoGold_positive_1_hard_negative_1_seed1_hybrid_loss_v3lt0.1_mllm_tarc-mllm_pred-lt0.1/ckpt/epoch_model_0_0.7476635514018691.pt: Copied (new)
2026/07/14 22:03:04 INFO  : HateMM/RAC_tarc_g2rt/RAC_lr0.0001_Bz64_Ep30_cosSim_triplet_drop[0.2, 0.4, 0.1]_topK20__PseudoGold_positive_1_hard_negative_1_seed1_hybrid_loss_v3lt0.1_mllm_tarc-mllm_pred-lt0.1/ckpt/best_model_25_0.8130841121495327.pt: Copied (new)
2026/07/14 22:03:05 INFO  : HateMM/RAC_tarc_g2rt/RAC_lr0.0001_Bz64_Ep30_cosSim_triplet_drop[0.2, 0.4, 0.1]_topK20__PseudoGold_positive_1_hard_negative_1_seed1_hybrid_loss_v3lt0.1_mllm_tarc-mllm_pred-lt0.1/ckpt/best_model_5_0.794392523364486.pt: Copied (new)
2026/07/14 22:03:06 INFO  : HateMM/RAC_tarc_g2rt/RAC_lr0.0001_Bz64_Ep30_cosSim_triplet_drop[0.2, 0.4, 0.1]_topK20__PseudoGold_positive_1_hard_negative_1_seed1_hybrid_loss_v3lt0.1_mllm_tarc-mllm_pred-lt0.1/ckpt/epoch_model_12_0.7663551401869159.pt: Copied (new)
2026/07/14 22:03:06 INFO  : HateMM/RAC_tarc_g2rt/RAC_lr0.0001_Bz64_Ep30_cosSim_triplet_drop[0.2, 0.4, 0.1]_topK20__PseudoGold_positive_1_hard_negative_1_seed1_hybrid_loss_v3lt0.1_mllm_tarc-mllm_pred-lt0.1/ckpt/best_model_16_0.8037383177570093.pt: Copied (new)
2026/07/14 22:03:07 INFO  : HateMM/RAC_tarc_g2rt/RAC_lr0.0001_Bz64_Ep30_cosSim_triplet_drop[0.2, 0.4, 0.1]_topK20__PseudoGold_positive_1_hard_negative_1_seed1_hybrid_loss_v3lt0.1_mllm_tarc-mllm_pred-lt0.1/ckpt/epoch_model_14_0.7850467289719626.pt: Copied (new)
2026/07/14 22:03:07 INFO  : HateMM/RAC_tarc_g2rt/RAC_lr0.0001_Bz64_Ep30_cosSim_triplet_drop[0.2, 0.4, 0.1]_topK20__PseudoGold_positive_1_hard_negative_1_seed1_hybrid_loss_v3lt0.1_mllm_tarc-mllm_pred-lt0.1/ckpt/epoch_model_10_0.7383177570093458.pt: Copied (new)
2026/07/14 22:03:08 INFO  : HateMM/RAC_tarc_g2rt/RAC_lr0.0001_Bz64_Ep30_cosSim_triplet_drop[0.2, 0.4, 0.1]_topK20__PseudoGold_positive_1_hard_negative_1_seed1_hybrid_loss_v3lt0.1_mllm_tarc-mllm_pred-lt0.1/ckpt/epoch_model_13_0.7663551401869159.pt: Copied (new)
2026/07/14 22:03:08 INFO  : HateMM/RAC_tarc_g2rt/RAC_lr0.0001_Bz64_Ep30_cosSim_triplet_drop[0.2, 0.4, 0.1]_topK20__PseudoGold_positive_1_hard_negative_1_seed1_hybrid_loss_v3lt0.1_mllm_tarc-mllm_pred-lt0.1/ckpt/epoch_model_15_0.7850467289719626.pt: Copied (new)
2026/07/14 22:03:08 INFO  : HateMM/RAC_tarc_g2rt/RAC_lr0.0001_Bz64_Ep30_cosSim_triplet_drop[0.2, 0.4, 0.1]_topK20__PseudoGold_positive_1_hard_negative_1_seed1_hybrid_loss_v3lt0.1_mllm_tarc-mllm_pred-lt0.1/ckpt/epoch_model_11_0.7570093457943925.pt: Copied (new)
2026/07/14 22:03:09 INFO  : HateMM/RAC_tarc_g2rt/RAC_lr0.0001_Bz64_Ep30_cosSim_triplet_drop[0.2, 0.4, 0.1]_topK20__PseudoGold_positive_1_hard_negative_1_seed1_hybrid_loss_v3lt0.1_mllm_tarc-mllm_pred-lt0.1/ckpt/epoch_model_17_0.7850467289719626.pt: Copied (new)
2026/07/14 22:03:09 INFO  : HateMM/RAC_tarc_g2rt/RAC_lr0.0001_Bz64_Ep30_cosSim_triplet_drop[0.2, 0.4, 0.1]_topK20__PseudoGold_positive_1_hard_negative_1_seed1_hybrid_loss_v3lt0.1_mllm_tarc-mllm_pred-lt0.1/ckpt/epoch_model_18_0.8037383177570093.pt: Copied (new)
2026/07/14 22:03:10 INFO  : HateMM/RAC_tarc_g2rt/RAC_lr0.0001_Bz64_Ep30_cosSim_triplet_drop[0.2, 0.4, 0.1]_topK20__PseudoGold_positive_1_hard_negative_1_seed1_hybrid_loss_v3lt0.1_mllm_tarc-mllm_pred-lt0.1/ckpt/epoch_model_1_0.7663551401869159.pt: Copied (new)
2026/07/14 22:03:11 INFO  : HateMM/RAC_tarc_g2rt/RAC_lr0.0001_Bz64_Ep30_cosSim_triplet_drop[0.2, 0.4, 0.1]_topK20__PseudoGold_positive_1_hard_negative_1_seed1_hybrid_loss_v3lt0.1_mllm_tarc-mllm_pred-lt0.1/ckpt/epoch_model_22_0.7850467289719626.pt: Copied (new)
2026/07/14 22:03:11 INFO  : HateMM/RAC_tarc_g2rt/RAC_lr0.0001_Bz64_Ep30_cosSim_triplet_drop[0.2, 0.4, 0.1]_topK20__PseudoGold_positive_1_hard_negative_1_seed1_hybrid_loss_v3lt0.1_mllm_tarc-mllm_pred-lt0.1/ckpt/epoch_model_19_0.7757009345794392.pt: Copied (new)
2026/07/14 22:03:11 INFO  : HateMM/RAC_tarc_g2rt/RAC_lr0.0001_Bz64_Ep30_cosSim_triplet_drop[0.2, 0.4, 0.1]_topK20__PseudoGold_positive_1_hard_negative_1_seed1_hybrid_loss_v1prefer_mllm_tarc-mllm_pred-hnprefer/ckpt/epoch_model_9_0.7757009345794392.pt: Copied (new)
2026/07/14 22:03:11 INFO  : HateMM/RAC_tarc_g2rt/RAC_lr0.0001_Bz64_Ep30_cosSim_triplet_drop[0.2, 0.4, 0.1]_topK20__PseudoGold_positive_1_hard_negative_1_seed1_hybrid_loss_v3lt0.1_mllm_tarc-mllm_pred-lt0.1/ckpt/epoch_model_21_0.794392523364486.pt: Copied (new)
2026/07/14 22:03:11 INFO  : HateMM/RAC_tarc_g2rt/RAC_lr0.0001_Bz64_Ep30_cosSim_triplet_drop[0.2, 0.4, 0.1]_topK20__PseudoGold_positive_1_hard_negative_1_seed1_hybrid_loss_v3lt0.1_mllm_tarc-mllm_pred-lt0.1/ckpt/best_model_26_0.8317757009345794.pt: Copied (new)
2026/07/14 22:03:12 INFO  : HateMM/RAC_tarc_g2rt/RAC_lr0.0001_Bz64_Ep30_cosSim_triplet_drop[0.2, 0.4, 0.1]_topK20__PseudoGold_positive_1_hard_negative_1_seed1_hybrid_loss_v3lt0.1_mllm_tarc-mllm_pred-lt0.1/ckpt/epoch_model_23_0.7850467289719626.pt: Copied (new)
2026/07/14 22:03:13 INFO  : HateMM/RAC_tarc_g2rt/RAC_lr0.0001_Bz64_Ep30_cosSim_triplet_drop[0.2, 0.4, 0.1]_topK20__PseudoGold_positive_1_hard_negative_1_seed1_hybrid_loss_v3lt0.1_mllm_tarc-mllm_pred-lt0.1/ckpt/epoch_model_27_0.8598130841121495.pt: Copied (new)
2026/07/14 22:03:13 INFO  : HateMM/RAC_tarc_g2rt/RAC_lr0.0001_Bz64_Ep30_cosSim_triplet_drop[0.2, 0.4, 0.1]_topK20__PseudoGold_positive_1_hard_negative_1_seed1_hybrid_loss_v3lt0.1_mllm_tarc-mllm_pred-lt0.1/ckpt/epoch_model_24_0.8130841121495327.pt: Copied (new)
2026/07/14 22:03:13 INFO  : HateMM/RAC_tarc_g2rt/RAC_lr0.0001_Bz64_Ep30_cosSim_triplet_drop[0.2, 0.4, 0.1]_topK20__PseudoGold_positive_1_hard_negative_1_seed1_hybrid_loss_v3lt0.1_mllm_tarc-mllm_pred-lt0.1/ckpt/epoch_model_29_0.822429906542056.pt: Copied (new)
2026/07/14 22:03:13 INFO  : HateMM/RAC_tarc_g2rt/RAC_lr0.0001_Bz64_Ep30_cosSim_triplet_drop[0.2, 0.4, 0.1]_topK20__PseudoGold_positive_1_hard_negative_1_seed1_hybrid_loss_v3lt0.1_mllm_tarc-mllm_pred-lt0.1/ckpt/epoch_model_25_0.8130841121495327.pt: Copied (new)
2026/07/14 22:03:14 INFO  : HateMM/RAC_tarc_g2rt/RAC_lr0.0001_Bz64_Ep30_cosSim_triplet_drop[0.2, 0.4, 0.1]_topK20__PseudoGold_positive_1_hard_negative_1_seed1_hybrid_loss_v3lt0.1_mllm_tarc-mllm_pred-lt0.1/ckpt/epoch_model_20_0.7757009345794392.pt: Copied (new)
2026/07/14 22:03:15 INFO  : HateMM/RAC_tarc_g2rt/RAC_lr0.0001_Bz64_Ep30_cosSim_triplet_drop[0.2, 0.4, 0.1]_topK20__PseudoGold_positive_1_hard_negative_1_seed1_hybrid_loss_v3lt0.1_mllm_tarc-mllm_pred-lt0.1/ckpt/epoch_model_2_0.7570093457943925.pt: Copied (new)
2026/07/14 22:03:15 INFO  : HateMM/RAC_tarc_g2rt/RAC_lr0.0001_Bz64_Ep30_cosSim_triplet_drop[0.2, 0.4, 0.1]_topK20__PseudoGold_positive_1_hard_negative_1_seed1_hybrid_loss_v3lt0.1_mllm_tarc-mllm_pred-lt0.1/ckpt/epoch_model_26_0.8317757009345794.pt: Copied (new)
2026/07/14 22:03:15 INFO  : HateMM/RAC_tarc_g2rt/RAC_lr0.0001_Bz64_Ep30_cosSim_triplet_drop[0.2, 0.4, 0.1]_topK20__PseudoGold_positive_1_hard_negative_1_seed1_hybrid_loss_v3lt0.1_mllm_tarc-mllm_pred-lt0.1/ckpt/epoch_model_4_0.794392523364486.pt: Copied (new)
2026/07/14 22:03:16 INFO  : HateMM/RAC_tarc_g2rt/RAC_lr0.0001_Bz64_Ep30_cosSim_triplet_drop[0.2, 0.4, 0.1]_topK20__PseudoGold_positive_1_hard_negative_1_seed1_hybrid_loss_v3lt0.1_mllm_tarc-mllm_pred-lt0.1/ckpt/epoch_model_3_0.7850467289719626.pt: Copied (new)
2026/07/14 22:03:16 INFO  : HateMM/RAC_tarc_g2rt/RAC_lr0.0001_Bz64_Ep30_cosSim_triplet_drop[0.2, 0.4, 0.1]_topK20__PseudoGold_positive_1_hard_negative_1_seed1_hybrid_loss_v3lt0.1_mllm_tarc-mllm_pred-lt0.1/ckpt/epoch_model_6_0.7570093457943925.pt: Copied (new)
2026/07/14 22:03:16 INFO  : HateMM/RAC_tarc_g2rt/RAC_lr0.0001_Bz64_Ep30_cosSim_triplet_drop[0.2, 0.4, 0.1]_topK20__PseudoGold_positive_1_hard_negative_1_seed1_hybrid_loss_v3lt0.1_mllm_tarc-mllm_pred-lt0.1/ckpt/epoch_model_16_0.8037383177570093.pt: Copied (new)
2026/07/14 22:03:17 INFO  : HateMM/RAC_tarc_g2rt/RAC_lr0.0001_Bz64_Ep30_cosSim_triplet_drop[0.2, 0.4, 0.1]_topK20__PseudoGold_positive_1_hard_negative_1_seed1_hybrid_loss_v3lt0.1_mllm_tarc-mllm_pred-lt0.1/ckpt/epoch_model_28_0.8130841121495327.pt: Copied (new)
2026/07/14 22:03:17 INFO  : HateMM/RAC_tarc_g2rt/RAC_lr0.0001_Bz64_Ep30_cosSim_triplet_drop[0.2, 0.4, 0.1]_topK20__PseudoGold_positive_1_hard_negative_1_seed1_hybrid_loss_v3lt0.1_mllm_tarc-mllm_pred-lt0.1/ckpt/epoch_model_5_0.794392523364486.pt: Copied (new)
2026/07/14 22:03:17 INFO  : HateMM/RAC_tarc_g2rt/RAC_lr0.0001_Bz64_Ep30_cosSim_triplet_drop[0.2, 0.4, 0.1]_topK20__PseudoGold_positive_1_hard_negative_1_seed1_hybrid_loss_v3lt0.1_mllm_tarc-mllm_pred-lt0.1/ckpt/epoch_model_7_0.7570093457943925.pt: Copied (new)
2026/07/14 22:03:18 INFO  : HateMM/RAC_tarc_g2rt/RAC_lr0.0001_Bz64_Ep30_cosSim_triplet_drop[0.2, 0.4, 0.1]_topK20__PseudoGold_positive_1_hard_negative_1_seed1_hybrid_loss_v3lt0.1_mllm_tarc-mllm_pred-lt0.1/ckpt/epoch_model_9_0.7383177570093458.pt: Copied (new)
2026/07/14 22:03:18 INFO  : HateMM/RAC_tarc_g2rt/RAC_lr0.0001_Bz64_Ep30_cosSim_triplet_drop[0.2, 0.4, 0.1]_topK20__PseudoGold_positive_1_hard_negative_1_seed1_hybrid_loss_v3lt0.1_mllm_tarc-mllm_pred-lt0.1/ckpt/epoch_model_8_0.7383177570093458.pt: Copied (new)
2026/07/14 22:03:18 INFO  : HateMM/RAC_tarc_g2rt/RAC_lr0.0001_Bz64_Ep30_cosSim_triplet_drop[0.2, 0.4, 0.1]_topK20__PseudoGold_positive_1_hard_negative_1_seed1_hybrid_loss_v3lt0.1_mllm_tarc-mllm_pred-lt0.1/ckpt/last_model_29_0.822429906542056.pt: Copied (new)
2026/07/14 22:03:19 INFO  : HateMM/RAC_tarc_g2rt/RAC_lr0.0001_Bz64_Ep30_cosSim_triplet_drop[0.2, 0.4, 0.1]_topK20__PseudoGold_positive_1_hard_negative_1_seed2_hybrid_loss_v1prefer_mllm_tarc-mllm_pred-hnprefer/ckpt/best_model_5_0.7663551401869159.pt: Copied (new)
2026/07/14 22:03:20 INFO  : HateMM/RAC_tarc_g2rt/RAC_lr0.0001_Bz64_Ep30_cosSim_triplet_drop[0.2, 0.4, 0.1]_topK20__PseudoGold_positive_1_hard_negative_1_seed2_hybrid_loss_v1prefer_mllm_tarc-mllm_pred-hnprefer/ckpt/best_model_6_0.7757009345794392.pt: Copied (new)
2026/07/14 22:03:20 INFO  : HateMM/RAC_tarc_g2rt/RAC_lr0.0001_Bz64_Ep30_cosSim_triplet_drop[0.2, 0.4, 0.1]_topK20__PseudoGold_positive_1_hard_negative_1_seed2_hybrid_loss_v1prefer_mllm_tarc-mllm_pred-hnprefer/ckpt/best_model_11_0.8317757009345794.pt: Copied (new)
2026/07/14 22:03:20 INFO  : HateMM/RAC_tarc_g2rt/RAC_lr0.0001_Bz64_Ep30_cosSim_triplet_drop[0.2, 0.4, 0.1]_topK20__PseudoGold_positive_1_hard_negative_1_seed2_hybrid_loss_v1prefer_mllm_tarc-mllm_pred-hnprefer/ckpt/best_model_24_0.8504672897196262.pt: Copied (new)
2026/07/14 22:03:20 INFO  : HateMM/RAC_tarc_g2rt/RAC_lr0.0001_Bz64_Ep30_cosSim_triplet_drop[0.2, 0.4, 0.1]_topK20__PseudoGold_positive_1_hard_negative_1_seed2_hybrid_loss_v1prefer_mllm_tarc-mllm_pred-hnprefer/ckpt/best_model_21_0.8411214953271028.pt: Copied (new)
2026/07/14 22:03:21 INFO  : HateMM/RAC_tarc_g2rt/RAC_lr0.0001_Bz64_Ep30_cosSim_triplet_drop[0.2, 0.4, 0.1]_topK20__PseudoGold_positive_1_hard_negative_1_seed2_hybrid_loss_v1prefer_mllm_tarc-mllm_pred-hnprefer/ckpt/best_model_8_0.7850467289719626.pt: Copied (new)
2026/07/14 22:03:21 INFO  : HateMM/RAC_tarc_g2rt/RAC_lr0.0001_Bz64_Ep30_cosSim_triplet_drop[0.2, 0.4, 0.1]_topK20__PseudoGold_positive_1_hard_negative_1_seed2_hybrid_loss_v1prefer_mllm_tarc-mllm_pred-hnprefer/ckpt/epoch_model_10_0.7570093457943925.pt: Copied (new)
2026/07/14 22:03:21 INFO  : HateMM/RAC_tarc_g2rt/RAC_lr0.0001_Bz64_Ep30_cosSim_triplet_drop[0.2, 0.4, 0.1]_topK20__PseudoGold_positive_1_hard_negative_1_seed2_hybrid_loss_v1prefer_mllm_tarc-mllm_pred-hnprefer/ckpt/epoch_model_0_0.7757009345794392.pt: Copied (new)
2026/07/14 22:03:22 INFO  : HateMM/RAC_tarc_g2rt/RAC_lr0.0001_Bz64_Ep30_cosSim_triplet_drop[0.2, 0.4, 0.1]_topK20__PseudoGold_positive_1_hard_negative_1_seed2_hybrid_loss_v1prefer_mllm_tarc-mllm_pred-hnprefer/ckpt/epoch_model_11_0.8317757009345794.pt: Copied (new)
2026/07/14 22:03:23 INFO  : HateMM/RAC_tarc_g2rt/RAC_lr0.0001_Bz64_Ep30_cosSim_triplet_drop[0.2, 0.4, 0.1]_topK20__PseudoGold_positive_1_hard_negative_1_seed2_hybrid_loss_v1prefer_mllm_tarc-mllm_pred-hnprefer/ckpt/epoch_model_13_0.7850467289719626.pt: Copied (new)
2026/07/14 22:03:23 INFO  : HateMM/RAC_tarc_g2rt/RAC_lr0.0001_Bz64_Ep30_cosSim_triplet_drop[0.2, 0.4, 0.1]_topK20__PseudoGold_positive_1_hard_negative_1_seed2_hybrid_loss_v1prefer_mllm_tarc-mllm_pred-hnprefer/ckpt/epoch_model_12_0.8037383177570093.pt: Copied (new)
2026/07/14 22:03:23 INFO  : HateMM/RAC_tarc_g2rt/RAC_lr0.0001_Bz64_Ep30_cosSim_triplet_drop[0.2, 0.4, 0.1]_topK20__PseudoGold_positive_1_hard_negative_1_seed2_hybrid_loss_v1prefer_mllm_tarc-mllm_pred-hnprefer/ckpt/epoch_model_14_0.7850467289719626.pt: Copied (new)
2026/07/14 22:03:23 INFO  : HateMM/RAC_tarc_g2rt/RAC_lr0.0001_Bz64_Ep30_cosSim_triplet_drop[0.2, 0.4, 0.1]_topK20__PseudoGold_positive_1_hard_negative_1_seed2_hybrid_loss_v1prefer_mllm_tarc-mllm_pred-hnprefer/ckpt/epoch_model_16_0.8037383177570093.pt: Copied (new)
2026/07/14 22:03:24 INFO  : HateMM/RAC_tarc_g2rt/RAC_lr0.0001_Bz64_Ep30_cosSim_triplet_drop[0.2, 0.4, 0.1]_topK20__PseudoGold_positive_1_hard_negative_1_seed2_hybrid_loss_v1prefer_mllm_tarc-mllm_pred-hnprefer/ckpt/epoch_model_15_0.8037383177570093.pt: Copied (new)
2026/07/14 22:03:25 INFO  : HateMM/RAC_tarc_g2rt/RAC_lr0.0001_Bz64_Ep30_cosSim_triplet_drop[0.2, 0.4, 0.1]_topK20__PseudoGold_positive_1_hard_negative_1_seed2_hybrid_loss_v1prefer_mllm_tarc-mllm_pred-hnprefer/ckpt/epoch_model_17_0.822429906542056.pt: Copied (new)
2026/07/14 22:03:25 INFO  : HateMM/RAC_tarc_g2rt/RAC_lr0.0001_Bz64_Ep30_cosSim_triplet_drop[0.2, 0.4, 0.1]_topK20__PseudoGold_positive_1_hard_negative_1_seed2_hybrid_loss_v1prefer_mllm_tarc-mllm_pred-hnprefer/ckpt/best_model_20_0.8411214953271028.pt: Copied (new)
2026/07/14 22:03:25 INFO  : HateMM/RAC_tarc_g2rt/RAC_lr0.0001_Bz64_Ep30_cosSim_triplet_drop[0.2, 0.4, 0.1]_topK20__PseudoGold_positive_1_hard_negative_1_seed2_hybrid_loss_v1prefer_mllm_tarc-mllm_pred-hnprefer/ckpt/epoch_model_21_0.8411214953271028.pt: Copied (new)
2026/07/14 22:03:25 INFO  : HateMM/RAC_tarc_g2rt/RAC_lr0.0001_Bz64_Ep30_cosSim_triplet_drop[0.2, 0.4, 0.1]_topK20__PseudoGold_positive_1_hard_negative_1_seed2_hybrid_loss_v1prefer_mllm_tarc-mllm_pred-hnprefer/ckpt/epoch_model_19_0.822429906542056.pt: Copied (new)
2026/07/14 22:03:26 INFO  : HateMM/RAC_tarc_g2rt/RAC_lr0.0001_Bz64_Ep30_cosSim_triplet_drop[0.2, 0.4, 0.1]_topK20__PseudoGold_positive_1_hard_negative_1_seed2_hybrid_loss_v1prefer_mllm_tarc-mllm_pred-hnprefer/ckpt/best_model_7_0.7757009345794392.pt: Copied (new)
2026/07/14 22:03:26 INFO  : HateMM/RAC_tarc_g2rt/RAC_lr0.0001_Bz64_Ep30_cosSim_triplet_drop[0.2, 0.4, 0.1]_topK20__PseudoGold_positive_1_hard_negative_1_seed2_hybrid_loss_v1prefer_mllm_tarc-mllm_pred-hnprefer/ckpt/epoch_model_20_0.8411214953271028.pt: Copied (new)
2026/07/14 22:03:27 INFO  : HateMM/RAC_tarc_g2rt/RAC_lr0.0001_Bz64_Ep30_cosSim_triplet_drop[0.2, 0.4, 0.1]_topK20__PseudoGold_positive_1_hard_negative_1_seed2_hybrid_loss_v1prefer_mllm_tarc-mllm_pred-hnprefer/ckpt/epoch_model_1_0.7850467289719626.pt: Copied (new)
2026/07/14 22:03:27 INFO  : HateMM/RAC_tarc_g2rt/RAC_lr0.0001_Bz64_Ep30_cosSim_triplet_drop[0.2, 0.4, 0.1]_topK20__PseudoGold_positive_1_hard_negative_1_seed2_hybrid_loss_v1prefer_mllm_tarc-mllm_pred-hnprefer/ckpt/epoch_model_18_0.822429906542056.pt: Copied (new)
2026/07/14 22:03:27 INFO  : HateMM/RAC_tarc_g2rt/RAC_lr0.0001_Bz64_Ep30_cosSim_triplet_drop[0.2, 0.4, 0.1]_topK20__PseudoGold_positive_1_hard_negative_1_seed2_hybrid_loss_v1prefer_mllm_tarc-mllm_pred-hnprefer/ckpt/epoch_model_25_0.8411214953271028.pt: Copied (new)
2026/07/14 22:03:27 INFO  : HateMM/RAC_tarc_g2rt/RAC_lr0.0001_Bz64_Ep30_cosSim_triplet_drop[0.2, 0.4, 0.1]_topK20__PseudoGold_positive_1_hard_negative_1_seed2_hybrid_loss_v1prefer_mllm_tarc-mllm_pred-hnprefer/ckpt/epoch_model_22_0.8411214953271028.pt: Copied (new)
2026/07/14 22:03:28 INFO  : HateMM/RAC_tarc_g2rt/RAC_lr0.0001_Bz64_Ep30_cosSim_triplet_drop[0.2, 0.4, 0.1]_topK20__PseudoGold_positive_1_hard_negative_1_seed2_hybrid_loss_v1prefer_mllm_tarc-mllm_pred-hnprefer/ckpt/epoch_model_24_0.8504672897196262.pt: Copied (new)
2026/07/14 22:03:28 INFO  : HateMM/RAC_tarc_g2rt/RAC_lr0.0001_Bz64_Ep30_cosSim_triplet_drop[0.2, 0.4, 0.1]_topK20__PseudoGold_positive_1_hard_negative_1_seed2_hybrid_loss_v1prefer_mllm_tarc-mllm_pred-hnprefer/ckpt/epoch_model_27_0.8411214953271028.pt: Copied (new)
2026/07/14 22:03:29 INFO  : HateMM/RAC_tarc_g2rt/RAC_lr0.0001_Bz64_Ep30_cosSim_triplet_drop[0.2, 0.4, 0.1]_topK20__PseudoGold_positive_1_hard_negative_1_seed2_hybrid_loss_v1prefer_mllm_tarc-mllm_pred-hnprefer/ckpt/epoch_model_2_0.7757009345794392.pt: Copied (new)
2026/07/14 22:03:29 INFO  : HateMM/RAC_tarc_g2rt/RAC_lr0.0001_Bz64_Ep30_cosSim_triplet_drop[0.2, 0.4, 0.1]_topK20__PseudoGold_positive_1_hard_negative_1_seed2_hybrid_loss_v1prefer_mllm_tarc-mllm_pred-hnprefer/ckpt/epoch_model_26_0.822429906542056.pt: Copied (new)
2026/07/14 22:03:30 INFO  : HateMM/RAC_tarc_g2rt/RAC_lr0.0001_Bz64_Ep30_cosSim_triplet_drop[0.2, 0.4, 0.1]_topK20__PseudoGold_positive_1_hard_negative_1_seed2_hybrid_loss_v1prefer_mllm_tarc-mllm_pred-hnprefer/ckpt/epoch_model_3_0.7850467289719626.pt: Copied (new)
2026/07/14 22:03:30 INFO  : HateMM/RAC_tarc_g2rt/RAC_lr0.0001_Bz64_Ep30_cosSim_triplet_drop[0.2, 0.4, 0.1]_topK20__PseudoGold_positive_1_hard_negative_1_seed2_hybrid_loss_v1prefer_mllm_tarc-mllm_pred-hnprefer/ckpt/epoch_model_29_0.8411214953271028.pt: Copied (new)
2026/07/14 22:03:30 INFO  : HateMM/RAC_tarc_g2rt/RAC_lr0.0001_Bz64_Ep30_cosSim_triplet_drop[0.2, 0.4, 0.1]_topK20__PseudoGold_positive_1_hard_negative_1_seed2_hybrid_loss_v1prefer_mllm_tarc-mllm_pred-hnprefer/ckpt/epoch_model_28_0.8504672897196262.pt: Copied (new)
2026/07/14 22:03:30 INFO  : HateMM/RAC_tarc_g2rt/RAC_lr0.0001_Bz64_Ep30_cosSim_triplet_drop[0.2, 0.4, 0.1]_topK20__PseudoGold_positive_1_hard_negative_1_seed2_hybrid_loss_v1prefer_mllm_tarc-mllm_pred-hnprefer/ckpt/epoch_model_4_0.7757009345794392.pt: Copied (new)
2026/07/14 22:03:31 INFO  : HateMM/RAC_tarc_g2rt/RAC_lr0.0001_Bz64_Ep30_cosSim_triplet_drop[0.2, 0.4, 0.1]_topK20__PseudoGold_positive_1_hard_negative_1_seed2_hybrid_loss_v1prefer_mllm_tarc-mllm_pred-hnprefer/ckpt/epoch_model_6_0.7757009345794392.pt: Copied (new)
2026/07/14 22:03:31 INFO  : HateMM/RAC_tarc_g2rt/RAC_lr0.0001_Bz64_Ep30_cosSim_triplet_drop[0.2, 0.4, 0.1]_topK20__PseudoGold_positive_1_hard_negative_1_seed2_hybrid_loss_v1prefer_mllm_tarc-mllm_pred-hnprefer/ckpt/epoch_model_5_0.7663551401869159.pt: Copied (new)
2026/07/14 22:03:32 INFO  : HateMM/RAC_tarc_g2rt/RAC_lr0.0001_Bz64_Ep30_cosSim_triplet_drop[0.2, 0.4, 0.1]_topK20__PseudoGold_positive_1_hard_negative_1_seed2_hybrid_loss_v1prefer_mllm_tarc-mllm_pred-hnprefer/ckpt/epoch_model_7_0.7757009345794392.pt: Copied (new)
2026/07/14 22:03:32 INFO  : HateMM/RAC_tarc_g2rt/RAC_lr0.0001_Bz64_Ep30_cosSim_triplet_drop[0.2, 0.4, 0.1]_topK20__PseudoGold_positive_1_hard_negative_1_seed2_hybrid_loss_v1prefer_mllm_tarc-mllm_pred-hnprefer/ckpt/epoch_model_8_0.7850467289719626.pt: Copied (new)
2026/07/14 22:03:32 INFO  : HateMM/RAC_tarc_g2rt/RAC_lr0.0001_Bz64_Ep30_cosSim_triplet_drop[0.2, 0.4, 0.1]_topK20__PseudoGold_positive_1_hard_negative_1_seed2_hybrid_loss_v1prefer_mllm_tarc-mllm_pred-hnprefer/ckpt/epoch_model_9_0.7757009345794392.pt: Copied (new)
2026/07/14 22:03:32 INFO  : HateMM/RAC_tarc_g2rt/RAC_lr0.0001_Bz64_Ep30_cosSim_triplet_drop[0.2, 0.4, 0.1]_topK20__PseudoGold_positive_1_hard_negative_1_seed2_hybrid_loss_v1prefer_mllm_tarc-mllm_pred-hnprefer/ckpt/last_model_29_0.8411214953271028.pt: Copied (new)
2026/07/14 22:03:34 INFO  : 
Transferred:   	   34.644 GiB / 60.889 GiB, 57%, 54.097 MiB/s, ETA 8m16s
Checks:                 0 / 0, -, Listed 2905
Transferred:         1385 / 2277, 61%
Elapsed time:      9m59.9s
Transferring:
 * HateMM/RAC_tarc_g2rt/R…_0.8317757009345794.pt:100% /19.028Mi, 2.114Mi/s, 0s
 * MHC/RAC_video_archive_…best_model_10_0.775.pt:100% /40.028Mi, 10.007Mi/s, 0s
 * MHC/RAC_video_archive_…best_model_17_0.775.pt:100% /40.028Mi, 13.343Mi/s, 0s
 * MHC/RAC_video_archive_…t/best_model_28_0.8.pt:100% /40.028Mi, 13.342Mi/s, 0s
 * MHC/RAC_video_archive_…/best_model_5_0.725.pt: 45% /40.028Mi, 8.873Mi/s, 2s
 * MHC/RAC_video_archive_…t/best_model_6_0.75.pt: 83% /40.028Mi, 12.748Mi/s, 0s
 * MHC/RAC_video_archive_…t/best_model_9_0.75.pt: 44% /40.028Mi, 8.637Mi/s, 2s
 * MHC/RAC_video_archive_…epoch_model_0_0.775.pt: 51% /40.028Mi, 11.839Mi/s, 1s

2026/07/14 22:03:34 INFO  : MHC/RAC_video_archive_seeds/RAC_lr0.0001_Bz64_Ep30_cosSim_triplet_drop[0.2, 0.4, 0.1]_topK20__PseudoGold_positive_1_hard_negative_1_seed0_hybrid_loss_Qwen2.5-VL-7B-Instruct_HF/ckpt/best_model_17_0.775.pt: Copied (new)
2026/07/14 22:03:35 INFO  : HateMM/RAC_tarc_g2rt/RAC_lr0.0001_Bz64_Ep30_cosSim_triplet_drop[0.2, 0.4, 0.1]_topK20__PseudoGold_positive_1_hard_negative_1_seed2_hybrid_loss_v1prefer_mllm_tarc-mllm_pred-hnprefer/ckpt/epoch_model_23_0.8317757009345794.pt: Copied (new)
2026/07/14 22:03:35 INFO  : MHC/RAC_video_archive_seeds/RAC_lr0.0001_Bz64_Ep30_cosSim_triplet_drop[0.2, 0.4, 0.1]_topK20__PseudoGold_positive_1_hard_negative_1_seed0_hybrid_loss_Qwen2.5-VL-7B-Instruct_HF/ckpt/best_model_10_0.775.pt: Copied (new)
2026/07/14 22:03:35 INFO  : MHC/RAC_video_archive_seeds/RAC_lr0.0001_Bz64_Ep30_cosSim_triplet_drop[0.2, 0.4, 0.1]_topK20__PseudoGold_positive_1_hard_negative_1_seed0_hybrid_loss_Qwen2.5-VL-7B-Instruct_HF/ckpt/best_model_28_0.8.pt: Copied (new)
2026/07/14 22:03:36 INFO  : MHC/RAC_video_archive_seeds/RAC_lr0.0001_Bz64_Ep30_cosSim_triplet_drop[0.2, 0.4, 0.1]_topK20__PseudoGold_positive_1_hard_negative_1_seed0_hybrid_loss_Qwen2.5-VL-7B-Instruct_HF/ckpt/best_model_6_0.75.pt: Copied (new)
2026/07/14 22:03:37 INFO  : MHC/RAC_video_archive_seeds/RAC_lr0.0001_Bz64_Ep30_cosSim_triplet_drop[0.2, 0.4, 0.1]_topK20__PseudoGold_positive_1_hard_negative_1_seed0_hybrid_loss_Qwen2.5-VL-7B-Instruct_HF/ckpt/best_model_5_0.725.pt: Copied (new)
2026/07/14 22:03:37 INFO  : MHC/RAC_video_archive_seeds/RAC_lr0.0001_Bz64_Ep30_cosSim_triplet_drop[0.2, 0.4, 0.1]_topK20__PseudoGold_positive_1_hard_negative_1_seed0_hybrid_loss_Qwen2.5-VL-7B-Instruct_HF/ckpt/epoch_model_0_0.775.pt: Copied (new)
2026/07/14 22:03:38 INFO  : MHC/RAC_video_archive_seeds/RAC_lr0.0001_Bz64_Ep30_cosSim_triplet_drop[0.2, 0.4, 0.1]_topK20__PseudoGold_positive_1_hard_negative_1_seed0_hybrid_loss_Qwen2.5-VL-7B-Instruct_HF/ckpt/epoch_model_10_0.775.pt: Copied (new)
2026/07/14 22:03:40 INFO  : MHC/RAC_video_archive_seeds/RAC_lr0.0001_Bz64_Ep30_cosSim_triplet_drop[0.2, 0.4, 0.1]_topK20__PseudoGold_positive_1_hard_negative_1_seed0_hybrid_loss_Qwen2.5-VL-7B-Instruct_HF/ckpt/epoch_model_13_0.7625.pt: Copied (new)
2026/07/14 22:03:41 INFO  : MHC/RAC_video_archive_seeds/RAC_lr0.0001_Bz64_Ep30_cosSim_triplet_drop[0.2, 0.4, 0.1]_topK20__PseudoGold_positive_1_hard_negative_1_seed0_hybrid_loss_Qwen2.5-VL-7B-Instruct_HF/ckpt/epoch_model_12_0.7625.pt: Copied (new)
2026/07/14 22:03:41 INFO  : MHC/RAC_video_archive_seeds/RAC_lr0.0001_Bz64_Ep30_cosSim_triplet_drop[0.2, 0.4, 0.1]_topK20__PseudoGold_positive_1_hard_negative_1_seed0_hybrid_loss_Qwen2.5-VL-7B-Instruct_HF/ckpt/best_model_9_0.75.pt: Copied (new)
2026/07/14 22:03:41 INFO  : MHC/RAC_video_archive_seeds/RAC_lr0.0001_Bz64_Ep30_cosSim_triplet_drop[0.2, 0.4, 0.1]_topK20__PseudoGold_positive_1_hard_negative_1_seed0_hybrid_loss_Qwen2.5-VL-7B-Instruct_HF/ckpt/epoch_model_15_0.75.pt: Copied (new)
2026/07/14 22:03:41 INFO  : MHC/RAC_video_archive_seeds/RAC_lr0.0001_Bz64_Ep30_cosSim_triplet_drop[0.2, 0.4, 0.1]_topK20__PseudoGold_positive_1_hard_negative_1_seed0_hybrid_loss_Qwen2.5-VL-7B-Instruct_HF/ckpt/epoch_model_17_0.775.pt: Copied (new)
2026/07/14 22:03:41 INFO  : MHC/RAC_video_archive_seeds/RAC_lr0.0001_Bz64_Ep30_cosSim_triplet_drop[0.2, 0.4, 0.1]_topK20__PseudoGold_positive_1_hard_negative_1_seed0_hybrid_loss_Qwen2.5-VL-7B-Instruct_HF/ckpt/epoch_model_16_0.7625.pt: Copied (new)
2026/07/14 22:03:44 INFO  : MHC/RAC_video_archive_seeds/RAC_lr0.0001_Bz64_Ep30_cosSim_triplet_drop[0.2, 0.4, 0.1]_topK20__PseudoGold_positive_1_hard_negative_1_seed0_hybrid_loss_Qwen2.5-VL-7B-Instruct_HF/ckpt/epoch_model_14_0.75.pt: Copied (new)
2026/07/14 22:03:45 INFO  : MHC/RAC_video_archive_seeds/RAC_lr0.0001_Bz64_Ep30_cosSim_triplet_drop[0.2, 0.4, 0.1]_topK20__PseudoGold_positive_1_hard_negative_1_seed0_hybrid_loss_Qwen2.5-VL-7B-Instruct_HF/ckpt/epoch_model_21_0.7375.pt: Copied (new)
2026/07/14 22:03:45 INFO  : MHC/RAC_video_archive_seeds/RAC_lr0.0001_Bz64_Ep30_cosSim_triplet_drop[0.2, 0.4, 0.1]_topK20__PseudoGold_positive_1_hard_negative_1_seed0_hybrid_loss_Qwen2.5-VL-7B-Instruct_HF/ckpt/epoch_model_19_0.75.pt: Copied (new)
2026/07/14 22:03:45 INFO  : MHC/RAC_video_archive_seeds/RAC_lr0.0001_Bz64_Ep30_cosSim_triplet_drop[0.2, 0.4, 0.1]_topK20__PseudoGold_positive_1_hard_negative_1_seed0_hybrid_loss_Qwen2.5-VL-7B-Instruct_HF/ckpt/epoch_model_22_0.75.pt: Copied (new)
2026/07/14 22:03:45 INFO  : MHC/RAC_video_archive_seeds/RAC_lr0.0001_Bz64_Ep30_cosSim_triplet_drop[0.2, 0.4, 0.1]_topK20__PseudoGold_positive_1_hard_negative_1_seed0_hybrid_loss_Qwen2.5-VL-7B-Instruct_HF/ckpt/epoch_model_20_0.75.pt: Copied (new)
2026/07/14 22:03:46 INFO  : MHC/RAC_video_archive_seeds/RAC_lr0.0001_Bz64_Ep30_cosSim_triplet_drop[0.2, 0.4, 0.1]_topK20__PseudoGold_positive_1_hard_negative_1_seed0_hybrid_loss_Qwen2.5-VL-7B-Instruct_HF/ckpt/epoch_model_18_0.75.pt: Copied (new)
2026/07/14 22:03:46 INFO  : MHC/RAC_video_archive_seeds/RAC_lr0.0001_Bz64_Ep30_cosSim_triplet_drop[0.2, 0.4, 0.1]_topK20__PseudoGold_positive_1_hard_negative_1_seed0_hybrid_loss_Qwen2.5-VL-7B-Instruct_HF/ckpt/epoch_model_1_0.7.pt: Copied (new)
2026/07/14 22:03:48 INFO  : MHC/RAC_video_archive_seeds/RAC_lr0.0001_Bz64_Ep30_cosSim_triplet_drop[0.2, 0.4, 0.1]_topK20__PseudoGold_positive_1_hard_negative_1_seed0_hybrid_loss_Qwen2.5-VL-7B-Instruct_HF/ckpt/epoch_model_24_0.7625.pt: Copied (new)
2026/07/14 22:03:49 INFO  : MHC/RAC_video_archive_seeds/RAC_lr0.0001_Bz64_Ep30_cosSim_triplet_drop[0.2, 0.4, 0.1]_topK20__PseudoGold_positive_1_hard_negative_1_seed0_hybrid_loss_Qwen2.5-VL-7B-Instruct_HF/ckpt/epoch_model_26_0.7625.pt: Copied (new)
2026/07/14 22:03:50 INFO  : MHC/RAC_video_archive_seeds/RAC_lr0.0001_Bz64_Ep30_cosSim_triplet_drop[0.2, 0.4, 0.1]_topK20__PseudoGold_positive_1_hard_negative_1_seed0_hybrid_loss_Qwen2.5-VL-7B-Instruct_HF/ckpt/epoch_model_25_0.75.pt: Copied (new)
2026/07/14 22:03:50 INFO  : MHC/RAC_video_archive_seeds/RAC_lr0.0001_Bz64_Ep30_cosSim_triplet_drop[0.2, 0.4, 0.1]_topK20__PseudoGold_positive_1_hard_negative_1_seed0_hybrid_loss_Qwen2.5-VL-7B-Instruct_HF/ckpt/epoch_model_28_0.8.pt: Copied (new)
2026/07/14 22:03:50 INFO  : MHC/RAC_video_archive_seeds/RAC_lr0.0001_Bz64_Ep30_cosSim_triplet_drop[0.2, 0.4, 0.1]_topK20__PseudoGold_positive_1_hard_negative_1_seed0_hybrid_loss_Qwen2.5-VL-7B-Instruct_HF/ckpt/epoch_model_23_0.75.pt: Copied (new)
2026/07/14 22:03:51 INFO  : MHC/RAC_video_archive_seeds/RAC_lr0.0001_Bz64_Ep30_cosSim_triplet_drop[0.2, 0.4, 0.1]_topK20__PseudoGold_positive_1_hard_negative_1_seed0_hybrid_loss_Qwen2.5-VL-7B-Instruct_HF/ckpt/epoch_model_27_0.7625.pt: Copied (new)
2026/07/14 22:03:51 INFO  : MHC/RAC_video_archive_seeds/RAC_lr0.0001_Bz64_Ep30_cosSim_triplet_drop[0.2, 0.4, 0.1]_topK20__PseudoGold_positive_1_hard_negative_1_seed0_hybrid_loss_Qwen2.5-VL-7B-Instruct_HF/ckpt/epoch_model_29_0.7625.pt: Copied (new)
2026/07/14 22:03:51 INFO  : MHC/RAC_video_archive_seeds/RAC_lr0.0001_Bz64_Ep30_cosSim_triplet_drop[0.2, 0.4, 0.1]_topK20__PseudoGold_positive_1_hard_negative_1_seed0_hybrid_loss_Qwen2.5-VL-7B-Instruct_HF/ckpt/epoch_model_11_0.75.pt: Copied (new)
2026/07/14 22:03:52 INFO  : MHC/RAC_video_archive_seeds/RAC_lr0.0001_Bz64_Ep30_cosSim_triplet_drop[0.2, 0.4, 0.1]_topK20__PseudoGold_positive_1_hard_negative_1_seed0_hybrid_loss_Qwen2.5-VL-7B-Instruct_HF/ckpt/epoch_model_2_0.7.pt: Copied (new)
2026/07/14 22:03:52 INFO  : MHC/RAC_video_archive_seeds/RAC_lr0.0001_Bz64_Ep30_cosSim_triplet_drop[0.2, 0.4, 0.1]_topK20__PseudoGold_positive_1_hard_negative_1_seed0_hybrid_loss_Qwen2.5-VL-7B-Instruct_HF/ckpt/epoch_model_3_0.7375.pt: Copied (new)
2026/07/14 22:03:54 INFO  : MHC/RAC_video_archive_seeds/RAC_lr0.0001_Bz64_Ep30_cosSim_triplet_drop[0.2, 0.4, 0.1]_topK20__PseudoGold_positive_1_hard_negative_1_seed0_hybrid_loss_Qwen2.5-VL-7B-Instruct_HF/ckpt/epoch_model_5_0.725.pt: Copied (new)
2026/07/14 22:03:54 INFO  : MHC/RAC_video_archive_seeds/RAC_lr0.0001_Bz64_Ep30_cosSim_triplet_drop[0.2, 0.4, 0.1]_topK20__PseudoGold_positive_1_hard_negative_1_seed0_hybrid_loss_Qwen2.5-VL-7B-Instruct_HF/ckpt/epoch_model_4_0.7375.pt: Copied (new)
2026/07/14 22:03:54 INFO  : MHC/RAC_video_archive_seeds/RAC_lr0.0001_Bz64_Ep30_cosSim_triplet_drop[0.2, 0.4, 0.1]_topK20__PseudoGold_positive_1_hard_negative_1_seed0_hybrid_loss_Qwen2.5-VL-7B-Instruct_HF/ckpt/epoch_model_6_0.75.pt: Copied (new)
2026/07/14 22:03:54 INFO  : MHC/RAC_video_archive_seeds/RAC_lr0.0001_Bz64_Ep30_cosSim_triplet_drop[0.2, 0.4, 0.1]_topK20__PseudoGold_positive_1_hard_negative_1_seed0_hybrid_loss_Qwen2.5-VL-7B-Instruct_HF/ckpt/epoch_model_8_0.725.pt: Copied (new)
2026/07/14 22:03:56 INFO  : MHC/RAC_video_archive_seeds/RAC_lr0.0001_Bz64_Ep30_cosSim_triplet_drop[0.2, 0.4, 0.1]_topK20__PseudoGold_positive_1_hard_negative_1_seed0_hybrid_loss_Qwen2.5-VL-7B-Instruct_HF/ckpt/epoch_model_7_0.7375.pt: Copied (new)
2026/07/14 22:03:56 INFO  : MHC/RAC_video_archive_seeds/RAC_lr0.0001_Bz64_Ep30_cosSim_triplet_drop[0.2, 0.4, 0.1]_topK20__PseudoGold_positive_1_hard_negative_1_seed0_hybrid_loss_Qwen2.5-VL-7B-Instruct_HF/ckpt/epoch_model_9_0.75.pt: Copied (new)
2026/07/14 22:03:56 INFO  : MHC/RAC_video_archive_seeds/RAC_lr0.0001_Bz64_Ep30_cosSim_triplet_drop[0.2, 0.4, 0.1]_topK20__PseudoGold_positive_1_hard_negative_1_seed0_hybrid_loss_Qwen2.5-VL-7B-Instruct_HF/ckpt/last_model_29_0.7625.pt: Copied (new)
2026/07/14 22:03:57 INFO  : MHC/RAC_video_archive_seeds/RAC_lr0.0001_Bz64_Ep30_cosSim_triplet_drop[0.2, 0.4, 0.1]_topK20__PseudoGold_positive_1_hard_negative_1_seed1_hybrid_loss_Qwen2.5-VL-32B-Instruct_HF/ckpt/best_model_28_0.7875.pt: Copied (new)
2026/07/14 22:03:58 INFO  : MHC/RAC_video_archive_seeds/RAC_lr0.0001_Bz64_Ep30_cosSim_triplet_drop[0.2, 0.4, 0.1]_topK20__PseudoGold_positive_1_hard_negative_1_seed1_hybrid_loss_Qwen2.5-VL-32B-Instruct_HF/ckpt/best_model_5_0.7875.pt: Copied (new)
2026/07/14 22:03:59 INFO  : MHC/RAC_video_archive_seeds/RAC_lr0.0001_Bz64_Ep30_cosSim_triplet_drop[0.2, 0.4, 0.1]_topK20__PseudoGold_positive_1_hard_negative_1_seed1_hybrid_loss_Qwen2.5-VL-32B-Instruct_HF/ckpt/epoch_model_11_0.6875.pt: Copied (new)
2026/07/14 22:04:00 INFO  : MHC/RAC_video_archive_seeds/RAC_lr0.0001_Bz64_Ep30_cosSim_triplet_drop[0.2, 0.4, 0.1]_topK20__PseudoGold_positive_1_hard_negative_1_seed1_hybrid_loss_Qwen2.5-VL-32B-Instruct_HF/ckpt/epoch_model_14_0.7125.pt: Copied (new)
2026/07/14 22:04:00 INFO  : MHC/RAC_video_archive_seeds/RAC_lr0.0001_Bz64_Ep30_cosSim_triplet_drop[0.2, 0.4, 0.1]_topK20__PseudoGold_positive_1_hard_negative_1_seed1_hybrid_loss_Qwen2.5-VL-32B-Instruct_HF/ckpt/epoch_model_13_0.675.pt: Copied (new)
2026/07/14 22:04:01 INFO  : MHC/RAC_video_archive_seeds/RAC_lr0.0001_Bz64_Ep30_cosSim_triplet_drop[0.2, 0.4, 0.1]_topK20__PseudoGold_positive_1_hard_negative_1_seed1_hybrid_loss_Qwen2.5-VL-32B-Instruct_HF/ckpt/epoch_model_0_0.7.pt: Copied (new)
2026/07/14 22:04:02 INFO  : MHC/RAC_video_archive_seeds/RAC_lr0.0001_Bz64_Ep30_cosSim_triplet_drop[0.2, 0.4, 0.1]_topK20__PseudoGold_positive_1_hard_negative_1_seed1_hybrid_loss_Qwen2.5-VL-32B-Instruct_HF/ckpt/epoch_model_15_0.7375.pt: Copied (new)
2026/07/14 22:04:04 INFO  : MHC/RAC_video_archive_seeds/RAC_lr0.0001_Bz64_Ep30_cosSim_triplet_drop[0.2, 0.4, 0.1]_topK20__PseudoGold_positive_1_hard_negative_1_seed1_hybrid_loss_Qwen2.5-VL-32B-Instruct_HF/ckpt/epoch_model_17_0.7125.pt: Copied (new)
2026/07/14 22:04:04 INFO  : MHC/RAC_video_archive_seeds/RAC_lr0.0001_Bz64_Ep30_cosSim_triplet_drop[0.2, 0.4, 0.1]_topK20__PseudoGold_positive_1_hard_negative_1_seed1_hybrid_loss_Qwen2.5-VL-32B-Instruct_HF/ckpt/epoch_model_16_0.7125.pt: Copied (new)
2026/07/14 22:04:04 INFO  : MHC/RAC_video_archive_seeds/RAC_lr0.0001_Bz64_Ep30_cosSim_triplet_drop[0.2, 0.4, 0.1]_topK20__PseudoGold_positive_1_hard_negative_1_seed1_hybrid_loss_Qwen2.5-VL-32B-Instruct_HF/ckpt/epoch_model_18_0.7.pt: Copied (new)
2026/07/14 22:04:05 INFO  : MHC/RAC_video_archive_seeds/RAC_lr0.0001_Bz64_Ep30_cosSim_triplet_drop[0.2, 0.4, 0.1]_topK20__PseudoGold_positive_1_hard_negative_1_seed1_hybrid_loss_Qwen2.5-VL-32B-Instruct_HF/ckpt/epoch_model_19_0.7625.pt: Copied (new)
2026/07/14 22:04:08 INFO  : MHC/RAC_video_archive_seeds/RAC_lr0.0001_Bz64_Ep30_cosSim_triplet_drop[0.2, 0.4, 0.1]_topK20__PseudoGold_positive_1_hard_negative_1_seed1_hybrid_loss_Qwen2.5-VL-32B-Instruct_HF/ckpt/epoch_model_21_0.775.pt: Copied (new)
2026/07/14 22:04:09 INFO  : MHC/RAC_video_archive_seeds/RAC_lr0.0001_Bz64_Ep30_cosSim_triplet_drop[0.2, 0.4, 0.1]_topK20__PseudoGold_positive_1_hard_negative_1_seed1_hybrid_loss_Qwen2.5-VL-32B-Instruct_HF/ckpt/epoch_model_20_0.7625.pt: Copied (new)
2026/07/14 22:04:09 INFO  : MHC/RAC_video_archive_seeds/RAC_lr0.0001_Bz64_Ep30_cosSim_triplet_drop[0.2, 0.4, 0.1]_topK20__PseudoGold_positive_1_hard_negative_1_seed1_hybrid_loss_Qwen2.5-VL-32B-Instruct_HF/ckpt/epoch_model_24_0.725.pt: Copied (new)
2026/07/14 22:04:09 INFO  : MHC/RAC_video_archive_seeds/RAC_lr0.0001_Bz64_Ep30_cosSim_triplet_drop[0.2, 0.4, 0.1]_topK20__PseudoGold_positive_1_hard_negative_1_seed1_hybrid_loss_Qwen2.5-VL-32B-Instruct_HF/ckpt/epoch_model_12_0.6375.pt: Copied (new)
2026/07/14 22:04:09 INFO  : MHC/RAC_video_archive_seeds/RAC_lr0.0001_Bz64_Ep30_cosSim_triplet_drop[0.2, 0.4, 0.1]_topK20__PseudoGold_positive_1_hard_negative_1_seed1_hybrid_loss_Qwen2.5-VL-32B-Instruct_HF/ckpt/epoch_model_23_0.75.pt: Copied (new)
2026/07/14 22:04:10 INFO  : MHC/RAC_video_archive_seeds/RAC_lr0.0001_Bz64_Ep30_cosSim_triplet_drop[0.2, 0.4, 0.1]_topK20__PseudoGold_positive_1_hard_negative_1_seed1_hybrid_loss_Qwen2.5-VL-32B-Instruct_HF/ckpt/epoch_model_22_0.775.pt: Copied (new)
2026/07/14 22:04:10 INFO  : MHC/RAC_video_archive_seeds/RAC_lr0.0001_Bz64_Ep30_cosSim_triplet_drop[0.2, 0.4, 0.1]_topK20__PseudoGold_positive_1_hard_negative_1_seed1_hybrid_loss_Qwen2.5-VL-32B-Instruct_HF/ckpt/epoch_model_1_0.675.pt: Copied (new)
2026/07/14 22:04:13 INFO  : MHC/RAC_video_archive_seeds/RAC_lr0.0001_Bz64_Ep30_cosSim_triplet_drop[0.2, 0.4, 0.1]_topK20__PseudoGold_positive_1_hard_negative_1_seed1_hybrid_loss_Qwen2.5-VL-32B-Instruct_HF/ckpt/epoch_model_25_0.75.pt: Copied (new)
2026/07/14 22:04:13 INFO  : MHC/RAC_video_archive_seeds/RAC_lr0.0001_Bz64_Ep30_cosSim_triplet_drop[0.2, 0.4, 0.1]_topK20__PseudoGold_positive_1_hard_negative_1_seed1_hybrid_loss_Qwen2.5-VL-32B-Instruct_HF/ckpt/epoch_model_26_0.75.pt: Copied (new)
2026/07/14 22:04:13 INFO  : MHC/RAC_video_archive_seeds/RAC_lr0.0001_Bz64_Ep30_cosSim_triplet_drop[0.2, 0.4, 0.1]_topK20__PseudoGold_positive_1_hard_negative_1_seed1_hybrid_loss_Qwen2.5-VL-32B-Instruct_HF/ckpt/epoch_model_29_0.75.pt: Copied (new)
2026/07/14 22:04:14 INFO  : MHC/RAC_video_archive_seeds/RAC_lr0.0001_Bz64_Ep30_cosSim_triplet_drop[0.2, 0.4, 0.1]_topK20__PseudoGold_positive_1_hard_negative_1_seed1_hybrid_loss_Qwen2.5-VL-32B-Instruct_HF/ckpt/epoch_model_27_0.775.pt: Copied (new)
2026/07/14 22:04:15 INFO  : MHC/RAC_video_archive_seeds/RAC_lr0.0001_Bz64_Ep30_cosSim_triplet_drop[0.2, 0.4, 0.1]_topK20__PseudoGold_positive_1_hard_negative_1_seed1_hybrid_loss_Qwen2.5-VL-32B-Instruct_HF/ckpt/epoch_model_2_0.725.pt: Copied (new)
2026/07/14 22:04:16 INFO  : MHC/RAC_video_archive_seeds/RAC_lr0.0001_Bz64_Ep30_cosSim_triplet_drop[0.2, 0.4, 0.1]_topK20__PseudoGold_positive_1_hard_negative_1_seed1_hybrid_loss_Qwen2.5-VL-32B-Instruct_HF/ckpt/epoch_model_10_0.75.pt: Copied (new)
2026/07/14 22:04:17 INFO  : MHC/RAC_video_archive_seeds/RAC_lr0.0001_Bz64_Ep30_cosSim_triplet_drop[0.2, 0.4, 0.1]_topK20__PseudoGold_positive_1_hard_negative_1_seed1_hybrid_loss_Qwen2.5-VL-32B-Instruct_HF/ckpt/epoch_model_3_0.775.pt: Copied (new)
2026/07/14 22:04:18 INFO  : MHC/RAC_video_archive_seeds/RAC_lr0.0001_Bz64_Ep30_cosSim_triplet_drop[0.2, 0.4, 0.1]_topK20__PseudoGold_positive_1_hard_negative_1_seed1_hybrid_loss_Qwen2.5-VL-32B-Instruct_HF/ckpt/epoch_model_6_0.7875.pt: Copied (new)
2026/07/14 22:04:18 INFO  : MHC/RAC_video_archive_seeds/RAC_lr0.0001_Bz64_Ep30_cosSim_triplet_drop[0.2, 0.4, 0.1]_topK20__PseudoGold_positive_1_hard_negative_1_seed1_hybrid_loss_Qwen2.5-VL-32B-Instruct_HF/ckpt/epoch_model_5_0.7875.pt: Copied (new)
2026/07/14 22:04:19 INFO  : MHC/RAC_video_archive_seeds/RAC_lr0.0001_Bz64_Ep30_cosSim_triplet_drop[0.2, 0.4, 0.1]_topK20__PseudoGold_positive_1_hard_negative_1_seed1_hybrid_loss_Qwen2.5-VL-32B-Instruct_HF/ckpt/epoch_model_4_0.7625.pt: Copied (new)
2026/07/14 22:04:20 INFO  : MHC/RAC_video_archive_seeds/RAC_lr0.0001_Bz64_Ep30_cosSim_triplet_drop[0.2, 0.4, 0.1]_topK20__PseudoGold_positive_1_hard_negative_1_seed1_hybrid_loss_Qwen2.5-VL-32B-Instruct_HF/ckpt/epoch_model_8_0.7625.pt: Copied (new)
2026/07/14 22:04:20 INFO  : HateMM/RAC_tarc_g1/RAC_lr0.0001_Bz64_Ep30_cosSim_triplet_drop[0.2, 0.4, 0.1]_topK20__PseudoGold_positive_1_hard_negative_1_seed2_hybrid_loss_off/ckpt/best_model_5_0.794392523364486.pt: Copied (new)
2026/07/14 22:04:20 INFO  : HateMM/RAC_tarc_g1/RAC_lr0.0001_Bz64_Ep30_cosSim_triplet_drop[0.2, 0.4, 0.1]_topK20__PseudoGold_positive_1_hard_negative_1_seed2_hybrid_loss_off/ckpt/best_model_6_0.794392523364486.pt: Copied (new)
2026/07/14 22:04:21 INFO  : MHC/RAC_video_archive_seeds/RAC_lr0.0001_Bz64_Ep30_cosSim_triplet_drop[0.2, 0.4, 0.1]_topK20__PseudoGold_positive_1_hard_negative_1_seed1_hybrid_loss_Qwen2.5-VL-32B-Instruct_HF/ckpt/epoch_model_7_0.775.pt: Copied (new)
2026/07/14 22:04:22 INFO  : HateMM/RAC_tarc_g1/RAC_lr0.0001_Bz64_Ep30_cosSim_triplet_drop[0.2, 0.4, 0.1]_topK20__PseudoGold_positive_1_hard_negative_1_seed2_hybrid_loss_off/ckpt/epoch_model_10_0.7663551401869159.pt: Copied (new)
2026/07/14 22:04:22 INFO  : HateMM/RAC_tarc_g1/RAC_lr0.0001_Bz64_Ep30_cosSim_triplet_drop[0.2, 0.4, 0.1]_topK20__PseudoGold_positive_1_hard_negative_1_seed2_hybrid_loss_off/ckpt/epoch_model_11_0.8130841121495327.pt: Copied (new)
2026/07/14 22:04:22 INFO  : MHC/RAC_video_archive_seeds/RAC_lr0.0001_Bz64_Ep30_cosSim_triplet_drop[0.2, 0.4, 0.1]_topK20__PseudoGold_positive_1_hard_negative_1_seed1_hybrid_loss_Qwen2.5-VL-32B-Instruct_HF/ckpt/epoch_model_9_0.7375.pt: Copied (new)
2026/07/14 22:04:22 INFO  : HateMM/RAC_tarc_g1/RAC_lr0.0001_Bz64_Ep30_cosSim_triplet_drop[0.2, 0.4, 0.1]_topK20__PseudoGold_positive_1_hard_negative_1_seed2_hybrid_loss_off/ckpt/epoch_model_0_0.7663551401869159.pt: Copied (new)
2026/07/14 22:04:23 INFO  : HateMM/RAC_tarc_g1/RAC_lr0.0001_Bz64_Ep30_cosSim_triplet_drop[0.2, 0.4, 0.1]_topK20__PseudoGold_positive_1_hard_negative_1_seed2_hybrid_loss_off/ckpt/best_model_7_0.794392523364486.pt: Copied (new)
2026/07/14 22:04:23 INFO  : HateMM/RAC_tarc_g1/RAC_lr0.0001_Bz64_Ep30_cosSim_triplet_drop[0.2, 0.4, 0.1]_topK20__PseudoGold_positive_1_hard_negative_1_seed2_hybrid_loss_off/ckpt/epoch_model_13_0.794392523364486.pt: Copied (new)
2026/07/14 22:04:24 INFO  : MHC/RAC_video_archive_seeds/RAC_lr0.0001_Bz64_Ep30_cosSim_triplet_drop[0.2, 0.4, 0.1]_topK20__PseudoGold_positive_1_hard_negative_1_seed1_hybrid_loss_Qwen2.5-VL-32B-Instruct_HF/ckpt/epoch_model_28_0.7875.pt: Copied (new)
2026/07/14 22:04:24 INFO  : HateMM/RAC_tarc_g1/RAC_lr0.0001_Bz64_Ep30_cosSim_triplet_drop[0.2, 0.4, 0.1]_topK20__PseudoGold_positive_1_hard_negative_1_seed2_hybrid_loss_off/ckpt/epoch_model_14_0.7850467289719626.pt: Copied (new)
2026/07/14 22:04:24 INFO  : HateMM/RAC_tarc_g1/RAC_lr0.0001_Bz64_Ep30_cosSim_triplet_drop[0.2, 0.4, 0.1]_topK20__PseudoGold_positive_1_hard_negative_1_seed2_hybrid_loss_off/ckpt/epoch_model_15_0.8130841121495327.pt: Copied (new)
2026/07/14 22:04:24 INFO  : MHC/RAC_video_archive_seeds/RAC_lr0.0001_Bz64_Ep30_cosSim_triplet_drop[0.2, 0.4, 0.1]_topK20__PseudoGold_positive_1_hard_negative_1_seed1_hybrid_loss_Qwen2.5-VL-32B-Instruct_HF/ckpt/last_model_29_0.75.pt: Copied (new)
2026/07/14 22:04:24 INFO  : HateMM/RAC_tarc_g1/RAC_lr0.0001_Bz64_Ep30_cosSim_triplet_drop[0.2, 0.4, 0.1]_topK20__PseudoGold_positive_1_hard_negative_1_seed2_hybrid_loss_off/ckpt/epoch_model_12_0.822429906542056.pt: Copied (new)
2026/07/14 22:04:25 INFO  : HateMM/RAC_tarc_g1/RAC_lr0.0001_Bz64_Ep30_cosSim_triplet_drop[0.2, 0.4, 0.1]_topK20__PseudoGold_positive_1_hard_negative_1_seed2_hybrid_loss_off/ckpt/epoch_model_18_0.8037383177570093.pt: Copied (new)
2026/07/14 22:04:25 INFO  : HateMM/RAC_tarc_g1/RAC_lr0.0001_Bz64_Ep30_cosSim_triplet_drop[0.2, 0.4, 0.1]_topK20__PseudoGold_positive_1_hard_negative_1_seed2_hybrid_loss_off/ckpt/epoch_model_16_0.8317757009345794.pt: Copied (new)
2026/07/14 22:04:26 INFO  : HateMM/RAC_tarc_g1/RAC_lr0.0001_Bz64_Ep30_cosSim_triplet_drop[0.2, 0.4, 0.1]_topK20__PseudoGold_positive_1_hard_negative_1_seed2_hybrid_loss_off/ckpt/epoch_model_1_0.7663551401869159.pt: Copied (new)
2026/07/14 22:04:27 INFO  : HateMM/RAC_tarc_g1/RAC_lr0.0001_Bz64_Ep30_cosSim_triplet_drop[0.2, 0.4, 0.1]_topK20__PseudoGold_positive_1_hard_negative_1_seed2_hybrid_loss_off/ckpt/epoch_model_20_0.822429906542056.pt: Copied (new)
2026/07/14 22:04:27 INFO  : HateMM/RAC_tarc_g1/RAC_lr0.0001_Bz64_Ep30_cosSim_triplet_drop[0.2, 0.4, 0.1]_topK20__PseudoGold_positive_1_hard_negative_1_seed2_hybrid_loss_off/ckpt/epoch_model_23_0.8504672897196262.pt: Copied (new)
2026/07/14 22:04:28 INFO  : HateMM/RAC_tarc_g1/RAC_lr0.0001_Bz64_Ep30_cosSim_triplet_drop[0.2, 0.4, 0.1]_topK20__PseudoGold_positive_1_hard_negative_1_seed2_hybrid_loss_off/ckpt/epoch_model_21_0.8130841121495327.pt: Copied (new)
2026/07/14 22:04:28 INFO  : HateMM/RAC_tarc_g1/RAC_lr0.0001_Bz64_Ep30_cosSim_triplet_drop[0.2, 0.4, 0.1]_topK20__PseudoGold_positive_1_hard_negative_1_seed2_hybrid_loss_off/ckpt/epoch_model_24_0.8691588785046729.pt: Copied (new)
2026/07/14 22:04:28 INFO  : HateMM/RAC_tarc_g1/RAC_lr0.0001_Bz64_Ep30_cosSim_triplet_drop[0.2, 0.4, 0.1]_topK20__PseudoGold_positive_1_hard_negative_1_seed2_hybrid_loss_off/ckpt/epoch_model_22_0.822429906542056.pt: Copied (new)
2026/07/14 22:04:29 INFO  : HateMM/RAC_tarc_g1/RAC_lr0.0001_Bz64_Ep30_cosSim_triplet_drop[0.2, 0.4, 0.1]_topK20__PseudoGold_positive_1_hard_negative_1_seed2_hybrid_loss_off/ckpt/epoch_model_25_0.8598130841121495.pt: Copied (new)
2026/07/14 22:04:29 INFO  : HateMM/RAC_tarc_g1/RAC_lr0.0001_Bz64_Ep30_cosSim_triplet_drop[0.2, 0.4, 0.1]_topK20__PseudoGold_positive_1_hard_negative_1_seed2_hybrid_loss_off/ckpt/epoch_model_27_0.8317757009345794.pt: Copied (new)
2026/07/14 22:04:29 INFO  : HateMM/RAC_tarc_g1/RAC_lr0.0001_Bz64_Ep30_cosSim_triplet_drop[0.2, 0.4, 0.1]_topK20__PseudoGold_positive_1_hard_negative_1_seed2_hybrid_loss_off/ckpt/epoch_model_19_0.8037383177570093.pt: Copied (new)
2026/07/14 22:04:30 INFO  : HateMM/RAC_tarc_g1/RAC_lr0.0001_Bz64_Ep30_cosSim_triplet_drop[0.2, 0.4, 0.1]_topK20__PseudoGold_positive_1_hard_negative_1_seed2_hybrid_loss_off/ckpt/epoch_model_26_0.8411214953271028.pt: Copied (new)
2026/07/14 22:04:31 INFO  : HateMM/RAC_tarc_g1/RAC_lr0.0001_Bz64_Ep30_cosSim_triplet_drop[0.2, 0.4, 0.1]_topK20__PseudoGold_positive_1_hard_negative_1_seed2_hybrid_loss_off/ckpt/epoch_model_4_0.7663551401869159.pt: Copied (new)
2026/07/14 22:04:31 INFO  : HateMM/RAC_tarc_g1/RAC_lr0.0001_Bz64_Ep30_cosSim_triplet_drop[0.2, 0.4, 0.1]_topK20__PseudoGold_positive_1_hard_negative_1_seed2_hybrid_loss_off/ckpt/epoch_model_28_0.8317757009345794.pt: Copied (new)
2026/07/14 22:04:32 INFO  : HateMM/RAC_tarc_g1/RAC_lr0.0001_Bz64_Ep30_cosSim_triplet_drop[0.2, 0.4, 0.1]_topK20__PseudoGold_positive_1_hard_negative_1_seed2_hybrid_loss_off/ckpt/epoch_model_3_0.7757009345794392.pt: Copied (new)
2026/07/14 22:04:32 INFO  : HateMM/RAC_tarc_g1/RAC_lr0.0001_Bz64_Ep30_cosSim_triplet_drop[0.2, 0.4, 0.1]_topK20__PseudoGold_positive_1_hard_negative_1_seed2_hybrid_loss_off/ckpt/epoch_model_29_0.822429906542056.pt: Copied (new)
2026/07/14 22:04:32 INFO  : HateMM/RAC_tarc_g1/RAC_lr0.0001_Bz64_Ep30_cosSim_triplet_drop[0.2, 0.4, 0.1]_topK20__PseudoGold_positive_1_hard_negative_1_seed2_hybrid_loss_off/ckpt/epoch_model_2_0.7757009345794392.pt: Copied (new)
2026/07/14 22:04:33 INFO  : HateMM/RAC_tarc_g1/RAC_lr0.0001_Bz64_Ep30_cosSim_triplet_drop[0.2, 0.4, 0.1]_topK20__PseudoGold_positive_1_hard_negative_1_seed2_hybrid_loss_off/ckpt/epoch_model_6_0.794392523364486.pt: Copied (new)
2026/07/14 22:04:33 INFO  : HateMM/RAC_tarc_g1/RAC_lr0.0001_Bz64_Ep30_cosSim_triplet_drop[0.2, 0.4, 0.1]_topK20__PseudoGold_positive_1_hard_negative_1_seed2_hybrid_loss_off/ckpt/epoch_model_7_0.794392523364486.pt: Copied (new)
2026/07/14 22:04:34 INFO  : HateMM/RAC_tarc_g1/RAC_lr0.0001_Bz64_Ep30_cosSim_triplet_drop[0.2, 0.4, 0.1]_topK20__PseudoGold_positive_1_hard_negative_1_seed2_hybrid_loss_off/ckpt/epoch_model_9_0.794392523364486.pt: Copied (new)
2026/07/14 22:04:34 INFO  : HateMM/RAC_tarc_g1/RAC_lr0.0001_Bz64_Ep30_cosSim_triplet_drop[0.2, 0.4, 0.1]_topK20__PseudoGold_positive_1_hard_negative_1_seed2_hybrid_loss_off/ckpt/epoch_model_8_0.794392523364486.pt: Copied (new)
2026/07/14 22:04:34 INFO  : HateMM/RAC_tarc_g1/RAC_lr0.0001_Bz64_Ep30_cosSim_triplet_drop[0.2, 0.4, 0.1]_topK20__PseudoGold_positive_1_hard_negative_1_seed2_hybrid_loss_off/ckpt/last_model_29_0.822429906542056.pt: Copied (new)
2026/07/14 22:04:34 INFO  : 
Transferred:   	   38.263 GiB / 60.895 GiB, 63%, 56.208 MiB/s, ETA 6m52s
Checks:                 0 / 0, -, Listed 2905
Transferred:         1488 / 2277, 65%
Elapsed time:     10m59.9s
Transferring:
 * HateMM/RAC_tarc_g1/RAC…7_0.822429906542056.pt:100% /19.028Mi, 1.730Mi/s, 0s
 * HateMM/RAC_tarc_g1/RAC…5_0.794392523364486.pt:100% /19.028Mi, 4.757Mi/s, 0s
 * MHC/RAC_video_archive_…best_model_10_0.725.pt:100% /19.028Mi, 9.325Mi/s, 0s
 * MHC/RAC_video_archive_…best_model_11_0.725.pt: 88% /19.028Mi, 12.432Mi/s, 0s
 * MHC/RAC_video_archive_…est_model_16_0.7625.pt:100% /19.028Mi, 17.432Mi/s, 0s
 * MHC/RAC_video_archive_…best_model_5_0.6875.pt: 25% /19.028Mi, 0/s, -
 * MHC/RAC_video_archive_…best_model_6_0.6875.pt: 27% /19.028Mi, 0/s, -
 * MHC/RAC_video_archive_…pt/best_model_8_0.7.pt:  0% /19.028Mi, 0/s, -

2026/07/14 22:04:34 INFO  : MHC/RAC_video_archive_seeds/RAC_lr0.0001_Bz64_Ep30_cosSim_triplet_drop[0.2, 0.4, 0.1]_topK20__PseudoGold_positive_1_hard_negative_1_seed1_hybrid_loss_openai_clip-vit-large-patch14-336_HF/ckpt/best_model_16_0.7625.pt: Copied (new)
2026/07/14 22:04:35 INFO  : HateMM/RAC_tarc_g1/RAC_lr0.0001_Bz64_Ep30_cosSim_triplet_drop[0.2, 0.4, 0.1]_topK20__PseudoGold_positive_1_hard_negative_1_seed2_hybrid_loss_off/ckpt/epoch_model_5_0.794392523364486.pt: Copied (new)
2026/07/14 22:04:36 INFO  : MHC/RAC_video_archive_seeds/RAC_lr0.0001_Bz64_Ep30_cosSim_triplet_drop[0.2, 0.4, 0.1]_topK20__PseudoGold_positive_1_hard_negative_1_seed1_hybrid_loss_openai_clip-vit-large-patch14-336_HF/ckpt/best_model_11_0.725.pt: Copied (new)
2026/07/14 22:04:36 INFO  : MHC/RAC_video_archive_seeds/RAC_lr0.0001_Bz64_Ep30_cosSim_triplet_drop[0.2, 0.4, 0.1]_topK20__PseudoGold_positive_1_hard_negative_1_seed1_hybrid_loss_openai_clip-vit-large-patch14-336_HF/ckpt/best_model_10_0.725.pt: Copied (new)
2026/07/14 22:04:36 INFO  : MHC/RAC_video_archive_seeds/RAC_lr0.0001_Bz64_Ep30_cosSim_triplet_drop[0.2, 0.4, 0.1]_topK20__PseudoGold_positive_1_hard_negative_1_seed1_hybrid_loss_openai_clip-vit-large-patch14-336_HF/ckpt/best_model_8_0.7.pt: Copied (new)
2026/07/14 22:04:36 INFO  : MHC/RAC_video_archive_seeds/RAC_lr0.0001_Bz64_Ep30_cosSim_triplet_drop[0.2, 0.4, 0.1]_topK20__PseudoGold_positive_1_hard_negative_1_seed1_hybrid_loss_openai_clip-vit-large-patch14-336_HF/ckpt/epoch_model_0_0.7125.pt: Copied (new)
2026/07/14 22:04:36 INFO  : HateMM/RAC_tarc_g1/RAC_lr0.0001_Bz64_Ep30_cosSim_triplet_drop[0.2, 0.4, 0.1]_topK20__PseudoGold_positive_1_hard_negative_1_seed2_hybrid_loss_off/ckpt/epoch_model_17_0.822429906542056.pt: Copied (new)
2026/07/14 22:04:38 INFO  : MHC/RAC_video_archive_seeds/RAC_lr0.0001_Bz64_Ep30_cosSim_triplet_drop[0.2, 0.4, 0.1]_topK20__PseudoGold_positive_1_hard_negative_1_seed1_hybrid_loss_openai_clip-vit-large-patch14-336_HF/ckpt/best_model_5_0.6875.pt: Copied (new)
2026/07/14 22:04:38 INFO  : MHC/RAC_video_archive_seeds/RAC_lr0.0001_Bz64_Ep30_cosSim_triplet_drop[0.2, 0.4, 0.1]_topK20__PseudoGold_positive_1_hard_negative_1_seed1_hybrid_loss_openai_clip-vit-large-patch14-336_HF/ckpt/best_model_6_0.6875.pt: Copied (new)
2026/07/14 22:04:38 INFO  : MHC/RAC_video_archive_seeds/RAC_lr0.0001_Bz64_Ep30_cosSim_triplet_drop[0.2, 0.4, 0.1]_topK20__PseudoGold_positive_1_hard_negative_1_seed1_hybrid_loss_openai_clip-vit-large-patch14-336_HF/ckpt/epoch_model_11_0.725.pt: Copied (new)
2026/07/14 22:04:38 INFO  : MHC/RAC_video_archive_seeds/RAC_lr0.0001_Bz64_Ep30_cosSim_triplet_drop[0.2, 0.4, 0.1]_topK20__PseudoGold_positive_1_hard_negative_1_seed1_hybrid_loss_openai_clip-vit-large-patch14-336_HF/ckpt/epoch_model_14_0.725.pt: Copied (new)
2026/07/14 22:04:38 INFO  : MHC/RAC_video_archive_seeds/RAC_lr0.0001_Bz64_Ep30_cosSim_triplet_drop[0.2, 0.4, 0.1]_topK20__PseudoGold_positive_1_hard_negative_1_seed1_hybrid_loss_openai_clip-vit-large-patch14-336_HF/ckpt/epoch_model_13_0.6875.pt: Copied (new)
2026/07/14 22:04:39 INFO  : MHC/RAC_video_archive_seeds/RAC_lr0.0001_Bz64_Ep30_cosSim_triplet_drop[0.2, 0.4, 0.1]_topK20__PseudoGold_positive_1_hard_negative_1_seed1_hybrid_loss_openai_clip-vit-large-patch14-336_HF/ckpt/epoch_model_15_0.7125.pt: Copied (new)
2026/07/14 22:04:39 INFO  : MHC/RAC_video_archive_seeds/RAC_lr0.0001_Bz64_Ep30_cosSim_triplet_drop[0.2, 0.4, 0.1]_topK20__PseudoGold_positive_1_hard_negative_1_seed1_hybrid_loss_openai_clip-vit-large-patch14-336_HF/ckpt/epoch_model_12_0.6875.pt: Copied (new)
2026/07/14 22:04:40 INFO  : MHC/RAC_video_archive_seeds/RAC_lr0.0001_Bz64_Ep30_cosSim_triplet_drop[0.2, 0.4, 0.1]_topK20__PseudoGold_positive_1_hard_negative_1_seed1_hybrid_loss_openai_clip-vit-large-patch14-336_HF/ckpt/epoch_model_18_0.725.pt: Copied (new)
2026/07/14 22:04:40 INFO  : MHC/RAC_video_archive_seeds/RAC_lr0.0001_Bz64_Ep30_cosSim_triplet_drop[0.2, 0.4, 0.1]_topK20__PseudoGold_positive_1_hard_negative_1_seed1_hybrid_loss_openai_clip-vit-large-patch14-336_HF/ckpt/epoch_model_16_0.7625.pt: Copied (new)
2026/07/14 22:04:40 INFO  : MHC/RAC_video_archive_seeds/RAC_lr0.0001_Bz64_Ep30_cosSim_triplet_drop[0.2, 0.4, 0.1]_topK20__PseudoGold_positive_1_hard_negative_1_seed1_hybrid_loss_openai_clip-vit-large-patch14-336_HF/ckpt/epoch_model_10_0.725.pt: Copied (new)
2026/07/14 22:04:40 INFO  : HateMM/RAC_tarc_g1/RAC_lr0.0001_Bz64_Ep30_cosSim_triplet_drop[0.2, 0.4, 0.1]_topK20__PseudoGold_positive_1_hard_negative_1_seed1_hybrid_loss_v1prefer_tarc-gt_oracle-hnprefer_ORACLE_CEILING/ckpt/epoch_model_29_0.8411214953271028.pt: Copied (new)
2026/07/14 22:04:41 INFO  : MHC/RAC_video_archive_seeds/RAC_lr0.0001_Bz64_Ep30_cosSim_triplet_drop[0.2, 0.4, 0.1]_topK20__PseudoGold_positive_1_hard_negative_1_seed1_hybrid_loss_openai_clip-vit-large-patch14-336_HF/ckpt/epoch_model_17_0.725.pt: Copied (new)
2026/07/14 22:04:41 INFO  : MHC/RAC_video_archive_seeds/RAC_lr0.0001_Bz64_Ep30_cosSim_triplet_drop[0.2, 0.4, 0.1]_topK20__PseudoGold_positive_1_hard_negative_1_seed1_hybrid_loss_openai_clip-vit-large-patch14-336_HF/ckpt/epoch_model_19_0.725.pt: Copied (new)
2026/07/14 22:04:42 INFO  : MHC/RAC_video_archive_seeds/RAC_lr0.0001_Bz64_Ep30_cosSim_triplet_drop[0.2, 0.4, 0.1]_topK20__PseudoGold_positive_1_hard_negative_1_seed1_hybrid_loss_openai_clip-vit-large-patch14-336_HF/ckpt/epoch_model_1_0.6875.pt: Copied (new)
2026/07/14 22:04:42 INFO  : HateMM/RAC_tarc_g1/RAC_lr0.0001_Bz64_Ep30_cosSim_triplet_drop[0.2, 0.4, 0.1]_topK20__PseudoGold_positive_1_hard_negative_1_seed1_hybrid_loss_v1prefer_tarc-gt_oracle-hnprefer_ORACLE_CEILING/ckpt/epoch_model_28_0.822429906542056.pt: Copied (new)
2026/07/14 22:04:43 INFO  : HateMM/RAC_tarc_g1/RAC_lr0.0001_Bz64_Ep30_cosSim_triplet_drop[0.2, 0.4, 0.1]_topK20__PseudoGold_positive_1_hard_negative_1_seed1_hybrid_loss_v1prefer_tarc-gt_oracle-hnprefer_ORACLE_CEILING/ckpt/epoch_model_2_0.7850467289719626.pt: Copied (new)
2026/07/14 22:04:43 INFO  : MHC/RAC_video_archive_seeds/RAC_lr0.0001_Bz64_Ep30_cosSim_triplet_drop[0.2, 0.4, 0.1]_topK20__PseudoGold_positive_1_hard_negative_1_seed1_hybrid_loss_openai_clip-vit-large-patch14-336_HF/ckpt/epoch_model_21_0.7.pt: Copied (new)
2026/07/14 22:04:43 INFO  : HateMM/RAC_tarc_g1/RAC_lr0.0001_Bz64_Ep30_cosSim_triplet_drop[0.2, 0.4, 0.1]_topK20__PseudoGold_positive_1_hard_negative_1_seed1_hybrid_loss_v1prefer_tarc-gt_oracle-hnprefer_ORACLE_CEILING/ckpt/epoch_model_3_0.8037383177570093.pt: Copied (new)
2026/07/14 22:04:43 INFO  : MHC/RAC_video_archive_seeds/RAC_lr0.0001_Bz64_Ep30_cosSim_triplet_drop[0.2, 0.4, 0.1]_topK20__PseudoGold_positive_1_hard_negative_1_seed1_hybrid_loss_openai_clip-vit-large-patch14-336_HF/ckpt/epoch_model_24_0.725.pt: Copied (new)
2026/07/14 22:04:44 INFO  : MHC/RAC_video_archive_seeds/RAC_lr0.0001_Bz64_Ep30_cosSim_triplet_drop[0.2, 0.4, 0.1]_topK20__PseudoGold_positive_1_hard_negative_1_seed1_hybrid_loss_openai_clip-vit-large-patch14-336_HF/ckpt/epoch_model_23_0.7.pt: Copied (new)
2026/07/14 22:04:44 INFO  : MHC/RAC_video_archive_seeds/RAC_lr0.0001_Bz64_Ep30_cosSim_triplet_drop[0.2, 0.4, 0.1]_topK20__PseudoGold_positive_1_hard_negative_1_seed1_hybrid_loss_openai_clip-vit-large-patch14-336_HF/ckpt/epoch_model_22_0.6875.pt: Copied (new)
2026/07/14 22:04:45 INFO  : MHC/RAC_video_archive_seeds/RAC_lr0.0001_Bz64_Ep30_cosSim_triplet_drop[0.2, 0.4, 0.1]_topK20__PseudoGold_positive_1_hard_negative_1_seed1_hybrid_loss_openai_clip-vit-large-patch14-336_HF/ckpt/epoch_model_25_0.7625.pt: Copied (new)
2026/07/14 22:04:45 INFO  : MHC/RAC_video_archive_seeds/RAC_lr0.0001_Bz64_Ep30_cosSim_triplet_drop[0.2, 0.4, 0.1]_topK20__PseudoGold_positive_1_hard_negative_1_seed1_hybrid_loss_openai_clip-vit-large-patch14-336_HF/ckpt/epoch_model_27_0.75.pt: Copied (new)
2026/07/14 22:04:46 INFO  : MHC/RAC_video_archive_seeds/RAC_lr0.0001_Bz64_Ep30_cosSim_triplet_drop[0.2, 0.4, 0.1]_topK20__PseudoGold_positive_1_hard_negative_1_seed1_hybrid_loss_openai_clip-vit-large-patch14-336_HF/ckpt/epoch_model_29_0.75.pt: Copied (new)
2026/07/14 22:04:46 INFO  : MHC/RAC_video_archive_seeds/RAC_lr0.0001_Bz64_Ep30_cosSim_triplet_drop[0.2, 0.4, 0.1]_topK20__PseudoGold_positive_1_hard_negative_1_seed1_hybrid_loss_openai_clip-vit-large-patch14-336_HF/ckpt/epoch_model_2_0.6875.pt: Copied (new)
2026/07/14 22:04:46 INFO  : MHC/RAC_video_archive_seeds/RAC_lr0.0001_Bz64_Ep30_cosSim_triplet_drop[0.2, 0.4, 0.1]_topK20__PseudoGold_positive_1_hard_negative_1_seed1_hybrid_loss_openai_clip-vit-large-patch14-336_HF/ckpt/epoch_model_26_0.75.pt: Copied (new)
2026/07/14 22:04:46 INFO  : MHC/RAC_video_archive_seeds/RAC_lr0.0001_Bz64_Ep30_cosSim_triplet_drop[0.2, 0.4, 0.1]_topK20__PseudoGold_positive_1_hard_negative_1_seed1_hybrid_loss_openai_clip-vit-large-patch14-336_HF/ckpt/epoch_model_28_0.75.pt: Copied (new)
2026/07/14 22:04:46 INFO  : MHC/RAC_video_archive_seeds/RAC_lr0.0001_Bz64_Ep30_cosSim_triplet_drop[0.2, 0.4, 0.1]_topK20__PseudoGold_positive_1_hard_negative_1_seed1_hybrid_loss_openai_clip-vit-large-patch14-336_HF/ckpt/epoch_model_20_0.725.pt: Copied (new)
2026/07/14 22:04:47 INFO  : MHC/RAC_video_archive_seeds/RAC_lr0.0001_Bz64_Ep30_cosSim_triplet_drop[0.2, 0.4, 0.1]_topK20__PseudoGold_positive_1_hard_negative_1_seed1_hybrid_loss_openai_clip-vit-large-patch14-336_HF/ckpt/epoch_model_3_0.7.pt: Copied (new)
2026/07/14 22:04:47 INFO  : MHC/RAC_video_archive_seeds/RAC_lr0.0001_Bz64_Ep30_cosSim_triplet_drop[0.2, 0.4, 0.1]_topK20__PseudoGold_positive_1_hard_negative_1_seed1_hybrid_loss_openai_clip-vit-large-patch14-336_HF/ckpt/epoch_model_6_0.6875.pt: Copied (new)
2026/07/14 22:04:48 INFO  : MHC/RAC_video_archive_seeds/RAC_lr0.0001_Bz64_Ep30_cosSim_triplet_drop[0.2, 0.4, 0.1]_topK20__PseudoGold_positive_1_hard_negative_1_seed1_hybrid_loss_openai_clip-vit-large-patch14-336_HF/ckpt/epoch_model_4_0.6875.pt: Copied (new)
2026/07/14 22:04:48 INFO  : MHC/RAC_video_archive_seeds/RAC_lr0.0001_Bz64_Ep30_cosSim_triplet_drop[0.2, 0.4, 0.1]_topK20__PseudoGold_positive_1_hard_negative_1_seed1_hybrid_loss_openai_clip-vit-large-patch14-336_HF/ckpt/epoch_model_5_0.6875.pt: Copied (new)
2026/07/14 22:04:48 INFO  : MHC/RAC_video_archive_seeds/RAC_lr0.0001_Bz64_Ep30_cosSim_triplet_drop[0.2, 0.4, 0.1]_topK20__PseudoGold_positive_1_hard_negative_1_seed1_hybrid_loss_openai_clip-vit-large-patch14-336_HF/ckpt/epoch_model_7_0.6875.pt: Copied (new)
2026/07/14 22:04:49 INFO  : MHC/RAC_video_archive_seeds/RAC_lr0.0001_Bz64_Ep30_cosSim_triplet_drop[0.2, 0.4, 0.1]_topK20__PseudoGold_positive_1_hard_negative_1_seed1_hybrid_loss_openai_clip-vit-large-patch14-336_HF/ckpt/epoch_model_8_0.7.pt: Copied (new)
2026/07/14 22:04:49 INFO  : MHC/RAC_video_archive_seeds/RAC_lr0.0001_Bz64_Ep30_cosSim_triplet_drop[0.2, 0.4, 0.1]_topK20__PseudoGold_positive_1_hard_negative_1_seed1_hybrid_loss_openai_clip-vit-large-patch14-336_HF/ckpt/epoch_model_9_0.7.pt: Copied (new)
2026/07/14 22:04:49 INFO  : HateMM/RAC_tarc_g1/RAC_lr0.0001_Bz64_Ep30_cosSim_triplet_drop[0.2, 0.4, 0.1]_topK20__PseudoGold_positive_1_hard_negative_1_seed1_hybrid_loss_v1prefer_tarc-gt_oracle-hnprefer_ORACLE_CEILING/ckpt/epoch_model_5_0.8130841121495327.pt: Copied (new)
2026/07/14 22:04:50 INFO  : HateMM/RAC_tarc_g1/RAC_lr0.0001_Bz64_Ep30_cosSim_triplet_drop[0.2, 0.4, 0.1]_topK20__PseudoGold_positive_1_hard_negative_1_seed1_hybrid_loss_v1prefer_tarc-gt_oracle-hnprefer_ORACLE_CEILING/ckpt/epoch_model_8_0.8130841121495327.pt: Copied (new)
2026/07/14 22:04:50 INFO  : HateMM/RAC_tarc_g1/RAC_lr0.0001_Bz64_Ep30_cosSim_triplet_drop[0.2, 0.4, 0.1]_topK20__PseudoGold_positive_1_hard_negative_1_seed1_hybrid_loss_v1prefer_tarc-gt_oracle-hnprefer_ORACLE_CEILING/ckpt/epoch_model_7_0.822429906542056.pt: Copied (new)
2026/07/14 22:04:50 INFO  : HateMM/RAC_tarc_g1/RAC_lr0.0001_Bz64_Ep30_cosSim_triplet_drop[0.2, 0.4, 0.1]_topK20__PseudoGold_positive_1_hard_negative_1_seed1_hybrid_loss_v1prefer_tarc-gt_oracle-hnprefer_ORACLE_CEILING/ckpt/epoch_model_6_0.8130841121495327.pt: Copied (new)
2026/07/14 22:04:50 INFO  : HateMM/RAC_tarc_g1/RAC_lr0.0001_Bz64_Ep30_cosSim_triplet_drop[0.2, 0.4, 0.1]_topK20__PseudoGold_positive_1_hard_negative_1_seed1_hybrid_loss_v1prefer_tarc-gt_oracle-hnprefer_ORACLE_CEILING/ckpt/epoch_model_4_0.8130841121495327.pt: Copied (new)
2026/07/14 22:04:51 INFO  : HateMM/RAC_tarc_g1/RAC_lr0.0001_Bz64_Ep30_cosSim_triplet_drop[0.2, 0.4, 0.1]_topK20__PseudoGold_positive_1_hard_negative_1_seed1_hybrid_loss_v1prefer_tarc-gt_oracle-hnprefer_ORACLE_CEILING/ckpt/epoch_model_9_0.7850467289719626.pt: Copied (new)
2026/07/14 22:04:51 INFO  : HateMM/RAC_tarc_g1/RAC_lr0.0001_Bz64_Ep30_cosSim_triplet_drop[0.2, 0.4, 0.1]_topK20__PseudoGold_positive_1_hard_negative_1_seed1_hybrid_loss_v1prefer_tarc-gt_oracle-hnprefer_ORACLE_CEILING/ckpt/last_model_29_0.8411214953271028.pt: Copied (new)
2026/07/14 22:04:51 INFO  : MHC/RAC_video_archive_seeds/RAC_lr0.0001_Bz64_Ep30_cosSim_triplet_drop[0.2, 0.4, 0.1]_topK20__PseudoGold_positive_1_hard_negative_1_seed1_hybrid_loss_openai_clip-vit-large-patch14-336_HF/ckpt/last_model_29_0.75.pt: Copied (new)
2026/07/14 22:04:55 INFO  : MHC/RAC_video_archive_seeds/RAC_lr0.0001_Bz64_Ep30_cosSim_triplet_drop[0.2, 0.4, 0.1]_topK20__PseudoGold_positive_1_hard_negative_1_seed2_hybrid_loss_Qwen2.5-VL-32B-Instruct_HF/ckpt/best_model_5_0.725.pt: Copied (new)
2026/07/14 22:04:55 INFO  : MHC/RAC_video_archive_seeds/RAC_lr0.0001_Bz64_Ep30_cosSim_triplet_drop[0.2, 0.4, 0.1]_topK20__PseudoGold_positive_1_hard_negative_1_seed2_hybrid_loss_Qwen2.5-VL-32B-Instruct_HF/ckpt/best_model_13_0.8125.pt: Copied (new)
2026/07/14 22:04:55 INFO  : MHC/RAC_video_archive_seeds/RAC_lr0.0001_Bz64_Ep30_cosSim_triplet_drop[0.2, 0.4, 0.1]_topK20__PseudoGold_positive_1_hard_negative_1_seed2_hybrid_loss_Qwen2.5-VL-32B-Instruct_HF/ckpt/best_model_12_0.7875.pt: Copied (new)
2026/07/14 22:04:56 INFO  : MHC/RAC_video_archive_seeds/RAC_lr0.0001_Bz64_Ep30_cosSim_triplet_drop[0.2, 0.4, 0.1]_topK20__PseudoGold_positive_1_hard_negative_1_seed2_hybrid_loss_Qwen2.5-VL-32B-Instruct_HF/ckpt/best_model_9_0.775.pt: Copied (new)
2026/07/14 22:04:57 INFO  : MHC/RAC_video_archive_seeds/RAC_lr0.0001_Bz64_Ep30_cosSim_triplet_drop[0.2, 0.4, 0.1]_topK20__PseudoGold_positive_1_hard_negative_1_seed2_hybrid_loss_Qwen2.5-VL-32B-Instruct_HF/ckpt/best_model_7_0.75.pt: Copied (new)
2026/07/14 22:04:57 INFO  : MHC/RAC_video_archive_seeds/RAC_lr0.0001_Bz64_Ep30_cosSim_triplet_drop[0.2, 0.4, 0.1]_topK20__PseudoGold_positive_1_hard_negative_1_seed2_hybrid_loss_Qwen2.5-VL-32B-Instruct_HF/ckpt/best_model_6_0.75.pt: Copied (new)
2026/07/14 22:04:58 INFO  : MHC/RAC_video_archive_seeds/RAC_lr0.0001_Bz64_Ep30_cosSim_triplet_drop[0.2, 0.4, 0.1]_topK20__PseudoGold_positive_1_hard_negative_1_seed2_hybrid_loss_Qwen2.5-VL-32B-Instruct_HF/ckpt/epoch_model_0_0.7875.pt: Copied (new)
2026/07/14 22:04:59 INFO  : MHC/RAC_video_archive_seeds/RAC_lr0.0001_Bz64_Ep30_cosSim_triplet_drop[0.2, 0.4, 0.1]_topK20__PseudoGold_positive_1_hard_negative_1_seed2_hybrid_loss_Qwen2.5-VL-32B-Instruct_HF/ckpt/epoch_model_12_0.7875.pt: Copied (new)
2026/07/14 22:05:00 INFO  : MHC/RAC_video_archive_seeds/RAC_lr0.0001_Bz64_Ep30_cosSim_triplet_drop[0.2, 0.4, 0.1]_topK20__PseudoGold_positive_1_hard_negative_1_seed2_hybrid_loss_Qwen2.5-VL-32B-Instruct_HF/ckpt/epoch_model_13_0.8125.pt: Copied (new)
2026/07/14 22:05:01 INFO  : MHC/RAC_video_archive_seeds/RAC_lr0.0001_Bz64_Ep30_cosSim_triplet_drop[0.2, 0.4, 0.1]_topK20__PseudoGold_positive_1_hard_negative_1_seed2_hybrid_loss_Qwen2.5-VL-32B-Instruct_HF/ckpt/epoch_model_11_0.7375.pt: Copied (new)
2026/07/14 22:05:02 INFO  : MHC/RAC_video_archive_seeds/RAC_lr0.0001_Bz64_Ep30_cosSim_triplet_drop[0.2, 0.4, 0.1]_topK20__PseudoGold_positive_1_hard_negative_1_seed2_hybrid_loss_Qwen2.5-VL-32B-Instruct_HF/ckpt/epoch_model_14_0.775.pt: Copied (new)
2026/07/14 22:05:03 INFO  : MHC/RAC_video_archive_seeds/RAC_lr0.0001_Bz64_Ep30_cosSim_triplet_drop[0.2, 0.4, 0.1]_topK20__PseudoGold_positive_1_hard_negative_1_seed2_hybrid_loss_Qwen2.5-VL-32B-Instruct_HF/ckpt/epoch_model_15_0.8.pt: Copied (new)
2026/07/14 22:05:04 INFO  : MHC/RAC_video_archive_seeds/RAC_lr0.0001_Bz64_Ep30_cosSim_triplet_drop[0.2, 0.4, 0.1]_topK20__PseudoGold_positive_1_hard_negative_1_seed2_hybrid_loss_Qwen2.5-VL-32B-Instruct_HF/ckpt/epoch_model_16_0.7875.pt: Copied (new)
2026/07/14 22:05:04 INFO  : MHC/RAC_video_archive_seeds/RAC_lr0.0001_Bz64_Ep30_cosSim_triplet_drop[0.2, 0.4, 0.1]_topK20__PseudoGold_positive_1_hard_negative_1_seed2_hybrid_loss_Qwen2.5-VL-32B-Instruct_HF/ckpt/epoch_model_18_0.7875.pt: Copied (new)
2026/07/14 22:05:04 INFO  : MHC/RAC_video_archive_seeds/RAC_lr0.0001_Bz64_Ep30_cosSim_triplet_drop[0.2, 0.4, 0.1]_topK20__PseudoGold_positive_1_hard_negative_1_seed2_hybrid_loss_Qwen2.5-VL-32B-Instruct_HF/ckpt/epoch_model_17_0.7875.pt: Copied (new)
2026/07/14 22:05:05 INFO  : MHC/RAC_video_archive_seeds/RAC_lr0.0001_Bz64_Ep30_cosSim_triplet_drop[0.2, 0.4, 0.1]_topK20__PseudoGold_positive_1_hard_negative_1_seed2_hybrid_loss_Qwen2.5-VL-32B-Instruct_HF/ckpt/epoch_model_19_0.775.pt: Copied (new)
2026/07/14 22:05:06 INFO  : MHC/RAC_video_archive_seeds/RAC_lr0.0001_Bz64_Ep30_cosSim_triplet_drop[0.2, 0.4, 0.1]_topK20__PseudoGold_positive_1_hard_negative_1_seed2_hybrid_loss_Qwen2.5-VL-32B-Instruct_HF/ckpt/epoch_model_1_0.7625.pt: Copied (new)
2026/07/14 22:05:08 INFO  : MHC/RAC_video_archive_seeds/RAC_lr0.0001_Bz64_Ep30_cosSim_triplet_drop[0.2, 0.4, 0.1]_topK20__PseudoGold_positive_1_hard_negative_1_seed2_hybrid_loss_Qwen2.5-VL-32B-Instruct_HF/ckpt/epoch_model_10_0.75.pt: Copied (new)
2026/07/14 22:05:08 INFO  : MHC/RAC_video_archive_seeds/RAC_lr0.0001_Bz64_Ep30_cosSim_triplet_drop[0.2, 0.4, 0.1]_topK20__PseudoGold_positive_1_hard_negative_1_seed2_hybrid_loss_Qwen2.5-VL-32B-Instruct_HF/ckpt/epoch_model_23_0.775.pt: Copied (new)
2026/07/14 22:05:08 INFO  : MHC/RAC_video_archive_seeds/RAC_lr0.0001_Bz64_Ep30_cosSim_triplet_drop[0.2, 0.4, 0.1]_topK20__PseudoGold_positive_1_hard_negative_1_seed2_hybrid_loss_Qwen2.5-VL-32B-Instruct_HF/ckpt/epoch_model_20_0.7875.pt: Copied (new)
2026/07/14 22:05:09 INFO  : MHC/RAC_video_archive_seeds/RAC_lr0.0001_Bz64_Ep30_cosSim_triplet_drop[0.2, 0.4, 0.1]_topK20__PseudoGold_positive_1_hard_negative_1_seed2_hybrid_loss_Qwen2.5-VL-32B-Instruct_HF/ckpt/epoch_model_24_0.7625.pt: Copied (new)
2026/07/14 22:05:09 INFO  : MHC/RAC_video_archive_seeds/RAC_lr0.0001_Bz64_Ep30_cosSim_triplet_drop[0.2, 0.4, 0.1]_topK20__PseudoGold_positive_1_hard_negative_1_seed2_hybrid_loss_Qwen2.5-VL-32B-Instruct_HF/ckpt/epoch_model_25_0.7625.pt: Copied (new)
2026/07/14 22:05:09 INFO  : MHC/RAC_video_archive_seeds/RAC_lr0.0001_Bz64_Ep30_cosSim_triplet_drop[0.2, 0.4, 0.1]_topK20__PseudoGold_positive_1_hard_negative_1_seed2_hybrid_loss_Qwen2.5-VL-32B-Instruct_HF/ckpt/epoch_model_22_0.7625.pt: Copied (new)
2026/07/14 22:05:10 INFO  : MHC/RAC_video_archive_seeds/RAC_lr0.0001_Bz64_Ep30_cosSim_triplet_drop[0.2, 0.4, 0.1]_topK20__PseudoGold_positive_1_hard_negative_1_seed2_hybrid_loss_Qwen2.5-VL-32B-Instruct_HF/ckpt/epoch_model_21_0.7625.pt: Copied (new)
2026/07/14 22:05:12 INFO  : MHC/RAC_video_archive_seeds/RAC_lr0.0001_Bz64_Ep30_cosSim_triplet_drop[0.2, 0.4, 0.1]_topK20__PseudoGold_positive_1_hard_negative_1_seed2_hybrid_loss_Qwen2.5-VL-32B-Instruct_HF/ckpt/epoch_model_26_0.75.pt: Copied (new)
2026/07/14 22:05:14 INFO  : MHC/RAC_video_archive_seeds/RAC_lr0.0001_Bz64_Ep30_cosSim_triplet_drop[0.2, 0.4, 0.1]_topK20__PseudoGold_positive_1_hard_negative_1_seed2_hybrid_loss_Qwen2.5-VL-32B-Instruct_HF/ckpt/epoch_model_27_0.7625.pt: Copied (new)
2026/07/14 22:05:14 INFO  : MHC/RAC_video_archive_seeds/RAC_lr0.0001_Bz64_Ep30_cosSim_triplet_drop[0.2, 0.4, 0.1]_topK20__PseudoGold_positive_1_hard_negative_1_seed2_hybrid_loss_Qwen2.5-VL-32B-Instruct_HF/ckpt/epoch_model_28_0.75.pt: Copied (new)
2026/07/14 22:05:14 INFO  : MHC/RAC_video_archive_seeds/RAC_lr0.0001_Bz64_Ep30_cosSim_triplet_drop[0.2, 0.4, 0.1]_topK20__PseudoGold_positive_1_hard_negative_1_seed2_hybrid_loss_Qwen2.5-VL-32B-Instruct_HF/ckpt/epoch_model_29_0.7875.pt: Copied (new)
2026/07/14 22:05:14 INFO  : MHC/RAC_video_archive_seeds/RAC_lr0.0001_Bz64_Ep30_cosSim_triplet_drop[0.2, 0.4, 0.1]_topK20__PseudoGold_positive_1_hard_negative_1_seed2_hybrid_loss_Qwen2.5-VL-32B-Instruct_HF/ckpt/epoch_model_2_0.6875.pt: Copied (new)
2026/07/14 22:05:15 INFO  : MHC/RAC_video_archive_seeds/RAC_lr0.0001_Bz64_Ep30_cosSim_triplet_drop[0.2, 0.4, 0.1]_topK20__PseudoGold_positive_1_hard_negative_1_seed2_hybrid_loss_Qwen2.5-VL-32B-Instruct_HF/ckpt/epoch_model_4_0.6875.pt: Copied (new)
2026/07/14 22:05:15 INFO  : MHC/RAC_video_archive_seeds/RAC_lr0.0001_Bz64_Ep30_cosSim_triplet_drop[0.2, 0.4, 0.1]_topK20__PseudoGold_positive_1_hard_negative_1_seed2_hybrid_loss_Qwen2.5-VL-32B-Instruct_HF/ckpt/epoch_model_3_0.7125.pt: Copied (new)
2026/07/14 22:05:15 INFO  : MHC/RAC_video_archive_seeds/RAC_lr0.0001_Bz64_Ep30_cosSim_triplet_drop[0.2, 0.4, 0.1]_topK20__PseudoGold_positive_1_hard_negative_1_seed2_hybrid_loss_Qwen2.5-VL-32B-Instruct_HF/ckpt/epoch_model_5_0.725.pt: Copied (new)
2026/07/14 22:05:17 INFO  : MHC/RAC_tarc_g3mhc/RAC_lr0.0001_Bz64_Ep30_cosSim_triplet_drop[0.2, 0.4, 0.1]_topK20__PseudoGold_positive_1_hard_negative_1_seed2_hybrid_loss_v1prefer_tarc-mllm_pred-hnprefer/ckpt/epoch_model_10_0.725.pt: Copied (new)
2026/07/14 22:05:17 INFO  : MHC/RAC_tarc_g3mhc/RAC_lr0.0001_Bz64_Ep30_cosSim_triplet_drop[0.2, 0.4, 0.1]_topK20__PseudoGold_positive_1_hard_negative_1_seed2_hybrid_loss_v1prefer_tarc-mllm_pred-hnprefer/ckpt/epoch_model_0_0.7125.pt: Copied (new)
2026/07/14 22:05:17 INFO  : MHC/RAC_tarc_g3mhc/RAC_lr0.0001_Bz64_Ep30_cosSim_triplet_drop[0.2, 0.4, 0.1]_topK20__PseudoGold_positive_1_hard_negative_1_seed2_hybrid_loss_v1prefer_tarc-mllm_pred-hnprefer/ckpt/epoch_model_11_0.7375.pt: Copied (new)
2026/07/14 22:05:18 INFO  : MHC/RAC_video_archive_seeds/RAC_lr0.0001_Bz64_Ep30_cosSim_triplet_drop[0.2, 0.4, 0.1]_topK20__PseudoGold_positive_1_hard_negative_1_seed2_hybrid_loss_Qwen2.5-VL-32B-Instruct_HF/ckpt/epoch_model_6_0.75.pt: Copied (new)
2026/07/14 22:05:18 INFO  : MHC/RAC_tarc_g3mhc/RAC_lr0.0001_Bz64_Ep30_cosSim_triplet_drop[0.2, 0.4, 0.1]_topK20__PseudoGold_positive_1_hard_negative_1_seed2_hybrid_loss_v1prefer_tarc-mllm_pred-hnprefer/ckpt/epoch_model_12_0.75.pt: Copied (new)
2026/07/14 22:05:19 INFO  : MHC/RAC_tarc_g3mhc/RAC_lr0.0001_Bz64_Ep30_cosSim_triplet_drop[0.2, 0.4, 0.1]_topK20__PseudoGold_positive_1_hard_negative_1_seed2_hybrid_loss_v1prefer_tarc-mllm_pred-hnprefer/ckpt/epoch_model_14_0.7125.pt: Copied (new)
2026/07/14 22:05:20 INFO  : MHC/RAC_video_archive_seeds/RAC_lr0.0001_Bz64_Ep30_cosSim_triplet_drop[0.2, 0.4, 0.1]_topK20__PseudoGold_positive_1_hard_negative_1_seed2_hybrid_loss_Qwen2.5-VL-32B-Instruct_HF/ckpt/epoch_model_9_0.775.pt: Copied (new)
2026/07/14 22:05:20 INFO  : MHC/RAC_tarc_g3mhc/RAC_lr0.0001_Bz64_Ep30_cosSim_triplet_drop[0.2, 0.4, 0.1]_topK20__PseudoGold_positive_1_hard_negative_1_seed2_hybrid_loss_v1prefer_tarc-mllm_pred-hnprefer/ckpt/epoch_model_13_0.75.pt: Copied (new)
2026/07/14 22:05:20 INFO  : MHC/RAC_tarc_g3mhc/RAC_lr0.0001_Bz64_Ep30_cosSim_triplet_drop[0.2, 0.4, 0.1]_topK20__PseudoGold_positive_1_hard_negative_1_seed2_hybrid_loss_v1prefer_tarc-mllm_pred-hnprefer/ckpt/epoch_model_16_0.7375.pt: Copied (new)
2026/07/14 22:05:20 INFO  : MHC/RAC_video_archive_seeds/RAC_lr0.0001_Bz64_Ep30_cosSim_triplet_drop[0.2, 0.4, 0.1]_topK20__PseudoGold_positive_1_hard_negative_1_seed2_hybrid_loss_Qwen2.5-VL-32B-Instruct_HF/ckpt/last_model_29_0.7875.pt: Copied (new)
2026/07/14 22:05:20 INFO  : MHC/RAC_video_archive_seeds/RAC_lr0.0001_Bz64_Ep30_cosSim_triplet_drop[0.2, 0.4, 0.1]_topK20__PseudoGold_positive_1_hard_negative_1_seed2_hybrid_loss_Qwen2.5-VL-32B-Instruct_HF/ckpt/epoch_model_7_0.75.pt: Copied (new)
2026/07/14 22:05:20 INFO  : MHC/RAC_tarc_g3mhc/RAC_lr0.0001_Bz64_Ep30_cosSim_triplet_drop[0.2, 0.4, 0.1]_topK20__PseudoGold_positive_1_hard_negative_1_seed2_hybrid_loss_v1prefer_tarc-mllm_pred-hnprefer/ckpt/epoch_model_15_0.7125.pt: Copied (new)
2026/07/14 22:05:20 INFO  : MHC/RAC_video_archive_seeds/RAC_lr0.0001_Bz64_Ep30_cosSim_triplet_drop[0.2, 0.4, 0.1]_topK20__PseudoGold_positive_1_hard_negative_1_seed2_hybrid_loss_Qwen2.5-VL-32B-Instruct_HF/ckpt/epoch_model_8_0.725.pt: Copied (new)
2026/07/14 22:05:21 INFO  : MHC/RAC_tarc_g3mhc/RAC_lr0.0001_Bz64_Ep30_cosSim_triplet_drop[0.2, 0.4, 0.1]_topK20__PseudoGold_positive_1_hard_negative_1_seed2_hybrid_loss_v1prefer_tarc-mllm_pred-hnprefer/ckpt/epoch_model_17_0.7125.pt: Copied (new)
2026/07/14 22:05:22 INFO  : MHC/RAC_tarc_g3mhc/RAC_lr0.0001_Bz64_Ep30_cosSim_triplet_drop[0.2, 0.4, 0.1]_topK20__PseudoGold_positive_1_hard_negative_1_seed2_hybrid_loss_v1prefer_tarc-mllm_pred-hnprefer/ckpt/epoch_model_1_0.6875.pt: Copied (new)
2026/07/14 22:05:22 INFO  : MHC/RAC_tarc_g3mhc/RAC_lr0.0001_Bz64_Ep30_cosSim_triplet_drop[0.2, 0.4, 0.1]_topK20__PseudoGold_positive_1_hard_negative_1_seed2_hybrid_loss_v1prefer_tarc-mllm_pred-hnprefer/ckpt/epoch_model_18_0.675.pt: Copied (new)
2026/07/14 22:05:22 INFO  : MHC/RAC_tarc_g3mhc/RAC_lr0.0001_Bz64_Ep30_cosSim_triplet_drop[0.2, 0.4, 0.1]_topK20__PseudoGold_positive_1_hard_negative_1_seed2_hybrid_loss_v1prefer_tarc-mllm_pred-hnprefer/ckpt/epoch_model_22_0.725.pt: Copied (new)
2026/07/14 22:05:22 INFO  : MHC/RAC_tarc_g3mhc/RAC_lr0.0001_Bz64_Ep30_cosSim_triplet_drop[0.2, 0.4, 0.1]_topK20__PseudoGold_positive_1_hard_negative_1_seed2_hybrid_loss_v1prefer_tarc-mllm_pred-hnprefer/ckpt/epoch_model_21_0.7.pt: Copied (new)
2026/07/14 22:05:23 INFO  : MHC/RAC_tarc_g3mhc/RAC_lr0.0001_Bz64_Ep30_cosSim_triplet_drop[0.2, 0.4, 0.1]_topK20__PseudoGold_positive_1_hard_negative_1_seed2_hybrid_loss_v1prefer_tarc-mllm_pred-hnprefer/ckpt/epoch_model_24_0.7375.pt: Copied (new)
2026/07/14 22:05:23 INFO  : MHC/RAC_tarc_g3mhc/RAC_lr0.0001_Bz64_Ep30_cosSim_triplet_drop[0.2, 0.4, 0.1]_topK20__PseudoGold_positive_1_hard_negative_1_seed2_hybrid_loss_v1prefer_tarc-mllm_pred-hnprefer/ckpt/epoch_model_20_0.75.pt: Copied (new)
2026/07/14 22:05:23 INFO  : MHC/RAC_tarc_g3mhc/RAC_lr0.0001_Bz64_Ep30_cosSim_triplet_drop[0.2, 0.4, 0.1]_topK20__PseudoGold_positive_1_hard_negative_1_seed2_hybrid_loss_v1prefer_tarc-mllm_pred-hnprefer/ckpt/epoch_model_23_0.725.pt: Copied (new)
2026/07/14 22:05:24 INFO  : MHC/RAC_tarc_g3mhc/RAC_lr0.0001_Bz64_Ep30_cosSim_triplet_drop[0.2, 0.4, 0.1]_topK20__PseudoGold_positive_1_hard_negative_1_seed2_hybrid_loss_v1prefer_tarc-mllm_pred-hnprefer/ckpt/epoch_model_25_0.7375.pt: Copied (new)
2026/07/14 22:05:25 INFO  : MHC/RAC_tarc_g3mhc/RAC_lr0.0001_Bz64_Ep30_cosSim_triplet_drop[0.2, 0.4, 0.1]_topK20__PseudoGold_positive_1_hard_negative_1_seed2_hybrid_loss_v1prefer_tarc-mllm_pred-hnprefer/ckpt/epoch_model_3_0.675.pt: Copied (new)
2026/07/14 22:05:25 INFO  : MHC/RAC_tarc_g3mhc/RAC_lr0.0001_Bz64_Ep30_cosSim_triplet_drop[0.2, 0.4, 0.1]_topK20__PseudoGold_positive_1_hard_negative_1_seed2_hybrid_loss_v1prefer_tarc-mllm_pred-hnprefer/ckpt/epoch_model_27_0.775.pt: Copied (new)
2026/07/14 22:05:25 INFO  : MHC/RAC_tarc_g3mhc/RAC_lr0.0001_Bz64_Ep30_cosSim_triplet_drop[0.2, 0.4, 0.1]_topK20__PseudoGold_positive_1_hard_negative_1_seed2_hybrid_loss_v1prefer_tarc-mllm_pred-hnprefer/ckpt/epoch_model_29_0.7625.pt: Copied (new)
2026/07/14 22:05:26 INFO  : MHC/RAC_tarc_g3mhc/RAC_lr0.0001_Bz64_Ep30_cosSim_triplet_drop[0.2, 0.4, 0.1]_topK20__PseudoGold_positive_1_hard_negative_1_seed2_hybrid_loss_v1prefer_tarc-mllm_pred-hnprefer/ckpt/epoch_model_26_0.775.pt: Copied (new)
2026/07/14 22:05:26 INFO  : MHC/RAC_tarc_g3mhc/RAC_lr0.0001_Bz64_Ep30_cosSim_triplet_drop[0.2, 0.4, 0.1]_topK20__PseudoGold_positive_1_hard_negative_1_seed2_hybrid_loss_v1prefer_tarc-mllm_pred-hnprefer/ckpt/epoch_model_2_0.6875.pt: Copied (new)
2026/07/14 22:05:26 INFO  : MHC/RAC_tarc_g3mhc/RAC_lr0.0001_Bz64_Ep30_cosSim_triplet_drop[0.2, 0.4, 0.1]_topK20__PseudoGold_positive_1_hard_negative_1_seed2_hybrid_loss_v1prefer_tarc-mllm_pred-hnprefer/ckpt/epoch_model_19_0.7375.pt: Copied (new)
2026/07/14 22:05:27 INFO  : MHC/RAC_tarc_g3mhc/RAC_lr0.0001_Bz64_Ep30_cosSim_triplet_drop[0.2, 0.4, 0.1]_topK20__PseudoGold_positive_1_hard_negative_1_seed2_hybrid_loss_v1prefer_tarc-mllm_pred-hnprefer/ckpt/epoch_model_4_0.675.pt: Copied (new)
2026/07/14 22:05:27 INFO  : MHC/RAC_tarc_g3mhc/RAC_lr0.0001_Bz64_Ep30_cosSim_triplet_drop[0.2, 0.4, 0.1]_topK20__PseudoGold_positive_1_hard_negative_1_seed2_hybrid_loss_v1prefer_tarc-mllm_pred-hnprefer/ckpt/epoch_model_6_0.675.pt: Copied (new)
2026/07/14 22:05:27 INFO  : MHC/RAC_tarc_g3mhc/RAC_lr0.0001_Bz64_Ep30_cosSim_triplet_drop[0.2, 0.4, 0.1]_topK20__PseudoGold_positive_1_hard_negative_1_seed2_hybrid_loss_v1prefer_tarc-mllm_pred-hnprefer/ckpt/epoch_model_5_0.675.pt: Copied (new)
2026/07/14 22:05:28 INFO  : MHC/RAC_tarc_g3mhc/RAC_lr0.0001_Bz64_Ep30_cosSim_triplet_drop[0.2, 0.4, 0.1]_topK20__PseudoGold_positive_1_hard_negative_1_seed2_hybrid_loss_v1prefer_tarc-mllm_pred-hnprefer/ckpt/epoch_model_7_0.675.pt: Copied (new)
2026/07/14 22:05:28 INFO  : HateMM/RAC_tarc_g1/RAC_lr0.0001_Bz64_Ep30_cosSim_triplet_drop[0.2, 0.4, 0.1]_topK20__PseudoGold_positive_1_hard_negative_1_seed0_hybrid_loss_v3lt0.5_tarc-gt_oracle-lt0.5_ORACLE_CEILING/ckpt/epoch_model_26_0.8037383177570093.pt: Copied (new)
2026/07/14 22:05:29 INFO  : MHC/RAC_tarc_g3mhc/RAC_lr0.0001_Bz64_Ep30_cosSim_triplet_drop[0.2, 0.4, 0.1]_topK20__PseudoGold_positive_1_hard_negative_1_seed2_hybrid_loss_v1prefer_tarc-mllm_pred-hnprefer/ckpt/epoch_model_9_0.725.pt: Copied (new)
2026/07/14 22:05:29 INFO  : MHC/RAC_tarc_g3mhc/RAC_lr0.0001_Bz64_Ep30_cosSim_triplet_drop[0.2, 0.4, 0.1]_topK20__PseudoGold_positive_1_hard_negative_1_seed2_hybrid_loss_v1prefer_tarc-mllm_pred-hnprefer/ckpt/epoch_model_8_0.7.pt: Copied (new)
2026/07/14 22:05:29 INFO  : HateMM/RAC_tarc_g1/RAC_lr0.0001_Bz64_Ep30_cosSim_triplet_drop[0.2, 0.4, 0.1]_topK20__PseudoGold_positive_1_hard_negative_1_seed0_hybrid_loss_v3lt0.5_tarc-gt_oracle-lt0.5_ORACLE_CEILING/ckpt/epoch_model_28_0.794392523364486.pt: Copied (new)
2026/07/14 22:05:29 INFO  : HateMM/RAC_tarc_g1/RAC_lr0.0001_Bz64_Ep30_cosSim_triplet_drop[0.2, 0.4, 0.1]_topK20__PseudoGold_positive_1_hard_negative_1_seed0_hybrid_loss_v3lt0.5_tarc-gt_oracle-lt0.5_ORACLE_CEILING/ckpt/epoch_model_27_0.8037383177570093.pt: Copied (new)
2026/07/14 22:05:31 INFO  : HateMM/RAC_tarc_g1/RAC_lr0.0001_Bz64_Ep30_cosSim_triplet_drop[0.2, 0.4, 0.1]_topK20__PseudoGold_positive_1_hard_negative_1_seed0_hybrid_loss_v3lt0.5_tarc-gt_oracle-lt0.5_ORACLE_CEILING/ckpt/epoch_model_2_0.7570093457943925.pt: Copied (new)
2026/07/14 22:05:31 INFO  : HateMM/RAC_tarc_g1/RAC_lr0.0001_Bz64_Ep30_cosSim_triplet_drop[0.2, 0.4, 0.1]_topK20__PseudoGold_positive_1_hard_negative_1_seed0_hybrid_loss_v3lt0.5_tarc-gt_oracle-lt0.5_ORACLE_CEILING/ckpt/epoch_model_3_0.7850467289719626.pt: Copied (new)
2026/07/14 22:05:32 INFO  : HateMM/RAC_tarc_g1/RAC_lr0.0001_Bz64_Ep30_cosSim_triplet_drop[0.2, 0.4, 0.1]_topK20__PseudoGold_positive_1_hard_negative_1_seed0_hybrid_loss_v3lt0.5_tarc-gt_oracle-lt0.5_ORACLE_CEILING/ckpt/epoch_model_29_0.8037383177570093.pt: Copied (new)
2026/07/14 22:05:32 INFO  : HateMM/RAC_tarc_g1/RAC_lr0.0001_Bz64_Ep30_cosSim_triplet_drop[0.2, 0.4, 0.1]_topK20__PseudoGold_positive_1_hard_negative_1_seed0_hybrid_loss_v3lt0.5_tarc-gt_oracle-lt0.5_ORACLE_CEILING/ckpt/epoch_model_6_0.7850467289719626.pt: Copied (new)
2026/07/14 22:05:32 INFO  : MHC/RAC_tarc_g3mhc/RAC_lr0.0001_Bz64_Ep30_cosSim_triplet_drop[0.2, 0.4, 0.1]_topK20__PseudoGold_positive_1_hard_negative_1_seed2_hybrid_loss_v1prefer_tarc-mllm_pred-hnprefer/ckpt/epoch_model_28_0.7625.pt: Copied (new)
2026/07/14 22:05:32 INFO  : HateMM/RAC_tarc_g1/RAC_lr0.0001_Bz64_Ep30_cosSim_triplet_drop[0.2, 0.4, 0.1]_topK20__PseudoGold_positive_1_hard_negative_1_seed0_hybrid_loss_v3lt0.5_tarc-gt_oracle-lt0.5_ORACLE_CEILING/ckpt/epoch_model_4_0.7757009345794392.pt: Copied (new)
2026/07/14 22:05:33 INFO  : HateMM/RAC_tarc_g1/RAC_lr0.0001_Bz64_Ep30_cosSim_triplet_drop[0.2, 0.4, 0.1]_topK20__PseudoGold_positive_1_hard_negative_1_seed0_hybrid_loss_v3lt0.5_tarc-gt_oracle-lt0.5_ORACLE_CEILING/ckpt/epoch_model_7_0.794392523364486.pt: Copied (new)
2026/07/14 22:05:34 INFO  : 
Transferred:   	   41.838 GiB / 60.895 GiB, 69%, 57.554 MiB/s, ETA 5m39s
Checks:                 0 / 0, -, Listed 2905
Transferred:         1614 / 2277, 71%
Elapsed time:     11m59.9s
Transferring:
 * MHC/RAC_tarc_g3mhc/RAC…ast_model_29_0.7625.pt: 94% /19.028Mi, 2.242Mi/s, 0s
 * HateMM/RAC_tarc_g1/RAC…5_0.794392523364486.pt: 94% /19.028Mi, 3.580Mi/s, 0s
 * HateMM/RAC_tarc_g1/RAC…_0.8037383177570093.pt:100% /19.028Mi, 6.342Mi/s, 0s
 * HateMM/RAC_tarc_g1/RAC…9_0.794392523364486.pt:100% /19.028Mi, 9.514Mi/s, 0s
 * HateMM/RAC_tarc_g1/RAC…_0.8037383177570093.pt:100% /19.028Mi, 9.513Mi/s, 0s
 * HateMM/RAC_tarc_g1/RAC…_0.8130841121495327.pt: 94% /19.028Mi, 8.748Mi/s, 0s
 * HateMM/RAC_tarc_g1/RAC…_0.8130841121495327.pt: 81% /19.028Mi, 10.183Mi/s, 0s
 * HateMM/RAC_tarc_g1/RAC…_0.8130841121495327.pt:100% /19.028Mi, 17.088Mi/s, 0s

2026/07/14 22:05:34 INFO  : HateMM/RAC_tarc_g1/RAC_lr0.0001_Bz64_Ep30_cosSim_triplet_drop[0.2, 0.4, 0.1]_topK20__PseudoGold_positive_1_hard_negative_1_seed0_hybrid_loss_v3lt0.5_tarc-gt_oracle-lt0.5_ORACLE_CEILING/ckpt/last_model_29_0.8037383177570093.pt: Copied (new)
2026/07/14 22:05:34 INFO  : HateMM/RAC_tarc_g1/RAC_lr0.0001_Bz64_Ep30_cosSim_triplet_drop[0.2, 0.4, 0.1]_topK20__PseudoGold_positive_1_hard_negative_1_seed1_hybrid_loss_v3lt0.1_tarc-gt_oracle-lt0.1_ORACLE_CEILING/ckpt/best_model_24_0.8130841121495327.pt: Copied (new)
2026/07/14 22:05:34 INFO  : HateMM/RAC_tarc_g1/RAC_lr0.0001_Bz64_Ep30_cosSim_triplet_drop[0.2, 0.4, 0.1]_topK20__PseudoGold_positive_1_hard_negative_1_seed0_hybrid_loss_v3lt0.5_tarc-gt_oracle-lt0.5_ORACLE_CEILING/ckpt/epoch_model_9_0.794392523364486.pt: Copied (new)
2026/07/14 22:05:34 INFO  : HateMM/RAC_tarc_g1/RAC_lr0.0001_Bz64_Ep30_cosSim_triplet_drop[0.2, 0.4, 0.1]_topK20__PseudoGold_positive_1_hard_negative_1_seed0_hybrid_loss_v3lt0.5_tarc-gt_oracle-lt0.5_ORACLE_CEILING/ckpt/epoch_model_8_0.8037383177570093.pt: Copied (new)
2026/07/14 22:05:36 INFO  : HateMM/RAC_tarc_g1/RAC_lr0.0001_Bz64_Ep30_cosSim_triplet_drop[0.2, 0.4, 0.1]_topK20__PseudoGold_positive_1_hard_negative_1_seed1_hybrid_loss_v3lt0.1_tarc-gt_oracle-lt0.1_ORACLE_CEILING/ckpt/best_model_15_0.8130841121495327.pt: Copied (new)
2026/07/14 22:05:36 INFO  : HateMM/RAC_tarc_g1/RAC_lr0.0001_Bz64_Ep30_cosSim_triplet_drop[0.2, 0.4, 0.1]_topK20__PseudoGold_positive_1_hard_negative_1_seed0_hybrid_loss_v3lt0.5_tarc-gt_oracle-lt0.5_ORACLE_CEILING/ckpt/epoch_model_5_0.794392523364486.pt: Copied (new)
2026/07/14 22:05:36 INFO  : HateMM/RAC_tarc_g1/RAC_lr0.0001_Bz64_Ep30_cosSim_triplet_drop[0.2, 0.4, 0.1]_topK20__PseudoGold_positive_1_hard_negative_1_seed1_hybrid_loss_v3lt0.1_tarc-gt_oracle-lt0.1_ORACLE_CEILING/ckpt/best_model_27_0.8411214953271028.pt: Copied (new)
2026/07/14 22:05:37 INFO  : HateMM/RAC_tarc_g1/RAC_lr0.0001_Bz64_Ep30_cosSim_triplet_drop[0.2, 0.4, 0.1]_topK20__PseudoGold_positive_1_hard_negative_1_seed1_hybrid_loss_v3lt0.1_tarc-gt_oracle-lt0.1_ORACLE_CEILING/ckpt/best_model_23_0.8130841121495327.pt: Copied (new)
2026/07/14 22:05:37 INFO  : HateMM/RAC_tarc_g1/RAC_lr0.0001_Bz64_Ep30_cosSim_triplet_drop[0.2, 0.4, 0.1]_topK20__PseudoGold_positive_1_hard_negative_1_seed1_hybrid_loss_v3lt0.1_tarc-gt_oracle-lt0.1_ORACLE_CEILING/ckpt/best_model_26_0.822429906542056.pt: Copied (new)
2026/07/14 22:05:37 INFO  : HateMM/RAC_tarc_g1/RAC_lr0.0001_Bz64_Ep30_cosSim_triplet_drop[0.2, 0.4, 0.1]_topK20__PseudoGold_positive_1_hard_negative_1_seed1_hybrid_loss_v3lt0.1_tarc-gt_oracle-lt0.1_ORACLE_CEILING/ckpt/best_model_5_0.7850467289719626.pt: Copied (new)
2026/07/14 22:05:38 INFO  : HateMM/RAC_tarc_g1/RAC_lr0.0001_Bz64_Ep30_cosSim_triplet_drop[0.2, 0.4, 0.1]_topK20__PseudoGold_positive_1_hard_negative_1_seed1_hybrid_loss_v3lt0.1_tarc-gt_oracle-lt0.1_ORACLE_CEILING/ckpt/epoch_model_12_0.7850467289719626.pt: Copied (new)
2026/07/14 22:05:38 INFO  : HateMM/RAC_tarc_g1/RAC_lr0.0001_Bz64_Ep30_cosSim_triplet_drop[0.2, 0.4, 0.1]_topK20__PseudoGold_positive_1_hard_negative_1_seed1_hybrid_loss_v3lt0.1_tarc-gt_oracle-lt0.1_ORACLE_CEILING/ckpt/epoch_model_0_0.7570093457943925.pt: Copied (new)
2026/07/14 22:05:38 INFO  : HateMM/RAC_tarc_g1/RAC_lr0.0001_Bz64_Ep30_cosSim_triplet_drop[0.2, 0.4, 0.1]_topK20__PseudoGold_positive_1_hard_negative_1_seed1_hybrid_loss_v3lt0.1_tarc-gt_oracle-lt0.1_ORACLE_CEILING/ckpt/epoch_model_10_0.7757009345794392.pt: Copied (new)
2026/07/14 22:05:38 INFO  : HateMM/RAC_tarc_g1/RAC_lr0.0001_Bz64_Ep30_cosSim_triplet_drop[0.2, 0.4, 0.1]_topK20__PseudoGold_positive_1_hard_negative_1_seed1_hybrid_loss_v3lt0.1_tarc-gt_oracle-lt0.1_ORACLE_CEILING/ckpt/epoch_model_11_0.794392523364486.pt: Copied (new)
2026/07/14 22:05:40 INFO  : HateMM/RAC_tarc_g1/RAC_lr0.0001_Bz64_Ep30_cosSim_triplet_drop[0.2, 0.4, 0.1]_topK20__PseudoGold_positive_1_hard_negative_1_seed1_hybrid_loss_v3lt0.1_tarc-gt_oracle-lt0.1_ORACLE_CEILING/ckpt/epoch_model_16_0.8037383177570093.pt: Copied (new)
2026/07/14 22:05:40 INFO  : HateMM/RAC_tarc_g1/RAC_lr0.0001_Bz64_Ep30_cosSim_triplet_drop[0.2, 0.4, 0.1]_topK20__PseudoGold_positive_1_hard_negative_1_seed1_hybrid_loss_v3lt0.1_tarc-gt_oracle-lt0.1_ORACLE_CEILING/ckpt/epoch_model_14_0.7757009345794392.pt: Copied (new)
2026/07/14 22:05:40 INFO  : HateMM/RAC_tarc_g1/RAC_lr0.0001_Bz64_Ep30_cosSim_triplet_drop[0.2, 0.4, 0.1]_topK20__PseudoGold_positive_1_hard_negative_1_seed1_hybrid_loss_v3lt0.1_tarc-gt_oracle-lt0.1_ORACLE_CEILING/ckpt/epoch_model_18_0.7850467289719626.pt: Copied (new)
2026/07/14 22:05:40 INFO  : MHC/RAC_tarc_g3mhc/RAC_lr0.0001_Bz64_Ep30_cosSim_triplet_drop[0.2, 0.4, 0.1]_topK20__PseudoGold_positive_1_hard_negative_1_seed2_hybrid_loss_v1prefer_tarc-mllm_pred-hnprefer/ckpt/last_model_29_0.7625.pt: Copied (new)
2026/07/14 22:05:41 INFO  : HateMM/RAC_tarc_g1/RAC_lr0.0001_Bz64_Ep30_cosSim_triplet_drop[0.2, 0.4, 0.1]_topK20__PseudoGold_positive_1_hard_negative_1_seed1_hybrid_loss_v3lt0.1_tarc-gt_oracle-lt0.1_ORACLE_CEILING/ckpt/epoch_model_19_0.7570093457943925.pt: Copied (new)
2026/07/14 22:05:41 INFO  : HateMM/RAC_tarc_g1/RAC_lr0.0001_Bz64_Ep30_cosSim_triplet_drop[0.2, 0.4, 0.1]_topK20__PseudoGold_positive_1_hard_negative_1_seed1_hybrid_loss_v3lt0.1_tarc-gt_oracle-lt0.1_ORACLE_CEILING/ckpt/epoch_model_15_0.8130841121495327.pt: Copied (new)
2026/07/14 22:05:41 INFO  : HateMM/RAC_tarc_g1/RAC_lr0.0001_Bz64_Ep30_cosSim_triplet_drop[0.2, 0.4, 0.1]_topK20__PseudoGold_positive_1_hard_negative_1_seed1_hybrid_loss_v3lt0.1_tarc-gt_oracle-lt0.1_ORACLE_CEILING/ckpt/epoch_model_13_0.7850467289719626.pt: Copied (new)
2026/07/14 22:05:41 INFO  : HateMM/RAC_tarc_g1/RAC_lr0.0001_Bz64_Ep30_cosSim_triplet_drop[0.2, 0.4, 0.1]_topK20__PseudoGold_positive_1_hard_negative_1_seed1_hybrid_loss_v3lt0.1_tarc-gt_oracle-lt0.1_ORACLE_CEILING/ckpt/epoch_model_17_0.7663551401869159.pt: Copied (new)
2026/07/14 22:05:41 INFO  : HateMM/RAC_tarc_g1/RAC_lr0.0001_Bz64_Ep30_cosSim_triplet_drop[0.2, 0.4, 0.1]_topK20__PseudoGold_positive_1_hard_negative_1_seed1_hybrid_loss_v3lt0.1_tarc-gt_oracle-lt0.1_ORACLE_CEILING/ckpt/epoch_model_1_0.7757009345794392.pt: Copied (new)
2026/07/14 22:05:42 INFO  : HateMM/RAC_tarc_g1/RAC_lr0.0001_Bz64_Ep30_cosSim_triplet_drop[0.2, 0.4, 0.1]_topK20__PseudoGold_positive_1_hard_negative_1_seed1_hybrid_loss_v3lt0.1_tarc-gt_oracle-lt0.1_ORACLE_CEILING/ckpt/epoch_model_20_0.794392523364486.pt: Copied (new)
2026/07/14 22:05:42 INFO  : HateMM/RAC_tarc_g1/RAC_lr0.0001_Bz64_Ep30_cosSim_triplet_drop[0.2, 0.4, 0.1]_topK20__PseudoGold_positive_1_hard_negative_1_seed1_hybrid_loss_v3lt0.1_tarc-gt_oracle-lt0.1_ORACLE_CEILING/ckpt/epoch_model_22_0.8130841121495327.pt: Copied (new)
2026/07/14 22:05:43 INFO  : HateMM/RAC_tarc_g1/RAC_lr0.0001_Bz64_Ep30_cosSim_triplet_drop[0.2, 0.4, 0.1]_topK20__PseudoGold_positive_1_hard_negative_1_seed1_hybrid_loss_v3lt0.1_tarc-gt_oracle-lt0.1_ORACLE_CEILING/ckpt/epoch_model_21_0.7663551401869159.pt: Copied (new)
2026/07/14 22:05:43 INFO  : HateMM/RAC_tarc_g1/RAC_lr0.0001_Bz64_Ep30_cosSim_triplet_drop[0.2, 0.4, 0.1]_topK20__PseudoGold_positive_1_hard_negative_1_seed1_hybrid_loss_v3lt0.1_tarc-gt_oracle-lt0.1_ORACLE_CEILING/ckpt/epoch_model_27_0.8411214953271028.pt: Copied (new)
2026/07/14 22:05:44 INFO  : HateMM/RAC_tarc_g1/RAC_lr0.0001_Bz64_Ep30_cosSim_triplet_drop[0.2, 0.4, 0.1]_topK20__PseudoGold_positive_1_hard_negative_1_seed1_hybrid_loss_v3lt0.1_tarc-gt_oracle-lt0.1_ORACLE_CEILING/ckpt/epoch_model_28_0.8317757009345794.pt: Copied (new)
2026/07/14 22:05:44 INFO  : HateMM/RAC_tarc_g1/RAC_lr0.0001_Bz64_Ep30_cosSim_triplet_drop[0.2, 0.4, 0.1]_topK20__PseudoGold_positive_1_hard_negative_1_seed1_hybrid_loss_v3lt0.1_tarc-gt_oracle-lt0.1_ORACLE_CEILING/ckpt/epoch_model_24_0.8130841121495327.pt: Copied (new)
2026/07/14 22:05:45 INFO  : HateMM/RAC_tarc_g1/RAC_lr0.0001_Bz64_Ep30_cosSim_triplet_drop[0.2, 0.4, 0.1]_topK20__PseudoGold_positive_1_hard_negative_1_seed1_hybrid_loss_v3lt0.1_tarc-gt_oracle-lt0.1_ORACLE_CEILING/ckpt/epoch_model_3_0.7757009345794392.pt: Copied (new)
2026/07/14 22:05:45 INFO  : HateMM/RAC_tarc_g1/RAC_lr0.0001_Bz64_Ep30_cosSim_triplet_drop[0.2, 0.4, 0.1]_topK20__PseudoGold_positive_1_hard_negative_1_seed1_hybrid_loss_v3lt0.1_tarc-gt_oracle-lt0.1_ORACLE_CEILING/ckpt/epoch_model_26_0.822429906542056.pt: Copied (new)
2026/07/14 22:05:45 INFO  : HateMM/RAC_tarc_g1/RAC_lr0.0001_Bz64_Ep30_cosSim_triplet_drop[0.2, 0.4, 0.1]_topK20__PseudoGold_positive_1_hard_negative_1_seed1_hybrid_loss_v3lt0.1_tarc-gt_oracle-lt0.1_ORACLE_CEILING/ckpt/epoch_model_2_0.794392523364486.pt: Copied (new)
2026/07/14 22:05:46 INFO  : HateMM/RAC_tarc_g1/RAC_lr0.0001_Bz64_Ep30_cosSim_triplet_drop[0.2, 0.4, 0.1]_topK20__PseudoGold_positive_1_hard_negative_1_seed1_hybrid_loss_v3lt0.1_tarc-gt_oracle-lt0.1_ORACLE_CEILING/ckpt/epoch_model_25_0.8037383177570093.pt: Copied (new)
2026/07/14 22:05:47 INFO  : HateMM/RAC_tarc_g1/RAC_lr0.0001_Bz64_Ep30_cosSim_triplet_drop[0.2, 0.4, 0.1]_topK20__PseudoGold_positive_1_hard_negative_1_seed1_hybrid_loss_v3lt0.1_tarc-gt_oracle-lt0.1_ORACLE_CEILING/ckpt/epoch_model_6_0.7663551401869159.pt: Copied (new)
2026/07/14 22:05:47 INFO  : HateMM/RAC_tarc_g1/RAC_lr0.0001_Bz64_Ep30_cosSim_triplet_drop[0.2, 0.4, 0.1]_topK20__PseudoGold_positive_1_hard_negative_1_seed1_hybrid_loss_v3lt0.1_tarc-gt_oracle-lt0.1_ORACLE_CEILING/ckpt/epoch_model_4_0.7757009345794392.pt: Copied (new)
2026/07/14 22:05:48 INFO  : HateMM/RAC_tarc_g1/RAC_lr0.0001_Bz64_Ep30_cosSim_triplet_drop[0.2, 0.4, 0.1]_topK20__PseudoGold_positive_1_hard_negative_1_seed1_hybrid_loss_v3lt0.1_tarc-gt_oracle-lt0.1_ORACLE_CEILING/ckpt/epoch_model_8_0.7663551401869159.pt: Copied (new)
2026/07/14 22:05:48 INFO  : HateMM/RAC_tarc_g1/RAC_lr0.0001_Bz64_Ep30_cosSim_triplet_drop[0.2, 0.4, 0.1]_topK20__PseudoGold_positive_1_hard_negative_1_seed1_hybrid_loss_v3lt0.1_tarc-gt_oracle-lt0.1_ORACLE_CEILING/ckpt/epoch_model_5_0.7850467289719626.pt: Copied (new)
2026/07/14 22:05:49 INFO  : HateMM/RAC_tarc_g1/RAC_lr0.0001_Bz64_Ep30_cosSim_triplet_drop[0.2, 0.4, 0.1]_topK20__PseudoGold_positive_1_hard_negative_1_seed1_hybrid_loss_v3lt0.1_tarc-gt_oracle-lt0.1_ORACLE_CEILING/ckpt/epoch_model_7_0.7663551401869159.pt: Copied (new)
2026/07/14 22:05:49 INFO  : HateMM/RAC_tarc_g1/RAC_lr0.0001_Bz64_Ep30_cosSim_triplet_drop[0.2, 0.4, 0.1]_topK20__PseudoGold_positive_1_hard_negative_1_seed0_hybrid_loss_v1prefer_tarc-gt_oracle-hnprefer_ORACLE_CEILING/ckpt/best_model_23_0.822429906542056.pt: Copied (new)
2026/07/14 22:05:50 INFO  : HateMM/RAC_tarc_g1/RAC_lr0.0001_Bz64_Ep30_cosSim_triplet_drop[0.2, 0.4, 0.1]_topK20__PseudoGold_positive_1_hard_negative_1_seed1_hybrid_loss_v3lt0.1_tarc-gt_oracle-lt0.1_ORACLE_CEILING/ckpt/epoch_model_23_0.8130841121495327.pt: Copied (new)
2026/07/14 22:05:50 INFO  : HateMM/RAC_tarc_g1/RAC_lr0.0001_Bz64_Ep30_cosSim_triplet_drop[0.2, 0.4, 0.1]_topK20__PseudoGold_positive_1_hard_negative_1_seed1_hybrid_loss_v3lt0.1_tarc-gt_oracle-lt0.1_ORACLE_CEILING/ckpt/last_model_29_0.8411214953271028.pt: Copied (new)
2026/07/14 22:05:50 INFO  : HateMM/RAC_tarc_g1/RAC_lr0.0001_Bz64_Ep30_cosSim_triplet_drop[0.2, 0.4, 0.1]_topK20__PseudoGold_positive_1_hard_negative_1_seed1_hybrid_loss_v3lt0.1_tarc-gt_oracle-lt0.1_ORACLE_CEILING/ckpt/epoch_model_29_0.8411214953271028.pt: Copied (new)
2026/07/14 22:05:51 INFO  : HateMM/RAC_tarc_g1/RAC_lr0.0001_Bz64_Ep30_cosSim_triplet_drop[0.2, 0.4, 0.1]_topK20__PseudoGold_positive_1_hard_negative_1_seed1_hybrid_loss_v3lt0.1_tarc-gt_oracle-lt0.1_ORACLE_CEILING/ckpt/epoch_model_9_0.7757009345794392.pt: Copied (new)
2026/07/14 22:05:51 INFO  : HateMM/RAC_tarc_g1/RAC_lr0.0001_Bz64_Ep30_cosSim_triplet_drop[0.2, 0.4, 0.1]_topK20__PseudoGold_positive_1_hard_negative_1_seed0_hybrid_loss_v1prefer_tarc-gt_oracle-hnprefer_ORACLE_CEILING/ckpt/best_model_24_0.8411214953271028.pt: Copied (new)
2026/07/14 22:05:52 INFO  : HateMM/RAC_tarc_g1/RAC_lr0.0001_Bz64_Ep30_cosSim_triplet_drop[0.2, 0.4, 0.1]_topK20__PseudoGold_positive_1_hard_negative_1_seed0_hybrid_loss_v1prefer_tarc-gt_oracle-hnprefer_ORACLE_CEILING/ckpt/best_model_5_0.822429906542056.pt: Copied (new)
2026/07/14 22:05:52 INFO  : HateMM/RAC_tarc_g1/RAC_lr0.0001_Bz64_Ep30_cosSim_triplet_drop[0.2, 0.4, 0.1]_topK20__PseudoGold_positive_1_hard_negative_1_seed0_hybrid_loss_v1prefer_tarc-gt_oracle-hnprefer_ORACLE_CEILING/ckpt/epoch_model_0_0.7570093457943925.pt: Copied (new)
2026/07/14 22:05:52 INFO  : HateMM/RAC_tarc_g1/RAC_lr0.0001_Bz64_Ep30_cosSim_triplet_drop[0.2, 0.4, 0.1]_topK20__PseudoGold_positive_1_hard_negative_1_seed0_hybrid_loss_v1prefer_tarc-gt_oracle-hnprefer_ORACLE_CEILING/ckpt/epoch_model_12_0.7757009345794392.pt: Copied (new)
2026/07/14 22:05:53 INFO  : HateMM/RAC_tarc_g1/RAC_lr0.0001_Bz64_Ep30_cosSim_triplet_drop[0.2, 0.4, 0.1]_topK20__PseudoGold_positive_1_hard_negative_1_seed0_hybrid_loss_v1prefer_tarc-gt_oracle-hnprefer_ORACLE_CEILING/ckpt/epoch_model_10_0.7850467289719626.pt: Copied (new)
2026/07/14 22:05:53 INFO  : HateMM/RAC_tarc_g1/RAC_lr0.0001_Bz64_Ep30_cosSim_triplet_drop[0.2, 0.4, 0.1]_topK20__PseudoGold_positive_1_hard_negative_1_seed0_hybrid_loss_v1prefer_tarc-gt_oracle-hnprefer_ORACLE_CEILING/ckpt/epoch_model_15_0.8130841121495327.pt: Copied (new)
2026/07/14 22:05:54 INFO  : HateMM/RAC_tarc_g1/RAC_lr0.0001_Bz64_Ep30_cosSim_triplet_drop[0.2, 0.4, 0.1]_topK20__PseudoGold_positive_1_hard_negative_1_seed0_hybrid_loss_v1prefer_tarc-gt_oracle-hnprefer_ORACLE_CEILING/ckpt/epoch_model_18_0.8037383177570093.pt: Copied (new)
2026/07/14 22:05:55 INFO  : HateMM/RAC_tarc_g1/RAC_lr0.0001_Bz64_Ep30_cosSim_triplet_drop[0.2, 0.4, 0.1]_topK20__PseudoGold_positive_1_hard_negative_1_seed0_hybrid_loss_v1prefer_tarc-gt_oracle-hnprefer_ORACLE_CEILING/ckpt/epoch_model_19_0.8130841121495327.pt: Copied (new)
2026/07/14 22:05:55 INFO  : HateMM/RAC_tarc_g1/RAC_lr0.0001_Bz64_Ep30_cosSim_triplet_drop[0.2, 0.4, 0.1]_topK20__PseudoGold_positive_1_hard_negative_1_seed0_hybrid_loss_v1prefer_tarc-gt_oracle-hnprefer_ORACLE_CEILING/ckpt/epoch_model_16_0.7757009345794392.pt: Copied (new)
2026/07/14 22:05:55 INFO  : HateMM/RAC_tarc_g1/RAC_lr0.0001_Bz64_Ep30_cosSim_triplet_drop[0.2, 0.4, 0.1]_topK20__PseudoGold_positive_1_hard_negative_1_seed0_hybrid_loss_v1prefer_tarc-gt_oracle-hnprefer_ORACLE_CEILING/ckpt/epoch_model_11_0.7850467289719626.pt: Copied (new)
2026/07/14 22:05:55 INFO  : HateMM/RAC_tarc_g1/RAC_lr0.0001_Bz64_Ep30_cosSim_triplet_drop[0.2, 0.4, 0.1]_topK20__PseudoGold_positive_1_hard_negative_1_seed0_hybrid_loss_v1prefer_tarc-gt_oracle-hnprefer_ORACLE_CEILING/ckpt/epoch_model_17_0.8037383177570093.pt: Copied (new)
2026/07/14 22:05:55 INFO  : HateMM/RAC_tarc_g1/RAC_lr0.0001_Bz64_Ep30_cosSim_triplet_drop[0.2, 0.4, 0.1]_topK20__PseudoGold_positive_1_hard_negative_1_seed0_hybrid_loss_v1prefer_tarc-gt_oracle-hnprefer_ORACLE_CEILING/ckpt/epoch_model_14_0.7663551401869159.pt: Copied (new)
2026/07/14 22:05:56 INFO  : HateMM/RAC_tarc_g1/RAC_lr0.0001_Bz64_Ep30_cosSim_triplet_drop[0.2, 0.4, 0.1]_topK20__PseudoGold_positive_1_hard_negative_1_seed0_hybrid_loss_v1prefer_tarc-gt_oracle-hnprefer_ORACLE_CEILING/ckpt/epoch_model_20_0.794392523364486.pt: Copied (new)
2026/07/14 22:05:56 INFO  : HateMM/RAC_tarc_g1/RAC_lr0.0001_Bz64_Ep30_cosSim_triplet_drop[0.2, 0.4, 0.1]_topK20__PseudoGold_positive_1_hard_negative_1_seed0_hybrid_loss_v1prefer_tarc-gt_oracle-hnprefer_ORACLE_CEILING/ckpt/epoch_model_13_0.7757009345794392.pt: Copied (new)
2026/07/14 22:05:56 INFO  : HateMM/RAC_tarc_g1/RAC_lr0.0001_Bz64_Ep30_cosSim_triplet_drop[0.2, 0.4, 0.1]_topK20__PseudoGold_positive_1_hard_negative_1_seed0_hybrid_loss_v1prefer_tarc-gt_oracle-hnprefer_ORACLE_CEILING/ckpt/epoch_model_1_0.7757009345794392.pt: Copied (new)
2026/07/14 22:05:57 INFO  : HateMM/RAC_tarc_g1/RAC_lr0.0001_Bz64_Ep30_cosSim_triplet_drop[0.2, 0.4, 0.1]_topK20__PseudoGold_positive_1_hard_negative_1_seed0_hybrid_loss_v1prefer_tarc-gt_oracle-hnprefer_ORACLE_CEILING/ckpt/epoch_model_21_0.8130841121495327.pt: Copied (new)
2026/07/14 22:05:58 INFO  : HateMM/RAC_tarc_g1/RAC_lr0.0001_Bz64_Ep30_cosSim_triplet_drop[0.2, 0.4, 0.1]_topK20__PseudoGold_positive_1_hard_negative_1_seed0_hybrid_loss_v1prefer_tarc-gt_oracle-hnprefer_ORACLE_CEILING/ckpt/epoch_model_26_0.822429906542056.pt: Copied (new)
2026/07/14 22:05:58 INFO  : HateMM/RAC_tarc_g1/RAC_lr0.0001_Bz64_Ep30_cosSim_triplet_drop[0.2, 0.4, 0.1]_topK20__PseudoGold_positive_1_hard_negative_1_seed0_hybrid_loss_v1prefer_tarc-gt_oracle-hnprefer_ORACLE_CEILING/ckpt/epoch_model_23_0.822429906542056.pt: Copied (new)
2026/07/14 22:05:58 INFO  : HateMM/RAC_tarc_g1/RAC_lr0.0001_Bz64_Ep30_cosSim_triplet_drop[0.2, 0.4, 0.1]_topK20__PseudoGold_positive_1_hard_negative_1_seed0_hybrid_loss_v1prefer_tarc-gt_oracle-hnprefer_ORACLE_CEILING/ckpt/epoch_model_22_0.822429906542056.pt: Copied (new)
2026/07/14 22:05:59 INFO  : HateMM/RAC_tarc_g1/RAC_lr0.0001_Bz64_Ep30_cosSim_triplet_drop[0.2, 0.4, 0.1]_topK20__PseudoGold_positive_1_hard_negative_1_seed0_hybrid_loss_v1prefer_tarc-gt_oracle-hnprefer_ORACLE_CEILING/ckpt/epoch_model_24_0.8411214953271028.pt: Copied (new)
2026/07/14 22:06:01 INFO  : HateMM/RAC_tarc_g1/RAC_lr0.0001_Bz64_Ep30_cosSim_triplet_drop[0.2, 0.4, 0.1]_topK20__PseudoGold_positive_1_hard_negative_1_seed0_hybrid_loss_v1prefer_tarc-gt_oracle-hnprefer_ORACLE_CEILING/ckpt/epoch_model_25_0.8317757009345794.pt: Copied (new)
2026/07/14 22:06:02 INFO  : HateMM/RAC_video_archive_seeds/RAC_lr0.0001_Bz64_Ep30_cosSim_triplet_drop[0.2, 0.4, 0.1]_topK20__PseudoGold_positive_1_hard_negative_1_seed0_hybrid_loss_Qwen2.5-VL-32B-Instruct_HF/ckpt/best_model_16_0.8317757009345794.pt: Copied (new)
2026/07/14 22:06:03 INFO  : HateMM/RAC_video_archive_seeds/RAC_lr0.0001_Bz64_Ep30_cosSim_triplet_drop[0.2, 0.4, 0.1]_topK20__PseudoGold_positive_1_hard_negative_1_seed0_hybrid_loss_Qwen2.5-VL-32B-Instruct_HF/ckpt/best_model_25_0.8411214953271028.pt: Copied (new)
2026/07/14 22:06:03 INFO  : HateMM/RAC_video_archive_seeds/RAC_lr0.0001_Bz64_Ep30_cosSim_triplet_drop[0.2, 0.4, 0.1]_topK20__PseudoGold_positive_1_hard_negative_1_seed0_hybrid_loss_Qwen2.5-VL-32B-Instruct_HF/ckpt/best_model_13_0.822429906542056.pt: Copied (new)
2026/07/14 22:06:03 INFO  : HateMM/RAC_video_archive_seeds/RAC_lr0.0001_Bz64_Ep30_cosSim_triplet_drop[0.2, 0.4, 0.1]_topK20__PseudoGold_positive_1_hard_negative_1_seed0_hybrid_loss_Qwen2.5-VL-32B-Instruct_HF/ckpt/best_model_17_0.8317757009345794.pt: Copied (new)
2026/07/14 22:06:04 INFO  : HateMM/RAC_tarc_g1/RAC_lr0.0001_Bz64_Ep30_cosSim_triplet_drop[0.2, 0.4, 0.1]_topK20__PseudoGold_positive_1_hard_negative_1_seed1_hybrid_loss_v3lt0.5_tarc-gt_oracle-lt0.5_ORACLE_CEILING/ckpt/best_model_10_0.7570093457943925.pt: Copied (new)
2026/07/14 22:06:05 INFO  : HateMM/RAC_tarc_g1/RAC_lr0.0001_Bz64_Ep30_cosSim_triplet_drop[0.2, 0.4, 0.1]_topK20__PseudoGold_positive_1_hard_negative_1_seed1_hybrid_loss_v3lt0.5_tarc-gt_oracle-lt0.5_ORACLE_CEILING/ckpt/best_model_5_0.7570093457943925.pt: Copied (new)
2026/07/14 22:06:05 INFO  : HateMM/RAC_tarc_g1/RAC_lr0.0001_Bz64_Ep30_cosSim_triplet_drop[0.2, 0.4, 0.1]_topK20__PseudoGold_positive_1_hard_negative_1_seed1_hybrid_loss_v3lt0.5_tarc-gt_oracle-lt0.5_ORACLE_CEILING/ckpt/best_model_26_0.794392523364486.pt: Copied (new)
2026/07/14 22:06:05 INFO  : HateMM/RAC_video_archive_seeds/RAC_lr0.0001_Bz64_Ep30_cosSim_triplet_drop[0.2, 0.4, 0.1]_topK20__PseudoGold_positive_1_hard_negative_1_seed0_hybrid_loss_Qwen2.5-VL-32B-Instruct_HF/ckpt/epoch_model_0_0.8317757009345794.pt: Copied (new)
2026/07/14 22:06:06 INFO  : HateMM/RAC_tarc_g1/RAC_lr0.0001_Bz64_Ep30_cosSim_triplet_drop[0.2, 0.4, 0.1]_topK20__PseudoGold_positive_1_hard_negative_1_seed1_hybrid_loss_v3lt0.5_tarc-gt_oracle-lt0.5_ORACLE_CEILING/ckpt/best_model_11_0.794392523364486.pt: Copied (new)
2026/07/14 22:06:06 INFO  : HateMM/RAC_video_archive_seeds/RAC_lr0.0001_Bz64_Ep30_cosSim_triplet_drop[0.2, 0.4, 0.1]_topK20__PseudoGold_positive_1_hard_negative_1_seed0_hybrid_loss_Qwen2.5-VL-32B-Instruct_HF/ckpt/best_model_5_0.8037383177570093.pt: Copied (new)
2026/07/14 22:06:06 INFO  : HateMM/RAC_tarc_g1/RAC_lr0.0001_Bz64_Ep30_cosSim_triplet_drop[0.2, 0.4, 0.1]_topK20__PseudoGold_positive_1_hard_negative_1_seed1_hybrid_loss_v3lt0.5_tarc-gt_oracle-lt0.5_ORACLE_CEILING/ckpt/epoch_model_10_0.7570093457943925.pt: Copied (new)
2026/07/14 22:06:07 INFO  : HateMM/RAC_tarc_g1/RAC_lr0.0001_Bz64_Ep30_cosSim_triplet_drop[0.2, 0.4, 0.1]_topK20__PseudoGold_positive_1_hard_negative_1_seed1_hybrid_loss_v3lt0.5_tarc-gt_oracle-lt0.5_ORACLE_CEILING/ckpt/epoch_model_0_0.7570093457943925.pt: Copied (new)
2026/07/14 22:06:08 INFO  : HateMM/RAC_tarc_g1/RAC_lr0.0001_Bz64_Ep30_cosSim_triplet_drop[0.2, 0.4, 0.1]_topK20__PseudoGold_positive_1_hard_negative_1_seed1_hybrid_loss_v3lt0.5_tarc-gt_oracle-lt0.5_ORACLE_CEILING/ckpt/epoch_model_13_0.7757009345794392.pt: Copied (new)
2026/07/14 22:06:08 INFO  : HateMM/RAC_tarc_g1/RAC_lr0.0001_Bz64_Ep30_cosSim_triplet_drop[0.2, 0.4, 0.1]_topK20__PseudoGold_positive_1_hard_negative_1_seed1_hybrid_loss_v3lt0.5_tarc-gt_oracle-lt0.5_ORACLE_CEILING/ckpt/epoch_model_11_0.794392523364486.pt: Copied (new)
2026/07/14 22:06:08 INFO  : HateMM/RAC_tarc_g1/RAC_lr0.0001_Bz64_Ep30_cosSim_triplet_drop[0.2, 0.4, 0.1]_topK20__PseudoGold_positive_1_hard_negative_1_seed1_hybrid_loss_v3lt0.5_tarc-gt_oracle-lt0.5_ORACLE_CEILING/ckpt/epoch_model_15_0.7663551401869159.pt: Copied (new)
2026/07/14 22:06:09 INFO  : HateMM/RAC_tarc_g1/RAC_lr0.0001_Bz64_Ep30_cosSim_triplet_drop[0.2, 0.4, 0.1]_topK20__PseudoGold_positive_1_hard_negative_1_seed1_hybrid_loss_v3lt0.5_tarc-gt_oracle-lt0.5_ORACLE_CEILING/ckpt/epoch_model_12_0.7850467289719626.pt: Copied (new)
2026/07/14 22:06:09 INFO  : HateMM/RAC_tarc_g1/RAC_lr0.0001_Bz64_Ep30_cosSim_triplet_drop[0.2, 0.4, 0.1]_topK20__PseudoGold_positive_1_hard_negative_1_seed1_hybrid_loss_v3lt0.5_tarc-gt_oracle-lt0.5_ORACLE_CEILING/ckpt/epoch_model_14_0.7757009345794392.pt: Copied (new)
2026/07/14 22:06:10 INFO  : HateMM/RAC_tarc_g1/RAC_lr0.0001_Bz64_Ep30_cosSim_triplet_drop[0.2, 0.4, 0.1]_topK20__PseudoGold_positive_1_hard_negative_1_seed1_hybrid_loss_v3lt0.5_tarc-gt_oracle-lt0.5_ORACLE_CEILING/ckpt/epoch_model_16_0.7757009345794392.pt: Copied (new)
2026/07/14 22:06:10 INFO  : HateMM/RAC_video_archive_seeds/RAC_lr0.0001_Bz64_Ep30_cosSim_triplet_drop[0.2, 0.4, 0.1]_topK20__PseudoGold_positive_1_hard_negative_1_seed0_hybrid_loss_Qwen2.5-VL-32B-Instruct_HF/ckpt/best_model_10_0.8130841121495327.pt: Copied (new)
2026/07/14 22:06:10 INFO  : HateMM/RAC_tarc_g1/RAC_lr0.0001_Bz64_Ep30_cosSim_triplet_drop[0.2, 0.4, 0.1]_topK20__PseudoGold_positive_1_hard_negative_1_seed1_hybrid_loss_v3lt0.5_tarc-gt_oracle-lt0.5_ORACLE_CEILING/ckpt/epoch_model_17_0.7850467289719626.pt: Copied (new)
2026/07/14 22:06:10 INFO  : HateMM/RAC_tarc_g1/RAC_lr0.0001_Bz64_Ep30_cosSim_triplet_drop[0.2, 0.4, 0.1]_topK20__PseudoGold_positive_1_hard_negative_1_seed1_hybrid_loss_v3lt0.5_tarc-gt_oracle-lt0.5_ORACLE_CEILING/ckpt/epoch_model_19_0.7663551401869159.pt: Copied (new)
2026/07/14 22:06:12 INFO  : HateMM/RAC_tarc_g1/RAC_lr0.0001_Bz64_Ep30_cosSim_triplet_drop[0.2, 0.4, 0.1]_topK20__PseudoGold_positive_1_hard_negative_1_seed1_hybrid_loss_v3lt0.5_tarc-gt_oracle-lt0.5_ORACLE_CEILING/ckpt/epoch_model_24_0.7757009345794392.pt: Copied (new)
2026/07/14 22:06:12 INFO  : HateMM/RAC_tarc_g1/RAC_lr0.0001_Bz64_Ep30_cosSim_triplet_drop[0.2, 0.4, 0.1]_topK20__PseudoGold_positive_1_hard_negative_1_seed1_hybrid_loss_v3lt0.5_tarc-gt_oracle-lt0.5_ORACLE_CEILING/ckpt/epoch_model_20_0.7850467289719626.pt: Copied (new)
2026/07/14 22:06:12 INFO  : HateMM/RAC_tarc_g1/RAC_lr0.0001_Bz64_Ep30_cosSim_triplet_drop[0.2, 0.4, 0.1]_topK20__PseudoGold_positive_1_hard_negative_1_seed1_hybrid_loss_v3lt0.5_tarc-gt_oracle-lt0.5_ORACLE_CEILING/ckpt/epoch_model_1_0.7663551401869159.pt: Copied (new)
2026/07/14 22:06:12 INFO  : HateMM/RAC_tarc_g1/RAC_lr0.0001_Bz64_Ep30_cosSim_triplet_drop[0.2, 0.4, 0.1]_topK20__PseudoGold_positive_1_hard_negative_1_seed1_hybrid_loss_v3lt0.5_tarc-gt_oracle-lt0.5_ORACLE_CEILING/ckpt/epoch_model_23_0.7850467289719626.pt: Copied (new)
2026/07/14 22:06:13 INFO  : HateMM/RAC_tarc_g1/RAC_lr0.0001_Bz64_Ep30_cosSim_triplet_drop[0.2, 0.4, 0.1]_topK20__PseudoGold_positive_1_hard_negative_1_seed1_hybrid_loss_v3lt0.5_tarc-gt_oracle-lt0.5_ORACLE_CEILING/ckpt/epoch_model_21_0.7663551401869159.pt: Copied (new)
2026/07/14 22:06:13 INFO  : HateMM/RAC_tarc_g1/RAC_lr0.0001_Bz64_Ep30_cosSim_triplet_drop[0.2, 0.4, 0.1]_topK20__PseudoGold_positive_1_hard_negative_1_seed1_hybrid_loss_v3lt0.5_tarc-gt_oracle-lt0.5_ORACLE_CEILING/ckpt/epoch_model_22_0.7850467289719626.pt: Copied (new)
2026/07/14 22:06:13 INFO  : HateMM/RAC_tarc_g1/RAC_lr0.0001_Bz64_Ep30_cosSim_triplet_drop[0.2, 0.4, 0.1]_topK20__PseudoGold_positive_1_hard_negative_1_seed1_hybrid_loss_v3lt0.5_tarc-gt_oracle-lt0.5_ORACLE_CEILING/ckpt/epoch_model_18_0.7663551401869159.pt: Copied (new)
2026/07/14 22:06:13 INFO  : HateMM/RAC_tarc_g1/RAC_lr0.0001_Bz64_Ep30_cosSim_triplet_drop[0.2, 0.4, 0.1]_topK20__PseudoGold_positive_1_hard_negative_1_seed1_hybrid_loss_v3lt0.5_tarc-gt_oracle-lt0.5_ORACLE_CEILING/ckpt/epoch_model_25_0.7850467289719626.pt: Copied (new)
2026/07/14 22:06:14 INFO  : HateMM/RAC_video_archive_seeds/RAC_lr0.0001_Bz64_Ep30_cosSim_triplet_drop[0.2, 0.4, 0.1]_topK20__PseudoGold_positive_1_hard_negative_1_seed0_hybrid_loss_Qwen2.5-VL-32B-Instruct_HF/ckpt/epoch_model_10_0.8130841121495327.pt: Copied (new)
2026/07/14 22:06:14 INFO  : HateMM/RAC_tarc_g1/RAC_lr0.0001_Bz64_Ep30_cosSim_triplet_drop[0.2, 0.4, 0.1]_topK20__PseudoGold_positive_1_hard_negative_1_seed1_hybrid_loss_v3lt0.5_tarc-gt_oracle-lt0.5_ORACLE_CEILING/ckpt/epoch_model_28_0.7570093457943925.pt: Copied (new)
2026/07/14 22:06:15 INFO  : HateMM/RAC_tarc_g1/RAC_lr0.0001_Bz64_Ep30_cosSim_triplet_drop[0.2, 0.4, 0.1]_topK20__PseudoGold_positive_1_hard_negative_1_seed1_hybrid_loss_v3lt0.5_tarc-gt_oracle-lt0.5_ORACLE_CEILING/ckpt/epoch_model_29_0.7663551401869159.pt: Copied (new)
2026/07/14 22:06:15 INFO  : HateMM/RAC_tarc_g1/RAC_lr0.0001_Bz64_Ep30_cosSim_triplet_drop[0.2, 0.4, 0.1]_topK20__PseudoGold_positive_1_hard_negative_1_seed1_hybrid_loss_v3lt0.5_tarc-gt_oracle-lt0.5_ORACLE_CEILING/ckpt/epoch_model_4_0.7570093457943925.pt: Copied (new)
2026/07/14 22:06:16 INFO  : HateMM/RAC_tarc_g1/RAC_lr0.0001_Bz64_Ep30_cosSim_triplet_drop[0.2, 0.4, 0.1]_topK20__PseudoGold_positive_1_hard_negative_1_seed1_hybrid_loss_v3lt0.5_tarc-gt_oracle-lt0.5_ORACLE_CEILING/ckpt/epoch_model_27_0.7850467289719626.pt: Copied (new)
2026/07/14 22:06:16 INFO  : HateMM/RAC_tarc_g1/RAC_lr0.0001_Bz64_Ep30_cosSim_triplet_drop[0.2, 0.4, 0.1]_topK20__PseudoGold_positive_1_hard_negative_1_seed1_hybrid_loss_v3lt0.5_tarc-gt_oracle-lt0.5_ORACLE_CEILING/ckpt/epoch_model_26_0.794392523364486.pt: Copied (new)
2026/07/14 22:06:16 INFO  : HateMM/RAC_tarc_g1/RAC_lr0.0001_Bz64_Ep30_cosSim_triplet_drop[0.2, 0.4, 0.1]_topK20__PseudoGold_positive_1_hard_negative_1_seed1_hybrid_loss_v3lt0.5_tarc-gt_oracle-lt0.5_ORACLE_CEILING/ckpt/epoch_model_2_0.7663551401869159.pt: Copied (new)
2026/07/14 22:06:16 INFO  : HateMM/RAC_tarc_g1/RAC_lr0.0001_Bz64_Ep30_cosSim_triplet_drop[0.2, 0.4, 0.1]_topK20__PseudoGold_positive_1_hard_negative_1_seed1_hybrid_loss_v3lt0.5_tarc-gt_oracle-lt0.5_ORACLE_CEILING/ckpt/epoch_model_6_0.7476635514018691.pt: Copied (new)
2026/07/14 22:06:17 INFO  : HateMM/RAC_tarc_g1/RAC_lr0.0001_Bz64_Ep30_cosSim_triplet_drop[0.2, 0.4, 0.1]_topK20__PseudoGold_positive_1_hard_negative_1_seed1_hybrid_loss_v3lt0.5_tarc-gt_oracle-lt0.5_ORACLE_CEILING/ckpt/epoch_model_3_0.7663551401869159.pt: Copied (new)
2026/07/14 22:06:17 INFO  : HateMM/RAC_tarc_g1/RAC_lr0.0001_Bz64_Ep30_cosSim_triplet_drop[0.2, 0.4, 0.1]_topK20__PseudoGold_positive_1_hard_negative_1_seed1_hybrid_loss_v3lt0.5_tarc-gt_oracle-lt0.5_ORACLE_CEILING/ckpt/epoch_model_7_0.7476635514018691.pt: Copied (new)
2026/07/14 22:06:17 INFO  : HateMM/RAC_tarc_g1/RAC_lr0.0001_Bz64_Ep30_cosSim_triplet_drop[0.2, 0.4, 0.1]_topK20__PseudoGold_positive_1_hard_negative_1_seed1_hybrid_loss_v3lt0.5_tarc-gt_oracle-lt0.5_ORACLE_CEILING/ckpt/epoch_model_8_0.7476635514018691.pt: Copied (new)
2026/07/14 22:06:18 INFO  : HateMM/RAC_tarc_g1/RAC_lr0.0001_Bz64_Ep30_cosSim_triplet_drop[0.2, 0.4, 0.1]_topK20__PseudoGold_positive_1_hard_negative_1_seed1_hybrid_loss_v3lt0.5_tarc-gt_oracle-lt0.5_ORACLE_CEILING/ckpt/epoch_model_9_0.7476635514018691.pt: Copied (new)
2026/07/14 22:06:18 INFO  : HateMM/RAC_tarc_g1/RAC_lr0.0001_Bz64_Ep30_cosSim_triplet_drop[0.2, 0.4, 0.1]_topK20__PseudoGold_positive_1_hard_negative_1_seed1_hybrid_loss_v3lt0.5_tarc-gt_oracle-lt0.5_ORACLE_CEILING/ckpt/epoch_model_5_0.7570093457943925.pt: Copied (new)
2026/07/14 22:06:19 INFO  : HateMM/RAC_tarc_g1/RAC_lr0.0001_Bz64_Ep30_cosSim_triplet_drop[0.2, 0.4, 0.1]_topK20__PseudoGold_positive_1_hard_negative_1_seed1_hybrid_loss_v3lt0.5_tarc-gt_oracle-lt0.5_ORACLE_CEILING/ckpt/last_model_29_0.7663551401869159.pt: Copied (new)
2026/07/14 22:06:19 INFO  : HateMM/RAC_tarc_g1/RAC_lr0.0001_Bz64_Ep30_cosSim_triplet_drop[0.2, 0.4, 0.1]_topK20__PseudoGold_positive_1_hard_negative_1_seed1_hybrid_loss_v2vg1.0_tarc-gt_oracle-vg1.0_ORACLE_CEILING/ckpt/epoch_model_0_0.8504672897196262.pt: Copied (new)
2026/07/14 22:06:19 INFO  : HateMM/RAC_tarc_g1/RAC_lr0.0001_Bz64_Ep30_cosSim_triplet_drop[0.2, 0.4, 0.1]_topK20__PseudoGold_positive_1_hard_negative_1_seed1_hybrid_loss_v2vg1.0_tarc-gt_oracle-vg1.0_ORACLE_CEILING/ckpt/epoch_model_10_0.8598130841121495.pt: Copied (new)
2026/07/14 22:06:19 INFO  : HateMM/RAC_tarc_g1/RAC_lr0.0001_Bz64_Ep30_cosSim_triplet_drop[0.2, 0.4, 0.1]_topK20__PseudoGold_positive_1_hard_negative_1_seed1_hybrid_loss_v2vg1.0_tarc-gt_oracle-vg1.0_ORACLE_CEILING/ckpt/best_model_5_0.8411214953271028.pt: Copied (new)
2026/07/14 22:06:20 INFO  : HateMM/RAC_tarc_g1/RAC_lr0.0001_Bz64_Ep30_cosSim_triplet_drop[0.2, 0.4, 0.1]_topK20__PseudoGold_positive_1_hard_negative_1_seed1_hybrid_loss_v2vg1.0_tarc-gt_oracle-vg1.0_ORACLE_CEILING/ckpt/best_model_7_0.8691588785046729.pt: Copied (new)
2026/07/14 22:06:20 INFO  : HateMM/RAC_tarc_g1/RAC_lr0.0001_Bz64_Ep30_cosSim_triplet_drop[0.2, 0.4, 0.1]_topK20__PseudoGold_positive_1_hard_negative_1_seed1_hybrid_loss_v2vg1.0_tarc-gt_oracle-vg1.0_ORACLE_CEILING/ckpt/best_model_6_0.8598130841121495.pt: Copied (new)
2026/07/14 22:06:21 INFO  : HateMM/RAC_tarc_g1/RAC_lr0.0001_Bz64_Ep30_cosSim_triplet_drop[0.2, 0.4, 0.1]_topK20__PseudoGold_positive_1_hard_negative_1_seed1_hybrid_loss_v2vg1.0_tarc-gt_oracle-vg1.0_ORACLE_CEILING/ckpt/epoch_model_15_0.8037383177570093.pt: Copied (new)
2026/07/14 22:06:21 INFO  : HateMM/RAC_tarc_g1/RAC_lr0.0001_Bz64_Ep30_cosSim_triplet_drop[0.2, 0.4, 0.1]_topK20__PseudoGold_positive_1_hard_negative_1_seed1_hybrid_loss_v2vg1.0_tarc-gt_oracle-vg1.0_ORACLE_CEILING/ckpt/epoch_model_14_0.794392523364486.pt: Copied (new)
2026/07/14 22:06:21 INFO  : HateMM/RAC_tarc_g1/RAC_lr0.0001_Bz64_Ep30_cosSim_triplet_drop[0.2, 0.4, 0.1]_topK20__PseudoGold_positive_1_hard_negative_1_seed1_hybrid_loss_v2vg1.0_tarc-gt_oracle-vg1.0_ORACLE_CEILING/ckpt/epoch_model_11_0.822429906542056.pt: Copied (new)
2026/07/14 22:06:22 INFO  : HateMM/RAC_tarc_g1/RAC_lr0.0001_Bz64_Ep30_cosSim_triplet_drop[0.2, 0.4, 0.1]_topK20__PseudoGold_positive_1_hard_negative_1_seed1_hybrid_loss_v2vg1.0_tarc-gt_oracle-vg1.0_ORACLE_CEILING/ckpt/epoch_model_13_0.8130841121495327.pt: Copied (new)
2026/07/14 22:06:22 INFO  : HateMM/RAC_tarc_g1/RAC_lr0.0001_Bz64_Ep30_cosSim_triplet_drop[0.2, 0.4, 0.1]_topK20__PseudoGold_positive_1_hard_negative_1_seed1_hybrid_loss_v2vg1.0_tarc-gt_oracle-vg1.0_ORACLE_CEILING/ckpt/epoch_model_17_0.822429906542056.pt: Copied (new)
2026/07/14 22:06:22 INFO  : HateMM/RAC_tarc_g1/RAC_lr0.0001_Bz64_Ep30_cosSim_triplet_drop[0.2, 0.4, 0.1]_topK20__PseudoGold_positive_1_hard_negative_1_seed1_hybrid_loss_v2vg1.0_tarc-gt_oracle-vg1.0_ORACLE_CEILING/ckpt/epoch_model_18_0.8130841121495327.pt: Copied (new)
2026/07/14 22:06:23 INFO  : HateMM/RAC_tarc_g1/RAC_lr0.0001_Bz64_Ep30_cosSim_triplet_drop[0.2, 0.4, 0.1]_topK20__PseudoGold_positive_1_hard_negative_1_seed1_hybrid_loss_v2vg1.0_tarc-gt_oracle-vg1.0_ORACLE_CEILING/ckpt/epoch_model_12_0.8130841121495327.pt: Copied (new)
2026/07/14 22:06:23 INFO  : HateMM/RAC_tarc_g1/RAC_lr0.0001_Bz64_Ep30_cosSim_triplet_drop[0.2, 0.4, 0.1]_topK20__PseudoGold_positive_1_hard_negative_1_seed1_hybrid_loss_v2vg1.0_tarc-gt_oracle-vg1.0_ORACLE_CEILING/ckpt/epoch_model_19_0.8317757009345794.pt: Copied (new)
2026/07/14 22:06:23 INFO  : HateMM/RAC_tarc_g1/RAC_lr0.0001_Bz64_Ep30_cosSim_triplet_drop[0.2, 0.4, 0.1]_topK20__PseudoGold_positive_1_hard_negative_1_seed1_hybrid_loss_v2vg1.0_tarc-gt_oracle-vg1.0_ORACLE_CEILING/ckpt/epoch_model_16_0.8037383177570093.pt: Copied (new)
2026/07/14 22:06:24 INFO  : HateMM/RAC_tarc_g1/RAC_lr0.0001_Bz64_Ep30_cosSim_triplet_drop[0.2, 0.4, 0.1]_topK20__PseudoGold_positive_1_hard_negative_1_seed1_hybrid_loss_v2vg1.0_tarc-gt_oracle-vg1.0_ORACLE_CEILING/ckpt/epoch_model_1_0.8317757009345794.pt: Copied (new)
2026/07/14 22:06:24 INFO  : HateMM/RAC_tarc_g1/RAC_lr0.0001_Bz64_Ep30_cosSim_triplet_drop[0.2, 0.4, 0.1]_topK20__PseudoGold_positive_1_hard_negative_1_seed1_hybrid_loss_v2vg1.0_tarc-gt_oracle-vg1.0_ORACLE_CEILING/ckpt/epoch_model_21_0.8317757009345794.pt: Copied (new)
2026/07/14 22:06:24 INFO  : HateMM/RAC_tarc_g1/RAC_lr0.0001_Bz64_Ep30_cosSim_triplet_drop[0.2, 0.4, 0.1]_topK20__PseudoGold_positive_1_hard_negative_1_seed1_hybrid_loss_v2vg1.0_tarc-gt_oracle-vg1.0_ORACLE_CEILING/ckpt/epoch_model_22_0.822429906542056.pt: Copied (new)
2026/07/14 22:06:24 INFO  : HateMM/RAC_tarc_g1/RAC_lr0.0001_Bz64_Ep30_cosSim_triplet_drop[0.2, 0.4, 0.1]_topK20__PseudoGold_positive_1_hard_negative_1_seed1_hybrid_loss_v2vg1.0_tarc-gt_oracle-vg1.0_ORACLE_CEILING/ckpt/epoch_model_20_0.8317757009345794.pt: Copied (new)
2026/07/14 22:06:25 INFO  : HateMM/RAC_tarc_g1/RAC_lr0.0001_Bz64_Ep30_cosSim_triplet_drop[0.2, 0.4, 0.1]_topK20__PseudoGold_positive_1_hard_negative_1_seed1_hybrid_loss_v2vg1.0_tarc-gt_oracle-vg1.0_ORACLE_CEILING/ckpt/epoch_model_25_0.8130841121495327.pt: Copied (new)
2026/07/14 22:06:25 INFO  : HateMM/RAC_tarc_g1/RAC_lr0.0001_Bz64_Ep30_cosSim_triplet_drop[0.2, 0.4, 0.1]_topK20__PseudoGold_positive_1_hard_negative_1_seed1_hybrid_loss_v2vg1.0_tarc-gt_oracle-vg1.0_ORACLE_CEILING/ckpt/epoch_model_27_0.822429906542056.pt: Copied (new)
2026/07/14 22:06:26 INFO  : HateMM/RAC_tarc_g1/RAC_lr0.0001_Bz64_Ep30_cosSim_triplet_drop[0.2, 0.4, 0.1]_topK20__PseudoGold_positive_1_hard_negative_1_seed1_hybrid_loss_v2vg1.0_tarc-gt_oracle-vg1.0_ORACLE_CEILING/ckpt/epoch_model_2_0.8411214953271028.pt: Copied (new)
2026/07/14 22:06:26 INFO  : HateMM/RAC_tarc_g1/RAC_lr0.0001_Bz64_Ep30_cosSim_triplet_drop[0.2, 0.4, 0.1]_topK20__PseudoGold_positive_1_hard_negative_1_seed1_hybrid_loss_v2vg1.0_tarc-gt_oracle-vg1.0_ORACLE_CEILING/ckpt/epoch_model_26_0.8504672897196262.pt: Copied (new)
2026/07/14 22:06:27 INFO  : HateMM/RAC_tarc_g1/RAC_lr0.0001_Bz64_Ep30_cosSim_triplet_drop[0.2, 0.4, 0.1]_topK20__PseudoGold_positive_1_hard_negative_1_seed1_hybrid_loss_v2vg1.0_tarc-gt_oracle-vg1.0_ORACLE_CEILING/ckpt/epoch_model_28_0.822429906542056.pt: Copied (new)
2026/07/14 22:06:27 INFO  : HateMM/RAC_tarc_g1/RAC_lr0.0001_Bz64_Ep30_cosSim_triplet_drop[0.2, 0.4, 0.1]_topK20__PseudoGold_positive_1_hard_negative_1_seed1_hybrid_loss_v2vg1.0_tarc-gt_oracle-vg1.0_ORACLE_CEILING/ckpt/epoch_model_3_0.8411214953271028.pt: Copied (new)
2026/07/14 22:06:27 INFO  : HateMM/RAC_tarc_g1/RAC_lr0.0001_Bz64_Ep30_cosSim_triplet_drop[0.2, 0.4, 0.1]_topK20__PseudoGold_positive_1_hard_negative_1_seed1_hybrid_loss_v2vg1.0_tarc-gt_oracle-vg1.0_ORACLE_CEILING/ckpt/epoch_model_23_0.8411214953271028.pt: Copied (new)
2026/07/14 22:06:27 INFO  : HateMM/RAC_tarc_g1/RAC_lr0.0001_Bz64_Ep30_cosSim_triplet_drop[0.2, 0.4, 0.1]_topK20__PseudoGold_positive_1_hard_negative_1_seed1_hybrid_loss_v2vg1.0_tarc-gt_oracle-vg1.0_ORACLE_CEILING/ckpt/epoch_model_24_0.8411214953271028.pt: Copied (new)
2026/07/14 22:06:27 INFO  : HateMM/RAC_tarc_g1/RAC_lr0.0001_Bz64_Ep30_cosSim_triplet_drop[0.2, 0.4, 0.1]_topK20__PseudoGold_positive_1_hard_negative_1_seed1_hybrid_loss_v2vg1.0_tarc-gt_oracle-vg1.0_ORACLE_CEILING/ckpt/epoch_model_29_0.8130841121495327.pt: Copied (new)
2026/07/14 22:06:28 INFO  : HateMM/RAC_tarc_g1/RAC_lr0.0001_Bz64_Ep30_cosSim_triplet_drop[0.2, 0.4, 0.1]_topK20__PseudoGold_positive_1_hard_negative_1_seed1_hybrid_loss_v2vg1.0_tarc-gt_oracle-vg1.0_ORACLE_CEILING/ckpt/epoch_model_4_0.8504672897196262.pt: Copied (new)
2026/07/14 22:06:28 INFO  : HateMM/RAC_tarc_g1/RAC_lr0.0001_Bz64_Ep30_cosSim_triplet_drop[0.2, 0.4, 0.1]_topK20__PseudoGold_positive_1_hard_negative_1_seed1_hybrid_loss_v2vg1.0_tarc-gt_oracle-vg1.0_ORACLE_CEILING/ckpt/epoch_model_8_0.8504672897196262.pt: Copied (new)
2026/07/14 22:06:29 INFO  : HateMM/RAC_tarc_g1/RAC_lr0.0001_Bz64_Ep30_cosSim_triplet_drop[0.2, 0.4, 0.1]_topK20__PseudoGold_positive_1_hard_negative_1_seed1_hybrid_loss_v2vg1.0_tarc-gt_oracle-vg1.0_ORACLE_CEILING/ckpt/epoch_model_9_0.8598130841121495.pt: Copied (new)
2026/07/14 22:06:30 INFO  : HateMM/RAC_tarc_g1/RAC_lr0.0001_Bz64_Ep30_cosSim_triplet_drop[0.2, 0.4, 0.1]_topK20__PseudoGold_positive_1_hard_negative_1_seed1_hybrid_loss_v2vg1.0_tarc-gt_oracle-vg1.0_ORACLE_CEILING/ckpt/epoch_model_5_0.8411214953271028.pt: Copied (new)
2026/07/14 22:06:30 INFO  : HateMM/RAC_tarc_g1/RAC_lr0.0001_Bz64_Ep30_cosSim_triplet_drop[0.2, 0.4, 0.1]_topK20__PseudoGold_positive_1_hard_negative_1_seed1_hybrid_loss_v2vg1.0_tarc-gt_oracle-vg1.0_ORACLE_CEILING/ckpt/epoch_model_6_0.8598130841121495.pt: Copied (new)
2026/07/14 22:06:30 INFO  : HateMM/RAC_tarc_g1/RAC_lr0.0001_Bz64_Ep30_cosSim_triplet_drop[0.2, 0.4, 0.1]_topK20__PseudoGold_positive_1_hard_negative_1_seed1_hybrid_loss_v2vg1.0_tarc-gt_oracle-vg1.0_ORACLE_CEILING/ckpt/epoch_model_7_0.8691588785046729.pt: Copied (new)
2026/07/14 22:06:32 INFO  : HateMM/RAC_tarc_g1/RAC_lr0.0001_Bz64_Ep30_cosSim_triplet_drop[0.2, 0.4, 0.1]_topK20__PseudoGold_positive_1_hard_negative_1_seed1_hybrid_loss_v2vg1.0_tarc-gt_oracle-vg1.0_ORACLE_CEILING/ckpt/last_model_29_0.8130841121495327.pt: Copied (new)
2026/07/14 22:06:33 INFO  : HateMM/RAC_video_archive_seeds/RAC_lr0.0001_Bz64_Ep30_cosSim_triplet_drop[0.2, 0.4, 0.1]_topK20__PseudoGold_positive_1_hard_negative_1_seed2_hybrid_loss_Qwen2.5-VL-32B-Instruct_HF/ckpt/best_model_13_0.794392523364486.pt: Copied (new)
2026/07/14 22:06:33 INFO  : HateMM/RAC_video_archive_seeds/RAC_lr0.0001_Bz64_Ep30_cosSim_triplet_drop[0.2, 0.4, 0.1]_topK20__PseudoGold_positive_1_hard_negative_1_seed2_hybrid_loss_Qwen2.5-VL-32B-Instruct_HF/ckpt/best_model_14_0.8037383177570093.pt: Copied (new)
2026/07/14 22:06:34 INFO  : HateMM/RAC_video_archive_seeds/RAC_lr0.0001_Bz64_Ep30_cosSim_triplet_drop[0.2, 0.4, 0.1]_topK20__PseudoGold_positive_1_hard_negative_1_seed2_hybrid_loss_Qwen2.5-VL-7B-Instruct_HF/ckpt/best_model_10_0.822429906542056.pt: Copied (new)
2026/07/14 22:06:34 INFO  : 
Transferred:   	   44.942 GiB / 60.895 GiB, 74%, 56.270 MiB/s, ETA 4m50s
Checks:                 0 / 0, -, Listed 2905
Transferred:         1758 / 2277, 77%
Elapsed time:     12m59.9s
Transferring:
 * HateMM/RAC_video_archi…0_0.794392523364486.pt:100% /52.028Mi, 6.734Mi/s, 0s
 * HateMM/RAC_video_archi…_0.8317757009345794.pt:100% /40.028Mi, 10.007Mi/s, 0s
 * HateMM/RAC_video_archi…_0.8317757009345794.pt: 67% /40.028Mi, 5.632Mi/s, 2s
 * HateMM/RAC_video_archi…_0.8411214953271028.pt:100% /40.028Mi, 10.007Mi/s, 0s
 * HateMM/RAC_video_archi…_0.8504672897196262.pt: 57% /40.028Mi, 8.435Mi/s, 1s
 * HateMM/RAC_video_archi…_0.7850467289719626.pt: 63% /40.028Mi, 16.746Mi/s, 0s
 * HateMM/RAC_video_archi…_0.8037383177570093.pt: 39% /40.028Mi, 14.025Mi/s, 1s
 * HateMM/RAC_video_archi…_0.8317757009345794.pt: 24% /40.028Mi, 0/s, -

2026/07/14 22:06:35 INFO  : HateMM/RAC_video_archive_seeds/RAC_lr0.0001_Bz64_Ep30_cosSim_triplet_drop[0.2, 0.4, 0.1]_topK20__PseudoGold_positive_1_hard_negative_1_seed2_hybrid_loss_Qwen2.5-VL-7B-Instruct_HF/ckpt/best_model_23_0.8411214953271028.pt: Copied (new)
2026/07/14 22:06:35 INFO  : HateMM/RAC_video_archive_seeds/RAC_lr0.0001_Bz64_Ep30_cosSim_triplet_drop[0.2, 0.4, 0.1]_topK20__PseudoGold_positive_1_hard_negative_1_seed2_hybrid_loss_Qwen2.5-VL-7B-Instruct_HF/ckpt/best_model_18_0.8317757009345794.pt: Copied (new)
2026/07/14 22:06:36 INFO  : HateMM/RAC_video_archive_seeds/RAC_lr0.0001_Bz64_Ep30_cosSim_triplet_drop[0.2, 0.4, 0.1]_topK20__PseudoGold_positive_1_hard_negative_1_seed2_hybrid_loss_Qwen2.5-VL-32B-Instruct_HF/ckpt/best_model_10_0.794392523364486.pt: Copied (new)
2026/07/14 22:06:36 INFO  : HateMM/RAC_video_archive_seeds/RAC_lr0.0001_Bz64_Ep30_cosSim_triplet_drop[0.2, 0.4, 0.1]_topK20__PseudoGold_positive_1_hard_negative_1_seed2_hybrid_loss_Qwen2.5-VL-7B-Instruct_HF/ckpt/best_model_20_0.8317757009345794.pt: Copied (new)
2026/07/14 22:06:37 INFO  : HateMM/RAC_video_archive_seeds/RAC_lr0.0001_Bz64_Ep30_cosSim_triplet_drop[0.2, 0.4, 0.1]_topK20__PseudoGold_positive_1_hard_negative_1_seed2_hybrid_loss_Qwen2.5-VL-7B-Instruct_HF/ckpt/best_model_5_0.7850467289719626.pt: Copied (new)
2026/07/14 22:06:37 INFO  : HateMM/RAC_video_archive_seeds/RAC_lr0.0001_Bz64_Ep30_cosSim_triplet_drop[0.2, 0.4, 0.1]_topK20__PseudoGold_positive_1_hard_negative_1_seed2_hybrid_loss_Qwen2.5-VL-7B-Instruct_HF/ckpt/best_model_29_0.8504672897196262.pt: Copied (new)
2026/07/14 22:06:37 INFO  : HateMM/RAC_video_archive_seeds/RAC_lr0.0001_Bz64_Ep30_cosSim_triplet_drop[0.2, 0.4, 0.1]_topK20__PseudoGold_positive_1_hard_negative_1_seed2_hybrid_loss_Qwen2.5-VL-7B-Instruct_HF/ckpt/best_model_8_0.8037383177570093.pt: Copied (new)
2026/07/14 22:06:37 INFO  : HateMM/RAC_video_archive_seeds/RAC_lr0.0001_Bz64_Ep30_cosSim_triplet_drop[0.2, 0.4, 0.1]_topK20__PseudoGold_positive_1_hard_negative_1_seed2_hybrid_loss_Qwen2.5-VL-7B-Instruct_HF/ckpt/epoch_model_0_0.8317757009345794.pt: Copied (new)
2026/07/14 22:06:39 INFO  : HateMM/RAC_video_archive_seeds/RAC_lr0.0001_Bz64_Ep30_cosSim_triplet_drop[0.2, 0.4, 0.1]_topK20__PseudoGold_positive_1_hard_negative_1_seed2_hybrid_loss_Qwen2.5-VL-7B-Instruct_HF/ckpt/epoch_model_10_0.822429906542056.pt: Copied (new)
2026/07/14 22:06:40 INFO  : HateMM/RAC_video_archive_seeds/RAC_lr0.0001_Bz64_Ep30_cosSim_triplet_drop[0.2, 0.4, 0.1]_topK20__PseudoGold_positive_1_hard_negative_1_seed2_hybrid_loss_openai_clip-vit-large-patch14-336_HF/ckpt/best_model_11_0.8130841121495327.pt: Copied (new)
2026/07/14 22:06:40 INFO  : HateMM/RAC_video_archive_seeds/RAC_lr0.0001_Bz64_Ep30_cosSim_triplet_drop[0.2, 0.4, 0.1]_topK20__PseudoGold_positive_1_hard_negative_1_seed2_hybrid_loss_openai_clip-vit-large-patch14-336_HF/ckpt/best_model_12_0.822429906542056.pt: Copied (new)
2026/07/14 22:06:40 INFO  : HateMM/RAC_video_archive_seeds/RAC_lr0.0001_Bz64_Ep30_cosSim_triplet_drop[0.2, 0.4, 0.1]_topK20__PseudoGold_positive_1_hard_negative_1_seed2_hybrid_loss_Qwen2.5-VL-7B-Instruct_HF/ckpt/epoch_model_11_0.8130841121495327.pt: Copied (new)
2026/07/14 22:06:41 INFO  : HateMM/RAC_video_archive_seeds/RAC_lr0.0001_Bz64_Ep30_cosSim_triplet_drop[0.2, 0.4, 0.1]_topK20__PseudoGold_positive_1_hard_negative_1_seed2_hybrid_loss_Qwen2.5-VL-7B-Instruct_HF/ckpt/epoch_model_14_0.8130841121495327.pt: Copied (new)
2026/07/14 22:06:41 INFO  : HateMM/RAC_video_archive_seeds/RAC_lr0.0001_Bz64_Ep30_cosSim_triplet_drop[0.2, 0.4, 0.1]_topK20__PseudoGold_positive_1_hard_negative_1_seed2_hybrid_loss_Qwen2.5-VL-7B-Instruct_HF/ckpt/epoch_model_12_0.8130841121495327.pt: Copied (new)
2026/07/14 22:06:43 INFO  : HateMM/RAC_video_archive_seeds/RAC_lr0.0001_Bz64_Ep30_cosSim_triplet_drop[0.2, 0.4, 0.1]_topK20__PseudoGold_positive_1_hard_negative_1_seed2_hybrid_loss_openai_clip-vit-large-patch14-336_HF/ckpt/best_model_16_0.8317757009345794.pt: Copied (new)
2026/07/14 22:06:43 INFO  : MHC_zh/RAC_video_archive_seeds/RAC_lr0.0001_Bz64_Ep30_cosSim_triplet_drop[0.2, 0.4, 0.1]_topK20__PseudoGold_positive_1_hard_negative_1_seed2_hybrid_loss_Qwen2.5-VL-32B-Instruct_HF/ckpt/best_model_5_0.8076923076923077.pt: Copied (new)
2026/07/14 22:06:43 INFO  : MHC_zh/RAC_video_archive_seeds/RAC_lr0.0001_Bz64_Ep30_cosSim_triplet_drop[0.2, 0.4, 0.1]_topK20__PseudoGold_positive_1_hard_negative_1_seed2_hybrid_loss_Qwen2.5-VL-32B-Instruct_HF/ckpt/best_model_6_0.8461538461538461.pt: Copied (new)
2026/07/14 22:06:43 INFO  : HateMM/RAC_video_archive_seeds/RAC_lr0.0001_Bz64_Ep30_cosSim_triplet_drop[0.2, 0.4, 0.1]_topK20__PseudoGold_positive_1_hard_negative_1_seed2_hybrid_loss_openai_clip-vit-large-patch14-336_HF/ckpt/best_model_23_0.8504672897196262.pt: Copied (new)
2026/07/14 22:06:44 INFO  : HateMM/RAC_video_archive_seeds/RAC_lr0.0001_Bz64_Ep30_cosSim_triplet_drop[0.2, 0.4, 0.1]_topK20__PseudoGold_positive_1_hard_negative_1_seed2_hybrid_loss_openai_clip-vit-large-patch14-336_HF/ckpt/best_model_5_0.794392523364486.pt: Copied (new)
2026/07/14 22:06:44 INFO  : HateMM/RAC_video_archive_seeds/RAC_lr0.0001_Bz64_Ep30_cosSim_triplet_drop[0.2, 0.4, 0.1]_topK20__PseudoGold_positive_1_hard_negative_1_seed2_hybrid_loss_openai_clip-vit-large-patch14-336_HF/ckpt/best_model_24_0.8691588785046729.pt: Copied (new)
2026/07/14 22:06:45 INFO  : HateMM/RAC_video_archive_seeds/RAC_lr0.0001_Bz64_Ep30_cosSim_triplet_drop[0.2, 0.4, 0.1]_topK20__PseudoGold_positive_1_hard_negative_1_seed2_hybrid_loss_openai_clip-vit-large-patch14-336_HF/ckpt/best_model_6_0.794392523364486.pt: Copied (new)
2026/07/14 22:06:45 INFO  : HateMM/RAC_tarc_g1/RAC_lr0.0001_Bz64_Ep30_cosSim_triplet_drop[0.2, 0.4, 0.1]_topK20__PseudoGold_positive_1_hard_negative_1_seed0_hybrid_loss_v1prefer_tarc-gt_oracle-hnprefer_ORACLE_CEILING/ckpt/epoch_model_28_0.822429906542056.pt: Copied (new)
2026/07/14 22:06:45 INFO  : HateMM/RAC_tarc_g1/RAC_lr0.0001_Bz64_Ep30_cosSim_triplet_drop[0.2, 0.4, 0.1]_topK20__PseudoGold_positive_1_hard_negative_1_seed0_hybrid_loss_v1prefer_tarc-gt_oracle-hnprefer_ORACLE_CEILING/ckpt/epoch_model_29_0.8037383177570093.pt: Copied (new)
2026/07/14 22:06:46 INFO  : HateMM/RAC_tarc_g1/RAC_lr0.0001_Bz64_Ep30_cosSim_triplet_drop[0.2, 0.4, 0.1]_topK20__PseudoGold_positive_1_hard_negative_1_seed0_hybrid_loss_v1prefer_tarc-gt_oracle-hnprefer_ORACLE_CEILING/ckpt/epoch_model_27_0.822429906542056.pt: Copied (new)
2026/07/14 22:06:46 INFO  : HateMM/RAC_video_archive_seeds/RAC_lr0.0001_Bz64_Ep30_cosSim_triplet_drop[0.2, 0.4, 0.1]_topK20__PseudoGold_positive_1_hard_negative_1_seed2_hybrid_loss_openai_clip-vit-large-patch14-336_HF/ckpt/best_model_7_0.794392523364486.pt: Copied (new)
2026/07/14 22:06:47 INFO  : HateMM/RAC_tarc_g1/RAC_lr0.0001_Bz64_Ep30_cosSim_triplet_drop[0.2, 0.4, 0.1]_topK20__PseudoGold_positive_1_hard_negative_1_seed0_hybrid_loss_v1prefer_tarc-gt_oracle-hnprefer_ORACLE_CEILING/ckpt/epoch_model_2_0.7850467289719626.pt: Copied (new)
2026/07/14 22:06:47 INFO  : HateMM/RAC_tarc_g1/RAC_lr0.0001_Bz64_Ep30_cosSim_triplet_drop[0.2, 0.4, 0.1]_topK20__PseudoGold_positive_1_hard_negative_1_seed0_hybrid_loss_v1prefer_tarc-gt_oracle-hnprefer_ORACLE_CEILING/ckpt/epoch_model_4_0.7850467289719626.pt: Copied (new)
2026/07/14 22:06:48 INFO  : HateMM/RAC_tarc_g1/RAC_lr0.0001_Bz64_Ep30_cosSim_triplet_drop[0.2, 0.4, 0.1]_topK20__PseudoGold_positive_1_hard_negative_1_seed0_hybrid_loss_v1prefer_tarc-gt_oracle-hnprefer_ORACLE_CEILING/ckpt/epoch_model_3_0.8130841121495327.pt: Copied (new)
2026/07/14 22:06:48 INFO  : HateMM/RAC_tarc_g1/RAC_lr0.0001_Bz64_Ep30_cosSim_triplet_drop[0.2, 0.4, 0.1]_topK20__PseudoGold_positive_1_hard_negative_1_seed0_hybrid_loss_v1prefer_tarc-gt_oracle-hnprefer_ORACLE_CEILING/ckpt/epoch_model_5_0.822429906542056.pt: Copied (new)
2026/07/14 22:06:48 INFO  : HateMM/RAC_tarc_g1/RAC_lr0.0001_Bz64_Ep30_cosSim_triplet_drop[0.2, 0.4, 0.1]_topK20__PseudoGold_positive_1_hard_negative_1_seed0_hybrid_loss_v1prefer_tarc-gt_oracle-hnprefer_ORACLE_CEILING/ckpt/epoch_model_6_0.794392523364486.pt: Copied (new)
2026/07/14 22:06:48 INFO  : HateMM/RAC_tarc_g1/RAC_lr0.0001_Bz64_Ep30_cosSim_triplet_drop[0.2, 0.4, 0.1]_topK20__PseudoGold_positive_1_hard_negative_1_seed0_hybrid_loss_v1prefer_tarc-gt_oracle-hnprefer_ORACLE_CEILING/ckpt/epoch_model_7_0.7850467289719626.pt: Copied (new)
2026/07/14 22:06:50 INFO  : HateMM/RAC_tarc_g1/RAC_lr0.0001_Bz64_Ep30_cosSim_triplet_drop[0.2, 0.4, 0.1]_topK20__PseudoGold_positive_1_hard_negative_1_seed0_hybrid_loss_v1prefer_tarc-gt_oracle-hnprefer_ORACLE_CEILING/ckpt/epoch_model_9_0.8037383177570093.pt: Copied (new)
2026/07/14 22:06:50 INFO  : MHC/RAC_video_archive_seeds/RAC_lr0.0001_Bz64_Ep30_cosSim_triplet_drop[0.2, 0.4, 0.1]_topK20__PseudoGold_positive_1_hard_negative_1_seed2_hybrid_loss_openai_clip-vit-large-patch14-336_HF/ckpt/best_model_10_0.7375.pt: Copied (new)
2026/07/14 22:06:51 INFO  : HateMM/RAC_tarc_g1/RAC_lr0.0001_Bz64_Ep30_cosSim_triplet_drop[0.2, 0.4, 0.1]_topK20__PseudoGold_positive_1_hard_negative_1_seed0_hybrid_loss_v1prefer_tarc-gt_oracle-hnprefer_ORACLE_CEILING/ckpt/epoch_model_8_0.8130841121495327.pt: Copied (new)
2026/07/14 22:06:51 INFO  : MHC/RAC_video_archive_seeds/RAC_lr0.0001_Bz64_Ep30_cosSim_triplet_drop[0.2, 0.4, 0.1]_topK20__PseudoGold_positive_1_hard_negative_1_seed2_hybrid_loss_openai_clip-vit-large-patch14-336_HF/ckpt/best_model_19_0.75.pt: Copied (new)
2026/07/14 22:06:51 INFO  : MHC/RAC_video_archive_seeds/RAC_lr0.0001_Bz64_Ep30_cosSim_triplet_drop[0.2, 0.4, 0.1]_topK20__PseudoGold_positive_1_hard_negative_1_seed2_hybrid_loss_openai_clip-vit-large-patch14-336_HF/ckpt/best_model_22_0.7625.pt: Copied (new)
2026/07/14 22:06:51 INFO  : MHC_zh/RAC_video_archive_seeds/RAC_lr0.0001_Bz64_Ep30_cosSim_triplet_drop[0.2, 0.4, 0.1]_topK20__PseudoGold_positive_1_hard_negative_1_seed2_hybrid_loss_Qwen2.5-VL-32B-Instruct_HF/ckpt/epoch_model_0_0.8076923076923077.pt: Copied (new)
2026/07/14 22:06:52 INFO  : MHC/RAC_video_archive_seeds/RAC_lr0.0001_Bz64_Ep30_cosSim_triplet_drop[0.2, 0.4, 0.1]_topK20__PseudoGold_positive_1_hard_negative_1_seed2_hybrid_loss_openai_clip-vit-large-patch14-336_HF/ckpt/best_model_27_0.7625.pt: Copied (new)
2026/07/14 22:06:52 INFO  : HateMM/RAC_tarc_g1/RAC_lr0.0001_Bz64_Ep30_cosSim_triplet_drop[0.2, 0.4, 0.1]_topK20__PseudoGold_positive_1_hard_negative_1_seed0_hybrid_loss_v1prefer_tarc-gt_oracle-hnprefer_ORACLE_CEILING/ckpt/last_model_29_0.8037383177570093.pt: Copied (new)
2026/07/14 22:06:52 INFO  : MHC/RAC_video_archive_seeds/RAC_lr0.0001_Bz64_Ep30_cosSim_triplet_drop[0.2, 0.4, 0.1]_topK20__PseudoGold_positive_1_hard_negative_1_seed2_hybrid_loss_openai_clip-vit-large-patch14-336_HF/ckpt/best_model_5_0.7.pt: Copied (new)
2026/07/14 22:06:52 INFO  : HateMM/RAC_video_archive_seeds/RAC_lr0.0001_Bz64_Ep30_cosSim_triplet_drop[0.2, 0.4, 0.1]_topK20__PseudoGold_positive_1_hard_negative_1_seed2_hybrid_loss_Qwen2.5-VL-7B-Instruct_HF/ckpt/epoch_model_13_0.794392523364486.pt: Copied (new)
2026/07/14 22:06:53 INFO  : MHC/RAC_video_archive_seeds/RAC_lr0.0001_Bz64_Ep30_cosSim_triplet_drop[0.2, 0.4, 0.1]_topK20__PseudoGold_positive_1_hard_negative_1_seed2_hybrid_loss_openai_clip-vit-large-patch14-336_HF/ckpt/best_model_9_0.7375.pt: Copied (new)
2026/07/14 22:06:54 INFO  : MHC/RAC_video_archive_seeds/RAC_lr0.0001_Bz64_Ep30_cosSim_triplet_drop[0.2, 0.4, 0.1]_topK20__PseudoGold_positive_1_hard_negative_1_seed2_hybrid_loss_openai_clip-vit-large-patch14-336_HF/ckpt/epoch_model_12_0.725.pt: Copied (new)
2026/07/14 22:06:54 INFO  : MHC/RAC_video_archive_seeds/RAC_lr0.0001_Bz64_Ep30_cosSim_triplet_drop[0.2, 0.4, 0.1]_topK20__PseudoGold_positive_1_hard_negative_1_seed2_hybrid_loss_openai_clip-vit-large-patch14-336_HF/ckpt/epoch_model_13_0.725.pt: Copied (new)
2026/07/14 22:06:54 INFO  : MHC/RAC_video_archive_seeds/RAC_lr0.0001_Bz64_Ep30_cosSim_triplet_drop[0.2, 0.4, 0.1]_topK20__PseudoGold_positive_1_hard_negative_1_seed2_hybrid_loss_openai_clip-vit-large-patch14-336_HF/ckpt/best_model_8_0.7125.pt: Copied (new)
2026/07/14 22:06:54 INFO  : MHC/RAC_video_archive_seeds/RAC_lr0.0001_Bz64_Ep30_cosSim_triplet_drop[0.2, 0.4, 0.1]_topK20__PseudoGold_positive_1_hard_negative_1_seed2_hybrid_loss_openai_clip-vit-large-patch14-336_HF/ckpt/epoch_model_10_0.7375.pt: Copied (new)
2026/07/14 22:06:54 INFO  : MHC/RAC_video_archive_seeds/RAC_lr0.0001_Bz64_Ep30_cosSim_triplet_drop[0.2, 0.4, 0.1]_topK20__PseudoGold_positive_1_hard_negative_1_seed2_hybrid_loss_openai_clip-vit-large-patch14-336_HF/ckpt/epoch_model_0_0.725.pt: Copied (new)
2026/07/14 22:06:55 INFO  : MHC/RAC_video_archive_seeds/RAC_lr0.0001_Bz64_Ep30_cosSim_triplet_drop[0.2, 0.4, 0.1]_topK20__PseudoGold_positive_1_hard_negative_1_seed2_hybrid_loss_openai_clip-vit-large-patch14-336_HF/ckpt/epoch_model_11_0.7375.pt: Copied (new)
2026/07/14 22:06:55 INFO  : MHC/RAC_video_archive_seeds/RAC_lr0.0001_Bz64_Ep30_cosSim_triplet_drop[0.2, 0.4, 0.1]_topK20__PseudoGold_positive_1_hard_negative_1_seed2_hybrid_loss_openai_clip-vit-large-patch14-336_HF/ckpt/epoch_model_14_0.725.pt: Copied (new)
2026/07/14 22:06:55 INFO  : MHC/RAC_video_archive_seeds/RAC_lr0.0001_Bz64_Ep30_cosSim_triplet_drop[0.2, 0.4, 0.1]_topK20__PseudoGold_positive_1_hard_negative_1_seed2_hybrid_loss_openai_clip-vit-large-patch14-336_HF/ckpt/epoch_model_16_0.7125.pt: Copied (new)
2026/07/14 22:06:56 INFO  : MHC/RAC_video_archive_seeds/RAC_lr0.0001_Bz64_Ep30_cosSim_triplet_drop[0.2, 0.4, 0.1]_topK20__PseudoGold_positive_1_hard_negative_1_seed2_hybrid_loss_openai_clip-vit-large-patch14-336_HF/ckpt/epoch_model_15_0.7375.pt: Copied (new)
2026/07/14 22:06:57 INFO  : MHC/RAC_video_archive_seeds/RAC_lr0.0001_Bz64_Ep30_cosSim_triplet_drop[0.2, 0.4, 0.1]_topK20__PseudoGold_positive_1_hard_negative_1_seed2_hybrid_loss_openai_clip-vit-large-patch14-336_HF/ckpt/epoch_model_17_0.7.pt: Copied (new)
2026/07/14 22:06:57 INFO  : MHC/RAC_video_archive_seeds/RAC_lr0.0001_Bz64_Ep30_cosSim_triplet_drop[0.2, 0.4, 0.1]_topK20__PseudoGold_positive_1_hard_negative_1_seed2_hybrid_loss_openai_clip-vit-large-patch14-336_HF/ckpt/epoch_model_18_0.6375.pt: Copied (new)
2026/07/14 22:06:57 INFO  : MHC/RAC_video_archive_seeds/RAC_lr0.0001_Bz64_Ep30_cosSim_triplet_drop[0.2, 0.4, 0.1]_topK20__PseudoGold_positive_1_hard_negative_1_seed2_hybrid_loss_openai_clip-vit-large-patch14-336_HF/ckpt/epoch_model_22_0.7625.pt: Copied (new)
2026/07/14 22:06:57 INFO  : MHC/RAC_video_archive_seeds/RAC_lr0.0001_Bz64_Ep30_cosSim_triplet_drop[0.2, 0.4, 0.1]_topK20__PseudoGold_positive_1_hard_negative_1_seed2_hybrid_loss_openai_clip-vit-large-patch14-336_HF/ckpt/epoch_model_1_0.675.pt: Copied (new)
2026/07/14 22:06:57 INFO  : MHC/RAC_video_archive_seeds/RAC_lr0.0001_Bz64_Ep30_cosSim_triplet_drop[0.2, 0.4, 0.1]_topK20__PseudoGold_positive_1_hard_negative_1_seed2_hybrid_loss_openai_clip-vit-large-patch14-336_HF/ckpt/epoch_model_19_0.75.pt: Copied (new)
2026/07/14 22:06:58 INFO  : MHC/RAC_video_archive_seeds/RAC_lr0.0001_Bz64_Ep30_cosSim_triplet_drop[0.2, 0.4, 0.1]_topK20__PseudoGold_positive_1_hard_negative_1_seed2_hybrid_loss_openai_clip-vit-large-patch14-336_HF/ckpt/epoch_model_21_0.7125.pt: Copied (new)
2026/07/14 22:06:59 INFO  : MHC/RAC_video_archive_seeds/RAC_lr0.0001_Bz64_Ep30_cosSim_triplet_drop[0.2, 0.4, 0.1]_topK20__PseudoGold_positive_1_hard_negative_1_seed2_hybrid_loss_openai_clip-vit-large-patch14-336_HF/ckpt/epoch_model_23_0.7375.pt: Copied (new)
2026/07/14 22:06:59 INFO  : MHC/RAC_video_archive_seeds/RAC_lr0.0001_Bz64_Ep30_cosSim_triplet_drop[0.2, 0.4, 0.1]_topK20__PseudoGold_positive_1_hard_negative_1_seed2_hybrid_loss_openai_clip-vit-large-patch14-336_HF/ckpt/epoch_model_26_0.75.pt: Copied (new)
2026/07/14 22:06:59 INFO  : MHC/RAC_video_archive_seeds/RAC_lr0.0001_Bz64_Ep30_cosSim_triplet_drop[0.2, 0.4, 0.1]_topK20__PseudoGold_positive_1_hard_negative_1_seed2_hybrid_loss_openai_clip-vit-large-patch14-336_HF/ckpt/epoch_model_24_0.75.pt: Copied (new)
2026/07/14 22:07:00 INFO  : MHC/RAC_video_archive_seeds/RAC_lr0.0001_Bz64_Ep30_cosSim_triplet_drop[0.2, 0.4, 0.1]_topK20__PseudoGold_positive_1_hard_negative_1_seed2_hybrid_loss_openai_clip-vit-large-patch14-336_HF/ckpt/epoch_model_20_0.7.pt: Copied (new)
2026/07/14 22:07:00 INFO  : MHC/RAC_video_archive_seeds/RAC_lr0.0001_Bz64_Ep30_cosSim_triplet_drop[0.2, 0.4, 0.1]_topK20__PseudoGold_positive_1_hard_negative_1_seed2_hybrid_loss_openai_clip-vit-large-patch14-336_HF/ckpt/epoch_model_25_0.75.pt: Copied (new)
2026/07/14 22:07:01 INFO  : MHC/RAC_video_archive_seeds/RAC_lr0.0001_Bz64_Ep30_cosSim_triplet_drop[0.2, 0.4, 0.1]_topK20__PseudoGold_positive_1_hard_negative_1_seed2_hybrid_loss_openai_clip-vit-large-patch14-336_HF/ckpt/epoch_model_27_0.7625.pt: Copied (new)
2026/07/14 22:07:01 INFO  : MHC/RAC_video_archive_seeds/RAC_lr0.0001_Bz64_Ep30_cosSim_triplet_drop[0.2, 0.4, 0.1]_topK20__PseudoGold_positive_1_hard_negative_1_seed2_hybrid_loss_openai_clip-vit-large-patch14-336_HF/ckpt/epoch_model_28_0.725.pt: Copied (new)
2026/07/14 22:07:01 INFO  : MHC/RAC_video_archive_seeds/RAC_lr0.0001_Bz64_Ep30_cosSim_triplet_drop[0.2, 0.4, 0.1]_topK20__PseudoGold_positive_1_hard_negative_1_seed2_hybrid_loss_openai_clip-vit-large-patch14-336_HF/ckpt/epoch_model_2_0.6875.pt: Copied (new)
2026/07/14 22:07:01 INFO  : MHC/RAC_video_archive_seeds/RAC_lr0.0001_Bz64_Ep30_cosSim_triplet_drop[0.2, 0.4, 0.1]_topK20__PseudoGold_positive_1_hard_negative_1_seed2_hybrid_loss_openai_clip-vit-large-patch14-336_HF/ckpt/epoch_model_3_0.7.pt: Copied (new)
2026/07/14 22:07:02 INFO  : MHC/RAC_video_archive_seeds/RAC_lr0.0001_Bz64_Ep30_cosSim_triplet_drop[0.2, 0.4, 0.1]_topK20__PseudoGold_positive_1_hard_negative_1_seed2_hybrid_loss_openai_clip-vit-large-patch14-336_HF/ckpt/epoch_model_4_0.6875.pt: Copied (new)
2026/07/14 22:07:03 INFO  : MHC/RAC_video_archive_seeds/RAC_lr0.0001_Bz64_Ep30_cosSim_triplet_drop[0.2, 0.4, 0.1]_topK20__PseudoGold_positive_1_hard_negative_1_seed2_hybrid_loss_openai_clip-vit-large-patch14-336_HF/ckpt/epoch_model_29_0.7.pt: Copied (new)
2026/07/14 22:07:03 INFO  : MHC/RAC_video_archive_seeds/RAC_lr0.0001_Bz64_Ep30_cosSim_triplet_drop[0.2, 0.4, 0.1]_topK20__PseudoGold_positive_1_hard_negative_1_seed2_hybrid_loss_openai_clip-vit-large-patch14-336_HF/ckpt/epoch_model_9_0.7375.pt: Copied (new)
2026/07/14 22:07:03 INFO  : MHC/RAC_video_archive_seeds/RAC_lr0.0001_Bz64_Ep30_cosSim_triplet_drop[0.2, 0.4, 0.1]_topK20__PseudoGold_positive_1_hard_negative_1_seed2_hybrid_loss_openai_clip-vit-large-patch14-336_HF/ckpt/last_model_29_0.7.pt: Copied (new)
2026/07/14 22:07:03 INFO  : MHC/RAC_video_archive_seeds/RAC_lr0.0001_Bz64_Ep30_cosSim_triplet_drop[0.2, 0.4, 0.1]_topK20__PseudoGold_positive_1_hard_negative_1_seed2_hybrid_loss_openai_clip-vit-large-patch14-336_HF/ckpt/epoch_model_8_0.7125.pt: Copied (new)
2026/07/14 22:07:04 INFO  : MHC/RAC_video_archive_seeds/RAC_lr0.0001_Bz64_Ep30_cosSim_triplet_drop[0.2, 0.4, 0.1]_topK20__PseudoGold_positive_1_hard_negative_1_seed2_hybrid_loss_openai_clip-vit-large-patch14-336_HF/ckpt/epoch_model_7_0.6875.pt: Copied (new)
2026/07/14 22:07:04 INFO  : MHC/RAC_video_archive_seeds/RAC_lr0.0001_Bz64_Ep30_cosSim_triplet_drop[0.2, 0.4, 0.1]_topK20__PseudoGold_positive_1_hard_negative_1_seed2_hybrid_loss_openai_clip-vit-large-patch14-336_HF/ckpt/epoch_model_6_0.6875.pt: Copied (new)
2026/07/14 22:07:06 INFO  : MHC_zh/RAC_video_archive_seeds/RAC_lr0.0001_Bz64_Ep30_cosSim_triplet_drop[0.2, 0.4, 0.1]_topK20__PseudoGold_positive_1_hard_negative_1_seed2_hybrid_loss_Qwen2.5-VL-7B-Instruct_HF/ckpt/best_model_28_0.8461538461538461.pt: Copied (new)
2026/07/14 22:07:07 INFO  : MHC_zh/RAC_video_archive_seeds/RAC_lr0.0001_Bz64_Ep30_cosSim_triplet_drop[0.2, 0.4, 0.1]_topK20__PseudoGold_positive_1_hard_negative_1_seed2_hybrid_loss_Qwen2.5-VL-7B-Instruct_HF/ckpt/best_model_5_0.8205128205128205.pt: Copied (new)
2026/07/14 22:07:07 INFO  : MHC_zh/RAC_video_archive_seeds/RAC_lr0.0001_Bz64_Ep30_cosSim_triplet_drop[0.2, 0.4, 0.1]_topK20__PseudoGold_positive_1_hard_negative_1_seed2_hybrid_loss_Qwen2.5-VL-7B-Instruct_HF/ckpt/epoch_model_0_0.7948717948717948.pt: Copied (new)
2026/07/14 22:07:07 INFO  : MHC_zh/RAC_video_archive_seeds/RAC_lr0.0001_Bz64_Ep30_cosSim_triplet_drop[0.2, 0.4, 0.1]_topK20__PseudoGold_positive_1_hard_negative_1_seed2_hybrid_loss_Qwen2.5-VL-7B-Instruct_HF/ckpt/epoch_model_10_0.782051282051282.pt: Copied (new)
2026/07/14 22:07:08 INFO  : MHC_zh/RAC_video_archive_seeds/RAC_lr0.0001_Bz64_Ep30_cosSim_triplet_drop[0.2, 0.4, 0.1]_topK20__PseudoGold_positive_1_hard_negative_1_seed2_hybrid_loss_Qwen2.5-VL-7B-Instruct_HF/ckpt/best_model_8_0.8333333333333334.pt: Copied (new)
2026/07/14 22:07:10 INFO  : HateMM/RAC_video_archive_seeds/RAC_lr0.0001_Bz64_Ep30_cosSim_triplet_drop[0.2, 0.4, 0.1]_topK20__PseudoGold_positive_1_hard_negative_1_seed2_hybrid_loss_Qwen2.5-VL-32B-Instruct_HF/ckpt/best_model_15_0.8504672897196262.pt: Copied (new)
2026/07/14 22:07:10 INFO  : MHC/RAC_video_archive_seeds/RAC_lr0.0001_Bz64_Ep30_cosSim_triplet_drop[0.2, 0.4, 0.1]_topK20__PseudoGold_positive_1_hard_negative_1_seed2_hybrid_loss_openai_clip-vit-large-patch14-336_HF/ckpt/epoch_model_5_0.7.pt: Copied (new)
2026/07/14 22:07:11 INFO  : HateMM/RAC_video_archive_seeds/RAC_lr0.0001_Bz64_Ep30_cosSim_triplet_drop[0.2, 0.4, 0.1]_topK20__PseudoGold_positive_1_hard_negative_1_seed2_hybrid_loss_Qwen2.5-VL-32B-Instruct_HF/ckpt/best_model_16_0.8598130841121495.pt: Copied (new)
2026/07/14 22:07:12 INFO  : HateMM/RAC_video_archive_seeds/RAC_lr0.0001_Bz64_Ep30_cosSim_triplet_drop[0.2, 0.4, 0.1]_topK20__PseudoGold_positive_1_hard_negative_1_seed2_hybrid_loss_Qwen2.5-VL-32B-Instruct_HF/ckpt/best_model_8_0.7850467289719626.pt: Copied (new)
2026/07/14 22:07:14 INFO  : HateMM/RAC_video_archive_seeds/RAC_lr0.0001_Bz64_Ep30_cosSim_triplet_drop[0.2, 0.4, 0.1]_topK20__PseudoGold_positive_1_hard_negative_1_seed2_hybrid_loss_Qwen2.5-VL-32B-Instruct_HF/ckpt/best_model_5_0.7757009345794392.pt: Copied (new)
2026/07/14 22:07:15 INFO  : HateMM/RAC_video_archive_seeds/RAC_lr0.0001_Bz64_Ep30_cosSim_triplet_drop[0.2, 0.4, 0.1]_topK20__PseudoGold_positive_1_hard_negative_1_seed2_hybrid_loss_openai_clip-vit-large-patch14-336_HF/ckpt/epoch_model_0_0.7663551401869159.pt: Copied (new)
2026/07/14 22:07:15 INFO  : HateMM/RAC_video_archive_seeds/RAC_lr0.0001_Bz64_Ep30_cosSim_triplet_drop[0.2, 0.4, 0.1]_topK20__PseudoGold_positive_1_hard_negative_1_seed2_hybrid_loss_Qwen2.5-VL-32B-Instruct_HF/ckpt/epoch_model_0_0.8037383177570093.pt: Copied (new)
2026/07/14 22:07:16 INFO  : HateMM/RAC_video_archive_seeds/RAC_lr0.0001_Bz64_Ep30_cosSim_triplet_drop[0.2, 0.4, 0.1]_topK20__PseudoGold_positive_1_hard_negative_1_seed2_hybrid_loss_Qwen2.5-VL-32B-Instruct_HF/ckpt/epoch_model_10_0.794392523364486.pt: Copied (new)
2026/07/14 22:07:16 INFO  : HateMM/RAC_video_archive_seeds/RAC_lr0.0001_Bz64_Ep30_cosSim_triplet_drop[0.2, 0.4, 0.1]_topK20__PseudoGold_positive_1_hard_negative_1_seed2_hybrid_loss_Qwen2.5-VL-32B-Instruct_HF/ckpt/best_model_23_0.8598130841121495.pt: Copied (new)
2026/07/14 22:07:16 INFO  : HateMM/RAC_video_archive_seeds/RAC_lr0.0001_Bz64_Ep30_cosSim_triplet_drop[0.2, 0.4, 0.1]_topK20__PseudoGold_positive_1_hard_negative_1_seed2_hybrid_loss_Qwen2.5-VL-32B-Instruct_HF/ckpt/epoch_model_12_0.7476635514018691.pt: Copied (new)
2026/07/14 22:07:16 INFO  : HateMM/RAC_video_archive_seeds/RAC_lr0.0001_Bz64_Ep30_cosSim_triplet_drop[0.2, 0.4, 0.1]_topK20__PseudoGold_positive_1_hard_negative_1_seed2_hybrid_loss_openai_clip-vit-large-patch14-336_HF/ckpt/epoch_model_10_0.7663551401869159.pt: Copied (new)
2026/07/14 22:07:17 INFO  : HateMM/RAC_video_archive_seeds/RAC_lr0.0001_Bz64_Ep30_cosSim_triplet_drop[0.2, 0.4, 0.1]_topK20__PseudoGold_positive_1_hard_negative_1_seed2_hybrid_loss_openai_clip-vit-large-patch14-336_HF/ckpt/epoch_model_12_0.822429906542056.pt: Copied (new)
2026/07/14 22:07:17 INFO  : HateMM/RAC_video_archive_seeds/RAC_lr0.0001_Bz64_Ep30_cosSim_triplet_drop[0.2, 0.4, 0.1]_topK20__PseudoGold_positive_1_hard_negative_1_seed2_hybrid_loss_openai_clip-vit-large-patch14-336_HF/ckpt/epoch_model_11_0.8130841121495327.pt: Copied (new)
2026/07/14 22:07:18 INFO  : HateMM/RAC_video_archive_seeds/RAC_lr0.0001_Bz64_Ep30_cosSim_triplet_drop[0.2, 0.4, 0.1]_topK20__PseudoGold_positive_1_hard_negative_1_seed2_hybrid_loss_openai_clip-vit-large-patch14-336_HF/ckpt/epoch_model_13_0.794392523364486.pt: Copied (new)
2026/07/14 22:07:18 INFO  : HateMM/RAC_video_archive_seeds/RAC_lr0.0001_Bz64_Ep30_cosSim_triplet_drop[0.2, 0.4, 0.1]_topK20__PseudoGold_positive_1_hard_negative_1_seed2_hybrid_loss_openai_clip-vit-large-patch14-336_HF/ckpt/epoch_model_16_0.8317757009345794.pt: Copied (new)
2026/07/14 22:07:18 INFO  : HateMM/RAC_video_archive_seeds/RAC_lr0.0001_Bz64_Ep30_cosSim_triplet_drop[0.2, 0.4, 0.1]_topK20__PseudoGold_positive_1_hard_negative_1_seed2_hybrid_loss_openai_clip-vit-large-patch14-336_HF/ckpt/epoch_model_15_0.8130841121495327.pt: Copied (new)
2026/07/14 22:07:18 INFO  : HateMM/RAC_video_archive_seeds/RAC_lr0.0001_Bz64_Ep30_cosSim_triplet_drop[0.2, 0.4, 0.1]_topK20__PseudoGold_positive_1_hard_negative_1_seed2_hybrid_loss_openai_clip-vit-large-patch14-336_HF/ckpt/epoch_model_14_0.7850467289719626.pt: Copied (new)
2026/07/14 22:07:19 INFO  : HateMM/RAC_video_archive_seeds/RAC_lr0.0001_Bz64_Ep30_cosSim_triplet_drop[0.2, 0.4, 0.1]_topK20__PseudoGold_positive_1_hard_negative_1_seed2_hybrid_loss_openai_clip-vit-large-patch14-336_HF/ckpt/epoch_model_17_0.822429906542056.pt: Copied (new)
2026/07/14 22:07:19 INFO  : HateMM/RAC_video_archive_seeds/RAC_lr0.0001_Bz64_Ep30_cosSim_triplet_drop[0.2, 0.4, 0.1]_topK20__PseudoGold_positive_1_hard_negative_1_seed2_hybrid_loss_Qwen2.5-VL-32B-Instruct_HF/ckpt/epoch_model_11_0.7570093457943925.pt: Copied (new)
2026/07/14 22:07:19 INFO  : MHC_zh/RAC_video_archive_seeds/RAC_lr0.0001_Bz64_Ep30_cosSim_triplet_drop[0.2, 0.4, 0.1]_topK20__PseudoGold_positive_1_hard_negative_1_seed2_hybrid_loss_Qwen2.5-VL-7B-Instruct_HF/ckpt/epoch_model_11_0.8076923076923077.pt: Copied (new)
2026/07/14 22:07:19 INFO  : HateMM/RAC_video_archive_seeds/RAC_lr0.0001_Bz64_Ep30_cosSim_triplet_drop[0.2, 0.4, 0.1]_topK20__PseudoGold_positive_1_hard_negative_1_seed2_hybrid_loss_openai_clip-vit-large-patch14-336_HF/ckpt/epoch_model_18_0.8037383177570093.pt: Copied (new)
2026/07/14 22:07:20 INFO  : HateMM/RAC_video_archive_seeds/RAC_lr0.0001_Bz64_Ep30_cosSim_triplet_drop[0.2, 0.4, 0.1]_topK20__PseudoGold_positive_1_hard_negative_1_seed2_hybrid_loss_openai_clip-vit-large-patch14-336_HF/ckpt/epoch_model_1_0.7663551401869159.pt: Copied (new)
2026/07/14 22:07:20 INFO  : HateMM/RAC_video_archive_seeds/RAC_lr0.0001_Bz64_Ep30_cosSim_triplet_drop[0.2, 0.4, 0.1]_topK20__PseudoGold_positive_1_hard_negative_1_seed2_hybrid_loss_openai_clip-vit-large-patch14-336_HF/ckpt/epoch_model_19_0.8037383177570093.pt: Copied (new)
2026/07/14 22:07:21 INFO  : HateMM/RAC_video_archive_seeds/RAC_lr0.0001_Bz64_Ep30_cosSim_triplet_drop[0.2, 0.4, 0.1]_topK20__PseudoGold_positive_1_hard_negative_1_seed2_hybrid_loss_openai_clip-vit-large-patch14-336_HF/ckpt/epoch_model_20_0.822429906542056.pt: Copied (new)
2026/07/14 22:07:21 INFO  : HateMM/RAC_video_archive_seeds/RAC_lr0.0001_Bz64_Ep30_cosSim_triplet_drop[0.2, 0.4, 0.1]_topK20__PseudoGold_positive_1_hard_negative_1_seed2_hybrid_loss_openai_clip-vit-large-patch14-336_HF/ckpt/epoch_model_25_0.8598130841121495.pt: Copied (new)
2026/07/14 22:07:21 INFO  : HateMM/RAC_video_archive_seeds/RAC_lr0.0001_Bz64_Ep30_cosSim_triplet_drop[0.2, 0.4, 0.1]_topK20__PseudoGold_positive_1_hard_negative_1_seed2_hybrid_loss_openai_clip-vit-large-patch14-336_HF/ckpt/epoch_model_23_0.8504672897196262.pt: Copied (new)
2026/07/14 22:07:21 INFO  : HateMM/RAC_video_archive_seeds/RAC_lr0.0001_Bz64_Ep30_cosSim_triplet_drop[0.2, 0.4, 0.1]_topK20__PseudoGold_positive_1_hard_negative_1_seed2_hybrid_loss_openai_clip-vit-large-patch14-336_HF/ckpt/epoch_model_22_0.822429906542056.pt: Copied (new)
2026/07/14 22:07:22 INFO  : HateMM/RAC_video_archive_seeds/RAC_lr0.0001_Bz64_Ep30_cosSim_triplet_drop[0.2, 0.4, 0.1]_topK20__PseudoGold_positive_1_hard_negative_1_seed2_hybrid_loss_openai_clip-vit-large-patch14-336_HF/ckpt/epoch_model_21_0.8130841121495327.pt: Copied (new)
2026/07/14 22:07:22 INFO  : HateMM/RAC_video_archive_seeds/RAC_lr0.0001_Bz64_Ep30_cosSim_triplet_drop[0.2, 0.4, 0.1]_topK20__PseudoGold_positive_1_hard_negative_1_seed2_hybrid_loss_openai_clip-vit-large-patch14-336_HF/ckpt/epoch_model_26_0.8411214953271028.pt: Copied (new)
2026/07/14 22:07:23 INFO  : HateMM/RAC_video_archive_seeds/RAC_lr0.0001_Bz64_Ep30_cosSim_triplet_drop[0.2, 0.4, 0.1]_topK20__PseudoGold_positive_1_hard_negative_1_seed2_hybrid_loss_openai_clip-vit-large-patch14-336_HF/ckpt/epoch_model_29_0.822429906542056.pt: Copied (new)
2026/07/14 22:07:23 INFO  : HateMM/RAC_video_archive_seeds/RAC_lr0.0001_Bz64_Ep30_cosSim_triplet_drop[0.2, 0.4, 0.1]_topK20__PseudoGold_positive_1_hard_negative_1_seed2_hybrid_loss_openai_clip-vit-large-patch14-336_HF/ckpt/epoch_model_27_0.8317757009345794.pt: Copied (new)
2026/07/14 22:07:24 INFO  : HateMM/RAC_video_archive_seeds/RAC_lr0.0001_Bz64_Ep30_cosSim_triplet_drop[0.2, 0.4, 0.1]_topK20__PseudoGold_positive_1_hard_negative_1_seed2_hybrid_loss_openai_clip-vit-large-patch14-336_HF/ckpt/epoch_model_2_0.7757009345794392.pt: Copied (new)
2026/07/14 22:07:24 INFO  : HateMM/RAC_video_archive_seeds/RAC_lr0.0001_Bz64_Ep30_cosSim_triplet_drop[0.2, 0.4, 0.1]_topK20__PseudoGold_positive_1_hard_negative_1_seed2_hybrid_loss_openai_clip-vit-large-patch14-336_HF/ckpt/epoch_model_28_0.8317757009345794.pt: Copied (new)
2026/07/14 22:07:24 INFO  : HateMM/RAC_video_archive_seeds/RAC_lr0.0001_Bz64_Ep30_cosSim_triplet_drop[0.2, 0.4, 0.1]_topK20__PseudoGold_positive_1_hard_negative_1_seed2_hybrid_loss_openai_clip-vit-large-patch14-336_HF/ckpt/epoch_model_6_0.794392523364486.pt: Copied (new)
2026/07/14 22:07:25 INFO  : HateMM/RAC_video_archive_seeds/RAC_lr0.0001_Bz64_Ep30_cosSim_triplet_drop[0.2, 0.4, 0.1]_topK20__PseudoGold_positive_1_hard_negative_1_seed2_hybrid_loss_openai_clip-vit-large-patch14-336_HF/ckpt/epoch_model_4_0.7663551401869159.pt: Copied (new)
2026/07/14 22:07:26 INFO  : HateMM/RAC_video_archive_seeds/RAC_lr0.0001_Bz64_Ep30_cosSim_triplet_drop[0.2, 0.4, 0.1]_topK20__PseudoGold_positive_1_hard_negative_1_seed2_hybrid_loss_openai_clip-vit-large-patch14-336_HF/ckpt/epoch_model_8_0.794392523364486.pt: Copied (new)
2026/07/14 22:07:26 INFO  : HateMM/RAC_video_archive_seeds/RAC_lr0.0001_Bz64_Ep30_cosSim_triplet_drop[0.2, 0.4, 0.1]_topK20__PseudoGold_positive_1_hard_negative_1_seed2_hybrid_loss_openai_clip-vit-large-patch14-336_HF/ckpt/epoch_model_7_0.794392523364486.pt: Copied (new)
2026/07/14 22:07:26 INFO  : HateMM/RAC_video_archive_seeds/RAC_lr0.0001_Bz64_Ep30_cosSim_triplet_drop[0.2, 0.4, 0.1]_topK20__PseudoGold_positive_1_hard_negative_1_seed2_hybrid_loss_openai_clip-vit-large-patch14-336_HF/ckpt/last_model_29_0.822429906542056.pt: Copied (new)
2026/07/14 22:07:26 INFO  : HateMM/RAC_video_archive_seeds/RAC_lr0.0001_Bz64_Ep30_cosSim_triplet_drop[0.2, 0.4, 0.1]_topK20__PseudoGold_positive_1_hard_negative_1_seed2_hybrid_loss_openai_clip-vit-large-patch14-336_HF/ckpt/epoch_model_5_0.794392523364486.pt: Copied (new)
2026/07/14 22:07:26 INFO  : HateMM/RAC_video_archive_seeds/RAC_lr0.0001_Bz64_Ep30_cosSim_triplet_drop[0.2, 0.4, 0.1]_topK20__PseudoGold_positive_1_hard_negative_1_seed2_hybrid_loss_openai_clip-vit-large-patch14-336_HF/ckpt/epoch_model_9_0.794392523364486.pt: Copied (new)
2026/07/14 22:07:27 INFO  : HateMM/RAC_video_archive_seeds/RAC_lr0.0001_Bz64_Ep30_cosSim_triplet_drop[0.2, 0.4, 0.1]_topK20__PseudoGold_positive_1_hard_negative_1_seed2_hybrid_loss_openai_clip-vit-large-patch14-336_HF/ckpt/epoch_model_3_0.7757009345794392.pt: Copied (new)
2026/07/14 22:07:29 INFO  : HateMM/RAC_video_archive_seeds/RAC_lr0.0001_Bz64_Ep30_cosSim_triplet_drop[0.2, 0.4, 0.1]_topK20__PseudoGold_positive_1_hard_negative_1_seed2_hybrid_loss_openai_clip-vit-large-patch14-336_HF/ckpt/epoch_model_24_0.8691588785046729.pt: Copied (new)
2026/07/14 22:07:31 INFO  : MHC_zh/RAC_video_archive_seeds/RAC_lr0.0001_Bz64_Ep30_cosSim_triplet_drop[0.2, 0.4, 0.1]_topK20__PseudoGold_positive_1_hard_negative_1_seed2_hybrid_loss_Qwen2.5-VL-32B-Instruct_HF/ckpt/epoch_model_13_0.7564102564102564.pt: Copied (new)
2026/07/14 22:07:31 INFO  : MHC_zh/RAC_video_archive_seeds/RAC_lr0.0001_Bz64_Ep30_cosSim_triplet_drop[0.2, 0.4, 0.1]_topK20__PseudoGold_positive_1_hard_negative_1_seed2_hybrid_loss_Qwen2.5-VL-32B-Instruct_HF/ckpt/epoch_model_10_0.782051282051282.pt: Copied (new)
2026/07/14 22:07:31 INFO  : MHC_zh/RAC_video_archive_seeds/RAC_lr0.0001_Bz64_Ep30_cosSim_triplet_drop[0.2, 0.4, 0.1]_topK20__PseudoGold_positive_1_hard_negative_1_seed2_hybrid_loss_Qwen2.5-VL-32B-Instruct_HF/ckpt/epoch_model_11_0.7948717948717948.pt: Copied (new)
2026/07/14 22:07:32 INFO  : MHC_zh/RAC_video_archive_seeds/RAC_lr0.0001_Bz64_Ep30_cosSim_triplet_drop[0.2, 0.4, 0.1]_topK20__PseudoGold_positive_1_hard_negative_1_seed2_hybrid_loss_Qwen2.5-VL-32B-Instruct_HF/ckpt/epoch_model_15_0.782051282051282.pt: Copied (new)
2026/07/14 22:07:33 INFO  : MHC_zh/RAC_video_archive_seeds/RAC_lr0.0001_Bz64_Ep30_cosSim_triplet_drop[0.2, 0.4, 0.1]_topK20__PseudoGold_positive_1_hard_negative_1_seed2_hybrid_loss_Qwen2.5-VL-32B-Instruct_HF/ckpt/epoch_model_12_0.7948717948717948.pt: Copied (new)
2026/07/14 22:07:34 INFO  : MHC_zh/RAC_video_archive_seeds/RAC_lr0.0001_Bz64_Ep30_cosSim_triplet_drop[0.2, 0.4, 0.1]_topK20__PseudoGold_positive_1_hard_negative_1_seed2_hybrid_loss_Qwen2.5-VL-32B-Instruct_HF/ckpt/epoch_model_14_0.7307692307692307.pt: Copied (new)
2026/07/14 22:07:34 INFO  : 
Transferred:   	   48.273 GiB / 60.895 GiB, 79%, 57.063 MiB/s, ETA 3m46s
Checks:                 0 / 0, -, Listed 2905
Transferred:         1884 / 2277, 83%
Elapsed time:     13m59.9s
Transferring:
 * MHC_zh/RAC_video_archi…6_0.782051282051282.pt: 81% /52.028Mi, 5.223Mi/s, 1s
 * MHC_zh/RAC_video_archi…_0.7692307692307693.pt: 43% /52.028Mi, 4.343Mi/s, 6s
 * MHC_zh/RAC_video_archi…_0.7948717948717948.pt: 92% /52.028Mi, 13.300Mi/s, 0s
 * MHC_zh/RAC_video_archi…_0.7948717948717948.pt: 81% /52.028Mi, 11.894Mi/s, 0s
 * MHC_zh/RAC_video_archi…1_0.782051282051282.pt: 63% /52.028Mi, 11.279Mi/s, 1s
 * MHC_zh/RAC_video_archi…_0.7948717948717948.pt: 62% /52.028Mi, 12.498Mi/s, 1s
 * MHC_zh/RAC_video_archi…_0.8076923076923077.pt: 27% /52.028Mi, 11.527Mi/s, 3s
 * MHC_zh/RAC_video_archi…_0.7692307692307693.pt: 12% /52.028Mi, 0/s, -

2026/07/14 22:07:36 INFO  : MHC_zh/RAC_video_archive_seeds/RAC_lr0.0001_Bz64_Ep30_cosSim_triplet_drop[0.2, 0.4, 0.1]_topK20__PseudoGold_positive_1_hard_negative_1_seed2_hybrid_loss_Qwen2.5-VL-32B-Instruct_HF/ckpt/epoch_model_19_0.7948717948717948.pt: Copied (new)
2026/07/14 22:07:36 INFO  : MHC_zh/RAC_video_archive_seeds/RAC_lr0.0001_Bz64_Ep30_cosSim_triplet_drop[0.2, 0.4, 0.1]_topK20__PseudoGold_positive_1_hard_negative_1_seed2_hybrid_loss_Qwen2.5-VL-32B-Instruct_HF/ckpt/epoch_model_16_0.782051282051282.pt: Copied (new)
2026/07/14 22:07:36 INFO  : MHC_zh/RAC_video_archive_seeds/RAC_lr0.0001_Bz64_Ep30_cosSim_triplet_drop[0.2, 0.4, 0.1]_topK20__PseudoGold_positive_1_hard_negative_1_seed2_hybrid_loss_Qwen2.5-VL-32B-Instruct_HF/ckpt/epoch_model_18_0.7948717948717948.pt: Copied (new)
2026/07/14 22:07:37 INFO  : MHC_zh/RAC_video_archive_seeds/RAC_lr0.0001_Bz64_Ep30_cosSim_triplet_drop[0.2, 0.4, 0.1]_topK20__PseudoGold_positive_1_hard_negative_1_seed2_hybrid_loss_Qwen2.5-VL-32B-Instruct_HF/ckpt/epoch_model_1_0.782051282051282.pt: Copied (new)
2026/07/14 22:07:37 INFO  : MHC_zh/RAC_video_archive_seeds/RAC_lr0.0001_Bz64_Ep30_cosSim_triplet_drop[0.2, 0.4, 0.1]_topK20__PseudoGold_positive_1_hard_negative_1_seed2_hybrid_loss_Qwen2.5-VL-32B-Instruct_HF/ckpt/epoch_model_20_0.7948717948717948.pt: Copied (new)
2026/07/14 22:07:39 INFO  : MHC_zh/RAC_video_archive_seeds/RAC_lr0.0001_Bz64_Ep30_cosSim_triplet_drop[0.2, 0.4, 0.1]_topK20__PseudoGold_positive_1_hard_negative_1_seed2_hybrid_loss_Qwen2.5-VL-32B-Instruct_HF/ckpt/epoch_model_21_0.8076923076923077.pt: Copied (new)
2026/07/14 22:07:40 INFO  : MHC_zh/RAC_video_archive_seeds/RAC_lr0.0001_Bz64_Ep30_cosSim_triplet_drop[0.2, 0.4, 0.1]_topK20__PseudoGold_positive_1_hard_negative_1_seed2_hybrid_loss_Qwen2.5-VL-32B-Instruct_HF/ckpt/epoch_model_22_0.7692307692307693.pt: Copied (new)
2026/07/14 22:07:40 INFO  : MHC_zh/RAC_video_archive_seeds/RAC_lr0.0001_Bz64_Ep30_cosSim_triplet_drop[0.2, 0.4, 0.1]_topK20__PseudoGold_positive_1_hard_negative_1_seed2_hybrid_loss_Qwen2.5-VL-32B-Instruct_HF/ckpt/epoch_model_25_0.8076923076923077.pt: Copied (new)
2026/07/14 22:07:41 INFO  : MHC_zh/RAC_video_archive_seeds/RAC_lr0.0001_Bz64_Ep30_cosSim_triplet_drop[0.2, 0.4, 0.1]_topK20__PseudoGold_positive_1_hard_negative_1_seed2_hybrid_loss_Qwen2.5-VL-32B-Instruct_HF/ckpt/epoch_model_23_0.8333333333333334.pt: Copied (new)
2026/07/14 22:07:42 INFO  : MHC_zh/RAC_video_archive_seeds/RAC_lr0.0001_Bz64_Ep30_cosSim_triplet_drop[0.2, 0.4, 0.1]_topK20__PseudoGold_positive_1_hard_negative_1_seed2_hybrid_loss_Qwen2.5-VL-32B-Instruct_HF/ckpt/epoch_model_27_0.8333333333333334.pt: Copied (new)
2026/07/14 22:07:43 INFO  : MHC_zh/RAC_video_archive_seeds/RAC_lr0.0001_Bz64_Ep30_cosSim_triplet_drop[0.2, 0.4, 0.1]_topK20__PseudoGold_positive_1_hard_negative_1_seed2_hybrid_loss_Qwen2.5-VL-32B-Instruct_HF/ckpt/epoch_model_26_0.8333333333333334.pt: Copied (new)
2026/07/14 22:07:44 INFO  : MHC_zh/RAC_video_archive_seeds/RAC_lr0.0001_Bz64_Ep30_cosSim_triplet_drop[0.2, 0.4, 0.1]_topK20__PseudoGold_positive_1_hard_negative_1_seed2_hybrid_loss_Qwen2.5-VL-32B-Instruct_HF/ckpt/epoch_model_17_0.7692307692307693.pt: Copied (new)
2026/07/14 22:07:44 INFO  : HateMM/RAC_video_archive_seeds/RAC_lr0.0001_Bz64_Ep30_cosSim_triplet_drop[0.2, 0.4, 0.1]_topK20__PseudoGold_positive_1_hard_negative_1_seed0_hybrid_loss_Qwen2.5-VL-32B-Instruct_HF/ckpt/epoch_model_11_0.8037383177570093.pt: Copied (new)
2026/07/14 22:07:45 INFO  : HateMM/RAC_video_archive_seeds/RAC_lr0.0001_Bz64_Ep30_cosSim_triplet_drop[0.2, 0.4, 0.1]_topK20__PseudoGold_positive_1_hard_negative_1_seed0_hybrid_loss_Qwen2.5-VL-32B-Instruct_HF/ckpt/epoch_model_13_0.822429906542056.pt: Copied (new)
2026/07/14 22:07:46 INFO  : HateMM/RAC_video_archive_seeds/RAC_lr0.0001_Bz64_Ep30_cosSim_triplet_drop[0.2, 0.4, 0.1]_topK20__PseudoGold_positive_1_hard_negative_1_seed0_hybrid_loss_Qwen2.5-VL-32B-Instruct_HF/ckpt/epoch_model_12_0.8037383177570093.pt: Copied (new)
2026/07/14 22:07:46 INFO  : MHC_zh/RAC_video_archive_seeds/RAC_lr0.0001_Bz64_Ep30_cosSim_triplet_drop[0.2, 0.4, 0.1]_topK20__PseudoGold_positive_1_hard_negative_1_seed2_hybrid_loss_Qwen2.5-VL-32B-Instruct_HF/ckpt/epoch_model_24_0.8461538461538461.pt: Copied (new)
2026/07/14 22:07:46 INFO  : HateMM/RAC_video_archive_seeds/RAC_lr0.0001_Bz64_Ep30_cosSim_triplet_drop[0.2, 0.4, 0.1]_topK20__PseudoGold_positive_1_hard_negative_1_seed0_hybrid_loss_Qwen2.5-VL-32B-Instruct_HF/ckpt/epoch_model_14_0.822429906542056.pt: Copied (new)
2026/07/14 22:07:47 INFO  : HateMM/RAC_video_archive_seeds/RAC_lr0.0001_Bz64_Ep30_cosSim_triplet_drop[0.2, 0.4, 0.1]_topK20__PseudoGold_positive_1_hard_negative_1_seed0_hybrid_loss_Qwen2.5-VL-32B-Instruct_HF/ckpt/epoch_model_15_0.822429906542056.pt: Copied (new)
2026/07/14 22:07:49 INFO  : HateMM/RAC_video_archive_seeds/RAC_lr0.0001_Bz64_Ep30_cosSim_triplet_drop[0.2, 0.4, 0.1]_topK20__PseudoGold_positive_1_hard_negative_1_seed0_hybrid_loss_Qwen2.5-VL-32B-Instruct_HF/ckpt/epoch_model_16_0.8317757009345794.pt: Copied (new)
2026/07/14 22:07:50 INFO  : HateMM/RAC_video_archive_seeds/RAC_lr0.0001_Bz64_Ep30_cosSim_triplet_drop[0.2, 0.4, 0.1]_topK20__PseudoGold_positive_1_hard_negative_1_seed0_hybrid_loss_Qwen2.5-VL-32B-Instruct_HF/ckpt/epoch_model_18_0.8130841121495327.pt: Copied (new)
2026/07/14 22:07:50 INFO  : HateMM/RAC_video_archive_seeds/RAC_lr0.0001_Bz64_Ep30_cosSim_triplet_drop[0.2, 0.4, 0.1]_topK20__PseudoGold_positive_1_hard_negative_1_seed0_hybrid_loss_Qwen2.5-VL-32B-Instruct_HF/ckpt/epoch_model_19_0.7850467289719626.pt: Copied (new)
2026/07/14 22:07:51 INFO  : HateMM/RAC_video_archive_seeds/RAC_lr0.0001_Bz64_Ep30_cosSim_triplet_drop[0.2, 0.4, 0.1]_topK20__PseudoGold_positive_1_hard_negative_1_seed0_hybrid_loss_Qwen2.5-VL-32B-Instruct_HF/ckpt/epoch_model_20_0.8037383177570093.pt: Copied (new)
2026/07/14 22:07:52 INFO  : HateMM/RAC_video_archive_seeds/RAC_lr0.0001_Bz64_Ep30_cosSim_triplet_drop[0.2, 0.4, 0.1]_topK20__PseudoGold_positive_1_hard_negative_1_seed0_hybrid_loss_Qwen2.5-VL-32B-Instruct_HF/ckpt/epoch_model_21_0.8037383177570093.pt: Copied (new)
2026/07/14 22:07:54 INFO  : HateMM/RAC_video_archive_seeds/RAC_lr0.0001_Bz64_Ep30_cosSim_triplet_drop[0.2, 0.4, 0.1]_topK20__PseudoGold_positive_1_hard_negative_1_seed0_hybrid_loss_Qwen2.5-VL-32B-Instruct_HF/ckpt/epoch_model_1_0.7757009345794392.pt: Copied (new)
2026/07/14 22:07:55 INFO  : HateMM/RAC_video_archive_seeds/RAC_lr0.0001_Bz64_Ep30_cosSim_triplet_drop[0.2, 0.4, 0.1]_topK20__PseudoGold_positive_1_hard_negative_1_seed0_hybrid_loss_Qwen2.5-VL-32B-Instruct_HF/ckpt/epoch_model_26_0.8130841121495327.pt: Copied (new)
2026/07/14 22:07:55 INFO  : HateMM/RAC_video_archive_seeds/RAC_lr0.0001_Bz64_Ep30_cosSim_triplet_drop[0.2, 0.4, 0.1]_topK20__PseudoGold_positive_1_hard_negative_1_seed0_hybrid_loss_Qwen2.5-VL-32B-Instruct_HF/ckpt/epoch_model_24_0.822429906542056.pt: Copied (new)
2026/07/14 22:07:56 INFO  : HateMM/RAC_video_archive_seeds/RAC_lr0.0001_Bz64_Ep30_cosSim_triplet_drop[0.2, 0.4, 0.1]_topK20__PseudoGold_positive_1_hard_negative_1_seed0_hybrid_loss_Qwen2.5-VL-32B-Instruct_HF/ckpt/epoch_model_25_0.8411214953271028.pt: Copied (new)
2026/07/14 22:07:56 INFO  : HateMM/RAC_video_archive_seeds/RAC_lr0.0001_Bz64_Ep30_cosSim_triplet_drop[0.2, 0.4, 0.1]_topK20__PseudoGold_positive_1_hard_negative_1_seed0_hybrid_loss_Qwen2.5-VL-32B-Instruct_HF/ckpt/epoch_model_22_0.8037383177570093.pt: Copied (new)
2026/07/14 22:07:57 INFO  : HateMM/RAC_video_archive_seeds/RAC_lr0.0001_Bz64_Ep30_cosSim_triplet_drop[0.2, 0.4, 0.1]_topK20__PseudoGold_positive_1_hard_negative_1_seed0_hybrid_loss_Qwen2.5-VL-32B-Instruct_HF/ckpt/epoch_model_17_0.8317757009345794.pt: Copied (new)
2026/07/14 22:07:57 INFO  : HateMM/RAC_video_archive_seeds/RAC_lr0.0001_Bz64_Ep30_cosSim_triplet_drop[0.2, 0.4, 0.1]_topK20__PseudoGold_positive_1_hard_negative_1_seed0_hybrid_loss_Qwen2.5-VL-32B-Instruct_HF/ckpt/epoch_model_27_0.8317757009345794.pt: Copied (new)
2026/07/14 22:07:58 INFO  : HateMM/RAC_video_archive_seeds/RAC_lr0.0001_Bz64_Ep30_cosSim_triplet_drop[0.2, 0.4, 0.1]_topK20__PseudoGold_positive_1_hard_negative_1_seed0_hybrid_loss_Qwen2.5-VL-32B-Instruct_HF/ckpt/epoch_model_23_0.822429906542056.pt: Copied (new)
2026/07/14 22:07:59 INFO  : HateMM/RAC_video_archive_seeds/RAC_lr0.0001_Bz64_Ep30_cosSim_triplet_drop[0.2, 0.4, 0.1]_topK20__PseudoGold_positive_1_hard_negative_1_seed0_hybrid_loss_Qwen2.5-VL-32B-Instruct_HF/ckpt/epoch_model_28_0.8317757009345794.pt: Copied (new)
2026/07/14 22:08:01 INFO  : HateMM/RAC_video_archive_seeds/RAC_lr0.0001_Bz64_Ep30_cosSim_triplet_drop[0.2, 0.4, 0.1]_topK20__PseudoGold_positive_1_hard_negative_1_seed0_hybrid_loss_Qwen2.5-VL-32B-Instruct_HF/ckpt/epoch_model_2_0.8130841121495327.pt: Copied (new)
2026/07/14 22:08:01 INFO  : HateMM/RAC_video_archive_seeds/RAC_lr0.0001_Bz64_Ep30_cosSim_triplet_drop[0.2, 0.4, 0.1]_topK20__PseudoGold_positive_1_hard_negative_1_seed0_hybrid_loss_Qwen2.5-VL-32B-Instruct_HF/ckpt/epoch_model_29_0.8037383177570093.pt: Copied (new)
2026/07/14 22:08:02 INFO  : HateMM/RAC_video_archive_seeds/RAC_lr0.0001_Bz64_Ep30_cosSim_triplet_drop[0.2, 0.4, 0.1]_topK20__PseudoGold_positive_1_hard_negative_1_seed0_hybrid_loss_Qwen2.5-VL-32B-Instruct_HF/ckpt/epoch_model_3_0.7850467289719626.pt: Copied (new)
2026/07/14 22:08:02 INFO  : HateMM/RAC_video_archive_seeds/RAC_lr0.0001_Bz64_Ep30_cosSim_triplet_drop[0.2, 0.4, 0.1]_topK20__PseudoGold_positive_1_hard_negative_1_seed0_hybrid_loss_Qwen2.5-VL-32B-Instruct_HF/ckpt/epoch_model_6_0.7757009345794392.pt: Copied (new)
2026/07/14 22:08:03 INFO  : HateMM/RAC_video_archive_seeds/RAC_lr0.0001_Bz64_Ep30_cosSim_triplet_drop[0.2, 0.4, 0.1]_topK20__PseudoGold_positive_1_hard_negative_1_seed0_hybrid_loss_Qwen2.5-VL-32B-Instruct_HF/ckpt/epoch_model_4_0.8037383177570093.pt: Copied (new)
2026/07/14 22:08:04 INFO  : MHC/RAC_video_archive_seeds/RAC_lr0.0001_Bz64_Ep30_cosSim_triplet_drop[0.2, 0.4, 0.1]_topK20__PseudoGold_positive_1_hard_negative_1_seed0_hybrid_loss_openai_clip-vit-large-patch14-336_HF/ckpt/best_model_19_0.75.pt: Copied (new)
2026/07/14 22:08:04 INFO  : MHC/RAC_video_archive_seeds/RAC_lr0.0001_Bz64_Ep30_cosSim_triplet_drop[0.2, 0.4, 0.1]_topK20__PseudoGold_positive_1_hard_negative_1_seed0_hybrid_loss_openai_clip-vit-large-patch14-336_HF/ckpt/best_model_18_0.75.pt: Copied (new)
2026/07/14 22:08:04 INFO  : HateMM/RAC_video_archive_seeds/RAC_lr0.0001_Bz64_Ep30_cosSim_triplet_drop[0.2, 0.4, 0.1]_topK20__PseudoGold_positive_1_hard_negative_1_seed0_hybrid_loss_Qwen2.5-VL-32B-Instruct_HF/ckpt/epoch_model_8_0.7757009345794392.pt: Copied (new)
2026/07/14 22:08:06 INFO  : HateMM/RAC_video_archive_seeds/RAC_lr0.0001_Bz64_Ep30_cosSim_triplet_drop[0.2, 0.4, 0.1]_topK20__PseudoGold_positive_1_hard_negative_1_seed0_hybrid_loss_Qwen2.5-VL-32B-Instruct_HF/ckpt/last_model_29_0.8037383177570093.pt: Copied (new)
2026/07/14 22:08:06 INFO  : MHC/RAC_video_archive_seeds/RAC_lr0.0001_Bz64_Ep30_cosSim_triplet_drop[0.2, 0.4, 0.1]_topK20__PseudoGold_positive_1_hard_negative_1_seed0_hybrid_loss_openai_clip-vit-large-patch14-336_HF/ckpt/best_model_5_0.6875.pt: Copied (new)
2026/07/14 22:08:06 INFO  : MHC/RAC_video_archive_seeds/RAC_lr0.0001_Bz64_Ep30_cosSim_triplet_drop[0.2, 0.4, 0.1]_topK20__PseudoGold_positive_1_hard_negative_1_seed0_hybrid_loss_openai_clip-vit-large-patch14-336_HF/ckpt/best_model_22_0.75.pt: Copied (new)
2026/07/14 22:08:06 INFO  : MHC/RAC_video_archive_seeds/RAC_lr0.0001_Bz64_Ep30_cosSim_triplet_drop[0.2, 0.4, 0.1]_topK20__PseudoGold_positive_1_hard_negative_1_seed0_hybrid_loss_openai_clip-vit-large-patch14-336_HF/ckpt/best_model_26_0.75.pt: Copied (new)
2026/07/14 22:08:06 INFO  : HateMM/RAC_video_archive_seeds/RAC_lr0.0001_Bz64_Ep30_cosSim_triplet_drop[0.2, 0.4, 0.1]_topK20__PseudoGold_positive_1_hard_negative_1_seed0_hybrid_loss_Qwen2.5-VL-32B-Instruct_HF/ckpt/epoch_model_7_0.7850467289719626.pt: Copied (new)
2026/07/14 22:08:07 INFO  : MHC/RAC_video_archive_seeds/RAC_lr0.0001_Bz64_Ep30_cosSim_triplet_drop[0.2, 0.4, 0.1]_topK20__PseudoGold_positive_1_hard_negative_1_seed0_hybrid_loss_openai_clip-vit-large-patch14-336_HF/ckpt/best_model_6_0.7.pt: Copied (new)
2026/07/14 22:08:07 INFO  : HateMM/RAC_video_archive_seeds/RAC_lr0.0001_Bz64_Ep30_cosSim_triplet_drop[0.2, 0.4, 0.1]_topK20__PseudoGold_positive_1_hard_negative_1_seed0_hybrid_loss_Qwen2.5-VL-32B-Instruct_HF/ckpt/epoch_model_5_0.8037383177570093.pt: Copied (new)
2026/07/14 22:08:08 INFO  : HateMM/RAC_video_archive_seeds/RAC_lr0.0001_Bz64_Ep30_cosSim_triplet_drop[0.2, 0.4, 0.1]_topK20__PseudoGold_positive_1_hard_negative_1_seed0_hybrid_loss_Qwen2.5-VL-32B-Instruct_HF/ckpt/epoch_model_9_0.7757009345794392.pt: Copied (new)
2026/07/14 22:08:08 INFO  : MHC/RAC_video_archive_seeds/RAC_lr0.0001_Bz64_Ep30_cosSim_triplet_drop[0.2, 0.4, 0.1]_topK20__PseudoGold_positive_1_hard_negative_1_seed0_hybrid_loss_openai_clip-vit-large-patch14-336_HF/ckpt/epoch_model_0_0.725.pt: Copied (new)
2026/07/14 22:08:09 INFO  : MHC_zh/RAC_video_archive_seeds/RAC_lr0.0001_Bz64_Ep30_cosSim_triplet_drop[0.2, 0.4, 0.1]_topK20__PseudoGold_positive_1_hard_negative_1_seed2_hybrid_loss_Qwen2.5-VL-7B-Instruct_HF/ckpt/epoch_model_13_0.7435897435897436.pt: Copied (new)
2026/07/14 22:08:10 INFO  : MHC_zh/RAC_video_archive_seeds/RAC_lr0.0001_Bz64_Ep30_cosSim_triplet_drop[0.2, 0.4, 0.1]_topK20__PseudoGold_positive_1_hard_negative_1_seed2_hybrid_loss_Qwen2.5-VL-7B-Instruct_HF/ckpt/epoch_model_12_0.8076923076923077.pt: Copied (new)
2026/07/14 22:08:10 INFO  : MHC/RAC_video_archive_seeds/RAC_lr0.0001_Bz64_Ep30_cosSim_triplet_drop[0.2, 0.4, 0.1]_topK20__PseudoGold_positive_1_hard_negative_1_seed0_hybrid_loss_openai_clip-vit-large-patch14-336_HF/ckpt/best_model_8_0.75.pt: Copied (new)
2026/07/14 22:08:13 INFO  : MHC_zh/RAC_video_archive_seeds/RAC_lr0.0001_Bz64_Ep30_cosSim_triplet_drop[0.2, 0.4, 0.1]_topK20__PseudoGold_positive_1_hard_negative_1_seed2_hybrid_loss_Qwen2.5-VL-7B-Instruct_HF/ckpt/epoch_model_14_0.7564102564102564.pt: Copied (new)
2026/07/14 22:08:14 INFO  : HateMM/RAC_video_archive_seeds/RAC_lr0.0001_Bz64_Ep30_cosSim_triplet_drop[0.2, 0.4, 0.1]_topK20__PseudoGold_positive_1_hard_negative_1_seed2_hybrid_loss_Qwen2.5-VL-32B-Instruct_HF/ckpt/epoch_model_13_0.794392523364486.pt: Copied (new)
2026/07/14 22:08:14 INFO  : HateMM/RAC_video_archive_seeds/RAC_lr0.0001_Bz64_Ep30_cosSim_triplet_drop[0.2, 0.4, 0.1]_topK20__PseudoGold_positive_1_hard_negative_1_seed2_hybrid_loss_Qwen2.5-VL-32B-Instruct_HF/ckpt/epoch_model_14_0.8037383177570093.pt: Copied (new)
2026/07/14 22:08:14 INFO  : HateMM/RAC_video_archive_seeds/RAC_lr0.0001_Bz64_Ep30_cosSim_triplet_drop[0.2, 0.4, 0.1]_topK20__PseudoGold_positive_1_hard_negative_1_seed2_hybrid_loss_Qwen2.5-VL-32B-Instruct_HF/ckpt/epoch_model_15_0.8504672897196262.pt: Copied (new)
2026/07/14 22:08:15 INFO  : HateMM/RAC_video_archive_seeds/RAC_lr0.0001_Bz64_Ep30_cosSim_triplet_drop[0.2, 0.4, 0.1]_topK20__PseudoGold_positive_1_hard_negative_1_seed2_hybrid_loss_Qwen2.5-VL-32B-Instruct_HF/ckpt/epoch_model_17_0.8411214953271028.pt: Copied (new)
2026/07/14 22:08:16 INFO  : MHC_zh/RAC_video_archive_seeds/RAC_lr0.0001_Bz64_Ep30_cosSim_triplet_drop[0.2, 0.4, 0.1]_topK20__PseudoGold_positive_1_hard_negative_1_seed2_hybrid_loss_Qwen2.5-VL-7B-Instruct_HF/ckpt/epoch_model_15_0.7692307692307693.pt: Copied (new)
2026/07/14 22:08:16 INFO  : HateMM/RAC_video_archive_seeds/RAC_lr0.0001_Bz64_Ep30_cosSim_triplet_drop[0.2, 0.4, 0.1]_topK20__PseudoGold_positive_1_hard_negative_1_seed2_hybrid_loss_Qwen2.5-VL-32B-Instruct_HF/ckpt/epoch_model_16_0.8598130841121495.pt: Copied (new)
2026/07/14 22:08:16 INFO  : HateMM/RAC_video_archive_seeds/RAC_lr0.0001_Bz64_Ep30_cosSim_triplet_drop[0.2, 0.4, 0.1]_topK20__PseudoGold_positive_1_hard_negative_1_seed2_hybrid_loss_Qwen2.5-VL-32B-Instruct_HF/ckpt/epoch_model_18_0.8317757009345794.pt: Copied (new)
2026/07/14 22:08:19 INFO  : HateMM/RAC_video_archive_seeds/RAC_lr0.0001_Bz64_Ep30_cosSim_triplet_drop[0.2, 0.4, 0.1]_topK20__PseudoGold_positive_1_hard_negative_1_seed2_hybrid_loss_Qwen2.5-VL-32B-Instruct_HF/ckpt/epoch_model_1_0.794392523364486.pt: Copied (new)
2026/07/14 22:08:19 INFO  : HateMM/RAC_video_archive_seeds/RAC_lr0.0001_Bz64_Ep30_cosSim_triplet_drop[0.2, 0.4, 0.1]_topK20__PseudoGold_positive_1_hard_negative_1_seed2_hybrid_loss_Qwen2.5-VL-32B-Instruct_HF/ckpt/epoch_model_21_0.8130841121495327.pt: Copied (new)
2026/07/14 22:08:19 INFO  : HateMM/RAC_video_archive_seeds/RAC_lr0.0001_Bz64_Ep30_cosSim_triplet_drop[0.2, 0.4, 0.1]_topK20__PseudoGold_positive_1_hard_negative_1_seed2_hybrid_loss_Qwen2.5-VL-32B-Instruct_HF/ckpt/epoch_model_20_0.8411214953271028.pt: Copied (new)
2026/07/14 22:08:20 INFO  : HateMM/RAC_video_archive_seeds/RAC_lr0.0001_Bz64_Ep30_cosSim_triplet_drop[0.2, 0.4, 0.1]_topK20__PseudoGold_positive_1_hard_negative_1_seed2_hybrid_loss_Qwen2.5-VL-32B-Instruct_HF/ckpt/epoch_model_22_0.8411214953271028.pt: Copied (new)
2026/07/14 22:08:20 INFO  : HateMM/RAC_video_archive_seeds/RAC_lr0.0001_Bz64_Ep30_cosSim_triplet_drop[0.2, 0.4, 0.1]_topK20__PseudoGold_positive_1_hard_negative_1_seed2_hybrid_loss_Qwen2.5-VL-32B-Instruct_HF/ckpt/epoch_model_19_0.8504672897196262.pt: Copied (new)
2026/07/14 22:08:20 INFO  : HateMM/RAC_video_archive_seeds/RAC_lr0.0001_Bz64_Ep30_cosSim_triplet_drop[0.2, 0.4, 0.1]_topK20__PseudoGold_positive_1_hard_negative_1_seed2_hybrid_loss_Qwen2.5-VL-32B-Instruct_HF/ckpt/epoch_model_24_0.8411214953271028.pt: Copied (new)
2026/07/14 22:08:21 INFO  : HateMM/RAC_video_archive_seeds/RAC_lr0.0001_Bz64_Ep30_cosSim_triplet_drop[0.2, 0.4, 0.1]_topK20__PseudoGold_positive_1_hard_negative_1_seed2_hybrid_loss_Qwen2.5-VL-32B-Instruct_HF/ckpt/epoch_model_23_0.8598130841121495.pt: Copied (new)
2026/07/14 22:08:21 INFO  : HateMM/RAC_video_archive_seeds/RAC_lr0.0001_Bz64_Ep30_cosSim_triplet_drop[0.2, 0.4, 0.1]_topK20__PseudoGold_positive_1_hard_negative_1_seed2_hybrid_loss_Qwen2.5-VL-32B-Instruct_HF/ckpt/epoch_model_25_0.8411214953271028.pt: Copied (new)
2026/07/14 22:08:24 INFO  : HateMM/RAC_video_archive_seeds/RAC_lr0.0001_Bz64_Ep30_cosSim_triplet_drop[0.2, 0.4, 0.1]_topK20__PseudoGold_positive_1_hard_negative_1_seed2_hybrid_loss_Qwen2.5-VL-32B-Instruct_HF/ckpt/epoch_model_26_0.8130841121495327.pt: Copied (new)
2026/07/14 22:08:25 INFO  : HateMM/RAC_video_archive_seeds/RAC_lr0.0001_Bz64_Ep30_cosSim_triplet_drop[0.2, 0.4, 0.1]_topK20__PseudoGold_positive_1_hard_negative_1_seed2_hybrid_loss_Qwen2.5-VL-32B-Instruct_HF/ckpt/epoch_model_27_0.8130841121495327.pt: Copied (new)
2026/07/14 22:08:25 INFO  : HateMM/RAC_video_archive_seeds/RAC_lr0.0001_Bz64_Ep30_cosSim_triplet_drop[0.2, 0.4, 0.1]_topK20__PseudoGold_positive_1_hard_negative_1_seed2_hybrid_loss_Qwen2.5-VL-32B-Instruct_HF/ckpt/epoch_model_3_0.8130841121495327.pt: Copied (new)
2026/07/14 22:08:25 INFO  : HateMM/RAC_video_archive_seeds/RAC_lr0.0001_Bz64_Ep30_cosSim_triplet_drop[0.2, 0.4, 0.1]_topK20__PseudoGold_positive_1_hard_negative_1_seed2_hybrid_loss_Qwen2.5-VL-32B-Instruct_HF/ckpt/epoch_model_28_0.8317757009345794.pt: Copied (new)
2026/07/14 22:08:26 INFO  : HateMM/RAC_video_archive_seeds/RAC_lr0.0001_Bz64_Ep30_cosSim_triplet_drop[0.2, 0.4, 0.1]_topK20__PseudoGold_positive_1_hard_negative_1_seed2_hybrid_loss_Qwen2.5-VL-32B-Instruct_HF/ckpt/epoch_model_5_0.7757009345794392.pt: Copied (new)
2026/07/14 22:08:26 INFO  : HateMM/RAC_video_archive_seeds/RAC_lr0.0001_Bz64_Ep30_cosSim_triplet_drop[0.2, 0.4, 0.1]_topK20__PseudoGold_positive_1_hard_negative_1_seed2_hybrid_loss_Qwen2.5-VL-32B-Instruct_HF/ckpt/epoch_model_29_0.822429906542056.pt: Copied (new)
2026/07/14 22:08:28 INFO  : HateMM/RAC_video_archive_seeds/RAC_lr0.0001_Bz64_Ep30_cosSim_triplet_drop[0.2, 0.4, 0.1]_topK20__PseudoGold_positive_1_hard_negative_1_seed2_hybrid_loss_Qwen2.5-VL-32B-Instruct_HF/ckpt/epoch_model_4_0.7850467289719626.pt: Copied (new)
2026/07/14 22:08:29 INFO  : HateMM/RAC_video_archive_seeds/RAC_lr0.0001_Bz64_Ep30_cosSim_triplet_drop[0.2, 0.4, 0.1]_topK20__PseudoGold_positive_1_hard_negative_1_seed2_hybrid_loss_Qwen2.5-VL-32B-Instruct_HF/ckpt/epoch_model_2_0.8130841121495327.pt: Copied (new)
2026/07/14 22:08:29 INFO  : HateMM/RAC_video_archive_seeds/RAC_lr0.0001_Bz64_Ep30_cosSim_triplet_drop[0.2, 0.4, 0.1]_topK20__PseudoGold_positive_1_hard_negative_1_seed2_hybrid_loss_Qwen2.5-VL-32B-Instruct_HF/ckpt/epoch_model_6_0.7757009345794392.pt: Copied (new)
2026/07/14 22:08:29 INFO  : HateMM/RAC_video_archive_seeds/RAC_lr0.0001_Bz64_Ep30_cosSim_triplet_drop[0.2, 0.4, 0.1]_topK20__PseudoGold_positive_1_hard_negative_1_seed2_hybrid_loss_Qwen2.5-VL-32B-Instruct_HF/ckpt/epoch_model_7_0.7757009345794392.pt: Copied (new)
2026/07/14 22:08:30 INFO  : HateMM/RAC_video_archive_seeds/RAC_lr0.0001_Bz64_Ep30_cosSim_triplet_drop[0.2, 0.4, 0.1]_topK20__PseudoGold_positive_1_hard_negative_1_seed2_hybrid_loss_Qwen2.5-VL-32B-Instruct_HF/ckpt/epoch_model_9_0.7757009345794392.pt: Copied (new)
2026/07/14 22:08:31 INFO  : HateMM/RAC_video_archive_seeds/RAC_lr0.0001_Bz64_Ep30_cosSim_triplet_drop[0.2, 0.4, 0.1]_topK20__PseudoGold_positive_1_hard_negative_1_seed2_hybrid_loss_Qwen2.5-VL-32B-Instruct_HF/ckpt/epoch_model_8_0.7850467289719626.pt: Copied (new)
2026/07/14 22:08:31 INFO  : HateMM/RAC_video_archive_seeds/RAC_lr0.0001_Bz64_Ep30_cosSim_triplet_drop[0.2, 0.4, 0.1]_topK20__PseudoGold_positive_1_hard_negative_1_seed2_hybrid_loss_Qwen2.5-VL-32B-Instruct_HF/ckpt/last_model_29_0.822429906542056.pt: Copied (new)
2026/07/14 22:08:33 INFO  : HateMM/RAC_video_archive_seeds/RAC_lr0.0001_Bz64_Ep30_cosSim_triplet_drop[0.2, 0.4, 0.1]_topK20__PseudoGold_positive_1_hard_negative_1_seed2_hybrid_loss_Qwen2.5-VL-7B-Instruct_HF/ckpt/epoch_model_17_0.8130841121495327.pt: Copied (new)
2026/07/14 22:08:33 INFO  : HateMM/RAC_video_archive_seeds/RAC_lr0.0001_Bz64_Ep30_cosSim_triplet_drop[0.2, 0.4, 0.1]_topK20__PseudoGold_positive_1_hard_negative_1_seed2_hybrid_loss_Qwen2.5-VL-7B-Instruct_HF/ckpt/epoch_model_16_0.794392523364486.pt: Copied (new)
2026/07/14 22:08:33 INFO  : HateMM/RAC_video_archive_seeds/RAC_lr0.0001_Bz64_Ep30_cosSim_triplet_drop[0.2, 0.4, 0.1]_topK20__PseudoGold_positive_1_hard_negative_1_seed2_hybrid_loss_Qwen2.5-VL-7B-Instruct_HF/ckpt/epoch_model_15_0.8037383177570093.pt: Copied (new)
2026/07/14 22:08:33 INFO  : HateMM/RAC_video_archive_seeds/RAC_lr0.0001_Bz64_Ep30_cosSim_triplet_drop[0.2, 0.4, 0.1]_topK20__PseudoGold_positive_1_hard_negative_1_seed2_hybrid_loss_Qwen2.5-VL-7B-Instruct_HF/ckpt/epoch_model_19_0.8130841121495327.pt: Copied (new)
2026/07/14 22:08:34 INFO  : 
Transferred:   	   52.210 GiB / 60.895 GiB, 86%, 69.027 MiB/s, ETA 2m8s
Checks:                 0 / 0, -, Listed 2905
Transferred:         1969 / 2277, 86%
Elapsed time:      15m0.0s
Transferring:
 * HateMM/RAC_video_archi…_0.8317757009345794.pt: 95% /40.028Mi, 7.668Mi/s, 0s
 * HateMM/RAC_video_archi…_0.7476635514018691.pt:100% /40.028Mi, 13.342Mi/s, 0s
 * HateMM/RAC_video_archi…_0.8317757009345794.pt:100% /40.028Mi, 10.603Mi/s, 0s
 * HateMM/RAC_video_archi…_0.8037383177570093.pt: 97% /40.028Mi, 12.478Mi/s, 0s
 * HateMM/RAC_video_archi…2_0.822429906542056.pt: 35% /40.028Mi, 11.715Mi/s, 2s
 * HateMM/RAC_video_archi…_0.8411214953271028.pt: 40% /40.028Mi, 13.118Mi/s, 1s
 * HateMM/RAC_video_archi…_0.8037383177570093.pt: 30% /40.028Mi, 11.589Mi/s, 2s
 * HateMM/RAC_video_archi…_0.8130841121495327.pt: 27% /40.028Mi, 0/s, -

2026/07/14 22:08:35 INFO  : HateMM/RAC_video_archive_seeds/RAC_lr0.0001_Bz64_Ep30_cosSim_triplet_drop[0.2, 0.4, 0.1]_topK20__PseudoGold_positive_1_hard_negative_1_seed2_hybrid_loss_Qwen2.5-VL-7B-Instruct_HF/ckpt/epoch_model_20_0.8317757009345794.pt: Copied (new)
2026/07/14 22:08:35 INFO  : HateMM/RAC_video_archive_seeds/RAC_lr0.0001_Bz64_Ep30_cosSim_triplet_drop[0.2, 0.4, 0.1]_topK20__PseudoGold_positive_1_hard_negative_1_seed2_hybrid_loss_Qwen2.5-VL-7B-Instruct_HF/ckpt/epoch_model_1_0.7476635514018691.pt: Copied (new)
2026/07/14 22:08:36 INFO  : HateMM/RAC_video_archive_seeds/RAC_lr0.0001_Bz64_Ep30_cosSim_triplet_drop[0.2, 0.4, 0.1]_topK20__PseudoGold_positive_1_hard_negative_1_seed2_hybrid_loss_Qwen2.5-VL-7B-Instruct_HF/ckpt/epoch_model_21_0.8037383177570093.pt: Copied (new)
2026/07/14 22:08:37 INFO  : HateMM/RAC_video_archive_seeds/RAC_lr0.0001_Bz64_Ep30_cosSim_triplet_drop[0.2, 0.4, 0.1]_topK20__PseudoGold_positive_1_hard_negative_1_seed2_hybrid_loss_Qwen2.5-VL-7B-Instruct_HF/ckpt/epoch_model_18_0.8317757009345794.pt: Copied (new)
2026/07/14 22:08:38 INFO  : HateMM/RAC_video_archive_seeds/RAC_lr0.0001_Bz64_Ep30_cosSim_triplet_drop[0.2, 0.4, 0.1]_topK20__PseudoGold_positive_1_hard_negative_1_seed2_hybrid_loss_Qwen2.5-VL-7B-Instruct_HF/ckpt/epoch_model_25_0.8130841121495327.pt: Copied (new)
2026/07/14 22:08:38 INFO  : HateMM/RAC_video_archive_seeds/RAC_lr0.0001_Bz64_Ep30_cosSim_triplet_drop[0.2, 0.4, 0.1]_topK20__PseudoGold_positive_1_hard_negative_1_seed2_hybrid_loss_Qwen2.5-VL-7B-Instruct_HF/ckpt/epoch_model_26_0.822429906542056.pt: Copied (new)
2026/07/14 22:08:39 INFO  : HateMM/RAC_video_archive_seeds/RAC_lr0.0001_Bz64_Ep30_cosSim_triplet_drop[0.2, 0.4, 0.1]_topK20__PseudoGold_positive_1_hard_negative_1_seed2_hybrid_loss_Qwen2.5-VL-7B-Instruct_HF/ckpt/epoch_model_27_0.8317757009345794.pt: Copied (new)
2026/07/14 22:08:39 INFO  : HateMM/RAC_video_archive_seeds/RAC_lr0.0001_Bz64_Ep30_cosSim_triplet_drop[0.2, 0.4, 0.1]_topK20__PseudoGold_positive_1_hard_negative_1_seed2_hybrid_loss_Qwen2.5-VL-7B-Instruct_HF/ckpt/epoch_model_22_0.822429906542056.pt: Copied (new)
2026/07/14 22:08:40 INFO  : HateMM/RAC_video_archive_seeds/RAC_lr0.0001_Bz64_Ep30_cosSim_triplet_drop[0.2, 0.4, 0.1]_topK20__PseudoGold_positive_1_hard_negative_1_seed2_hybrid_loss_Qwen2.5-VL-7B-Instruct_HF/ckpt/epoch_model_28_0.822429906542056.pt: Copied (new)
2026/07/14 22:08:41 INFO  : HateMM/RAC_video_archive_seeds/RAC_lr0.0001_Bz64_Ep30_cosSim_triplet_drop[0.2, 0.4, 0.1]_topK20__PseudoGold_positive_1_hard_negative_1_seed2_hybrid_loss_Qwen2.5-VL-7B-Instruct_HF/ckpt/epoch_model_23_0.8411214953271028.pt: Copied (new)
2026/07/14 22:08:41 INFO  : HateMM/RAC_video_archive_seeds/RAC_lr0.0001_Bz64_Ep30_cosSim_triplet_drop[0.2, 0.4, 0.1]_topK20__PseudoGold_positive_1_hard_negative_1_seed2_hybrid_loss_Qwen2.5-VL-7B-Instruct_HF/ckpt/epoch_model_3_0.794392523364486.pt: Copied (new)
2026/07/14 22:08:42 INFO  : HateMM/RAC_video_archive_seeds/RAC_lr0.0001_Bz64_Ep30_cosSim_triplet_drop[0.2, 0.4, 0.1]_topK20__PseudoGold_positive_1_hard_negative_1_seed2_hybrid_loss_Qwen2.5-VL-7B-Instruct_HF/ckpt/epoch_model_2_0.8130841121495327.pt: Copied (new)
2026/07/14 22:08:43 INFO  : HateMM/RAC_video_archive_seeds/RAC_lr0.0001_Bz64_Ep30_cosSim_triplet_drop[0.2, 0.4, 0.1]_topK20__PseudoGold_positive_1_hard_negative_1_seed2_hybrid_loss_Qwen2.5-VL-7B-Instruct_HF/ckpt/epoch_model_24_0.8037383177570093.pt: Copied (new)
2026/07/14 22:08:44 INFO  : HateMM/RAC_video_archive_seeds/RAC_lr0.0001_Bz64_Ep30_cosSim_triplet_drop[0.2, 0.4, 0.1]_topK20__PseudoGold_positive_1_hard_negative_1_seed2_hybrid_loss_Qwen2.5-VL-7B-Instruct_HF/ckpt/epoch_model_6_0.7663551401869159.pt: Copied (new)
2026/07/14 22:08:45 INFO  : HateMM/RAC_video_archive_seeds/RAC_lr0.0001_Bz64_Ep30_cosSim_triplet_drop[0.2, 0.4, 0.1]_topK20__PseudoGold_positive_1_hard_negative_1_seed2_hybrid_loss_Qwen2.5-VL-7B-Instruct_HF/ckpt/epoch_model_4_0.794392523364486.pt: Copied (new)
2026/07/14 22:08:45 INFO  : HateMM/RAC_video_archive_seeds/RAC_lr0.0001_Bz64_Ep30_cosSim_triplet_drop[0.2, 0.4, 0.1]_topK20__PseudoGold_positive_1_hard_negative_1_seed2_hybrid_loss_Qwen2.5-VL-7B-Instruct_HF/ckpt/epoch_model_5_0.7850467289719626.pt: Copied (new)
2026/07/14 22:08:46 INFO  : HateMM/RAC_video_archive_seeds/RAC_lr0.0001_Bz64_Ep30_cosSim_triplet_drop[0.2, 0.4, 0.1]_topK20__PseudoGold_positive_1_hard_negative_1_seed2_hybrid_loss_Qwen2.5-VL-7B-Instruct_HF/ckpt/epoch_model_9_0.794392523364486.pt: Copied (new)
2026/07/14 22:08:46 INFO  : HateMM/RAC_video_archive_seeds/RAC_lr0.0001_Bz64_Ep30_cosSim_triplet_drop[0.2, 0.4, 0.1]_topK20__PseudoGold_positive_1_hard_negative_1_seed2_hybrid_loss_Qwen2.5-VL-7B-Instruct_HF/ckpt/epoch_model_8_0.8037383177570093.pt: Copied (new)
2026/07/14 22:08:46 INFO  : HateMM/RAC_video_archive_seeds/RAC_lr0.0001_Bz64_Ep30_cosSim_triplet_drop[0.2, 0.4, 0.1]_topK20__PseudoGold_positive_1_hard_negative_1_seed2_hybrid_loss_Qwen2.5-VL-7B-Instruct_HF/ckpt/last_model_29_0.8504672897196262.pt: Copied (new)
2026/07/14 22:08:47 INFO  : HateMM/RAC_video_archive_seeds/RAC_lr0.0001_Bz64_Ep30_cosSim_triplet_drop[0.2, 0.4, 0.1]_topK20__PseudoGold_positive_1_hard_negative_1_seed2_hybrid_loss_Qwen2.5-VL-7B-Instruct_HF/ckpt/epoch_model_29_0.8504672897196262.pt: Copied (new)
2026/07/14 22:08:49 INFO  : MHC_zh/RAC_video_archive_seeds/RAC_lr0.0001_Bz64_Ep30_cosSim_triplet_drop[0.2, 0.4, 0.1]_topK20__PseudoGold_positive_1_hard_negative_1_seed2_hybrid_loss_Qwen2.5-VL-32B-Instruct_HF/ckpt/epoch_model_28_0.8205128205128205.pt: Copied (new)
2026/07/14 22:08:50 INFO  : MHC_zh/RAC_video_archive_seeds/RAC_lr0.0001_Bz64_Ep30_cosSim_triplet_drop[0.2, 0.4, 0.1]_topK20__PseudoGold_positive_1_hard_negative_1_seed2_hybrid_loss_Qwen2.5-VL-32B-Instruct_HF/ckpt/epoch_model_3_0.7948717948717948.pt: Copied (new)
2026/07/14 22:08:50 INFO  : MHC_zh/RAC_video_archive_seeds/RAC_lr0.0001_Bz64_Ep30_cosSim_triplet_drop[0.2, 0.4, 0.1]_topK20__PseudoGold_positive_1_hard_negative_1_seed2_hybrid_loss_Qwen2.5-VL-32B-Instruct_HF/ckpt/epoch_model_4_0.7948717948717948.pt: Copied (new)
2026/07/14 22:08:51 INFO  : MHC_zh/RAC_video_archive_seeds/RAC_lr0.0001_Bz64_Ep30_cosSim_triplet_drop[0.2, 0.4, 0.1]_topK20__PseudoGold_positive_1_hard_negative_1_seed2_hybrid_loss_Qwen2.5-VL-32B-Instruct_HF/ckpt/epoch_model_5_0.8076923076923077.pt: Copied (new)
2026/07/14 22:08:51 INFO  : MHC_zh/RAC_video_archive_seeds/RAC_lr0.0001_Bz64_Ep30_cosSim_triplet_drop[0.2, 0.4, 0.1]_topK20__PseudoGold_positive_1_hard_negative_1_seed2_hybrid_loss_Qwen2.5-VL-32B-Instruct_HF/ckpt/epoch_model_29_0.7692307692307693.pt: Copied (new)
2026/07/14 22:08:52 INFO  : MHC_zh/RAC_video_archive_seeds/RAC_lr0.0001_Bz64_Ep30_cosSim_triplet_drop[0.2, 0.4, 0.1]_topK20__PseudoGold_positive_1_hard_negative_1_seed2_hybrid_loss_Qwen2.5-VL-32B-Instruct_HF/ckpt/epoch_model_2_0.782051282051282.pt: Copied (new)
2026/07/14 22:08:53 INFO  : HateMM/RAC_video_archive_seeds/RAC_lr0.0001_Bz64_Ep30_cosSim_triplet_drop[0.2, 0.4, 0.1]_topK20__PseudoGold_positive_1_hard_negative_1_seed2_hybrid_loss_Qwen2.5-VL-7B-Instruct_HF/ckpt/epoch_model_7_0.7757009345794392.pt: Copied (new)
2026/07/14 22:08:54 INFO  : MHC_zh/RAC_video_archive_seeds/RAC_lr0.0001_Bz64_Ep30_cosSim_triplet_drop[0.2, 0.4, 0.1]_topK20__PseudoGold_positive_1_hard_negative_1_seed2_hybrid_loss_Qwen2.5-VL-32B-Instruct_HF/ckpt/epoch_model_7_0.8333333333333334.pt: Copied (new)
2026/07/14 22:08:55 INFO  : MHC_zh/RAC_video_archive_seeds/RAC_lr0.0001_Bz64_Ep30_cosSim_triplet_drop[0.2, 0.4, 0.1]_topK20__PseudoGold_positive_1_hard_negative_1_seed2_hybrid_loss_Qwen2.5-VL-32B-Instruct_HF/ckpt/epoch_model_9_0.8205128205128205.pt: Copied (new)
2026/07/14 22:08:55 INFO  : MHC_zh/RAC_video_archive_seeds/RAC_lr0.0001_Bz64_Ep30_cosSim_triplet_drop[0.2, 0.4, 0.1]_topK20__PseudoGold_positive_1_hard_negative_1_seed2_hybrid_loss_Qwen2.5-VL-32B-Instruct_HF/ckpt/epoch_model_8_0.8205128205128205.pt: Copied (new)
2026/07/14 22:08:57 INFO  : MHC_zh/RAC_video_archive_seeds/RAC_lr0.0001_Bz64_Ep30_cosSim_triplet_drop[0.2, 0.4, 0.1]_topK20__PseudoGold_positive_1_hard_negative_1_seed2_hybrid_loss_Qwen2.5-VL-32B-Instruct_HF/ckpt/last_model_29_0.7692307692307693.pt: Copied (new)
2026/07/14 22:08:58 INFO  : HateMM/RAC_video_archive_seeds/RAC_lr0.0001_Bz64_Ep30_cosSim_triplet_drop[0.2, 0.4, 0.1]_topK20__PseudoGold_positive_1_hard_negative_1_seed1_hybrid_loss_Qwen2.5-VL-32B-Instruct_HF/ckpt/best_model_10_0.822429906542056.pt: Copied (new)
2026/07/14 22:08:59 INFO  : HateMM/RAC_video_archive_seeds/RAC_lr0.0001_Bz64_Ep30_cosSim_triplet_drop[0.2, 0.4, 0.1]_topK20__PseudoGold_positive_1_hard_negative_1_seed1_hybrid_loss_Qwen2.5-VL-32B-Instruct_HF/ckpt/best_model_13_0.822429906542056.pt: Copied (new)
2026/07/14 22:08:59 INFO  : HateMM/RAC_video_archive_seeds/RAC_lr0.0001_Bz64_Ep30_cosSim_triplet_drop[0.2, 0.4, 0.1]_topK20__PseudoGold_positive_1_hard_negative_1_seed1_hybrid_loss_Qwen2.5-VL-32B-Instruct_HF/ckpt/best_model_24_0.8317757009345794.pt: Copied (new)
2026/07/14 22:08:59 INFO  : HateMM/RAC_video_archive_seeds/RAC_lr0.0001_Bz64_Ep30_cosSim_triplet_drop[0.2, 0.4, 0.1]_topK20__PseudoGold_positive_1_hard_negative_1_seed1_hybrid_loss_Qwen2.5-VL-32B-Instruct_HF/ckpt/best_model_26_0.8411214953271028.pt: Copied (new)
2026/07/14 22:09:00 INFO  : HateMM/RAC_video_archive_seeds/RAC_lr0.0001_Bz64_Ep30_cosSim_triplet_drop[0.2, 0.4, 0.1]_topK20__PseudoGold_positive_1_hard_negative_1_seed1_hybrid_loss_Qwen2.5-VL-32B-Instruct_HF/ckpt/best_model_5_0.8130841121495327.pt: Copied (new)
2026/07/14 22:09:02 INFO  : HateMM/RAC_video_archive_seeds/RAC_lr0.0001_Bz64_Ep30_cosSim_triplet_drop[0.2, 0.4, 0.1]_topK20__PseudoGold_positive_1_hard_negative_1_seed1_hybrid_loss_Qwen2.5-VL-32B-Instruct_HF/ckpt/epoch_model_0_0.8130841121495327.pt: Copied (new)
2026/07/14 22:09:03 INFO  : MHC_zh/RAC_video_archive_seeds/RAC_lr0.0001_Bz64_Ep30_cosSim_triplet_drop[0.2, 0.4, 0.1]_topK20__PseudoGold_positive_1_hard_negative_1_seed2_hybrid_loss_Qwen2.5-VL-32B-Instruct_HF/ckpt/epoch_model_6_0.8461538461538461.pt: Copied (new)
2026/07/14 22:09:03 INFO  : HateMM/RAC_video_archive_seeds/RAC_lr0.0001_Bz64_Ep30_cosSim_triplet_drop[0.2, 0.4, 0.1]_topK20__PseudoGold_positive_1_hard_negative_1_seed1_hybrid_loss_Qwen2.5-VL-32B-Instruct_HF/ckpt/best_model_16_0.8317757009345794.pt: Copied (new)
2026/07/14 22:09:03 INFO  : HateMM/RAC_video_archive_seeds/RAC_lr0.0001_Bz64_Ep30_cosSim_triplet_drop[0.2, 0.4, 0.1]_topK20__PseudoGold_positive_1_hard_negative_1_seed1_hybrid_loss_Qwen2.5-VL-32B-Instruct_HF/ckpt/epoch_model_10_0.822429906542056.pt: Copied (new)
2026/07/14 22:09:04 INFO  : HateMM/RAC_video_archive_seeds/RAC_lr0.0001_Bz64_Ep30_cosSim_triplet_drop[0.2, 0.4, 0.1]_topK20__PseudoGold_positive_1_hard_negative_1_seed1_hybrid_loss_Qwen2.5-VL-32B-Instruct_HF/ckpt/epoch_model_12_0.7757009345794392.pt: Copied (new)
2026/07/14 22:09:05 INFO  : HateMM/RAC_video_archive_seeds/RAC_lr0.0001_Bz64_Ep30_cosSim_triplet_drop[0.2, 0.4, 0.1]_topK20__PseudoGold_positive_1_hard_negative_1_seed1_hybrid_loss_Qwen2.5-VL-32B-Instruct_HF/ckpt/epoch_model_14_0.794392523364486.pt: Copied (new)
2026/07/14 22:09:06 INFO  : HateMM/RAC_video_archive_seeds/RAC_lr0.0001_Bz64_Ep30_cosSim_triplet_drop[0.2, 0.4, 0.1]_topK20__PseudoGold_positive_1_hard_negative_1_seed1_hybrid_loss_Qwen2.5-VL-32B-Instruct_HF/ckpt/epoch_model_13_0.822429906542056.pt: Copied (new)
2026/07/14 22:09:07 INFO  : HateMM/RAC_video_archive_seeds/RAC_lr0.0001_Bz64_Ep30_cosSim_triplet_drop[0.2, 0.4, 0.1]_topK20__PseudoGold_positive_1_hard_negative_1_seed1_hybrid_loss_Qwen2.5-VL-32B-Instruct_HF/ckpt/epoch_model_11_0.8037383177570093.pt: Copied (new)
2026/07/14 22:09:07 INFO  : HateMM/RAC_video_archive_seeds/RAC_lr0.0001_Bz64_Ep30_cosSim_triplet_drop[0.2, 0.4, 0.1]_topK20__PseudoGold_positive_1_hard_negative_1_seed1_hybrid_loss_Qwen2.5-VL-32B-Instruct_HF/ckpt/epoch_model_15_0.822429906542056.pt: Copied (new)
2026/07/14 22:09:09 INFO  : HateMM/RAC_video_archive_seeds/RAC_lr0.0001_Bz64_Ep30_cosSim_triplet_drop[0.2, 0.4, 0.1]_topK20__PseudoGold_positive_1_hard_negative_1_seed1_hybrid_loss_Qwen2.5-VL-32B-Instruct_HF/ckpt/epoch_model_18_0.8037383177570093.pt: Copied (new)
2026/07/14 22:09:09 INFO  : HateMM/RAC_video_archive_seeds/RAC_lr0.0001_Bz64_Ep30_cosSim_triplet_drop[0.2, 0.4, 0.1]_topK20__PseudoGold_positive_1_hard_negative_1_seed1_hybrid_loss_Qwen2.5-VL-32B-Instruct_HF/ckpt/epoch_model_19_0.8037383177570093.pt: Copied (new)
2026/07/14 22:09:10 INFO  : HateMM/RAC_video_archive_seeds/RAC_lr0.0001_Bz64_Ep30_cosSim_triplet_drop[0.2, 0.4, 0.1]_topK20__PseudoGold_positive_1_hard_negative_1_seed1_hybrid_loss_Qwen2.5-VL-32B-Instruct_HF/ckpt/epoch_model_17_0.8130841121495327.pt: Copied (new)
2026/07/14 22:09:10 INFO  : HateMM/RAC_video_archive_seeds/RAC_lr0.0001_Bz64_Ep30_cosSim_triplet_drop[0.2, 0.4, 0.1]_topK20__PseudoGold_positive_1_hard_negative_1_seed1_hybrid_loss_Qwen2.5-VL-32B-Instruct_HF/ckpt/epoch_model_20_0.8317757009345794.pt: Copied (new)
2026/07/14 22:09:10 INFO  : HateMM/RAC_video_archive_seeds/RAC_lr0.0001_Bz64_Ep30_cosSim_triplet_drop[0.2, 0.4, 0.1]_topK20__PseudoGold_positive_1_hard_negative_1_seed1_hybrid_loss_Qwen2.5-VL-32B-Instruct_HF/ckpt/epoch_model_1_0.7850467289719626.pt: Copied (new)
2026/07/14 22:09:12 INFO  : HateMM/RAC_video_archive_seeds/RAC_lr0.0001_Bz64_Ep30_cosSim_triplet_drop[0.2, 0.4, 0.1]_topK20__PseudoGold_positive_1_hard_negative_1_seed1_hybrid_loss_Qwen2.5-VL-32B-Instruct_HF/ckpt/epoch_model_22_0.822429906542056.pt: Copied (new)
2026/07/14 22:09:14 INFO  : HateMM/RAC_video_archive_seeds/RAC_lr0.0001_Bz64_Ep30_cosSim_triplet_drop[0.2, 0.4, 0.1]_topK20__PseudoGold_positive_1_hard_negative_1_seed1_hybrid_loss_Qwen2.5-VL-32B-Instruct_HF/ckpt/epoch_model_21_0.8130841121495327.pt: Copied (new)
2026/07/14 22:09:14 INFO  : HateMM/RAC_video_archive_seeds/RAC_lr0.0001_Bz64_Ep30_cosSim_triplet_drop[0.2, 0.4, 0.1]_topK20__PseudoGold_positive_1_hard_negative_1_seed1_hybrid_loss_Qwen2.5-VL-32B-Instruct_HF/ckpt/epoch_model_23_0.8130841121495327.pt: Copied (new)
2026/07/14 22:09:14 INFO  : HateMM/RAC_video_archive_seeds/RAC_lr0.0001_Bz64_Ep30_cosSim_triplet_drop[0.2, 0.4, 0.1]_topK20__PseudoGold_positive_1_hard_negative_1_seed1_hybrid_loss_Qwen2.5-VL-32B-Instruct_HF/ckpt/epoch_model_24_0.8317757009345794.pt: Copied (new)
2026/07/14 22:09:14 INFO  : HateMM/RAC_video_archive_seeds/RAC_lr0.0001_Bz64_Ep30_cosSim_triplet_drop[0.2, 0.4, 0.1]_topK20__PseudoGold_positive_1_hard_negative_1_seed1_hybrid_loss_Qwen2.5-VL-32B-Instruct_HF/ckpt/epoch_model_27_0.8411214953271028.pt: Copied (new)
2026/07/14 22:09:15 INFO  : HateMM/RAC_video_archive_seeds/RAC_lr0.0001_Bz64_Ep30_cosSim_triplet_drop[0.2, 0.4, 0.1]_topK20__PseudoGold_positive_1_hard_negative_1_seed1_hybrid_loss_Qwen2.5-VL-32B-Instruct_HF/ckpt/epoch_model_25_0.8130841121495327.pt: Copied (new)
2026/07/14 22:09:17 INFO  : HateMM/RAC_video_archive_seeds/RAC_lr0.0001_Bz64_Ep30_cosSim_triplet_drop[0.2, 0.4, 0.1]_topK20__PseudoGold_positive_1_hard_negative_1_seed1_hybrid_loss_Qwen2.5-VL-32B-Instruct_HF/ckpt/epoch_model_26_0.8411214953271028.pt: Copied (new)
2026/07/14 22:09:18 INFO  : HateMM/RAC_video_archive_seeds/RAC_lr0.0001_Bz64_Ep30_cosSim_triplet_drop[0.2, 0.4, 0.1]_topK20__PseudoGold_positive_1_hard_negative_1_seed1_hybrid_loss_Qwen2.5-VL-32B-Instruct_HF/ckpt/epoch_model_28_0.8317757009345794.pt: Copied (new)
2026/07/14 22:09:19 INFO  : HateMM/RAC_video_archive_seeds/RAC_lr0.0001_Bz64_Ep30_cosSim_triplet_drop[0.2, 0.4, 0.1]_topK20__PseudoGold_positive_1_hard_negative_1_seed1_hybrid_loss_Qwen2.5-VL-32B-Instruct_HF/ckpt/epoch_model_4_0.7757009345794392.pt: Copied (new)
2026/07/14 22:09:19 INFO  : HateMM/RAC_video_archive_seeds/RAC_lr0.0001_Bz64_Ep30_cosSim_triplet_drop[0.2, 0.4, 0.1]_topK20__PseudoGold_positive_1_hard_negative_1_seed1_hybrid_loss_Qwen2.5-VL-32B-Instruct_HF/ckpt/epoch_model_3_0.794392523364486.pt: Copied (new)
2026/07/14 22:09:19 INFO  : HateMM/RAC_video_archive_seeds/RAC_lr0.0001_Bz64_Ep30_cosSim_triplet_drop[0.2, 0.4, 0.1]_topK20__PseudoGold_positive_1_hard_negative_1_seed1_hybrid_loss_Qwen2.5-VL-32B-Instruct_HF/ckpt/epoch_model_29_0.8317757009345794.pt: Copied (new)
2026/07/14 22:09:20 INFO  : HateMM/RAC_video_archive_seeds/RAC_lr0.0001_Bz64_Ep30_cosSim_triplet_drop[0.2, 0.4, 0.1]_topK20__PseudoGold_positive_1_hard_negative_1_seed1_hybrid_loss_Qwen2.5-VL-32B-Instruct_HF/ckpt/epoch_model_2_0.8037383177570093.pt: Copied (new)
2026/07/14 22:09:20 INFO  : HateMM/RAC_video_archive_seeds/RAC_lr0.0001_Bz64_Ep30_cosSim_triplet_drop[0.2, 0.4, 0.1]_topK20__PseudoGold_positive_1_hard_negative_1_seed1_hybrid_loss_Qwen2.5-VL-32B-Instruct_HF/ckpt/epoch_model_5_0.8130841121495327.pt: Copied (new)
2026/07/14 22:09:22 INFO  : MHC/RAC_video_archive_seeds/RAC_lr0.0001_Bz64_Ep30_cosSim_triplet_drop[0.2, 0.4, 0.1]_topK20__PseudoGold_positive_1_hard_negative_1_seed0_hybrid_loss_openai_clip-vit-large-patch14-336_HF/ckpt/epoch_model_11_0.7125.pt: Copied (new)
2026/07/14 22:09:22 INFO  : HateMM/RAC_video_archive_seeds/RAC_lr0.0001_Bz64_Ep30_cosSim_triplet_drop[0.2, 0.4, 0.1]_topK20__PseudoGold_positive_1_hard_negative_1_seed1_hybrid_loss_Qwen2.5-VL-32B-Instruct_HF/ckpt/epoch_model_6_0.7850467289719626.pt: Copied (new)
2026/07/14 22:09:22 INFO  : MHC/RAC_video_archive_seeds/RAC_lr0.0001_Bz64_Ep30_cosSim_triplet_drop[0.2, 0.4, 0.1]_topK20__PseudoGold_positive_1_hard_negative_1_seed0_hybrid_loss_openai_clip-vit-large-patch14-336_HF/ckpt/epoch_model_10_0.725.pt: Copied (new)
2026/07/14 22:09:23 INFO  : MHC/RAC_video_archive_seeds/RAC_lr0.0001_Bz64_Ep30_cosSim_triplet_drop[0.2, 0.4, 0.1]_topK20__PseudoGold_positive_1_hard_negative_1_seed0_hybrid_loss_openai_clip-vit-large-patch14-336_HF/ckpt/epoch_model_13_0.7.pt: Copied (new)
2026/07/14 22:09:24 INFO  : HateMM/RAC_video_archive_seeds/RAC_lr0.0001_Bz64_Ep30_cosSim_triplet_drop[0.2, 0.4, 0.1]_topK20__PseudoGold_positive_1_hard_negative_1_seed1_hybrid_loss_Qwen2.5-VL-32B-Instruct_HF/ckpt/epoch_model_16_0.8317757009345794.pt: Copied (new)
2026/07/14 22:09:25 INFO  : HateMM/RAC_video_archive_seeds/RAC_lr0.0001_Bz64_Ep30_cosSim_triplet_drop[0.2, 0.4, 0.1]_topK20__PseudoGold_positive_1_hard_negative_1_seed1_hybrid_loss_Qwen2.5-VL-32B-Instruct_HF/ckpt/epoch_model_9_0.7757009345794392.pt: Copied (new)
2026/07/14 22:09:25 INFO  : MHC/RAC_video_archive_seeds/RAC_lr0.0001_Bz64_Ep30_cosSim_triplet_drop[0.2, 0.4, 0.1]_topK20__PseudoGold_positive_1_hard_negative_1_seed0_hybrid_loss_openai_clip-vit-large-patch14-336_HF/ckpt/epoch_model_12_0.725.pt: Copied (new)
2026/07/14 22:09:25 INFO  : HateMM/RAC_video_archive_seeds/RAC_lr0.0001_Bz64_Ep30_cosSim_triplet_drop[0.2, 0.4, 0.1]_topK20__PseudoGold_positive_1_hard_negative_1_seed1_hybrid_loss_Qwen2.5-VL-32B-Instruct_HF/ckpt/epoch_model_7_0.794392523364486.pt: Copied (new)
2026/07/14 22:09:25 INFO  : MHC/RAC_video_archive_seeds/RAC_lr0.0001_Bz64_Ep30_cosSim_triplet_drop[0.2, 0.4, 0.1]_topK20__PseudoGold_positive_1_hard_negative_1_seed0_hybrid_loss_openai_clip-vit-large-patch14-336_HF/ckpt/epoch_model_15_0.725.pt: Copied (new)
2026/07/14 22:09:25 INFO  : MHC/RAC_video_archive_seeds/RAC_lr0.0001_Bz64_Ep30_cosSim_triplet_drop[0.2, 0.4, 0.1]_topK20__PseudoGold_positive_1_hard_negative_1_seed0_hybrid_loss_openai_clip-vit-large-patch14-336_HF/ckpt/epoch_model_14_0.6875.pt: Copied (new)
2026/07/14 22:09:26 INFO  : HateMM/RAC_video_archive_seeds/RAC_lr0.0001_Bz64_Ep30_cosSim_triplet_drop[0.2, 0.4, 0.1]_topK20__PseudoGold_positive_1_hard_negative_1_seed1_hybrid_loss_Qwen2.5-VL-32B-Instruct_HF/ckpt/epoch_model_8_0.7850467289719626.pt: Copied (new)
2026/07/14 22:09:27 INFO  : MHC/RAC_video_archive_seeds/RAC_lr0.0001_Bz64_Ep30_cosSim_triplet_drop[0.2, 0.4, 0.1]_topK20__PseudoGold_positive_1_hard_negative_1_seed0_hybrid_loss_openai_clip-vit-large-patch14-336_HF/ckpt/epoch_model_1_0.6375.pt: Copied (new)
2026/07/14 22:09:27 INFO  : MHC/RAC_video_archive_seeds/RAC_lr0.0001_Bz64_Ep30_cosSim_triplet_drop[0.2, 0.4, 0.1]_topK20__PseudoGold_positive_1_hard_negative_1_seed0_hybrid_loss_openai_clip-vit-large-patch14-336_HF/ckpt/epoch_model_16_0.7.pt: Copied (new)
2026/07/14 22:09:27 INFO  : MHC/RAC_video_archive_seeds/RAC_lr0.0001_Bz64_Ep30_cosSim_triplet_drop[0.2, 0.4, 0.1]_topK20__PseudoGold_positive_1_hard_negative_1_seed0_hybrid_loss_openai_clip-vit-large-patch14-336_HF/ckpt/epoch_model_19_0.75.pt: Copied (new)
2026/07/14 22:09:27 INFO  : MHC/RAC_video_archive_seeds/RAC_lr0.0001_Bz64_Ep30_cosSim_triplet_drop[0.2, 0.4, 0.1]_topK20__PseudoGold_positive_1_hard_negative_1_seed0_hybrid_loss_openai_clip-vit-large-patch14-336_HF/ckpt/epoch_model_18_0.75.pt: Copied (new)
2026/07/14 22:09:27 INFO  : MHC/RAC_video_archive_seeds/RAC_lr0.0001_Bz64_Ep30_cosSim_triplet_drop[0.2, 0.4, 0.1]_topK20__PseudoGold_positive_1_hard_negative_1_seed0_hybrid_loss_openai_clip-vit-large-patch14-336_HF/ckpt/epoch_model_17_0.725.pt: Copied (new)
2026/07/14 22:09:29 INFO  : MHC/RAC_video_archive_seeds/RAC_lr0.0001_Bz64_Ep30_cosSim_triplet_drop[0.2, 0.4, 0.1]_topK20__PseudoGold_positive_1_hard_negative_1_seed0_hybrid_loss_openai_clip-vit-large-patch14-336_HF/ckpt/epoch_model_22_0.75.pt: Copied (new)
2026/07/14 22:09:29 INFO  : MHC/RAC_video_archive_seeds/RAC_lr0.0001_Bz64_Ep30_cosSim_triplet_drop[0.2, 0.4, 0.1]_topK20__PseudoGold_positive_1_hard_negative_1_seed0_hybrid_loss_openai_clip-vit-large-patch14-336_HF/ckpt/epoch_model_20_0.7375.pt: Copied (new)
2026/07/14 22:09:29 INFO  : MHC/RAC_video_archive_seeds/RAC_lr0.0001_Bz64_Ep30_cosSim_triplet_drop[0.2, 0.4, 0.1]_topK20__PseudoGold_positive_1_hard_negative_1_seed0_hybrid_loss_openai_clip-vit-large-patch14-336_HF/ckpt/epoch_model_21_0.725.pt: Copied (new)
2026/07/14 22:09:30 INFO  : MHC/RAC_video_archive_seeds/RAC_lr0.0001_Bz64_Ep30_cosSim_triplet_drop[0.2, 0.4, 0.1]_topK20__PseudoGold_positive_1_hard_negative_1_seed0_hybrid_loss_openai_clip-vit-large-patch14-336_HF/ckpt/epoch_model_26_0.75.pt: Copied (new)
2026/07/14 22:09:30 INFO  : MHC/RAC_video_archive_seeds/RAC_lr0.0001_Bz64_Ep30_cosSim_triplet_drop[0.2, 0.4, 0.1]_topK20__PseudoGold_positive_1_hard_negative_1_seed0_hybrid_loss_openai_clip-vit-large-patch14-336_HF/ckpt/epoch_model_24_0.7375.pt: Copied (new)
2026/07/14 22:09:30 INFO  : MHC/RAC_video_archive_seeds/RAC_lr0.0001_Bz64_Ep30_cosSim_triplet_drop[0.2, 0.4, 0.1]_topK20__PseudoGold_positive_1_hard_negative_1_seed0_hybrid_loss_openai_clip-vit-large-patch14-336_HF/ckpt/epoch_model_23_0.75.pt: Copied (new)
2026/07/14 22:09:30 INFO  : MHC/RAC_video_archive_seeds/RAC_lr0.0001_Bz64_Ep30_cosSim_triplet_drop[0.2, 0.4, 0.1]_topK20__PseudoGold_positive_1_hard_negative_1_seed0_hybrid_loss_openai_clip-vit-large-patch14-336_HF/ckpt/epoch_model_27_0.7375.pt: Copied (new)
2026/07/14 22:09:31 INFO  : MHC/RAC_video_archive_seeds/RAC_lr0.0001_Bz64_Ep30_cosSim_triplet_drop[0.2, 0.4, 0.1]_topK20__PseudoGold_positive_1_hard_negative_1_seed0_hybrid_loss_openai_clip-vit-large-patch14-336_HF/ckpt/epoch_model_29_0.7375.pt: Copied (new)
2026/07/14 22:09:32 INFO  : MHC/RAC_video_archive_seeds/RAC_lr0.0001_Bz64_Ep30_cosSim_triplet_drop[0.2, 0.4, 0.1]_topK20__PseudoGold_positive_1_hard_negative_1_seed0_hybrid_loss_openai_clip-vit-large-patch14-336_HF/ckpt/epoch_model_28_0.7375.pt: Copied (new)
2026/07/14 22:09:32 INFO  : MHC/RAC_video_archive_seeds/RAC_lr0.0001_Bz64_Ep30_cosSim_triplet_drop[0.2, 0.4, 0.1]_topK20__PseudoGold_positive_1_hard_negative_1_seed0_hybrid_loss_openai_clip-vit-large-patch14-336_HF/ckpt/epoch_model_5_0.6875.pt: Copied (new)
2026/07/14 22:09:32 INFO  : MHC/RAC_video_archive_seeds/RAC_lr0.0001_Bz64_Ep30_cosSim_triplet_drop[0.2, 0.4, 0.1]_topK20__PseudoGold_positive_1_hard_negative_1_seed0_hybrid_loss_openai_clip-vit-large-patch14-336_HF/ckpt/epoch_model_25_0.7375.pt: Copied (new)
2026/07/14 22:09:32 INFO  : MHC/RAC_video_archive_seeds/RAC_lr0.0001_Bz64_Ep30_cosSim_triplet_drop[0.2, 0.4, 0.1]_topK20__PseudoGold_positive_1_hard_negative_1_seed0_hybrid_loss_openai_clip-vit-large-patch14-336_HF/ckpt/epoch_model_3_0.675.pt: Copied (new)
2026/07/14 22:09:33 INFO  : MHC/RAC_video_archive_seeds/RAC_lr0.0001_Bz64_Ep30_cosSim_triplet_drop[0.2, 0.4, 0.1]_topK20__PseudoGold_positive_1_hard_negative_1_seed0_hybrid_loss_openai_clip-vit-large-patch14-336_HF/ckpt/epoch_model_2_0.7.pt: Copied (new)
2026/07/14 22:09:33 INFO  : MHC/RAC_video_archive_seeds/RAC_lr0.0001_Bz64_Ep30_cosSim_triplet_drop[0.2, 0.4, 0.1]_topK20__PseudoGold_positive_1_hard_negative_1_seed0_hybrid_loss_openai_clip-vit-large-patch14-336_HF/ckpt/epoch_model_6_0.7.pt: Copied (new)
2026/07/14 22:09:34 INFO  : MHC/RAC_video_archive_seeds/RAC_lr0.0001_Bz64_Ep30_cosSim_triplet_drop[0.2, 0.4, 0.1]_topK20__PseudoGold_positive_1_hard_negative_1_seed0_hybrid_loss_openai_clip-vit-large-patch14-336_HF/ckpt/epoch_model_8_0.75.pt: Copied (new)
2026/07/14 22:09:34 INFO  : MHC/RAC_video_archive_seeds/RAC_lr0.0001_Bz64_Ep30_cosSim_triplet_drop[0.2, 0.4, 0.1]_topK20__PseudoGold_positive_1_hard_negative_1_seed0_hybrid_loss_openai_clip-vit-large-patch14-336_HF/ckpt/epoch_model_9_0.7375.pt: Copied (new)
2026/07/14 22:09:34 INFO  : 
Transferred:   	   55.873 GiB / 60.895 GiB, 92%, 59.741 MiB/s, ETA 1m26s
Checks:                 0 / 0, -, Listed 2905
Transferred:         2064 / 2277, 91%
Elapsed time:      16m0.0s
Transferring:
 * HateMM/RAC_video_archi…_0.8317757009345794.pt:100% /52.028Mi, 3.716Mi/s, 0s
 * MHC/RAC_video_archive_…poch_model_4_0.6875.pt:100% /19.028Mi, 4.756Mi/s, 0s
 * MHC/RAC_video_archive_…t/epoch_model_7_0.7.pt:100% /19.028Mi, 9.514Mi/s, 0s
 * MHC_zh/RAC_video_archi…_0.7692307692307693.pt: 68% /40.028Mi, 14.401Mi/s, 0s
 * MHC_zh/RAC_video_archi…_0.7564102564102564.pt: 43% /40.028Mi, 10.963Mi/s, 2s
 * MHC_zh/RAC_video_archi…_0.7564102564102564.pt: 30% /40.028Mi, 11.433Mi/s, 2s
 * MHC_zh/RAC_video_archi…9_0.782051282051282.pt: 22% /40.028Mi, 0/s, -
 * MHC_zh/RAC_video_archi…_0.8076923076923077.pt: 12% /40.028Mi, 0/s, -

2026/07/14 22:09:35 INFO  : MHC/RAC_video_archive_seeds/RAC_lr0.0001_Bz64_Ep30_cosSim_triplet_drop[0.2, 0.4, 0.1]_topK20__PseudoGold_positive_1_hard_negative_1_seed0_hybrid_loss_openai_clip-vit-large-patch14-336_HF/ckpt/epoch_model_7_0.7.pt: Copied (new)
2026/07/14 22:09:35 INFO  : MHC/RAC_video_archive_seeds/RAC_lr0.0001_Bz64_Ep30_cosSim_triplet_drop[0.2, 0.4, 0.1]_topK20__PseudoGold_positive_1_hard_negative_1_seed0_hybrid_loss_openai_clip-vit-large-patch14-336_HF/ckpt/epoch_model_4_0.6875.pt: Copied (new)
2026/07/14 22:09:36 INFO  : MHC_zh/RAC_video_archive_seeds/RAC_lr0.0001_Bz64_Ep30_cosSim_triplet_drop[0.2, 0.4, 0.1]_topK20__PseudoGold_positive_1_hard_negative_1_seed2_hybrid_loss_Qwen2.5-VL-7B-Instruct_HF/ckpt/epoch_model_16_0.7692307692307693.pt: Copied (new)
2026/07/14 22:09:36 INFO  : HateMM/RAC_video_archive_seeds/RAC_lr0.0001_Bz64_Ep30_cosSim_triplet_drop[0.2, 0.4, 0.1]_topK20__PseudoGold_positive_1_hard_negative_1_seed1_hybrid_loss_Qwen2.5-VL-32B-Instruct_HF/ckpt/last_model_29_0.8317757009345794.pt: Copied (new)
2026/07/14 22:09:37 INFO  : MHC_zh/RAC_video_archive_seeds/RAC_lr0.0001_Bz64_Ep30_cosSim_triplet_drop[0.2, 0.4, 0.1]_topK20__PseudoGold_positive_1_hard_negative_1_seed2_hybrid_loss_Qwen2.5-VL-7B-Instruct_HF/ckpt/epoch_model_17_0.7564102564102564.pt: Copied (new)
2026/07/14 22:09:38 INFO  : MHC_zh/RAC_video_archive_seeds/RAC_lr0.0001_Bz64_Ep30_cosSim_triplet_drop[0.2, 0.4, 0.1]_topK20__PseudoGold_positive_1_hard_negative_1_seed2_hybrid_loss_Qwen2.5-VL-7B-Instruct_HF/ckpt/epoch_model_19_0.782051282051282.pt: Copied (new)
2026/07/14 22:09:38 INFO  : MHC_zh/RAC_video_archive_seeds/RAC_lr0.0001_Bz64_Ep30_cosSim_triplet_drop[0.2, 0.4, 0.1]_topK20__PseudoGold_positive_1_hard_negative_1_seed2_hybrid_loss_Qwen2.5-VL-7B-Instruct_HF/ckpt/epoch_model_18_0.7564102564102564.pt: Copied (new)
2026/07/14 22:09:38 INFO  : MHC_zh/RAC_video_archive_seeds/RAC_lr0.0001_Bz64_Ep30_cosSim_triplet_drop[0.2, 0.4, 0.1]_topK20__PseudoGold_positive_1_hard_negative_1_seed2_hybrid_loss_Qwen2.5-VL-7B-Instruct_HF/ckpt/epoch_model_1_0.8076923076923077.pt: Copied (new)
2026/07/14 22:09:39 INFO  : HateMM/RAC_tarc_g1/RAC_lr0.0001_Bz64_Ep30_cosSim_triplet_drop[0.2, 0.4, 0.1]_topK20__PseudoGold_positive_1_hard_negative_1_seed1_hybrid_loss_v1require_tarc-gt_oracle-hnrequire_ORACLE_CEILING/ckpt/best_model_21_0.8411214953271028.pt: Copied (new)
2026/07/14 22:09:40 INFO  : HateMM/RAC_tarc_g1/RAC_lr0.0001_Bz64_Ep30_cosSim_triplet_drop[0.2, 0.4, 0.1]_topK20__PseudoGold_positive_1_hard_negative_1_seed1_hybrid_loss_v1require_tarc-gt_oracle-hnrequire_ORACLE_CEILING/ckpt/best_model_22_0.8411214953271028.pt: Copied (new)
2026/07/14 22:09:41 INFO  : MHC_zh/RAC_video_archive_seeds/RAC_lr0.0001_Bz64_Ep30_cosSim_triplet_drop[0.2, 0.4, 0.1]_topK20__PseudoGold_positive_1_hard_negative_1_seed2_hybrid_loss_Qwen2.5-VL-7B-Instruct_HF/ckpt/epoch_model_22_0.782051282051282.pt: Copied (new)
2026/07/14 22:09:41 INFO  : MHC_zh/RAC_video_archive_seeds/RAC_lr0.0001_Bz64_Ep30_cosSim_triplet_drop[0.2, 0.4, 0.1]_topK20__PseudoGold_positive_1_hard_negative_1_seed2_hybrid_loss_Qwen2.5-VL-7B-Instruct_HF/ckpt/epoch_model_20_0.7692307692307693.pt: Copied (new)
2026/07/14 22:09:41 INFO  : HateMM/RAC_tarc_g1/RAC_lr0.0001_Bz64_Ep30_cosSim_triplet_drop[0.2, 0.4, 0.1]_topK20__PseudoGold_positive_1_hard_negative_1_seed1_hybrid_loss_v1require_tarc-gt_oracle-hnrequire_ORACLE_CEILING/ckpt/best_model_6_0.7850467289719626.pt: Copied (new)
2026/07/14 22:09:41 INFO  : HateMM/RAC_tarc_g1/RAC_lr0.0001_Bz64_Ep30_cosSim_triplet_drop[0.2, 0.4, 0.1]_topK20__PseudoGold_positive_1_hard_negative_1_seed1_hybrid_loss_v1require_tarc-gt_oracle-hnrequire_ORACLE_CEILING/ckpt/best_model_5_0.7757009345794392.pt: Copied (new)
2026/07/14 22:09:42 INFO  : HateMM/RAC_tarc_g1/RAC_lr0.0001_Bz64_Ep30_cosSim_triplet_drop[0.2, 0.4, 0.1]_topK20__PseudoGold_positive_1_hard_negative_1_seed1_hybrid_loss_v1require_tarc-gt_oracle-hnrequire_ORACLE_CEILING/ckpt/best_model_9_0.8317757009345794.pt: Copied (new)
2026/07/14 22:09:42 INFO  : MHC_zh/RAC_video_archive_seeds/RAC_lr0.0001_Bz64_Ep30_cosSim_triplet_drop[0.2, 0.4, 0.1]_topK20__PseudoGold_positive_1_hard_negative_1_seed2_hybrid_loss_Qwen2.5-VL-7B-Instruct_HF/ckpt/epoch_model_23_0.782051282051282.pt: Copied (new)
2026/07/14 22:09:43 INFO  : HateMM/RAC_tarc_g1/RAC_lr0.0001_Bz64_Ep30_cosSim_triplet_drop[0.2, 0.4, 0.1]_topK20__PseudoGold_positive_1_hard_negative_1_seed1_hybrid_loss_v1require_tarc-gt_oracle-hnrequire_ORACLE_CEILING/ckpt/epoch_model_0_0.7757009345794392.pt: Copied (new)
2026/07/14 22:09:43 INFO  : HateMM/RAC_tarc_g1/RAC_lr0.0001_Bz64_Ep30_cosSim_triplet_drop[0.2, 0.4, 0.1]_topK20__PseudoGold_positive_1_hard_negative_1_seed1_hybrid_loss_v1require_tarc-gt_oracle-hnrequire_ORACLE_CEILING/ckpt/epoch_model_11_0.794392523364486.pt: Copied (new)
2026/07/14 22:09:43 INFO  : HateMM/RAC_tarc_g1/RAC_lr0.0001_Bz64_Ep30_cosSim_triplet_drop[0.2, 0.4, 0.1]_topK20__PseudoGold_positive_1_hard_negative_1_seed1_hybrid_loss_v1require_tarc-gt_oracle-hnrequire_ORACLE_CEILING/ckpt/epoch_model_10_0.8317757009345794.pt: Copied (new)
2026/07/14 22:09:43 INFO  : HateMM/RAC_tarc_g1/RAC_lr0.0001_Bz64_Ep30_cosSim_triplet_drop[0.2, 0.4, 0.1]_topK20__PseudoGold_positive_1_hard_negative_1_seed1_hybrid_loss_v1require_tarc-gt_oracle-hnrequire_ORACLE_CEILING/ckpt/epoch_model_13_0.8130841121495327.pt: Copied (new)
2026/07/14 22:09:43 INFO  : HateMM/RAC_tarc_g1/RAC_lr0.0001_Bz64_Ep30_cosSim_triplet_drop[0.2, 0.4, 0.1]_topK20__PseudoGold_positive_1_hard_negative_1_seed1_hybrid_loss_v1require_tarc-gt_oracle-hnrequire_ORACLE_CEILING/ckpt/epoch_model_12_0.822429906542056.pt: Copied (new)
2026/07/14 22:09:44 INFO  : HateMM/RAC_tarc_g1/RAC_lr0.0001_Bz64_Ep30_cosSim_triplet_drop[0.2, 0.4, 0.1]_topK20__PseudoGold_positive_1_hard_negative_1_seed1_hybrid_loss_v1require_tarc-gt_oracle-hnrequire_ORACLE_CEILING/ckpt/best_model_8_0.8037383177570093.pt: Copied (new)
2026/07/14 22:09:45 INFO  : HateMM/RAC_tarc_g1/RAC_lr0.0001_Bz64_Ep30_cosSim_triplet_drop[0.2, 0.4, 0.1]_topK20__PseudoGold_positive_1_hard_negative_1_seed1_hybrid_loss_v1require_tarc-gt_oracle-hnrequire_ORACLE_CEILING/ckpt/epoch_model_15_0.8037383177570093.pt: Copied (new)
2026/07/14 22:09:45 INFO  : HateMM/RAC_tarc_g1/RAC_lr0.0001_Bz64_Ep30_cosSim_triplet_drop[0.2, 0.4, 0.1]_topK20__PseudoGold_positive_1_hard_negative_1_seed1_hybrid_loss_v1require_tarc-gt_oracle-hnrequire_ORACLE_CEILING/ckpt/epoch_model_16_0.8037383177570093.pt: Copied (new)
2026/07/14 22:09:45 INFO  : HateMM/RAC_tarc_g1/RAC_lr0.0001_Bz64_Ep30_cosSim_triplet_drop[0.2, 0.4, 0.1]_topK20__PseudoGold_positive_1_hard_negative_1_seed1_hybrid_loss_v1require_tarc-gt_oracle-hnrequire_ORACLE_CEILING/ckpt/epoch_model_18_0.822429906542056.pt: Copied (new)
2026/07/14 22:09:46 INFO  : HateMM/RAC_tarc_g1/RAC_lr0.0001_Bz64_Ep30_cosSim_triplet_drop[0.2, 0.4, 0.1]_topK20__PseudoGold_positive_1_hard_negative_1_seed1_hybrid_loss_v1require_tarc-gt_oracle-hnrequire_ORACLE_CEILING/ckpt/epoch_model_19_0.794392523364486.pt: Copied (new)
2026/07/14 22:09:46 INFO  : HateMM/RAC_tarc_g1/RAC_lr0.0001_Bz64_Ep30_cosSim_triplet_drop[0.2, 0.4, 0.1]_topK20__PseudoGold_positive_1_hard_negative_1_seed1_hybrid_loss_v1require_tarc-gt_oracle-hnrequire_ORACLE_CEILING/ckpt/epoch_model_1_0.7476635514018691.pt: Copied (new)
2026/07/14 22:09:47 INFO  : HateMM/RAC_tarc_g1/RAC_lr0.0001_Bz64_Ep30_cosSim_triplet_drop[0.2, 0.4, 0.1]_topK20__PseudoGold_positive_1_hard_negative_1_seed1_hybrid_loss_v1require_tarc-gt_oracle-hnrequire_ORACLE_CEILING/ckpt/epoch_model_17_0.8130841121495327.pt: Copied (new)
2026/07/14 22:09:47 INFO  : HateMM/RAC_tarc_g1/RAC_lr0.0001_Bz64_Ep30_cosSim_triplet_drop[0.2, 0.4, 0.1]_topK20__PseudoGold_positive_1_hard_negative_1_seed2_hybrid_loss_v1prefer_tarc-gt_oracle-hnprefer_ORACLE_CEILING/ckpt/best_model_21_0.8598130841121495.pt: Copied (new)
2026/07/14 22:09:48 INFO  : HateMM/RAC_tarc_g1/RAC_lr0.0001_Bz64_Ep30_cosSim_triplet_drop[0.2, 0.4, 0.1]_topK20__PseudoGold_positive_1_hard_negative_1_seed2_hybrid_loss_v1prefer_tarc-gt_oracle-hnprefer_ORACLE_CEILING/ckpt/best_model_20_0.8317757009345794.pt: Copied (new)
2026/07/14 22:09:48 INFO  : HateMM/RAC_tarc_g1/RAC_lr0.0001_Bz64_Ep30_cosSim_triplet_drop[0.2, 0.4, 0.1]_topK20__PseudoGold_positive_1_hard_negative_1_seed2_hybrid_loss_v1prefer_tarc-gt_oracle-hnprefer_ORACLE_CEILING/ckpt/best_model_11_0.8317757009345794.pt: Copied (new)
2026/07/14 22:09:48 INFO  : MHC_zh/RAC_video_archive_seeds/RAC_lr0.0001_Bz64_Ep30_cosSim_triplet_drop[0.2, 0.4, 0.1]_topK20__PseudoGold_positive_1_hard_negative_1_seed2_hybrid_loss_Qwen2.5-VL-7B-Instruct_HF/ckpt/epoch_model_21_0.7692307692307693.pt: Copied (new)
2026/07/14 22:09:48 INFO  : HateMM/RAC_tarc_g1/RAC_lr0.0001_Bz64_Ep30_cosSim_triplet_drop[0.2, 0.4, 0.1]_topK20__PseudoGold_positive_1_hard_negative_1_seed2_hybrid_loss_v1prefer_tarc-gt_oracle-hnprefer_ORACLE_CEILING/ckpt/best_model_5_0.7850467289719626.pt: Copied (new)
2026/07/14 22:09:49 INFO  : MHC/RAC_video_archive_seeds/RAC_lr0.0001_Bz64_Ep30_cosSim_triplet_drop[0.2, 0.4, 0.1]_topK20__PseudoGold_positive_1_hard_negative_1_seed0_hybrid_loss_openai_clip-vit-large-patch14-336_HF/ckpt/last_model_29_0.7375.pt: Copied (new)
2026/07/14 22:09:50 INFO  : HateMM/RAC_tarc_g1/RAC_lr0.0001_Bz64_Ep30_cosSim_triplet_drop[0.2, 0.4, 0.1]_topK20__PseudoGold_positive_1_hard_negative_1_seed1_hybrid_loss_v1require_tarc-gt_oracle-hnrequire_ORACLE_CEILING/ckpt/epoch_model_14_0.8037383177570093.pt: Copied (new)
2026/07/14 22:09:51 INFO  : MHC_zh/RAC_video_archive_seeds/RAC_lr0.0001_Bz64_Ep30_cosSim_triplet_drop[0.2, 0.4, 0.1]_topK20__PseudoGold_positive_1_hard_negative_1_seed2_hybrid_loss_Qwen2.5-VL-7B-Instruct_HF/ckpt/epoch_model_25_0.8076923076923077.pt: Copied (new)
2026/07/14 22:09:52 INFO  : MHC_zh/RAC_video_archive_seeds/RAC_lr0.0001_Bz64_Ep30_cosSim_triplet_drop[0.2, 0.4, 0.1]_topK20__PseudoGold_positive_1_hard_negative_1_seed2_hybrid_loss_Qwen2.5-VL-7B-Instruct_HF/ckpt/epoch_model_26_0.7564102564102564.pt: Copied (new)
2026/07/14 22:09:53 INFO  : MHC_zh/RAC_video_archive_seeds/RAC_lr0.0001_Bz64_Ep30_cosSim_triplet_drop[0.2, 0.4, 0.1]_topK20__PseudoGold_positive_1_hard_negative_1_seed2_hybrid_loss_Qwen2.5-VL-7B-Instruct_HF/ckpt/epoch_model_27_0.8076923076923077.pt: Copied (new)
2026/07/14 22:09:53 INFO  : MHC_zh/RAC_video_archive_seeds/RAC_lr0.0001_Bz64_Ep30_cosSim_triplet_drop[0.2, 0.4, 0.1]_topK20__PseudoGold_positive_1_hard_negative_1_seed2_hybrid_loss_Qwen2.5-VL-7B-Instruct_HF/ckpt/epoch_model_24_0.8076923076923077.pt: Copied (new)
2026/07/14 22:09:53 INFO  : MHC_zh/RAC_video_archive_seeds/RAC_lr0.0001_Bz64_Ep30_cosSim_triplet_drop[0.2, 0.4, 0.1]_topK20__PseudoGold_positive_1_hard_negative_1_seed2_hybrid_loss_Qwen2.5-VL-7B-Instruct_HF/ckpt/epoch_model_2_0.8205128205128205.pt: Copied (new)
2026/07/14 22:09:54 INFO  : MHC_zh/RAC_video_archive_seeds/RAC_lr0.0001_Bz64_Ep30_cosSim_triplet_drop[0.2, 0.4, 0.1]_topK20__PseudoGold_positive_1_hard_negative_1_seed2_hybrid_loss_Qwen2.5-VL-7B-Instruct_HF/ckpt/epoch_model_29_0.782051282051282.pt: Copied (new)
2026/07/14 22:09:54 INFO  : MHC_zh/RAC_video_archive_seeds/RAC_lr0.0001_Bz64_Ep30_cosSim_triplet_drop[0.2, 0.4, 0.1]_topK20__PseudoGold_positive_1_hard_negative_1_seed2_hybrid_loss_Qwen2.5-VL-7B-Instruct_HF/ckpt/epoch_model_4_0.8333333333333334.pt: Copied (new)
2026/07/14 22:09:56 INFO  : MHC_zh/RAC_video_archive_seeds/RAC_lr0.0001_Bz64_Ep30_cosSim_triplet_drop[0.2, 0.4, 0.1]_topK20__PseudoGold_positive_1_hard_negative_1_seed2_hybrid_loss_Qwen2.5-VL-7B-Instruct_HF/ckpt/epoch_model_3_0.8717948717948718.pt: Copied (new)
2026/07/14 22:09:57 INFO  : MHC_zh/RAC_video_archive_seeds/RAC_lr0.0001_Bz64_Ep30_cosSim_triplet_drop[0.2, 0.4, 0.1]_topK20__PseudoGold_positive_1_hard_negative_1_seed2_hybrid_loss_Qwen2.5-VL-7B-Instruct_HF/ckpt/epoch_model_7_0.8205128205128205.pt: Copied (new)
2026/07/14 22:09:57 INFO  : MHC_zh/RAC_video_archive_seeds/RAC_lr0.0001_Bz64_Ep30_cosSim_triplet_drop[0.2, 0.4, 0.1]_topK20__PseudoGold_positive_1_hard_negative_1_seed2_hybrid_loss_Qwen2.5-VL-7B-Instruct_HF/ckpt/epoch_model_6_0.782051282051282.pt: Copied (new)
2026/07/14 22:09:57 INFO  : MHC_zh/RAC_video_archive_seeds/RAC_lr0.0001_Bz64_Ep30_cosSim_triplet_drop[0.2, 0.4, 0.1]_topK20__PseudoGold_positive_1_hard_negative_1_seed2_hybrid_loss_Qwen2.5-VL-7B-Instruct_HF/ckpt/epoch_model_8_0.8333333333333334.pt: Copied (new)
2026/07/14 22:09:58 INFO  : MHC_zh/RAC_video_archive_seeds/RAC_lr0.0001_Bz64_Ep30_cosSim_triplet_drop[0.2, 0.4, 0.1]_topK20__PseudoGold_positive_1_hard_negative_1_seed2_hybrid_loss_Qwen2.5-VL-7B-Instruct_HF/ckpt/last_model_29_0.782051282051282.pt: Copied (new)
2026/07/14 22:09:58 INFO  : HateMM/RAC_tarc_g1/RAC_lr0.0001_Bz64_Ep30_cosSim_triplet_drop[0.2, 0.4, 0.1]_topK20__PseudoGold_positive_1_hard_negative_1_seed1_hybrid_loss_v1require_tarc-gt_oracle-hnrequire_ORACLE_CEILING/ckpt/epoch_model_20_0.822429906542056.pt: Copied (new)
2026/07/14 22:09:58 INFO  : MHC_zh/RAC_video_archive_seeds/RAC_lr0.0001_Bz64_Ep30_cosSim_triplet_drop[0.2, 0.4, 0.1]_topK20__PseudoGold_positive_1_hard_negative_1_seed2_hybrid_loss_Qwen2.5-VL-7B-Instruct_HF/ckpt/epoch_model_9_0.8076923076923077.pt: Copied (new)
2026/07/14 22:10:00 INFO  : HateMM/RAC_tarc_g1/RAC_lr0.0001_Bz64_Ep30_cosSim_triplet_drop[0.2, 0.4, 0.1]_topK20__PseudoGold_positive_1_hard_negative_1_seed1_hybrid_loss_v1require_tarc-gt_oracle-hnrequire_ORACLE_CEILING/ckpt/epoch_model_23_0.8317757009345794.pt: Copied (new)
2026/07/14 22:10:00 INFO  : MHC_zh/RAC_video_archive_seeds/RAC_lr0.0001_Bz64_Ep30_cosSim_triplet_drop[0.2, 0.4, 0.1]_topK20__PseudoGold_positive_1_hard_negative_1_seed2_hybrid_loss_Qwen2.5-VL-7B-Instruct_HF/ckpt/epoch_model_5_0.8205128205128205.pt: Copied (new)
2026/07/14 22:10:00 INFO  : HateMM/RAC_tarc_g1/RAC_lr0.0001_Bz64_Ep30_cosSim_triplet_drop[0.2, 0.4, 0.1]_topK20__PseudoGold_positive_1_hard_negative_1_seed1_hybrid_loss_v1require_tarc-gt_oracle-hnrequire_ORACLE_CEILING/ckpt/epoch_model_24_0.8317757009345794.pt: Copied (new)
2026/07/14 22:10:00 INFO  : HateMM/RAC_tarc_g1/RAC_lr0.0001_Bz64_Ep30_cosSim_triplet_drop[0.2, 0.4, 0.1]_topK20__PseudoGold_positive_1_hard_negative_1_seed1_hybrid_loss_v1require_tarc-gt_oracle-hnrequire_ORACLE_CEILING/ckpt/epoch_model_21_0.8411214953271028.pt: Copied (new)
2026/07/14 22:10:00 INFO  : HateMM/RAC_tarc_g1/RAC_lr0.0001_Bz64_Ep30_cosSim_triplet_drop[0.2, 0.4, 0.1]_topK20__PseudoGold_positive_1_hard_negative_1_seed1_hybrid_loss_v1require_tarc-gt_oracle-hnrequire_ORACLE_CEILING/ckpt/epoch_model_25_0.8317757009345794.pt: Copied (new)
2026/07/14 22:10:01 INFO  : HateMM/RAC_tarc_g1/RAC_lr0.0001_Bz64_Ep30_cosSim_triplet_drop[0.2, 0.4, 0.1]_topK20__PseudoGold_positive_1_hard_negative_1_seed1_hybrid_loss_v1require_tarc-gt_oracle-hnrequire_ORACLE_CEILING/ckpt/epoch_model_26_0.822429906542056.pt: Copied (new)
2026/07/14 22:10:02 INFO  : HateMM/RAC_tarc_g1/RAC_lr0.0001_Bz64_Ep30_cosSim_triplet_drop[0.2, 0.4, 0.1]_topK20__PseudoGold_positive_1_hard_negative_1_seed1_hybrid_loss_v1require_tarc-gt_oracle-hnrequire_ORACLE_CEILING/ckpt/epoch_model_29_0.822429906542056.pt: Copied (new)
2026/07/14 22:10:03 INFO  : HateMM/RAC_tarc_g1/RAC_lr0.0001_Bz64_Ep30_cosSim_triplet_drop[0.2, 0.4, 0.1]_topK20__PseudoGold_positive_1_hard_negative_1_seed1_hybrid_loss_v1require_tarc-gt_oracle-hnrequire_ORACLE_CEILING/ckpt/epoch_model_3_0.7757009345794392.pt: Copied (new)
2026/07/14 22:10:03 INFO  : HateMM/RAC_tarc_g1/RAC_lr0.0001_Bz64_Ep30_cosSim_triplet_drop[0.2, 0.4, 0.1]_topK20__PseudoGold_positive_1_hard_negative_1_seed1_hybrid_loss_v1require_tarc-gt_oracle-hnrequire_ORACLE_CEILING/ckpt/epoch_model_28_0.822429906542056.pt: Copied (new)
2026/07/14 22:10:03 INFO  : HateMM/RAC_tarc_g1/RAC_lr0.0001_Bz64_Ep30_cosSim_triplet_drop[0.2, 0.4, 0.1]_topK20__PseudoGold_positive_1_hard_negative_1_seed1_hybrid_loss_v1require_tarc-gt_oracle-hnrequire_ORACLE_CEILING/ckpt/epoch_model_27_0.794392523364486.pt: Copied (new)
2026/07/14 22:10:03 INFO  : HateMM/RAC_tarc_g1/RAC_lr0.0001_Bz64_Ep30_cosSim_triplet_drop[0.2, 0.4, 0.1]_topK20__PseudoGold_positive_1_hard_negative_1_seed1_hybrid_loss_v1require_tarc-gt_oracle-hnrequire_ORACLE_CEILING/ckpt/epoch_model_4_0.7570093457943925.pt: Copied (new)
2026/07/14 22:10:03 INFO  : HateMM/RAC_tarc_g1/RAC_lr0.0001_Bz64_Ep30_cosSim_triplet_drop[0.2, 0.4, 0.1]_topK20__PseudoGold_positive_1_hard_negative_1_seed1_hybrid_loss_v1require_tarc-gt_oracle-hnrequire_ORACLE_CEILING/ckpt/epoch_model_22_0.8411214953271028.pt: Copied (new)
2026/07/14 22:10:04 INFO  : HateMM/RAC_tarc_g1/RAC_lr0.0001_Bz64_Ep30_cosSim_triplet_drop[0.2, 0.4, 0.1]_topK20__PseudoGold_positive_1_hard_negative_1_seed1_hybrid_loss_v1require_tarc-gt_oracle-hnrequire_ORACLE_CEILING/ckpt/epoch_model_5_0.7757009345794392.pt: Copied (new)
2026/07/14 22:10:04 INFO  : HateMM/RAC_tarc_g1/RAC_lr0.0001_Bz64_Ep30_cosSim_triplet_drop[0.2, 0.4, 0.1]_topK20__PseudoGold_positive_1_hard_negative_1_seed1_hybrid_loss_v1require_tarc-gt_oracle-hnrequire_ORACLE_CEILING/ckpt/epoch_model_2_0.7663551401869159.pt: Copied (new)
2026/07/14 22:10:05 INFO  : HateMM/RAC_tarc_g1/RAC_lr0.0001_Bz64_Ep30_cosSim_triplet_drop[0.2, 0.4, 0.1]_topK20__PseudoGold_positive_1_hard_negative_1_seed1_hybrid_loss_v1require_tarc-gt_oracle-hnrequire_ORACLE_CEILING/ckpt/epoch_model_9_0.8317757009345794.pt: Copied (new)
2026/07/14 22:10:05 INFO  : HateMM/RAC_tarc_g1/RAC_lr0.0001_Bz64_Ep30_cosSim_triplet_drop[0.2, 0.4, 0.1]_topK20__PseudoGold_positive_1_hard_negative_1_seed1_hybrid_loss_v1require_tarc-gt_oracle-hnrequire_ORACLE_CEILING/ckpt/epoch_model_7_0.7757009345794392.pt: Copied (new)
2026/07/14 22:10:05 INFO  : HateMM/RAC_tarc_g1/RAC_lr0.0001_Bz64_Ep30_cosSim_triplet_drop[0.2, 0.4, 0.1]_topK20__PseudoGold_positive_1_hard_negative_1_seed1_hybrid_loss_v1require_tarc-gt_oracle-hnrequire_ORACLE_CEILING/ckpt/epoch_model_6_0.7850467289719626.pt: Copied (new)
2026/07/14 22:10:05 INFO  : MHC_zh/RAC_video_archive_seeds/RAC_lr0.0001_Bz64_Ep30_cosSim_triplet_drop[0.2, 0.4, 0.1]_topK20__PseudoGold_positive_1_hard_negative_1_seed2_hybrid_loss_Qwen2.5-VL-7B-Instruct_HF/ckpt/epoch_model_28_0.8461538461538461.pt: Copied (new)
2026/07/14 22:10:05 INFO  : HateMM/RAC_tarc_g1/RAC_lr0.0001_Bz64_Ep30_cosSim_triplet_drop[0.2, 0.4, 0.1]_topK20__PseudoGold_positive_1_hard_negative_1_seed1_hybrid_loss_v1require_tarc-gt_oracle-hnrequire_ORACLE_CEILING/ckpt/epoch_model_8_0.8037383177570093.pt: Copied (new)
2026/07/14 22:10:06 INFO  : HateMM/RAC_tarc_g1/RAC_lr0.0001_Bz64_Ep30_cosSim_triplet_drop[0.2, 0.4, 0.1]_topK20__PseudoGold_positive_1_hard_negative_1_seed1_hybrid_loss_v1require_tarc-gt_oracle-hnrequire_ORACLE_CEILING/ckpt/last_model_29_0.822429906542056.pt: Copied (new)
2026/07/14 22:10:06 INFO  : HateMM/RAC_tarc_g1/RAC_lr0.0001_Bz64_Ep30_cosSim_triplet_drop[0.2, 0.4, 0.1]_topK20__PseudoGold_positive_1_hard_negative_1_seed2_hybrid_loss_v1prefer_tarc-gt_oracle-hnprefer_ORACLE_CEILING/ckpt/best_model_8_0.8037383177570093.pt: Copied (new)
2026/07/14 22:10:07 INFO  : HateMM/RAC_tarc_g1/RAC_lr0.0001_Bz64_Ep30_cosSim_triplet_drop[0.2, 0.4, 0.1]_topK20__PseudoGold_positive_1_hard_negative_1_seed2_hybrid_loss_v1prefer_tarc-gt_oracle-hnprefer_ORACLE_CEILING/ckpt/epoch_model_14_0.822429906542056.pt: Copied (new)
2026/07/14 22:10:07 INFO  : HateMM/RAC_tarc_g1/RAC_lr0.0001_Bz64_Ep30_cosSim_triplet_drop[0.2, 0.4, 0.1]_topK20__PseudoGold_positive_1_hard_negative_1_seed2_hybrid_loss_v1prefer_tarc-gt_oracle-hnprefer_ORACLE_CEILING/ckpt/epoch_model_10_0.7476635514018691.pt: Copied (new)
2026/07/14 22:10:07 INFO  : HateMM/RAC_tarc_g1/RAC_lr0.0001_Bz64_Ep30_cosSim_triplet_drop[0.2, 0.4, 0.1]_topK20__PseudoGold_positive_1_hard_negative_1_seed2_hybrid_loss_v1prefer_tarc-gt_oracle-hnprefer_ORACLE_CEILING/ckpt/epoch_model_16_0.8037383177570093.pt: Copied (new)
2026/07/14 22:10:07 INFO  : HateMM/RAC_tarc_g1/RAC_lr0.0001_Bz64_Ep30_cosSim_triplet_drop[0.2, 0.4, 0.1]_topK20__PseudoGold_positive_1_hard_negative_1_seed2_hybrid_loss_v1prefer_tarc-gt_oracle-hnprefer_ORACLE_CEILING/ckpt/epoch_model_12_0.822429906542056.pt: Copied (new)
2026/07/14 22:10:08 INFO  : HateMM/RAC_tarc_g1/RAC_lr0.0001_Bz64_Ep30_cosSim_triplet_drop[0.2, 0.4, 0.1]_topK20__PseudoGold_positive_1_hard_negative_1_seed2_hybrid_loss_v1prefer_tarc-gt_oracle-hnprefer_ORACLE_CEILING/ckpt/epoch_model_0_0.7757009345794392.pt: Copied (new)
2026/07/14 22:10:08 INFO  : HateMM/RAC_tarc_g1/RAC_lr0.0001_Bz64_Ep30_cosSim_triplet_drop[0.2, 0.4, 0.1]_topK20__PseudoGold_positive_1_hard_negative_1_seed2_hybrid_loss_v1prefer_tarc-gt_oracle-hnprefer_ORACLE_CEILING/ckpt/epoch_model_15_0.8037383177570093.pt: Copied (new)
2026/07/14 22:10:08 INFO  : HateMM/RAC_tarc_g1/RAC_lr0.0001_Bz64_Ep30_cosSim_triplet_drop[0.2, 0.4, 0.1]_topK20__PseudoGold_positive_1_hard_negative_1_seed2_hybrid_loss_v1prefer_tarc-gt_oracle-hnprefer_ORACLE_CEILING/ckpt/epoch_model_11_0.8317757009345794.pt: Copied (new)
2026/07/14 22:10:09 INFO  : HateMM/RAC_tarc_g1/RAC_lr0.0001_Bz64_Ep30_cosSim_triplet_drop[0.2, 0.4, 0.1]_topK20__PseudoGold_positive_1_hard_negative_1_seed2_hybrid_loss_v1prefer_tarc-gt_oracle-hnprefer_ORACLE_CEILING/ckpt/epoch_model_19_0.8037383177570093.pt: Copied (new)
2026/07/14 22:10:10 INFO  : HateMM/RAC_tarc_g1/RAC_lr0.0001_Bz64_Ep30_cosSim_triplet_drop[0.2, 0.4, 0.1]_topK20__PseudoGold_positive_1_hard_negative_1_seed2_hybrid_loss_v1prefer_tarc-gt_oracle-hnprefer_ORACLE_CEILING/ckpt/epoch_model_18_0.7850467289719626.pt: Copied (new)
2026/07/14 22:10:10 INFO  : HateMM/RAC_tarc_g1/RAC_lr0.0001_Bz64_Ep30_cosSim_triplet_drop[0.2, 0.4, 0.1]_topK20__PseudoGold_positive_1_hard_negative_1_seed2_hybrid_loss_v1prefer_tarc-gt_oracle-hnprefer_ORACLE_CEILING/ckpt/epoch_model_17_0.794392523364486.pt: Copied (new)
2026/07/14 22:10:10 INFO  : HateMM/RAC_tarc_g1/RAC_lr0.0001_Bz64_Ep30_cosSim_triplet_drop[0.2, 0.4, 0.1]_topK20__PseudoGold_positive_1_hard_negative_1_seed2_hybrid_loss_v1prefer_tarc-gt_oracle-hnprefer_ORACLE_CEILING/ckpt/epoch_model_1_0.7757009345794392.pt: Copied (new)
2026/07/14 22:10:11 INFO  : HateMM/RAC_tarc_g1/RAC_lr0.0001_Bz64_Ep30_cosSim_triplet_drop[0.2, 0.4, 0.1]_topK20__PseudoGold_positive_1_hard_negative_1_seed2_hybrid_loss_v1prefer_tarc-gt_oracle-hnprefer_ORACLE_CEILING/ckpt/epoch_model_23_0.8411214953271028.pt: Copied (new)
2026/07/14 22:10:11 INFO  : HateMM/RAC_tarc_g1/RAC_lr0.0001_Bz64_Ep30_cosSim_triplet_drop[0.2, 0.4, 0.1]_topK20__PseudoGold_positive_1_hard_negative_1_seed2_hybrid_loss_v1prefer_tarc-gt_oracle-hnprefer_ORACLE_CEILING/ckpt/epoch_model_20_0.8317757009345794.pt: Copied (new)
2026/07/14 22:10:12 INFO  : HateMM/RAC_tarc_g1/RAC_lr0.0001_Bz64_Ep30_cosSim_triplet_drop[0.2, 0.4, 0.1]_topK20__PseudoGold_positive_1_hard_negative_1_seed2_hybrid_loss_v1prefer_tarc-gt_oracle-hnprefer_ORACLE_CEILING/ckpt/epoch_model_24_0.8504672897196262.pt: Copied (new)
2026/07/14 22:10:13 INFO  : HateMM/RAC_tarc_g1/RAC_lr0.0001_Bz64_Ep30_cosSim_triplet_drop[0.2, 0.4, 0.1]_topK20__PseudoGold_positive_1_hard_negative_1_seed2_hybrid_loss_v1prefer_tarc-gt_oracle-hnprefer_ORACLE_CEILING/ckpt/epoch_model_13_0.8037383177570093.pt: Copied (new)
2026/07/14 22:10:13 INFO  : HateMM/RAC_tarc_g1/RAC_lr0.0001_Bz64_Ep30_cosSim_triplet_drop[0.2, 0.4, 0.1]_topK20__PseudoGold_positive_1_hard_negative_1_seed2_hybrid_loss_v1prefer_tarc-gt_oracle-hnprefer_ORACLE_CEILING/ckpt/epoch_model_26_0.8317757009345794.pt: Copied (new)
2026/07/14 22:10:13 INFO  : HateMM/RAC_tarc_g1/RAC_lr0.0001_Bz64_Ep30_cosSim_triplet_drop[0.2, 0.4, 0.1]_topK20__PseudoGold_positive_1_hard_negative_1_seed2_hybrid_loss_v1prefer_tarc-gt_oracle-hnprefer_ORACLE_CEILING/ckpt/epoch_model_22_0.8037383177570093.pt: Copied (new)
2026/07/14 22:10:13 INFO  : HateMM/RAC_tarc_g1/RAC_lr0.0001_Bz64_Ep30_cosSim_triplet_drop[0.2, 0.4, 0.1]_topK20__PseudoGold_positive_1_hard_negative_1_seed2_hybrid_loss_v1prefer_tarc-gt_oracle-hnprefer_ORACLE_CEILING/ckpt/epoch_model_27_0.8317757009345794.pt: Copied (new)
2026/07/14 22:10:14 INFO  : HateMM/RAC_tarc_g1/RAC_lr0.0001_Bz64_Ep30_cosSim_triplet_drop[0.2, 0.4, 0.1]_topK20__PseudoGold_positive_1_hard_negative_1_seed2_hybrid_loss_v1prefer_tarc-gt_oracle-hnprefer_ORACLE_CEILING/ckpt/epoch_model_25_0.8130841121495327.pt: Copied (new)
2026/07/14 22:10:14 INFO  : HateMM/RAC_tarc_g1/RAC_lr0.0001_Bz64_Ep30_cosSim_triplet_drop[0.2, 0.4, 0.1]_topK20__PseudoGold_positive_1_hard_negative_1_seed2_hybrid_loss_v1prefer_tarc-gt_oracle-hnprefer_ORACLE_CEILING/ckpt/epoch_model_29_0.8411214953271028.pt: Copied (new)
2026/07/14 22:10:15 INFO  : HateMM/RAC_tarc_g1/RAC_lr0.0001_Bz64_Ep30_cosSim_triplet_drop[0.2, 0.4, 0.1]_topK20__PseudoGold_positive_1_hard_negative_1_seed2_hybrid_loss_v1prefer_tarc-gt_oracle-hnprefer_ORACLE_CEILING/ckpt/epoch_model_28_0.8411214953271028.pt: Copied (new)
2026/07/14 22:10:15 INFO  : HateMM/RAC_tarc_g1/RAC_lr0.0001_Bz64_Ep30_cosSim_triplet_drop[0.2, 0.4, 0.1]_topK20__PseudoGold_positive_1_hard_negative_1_seed2_hybrid_loss_v1prefer_tarc-gt_oracle-hnprefer_ORACLE_CEILING/ckpt/epoch_model_5_0.7850467289719626.pt: Copied (new)
2026/07/14 22:10:15 INFO  : HateMM/RAC_tarc_g1/RAC_lr0.0001_Bz64_Ep30_cosSim_triplet_drop[0.2, 0.4, 0.1]_topK20__PseudoGold_positive_1_hard_negative_1_seed2_hybrid_loss_v1prefer_tarc-gt_oracle-hnprefer_ORACLE_CEILING/ckpt/epoch_model_21_0.8598130841121495.pt: Copied (new)
2026/07/14 22:10:16 INFO  : HateMM/RAC_tarc_g1/RAC_lr0.0001_Bz64_Ep30_cosSim_triplet_drop[0.2, 0.4, 0.1]_topK20__PseudoGold_positive_1_hard_negative_1_seed2_hybrid_loss_v1prefer_tarc-gt_oracle-hnprefer_ORACLE_CEILING/ckpt/epoch_model_3_0.7850467289719626.pt: Copied (new)
2026/07/14 22:10:16 INFO  : HateMM/RAC_tarc_g1/RAC_lr0.0001_Bz64_Ep30_cosSim_triplet_drop[0.2, 0.4, 0.1]_topK20__PseudoGold_positive_1_hard_negative_1_seed2_hybrid_loss_v1prefer_tarc-gt_oracle-hnprefer_ORACLE_CEILING/ckpt/epoch_model_4_0.7757009345794392.pt: Copied (new)
2026/07/14 22:10:16 INFO  : HateMM/RAC_tarc_g1/RAC_lr0.0001_Bz64_Ep30_cosSim_triplet_drop[0.2, 0.4, 0.1]_topK20__PseudoGold_positive_1_hard_negative_1_seed2_hybrid_loss_v1prefer_tarc-gt_oracle-hnprefer_ORACLE_CEILING/ckpt/epoch_model_7_0.7663551401869159.pt: Copied (new)
2026/07/14 22:10:16 INFO  : HateMM/RAC_tarc_g1/RAC_lr0.0001_Bz64_Ep30_cosSim_triplet_drop[0.2, 0.4, 0.1]_topK20__PseudoGold_positive_1_hard_negative_1_seed2_hybrid_loss_v1prefer_tarc-gt_oracle-hnprefer_ORACLE_CEILING/ckpt/epoch_model_6_0.7570093457943925.pt: Copied (new)
2026/07/14 22:10:17 INFO  : HateMM/RAC_tarc_g1/RAC_lr0.0001_Bz64_Ep30_cosSim_triplet_drop[0.2, 0.4, 0.1]_topK20__PseudoGold_positive_1_hard_negative_1_seed2_hybrid_loss_v1prefer_tarc-gt_oracle-hnprefer_ORACLE_CEILING/ckpt/epoch_model_9_0.7757009345794392.pt: Copied (new)
2026/07/14 22:10:17 INFO  : HateMM/RAC_tarc_g1/RAC_lr0.0001_Bz64_Ep30_cosSim_triplet_drop[0.2, 0.4, 0.1]_topK20__PseudoGold_positive_1_hard_negative_1_seed2_hybrid_loss_v1prefer_tarc-gt_oracle-hnprefer_ORACLE_CEILING/ckpt/epoch_model_8_0.8037383177570093.pt: Copied (new)
2026/07/14 22:10:18 INFO  : HateMM/RAC_tarc_g1/RAC_lr0.0001_Bz64_Ep30_cosSim_triplet_drop[0.2, 0.4, 0.1]_topK20__PseudoGold_positive_1_hard_negative_1_seed2_hybrid_loss_v1prefer_tarc-gt_oracle-hnprefer_ORACLE_CEILING/ckpt/last_model_29_0.8411214953271028.pt: Copied (new)
2026/07/14 22:10:18 INFO  : HateMM/RAC_video_archive_seeds/RAC_lr0.0001_Bz64_Ep30_cosSim_triplet_drop[0.2, 0.4, 0.1]_topK20__PseudoGold_positive_1_hard_negative_1_seed0_hybrid_loss_openai_clip-vit-large-patch14-336_HF/ckpt/best_model_20_0.8130841121495327.pt: Copied (new)
2026/07/14 22:10:19 INFO  : HateMM/RAC_video_archive_seeds/RAC_lr0.0001_Bz64_Ep30_cosSim_triplet_drop[0.2, 0.4, 0.1]_topK20__PseudoGold_positive_1_hard_negative_1_seed0_hybrid_loss_openai_clip-vit-large-patch14-336_HF/ckpt/best_model_24_0.8411214953271028.pt: Copied (new)
2026/07/14 22:10:19 INFO  : HateMM/RAC_video_archive_seeds/RAC_lr0.0001_Bz64_Ep30_cosSim_triplet_drop[0.2, 0.4, 0.1]_topK20__PseudoGold_positive_1_hard_negative_1_seed0_hybrid_loss_openai_clip-vit-large-patch14-336_HF/ckpt/best_model_5_0.7757009345794392.pt: Copied (new)
2026/07/14 22:10:19 INFO  : HateMM/RAC_video_archive_seeds/RAC_lr0.0001_Bz64_Ep30_cosSim_triplet_drop[0.2, 0.4, 0.1]_topK20__PseudoGold_positive_1_hard_negative_1_seed0_hybrid_loss_openai_clip-vit-large-patch14-336_HF/ckpt/best_model_22_0.8317757009345794.pt: Copied (new)
2026/07/14 22:10:19 INFO  : HateMM/RAC_video_archive_seeds/RAC_lr0.0001_Bz64_Ep30_cosSim_triplet_drop[0.2, 0.4, 0.1]_topK20__PseudoGold_positive_1_hard_negative_1_seed0_hybrid_loss_openai_clip-vit-large-patch14-336_HF/ckpt/best_model_21_0.8317757009345794.pt: Copied (new)
2026/07/14 22:10:20 INFO  : HateMM/RAC_tarc_g1/RAC_lr0.0001_Bz64_Ep30_cosSim_triplet_drop[0.2, 0.4, 0.1]_topK20__PseudoGold_positive_1_hard_negative_1_seed2_hybrid_loss_v1prefer_tarc-gt_oracle-hnprefer_ORACLE_CEILING/ckpt/epoch_model_2_0.7757009345794392.pt: Copied (new)
2026/07/14 22:10:20 INFO  : HateMM/RAC_video_archive_seeds/RAC_lr0.0001_Bz64_Ep30_cosSim_triplet_drop[0.2, 0.4, 0.1]_topK20__PseudoGold_positive_1_hard_negative_1_seed0_hybrid_loss_openai_clip-vit-large-patch14-336_HF/ckpt/best_model_6_0.8037383177570093.pt: Copied (new)
2026/07/14 22:10:21 INFO  : HateMM/RAC_video_archive_seeds/RAC_lr0.0001_Bz64_Ep30_cosSim_triplet_drop[0.2, 0.4, 0.1]_topK20__PseudoGold_positive_1_hard_negative_1_seed0_hybrid_loss_openai_clip-vit-large-patch14-336_HF/ckpt/epoch_model_10_0.794392523364486.pt: Copied (new)
2026/07/14 22:10:21 INFO  : HateMM/RAC_video_archive_seeds/RAC_lr0.0001_Bz64_Ep30_cosSim_triplet_drop[0.2, 0.4, 0.1]_topK20__PseudoGold_positive_1_hard_negative_1_seed0_hybrid_loss_openai_clip-vit-large-patch14-336_HF/ckpt/epoch_model_0_0.7476635514018691.pt: Copied (new)
2026/07/14 22:10:21 INFO  : HateMM/RAC_video_archive_seeds/RAC_lr0.0001_Bz64_Ep30_cosSim_triplet_drop[0.2, 0.4, 0.1]_topK20__PseudoGold_positive_1_hard_negative_1_seed0_hybrid_loss_openai_clip-vit-large-patch14-336_HF/ckpt/epoch_model_11_0.7757009345794392.pt: Copied (new)
2026/07/14 22:10:22 INFO  : HateMM/RAC_video_archive_seeds/RAC_lr0.0001_Bz64_Ep30_cosSim_triplet_drop[0.2, 0.4, 0.1]_topK20__PseudoGold_positive_1_hard_negative_1_seed0_hybrid_loss_openai_clip-vit-large-patch14-336_HF/ckpt/best_model_7_0.8037383177570093.pt: Copied (new)
2026/07/14 22:10:23 INFO  : HateMM/RAC_video_archive_seeds/RAC_lr0.0001_Bz64_Ep30_cosSim_triplet_drop[0.2, 0.4, 0.1]_topK20__PseudoGold_positive_1_hard_negative_1_seed0_hybrid_loss_openai_clip-vit-large-patch14-336_HF/ckpt/epoch_model_15_0.7850467289719626.pt: Copied (new)
2026/07/14 22:10:23 INFO  : HateMM/RAC_video_archive_seeds/RAC_lr0.0001_Bz64_Ep30_cosSim_triplet_drop[0.2, 0.4, 0.1]_topK20__PseudoGold_positive_1_hard_negative_1_seed0_hybrid_loss_openai_clip-vit-large-patch14-336_HF/ckpt/epoch_model_16_0.794392523364486.pt: Copied (new)
2026/07/14 22:10:24 INFO  : HateMM/RAC_video_archive_seeds/RAC_lr0.0001_Bz64_Ep30_cosSim_triplet_drop[0.2, 0.4, 0.1]_topK20__PseudoGold_positive_1_hard_negative_1_seed0_hybrid_loss_openai_clip-vit-large-patch14-336_HF/ckpt/epoch_model_17_0.794392523364486.pt: Copied (new)
2026/07/14 22:10:25 INFO  : HateMM/RAC_video_archive_seeds/RAC_lr0.0001_Bz64_Ep30_cosSim_triplet_drop[0.2, 0.4, 0.1]_topK20__PseudoGold_positive_1_hard_negative_1_seed0_hybrid_loss_openai_clip-vit-large-patch14-336_HF/ckpt/epoch_model_19_0.794392523364486.pt: Copied (new)
2026/07/14 22:10:25 INFO  : HateMM/RAC_video_archive_seeds/RAC_lr0.0001_Bz64_Ep30_cosSim_triplet_drop[0.2, 0.4, 0.1]_topK20__PseudoGold_positive_1_hard_negative_1_seed0_hybrid_loss_openai_clip-vit-large-patch14-336_HF/ckpt/epoch_model_18_0.8037383177570093.pt: Copied (new)
2026/07/14 22:10:26 INFO  : HateMM/RAC_video_archive_seeds/RAC_lr0.0001_Bz64_Ep30_cosSim_triplet_drop[0.2, 0.4, 0.1]_topK20__PseudoGold_positive_1_hard_negative_1_seed0_hybrid_loss_openai_clip-vit-large-patch14-336_HF/ckpt/epoch_model_14_0.7757009345794392.pt: Copied (new)
2026/07/14 22:10:26 INFO  : HateMM/RAC_video_archive_seeds/RAC_lr0.0001_Bz64_Ep30_cosSim_triplet_drop[0.2, 0.4, 0.1]_topK20__PseudoGold_positive_1_hard_negative_1_seed0_hybrid_loss_openai_clip-vit-large-patch14-336_HF/ckpt/epoch_model_21_0.8317757009345794.pt: Copied (new)
2026/07/14 22:10:26 INFO  : HateMM/RAC_video_archive_seeds/RAC_lr0.0001_Bz64_Ep30_cosSim_triplet_drop[0.2, 0.4, 0.1]_topK20__PseudoGold_positive_1_hard_negative_1_seed0_hybrid_loss_openai_clip-vit-large-patch14-336_HF/ckpt/epoch_model_20_0.8130841121495327.pt: Copied (new)
2026/07/14 22:10:27 INFO  : HateMM/RAC_video_archive_seeds/RAC_lr0.0001_Bz64_Ep30_cosSim_triplet_drop[0.2, 0.4, 0.1]_topK20__PseudoGold_positive_1_hard_negative_1_seed0_hybrid_loss_openai_clip-vit-large-patch14-336_HF/ckpt/epoch_model_1_0.7757009345794392.pt: Copied (new)
2026/07/14 22:10:27 INFO  : HateMM/RAC_video_archive_seeds/RAC_lr0.0001_Bz64_Ep30_cosSim_triplet_drop[0.2, 0.4, 0.1]_topK20__PseudoGold_positive_1_hard_negative_1_seed0_hybrid_loss_openai_clip-vit-large-patch14-336_HF/ckpt/epoch_model_12_0.7850467289719626.pt: Copied (new)
2026/07/14 22:10:28 INFO  : HateMM/RAC_video_archive_seeds/RAC_lr0.0001_Bz64_Ep30_cosSim_triplet_drop[0.2, 0.4, 0.1]_topK20__PseudoGold_positive_1_hard_negative_1_seed0_hybrid_loss_openai_clip-vit-large-patch14-336_HF/ckpt/best_model_9_0.8130841121495327.pt: Copied (new)
2026/07/14 22:10:28 INFO  : HateMM/RAC_video_archive_seeds/RAC_lr0.0001_Bz64_Ep30_cosSim_triplet_drop[0.2, 0.4, 0.1]_topK20__PseudoGold_positive_1_hard_negative_1_seed0_hybrid_loss_openai_clip-vit-large-patch14-336_HF/ckpt/epoch_model_24_0.8411214953271028.pt: Copied (new)
2026/07/14 22:10:28 INFO  : HateMM/RAC_video_archive_seeds/RAC_lr0.0001_Bz64_Ep30_cosSim_triplet_drop[0.2, 0.4, 0.1]_topK20__PseudoGold_positive_1_hard_negative_1_seed0_hybrid_loss_openai_clip-vit-large-patch14-336_HF/ckpt/epoch_model_22_0.8317757009345794.pt: Copied (new)
2026/07/14 22:10:28 INFO  : HateMM/RAC_video_archive_seeds/RAC_lr0.0001_Bz64_Ep30_cosSim_triplet_drop[0.2, 0.4, 0.1]_topK20__PseudoGold_positive_1_hard_negative_1_seed0_hybrid_loss_openai_clip-vit-large-patch14-336_HF/ckpt/epoch_model_13_0.794392523364486.pt: Copied (new)
2026/07/14 22:10:29 INFO  : HateMM/RAC_video_archive_seeds/RAC_lr0.0001_Bz64_Ep30_cosSim_triplet_drop[0.2, 0.4, 0.1]_topK20__PseudoGold_positive_1_hard_negative_1_seed0_hybrid_loss_openai_clip-vit-large-patch14-336_HF/ckpt/epoch_model_25_0.794392523364486.pt: Copied (new)
2026/07/14 22:10:29 INFO  : HateMM/RAC_video_archive_seeds/RAC_lr0.0001_Bz64_Ep30_cosSim_triplet_drop[0.2, 0.4, 0.1]_topK20__PseudoGold_positive_1_hard_negative_1_seed0_hybrid_loss_openai_clip-vit-large-patch14-336_HF/ckpt/epoch_model_23_0.8317757009345794.pt: Copied (new)
2026/07/14 22:10:29 INFO  : HateMM/RAC_video_archive_seeds/RAC_lr0.0001_Bz64_Ep30_cosSim_triplet_drop[0.2, 0.4, 0.1]_topK20__PseudoGold_positive_1_hard_negative_1_seed0_hybrid_loss_openai_clip-vit-large-patch14-336_HF/ckpt/epoch_model_26_0.8130841121495327.pt: Copied (new)
2026/07/14 22:10:30 INFO  : HateMM/RAC_video_archive_seeds/RAC_lr0.0001_Bz64_Ep30_cosSim_triplet_drop[0.2, 0.4, 0.1]_topK20__PseudoGold_positive_1_hard_negative_1_seed0_hybrid_loss_openai_clip-vit-large-patch14-336_HF/ckpt/epoch_model_27_0.8037383177570093.pt: Copied (new)
2026/07/14 22:10:30 INFO  : HateMM/RAC_video_archive_seeds/RAC_lr0.0001_Bz64_Ep30_cosSim_triplet_drop[0.2, 0.4, 0.1]_topK20__PseudoGold_positive_1_hard_negative_1_seed0_hybrid_loss_openai_clip-vit-large-patch14-336_HF/ckpt/epoch_model_29_0.794392523364486.pt: Copied (new)
2026/07/14 22:10:31 INFO  : HateMM/RAC_video_archive_seeds/RAC_lr0.0001_Bz64_Ep30_cosSim_triplet_drop[0.2, 0.4, 0.1]_topK20__PseudoGold_positive_1_hard_negative_1_seed0_hybrid_loss_openai_clip-vit-large-patch14-336_HF/ckpt/epoch_model_2_0.7757009345794392.pt: Copied (new)
2026/07/14 22:10:31 INFO  : HateMM/RAC_video_archive_seeds/RAC_lr0.0001_Bz64_Ep30_cosSim_triplet_drop[0.2, 0.4, 0.1]_topK20__PseudoGold_positive_1_hard_negative_1_seed0_hybrid_loss_openai_clip-vit-large-patch14-336_HF/ckpt/epoch_model_28_0.8037383177570093.pt: Copied (new)
2026/07/14 22:10:31 INFO  : HateMM/RAC_video_archive_seeds/RAC_lr0.0001_Bz64_Ep30_cosSim_triplet_drop[0.2, 0.4, 0.1]_topK20__PseudoGold_positive_1_hard_negative_1_seed0_hybrid_loss_openai_clip-vit-large-patch14-336_HF/ckpt/epoch_model_4_0.8037383177570093.pt: Copied (new)
2026/07/14 22:10:31 INFO  : HateMM/RAC_video_archive_seeds/RAC_lr0.0001_Bz64_Ep30_cosSim_triplet_drop[0.2, 0.4, 0.1]_topK20__PseudoGold_positive_1_hard_negative_1_seed0_hybrid_loss_openai_clip-vit-large-patch14-336_HF/ckpt/epoch_model_6_0.8037383177570093.pt: Copied (new)
2026/07/14 22:10:32 INFO  : HateMM/RAC_video_archive_seeds/RAC_lr0.0001_Bz64_Ep30_cosSim_triplet_drop[0.2, 0.4, 0.1]_topK20__PseudoGold_positive_1_hard_negative_1_seed0_hybrid_loss_openai_clip-vit-large-patch14-336_HF/ckpt/epoch_model_5_0.7757009345794392.pt: Copied (new)
2026/07/14 22:10:32 INFO  : HateMM/RAC_video_archive_seeds/RAC_lr0.0001_Bz64_Ep30_cosSim_triplet_drop[0.2, 0.4, 0.1]_topK20__PseudoGold_positive_1_hard_negative_1_seed0_hybrid_loss_openai_clip-vit-large-patch14-336_HF/ckpt/epoch_model_8_0.794392523364486.pt: Copied (new)
2026/07/14 22:10:33 INFO  : HateMM/RAC_video_archive_seeds/RAC_lr0.0001_Bz64_Ep30_cosSim_triplet_drop[0.2, 0.4, 0.1]_topK20__PseudoGold_positive_1_hard_negative_1_seed0_hybrid_loss_openai_clip-vit-large-patch14-336_HF/ckpt/epoch_model_9_0.8130841121495327.pt: Copied (new)
2026/07/14 22:10:33 INFO  : HateMM/RAC_video_archive_seeds/RAC_lr0.0001_Bz64_Ep30_cosSim_triplet_drop[0.2, 0.4, 0.1]_topK20__PseudoGold_positive_1_hard_negative_1_seed0_hybrid_loss_openai_clip-vit-large-patch14-336_HF/ckpt/epoch_model_7_0.8037383177570093.pt: Copied (new)
2026/07/14 22:10:34 INFO  : 
Transferred:   	   58.989 GiB / 60.895 GiB, 97%, 51.253 MiB/s, ETA 38s
Checks:                 0 / 0, -, Listed 2905
Transferred:         2202 / 2277, 97%
Elapsed time:      17m0.0s
Transferring:
 * HateMM/RAC_video_archi…3_0.794392523364486.pt:100% /19.028Mi, 3.806Mi/s, 0s
 * HateMM/RAC_video_archi…9_0.794392523364486.pt:100% /19.028Mi, 6.343Mi/s, 0s
 * HateMM/RAC_video_archi…_0.8317757009345794.pt: 86% /40.028Mi, 11.353Mi/s, 0s
 * HateMM/RAC_video_archi…_0.8411214953271028.pt:100% /40.028Mi, 14.216Mi/s, 0s
 * HateMM/RAC_video_archi…5_0.822429906542056.pt: 80% /40.028Mi, 12.810Mi/s, 0s
 * HateMM/RAC_video_archi…_0.8037383177570093.pt: 51% /40.028Mi, 13.996Mi/s, 1s
 * HateMM/RAC_video_archi…0_0.794392523364486.pt: 29% /40.028Mi, 0/s, -
 * HateMM/RAC_video_archi…_0.8130841121495327.pt: 31% /40.028Mi, 0/s, -

2026/07/14 22:10:34 INFO  : HateMM/RAC_video_archive_seeds/RAC_lr0.0001_Bz64_Ep30_cosSim_triplet_drop[0.2, 0.4, 0.1]_topK20__PseudoGold_positive_1_hard_negative_1_seed0_hybrid_loss_openai_clip-vit-large-patch14-336_HF/ckpt/last_model_29_0.794392523364486.pt: Copied (new)
2026/07/14 22:10:36 INFO  : HateMM/RAC_video_archive_seeds/RAC_lr0.0001_Bz64_Ep30_cosSim_triplet_drop[0.2, 0.4, 0.1]_topK20__PseudoGold_positive_1_hard_negative_1_seed1_hybrid_loss_Qwen2.5-VL-7B-Instruct_HF/ckpt/best_model_21_0.8317757009345794.pt: Copied (new)
2026/07/14 22:10:36 INFO  : HateMM/RAC_video_archive_seeds/RAC_lr0.0001_Bz64_Ep30_cosSim_triplet_drop[0.2, 0.4, 0.1]_topK20__PseudoGold_positive_1_hard_negative_1_seed1_hybrid_loss_Qwen2.5-VL-7B-Instruct_HF/ckpt/best_model_22_0.8411214953271028.pt: Copied (new)
2026/07/14 22:10:36 INFO  : HateMM/RAC_video_archive_seeds/RAC_lr0.0001_Bz64_Ep30_cosSim_triplet_drop[0.2, 0.4, 0.1]_topK20__PseudoGold_positive_1_hard_negative_1_seed1_hybrid_loss_Qwen2.5-VL-7B-Instruct_HF/ckpt/epoch_model_0_0.8037383177570093.pt: Copied (new)
2026/07/14 22:10:37 INFO  : HateMM/RAC_video_archive_seeds/RAC_lr0.0001_Bz64_Ep30_cosSim_triplet_drop[0.2, 0.4, 0.1]_topK20__PseudoGold_positive_1_hard_negative_1_seed0_hybrid_loss_openai_clip-vit-large-patch14-336_HF/ckpt/epoch_model_3_0.794392523364486.pt: Copied (new)
2026/07/14 22:10:38 INFO  : HateMM/RAC_video_archive_seeds/RAC_lr0.0001_Bz64_Ep30_cosSim_triplet_drop[0.2, 0.4, 0.1]_topK20__PseudoGold_positive_1_hard_negative_1_seed1_hybrid_loss_Qwen2.5-VL-7B-Instruct_HF/ckpt/best_model_5_0.822429906542056.pt: Copied (new)
2026/07/14 22:10:39 INFO  : HateMM/RAC_video_archive_seeds/RAC_lr0.0001_Bz64_Ep30_cosSim_triplet_drop[0.2, 0.4, 0.1]_topK20__PseudoGold_positive_1_hard_negative_1_seed1_hybrid_loss_Qwen2.5-VL-7B-Instruct_HF/ckpt/epoch_model_10_0.794392523364486.pt: Copied (new)
2026/07/14 22:10:39 INFO  : HateMM/RAC_video_archive_seeds/RAC_lr0.0001_Bz64_Ep30_cosSim_triplet_drop[0.2, 0.4, 0.1]_topK20__PseudoGold_positive_1_hard_negative_1_seed1_hybrid_loss_Qwen2.5-VL-7B-Instruct_HF/ckpt/epoch_model_11_0.8130841121495327.pt: Copied (new)
2026/07/14 22:10:40 INFO  : HateMM/RAC_video_archive_seeds/RAC_lr0.0001_Bz64_Ep30_cosSim_triplet_drop[0.2, 0.4, 0.1]_topK20__PseudoGold_positive_1_hard_negative_1_seed1_hybrid_loss_Qwen2.5-VL-7B-Instruct_HF/ckpt/epoch_model_14_0.7850467289719626.pt: Copied (new)
2026/07/14 22:10:40 INFO  : HateMM/RAC_video_archive_seeds/RAC_lr0.0001_Bz64_Ep30_cosSim_triplet_drop[0.2, 0.4, 0.1]_topK20__PseudoGold_positive_1_hard_negative_1_seed1_hybrid_loss_Qwen2.5-VL-7B-Instruct_HF/ckpt/epoch_model_13_0.794392523364486.pt: Copied (new)
2026/07/14 22:10:41 INFO  : HateMM/RAC_video_archive_seeds/RAC_lr0.0001_Bz64_Ep30_cosSim_triplet_drop[0.2, 0.4, 0.1]_topK20__PseudoGold_positive_1_hard_negative_1_seed1_hybrid_loss_Qwen2.5-VL-7B-Instruct_HF/ckpt/epoch_model_12_0.8037383177570093.pt: Copied (new)
2026/07/14 22:10:42 INFO  : HateMM/RAC_video_archive_seeds/RAC_lr0.0001_Bz64_Ep30_cosSim_triplet_drop[0.2, 0.4, 0.1]_topK20__PseudoGold_positive_1_hard_negative_1_seed1_hybrid_loss_Qwen2.5-VL-7B-Instruct_HF/ckpt/epoch_model_15_0.8130841121495327.pt: Copied (new)
2026/07/14 22:10:43 INFO  : HateMM/RAC_video_archive_seeds/RAC_lr0.0001_Bz64_Ep30_cosSim_triplet_drop[0.2, 0.4, 0.1]_topK20__PseudoGold_positive_1_hard_negative_1_seed1_hybrid_loss_Qwen2.5-VL-7B-Instruct_HF/ckpt/epoch_model_17_0.794392523364486.pt: Copied (new)
2026/07/14 22:10:43 INFO  : HateMM/RAC_video_archive_seeds/RAC_lr0.0001_Bz64_Ep30_cosSim_triplet_drop[0.2, 0.4, 0.1]_topK20__PseudoGold_positive_1_hard_negative_1_seed1_hybrid_loss_Qwen2.5-VL-7B-Instruct_HF/ckpt/epoch_model_19_0.794392523364486.pt: Copied (new)
2026/07/14 22:10:44 INFO  : HateMM/RAC_video_archive_seeds/RAC_lr0.0001_Bz64_Ep30_cosSim_triplet_drop[0.2, 0.4, 0.1]_topK20__PseudoGold_positive_1_hard_negative_1_seed1_hybrid_loss_Qwen2.5-VL-7B-Instruct_HF/ckpt/epoch_model_1_0.8130841121495327.pt: Copied (new)
2026/07/14 22:10:45 INFO  : HateMM/RAC_video_archive_seeds/RAC_lr0.0001_Bz64_Ep30_cosSim_triplet_drop[0.2, 0.4, 0.1]_topK20__PseudoGold_positive_1_hard_negative_1_seed1_hybrid_loss_Qwen2.5-VL-7B-Instruct_HF/ckpt/epoch_model_22_0.8411214953271028.pt: Copied (new)
2026/07/14 22:10:46 INFO  : HateMM/RAC_video_archive_seeds/RAC_lr0.0001_Bz64_Ep30_cosSim_triplet_drop[0.2, 0.4, 0.1]_topK20__PseudoGold_positive_1_hard_negative_1_seed1_hybrid_loss_Qwen2.5-VL-7B-Instruct_HF/ckpt/epoch_model_20_0.8130841121495327.pt: Copied (new)
2026/07/14 22:10:47 INFO  : HateMM/RAC_video_archive_seeds/RAC_lr0.0001_Bz64_Ep30_cosSim_triplet_drop[0.2, 0.4, 0.1]_topK20__PseudoGold_positive_1_hard_negative_1_seed1_hybrid_loss_Qwen2.5-VL-7B-Instruct_HF/ckpt/epoch_model_18_0.8037383177570093.pt: Copied (new)
2026/07/14 22:10:47 INFO  : HateMM/RAC_video_archive_seeds/RAC_lr0.0001_Bz64_Ep30_cosSim_triplet_drop[0.2, 0.4, 0.1]_topK20__PseudoGold_positive_1_hard_negative_1_seed1_hybrid_loss_Qwen2.5-VL-7B-Instruct_HF/ckpt/epoch_model_23_0.822429906542056.pt: Copied (new)
2026/07/14 22:10:48 INFO  : HateMM/RAC_video_archive_seeds/RAC_lr0.0001_Bz64_Ep30_cosSim_triplet_drop[0.2, 0.4, 0.1]_topK20__PseudoGold_positive_1_hard_negative_1_seed1_hybrid_loss_Qwen2.5-VL-7B-Instruct_HF/ckpt/epoch_model_25_0.822429906542056.pt: Copied (new)
2026/07/14 22:10:48 INFO  : HateMM/RAC_video_archive_seeds/RAC_lr0.0001_Bz64_Ep30_cosSim_triplet_drop[0.2, 0.4, 0.1]_topK20__PseudoGold_positive_1_hard_negative_1_seed1_hybrid_loss_Qwen2.5-VL-7B-Instruct_HF/ckpt/epoch_model_26_0.8317757009345794.pt: Copied (new)
2026/07/14 22:10:49 INFO  : HateMM/RAC_video_archive_seeds/RAC_lr0.0001_Bz64_Ep30_cosSim_triplet_drop[0.2, 0.4, 0.1]_topK20__PseudoGold_positive_1_hard_negative_1_seed1_hybrid_loss_Qwen2.5-VL-7B-Instruct_HF/ckpt/epoch_model_24_0.8317757009345794.pt: Copied (new)
2026/07/14 22:10:49 INFO  : HateMM/RAC_video_archive_seeds/RAC_lr0.0001_Bz64_Ep30_cosSim_triplet_drop[0.2, 0.4, 0.1]_topK20__PseudoGold_positive_1_hard_negative_1_seed1_hybrid_loss_Qwen2.5-VL-7B-Instruct_HF/ckpt/epoch_model_21_0.8317757009345794.pt: Copied (new)
2026/07/14 22:10:51 INFO  : HateMM/RAC_video_archive_seeds/RAC_lr0.0001_Bz64_Ep30_cosSim_triplet_drop[0.2, 0.4, 0.1]_topK20__PseudoGold_positive_1_hard_negative_1_seed1_hybrid_loss_Qwen2.5-VL-7B-Instruct_HF/ckpt/epoch_model_28_0.822429906542056.pt: Copied (new)
2026/07/14 22:10:51 INFO  : HateMM/RAC_video_archive_seeds/RAC_lr0.0001_Bz64_Ep30_cosSim_triplet_drop[0.2, 0.4, 0.1]_topK20__PseudoGold_positive_1_hard_negative_1_seed1_hybrid_loss_Qwen2.5-VL-7B-Instruct_HF/ckpt/epoch_model_27_0.8317757009345794.pt: Copied (new)
2026/07/14 22:10:52 INFO  : HateMM/RAC_video_archive_seeds/RAC_lr0.0001_Bz64_Ep30_cosSim_triplet_drop[0.2, 0.4, 0.1]_topK20__PseudoGold_positive_1_hard_negative_1_seed1_hybrid_loss_Qwen2.5-VL-7B-Instruct_HF/ckpt/epoch_model_3_0.8130841121495327.pt: Copied (new)
2026/07/14 22:10:52 INFO  : HateMM/RAC_video_archive_seeds/RAC_lr0.0001_Bz64_Ep30_cosSim_triplet_drop[0.2, 0.4, 0.1]_topK20__PseudoGold_positive_1_hard_negative_1_seed1_hybrid_loss_Qwen2.5-VL-7B-Instruct_HF/ckpt/epoch_model_2_0.7850467289719626.pt: Copied (new)
2026/07/14 22:10:52 INFO  : HateMM/RAC_video_archive_seeds/RAC_lr0.0001_Bz64_Ep30_cosSim_triplet_drop[0.2, 0.4, 0.1]_topK20__PseudoGold_positive_1_hard_negative_1_seed1_hybrid_loss_Qwen2.5-VL-7B-Instruct_HF/ckpt/epoch_model_29_0.822429906542056.pt: Copied (new)
2026/07/14 22:10:54 INFO  : HateMM/RAC_video_archive_seeds/RAC_lr0.0001_Bz64_Ep30_cosSim_triplet_drop[0.2, 0.4, 0.1]_topK20__PseudoGold_positive_1_hard_negative_1_seed1_hybrid_loss_Qwen2.5-VL-7B-Instruct_HF/ckpt/epoch_model_16_0.8037383177570093.pt: Copied (new)
2026/07/14 22:10:54 INFO  : HateMM/RAC_video_archive_seeds/RAC_lr0.0001_Bz64_Ep30_cosSim_triplet_drop[0.2, 0.4, 0.1]_topK20__PseudoGold_positive_1_hard_negative_1_seed1_hybrid_loss_Qwen2.5-VL-7B-Instruct_HF/ckpt/epoch_model_4_0.8317757009345794.pt: Copied (new)
2026/07/14 22:10:55 INFO  : HateMM/RAC_video_archive_seeds/RAC_lr0.0001_Bz64_Ep30_cosSim_triplet_drop[0.2, 0.4, 0.1]_topK20__PseudoGold_positive_1_hard_negative_1_seed1_hybrid_loss_Qwen2.5-VL-7B-Instruct_HF/ckpt/epoch_model_8_0.794392523364486.pt: Copied (new)
2026/07/14 22:10:56 INFO  : HateMM/RAC_video_archive_seeds/RAC_lr0.0001_Bz64_Ep30_cosSim_triplet_drop[0.2, 0.4, 0.1]_topK20__PseudoGold_positive_1_hard_negative_1_seed1_hybrid_loss_Qwen2.5-VL-7B-Instruct_HF/ckpt/epoch_model_6_0.7850467289719626.pt: Copied (new)
2026/07/14 22:10:57 INFO  : HateMM/RAC_video_archive_seeds/RAC_lr0.0001_Bz64_Ep30_cosSim_triplet_drop[0.2, 0.4, 0.1]_topK20__PseudoGold_positive_1_hard_negative_1_seed1_hybrid_loss_openai_clip-vit-large-patch14-336_HF/ckpt/best_model_21_0.8317757009345794.pt: Copied (new)
2026/07/14 22:10:57 INFO  : HateMM/RAC_video_archive_seeds/RAC_lr0.0001_Bz64_Ep30_cosSim_triplet_drop[0.2, 0.4, 0.1]_topK20__PseudoGold_positive_1_hard_negative_1_seed1_hybrid_loss_Qwen2.5-VL-7B-Instruct_HF/ckpt/epoch_model_9_0.8037383177570093.pt: Copied (new)
2026/07/14 22:10:57 INFO  : HateMM/RAC_video_archive_seeds/RAC_lr0.0001_Bz64_Ep30_cosSim_triplet_drop[0.2, 0.4, 0.1]_topK20__PseudoGold_positive_1_hard_negative_1_seed1_hybrid_loss_openai_clip-vit-large-patch14-336_HF/ckpt/best_model_23_0.8411214953271028.pt: Copied (new)
2026/07/14 22:10:58 INFO  : HateMM/RAC_video_archive_seeds/RAC_lr0.0001_Bz64_Ep30_cosSim_triplet_drop[0.2, 0.4, 0.1]_topK20__PseudoGold_positive_1_hard_negative_1_seed1_hybrid_loss_openai_clip-vit-large-patch14-336_HF/ckpt/best_model_24_0.8411214953271028.pt: Copied (new)
2026/07/14 22:10:58 INFO  : HateMM/RAC_video_archive_seeds/RAC_lr0.0001_Bz64_Ep30_cosSim_triplet_drop[0.2, 0.4, 0.1]_topK20__PseudoGold_positive_1_hard_negative_1_seed1_hybrid_loss_Qwen2.5-VL-7B-Instruct_HF/ckpt/last_model_29_0.822429906542056.pt: Copied (new)
2026/07/14 22:10:59 INFO  : HateMM/RAC_video_archive_seeds/RAC_lr0.0001_Bz64_Ep30_cosSim_triplet_drop[0.2, 0.4, 0.1]_topK20__PseudoGold_positive_1_hard_negative_1_seed1_hybrid_loss_Qwen2.5-VL-7B-Instruct_HF/ckpt/epoch_model_5_0.822429906542056.pt: Copied (new)
2026/07/14 22:10:59 INFO  : HateMM/RAC_video_archive_seeds/RAC_lr0.0001_Bz64_Ep30_cosSim_triplet_drop[0.2, 0.4, 0.1]_topK20__PseudoGold_positive_1_hard_negative_1_seed1_hybrid_loss_openai_clip-vit-large-patch14-336_HF/ckpt/best_model_26_0.8504672897196262.pt: Copied (new)
2026/07/14 22:10:59 INFO  : HateMM/RAC_video_archive_seeds/RAC_lr0.0001_Bz64_Ep30_cosSim_triplet_drop[0.2, 0.4, 0.1]_topK20__PseudoGold_positive_1_hard_negative_1_seed1_hybrid_loss_openai_clip-vit-large-patch14-336_HF/ckpt/best_model_7_0.822429906542056.pt: Copied (new)
2026/07/14 22:10:59 INFO  : HateMM/RAC_video_archive_seeds/RAC_lr0.0001_Bz64_Ep30_cosSim_triplet_drop[0.2, 0.4, 0.1]_topK20__PseudoGold_positive_1_hard_negative_1_seed1_hybrid_loss_openai_clip-vit-large-patch14-336_HF/ckpt/best_model_5_0.8130841121495327.pt: Copied (new)
2026/07/14 22:11:01 INFO  : HateMM/RAC_video_archive_seeds/RAC_lr0.0001_Bz64_Ep30_cosSim_triplet_drop[0.2, 0.4, 0.1]_topK20__PseudoGold_positive_1_hard_negative_1_seed1_hybrid_loss_Qwen2.5-VL-7B-Instruct_HF/ckpt/epoch_model_7_0.794392523364486.pt: Copied (new)
2026/07/14 22:11:01 INFO  : HateMM/RAC_video_archive_seeds/RAC_lr0.0001_Bz64_Ep30_cosSim_triplet_drop[0.2, 0.4, 0.1]_topK20__PseudoGold_positive_1_hard_negative_1_seed1_hybrid_loss_openai_clip-vit-large-patch14-336_HF/ckpt/best_model_8_0.822429906542056.pt: Copied (new)
2026/07/14 22:11:01 INFO  : HateMM/RAC_video_archive_seeds/RAC_lr0.0001_Bz64_Ep30_cosSim_triplet_drop[0.2, 0.4, 0.1]_topK20__PseudoGold_positive_1_hard_negative_1_seed1_hybrid_loss_openai_clip-vit-large-patch14-336_HF/ckpt/epoch_model_11_0.7757009345794392.pt: Copied (new)
2026/07/14 22:11:01 INFO  : HateMM/RAC_video_archive_seeds/RAC_lr0.0001_Bz64_Ep30_cosSim_triplet_drop[0.2, 0.4, 0.1]_topK20__PseudoGold_positive_1_hard_negative_1_seed1_hybrid_loss_openai_clip-vit-large-patch14-336_HF/ckpt/epoch_model_12_0.7757009345794392.pt: Copied (new)
2026/07/14 22:11:01 INFO  : HateMM/RAC_video_archive_seeds/RAC_lr0.0001_Bz64_Ep30_cosSim_triplet_drop[0.2, 0.4, 0.1]_topK20__PseudoGold_positive_1_hard_negative_1_seed1_hybrid_loss_openai_clip-vit-large-patch14-336_HF/ckpt/best_model_20_0.8317757009345794.pt: Copied (new)
2026/07/14 22:11:02 INFO  : HateMM/RAC_video_archive_seeds/RAC_lr0.0001_Bz64_Ep30_cosSim_triplet_drop[0.2, 0.4, 0.1]_topK20__PseudoGold_positive_1_hard_negative_1_seed1_hybrid_loss_openai_clip-vit-large-patch14-336_HF/ckpt/epoch_model_0_0.7663551401869159.pt: Copied (new)
2026/07/14 22:11:02 INFO  : HateMM/RAC_video_archive_seeds/RAC_lr0.0001_Bz64_Ep30_cosSim_triplet_drop[0.2, 0.4, 0.1]_topK20__PseudoGold_positive_1_hard_negative_1_seed1_hybrid_loss_openai_clip-vit-large-patch14-336_HF/ckpt/epoch_model_10_0.8130841121495327.pt: Copied (new)
2026/07/14 22:11:03 INFO  : HateMM/RAC_video_archive_seeds/RAC_lr0.0001_Bz64_Ep30_cosSim_triplet_drop[0.2, 0.4, 0.1]_topK20__PseudoGold_positive_1_hard_negative_1_seed1_hybrid_loss_openai_clip-vit-large-patch14-336_HF/ckpt/epoch_model_17_0.822429906542056.pt: Copied (new)
2026/07/14 22:11:04 INFO  : HateMM/RAC_video_archive_seeds/RAC_lr0.0001_Bz64_Ep30_cosSim_triplet_drop[0.2, 0.4, 0.1]_topK20__PseudoGold_positive_1_hard_negative_1_seed1_hybrid_loss_openai_clip-vit-large-patch14-336_HF/ckpt/epoch_model_16_0.794392523364486.pt: Copied (new)
2026/07/14 22:11:04 INFO  : HateMM/RAC_video_archive_seeds/RAC_lr0.0001_Bz64_Ep30_cosSim_triplet_drop[0.2, 0.4, 0.1]_topK20__PseudoGold_positive_1_hard_negative_1_seed1_hybrid_loss_openai_clip-vit-large-patch14-336_HF/ckpt/epoch_model_15_0.7850467289719626.pt: Copied (new)
2026/07/14 22:11:04 INFO  : HateMM/RAC_video_archive_seeds/RAC_lr0.0001_Bz64_Ep30_cosSim_triplet_drop[0.2, 0.4, 0.1]_topK20__PseudoGold_positive_1_hard_negative_1_seed1_hybrid_loss_openai_clip-vit-large-patch14-336_HF/ckpt/epoch_model_13_0.822429906542056.pt: Copied (new)
2026/07/14 22:11:05 INFO  : HateMM/RAC_video_archive_seeds/RAC_lr0.0001_Bz64_Ep30_cosSim_triplet_drop[0.2, 0.4, 0.1]_topK20__PseudoGold_positive_1_hard_negative_1_seed1_hybrid_loss_openai_clip-vit-large-patch14-336_HF/ckpt/epoch_model_19_0.822429906542056.pt: Copied (new)
2026/07/14 22:11:05 INFO  : HateMM/RAC_video_archive_seeds/RAC_lr0.0001_Bz64_Ep30_cosSim_triplet_drop[0.2, 0.4, 0.1]_topK20__PseudoGold_positive_1_hard_negative_1_seed1_hybrid_loss_openai_clip-vit-large-patch14-336_HF/ckpt/epoch_model_20_0.8317757009345794.pt: Copied (new)
2026/07/14 22:11:05 INFO  : HateMM/RAC_video_archive_seeds/RAC_lr0.0001_Bz64_Ep30_cosSim_triplet_drop[0.2, 0.4, 0.1]_topK20__PseudoGold_positive_1_hard_negative_1_seed1_hybrid_loss_openai_clip-vit-large-patch14-336_HF/ckpt/epoch_model_1_0.7663551401869159.pt: Copied (new)
2026/07/14 22:11:06 INFO  : HateMM/RAC_video_archive_seeds/RAC_lr0.0001_Bz64_Ep30_cosSim_triplet_drop[0.2, 0.4, 0.1]_topK20__PseudoGold_positive_1_hard_negative_1_seed1_hybrid_loss_openai_clip-vit-large-patch14-336_HF/ckpt/epoch_model_14_0.7570093457943925.pt: Copied (new)
2026/07/14 22:11:06 INFO  : HateMM/RAC_video_archive_seeds/RAC_lr0.0001_Bz64_Ep30_cosSim_triplet_drop[0.2, 0.4, 0.1]_topK20__PseudoGold_positive_1_hard_negative_1_seed1_hybrid_loss_openai_clip-vit-large-patch14-336_HF/ckpt/epoch_model_18_0.8130841121495327.pt: Copied (new)
2026/07/14 22:11:06 INFO  : HateMM/RAC_video_archive_seeds/RAC_lr0.0001_Bz64_Ep30_cosSim_triplet_drop[0.2, 0.4, 0.1]_topK20__PseudoGold_positive_1_hard_negative_1_seed1_hybrid_loss_openai_clip-vit-large-patch14-336_HF/ckpt/epoch_model_25_0.8130841121495327.pt: Copied (new)
2026/07/14 22:11:06 INFO  : HateMM/RAC_video_archive_seeds/RAC_lr0.0001_Bz64_Ep30_cosSim_triplet_drop[0.2, 0.4, 0.1]_topK20__PseudoGold_positive_1_hard_negative_1_seed1_hybrid_loss_openai_clip-vit-large-patch14-336_HF/ckpt/epoch_model_22_0.8317757009345794.pt: Copied (new)
2026/07/14 22:11:07 INFO  : HateMM/RAC_video_archive_seeds/RAC_lr0.0001_Bz64_Ep30_cosSim_triplet_drop[0.2, 0.4, 0.1]_topK20__PseudoGold_positive_1_hard_negative_1_seed1_hybrid_loss_openai_clip-vit-large-patch14-336_HF/ckpt/epoch_model_23_0.8411214953271028.pt: Copied (new)
2026/07/14 22:11:08 INFO  : HateMM/RAC_video_archive_seeds/RAC_lr0.0001_Bz64_Ep30_cosSim_triplet_drop[0.2, 0.4, 0.1]_topK20__PseudoGold_positive_1_hard_negative_1_seed1_hybrid_loss_openai_clip-vit-large-patch14-336_HF/ckpt/epoch_model_21_0.8317757009345794.pt: Copied (new)
2026/07/14 22:11:08 INFO  : HateMM/RAC_video_archive_seeds/RAC_lr0.0001_Bz64_Ep30_cosSim_triplet_drop[0.2, 0.4, 0.1]_topK20__PseudoGold_positive_1_hard_negative_1_seed1_hybrid_loss_openai_clip-vit-large-patch14-336_HF/ckpt/epoch_model_29_0.8130841121495327.pt: Copied (new)
2026/07/14 22:11:09 INFO  : HateMM/RAC_video_archive_seeds/RAC_lr0.0001_Bz64_Ep30_cosSim_triplet_drop[0.2, 0.4, 0.1]_topK20__PseudoGold_positive_1_hard_negative_1_seed1_hybrid_loss_openai_clip-vit-large-patch14-336_HF/ckpt/epoch_model_24_0.8411214953271028.pt: Copied (new)
2026/07/14 22:11:09 INFO  : HateMM/RAC_video_archive_seeds/RAC_lr0.0001_Bz64_Ep30_cosSim_triplet_drop[0.2, 0.4, 0.1]_topK20__PseudoGold_positive_1_hard_negative_1_seed1_hybrid_loss_openai_clip-vit-large-patch14-336_HF/ckpt/epoch_model_3_0.7850467289719626.pt: Copied (new)
2026/07/14 22:11:09 INFO  : HateMM/RAC_video_archive_seeds/RAC_lr0.0001_Bz64_Ep30_cosSim_triplet_drop[0.2, 0.4, 0.1]_topK20__PseudoGold_positive_1_hard_negative_1_seed1_hybrid_loss_openai_clip-vit-large-patch14-336_HF/ckpt/epoch_model_2_0.794392523364486.pt: Copied (new)
2026/07/14 22:11:10 INFO  : HateMM/RAC_video_archive_seeds/RAC_lr0.0001_Bz64_Ep30_cosSim_triplet_drop[0.2, 0.4, 0.1]_topK20__PseudoGold_positive_1_hard_negative_1_seed1_hybrid_loss_openai_clip-vit-large-patch14-336_HF/ckpt/epoch_model_28_0.8317757009345794.pt: Copied (new)
2026/07/14 22:11:10 INFO  : HateMM/RAC_video_archive_seeds/RAC_lr0.0001_Bz64_Ep30_cosSim_triplet_drop[0.2, 0.4, 0.1]_topK20__PseudoGold_positive_1_hard_negative_1_seed1_hybrid_loss_openai_clip-vit-large-patch14-336_HF/ckpt/epoch_model_5_0.8130841121495327.pt: Copied (new)
2026/07/14 22:11:10 INFO  : HateMM/RAC_video_archive_seeds/RAC_lr0.0001_Bz64_Ep30_cosSim_triplet_drop[0.2, 0.4, 0.1]_topK20__PseudoGold_positive_1_hard_negative_1_seed1_hybrid_loss_openai_clip-vit-large-patch14-336_HF/ckpt/epoch_model_26_0.8504672897196262.pt: Copied (new)
2026/07/14 22:11:11 INFO  : HateMM/RAC_video_archive_seeds/RAC_lr0.0001_Bz64_Ep30_cosSim_triplet_drop[0.2, 0.4, 0.1]_topK20__PseudoGold_positive_1_hard_negative_1_seed1_hybrid_loss_openai_clip-vit-large-patch14-336_HF/ckpt/epoch_model_27_0.822429906542056.pt: Copied (new)
2026/07/14 22:11:11 INFO  : HateMM/RAC_video_archive_seeds/RAC_lr0.0001_Bz64_Ep30_cosSim_triplet_drop[0.2, 0.4, 0.1]_topK20__PseudoGold_positive_1_hard_negative_1_seed1_hybrid_loss_openai_clip-vit-large-patch14-336_HF/ckpt/epoch_model_4_0.794392523364486.pt: Copied (new)
2026/07/14 22:11:11 INFO  : HateMM/RAC_video_archive_seeds/RAC_lr0.0001_Bz64_Ep30_cosSim_triplet_drop[0.2, 0.4, 0.1]_topK20__PseudoGold_positive_1_hard_negative_1_seed1_hybrid_loss_openai_clip-vit-large-patch14-336_HF/ckpt/last_model_29_0.8130841121495327.pt: Copied (new)
2026/07/14 22:11:12 INFO  : HateMM/RAC_video_archive_seeds/RAC_lr0.0001_Bz64_Ep30_cosSim_triplet_drop[0.2, 0.4, 0.1]_topK20__PseudoGold_positive_1_hard_negative_1_seed1_hybrid_loss_openai_clip-vit-large-patch14-336_HF/ckpt/epoch_model_7_0.822429906542056.pt: Copied (new)
2026/07/14 22:11:12 INFO  : HateMM/RAC_video_archive_seeds/RAC_lr0.0001_Bz64_Ep30_cosSim_triplet_drop[0.2, 0.4, 0.1]_topK20__PseudoGold_positive_1_hard_negative_1_seed1_hybrid_loss_openai_clip-vit-large-patch14-336_HF/ckpt/epoch_model_9_0.8130841121495327.pt: Copied (new)
2026/07/14 22:11:12 INFO  : HateMM/RAC_video_archive_seeds/RAC_lr0.0001_Bz64_Ep30_cosSim_triplet_drop[0.2, 0.4, 0.1]_topK20__PseudoGold_positive_1_hard_negative_1_seed1_hybrid_loss_openai_clip-vit-large-patch14-336_HF/ckpt/epoch_model_8_0.822429906542056.pt: Copied (new)
2026/07/14 22:11:14 INFO  : HateMM/RAC_video_archive_seeds/RAC_lr0.0001_Bz64_Ep30_cosSim_triplet_drop[0.2, 0.4, 0.1]_topK20__PseudoGold_positive_1_hard_negative_1_seed1_hybrid_loss_openai_clip-vit-large-patch14-336_HF/ckpt/epoch_model_6_0.8037383177570093.pt: Copied (new)
2026/07/14 22:11:14 INFO  : 
Transferred:   	   60.895 GiB / 60.895 GiB, 100%, 43.831 MiB/s, ETA 0s
Checks:                 0 / 0, -, Listed 2905
Transferred:         2277 / 2277, 100%
Elapsed time:     17m39.7s

