2026/08/06 08:25:44 INFO  : Using sha1 for hash comparisons
2026/08/06 08:25:45 NOTICE: .aris/tools: Can't follow symlink without -L/--copy-links
2026/08/06 08:25:45 NOTICE: data/_src_Multihateclip: Can't follow symlink without -L/--copy-links
2026/08/06 08:25:48 ERROR : slurm/logs/b2_backup_0806_14146_repo.check.log: file not in B2 bucket junyi-data path RGCL_video/manual_backup_2026-08-06/RGCL
2026/08/06 08:25:48 ERROR : slurm/logs/b2_backup_0806_14146_repo.rclone.log: file not in B2 bucket junyi-data path RGCL_video/manual_backup_2026-08-06/RGCL
2026/08/06 08:25:48 ERROR : slurm/logs/b2backup0806_14146.out: sizes differ
2026/08/06 08:25:50 NOTICE: artifacts/c06_falsifier/fidelity_view/mint_hatemm_s0_ffull.npz: Can't follow symlink without -L/--copy-links
2026/08/06 08:25:50 NOTICE: artifacts/c06_falsifier/fidelity_view/mint_hatemm_s1_ffull.npz: Can't follow symlink without -L/--copy-links
2026/08/06 08:25:50 NOTICE: artifacts/c06_falsifier/fidelity_view/mint_hatemm_s2_ffull.npz: Can't follow symlink without -L/--copy-links
2026/08/06 08:25:50 NOTICE: artifacts/c06_falsifier/fidelity_view/mint_zh_s0_ffull.npz: Can't follow symlink without -L/--copy-links
2026/08/06 08:25:50 NOTICE: artifacts/c06_falsifier/fidelity_view/mint_zh_s1_ffull.npz: Can't follow symlink without -L/--copy-links
2026/08/06 08:25:50 NOTICE: artifacts/c06_falsifier/fidelity_view/mint_zh_s2_ffull.npz: Can't follow symlink without -L/--copy-links
2026/08/06 08:26:01 NOTICE: data/video/MHC_temporal: Can't follow symlink without -L/--copy-links
2026/08/06 08:26:01 NOTICE: data/video/MHC_zh_temporal: Can't follow symlink without -L/--copy-links
2026/08/06 08:26:05 NOTICE: data/video/HateClipSeg/All/bit_BH9CoggyV5sh.mp4: Can't follow symlink without -L/--copy-links
2026/08/06 08:26:05 NOTICE: data/video/HateClipSeg/All/bit_mqNiM3cxO3af.mp4: Can't follow symlink without -L/--copy-links
2026/08/06 08:26:05 NOTICE: data/video/HateClipSeg/All/bit_BZHgHkIw13Fi.mp4: Can't follow symlink without -L/--copy-links
2026/08/06 08:26:05 NOTICE: data/video/HateClipSeg/All/bit_5ETFPwUAKnLf.mp4: Can't follow symlink without -L/--copy-links
2026/08/06 08:26:05 NOTICE: data/video/HateClipSeg/All/bit_DFReSOwVnuSG.mp4: Can't follow symlink without -L/--copy-links
2026/08/06 08:26:05 NOTICE: data/video/HateClipSeg/All/bit_A7piMLsDQgXd.mp4: Can't follow symlink without -L/--copy-links
2026/08/06 08:26:05 NOTICE: data/video/HateClipSeg/All/bit_ATVPRSCWONOP.mp4: Can't follow symlink without -L/--copy-links
2026/08/06 08:26:05 NOTICE: data/video/HateClipSeg/All/bit_AZovlw3L8l8Y.mp4: Can't follow symlink without -L/--copy-links
2026/08/06 08:26:05 NOTICE: data/video/HateClipSeg/All/bit_NcIohi7mCuVI.mp4: Can't follow symlink without -L/--copy-links
2026/08/06 08:26:05 NOTICE: data/video/HateClipSeg/All/yt_5yZByxbH8cg.mp4: Can't follow symlink without -L/--copy-links
2026/08/06 08:26:05 NOTICE: data/video/HateClipSeg/All/bit_DR1bootSpmQK.mp4: Can't follow symlink without -L/--copy-links
2026/08/06 08:26:05 NOTICE: data/video/HateClipSeg/All/bit_0EHvMSiEHVoc.mp4: Can't follow symlink without -L/--copy-links
2026/08/06 08:26:05 NOTICE: data/video/HateClipSeg/All/bit_Dn2AWVRIgEVd.mp4: Can't follow symlink without -L/--copy-links
2026/08/06 08:26:05 NOTICE: data/video/HateClipSeg/All/bit_0SYLs1h6WtM2.mp4: Can't follow symlink without -L/--copy-links
2026/08/06 08:26:05 NOTICE: data/video/HateClipSeg/All/bit_E9WnMhzMFUWP.mp4: Can't follow symlink without -L/--copy-links
2026/08/06 08:26:05 NOTICE: data/video/HateClipSeg/All/bit_0ZrexCZJ860o.mp4: Can't follow symlink without -L/--copy-links
2026/08/06 08:26:05 NOTICE: data/video/HateClipSeg/All/bit_EH4buPGuFok7.mp4: Can't follow symlink without -L/--copy-links
2026/08/06 08:26:05 NOTICE: data/video/HateClipSeg/All/bit_0dcMcI6hYjhw.mp4: Can't follow symlink without -L/--copy-links
2026/08/06 08:26:05 NOTICE: data/video/HateClipSeg/All/bit_EhHEgqyLopjL.mp4: Can't follow symlink without -L/--copy-links
2026/08/06 08:26:05 NOTICE: data/video/HateClipSeg/All/bit_0e61b9MSI4mx.mp4: Can't follow symlink without -L/--copy-links
2026/08/06 08:26:05 NOTICE: data/video/HateClipSeg/All/bit_FCWyEzSntMJh.mp4: Can't follow symlink without -L/--copy-links
2026/08/06 08:26:05 NOTICE: data/video/HateClipSeg/All/bit_0ikioG8LBXn6.mp4: Can't follow symlink without -L/--copy-links
2026/08/06 08:26:05 NOTICE: data/video/HateClipSeg/All/bit_FK4MGsKanAnE.mp4: Can't follow symlink without -L/--copy-links
2026/08/06 08:26:05 NOTICE: data/video/HateClipSeg/All/bit_1MmYUYfYLBQM.mp4: Can't follow symlink without -L/--copy-links
2026/08/06 08:26:05 NOTICE: data/video/HateClipSeg/All/bit_FNGFE3pLDLfu.mp4: Can't follow symlink without -L/--copy-links
2026/08/06 08:26:05 NOTICE: data/video/HateClipSeg/All/bit_1R6aAMuJnH2t.mp4: Can't follow symlink without -L/--copy-links
2026/08/06 08:26:05 NOTICE: data/video/HateClipSeg/All/bit_FObVrmWRz4hG.mp4: Can't follow symlink without -L/--copy-links
2026/08/06 08:26:05 NOTICE: data/video/HateClipSeg/All/bit_1tSlrQp29rhp.mp4: Can't follow symlink without -L/--copy-links
2026/08/06 08:26:05 NOTICE: data/video/HateClipSeg/All/bit_FTkzcbWQIcjn.mp4: Can't follow symlink without -L/--copy-links
2026/08/06 08:26:05 NOTICE: data/video/HateClipSeg/All/bit_1yMeybakjXHe.mp4: Can't follow symlink without -L/--copy-links
2026/08/06 08:26:05 NOTICE: data/video/HateClipSeg/All/bit_FW2qCFPJMpNp.mp4: Can't follow symlink without -L/--copy-links
2026/08/06 08:26:05 NOTICE: data/video/HateClipSeg/All/bit_2AX22tKwbovE.mp4: Can't follow symlink without -L/--copy-links
2026/08/06 08:26:05 NOTICE: data/video/HateClipSeg/All/bit_G2gIZt78r1dm.mp4: Can't follow symlink without -L/--copy-links
2026/08/06 08:26:05 NOTICE: data/video/HateClipSeg/All/bit_2Fi9L4EcJScv.mp4: Can't follow symlink without -L/--copy-links
2026/08/06 08:26:05 NOTICE: data/video/HateClipSeg/All/bit_Gd82dgNBRzPw.mp4: Can't follow symlink without -L/--copy-links
2026/08/06 08:26:05 NOTICE: data/video/HateClipSeg/All/bit_2ZR4SYsWDs7V.mp4: Can't follow symlink without -L/--copy-links
2026/08/06 08:26:05 NOTICE: data/video/HateClipSeg/All/bit_GhbaWPYcrixI.mp4: Can't follow symlink without -L/--copy-links
2026/08/06 08:26:05 NOTICE: data/video/HateClipSeg/All/bit_2fiDtpXIXSC1.mp4: Can't follow symlink without -L/--copy-links
2026/08/06 08:26:05 NOTICE: data/video/HateClipSeg/All/bit_H50i5iAhFUru.mp4: Can't follow symlink without -L/--copy-links
2026/08/06 08:26:05 NOTICE: data/video/HateClipSeg/All/bit_2tGMW5T5IbNz.mp4: Can't follow symlink without -L/--copy-links
2026/08/06 08:26:05 NOTICE: data/video/HateClipSeg/All/bit_H6MYrA7ZTokV.mp4: Can't follow symlink without -L/--copy-links
2026/08/06 08:26:05 NOTICE: data/video/HateClipSeg/All/bit_3Cgl0tIPDmSq.mp4: Can't follow symlink without -L/--copy-links
2026/08/06 08:26:05 NOTICE: data/video/HateClipSeg/All/bit_H8ZwlkYdXPUw.mp4: Can't follow symlink without -L/--copy-links
2026/08/06 08:26:05 NOTICE: data/video/HateClipSeg/All/bit_3lxjBTnw66Su.mp4: Can't follow symlink without -L/--copy-links
2026/08/06 08:26:05 NOTICE: data/video/HateClipSeg/All/bit_HI9AuVVbdlsB.mp4: Can't follow symlink without -L/--copy-links
2026/08/06 08:26:05 NOTICE: data/video/HateClipSeg/All/bit_4BVcDK677Zp7.mp4: Can't follow symlink without -L/--copy-links
2026/08/06 08:26:05 NOTICE: data/video/HateClipSeg/All/bit_HLSLc0FD28sB.mp4: Can't follow symlink without -L/--copy-links
2026/08/06 08:26:05 NOTICE: data/video/HateClipSeg/All/bit_4Mot8c6m4NAC.mp4: Can't follow symlink without -L/--copy-links
2026/08/06 08:26:05 NOTICE: data/video/HateClipSeg/All/bit_Hi3ca2E846gC.mp4: Can't follow symlink without -L/--copy-links
2026/08/06 08:26:05 NOTICE: data/video/HateClipSeg/All/bit_4WYFmPh9YTDk.mp4: Can't follow symlink without -L/--copy-links
2026/08/06 08:26:05 NOTICE: data/video/HateClipSeg/All/bit_HrCLrEy4GBla.mp4: Can't follow symlink without -L/--copy-links
2026/08/06 08:26:05 NOTICE: data/video/HateClipSeg/All/bit_4saTrb0KOoEQ.mp4: Can't follow symlink without -L/--copy-links
2026/08/06 08:26:05 NOTICE: data/video/HateClipSeg/All/bit_HteYonqdDQpG.mp4: Can't follow symlink without -L/--copy-links
2026/08/06 08:26:05 NOTICE: data/video/HateClipSeg/All/bit_4yee1Mr43VsZ.mp4: Can't follow symlink without -L/--copy-links
2026/08/06 08:26:05 NOTICE: data/video/HateClipSeg/All/bit_IJpOysLrnR6G.mp4: Can't follow symlink without -L/--copy-links
2026/08/06 08:26:05 NOTICE: data/video/HateClipSeg/All/bit_5AGwQFvbnvLx.mp4: Can't follow symlink without -L/--copy-links
2026/08/06 08:26:05 NOTICE: data/video/HateClipSeg/All/bit_IK1ulUjZFCxb.mp4: Can't follow symlink without -L/--copy-links
2026/08/06 08:26:05 NOTICE: data/video/HateClipSeg/All/bit_5bmNcjtNGQqi.mp4: Can't follow symlink without -L/--copy-links
2026/08/06 08:26:05 NOTICE: data/video/HateClipSeg/All/bit_IVZ7jXxCeokA.mp4: Can't follow symlink without -L/--copy-links
2026/08/06 08:26:05 NOTICE: data/video/HateClipSeg/All/bit_5oohHTlN52w4.mp4: Can't follow symlink without -L/--copy-links
2026/08/06 08:26:05 NOTICE: data/video/HateClipSeg/All/bit_IZ0vKg6zRxQC.mp4: Can't follow symlink without -L/--copy-links
2026/08/06 08:26:05 NOTICE: data/video/HateClipSeg/All/bit_5u5WDGSqZfNW.mp4: Can't follow symlink without -L/--copy-links
2026/08/06 08:26:05 NOTICE: data/video/HateClipSeg/All/bit_Ij7rvSiEYBRd.mp4: Can't follow symlink without -L/--copy-links
2026/08/06 08:26:05 NOTICE: data/video/HateClipSeg/All/bit_6V0WfQmyP216.mp4: Can't follow symlink without -L/--copy-links
2026/08/06 08:26:05 NOTICE: data/video/HateClipSeg/All/bit_JMrfHzdZBKaz.mp4: Can't follow symlink without -L/--copy-links
2026/08/06 08:26:05 NOTICE: data/video/HateClipSeg/All/bit_6VJNfqBDbOdK.mp4: Can't follow symlink without -L/--copy-links
2026/08/06 08:26:05 NOTICE: data/video/HateClipSeg/All/bit_JRVaNPqblBnA.mp4: Can't follow symlink without -L/--copy-links
2026/08/06 08:26:05 NOTICE: data/video/HateClipSeg/All/bit_6aHW6jocI9kJ.mp4: Can't follow symlink without -L/--copy-links
2026/08/06 08:26:05 NOTICE: data/video/HateClipSeg/All/bit_Jl81Ars8alKV.mp4: Can't follow symlink without -L/--copy-links
2026/08/06 08:26:05 NOTICE: data/video/HateClipSeg/All/bit_6bbEQLuR9tFk.mp4: Can't follow symlink without -L/--copy-links
2026/08/06 08:26:05 NOTICE: data/video/HateClipSeg/All/bit_JpV0qMwnpAZN.mp4: Can't follow symlink without -L/--copy-links
2026/08/06 08:26:05 NOTICE: data/video/HateClipSeg/All/bit_6eci5TdlxMW7.mp4: Can't follow symlink without -L/--copy-links
2026/08/06 08:26:05 NOTICE: data/video/HateClipSeg/All/bit_K23yxFQKOgv4.mp4: Can't follow symlink without -L/--copy-links
2026/08/06 08:26:05 NOTICE: data/video/HateClipSeg/All/bit_70K5DyQOTWax.mp4: Can't follow symlink without -L/--copy-links
2026/08/06 08:26:05 NOTICE: data/video/HateClipSeg/All/bit_KVViBkUN5hMP.mp4: Can't follow symlink without -L/--copy-links
2026/08/06 08:26:05 NOTICE: data/video/HateClipSeg/All/bit_7EOOUGa9y9h4.mp4: Can't follow symlink without -L/--copy-links
2026/08/06 08:26:05 NOTICE: data/video/HateClipSeg/All/bit_Kvbks8RXWgKm.mp4: Can't follow symlink without -L/--copy-links
2026/08/06 08:26:05 NOTICE: data/video/HateClipSeg/All/bit_7X9rlRkvRLze.mp4: Can't follow symlink without -L/--copy-links
2026/08/06 08:26:05 NOTICE: data/video/HateClipSeg/All/bit_LDGITUccIrhf.mp4: Can't follow symlink without -L/--copy-links
2026/08/06 08:26:05 NOTICE: data/video/HateClipSeg/All/bit_8Dj3WU8Lx0Ep.mp4: Can't follow symlink without -L/--copy-links
2026/08/06 08:26:05 NOTICE: data/video/HateClipSeg/All/bit_LJWvVYtD4y8P.mp4: Can't follow symlink without -L/--copy-links
2026/08/06 08:26:05 NOTICE: data/video/HateClipSeg/All/bit_8GlJta4iOz3v.mp4: Can't follow symlink without -L/--copy-links
2026/08/06 08:26:05 NOTICE: data/video/HateClipSeg/All/bit_LV9tLwq76DPc.mp4: Can't follow symlink without -L/--copy-links
2026/08/06 08:26:05 NOTICE: data/video/HateClipSeg/All/bit_8XOwi182kKkm.mp4: Can't follow symlink without -L/--copy-links
2026/08/06 08:26:05 NOTICE: data/video/HateClipSeg/All/bit_LZ6oTX9mW0M3.mp4: Can't follow symlink without -L/--copy-links
2026/08/06 08:26:05 NOTICE: data/video/HateClipSeg/All/bit_8zPjt3nHnDmV.mp4: Can't follow symlink without -L/--copy-links
2026/08/06 08:26:05 NOTICE: data/video/HateClipSeg/All/bit_LbrfiRl0jNwY.mp4: Can't follow symlink without -L/--copy-links
2026/08/06 08:26:05 NOTICE: data/video/HateClipSeg/All/bit_917GIRtT5kVH.mp4: Can't follow symlink without -L/--copy-links
2026/08/06 08:26:05 NOTICE: data/video/HateClipSeg/All/bit_Ln0BHOrsIUKr.mp4: Can't follow symlink without -L/--copy-links
2026/08/06 08:26:05 NOTICE: data/video/HateClipSeg/All/bit_96vVEZz68imd.mp4: Can't follow symlink without -L/--copy-links
2026/08/06 08:26:05 NOTICE: data/video/HateClipSeg/All/bit_LwGfLS6KVsz5.mp4: Can't follow symlink without -L/--copy-links
2026/08/06 08:26:05 NOTICE: data/video/HateClipSeg/All/bit_9MLGFR9A3dtU.mp4: Can't follow symlink without -L/--copy-links
2026/08/06 08:26:05 NOTICE: data/video/HateClipSeg/All/bit_MSThJCCEO13y.mp4: Can't follow symlink without -L/--copy-links
2026/08/06 08:26:05 NOTICE: data/video/HateClipSeg/All/bit_9uMqeIwTlskd.mp4: Can't follow symlink without -L/--copy-links
2026/08/06 08:26:05 NOTICE: data/video/HateClipSeg/All/bit_9wQoXroai6Tn.mp4: Can't follow symlink without -L/--copy-links
2026/08/06 08:26:05 NOTICE: data/video/HateClipSeg/All/bit_MzqKLgoFVMDt.mp4: Can't follow symlink without -L/--copy-links
2026/08/06 08:26:05 NOTICE: data/video/HateClipSeg/All/bit_AxrVklzh9Cyf.mp4: Can't follow symlink without -L/--copy-links
2026/08/06 08:26:05 NOTICE: data/video/HateClipSeg/All/bit_BA0enjWSQ4sY.mp4: Can't follow symlink without -L/--copy-links
2026/08/06 08:26:05 NOTICE: data/video/HateClipSeg/All/bit_BZeQ0Y2J8UoQ.mp4: Can't follow symlink without -L/--copy-links
2026/08/06 08:26:05 NOTICE: data/video/HateClipSeg/All/bit_N01lBSoPKrp8.mp4: Can't follow symlink without -L/--copy-links
2026/08/06 08:26:05 NOTICE: data/video/HateClipSeg/All/bit_BazwTAe1PNbk.mp4: Can't follow symlink without -L/--copy-links
2026/08/06 08:26:05 NOTICE: data/video/HateClipSeg/All/bit_NMjrQoXdTqVk.mp4: Can't follow symlink without -L/--copy-links
2026/08/06 08:26:05 NOTICE: data/video/HateClipSeg/All/bit_BezrmZTIDfHL.mp4: Can't follow symlink without -L/--copy-links
2026/08/06 08:26:05 NOTICE: data/video/HateClipSeg/All/bit_NOA6dpm1SbOn.mp4: Can't follow symlink without -L/--copy-links
2026/08/06 08:26:05 NOTICE: data/video/HateClipSeg/All/bit_C4MbEUOgiVqN.mp4: Can't follow symlink without -L/--copy-links
2026/08/06 08:26:05 NOTICE: data/video/HateClipSeg/All/bit_NUUbOHG3A0tJ.mp4: Can't follow symlink without -L/--copy-links
2026/08/06 08:26:05 NOTICE: data/video/HateClipSeg/All/bit_CQw1txUrWynU.mp4: Can't follow symlink without -L/--copy-links
2026/08/06 08:26:05 NOTICE: data/video/HateClipSeg/All/bit_NXrAD0NRxzI.mp4: Can't follow symlink without -L/--copy-links
2026/08/06 08:26:05 NOTICE: data/video/HateClipSeg/All/bit_CrnBJv1YrtPt.mp4: Can't follow symlink without -L/--copy-links
2026/08/06 08:26:05 NOTICE: data/video/HateClipSeg/All/bit_DFOUVueqhH8D.mp4: Can't follow symlink without -L/--copy-links
2026/08/06 08:26:05 NOTICE: data/video/HateClipSeg/All/bit_NazwW5yYFsZD.mp4: Can't follow symlink without -L/--copy-links
2026/08/06 08:26:05 NOTICE: data/video/HateClipSeg/All/bit_O1kfCUve96Vz.mp4: Can't follow symlink without -L/--copy-links
2026/08/06 08:26:05 NOTICE: data/video/HateClipSeg/All/bit_O4o6tjAapmg1.mp4: Can't follow symlink without -L/--copy-links
2026/08/06 08:26:05 NOTICE: data/video/HateClipSeg/All/bit_OLacYcvDGzqm.mp4: Can't follow symlink without -L/--copy-links
2026/08/06 08:26:05 NOTICE: data/video/HateClipSeg/All/bit_OcfP9r2O0lPj.mp4: Can't follow symlink without -L/--copy-links
2026/08/06 08:26:05 NOTICE: data/video/HateClipSeg/All/bit_P5pASHk14L0L.mp4: Can't follow symlink without -L/--copy-links
2026/08/06 08:26:05 NOTICE: data/video/HateClipSeg/All/bit_PE4PlPE0wso.mp4: Can't follow symlink without -L/--copy-links
2026/08/06 08:26:05 NOTICE: data/video/HateClipSeg/All/bit_Q5Q5TuHiZ1p4.mp4: Can't follow symlink without -L/--copy-links
2026/08/06 08:26:05 NOTICE: data/video/HateClipSeg/All/bit_QBLaDo1eggoT.mp4: Can't follow symlink without -L/--copy-links
2026/08/06 08:26:05 NOTICE: data/video/HateClipSeg/All/bit_QR9jyRugyFak.mp4: Can't follow symlink without -L/--copy-links
2026/08/06 08:26:05 NOTICE: data/video/HateClipSeg/All/bit_QTc8bLlrQYIB.mp4: Can't follow symlink without -L/--copy-links
2026/08/06 08:26:05 NOTICE: data/video/HateClipSeg/All/bit_QlKI556vSwXh.mp4: Can't follow symlink without -L/--copy-links
2026/08/06 08:26:05 NOTICE: data/video/HateClipSeg/All/bit_R10PHq2AoFBu.mp4: Can't follow symlink without -L/--copy-links
2026/08/06 08:26:05 NOTICE: data/video/HateClipSeg/All/bit_RlIvvM5aGJwa.mp4: Can't follow symlink without -L/--copy-links
2026/08/06 08:26:05 NOTICE: data/video/HateClipSeg/All/bit_RmXYkthir1fU.mp4: Can't follow symlink without -L/--copy-links
2026/08/06 08:26:05 NOTICE: data/video/HateClipSeg/All/bit_RxTM47m6yzni.mp4: Can't follow symlink without -L/--copy-links
2026/08/06 08:26:05 NOTICE: data/video/HateClipSeg/All/bit_Szemc4NK6WNr.mp4: Can't follow symlink without -L/--copy-links
2026/08/06 08:26:05 NOTICE: data/video/HateClipSeg/All/bit_T8WbPXzZTebJ.mp4: Can't follow symlink without -L/--copy-links
2026/08/06 08:26:05 NOTICE: data/video/HateClipSeg/All/bit_TFlGRQpy2ckm.mp4: Can't follow symlink without -L/--copy-links
2026/08/06 08:26:05 NOTICE: data/video/HateClipSeg/All/bit_TUMUeNaLSJFs.mp4: Can't follow symlink without -L/--copy-links
2026/08/06 08:26:05 NOTICE: data/video/HateClipSeg/All/bit_TWNmhpH5FvzD.mp4: Can't follow symlink without -L/--copy-links
2026/08/06 08:26:05 NOTICE: data/video/HateClipSeg/All/bit_Tj58jUJwNPoA.mp4: Can't follow symlink without -L/--copy-links
2026/08/06 08:26:05 NOTICE: data/video/HateClipSeg/All/bit_Tose8xws64RQ.mp4: Can't follow symlink without -L/--copy-links
2026/08/06 08:26:05 NOTICE: data/video/HateClipSeg/All/bit_TskcYw3JYEHK.mp4: Can't follow symlink without -L/--copy-links
2026/08/06 08:26:05 NOTICE: data/video/HateClipSeg/All/bit_UQSJozbh5ZnB.mp4: Can't follow symlink without -L/--copy-links
2026/08/06 08:26:05 NOTICE: data/video/HateClipSeg/All/bit_UehGCkvOhHyD.mp4: Can't follow symlink without -L/--copy-links
2026/08/06 08:26:05 NOTICE: data/video/HateClipSeg/All/bit_UjVPmn3jV4Pr.mp4: Can't follow symlink without -L/--copy-links
2026/08/06 08:26:05 NOTICE: data/video/HateClipSeg/All/bit_Un181ntu9kCI.mp4: Can't follow symlink without -L/--copy-links
2026/08/06 08:26:05 NOTICE: data/video/HateClipSeg/All/bit_VreBNCJHfDyB.mp4: Can't follow symlink without -L/--copy-links
2026/08/06 08:26:05 NOTICE: data/video/HateClipSeg/All/bit_W7lb5BIbfLDf.mp4: Can't follow symlink without -L/--copy-links
2026/08/06 08:26:05 NOTICE: data/video/HateClipSeg/All/bit_WI2EJD9ec2uO.mp4: Can't follow symlink without -L/--copy-links
2026/08/06 08:26:05 NOTICE: data/video/HateClipSeg/All/bit_WfQjm5odNoWW.mp4: Can't follow symlink without -L/--copy-links
2026/08/06 08:26:05 NOTICE: data/video/HateClipSeg/All/bit_XLR9PZdzCoSg.mp4: Can't follow symlink without -L/--copy-links
2026/08/06 08:26:05 NOTICE: data/video/HateClipSeg/All/bit_XdG6IJpy2HGu.mp4: Can't follow symlink without -L/--copy-links
2026/08/06 08:26:05 NOTICE: data/video/HateClipSeg/All/bit_XkQGFhrIWgVG.mp4: Can't follow symlink without -L/--copy-links
2026/08/06 08:26:05 NOTICE: data/video/HateClipSeg/All/bit_Xp8Kqov3LRa8.mp4: Can't follow symlink without -L/--copy-links
2026/08/06 08:26:05 NOTICE: data/video/HateClipSeg/All/bit_XswHfki5olXx.mp4: Can't follow symlink without -L/--copy-links
2026/08/06 08:26:05 NOTICE: data/video/HateClipSeg/All/bit_Y4NcS9xwARDO.mp4: Can't follow symlink without -L/--copy-links
2026/08/06 08:26:05 NOTICE: data/video/HateClipSeg/All/bit_YF341Jq7xPMk.mp4: Can't follow symlink without -L/--copy-links
2026/08/06 08:26:05 NOTICE: data/video/HateClipSeg/All/bit_YGy0qR6pHWGm.mp4: Can't follow symlink without -L/--copy-links
2026/08/06 08:26:05 NOTICE: data/video/HateClipSeg/All/bit_YLEYsKVPonfS.mp4: Can't follow symlink without -L/--copy-links
2026/08/06 08:26:05 NOTICE: data/video/HateClipSeg/All/bit_Ye8xlqD69wDN.mp4: Can't follow symlink without -L/--copy-links
2026/08/06 08:26:05 NOTICE: data/video/HateClipSeg/All/bit_YkK07fZfwpel.mp4: Can't follow symlink without -L/--copy-links
2026/08/06 08:26:05 NOTICE: data/video/HateClipSeg/All/bit_YotJ95CbRQER.mp4: Can't follow symlink without -L/--copy-links
2026/08/06 08:26:05 NOTICE: data/video/HateClipSeg/All/bit_Z3XuldnhQQqG.mp4: Can't follow symlink without -L/--copy-links
2026/08/06 08:26:05 NOTICE: data/video/HateClipSeg/All/bit_ZUFasGpIXuk.mp4: Can't follow symlink without -L/--copy-links
2026/08/06 08:26:05 NOTICE: data/video/HateClipSeg/All/bit_ZaY0S1anrdep.mp4: Can't follow symlink without -L/--copy-links
2026/08/06 08:26:05 NOTICE: data/video/HateClipSeg/All/bit_ZdhKC1Ouo4oq.mp4: Can't follow symlink without -L/--copy-links
2026/08/06 08:26:05 NOTICE: data/video/HateClipSeg/All/bit_a0wa6OJpGM7V.mp4: Can't follow symlink without -L/--copy-links
2026/08/06 08:26:05 NOTICE: data/video/HateClipSeg/All/bit_a6j0OgAXkjg8.mp4: Can't follow symlink without -L/--copy-links
2026/08/06 08:26:05 NOTICE: data/video/HateClipSeg/All/bit_aNcWRaFIfk5l.mp4: Can't follow symlink without -L/--copy-links
2026/08/06 08:26:05 NOTICE: data/video/HateClipSeg/All/bit_awahfpJCG4c9.mp4: Can't follow symlink without -L/--copy-links
2026/08/06 08:26:05 NOTICE: data/video/HateClipSeg/All/bit_azrZyLSXq8JB.mp4: Can't follow symlink without -L/--copy-links
2026/08/06 08:26:05 NOTICE: data/video/HateClipSeg/All/bit_bJaN0Hi6YyHb.mp4: Can't follow symlink without -L/--copy-links
2026/08/06 08:26:05 NOTICE: data/video/HateClipSeg/All/bit_bd3xKm3GGC8t.mp4: Can't follow symlink without -L/--copy-links
2026/08/06 08:26:05 NOTICE: data/video/HateClipSeg/All/bit_cBdMzo9wJNBA.mp4: Can't follow symlink without -L/--copy-links
2026/08/06 08:26:05 NOTICE: data/video/HateClipSeg/All/bit_cGOcOOCU9Pcr.mp4: Can't follow symlink without -L/--copy-links
2026/08/06 08:26:05 NOTICE: data/video/HateClipSeg/All/bit_cLvQ5GajcfPd.mp4: Can't follow symlink without -L/--copy-links
2026/08/06 08:26:05 NOTICE: data/video/HateClipSeg/All/bit_cgQvLJnRRpAG.mp4: Can't follow symlink without -L/--copy-links
2026/08/06 08:26:05 NOTICE: data/video/HateClipSeg/All/bit_ckVu3UOtuy7O.mp4: Can't follow symlink without -L/--copy-links
2026/08/06 08:26:05 NOTICE: data/video/HateClipSeg/All/bit_cnBiYt5bsH2S.mp4: Can't follow symlink without -L/--copy-links
2026/08/06 08:26:05 NOTICE: data/video/HateClipSeg/All/bit_d39rrxdDEC5D.mp4: Can't follow symlink without -L/--copy-links
2026/08/06 08:26:05 NOTICE: data/video/HateClipSeg/All/bit_dHKIVQJnBIFx.mp4: Can't follow symlink without -L/--copy-links
2026/08/06 08:26:05 NOTICE: data/video/HateClipSeg/All/bit_dV5KnpEg0GHn.mp4: Can't follow symlink without -L/--copy-links
2026/08/06 08:26:05 NOTICE: data/video/HateClipSeg/All/bit_eN7pahwWVi2G.mp4: Can't follow symlink without -L/--copy-links
2026/08/06 08:26:05 NOTICE: data/video/HateClipSeg/All/bit_eOw8DJtSkecM.mp4: Can't follow symlink without -L/--copy-links
2026/08/06 08:26:05 NOTICE: data/video/HateClipSeg/All/bit_ekDHKqM61cV3.mp4: Can't follow symlink without -L/--copy-links
2026/08/06 08:26:05 NOTICE: data/video/HateClipSeg/All/bit_f174RJMAVSdF.mp4: Can't follow symlink without -L/--copy-links
2026/08/06 08:26:05 NOTICE: data/video/HateClipSeg/All/bit_fAwpOCR2sBZm.mp4: Can't follow symlink without -L/--copy-links
2026/08/06 08:26:05 NOTICE: data/video/HateClipSeg/All/bit_g7iIX4amR7eh.mp4: Can't follow symlink without -L/--copy-links
2026/08/06 08:26:05 NOTICE: data/video/HateClipSeg/All/bit_gWeEH6fKQUgP.mp4: Can't follow symlink without -L/--copy-links
2026/08/06 08:26:05 NOTICE: data/video/HateClipSeg/All/bit_gd4jWInlIuTQ.mp4: Can't follow symlink without -L/--copy-links
2026/08/06 08:26:05 NOTICE: data/video/HateClipSeg/All/bit_hGdvV4PKP72d.mp4: Can't follow symlink without -L/--copy-links
2026/08/06 08:26:05 NOTICE: data/video/HateClipSeg/All/bit_hHx3760-S24.mp4: Can't follow symlink without -L/--copy-links
2026/08/06 08:26:05 NOTICE: data/video/HateClipSeg/All/bit_ha0dTPrFC70F.mp4: Can't follow symlink without -L/--copy-links
2026/08/06 08:26:05 NOTICE: data/video/HateClipSeg/All/bit_iH17IA6YK6wK.mp4: Can't follow symlink without -L/--copy-links
2026/08/06 08:26:05 NOTICE: data/video/HateClipSeg/All/bit_iKVGBTRUT6uy.mp4: Can't follow symlink without -L/--copy-links
2026/08/06 08:26:05 NOTICE: data/video/HateClipSeg/All/bit_illSzHhgMzdP.mp4: Can't follow symlink without -L/--copy-links
2026/08/06 08:26:05 NOTICE: data/video/HateClipSeg/All/bit_iup1Mknr6OWf.mp4: Can't follow symlink without -L/--copy-links
2026/08/06 08:26:05 NOTICE: data/video/HateClipSeg/All/bit_ivzbHnkmunom.mp4: Can't follow symlink without -L/--copy-links
2026/08/06 08:26:05 NOTICE: data/video/HateClipSeg/All/bit_ixRHgdkSU6WT.mp4: Can't follow symlink without -L/--copy-links
2026/08/06 08:26:05 NOTICE: data/video/HateClipSeg/All/bit_iz7lfjF3pT8n.mp4: Can't follow symlink without -L/--copy-links
2026/08/06 08:26:05 NOTICE: data/video/HateClipSeg/All/bit_jbgQt3aoho2U.mp4: Can't follow symlink without -L/--copy-links
2026/08/06 08:26:05 NOTICE: data/video/HateClipSeg/All/bit_jcM4rZkhzRuw.mp4: Can't follow symlink without -L/--copy-links
2026/08/06 08:26:05 NOTICE: data/video/HateClipSeg/All/bit_juBWqKDLAHw3.mp4: Can't follow symlink without -L/--copy-links
2026/08/06 08:26:05 NOTICE: data/video/HateClipSeg/All/bit_jubQcJCZQ3dQ.mp4: Can't follow symlink without -L/--copy-links
2026/08/06 08:26:05 NOTICE: data/video/HateClipSeg/All/bit_k3R5Bj1U6Zqx.mp4: Can't follow symlink without -L/--copy-links
2026/08/06 08:26:05 NOTICE: data/video/HateClipSeg/All/bit_k8xMwxLWbl06.mp4: Can't follow symlink without -L/--copy-links
2026/08/06 08:26:05 NOTICE: data/video/HateClipSeg/All/bit_kS7pQdSq2xac.mp4: Can't follow symlink without -L/--copy-links
2026/08/06 08:26:05 NOTICE: data/video/HateClipSeg/All/bit_kTeXLm1VdzGZ.mp4: Can't follow symlink without -L/--copy-links
2026/08/06 08:26:05 NOTICE: data/video/HateClipSeg/All/bit_kzX1bsYZGVFN.mp4: Can't follow symlink without -L/--copy-links
2026/08/06 08:26:05 NOTICE: data/video/HateClipSeg/All/bit_lTnMTQv5aYY.mp4: Can't follow symlink without -L/--copy-links
2026/08/06 08:26:05 NOTICE: data/video/HateClipSeg/All/bit_liHw7mK8qd2c.mp4: Can't follow symlink without -L/--copy-links
2026/08/06 08:26:05 NOTICE: data/video/HateClipSeg/All/bit_loRRkgPsGTHU.mp4: Can't follow symlink without -L/--copy-links
2026/08/06 08:26:05 NOTICE: data/video/HateClipSeg/All/bit_m1C1E8iTOj4q.mp4: Can't follow symlink without -L/--copy-links
2026/08/06 08:26:05 NOTICE: data/video/HateClipSeg/All/bit_mFQB8w5KxySh.mp4: Can't follow symlink without -L/--copy-links
2026/08/06 08:26:05 NOTICE: data/video/HateClipSeg/All/bit_mQ5gX03QAX9I.mp4: Can't follow symlink without -L/--copy-links
2026/08/06 08:26:05 NOTICE: data/video/HateClipSeg/All/bit_nZtDxalaaCXA.mp4: Can't follow symlink without -L/--copy-links
2026/08/06 08:26:05 NOTICE: data/video/HateClipSeg/All/bit_oXIjCOfHqaiL.mp4: Can't follow symlink without -L/--copy-links
2026/08/06 08:26:05 NOTICE: data/video/HateClipSeg/All/bit_oYivCNqa7OIz.mp4: Can't follow symlink without -L/--copy-links
2026/08/06 08:26:05 NOTICE: data/video/HateClipSeg/All/bit_ocafPACWBL7D.mp4: Can't follow symlink without -L/--copy-links
2026/08/06 08:26:05 NOTICE: data/video/HateClipSeg/All/bit_ono1taXQhZaQ.mp4: Can't follow symlink without -L/--copy-links
2026/08/06 08:26:05 NOTICE: data/video/HateClipSeg/All/bit_otzTuWMoEgZb.mp4: Can't follow symlink without -L/--copy-links
2026/08/06 08:26:05 NOTICE: data/video/HateClipSeg/All/bit_ouoQ_FKmPtg.mp4: Can't follow symlink without -L/--copy-links
2026/08/06 08:26:05 NOTICE: data/video/HateClipSeg/All/bit_p6JA6tQsDBi7.mp4: Can't follow symlink without -L/--copy-links
2026/08/06 08:26:05 NOTICE: data/video/HateClipSeg/All/bit_p81IYfLgGySx.mp4: Can't follow symlink without -L/--copy-links
2026/08/06 08:26:05 NOTICE: data/video/HateClipSeg/All/bit_pEEHjABttUk4.mp4: Can't follow symlink without -L/--copy-links
2026/08/06 08:26:05 NOTICE: data/video/HateClipSeg/All/bit_pHhTgaO7LfdD.mp4: Can't follow symlink without -L/--copy-links
2026/08/06 08:26:05 NOTICE: data/video/HateClipSeg/All/bit_q7YAE7xXDlCr.mp4: Can't follow symlink without -L/--copy-links
2026/08/06 08:26:05 NOTICE: data/video/HateClipSeg/All/bit_qMgFlJX2rOUw.mp4: Can't follow symlink without -L/--copy-links
2026/08/06 08:26:05 NOTICE: data/video/HateClipSeg/All/bit_qUPXvRJbDiPL.mp4: Can't follow symlink without -L/--copy-links
2026/08/06 08:26:05 NOTICE: data/video/HateClipSeg/All/bit_qUcxSCr4pgyP.mp4: Can't follow symlink without -L/--copy-links
2026/08/06 08:26:05 NOTICE: data/video/HateClipSeg/All/bit_qcQWJxqduguc.mp4: Can't follow symlink without -L/--copy-links
2026/08/06 08:26:05 NOTICE: data/video/HateClipSeg/All/bit_qcWGTU6hL15a.mp4: Can't follow symlink without -L/--copy-links
2026/08/06 08:26:05 NOTICE: data/video/HateClipSeg/All/bit_qwKarAFlZScl.mp4: Can't follow symlink without -L/--copy-links
2026/08/06 08:26:05 NOTICE: data/video/HateClipSeg/All/bit_r7Am2yJu0HpG.mp4: Can't follow symlink without -L/--copy-links
2026/08/06 08:26:05 NOTICE: data/video/HateClipSeg/All/bit_rlHbCxhX3uMZ.mp4: Can't follow symlink without -L/--copy-links
2026/08/06 08:26:05 NOTICE: data/video/HateClipSeg/All/bit_rsFNOCfBBlxY.mp4: Can't follow symlink without -L/--copy-links
2026/08/06 08:26:05 NOTICE: data/video/HateClipSeg/All/bit_s0Hrb2M5Yth8.mp4: Can't follow symlink without -L/--copy-links
2026/08/06 08:26:05 NOTICE: data/video/HateClipSeg/All/bit_s8peJROAMsvt.mp4: Can't follow symlink without -L/--copy-links
2026/08/06 08:26:05 NOTICE: data/video/HateClipSeg/All/bit_sD2xbc8q9SZl.mp4: Can't follow symlink without -L/--copy-links
2026/08/06 08:26:05 NOTICE: data/video/HateClipSeg/All/bit_sakXzfQlJS2k.mp4: Can't follow symlink without -L/--copy-links
2026/08/06 08:26:05 NOTICE: data/video/HateClipSeg/All/bit_surJFOwkIoBX.mp4: Can't follow symlink without -L/--copy-links
2026/08/06 08:26:05 NOTICE: data/video/HateClipSeg/All/bit_swmZey6YALco.mp4: Can't follow symlink without -L/--copy-links
2026/08/06 08:26:05 NOTICE: data/video/HateClipSeg/All/bit_tDqeaQV3Qiie.mp4: Can't follow symlink without -L/--copy-links
2026/08/06 08:26:05 NOTICE: data/video/HateClipSeg/All/bit_u537x3BA2svM.mp4: Can't follow symlink without -L/--copy-links
2026/08/06 08:26:05 NOTICE: data/video/HateClipSeg/All/bit_uMjaXMtboDDU.mp4: Can't follow symlink without -L/--copy-links
2026/08/06 08:26:05 NOTICE: data/video/HateClipSeg/All/bit_uTkBtKfWkLDk.mp4: Can't follow symlink without -L/--copy-links
2026/08/06 08:26:05 NOTICE: data/video/HateClipSeg/All/bit_uf8qPZ70G98Z.mp4: Can't follow symlink without -L/--copy-links
2026/08/06 08:26:05 NOTICE: data/video/HateClipSeg/All/bit_utmoP2A8EB81.mp4: Can't follow symlink without -L/--copy-links
2026/08/06 08:26:05 NOTICE: data/video/HateClipSeg/All/bit_uzQEXfhI9JGg.mp4: Can't follow symlink without -L/--copy-links
2026/08/06 08:26:05 NOTICE: data/video/HateClipSeg/All/bit_vCoe2gtskpb5.mp4: Can't follow symlink without -L/--copy-links
2026/08/06 08:26:05 NOTICE: data/video/HateClipSeg/All/bit_vDCZWQyEiO0f.mp4: Can't follow symlink without -L/--copy-links
2026/08/06 08:26:05 NOTICE: data/video/HateClipSeg/All/bit_vF6itRB8Pi9J.mp4: Can't follow symlink without -L/--copy-links
2026/08/06 08:26:05 NOTICE: data/video/HateClipSeg/All/bit_vLPjXvUnnv4F.mp4: Can't follow symlink without -L/--copy-links
2026/08/06 08:26:05 NOTICE: data/video/HateClipSeg/All/bit_vON1xVj4Ca77.mp4: Can't follow symlink without -L/--copy-links
2026/08/06 08:26:05 NOTICE: data/video/HateClipSeg/All/bit_vWHHWnHm16wY.mp4: Can't follow symlink without -L/--copy-links
2026/08/06 08:26:05 NOTICE: data/video/HateClipSeg/All/bit_vhvrq4KL4Qzv.mp4: Can't follow symlink without -L/--copy-links
2026/08/06 08:26:05 NOTICE: data/video/HateClipSeg/All/bit_vlUgDVwDKNCX.mp4: Can't follow symlink without -L/--copy-links
2026/08/06 08:26:05 NOTICE: data/video/HateClipSeg/All/bit_wXgeo6nAc249.mp4: Can't follow symlink without -L/--copy-links
2026/08/06 08:26:05 NOTICE: data/video/HateClipSeg/All/bit_wghiu97Htlj6.mp4: Can't follow symlink without -L/--copy-links
2026/08/06 08:26:05 NOTICE: data/video/HateClipSeg/All/bit_x1pEUxUAjXeU.mp4: Can't follow symlink without -L/--copy-links
2026/08/06 08:26:05 NOTICE: data/video/HateClipSeg/All/bit_xKSJF6iNYyde.mp4: Can't follow symlink without -L/--copy-links
2026/08/06 08:26:05 NOTICE: data/video/HateClipSeg/All/bit_xbIoWrCvVGmR.mp4: Can't follow symlink without -L/--copy-links
2026/08/06 08:26:05 NOTICE: data/video/HateClipSeg/All/bit_xdGeIzB0V0ov.mp4: Can't follow symlink without -L/--copy-links
2026/08/06 08:26:05 NOTICE: data/video/HateClipSeg/All/bit_yloOnYiAkptL.mp4: Can't follow symlink without -L/--copy-links
2026/08/06 08:26:05 NOTICE: data/video/HateClipSeg/All/bit_ymRCBAUUhAW5.mp4: Can't follow symlink without -L/--copy-links
2026/08/06 08:26:05 NOTICE: data/video/HateClipSeg/All/bit_z2UcFPbN3YVl.mp4: Can't follow symlink without -L/--copy-links
2026/08/06 08:26:05 NOTICE: data/video/HateClipSeg/All/bit_zLx1FA9or7A.mp4: Can't follow symlink without -L/--copy-links
2026/08/06 08:26:05 NOTICE: data/video/HateClipSeg/All/bit_zSXeZShOeqv6.mp4: Can't follow symlink without -L/--copy-links
2026/08/06 08:26:05 NOTICE: data/video/HateClipSeg/All/bit_zsfmIGKVw4JU.mp4: Can't follow symlink without -L/--copy-links
2026/08/06 08:26:05 NOTICE: data/video/HateClipSeg/All/bit_0Zh98SJG87xR.mp4: Can't follow symlink without -L/--copy-links
2026/08/06 08:26:05 NOTICE: data/video/HateClipSeg/All/bit_0c3iRc8b0CPF.mp4: Can't follow symlink without -L/--copy-links
2026/08/06 08:26:05 NOTICE: data/video/HateClipSeg/All/bit_0nXuyV2rypaf.mp4: Can't follow symlink without -L/--copy-links
2026/08/06 08:26:05 NOTICE: data/video/HateClipSeg/All/bit_0qeUIQTgbWsC.mp4: Can't follow symlink without -L/--copy-links
2026/08/06 08:26:05 NOTICE: data/video/HateClipSeg/All/bit_1kW6COenXnwa.mp4: Can't follow symlink without -L/--copy-links
2026/08/06 08:26:05 NOTICE: data/video/HateClipSeg/All/bit_20VYH5uxw20D.mp4: Can't follow symlink without -L/--copy-links
2026/08/06 08:26:05 NOTICE: data/video/HateClipSeg/All/bit_25xl3W3FOAU8.mp4: Can't follow symlink without -L/--copy-links
2026/08/06 08:26:05 NOTICE: data/video/HateClipSeg/All/bit_2I68ZvgILj8b.mp4: Can't follow symlink without -L/--copy-links
2026/08/06 08:26:05 NOTICE: data/video/HateClipSeg/All/bit_2MpOFaHw0V1s.mp4: Can't follow symlink without -L/--copy-links
2026/08/06 08:26:05 NOTICE: data/video/HateClipSeg/All/bit_2oH13orR5Scb.mp4: Can't follow symlink without -L/--copy-links
2026/08/06 08:26:05 NOTICE: data/video/HateClipSeg/All/bit_3rLvnyheeW6V.mp4: Can't follow symlink without -L/--copy-links
2026/08/06 08:26:05 NOTICE: data/video/HateClipSeg/All/bit_3weXsCrGaRBE.mp4: Can't follow symlink without -L/--copy-links
2026/08/06 08:26:05 NOTICE: data/video/HateClipSeg/All/bit_5tlz6COSIDw0.mp4: Can't follow symlink without -L/--copy-links
2026/08/06 08:26:05 NOTICE: data/video/HateClipSeg/All/bit_5xK2cUiW3SAC.mp4: Can't follow symlink without -L/--copy-links
2026/08/06 08:26:05 NOTICE: data/video/HateClipSeg/All/bit_5zlP6BSkNMhq.mp4: Can't follow symlink without -L/--copy-links
2026/08/06 08:26:05 NOTICE: data/video/HateClipSeg/All/bit_8I3rasu4mSiz.mp4: Can't follow symlink without -L/--copy-links
2026/08/06 08:26:05 NOTICE: data/video/HateClipSeg/All/bit_AGVPI1DU4qF9.mp4: Can't follow symlink without -L/--copy-links
2026/08/06 08:26:05 NOTICE: data/video/HateClipSeg/All/bit_CA6yTi4b083X.mp4: Can't follow symlink without -L/--copy-links
2026/08/06 08:26:05 NOTICE: data/video/HateClipSeg/All/bit_G7HlyAkKuPEq.mp4: Can't follow symlink without -L/--copy-links
2026/08/06 08:26:05 NOTICE: data/video/HateClipSeg/All/bit_I03hhZDAzOu5.mp4: Can't follow symlink without -L/--copy-links
2026/08/06 08:26:05 NOTICE: data/video/HateClipSeg/All/bit_JUPPGbicIM0r.mp4: Can't follow symlink without -L/--copy-links
2026/08/06 08:26:05 NOTICE: data/video/HateClipSeg/All/bit_KFr9jMtb3ynQ.mp4: Can't follow symlink without -L/--copy-links
2026/08/06 08:26:05 NOTICE: data/video/HateClipSeg/All/bit_KvDkDWDF0mAb.mp4: Can't follow symlink without -L/--copy-links
2026/08/06 08:26:05 NOTICE: data/video/HateClipSeg/All/bit_KzHMHwPZPNIp.mp4: Can't follow symlink without -L/--copy-links
2026/08/06 08:26:05 NOTICE: data/video/HateClipSeg/All/bit_LGoOw2bdKb39.mp4: Can't follow symlink without -L/--copy-links
2026/08/06 08:26:05 NOTICE: data/video/HateClipSeg/All/bit_NfINVWlXBdT7.mp4: Can't follow symlink without -L/--copy-links
2026/08/06 08:26:05 NOTICE: data/video/HateClipSeg/All/bit_O4ybgRijNK8x.mp4: Can't follow symlink without -L/--copy-links
2026/08/06 08:26:05 NOTICE: data/video/HateClipSeg/All/bit_OMUEMWsOAemf.mp4: Can't follow symlink without -L/--copy-links
2026/08/06 08:26:05 NOTICE: data/video/HateClipSeg/All/bit_OOQWjwXuX6xa.mp4: Can't follow symlink without -L/--copy-links
2026/08/06 08:26:05 NOTICE: data/video/HateClipSeg/All/bit_Pdsd7QUFAIIh.mp4: Can't follow symlink without -L/--copy-links
2026/08/06 08:26:05 NOTICE: data/video/HateClipSeg/All/bit_RPCEeLOHVCCL.mp4: Can't follow symlink without -L/--copy-links
2026/08/06 08:26:05 NOTICE: data/video/HateClipSeg/All/bit_THj3Lmxvnzs1.mp4: Can't follow symlink without -L/--copy-links
2026/08/06 08:26:05 NOTICE: data/video/HateClipSeg/All/bit_UWBdv0L73uM6.mp4: Can't follow symlink without -L/--copy-links
2026/08/06 08:26:05 NOTICE: data/video/HateClipSeg/All/bit_UX20jBz57GJu.mp4: Can't follow symlink without -L/--copy-links
2026/08/06 08:26:05 NOTICE: data/video/HateClipSeg/All/bit_UXdI6IMmkeoi.mp4: Can't follow symlink without -L/--copy-links
2026/08/06 08:26:05 NOTICE: data/video/HateClipSeg/All/bit_UdTTWa9rcP8O.mp4: Can't follow symlink without -L/--copy-links
2026/08/06 08:26:05 NOTICE: data/video/HateClipSeg/All/bit_V1R99SX8NCp8.mp4: Can't follow symlink without -L/--copy-links
2026/08/06 08:26:05 NOTICE: data/video/HateClipSeg/All/bit_WARxOdQx9UTL.mp4: Can't follow symlink without -L/--copy-links
2026/08/06 08:26:05 NOTICE: data/video/HateClipSeg/All/bit_WPImU27iDkhE.mp4: Can't follow symlink without -L/--copy-links
2026/08/06 08:26:05 NOTICE: data/video/HateClipSeg/All/bit_WuxuvJb28hPn.mp4: Can't follow symlink without -L/--copy-links
2026/08/06 08:26:05 NOTICE: data/video/HateClipSeg/All/bit_XHivVdc7fS6w.mp4: Can't follow symlink without -L/--copy-links
2026/08/06 08:26:05 NOTICE: data/video/HateClipSeg/All/bit_Xu8BfIeibGa5.mp4: Can't follow symlink without -L/--copy-links
2026/08/06 08:26:05 NOTICE: data/video/HateClipSeg/All/bit_XxSzxwKvBR6Y.mp4: Can't follow symlink without -L/--copy-links
2026/08/06 08:26:05 NOTICE: data/video/HateClipSeg/All/bit_Ydtmd4TNPmKl.mp4: Can't follow symlink without -L/--copy-links
2026/08/06 08:26:05 NOTICE: data/video/HateClipSeg/All/bit_YodjqgCIKEeR.mp4: Can't follow symlink without -L/--copy-links
2026/08/06 08:26:05 NOTICE: data/video/HateClipSeg/All/bit_aM5F9VU2VRMg.mp4: Can't follow symlink without -L/--copy-links
2026/08/06 08:26:05 NOTICE: data/video/HateClipSeg/All/bit_bhvW4TvypRgw.mp4: Can't follow symlink without -L/--copy-links
2026/08/06 08:26:05 NOTICE: data/video/HateClipSeg/All/bit_bnRX0C0Aby75.mp4: Can't follow symlink without -L/--copy-links
2026/08/06 08:26:05 NOTICE: data/video/HateClipSeg/All/bit_c6CNj1epu9ca.mp4: Can't follow symlink without -L/--copy-links
2026/08/06 08:26:05 NOTICE: data/video/HateClipSeg/All/bit_d2YP6yKy0bfM.mp4: Can't follow symlink without -L/--copy-links
2026/08/06 08:26:05 NOTICE: data/video/HateClipSeg/All/bit_d55WdfzSIh7K.mp4: Can't follow symlink without -L/--copy-links
2026/08/06 08:26:05 NOTICE: data/video/HateClipSeg/All/bit_g88scm3X19U0.mp4: Can't follow symlink without -L/--copy-links
2026/08/06 08:26:05 NOTICE: data/video/HateClipSeg/All/bit_gMQ8unGK4JCV.mp4: Can't follow symlink without -L/--copy-links
2026/08/06 08:26:05 NOTICE: data/video/HateClipSeg/All/bit_iR8FjIAgEXIx.mp4: Can't follow symlink without -L/--copy-links
2026/08/06 08:26:05 NOTICE: data/video/HateClipSeg/All/bit_jSAL6Zrxg68N.mp4: Can't follow symlink without -L/--copy-links
2026/08/06 08:26:05 NOTICE: data/video/HateClipSeg/All/bit_mNM9yWfm98TR.mp4: Can't follow symlink without -L/--copy-links
2026/08/06 08:26:05 NOTICE: data/video/HateClipSeg/All/bit_mz2xzz9RUOQb.mp4: Can't follow symlink without -L/--copy-links
2026/08/06 08:26:05 NOTICE: data/video/HateClipSeg/All/bit_n92s9wEwcEnS.mp4: Can't follow symlink without -L/--copy-links
2026/08/06 08:26:05 NOTICE: data/video/HateClipSeg/All/bit_nBlDTORm9JRt.mp4: Can't follow symlink without -L/--copy-links
2026/08/06 08:26:05 NOTICE: data/video/HateClipSeg/All/bit_nV7dFfAoZa27.mp4: Can't follow symlink without -L/--copy-links
2026/08/06 08:26:05 NOTICE: data/video/HateClipSeg/All/bit_oHUSs8xMlR5t.mp4: Can't follow symlink without -L/--copy-links
2026/08/06 08:26:05 NOTICE: data/video/HateClipSeg/All/bit_ocLlrj8KM9n1.mp4: Can't follow symlink without -L/--copy-links
2026/08/06 08:26:05 NOTICE: data/video/HateClipSeg/All/bit_pMm9EFTdQNUn.mp4: Can't follow symlink without -L/--copy-links
2026/08/06 08:26:05 NOTICE: data/video/HateClipSeg/All/bit_s2gZWQlX1Qpl.mp4: Can't follow symlink without -L/--copy-links
2026/08/06 08:26:05 NOTICE: data/video/HateClipSeg/All/bit_s50nK01d7x5P.mp4: Can't follow symlink without -L/--copy-links
2026/08/06 08:26:05 NOTICE: data/video/HateClipSeg/All/bit_s55oNONuvbEA.mp4: Can't follow symlink without -L/--copy-links
2026/08/06 08:26:05 NOTICE: data/video/HateClipSeg/All/bit_sK5fM81Q5BKq.mp4: Can't follow symlink without -L/--copy-links
2026/08/06 08:26:05 NOTICE: data/video/HateClipSeg/All/bit_tD1tyOy1HOJH.mp4: Can't follow symlink without -L/--copy-links
2026/08/06 08:26:05 NOTICE: data/video/HateClipSeg/All/bit_ty1ffKOFCEnl.mp4: Can't follow symlink without -L/--copy-links
2026/08/06 08:26:05 NOTICE: data/video/HateClipSeg/All/bit_uksimXUlhAbE.mp4: Can't follow symlink without -L/--copy-links
2026/08/06 08:26:05 NOTICE: data/video/HateClipSeg/All/bit_vgvxpvE6bCzK.mp4: Can't follow symlink without -L/--copy-links
2026/08/06 08:26:05 NOTICE: data/video/HateClipSeg/All/bit_xXJKLzWkDh9l.mp4: Can't follow symlink without -L/--copy-links
2026/08/06 08:26:05 NOTICE: data/video/HateClipSeg/All/bit_xcZ6JSsWBy91.mp4: Can't follow symlink without -L/--copy-links
2026/08/06 08:26:05 NOTICE: data/video/HateClipSeg/All/bit_y0enhdtwYCc.mp4: Can't follow symlink without -L/--copy-links
2026/08/06 08:26:05 NOTICE: data/video/HateClipSeg/All/bit_zfVfpvwhregD.mp4: Can't follow symlink without -L/--copy-links
2026/08/06 08:26:05 NOTICE: data/video/HateClipSeg/All/bit_zzRU4shRrJNi.mp4: Can't follow symlink without -L/--copy-links
2026/08/06 08:26:05 NOTICE: data/video/HateClipSeg/All/yt_0Y_8MoLKn0I.mp4: Can't follow symlink without -L/--copy-links
2026/08/06 08:26:05 NOTICE: data/video/HateClipSeg/All/yt_AZLFeHdizxQ.mp4: Can't follow symlink without -L/--copy-links
2026/08/06 08:26:05 NOTICE: data/video/HateClipSeg/All/yt_DnrYK1FXKgk.mp4: Can't follow symlink without -L/--copy-links
2026/08/06 08:26:05 NOTICE: data/video/HateClipSeg/All/yt_MB2K7KE7tfA.mp4: Can't follow symlink without -L/--copy-links
2026/08/06 08:26:05 NOTICE: data/video/HateClipSeg/All/yt_P4DOyAwN13U.mp4: Can't follow symlink without -L/--copy-links
2026/08/06 08:26:05 NOTICE: data/video/HateClipSeg/All/yt_1Bjzk6XQOVw.mp4: Can't follow symlink without -L/--copy-links
2026/08/06 08:26:05 NOTICE: data/video/HateClipSeg/All/yt_1SnhIU77lPo.mp4: Can't follow symlink without -L/--copy-links
2026/08/06 08:26:05 NOTICE: data/video/HateClipSeg/All/yt_2YsQnUh_Zos.mp4: Can't follow symlink without -L/--copy-links
2026/08/06 08:26:05 NOTICE: data/video/HateClipSeg/All/yt_ImkSb8gr_6c.mp4: Can't follow symlink without -L/--copy-links
2026/08/06 08:26:05 NOTICE: data/video/HateClipSeg/All/yt_LYFd22E4gng.mp4: Can't follow symlink without -L/--copy-links
2026/08/06 08:26:05 NOTICE: data/video/HateClipSeg/All/yt_4G5e6jGm8yY.mp4: Can't follow symlink without -L/--copy-links
2026/08/06 08:26:05 NOTICE: data/video/HateClipSeg/All/bit_4KjXTEFFGjM8.mp4: Can't follow symlink without -L/--copy-links
2026/08/06 08:26:05 NOTICE: data/video/HateClipSeg/All/yt_HEwBHlLheTs.mp4: Can't follow symlink without -L/--copy-links
2026/08/06 08:26:05 NOTICE: data/video/HateClipSeg/All/yt_SUwb0mNbqLk.mp4: Can't follow symlink without -L/--copy-links
2026/08/06 08:26:05 NOTICE: data/video/HateClipSeg/All/yt_6qOc8zoLbAA.mp4: Can't follow symlink without -L/--copy-links
2026/08/06 08:26:05 NOTICE: data/video/HateClipSeg/All/yt_VWWnMsLjCdY.mp4: Can't follow symlink without -L/--copy-links
2026/08/06 08:26:05 NOTICE: data/video/HateClipSeg/All/yt_Ge0NHl3uZg4.mp4: Can't follow symlink without -L/--copy-links
2026/08/06 08:26:05 NOTICE: data/video/HateClipSeg/All/yt_KKcFbf9AzbA.mp4: Can't follow symlink without -L/--copy-links
2026/08/06 08:26:05 NOTICE: data/video/HateClipSeg/All/yt_8sIY4W1hBQM.mp4: Can't follow symlink without -L/--copy-links
2026/08/06 08:26:05 NOTICE: data/video/HateClipSeg/All/yt_Aa8xCfPZB1w.mp4: Can't follow symlink without -L/--copy-links
2026/08/06 08:26:05 NOTICE: data/video/HateClipSeg/All/yt_EnHYXSIpJ_A.mp4: Can't follow symlink without -L/--copy-links
2026/08/06 08:26:05 NOTICE: data/video/HateClipSeg/All/yt_HhUhWrqv9Js.mp4: Can't follow symlink without -L/--copy-links
2026/08/06 08:26:05 NOTICE: data/video/HateClipSeg/All/yt_NzvfkIYS5Yg.mp4: Can't follow symlink without -L/--copy-links
2026/08/06 08:26:05 NOTICE: data/video/HateClipSeg/All/yt_QHcJj6VWttY.mp4: Can't follow symlink without -L/--copy-links
2026/08/06 08:26:05 NOTICE: data/video/HateClipSeg/All/yt_Q_0wzSdtZbM.mp4: Can't follow symlink without -L/--copy-links
2026/08/06 08:26:05 NOTICE: data/video/HateClipSeg/All/yt_RomlBumSu9k.mp4: Can't follow symlink without -L/--copy-links
2026/08/06 08:26:05 NOTICE: data/video/HateClipSeg/All/yt_UrgpZ0fUixs.mp4: Can't follow symlink without -L/--copy-links
2026/08/06 08:26:05 NOTICE: data/video/HateClipSeg/All/yt_WK5eEPmbJ1w.mp4: Can't follow symlink without -L/--copy-links
2026/08/06 08:26:05 NOTICE: data/video/HateClipSeg/All/yt_Xtics6JrHKc.mp4: Can't follow symlink without -L/--copy-links
2026/08/06 08:26:05 NOTICE: data/video/HateClipSeg/All/yt_YuRvKVXCycc.mp4: Can't follow symlink without -L/--copy-links
2026/08/06 08:26:05 NOTICE: data/video/HateClipSeg/All/yt_a4uI8jNY_hU.mp4: Can't follow symlink without -L/--copy-links
2026/08/06 08:26:05 NOTICE: data/video/HateClipSeg/All/yt_e5mdIpZcxtQ.mp4: Can't follow symlink without -L/--copy-links
2026/08/06 08:26:05 NOTICE: data/video/HateClipSeg/All/yt_g9_rX85XC7E.mp4: Can't follow symlink without -L/--copy-links
2026/08/06 08:26:05 NOTICE: data/video/HateClipSeg/All/yt_gczMEA3B8Dc.mp4: Can't follow symlink without -L/--copy-links
2026/08/06 08:26:05 NOTICE: data/video/HateClipSeg/All/yt_gl2NKZtl07c.mp4: Can't follow symlink without -L/--copy-links
2026/08/06 08:26:05 NOTICE: data/video/HateClipSeg/All/yt_gp_OU7r5_SE.mp4: Can't follow symlink without -L/--copy-links
2026/08/06 08:26:05 NOTICE: data/video/HateClipSeg/All/yt_hObvr_Iyl7k.mp4: Can't follow symlink without -L/--copy-links
2026/08/06 08:26:05 NOTICE: data/video/HateClipSeg/All/yt_hkNgzMgCA9E.mp4: Can't follow symlink without -L/--copy-links
2026/08/06 08:26:05 NOTICE: data/video/HateClipSeg/All/bit_iekQ7Rk71JE.mp4: Can't follow symlink without -L/--copy-links
2026/08/06 08:26:05 NOTICE: data/video/HateClipSeg/All/yt_jNY3ZXSTBb8.mp4: Can't follow symlink without -L/--copy-links
2026/08/06 08:26:05 NOTICE: data/video/HateClipSeg/All/yt_kKLoZalVUwQ.mp4: Can't follow symlink without -L/--copy-links
2026/08/06 08:26:05 NOTICE: data/video/HateClipSeg/All/yt_ksQif48f7Jw.mp4: Can't follow symlink without -L/--copy-links
2026/08/06 08:26:05 NOTICE: data/video/HateClipSeg/All/yt_mTJo1HWEnJM.mp4: Can't follow symlink without -L/--copy-links
2026/08/06 08:26:05 NOTICE: data/video/HateClipSeg/All/yt_md_umWiqu98.mp4: Can't follow symlink without -L/--copy-links
2026/08/06 08:26:05 NOTICE: data/video/HateClipSeg/All/yt_oiWasPF9I_g.mp4: Can't follow symlink without -L/--copy-links
2026/08/06 08:26:05 NOTICE: data/video/HateClipSeg/All/yt_p_qvu46d1AU.mp4: Can't follow symlink without -L/--copy-links
2026/08/06 08:26:05 NOTICE: data/video/HateClipSeg/All/yt_qDVZ9Z6BhyY.mp4: Can't follow symlink without -L/--copy-links
2026/08/06 08:26:05 NOTICE: data/video/HateClipSeg/All/yt_rH_q2BEYv7Q.mp4: Can't follow symlink without -L/--copy-links
2026/08/06 08:26:05 NOTICE: data/video/HateClipSeg/All/yt_rOPzqNGEvT4.mp4: Can't follow symlink without -L/--copy-links
2026/08/06 08:26:05 NOTICE: data/video/HateClipSeg/All/yt_tDJOlBWl1LY.mp4: Can't follow symlink without -L/--copy-links
2026/08/06 08:26:05 NOTICE: data/video/HateClipSeg/All/yt_vD0VJV6srao.mp4: Can't follow symlink without -L/--copy-links
2026/08/06 08:26:05 NOTICE: data/video/HateClipSeg/All/yt_wTeBTf8Df_g.mp4: Can't follow symlink without -L/--copy-links
2026/08/06 08:26:05 NOTICE: data/video/HateClipSeg/All/yt_yWXg0SoshrQ.mp4: Can't follow symlink without -L/--copy-links
2026/08/06 08:26:05 NOTICE: data/video/HateClipSeg/All/yt_yoC8ujwznfw.mp4: Can't follow symlink without -L/--copy-links
2026/08/06 08:26:05 NOTICE: data/video/HateClipSeg/All/yt_yqAyxnbjXPc.mp4: Can't follow symlink without -L/--copy-links
2026/08/06 08:26:05 NOTICE: data/video/HateClipSeg/All/yt_yuzFCQoKuPQ.mp4: Can't follow symlink without -L/--copy-links
2026/08/06 08:26:05 NOTICE: data/video/HateClipSeg/All/yt_zLlbzlS6_Lk.mp4: Can't follow symlink without -L/--copy-links
2026/08/06 08:26:05 NOTICE: data/video/HateClipSeg/All/yt_rKIVbuCqGuo.mp4: Can't follow symlink without -L/--copy-links
2026/08/06 08:26:07 NOTICE: data/video/HateMM/All/hate_video_98.mp4: Can't follow symlink without -L/--copy-links
2026/08/06 08:26:07 NOTICE: data/video/HateMM/All/non_hate_video_80.mp4: Can't follow symlink without -L/--copy-links
2026/08/06 08:26:07 NOTICE: data/video/HateMM/All/hate_video_344.mp4: Can't follow symlink without -L/--copy-links
2026/08/06 08:26:07 NOTICE: data/video/HateMM/All/non_hate_video_129.mp4: Can't follow symlink without -L/--copy-links
2026/08/06 08:26:07 NOTICE: data/video/HateMM/All/non_hate_video_43.mp4: Can't follow symlink without -L/--copy-links
2026/08/06 08:26:07 NOTICE: data/video/HateMM/All/non_hate_video_297.mp4: Can't follow symlink without -L/--copy-links
2026/08/06 08:26:07 NOTICE: data/video/HateMM/All/non_hate_video_104.mp4: Can't follow symlink without -L/--copy-links
2026/08/06 08:26:07 NOTICE: data/video/HateMM/All/hate_video_83.mp4: Can't follow symlink without -L/--copy-links
2026/08/06 08:26:07 NOTICE: data/video/HateMM/All/hate_video_48.mp4: Can't follow symlink without -L/--copy-links
2026/08/06 08:26:07 NOTICE: data/video/HateMM/All/hate_video_225.mp4: Can't follow symlink without -L/--copy-links
2026/08/06 08:26:07 NOTICE: data/video/HateMM/All/hate_video_271.mp4: Can't follow symlink without -L/--copy-links
2026/08/06 08:26:07 NOTICE: data/video/HateMM/All/non_hate_video_534.mp4: Can't follow symlink without -L/--copy-links
2026/08/06 08:26:07 NOTICE: data/video/HateMM/All/hate_video_160.mp4: Can't follow symlink without -L/--copy-links
2026/08/06 08:26:07 NOTICE: data/video/HateMM/All/non_hate_video_87.mp4: Can't follow symlink without -L/--copy-links
2026/08/06 08:26:07 NOTICE: data/video/HateMM/All/non_hate_video_477.mp4: Can't follow symlink without -L/--copy-links
2026/08/06 08:26:07 NOTICE: data/video/HateMM/All/hate_video_333.mp4: Can't follow symlink without -L/--copy-links
2026/08/06 08:26:07 NOTICE: data/video/HateMM/All/hate_video_185.mp4: Can't follow symlink without -L/--copy-links
2026/08/06 08:26:07 NOTICE: data/video/HateMM/All/non_hate_video_536.mp4: Can't follow symlink without -L/--copy-links
2026/08/06 08:26:07 NOTICE: data/video/HateMM/All/non_hate_video_34.mp4: Can't follow symlink without -L/--copy-links
2026/08/06 08:26:07 NOTICE: data/video/HateMM/All/non_hate_video_493.mp4: Can't follow symlink without -L/--copy-links
2026/08/06 08:26:07 NOTICE: data/video/HateMM/All/non_hate_video_398.mp4: Can't follow symlink without -L/--copy-links
2026/08/06 08:26:07 NOTICE: data/video/HateMM/All/hate_video_20.mp4: Can't follow symlink without -L/--copy-links
2026/08/06 08:26:07 NOTICE: data/video/HateMM/All/non_hate_video_177.mp4: Can't follow symlink without -L/--copy-links
2026/08/06 08:26:07 NOTICE: data/video/HateMM/All/hate_video_43.mp4: Can't follow symlink without -L/--copy-links
2026/08/06 08:26:07 NOTICE: data/video/HateMM/All/non_hate_video_537.mp4: Can't follow symlink without -L/--copy-links
2026/08/06 08:26:07 NOTICE: data/video/HateMM/All/hate_video_118.mp4: Can't follow symlink without -L/--copy-links
2026/08/06 08:26:07 NOTICE: data/video/HateMM/All/hate_video_32.mp4: Can't follow symlink without -L/--copy-links
2026/08/06 08:26:07 NOTICE: data/video/HateMM/All/hate_video_357.mp4: Can't follow symlink without -L/--copy-links
2026/08/06 08:26:07 NOTICE: data/video/HateMM/All/non_hate_video_67.mp4: Can't follow symlink without -L/--copy-links
2026/08/06 08:26:07 NOTICE: data/video/HateMM/All/hate_video_312.mp4: Can't follow symlink without -L/--copy-links
2026/08/06 08:26:07 NOTICE: data/video/HateMM/All/hate_video_70.mp4: Can't follow symlink without -L/--copy-links
2026/08/06 08:26:07 NOTICE: data/video/HateMM/All/hate_video_261.mp4: Can't follow symlink without -L/--copy-links
2026/08/06 08:26:07 NOTICE: data/video/HateMM/All/non_hate_video_12.mp4: Can't follow symlink without -L/--copy-links
2026/08/06 08:26:07 NOTICE: data/video/HateMM/All/non_hate_video_436.mp4: Can't follow symlink without -L/--copy-links
2026/08/06 08:26:07 NOTICE: data/video/HateMM/All/non_hate_video_609.mp4: Can't follow symlink without -L/--copy-links
2026/08/06 08:26:07 NOTICE: data/video/HateMM/All/non_hate_video_283.mp4: Can't follow symlink without -L/--copy-links
2026/08/06 08:26:07 NOTICE: data/video/HateMM/All/hate_video_125.mp4: Can't follow symlink without -L/--copy-links
2026/08/06 08:26:07 NOTICE: data/video/HateMM/All/hate_video_383.mp4: Can't follow symlink without -L/--copy-links
2026/08/06 08:26:07 NOTICE: data/video/HateMM/All/hate_video_80.mp4: Can't follow symlink without -L/--copy-links
2026/08/06 08:26:07 NOTICE: data/video/HateMM/All/non_hate_video_334.mp4: Can't follow symlink without -L/--copy-links
2026/08/06 08:26:07 NOTICE: data/video/HateMM/All/hate_video_107.mp4: Can't follow symlink without -L/--copy-links
2026/08/06 08:26:07 NOTICE: data/video/HateMM/All/hate_video_72.mp4: Can't follow symlink without -L/--copy-links
2026/08/06 08:26:07 NOTICE: data/video/HateMM/All/hate_video_37.mp4: Can't follow symlink without -L/--copy-links
2026/08/06 08:26:07 NOTICE: data/video/HateMM/All/hate_video_323.mp4: Can't follow symlink without -L/--copy-links
2026/08/06 08:26:07 NOTICE: data/video/HateMM/All/non_hate_video_179.mp4: Can't follow symlink without -L/--copy-links
2026/08/06 08:26:07 NOTICE: data/video/HateMM/All/non_hate_video_265.mp4: Can't follow symlink without -L/--copy-links
2026/08/06 08:26:07 NOTICE: data/video/HateMM/All/hate_video_99.mp4: Can't follow symlink without -L/--copy-links
2026/08/06 08:26:07 NOTICE: data/video/HateMM/All/non_hate_video_377.mp4: Can't follow symlink without -L/--copy-links
2026/08/06 08:26:07 NOTICE: data/video/HateMM/All/non_hate_video_500.mp4: Can't follow symlink without -L/--copy-links
2026/08/06 08:26:07 NOTICE: data/video/HateMM/All/hate_video_416.mp4: Can't follow symlink without -L/--copy-links
2026/08/06 08:26:07 NOTICE: data/video/HateMM/All/hate_video_174.mp4: Can't follow symlink without -L/--copy-links
2026/08/06 08:26:07 NOTICE: data/video/HateMM/All/non_hate_video_193.mp4: Can't follow symlink without -L/--copy-links
2026/08/06 08:26:07 NOTICE: data/video/HateMM/All/hate_video_35.mp4: Can't follow symlink without -L/--copy-links
2026/08/06 08:26:07 NOTICE: data/video/HateMM/All/non_hate_video_307.mp4: Can't follow symlink without -L/--copy-links
2026/08/06 08:26:07 NOTICE: data/video/HateMM/All/hate_video_308.mp4: Can't follow symlink without -L/--copy-links
2026/08/06 08:26:07 NOTICE: data/video/HateMM/All/non_hate_video_135.mp4: Can't follow symlink without -L/--copy-links
2026/08/06 08:26:07 NOTICE: data/video/HateMM/All/non_hate_video_629.mp4: Can't follow symlink without -L/--copy-links
2026/08/06 08:26:07 NOTICE: data/video/HateMM/All/hate_video_13.mp4: Can't follow symlink without -L/--copy-links
2026/08/06 08:26:07 NOTICE: data/video/HateMM/All/non_hate_video_535.mp4: Can't follow symlink without -L/--copy-links
2026/08/06 08:26:07 NOTICE: data/video/HateMM/All/hate_video_335.mp4: Can't follow symlink without -L/--copy-links
2026/08/06 08:26:07 NOTICE: data/video/HateMM/All/non_hate_video_486.mp4: Can't follow symlink without -L/--copy-links
2026/08/06 08:26:07 NOTICE: data/video/HateMM/All/hate_video_207.mp4: Can't follow symlink without -L/--copy-links
2026/08/06 08:26:07 NOTICE: data/video/HateMM/All/non_hate_video_566.mp4: Can't follow symlink without -L/--copy-links
2026/08/06 08:26:07 NOTICE: data/video/HateMM/All/non_hate_video_250.mp4: Can't follow symlink without -L/--copy-links
2026/08/06 08:26:07 NOTICE: data/video/HateMM/All/hate_video_320.mp4: Can't follow symlink without -L/--copy-links
2026/08/06 08:26:07 NOTICE: data/video/HateMM/All/non_hate_video_73.mp4: Can't follow symlink without -L/--copy-links
2026/08/06 08:26:07 NOTICE: data/video/HateMM/All/hate_video_42.mp4: Can't follow symlink without -L/--copy-links
2026/08/06 08:26:07 NOTICE: data/video/HateMM/All/non_hate_video_335.mp4: Can't follow symlink without -L/--copy-links
2026/08/06 08:26:07 NOTICE: data/video/HateMM/All/hate_video_11.mp4: Can't follow symlink without -L/--copy-links
2026/08/06 08:26:07 NOTICE: data/video/HateMM/All/hate_video_395.mp4: Can't follow symlink without -L/--copy-links
2026/08/06 08:26:07 NOTICE: data/video/HateMM/All/hate_video_289.mp4: Can't follow symlink without -L/--copy-links
2026/08/06 08:26:07 NOTICE: data/video/HateMM/All/hate_video_296.mp4: Can't follow symlink without -L/--copy-links
2026/08/06 08:26:07 NOTICE: data/video/HateMM/All/hate_video_175.mp4: Can't follow symlink without -L/--copy-links
2026/08/06 08:26:07 NOTICE: data/video/HateMM/All/non_hate_video_462.mp4: Can't follow symlink without -L/--copy-links
2026/08/06 08:26:07 NOTICE: data/video/HateMM/All/non_hate_video_15.mp4: Can't follow symlink without -L/--copy-links
2026/08/06 08:26:07 NOTICE: data/video/HateMM/All/non_hate_video_636.mp4: Can't follow symlink without -L/--copy-links
2026/08/06 08:26:07 NOTICE: data/video/HateMM/All/non_hate_video_336.mp4: Can't follow symlink without -L/--copy-links
2026/08/06 08:26:07 NOTICE: data/video/HateMM/All/hate_video_364.mp4: Can't follow symlink without -L/--copy-links
2026/08/06 08:26:07 NOTICE: data/video/HateMM/All/non_hate_video_309.mp4: Can't follow symlink without -L/--copy-links
2026/08/06 08:26:07 NOTICE: data/video/HateMM/All/non_hate_video_379.mp4: Can't follow symlink without -L/--copy-links
2026/08/06 08:26:07 NOTICE: data/video/HateMM/All/non_hate_video_416.mp4: Can't follow symlink without -L/--copy-links
2026/08/06 08:26:07 NOTICE: data/video/HateMM/All/non_hate_video_64.mp4: Can't follow symlink without -L/--copy-links
2026/08/06 08:26:07 NOTICE: data/video/HateMM/All/non_hate_video_298.mp4: Can't follow symlink without -L/--copy-links
2026/08/06 08:26:07 NOTICE: data/video/HateMM/All/non_hate_video_509.mp4: Can't follow symlink without -L/--copy-links
2026/08/06 08:26:07 NOTICE: data/video/HateMM/All/hate_video_203.mp4: Can't follow symlink without -L/--copy-links
2026/08/06 08:26:07 NOTICE: data/video/HateMM/All/hate_video_219.mp4: Can't follow symlink without -L/--copy-links
2026/08/06 08:26:07 NOTICE: data/video/HateMM/All/hate_video_238.mp4: Can't follow symlink without -L/--copy-links
2026/08/06 08:26:07 NOTICE: data/video/HateMM/All/non_hate_video_318.mp4: Can't follow symlink without -L/--copy-links
2026/08/06 08:26:07 NOTICE: data/video/HateMM/All/hate_video_367.mp4: Can't follow symlink without -L/--copy-links
2026/08/06 08:26:07 NOTICE: data/video/HateMM/All/hate_video_422.mp4: Can't follow symlink without -L/--copy-links
2026/08/06 08:26:07 NOTICE: data/video/HateMM/All/hate_video_166.mp4: Can't follow symlink without -L/--copy-links
2026/08/06 08:26:07 NOTICE: data/video/HateMM/All/non_hate_video_359.mp4: Can't follow symlink without -L/--copy-links
2026/08/06 08:26:07 NOTICE: data/video/HateMM/All/hate_video_85.mp4: Can't follow symlink without -L/--copy-links
2026/08/06 08:26:07 NOTICE: data/video/HateMM/All/non_hate_video_596.mp4: Can't follow symlink without -L/--copy-links
2026/08/06 08:26:07 NOTICE: data/video/HateMM/All/non_hate_video_256.mp4: Can't follow symlink without -L/--copy-links
2026/08/06 08:26:07 NOTICE: data/video/HateMM/All/hate_video_91.mp4: Can't follow symlink without -L/--copy-links
2026/08/06 08:26:07 NOTICE: data/video/HateMM/All/non_hate_video_47.mp4: Can't follow symlink without -L/--copy-links
2026/08/06 08:26:07 NOTICE: data/video/HateMM/All/hate_video_197.mp4: Can't follow symlink without -L/--copy-links
2026/08/06 08:26:07 NOTICE: data/video/HateMM/All/non_hate_video_78.mp4: Can't follow symlink without -L/--copy-links
2026/08/06 08:26:07 NOTICE: data/video/HateMM/All/non_hate_video_599.mp4: Can't follow symlink without -L/--copy-links
2026/08/06 08:26:07 NOTICE: data/video/HateMM/All/non_hate_video_540.mp4: Can't follow symlink without -L/--copy-links
2026/08/06 08:26:07 NOTICE: data/video/HateMM/All/non_hate_video_130.mp4: Can't follow symlink without -L/--copy-links
2026/08/06 08:26:07 NOTICE: data/video/HateMM/All/non_hate_video_547.mp4: Can't follow symlink without -L/--copy-links
2026/08/06 08:26:07 NOTICE: data/video/HateMM/All/hate_video_161.mp4: Can't follow symlink without -L/--copy-links
2026/08/06 08:26:07 NOTICE: data/video/HateMM/All/hate_video_382.mp4: Can't follow symlink without -L/--copy-links
2026/08/06 08:26:07 NOTICE: data/video/HateMM/All/non_hate_video_231.mp4: Can't follow symlink without -L/--copy-links
2026/08/06 08:26:07 NOTICE: data/video/HateMM/All/non_hate_video_564.mp4: Can't follow symlink without -L/--copy-links
2026/08/06 08:26:07 NOTICE: data/video/HateMM/All/non_hate_video_339.mp4: Can't follow symlink without -L/--copy-links
2026/08/06 08:26:07 NOTICE: data/video/HateMM/All/non_hate_video_502.mp4: Can't follow symlink without -L/--copy-links
2026/08/06 08:26:07 NOTICE: data/video/HateMM/All/non_hate_video_220.mp4: Can't follow symlink without -L/--copy-links
2026/08/06 08:26:07 NOTICE: data/video/HateMM/All/non_hate_video_375.mp4: Can't follow symlink without -L/--copy-links
2026/08/06 08:26:07 NOTICE: data/video/HateMM/All/non_hate_video_582.mp4: Can't follow symlink without -L/--copy-links
2026/08/06 08:26:07 NOTICE: data/video/HateMM/All/non_hate_video_91.mp4: Can't follow symlink without -L/--copy-links
2026/08/06 08:26:07 NOTICE: data/video/HateMM/All/non_hate_video_603.mp4: Can't follow symlink without -L/--copy-links
2026/08/06 08:26:07 NOTICE: data/video/HateMM/All/non_hate_video_498.mp4: Can't follow symlink without -L/--copy-links
2026/08/06 08:26:07 NOTICE: data/video/HateMM/All/non_hate_video_232.mp4: Can't follow symlink without -L/--copy-links
2026/08/06 08:26:07 NOTICE: data/video/HateMM/All/non_hate_video_627.mp4: Can't follow symlink without -L/--copy-links
2026/08/06 08:26:07 NOTICE: data/video/HateMM/All/hate_video_24.mp4: Can't follow symlink without -L/--copy-links
2026/08/06 08:26:07 NOTICE: data/video/HateMM/All/non_hate_video_300.mp4: Can't follow symlink without -L/--copy-links
2026/08/06 08:26:07 NOTICE: data/video/HateMM/All/hate_video_230.mp4: Can't follow symlink without -L/--copy-links
2026/08/06 08:26:07 NOTICE: data/video/HateMM/All/hate_video_393.mp4: Can't follow symlink without -L/--copy-links
2026/08/06 08:26:07 NOTICE: data/video/HateMM/All/non_hate_video_362.mp4: Can't follow symlink without -L/--copy-links
2026/08/06 08:26:07 NOTICE: data/video/HateMM/All/non_hate_video_368.mp4: Can't follow symlink without -L/--copy-links
2026/08/06 08:26:07 NOTICE: data/video/HateMM/All/non_hate_video_194.mp4: Can't follow symlink without -L/--copy-links
2026/08/06 08:26:07 NOTICE: data/video/HateMM/All/hate_video_133.mp4: Can't follow symlink without -L/--copy-links
2026/08/06 08:26:07 NOTICE: data/video/HateMM/All/hate_video_315.mp4: Can't follow symlink without -L/--copy-links
2026/08/06 08:26:07 NOTICE: data/video/HateMM/All/non_hate_video_619.mp4: Can't follow symlink without -L/--copy-links
2026/08/06 08:26:07 NOTICE: data/video/HateMM/All/non_hate_video_371.mp4: Can't follow symlink without -L/--copy-links
2026/08/06 08:26:07 NOTICE: data/video/HateMM/All/non_hate_video_418.mp4: Can't follow symlink without -L/--copy-links
2026/08/06 08:26:07 NOTICE: data/video/HateMM/All/non_hate_video_457.mp4: Can't follow symlink without -L/--copy-links
2026/08/06 08:26:07 NOTICE: data/video/HateMM/All/hate_video_22.mp4: Can't follow symlink without -L/--copy-links
2026/08/06 08:26:07 NOTICE: data/video/HateMM/All/non_hate_video_223.mp4: Can't follow symlink without -L/--copy-links
2026/08/06 08:26:07 NOTICE: data/video/HateMM/All/non_hate_video_414.mp4: Can't follow symlink without -L/--copy-links
2026/08/06 08:26:07 NOTICE: data/video/HateMM/All/non_hate_video_622.mp4: Can't follow symlink without -L/--copy-links
2026/08/06 08:26:07 NOTICE: data/video/HateMM/All/hate_video_14.mp4: Can't follow symlink without -L/--copy-links
2026/08/06 08:26:07 NOTICE: data/video/HateMM/All/non_hate_video_353.mp4: Can't follow symlink without -L/--copy-links
2026/08/06 08:26:07 NOTICE: data/video/HateMM/All/non_hate_video_60.mp4: Can't follow symlink without -L/--copy-links
2026/08/06 08:26:07 NOTICE: data/video/HateMM/All/hate_video_50.mp4: Can't follow symlink without -L/--copy-links
2026/08/06 08:26:07 NOTICE: data/video/HateMM/All/non_hate_video_424.mp4: Can't follow symlink without -L/--copy-links
2026/08/06 08:26:07 NOTICE: data/video/HateMM/All/hate_video_104.mp4: Can't follow symlink without -L/--copy-links
2026/08/06 08:26:07 NOTICE: data/video/HateMM/All/non_hate_video_531.mp4: Can't follow symlink without -L/--copy-links
2026/08/06 08:26:07 NOTICE: data/video/HateMM/All/hate_video_41.mp4: Can't follow symlink without -L/--copy-links
2026/08/06 08:26:07 NOTICE: data/video/HateMM/All/hate_video_59.mp4: Can't follow symlink without -L/--copy-links
2026/08/06 08:26:07 NOTICE: data/video/HateMM/All/non_hate_video_102.mp4: Can't follow symlink without -L/--copy-links
2026/08/06 08:26:07 NOTICE: data/video/HateMM/All/non_hate_video_198.mp4: Can't follow symlink without -L/--copy-links
2026/08/06 08:26:07 NOTICE: data/video/HateMM/All/hate_video_145.mp4: Can't follow symlink without -L/--copy-links
2026/08/06 08:26:07 NOTICE: data/video/HateMM/All/hate_video_314.mp4: Can't follow symlink without -L/--copy-links
2026/08/06 08:26:07 NOTICE: data/video/HateMM/All/hate_video_209.mp4: Can't follow symlink without -L/--copy-links
2026/08/06 08:26:07 NOTICE: data/video/HateMM/All/non_hate_video_340.mp4: Can't follow symlink without -L/--copy-links
2026/08/06 08:26:07 NOTICE: data/video/HateMM/All/non_hate_video_214.mp4: Can't follow symlink without -L/--copy-links
2026/08/06 08:26:07 NOTICE: data/video/HateMM/All/non_hate_video_361.mp4: Can't follow symlink without -L/--copy-links
2026/08/06 08:26:07 NOTICE: data/video/HateMM/All/non_hate_video_159.mp4: Can't follow symlink without -L/--copy-links
2026/08/06 08:26:07 NOTICE: data/video/HateMM/All/non_hate_video_628.mp4: Can't follow symlink without -L/--copy-links
2026/08/06 08:26:07 NOTICE: data/video/HateMM/All/non_hate_video_156.mp4: Can't follow symlink without -L/--copy-links
2026/08/06 08:26:07 NOTICE: data/video/HateMM/All/non_hate_video_204.mp4: Can't follow symlink without -L/--copy-links
2026/08/06 08:26:07 NOTICE: data/video/HateMM/All/hate_video_313.mp4: Can't follow symlink without -L/--copy-links
2026/08/06 08:26:07 NOTICE: data/video/HateMM/All/hate_video_2.mp4: Can't follow symlink without -L/--copy-links
2026/08/06 08:26:07 NOTICE: data/video/HateMM/All/hate_video_351.mp4: Can't follow symlink without -L/--copy-links
2026/08/06 08:26:07 NOTICE: data/video/HateMM/All/non_hate_video_331.mp4: Can't follow symlink without -L/--copy-links
2026/08/06 08:26:07 NOTICE: data/video/HateMM/All/hate_video_226.mp4: Can't follow symlink without -L/--copy-links
2026/08/06 08:26:07 NOTICE: data/video/HateMM/All/non_hate_video_389.mp4: Can't follow symlink without -L/--copy-links
2026/08/06 08:26:07 NOTICE: data/video/HateMM/All/non_hate_video_573.mp4: Can't follow symlink without -L/--copy-links
2026/08/06 08:26:07 NOTICE: data/video/HateMM/All/non_hate_video_160.mp4: Can't follow symlink without -L/--copy-links
2026/08/06 08:26:07 NOTICE: data/video/HateMM/All/hate_video_359.mp4: Can't follow symlink without -L/--copy-links
2026/08/06 08:26:07 NOTICE: data/video/HateMM/All/non_hate_video_543.mp4: Can't follow symlink without -L/--copy-links
2026/08/06 08:26:07 NOTICE: data/video/HateMM/All/non_hate_video_646.mp4: Can't follow symlink without -L/--copy-links
2026/08/06 08:26:07 NOTICE: data/video/HateMM/All/non_hate_video_382.mp4: Can't follow symlink without -L/--copy-links
2026/08/06 08:26:07 NOTICE: data/video/HateMM/All/hate_video_285.mp4: Can't follow symlink without -L/--copy-links
2026/08/06 08:26:07 NOTICE: data/video/HateMM/All/non_hate_video_507.mp4: Can't follow symlink without -L/--copy-links
2026/08/06 08:26:07 NOTICE: data/video/HateMM/All/hate_video_287.mp4: Can't follow symlink without -L/--copy-links
2026/08/06 08:26:07 NOTICE: data/video/HateMM/All/non_hate_video_30.mp4: Can't follow symlink without -L/--copy-links
2026/08/06 08:26:07 NOTICE: data/video/HateMM/All/hate_video_373.mp4: Can't follow symlink without -L/--copy-links
2026/08/06 08:26:07 NOTICE: data/video/HateMM/All/hate_video_170.mp4: Can't follow symlink without -L/--copy-links
2026/08/06 08:26:07 NOTICE: data/video/HateMM/All/hate_video_9.mp4: Can't follow symlink without -L/--copy-links
2026/08/06 08:26:07 NOTICE: data/video/HateMM/All/non_hate_video_581.mp4: Can't follow symlink without -L/--copy-links
2026/08/06 08:26:07 NOTICE: data/video/HateMM/All/non_hate_video_17.mp4: Can't follow symlink without -L/--copy-links
2026/08/06 08:26:07 NOTICE: data/video/HateMM/All/hate_video_331.mp4: Can't follow symlink without -L/--copy-links
2026/08/06 08:26:07 NOTICE: data/video/HateMM/All/non_hate_video_33.mp4: Can't follow symlink without -L/--copy-links
2026/08/06 08:26:07 NOTICE: data/video/HateMM/All/hate_video_8.mp4: Can't follow symlink without -L/--copy-links
2026/08/06 08:26:07 NOTICE: data/video/HateMM/All/non_hate_video_494.mp4: Can't follow symlink without -L/--copy-links
2026/08/06 08:26:07 NOTICE: data/video/HateMM/All/non_hate_video_390.mp4: Can't follow symlink without -L/--copy-links
2026/08/06 08:26:07 NOTICE: data/video/HateMM/All/non_hate_video_200.mp4: Can't follow symlink without -L/--copy-links
2026/08/06 08:26:07 NOTICE: data/video/HateMM/All/non_hate_video_454.mp4: Can't follow symlink without -L/--copy-links
2026/08/06 08:26:07 NOTICE: data/video/HateMM/All/non_hate_video_565.mp4: Can't follow symlink without -L/--copy-links
2026/08/06 08:26:07 NOTICE: data/video/HateMM/All/hate_video_213.mp4: Can't follow symlink without -L/--copy-links
2026/08/06 08:26:07 NOTICE: data/video/HateMM/All/hate_video_366.mp4: Can't follow symlink without -L/--copy-links
2026/08/06 08:26:07 NOTICE: data/video/HateMM/All/hate_video_128.mp4: Can't follow symlink without -L/--copy-links
2026/08/06 08:26:07 NOTICE: data/video/HateMM/All/non_hate_video_48.mp4: Can't follow symlink without -L/--copy-links
2026/08/06 08:26:07 NOTICE: data/video/HateMM/All/non_hate_video_39.mp4: Can't follow symlink without -L/--copy-links
2026/08/06 08:26:07 NOTICE: data/video/HateMM/All/non_hate_video_246.mp4: Can't follow symlink without -L/--copy-links
2026/08/06 08:26:07 NOTICE: data/video/HateMM/All/non_hate_video_447.mp4: Can't follow symlink without -L/--copy-links
2026/08/06 08:26:07 NOTICE: data/video/HateMM/All/hate_video_136.mp4: Can't follow symlink without -L/--copy-links
2026/08/06 08:26:07 NOTICE: data/video/HateMM/All/hate_video_411.mp4: Can't follow symlink without -L/--copy-links
2026/08/06 08:26:07 NOTICE: data/video/HateMM/All/non_hate_video_124.mp4: Can't follow symlink without -L/--copy-links
2026/08/06 08:26:07 NOTICE: data/video/HateMM/All/hate_video_76.mp4: Can't follow symlink without -L/--copy-links
2026/08/06 08:26:07 NOTICE: data/video/HateMM/All/hate_video_106.mp4: Can't follow symlink without -L/--copy-links
2026/08/06 08:26:07 NOTICE: data/video/HateMM/All/hate_video_26.mp4: Can't follow symlink without -L/--copy-links
2026/08/06 08:26:07 NOTICE: data/video/HateMM/All/non_hate_video_92.mp4: Can't follow symlink without -L/--copy-links
2026/08/06 08:26:07 NOTICE: data/video/HateMM/All/hate_video_418.mp4: Can't follow symlink without -L/--copy-links
2026/08/06 08:26:07 NOTICE: data/video/HateMM/All/non_hate_video_313.mp4: Can't follow symlink without -L/--copy-links
2026/08/06 08:26:07 NOTICE: data/video/HateMM/All/non_hate_video_241.mp4: Can't follow symlink without -L/--copy-links
2026/08/06 08:26:07 NOTICE: data/video/HateMM/All/hate_video_399.mp4: Can't follow symlink without -L/--copy-links
2026/08/06 08:26:07 NOTICE: data/video/HateMM/All/non_hate_video_195.mp4: Can't follow symlink without -L/--copy-links
2026/08/06 08:26:07 NOTICE: data/video/HateMM/All/non_hate_video_240.mp4: Can't follow symlink without -L/--copy-links
2026/08/06 08:26:07 NOTICE: data/video/HateMM/All/hate_video_316.mp4: Can't follow symlink without -L/--copy-links
2026/08/06 08:26:07 NOTICE: data/video/HateMM/All/hate_video_311.mp4: Can't follow symlink without -L/--copy-links
2026/08/06 08:26:07 NOTICE: data/video/HateMM/All/hate_video_119.mp4: Can't follow symlink without -L/--copy-links
2026/08/06 08:26:07 NOTICE: data/video/HateMM/All/non_hate_video_56.mp4: Can't follow symlink without -L/--copy-links
2026/08/06 08:26:07 NOTICE: data/video/HateMM/All/hate_video_410.mp4: Can't follow symlink without -L/--copy-links
2026/08/06 08:26:07 NOTICE: data/video/HateMM/All/non_hate_video_109.mp4: Can't follow symlink without -L/--copy-links
2026/08/06 08:26:07 NOTICE: data/video/HateMM/All/non_hate_video_81.mp4: Can't follow symlink without -L/--copy-links
2026/08/06 08:26:07 NOTICE: data/video/HateMM/All/non_hate_video_483.mp4: Can't follow symlink without -L/--copy-links
2026/08/06 08:26:07 NOTICE: data/video/HateMM/All/hate_video_233.mp4: Can't follow symlink without -L/--copy-links
2026/08/06 08:26:07 NOTICE: data/video/HateMM/All/hate_video_343.mp4: Can't follow symlink without -L/--copy-links
2026/08/06 08:26:07 NOTICE: data/video/HateMM/All/hate_video_31.mp4: Can't follow symlink without -L/--copy-links
2026/08/06 08:26:07 NOTICE: data/video/HateMM/All/non_hate_video_430.mp4: Can't follow symlink without -L/--copy-links
2026/08/06 08:26:07 NOTICE: data/video/HateMM/All/non_hate_video_440.mp4: Can't follow symlink without -L/--copy-links
2026/08/06 08:26:07 NOTICE: data/video/HateMM/All/non_hate_video_635.mp4: Can't follow symlink without -L/--copy-links
2026/08/06 08:26:07 NOTICE: data/video/HateMM/All/non_hate_video_222.mp4: Can't follow symlink without -L/--copy-links
2026/08/06 08:26:07 NOTICE: data/video/HateMM/All/hate_video_263.mp4: Can't follow symlink without -L/--copy-links
2026/08/06 08:26:07 NOTICE: data/video/HateMM/All/non_hate_video_99.mp4: Can't follow symlink without -L/--copy-links
2026/08/06 08:26:07 NOTICE: data/video/HateMM/All/hate_video_131.mp4: Can't follow symlink without -L/--copy-links
2026/08/06 08:26:07 NOTICE: data/video/HateMM/All/non_hate_video_44.mp4: Can't follow symlink without -L/--copy-links
2026/08/06 08:26:07 NOTICE: data/video/HateMM/All/hate_video_141.mp4: Can't follow symlink without -L/--copy-links
2026/08/06 08:26:07 NOTICE: data/video/HateMM/All/non_hate_video_269.mp4: Can't follow symlink without -L/--copy-links
2026/08/06 08:26:07 NOTICE: data/video/HateMM/All/non_hate_video_287.mp4: Can't follow symlink without -L/--copy-links
2026/08/06 08:26:07 NOTICE: data/video/HateMM/All/non_hate_video_405.mp4: Can't follow symlink without -L/--copy-links
2026/08/06 08:26:07 NOTICE: data/video/HateMM/All/non_hate_video_192.mp4: Can't follow symlink without -L/--copy-links
2026/08/06 08:26:07 NOTICE: data/video/HateMM/All/hate_video_332.mp4: Can't follow symlink without -L/--copy-links
2026/08/06 08:26:07 NOTICE: data/video/HateMM/All/non_hate_video_489.mp4: Can't follow symlink without -L/--copy-links
2026/08/06 08:26:07 NOTICE: data/video/HateMM/All/non_hate_video_354.mp4: Can't follow symlink without -L/--copy-links
2026/08/06 08:26:07 NOTICE: data/video/HateMM/All/non_hate_video_343.mp4: Can't follow symlink without -L/--copy-links
2026/08/06 08:26:07 NOTICE: data/video/HateMM/All/hate_video_129.mp4: Can't follow symlink without -L/--copy-links
2026/08/06 08:26:07 NOTICE: data/video/HateMM/All/hate_video_240.mp4: Can't follow symlink without -L/--copy-links
2026/08/06 08:26:07 NOTICE: data/video/HateMM/All/non_hate_video_14.mp4: Can't follow symlink without -L/--copy-links
2026/08/06 08:26:07 NOTICE: data/video/HateMM/All/hate_video_250.mp4: Can't follow symlink without -L/--copy-links
2026/08/06 08:26:07 NOTICE: data/video/HateMM/All/hate_video_73.mp4: Can't follow symlink without -L/--copy-links
2026/08/06 08:26:07 NOTICE: data/video/HateMM/All/non_hate_video_227.mp4: Can't follow symlink without -L/--copy-links
2026/08/06 08:26:07 NOTICE: data/video/HateMM/All/non_hate_video_544.mp4: Can't follow symlink without -L/--copy-links
2026/08/06 08:26:07 NOTICE: data/video/HateMM/All/hate_video_157.mp4: Can't follow symlink without -L/--copy-links
2026/08/06 08:26:07 NOTICE: data/video/HateMM/All/non_hate_video_607.mp4: Can't follow symlink without -L/--copy-links
2026/08/06 08:26:07 NOTICE: data/video/HateMM/All/hate_video_302.mp4: Can't follow symlink without -L/--copy-links
2026/08/06 08:26:07 NOTICE: data/video/HateMM/All/non_hate_video_6.mp4: Can't follow symlink without -L/--copy-links
2026/08/06 08:26:07 NOTICE: data/video/HateMM/All/hate_video_201.mp4: Can't follow symlink without -L/--copy-links
2026/08/06 08:26:07 NOTICE: data/video/HateMM/All/non_hate_video_645.mp4: Can't follow symlink without -L/--copy-links
2026/08/06 08:26:07 NOTICE: data/video/HateMM/All/non_hate_video_455.mp4: Can't follow symlink without -L/--copy-links
2026/08/06 08:26:07 NOTICE: data/video/HateMM/All/hate_video_407.mp4: Can't follow symlink without -L/--copy-links
2026/08/06 08:26:07 NOTICE: data/video/HateMM/All/hate_video_419.mp4: Can't follow symlink without -L/--copy-links
2026/08/06 08:26:07 NOTICE: data/video/HateMM/All/non_hate_video_374.mp4: Can't follow symlink without -L/--copy-links
2026/08/06 08:26:07 NOTICE: data/video/HateMM/All/hate_video_297.mp4: Can't follow symlink without -L/--copy-links
2026/08/06 08:26:07 NOTICE: data/video/HateMM/All/hate_video_371.mp4: Can't follow symlink without -L/--copy-links
2026/08/06 08:26:07 NOTICE: data/video/HateMM/All/non_hate_video_578.mp4: Can't follow symlink without -L/--copy-links
2026/08/06 08:26:07 NOTICE: data/video/HateMM/All/hate_video_265.mp4: Can't follow symlink without -L/--copy-links
2026/08/06 08:26:07 NOTICE: data/video/HateMM/All/non_hate_video_476.mp4: Can't follow symlink without -L/--copy-links
2026/08/06 08:26:07 NOTICE: data/video/HateMM/All/non_hate_video_472.mp4: Can't follow symlink without -L/--copy-links
2026/08/06 08:26:07 NOTICE: data/video/HateMM/All/hate_video_121.mp4: Can't follow symlink without -L/--copy-links
2026/08/06 08:26:07 NOTICE: data/video/HateMM/All/non_hate_video_592.mp4: Can't follow symlink without -L/--copy-links
2026/08/06 08:26:07 NOTICE: data/video/HateMM/All/non_hate_video_189.mp4: Can't follow symlink without -L/--copy-links
2026/08/06 08:26:07 NOTICE: data/video/HateMM/All/hate_video_413.mp4: Can't follow symlink without -L/--copy-links
2026/08/06 08:26:07 NOTICE: data/video/HateMM/All/non_hate_video_26.mp4: Can't follow symlink without -L/--copy-links
2026/08/06 08:26:07 NOTICE: data/video/HateMM/All/non_hate_video_387.mp4: Can't follow symlink without -L/--copy-links
2026/08/06 08:26:07 NOTICE: data/video/HateMM/All/non_hate_video_251.mp4: Can't follow symlink without -L/--copy-links
2026/08/06 08:26:07 NOTICE: data/video/HateMM/All/non_hate_video_539.mp4: Can't follow symlink without -L/--copy-links
2026/08/06 08:26:07 NOTICE: data/video/HateMM/All/hate_video_361.mp4: Can't follow symlink without -L/--copy-links
2026/08/06 08:26:07 NOTICE: data/video/HateMM/All/non_hate_video_196.mp4: Can't follow symlink without -L/--copy-links
2026/08/06 08:26:07 NOTICE: data/video/HateMM/All/non_hate_video_364.mp4: Can't follow symlink without -L/--copy-links
2026/08/06 08:26:07 NOTICE: data/video/HateMM/All/hate_video_68.mp4: Can't follow symlink without -L/--copy-links
2026/08/06 08:26:07 NOTICE: data/video/HateMM/All/non_hate_video_650.mp4: Can't follow symlink without -L/--copy-links
2026/08/06 08:26:07 NOTICE: data/video/HateMM/All/non_hate_video_83.mp4: Can't follow symlink without -L/--copy-links
2026/08/06 08:26:07 NOTICE: data/video/HateMM/All/hate_video_216.mp4: Can't follow symlink without -L/--copy-links
2026/08/06 08:26:07 NOTICE: data/video/HateMM/All/non_hate_video_1.mp4: Can't follow symlink without -L/--copy-links
2026/08/06 08:26:07 NOTICE: data/video/HateMM/All/non_hate_video_299.mp4: Can't follow symlink without -L/--copy-links
2026/08/06 08:26:07 NOTICE: data/video/HateMM/All/hate_video_310.mp4: Can't follow symlink without -L/--copy-links
2026/08/06 08:26:07 NOTICE: data/video/HateMM/All/hate_video_403.mp4: Can't follow symlink without -L/--copy-links
2026/08/06 08:26:07 NOTICE: data/video/HateMM/All/hate_video_27.mp4: Can't follow symlink without -L/--copy-links
2026/08/06 08:26:07 NOTICE: data/video/HateMM/All/hate_video_248.mp4: Can't follow symlink without -L/--copy-links
2026/08/06 08:26:07 NOTICE: data/video/HateMM/All/non_hate_video_18.mp4: Can't follow symlink without -L/--copy-links
2026/08/06 08:26:07 NOTICE: data/video/HateMM/All/hate_video_400.mp4: Can't follow symlink without -L/--copy-links
2026/08/06 08:26:07 NOTICE: data/video/HateMM/All/hate_video_115.mp4: Can't follow symlink without -L/--copy-links
2026/08/06 08:26:07 NOTICE: data/video/HateMM/All/hate_video_254.mp4: Can't follow symlink without -L/--copy-links
2026/08/06 08:26:07 NOTICE: data/video/HateMM/All/non_hate_video_583.mp4: Can't follow symlink without -L/--copy-links
2026/08/06 08:26:07 NOTICE: data/video/HateMM/All/non_hate_video_185.mp4: Can't follow symlink without -L/--copy-links
2026/08/06 08:26:07 NOTICE: data/video/HateMM/All/hate_video_183.mp4: Can't follow symlink without -L/--copy-links
2026/08/06 08:26:07 NOTICE: data/video/HateMM/All/non_hate_video_61.mp4: Can't follow symlink without -L/--copy-links
2026/08/06 08:26:07 NOTICE: data/video/HateMM/All/non_hate_video_311.mp4: Can't follow symlink without -L/--copy-links
2026/08/06 08:26:07 NOTICE: data/video/HateMM/All/non_hate_video_217.mp4: Can't follow symlink without -L/--copy-links
2026/08/06 08:26:07 NOTICE: data/video/HateMM/All/non_hate_video_138.mp4: Can't follow symlink without -L/--copy-links
2026/08/06 08:26:07 NOTICE: data/video/HateMM/All/non_hate_video_427.mp4: Can't follow symlink without -L/--copy-links
2026/08/06 08:26:07 NOTICE: data/video/HateMM/All/non_hate_video_37.mp4: Can't follow symlink without -L/--copy-links
2026/08/06 08:26:07 NOTICE: data/video/HateMM/All/non_hate_video_128.mp4: Can't follow symlink without -L/--copy-links
2026/08/06 08:26:07 NOTICE: data/video/HateMM/All/hate_video_229.mp4: Can't follow symlink without -L/--copy-links
2026/08/06 08:26:07 NOTICE: data/video/HateMM/All/non_hate_video_351.mp4: Can't follow symlink without -L/--copy-links
2026/08/06 08:26:07 NOTICE: data/video/HateMM/All/non_hate_video_381.mp4: Can't follow symlink without -L/--copy-links
2026/08/06 08:26:07 NOTICE: data/video/HateMM/All/non_hate_video_306.mp4: Can't follow symlink without -L/--copy-links
2026/08/06 08:26:07 NOTICE: data/video/HateMM/All/non_hate_video_59.mp4: Can't follow symlink without -L/--copy-links
2026/08/06 08:26:07 NOTICE: data/video/HateMM/All/hate_video_242.mp4: Can't follow symlink without -L/--copy-links
2026/08/06 08:26:07 NOTICE: data/video/HateMM/All/non_hate_video_394.mp4: Can't follow symlink without -L/--copy-links
2026/08/06 08:26:07 NOTICE: data/video/HateMM/All/hate_video_387.mp4: Can't follow symlink without -L/--copy-links
2026/08/06 08:26:07 NOTICE: data/video/HateMM/All/hate_video_417.mp4: Can't follow symlink without -L/--copy-links
2026/08/06 08:26:07 NOTICE: data/video/HateMM/All/hate_video_79.mp4: Can't follow symlink without -L/--copy-links
2026/08/06 08:26:07 NOTICE: data/video/HateMM/All/non_hate_video_452.mp4: Can't follow symlink without -L/--copy-links
2026/08/06 08:26:07 NOTICE: data/video/HateMM/All/hate_video_7.mp4: Can't follow symlink without -L/--copy-links
2026/08/06 08:26:07 NOTICE: data/video/HateMM/All/non_hate_video_626.mp4: Can't follow symlink without -L/--copy-links
2026/08/06 08:26:07 NOTICE: data/video/HateMM/All/non_hate_video_450.mp4: Can't follow symlink without -L/--copy-links
2026/08/06 08:26:07 NOTICE: data/video/HateMM/All/non_hate_video_248.mp4: Can't follow symlink without -L/--copy-links
2026/08/06 08:26:07 NOTICE: data/video/HateMM/All/non_hate_video_131.mp4: Can't follow symlink without -L/--copy-links
2026/08/06 08:26:07 NOTICE: data/video/HateMM/All/non_hate_video_552.mp4: Can't follow symlink without -L/--copy-links
2026/08/06 08:26:07 NOTICE: data/video/HateMM/All/non_hate_video_442.mp4: Can't follow symlink without -L/--copy-links
2026/08/06 08:26:07 NOTICE: data/video/HateMM/All/hate_video_241.mp4: Can't follow symlink without -L/--copy-links
2026/08/06 08:26:07 NOTICE: data/video/HateMM/All/hate_video_319.mp4: Can't follow symlink without -L/--copy-links
2026/08/06 08:26:07 NOTICE: data/video/HateMM/All/non_hate_video_517.mp4: Can't follow symlink without -L/--copy-links
2026/08/06 08:26:07 NOTICE: data/video/HateMM/All/non_hate_video_523.mp4: Can't follow symlink without -L/--copy-links
2026/08/06 08:26:07 NOTICE: data/video/HateMM/All/non_hate_video_644.mp4: Can't follow symlink without -L/--copy-links
2026/08/06 08:26:07 NOTICE: data/video/HateMM/All/non_hate_video_10.mp4: Can't follow symlink without -L/--copy-links
2026/08/06 08:26:07 NOTICE: data/video/HateMM/All/non_hate_video_481.mp4: Can't follow symlink without -L/--copy-links
2026/08/06 08:26:07 NOTICE: data/video/HateMM/All/non_hate_video_65.mp4: Can't follow symlink without -L/--copy-links
2026/08/06 08:26:07 NOTICE: data/video/HateMM/All/non_hate_video_460.mp4: Can't follow symlink without -L/--copy-links
2026/08/06 08:26:07 NOTICE: data/video/HateMM/All/non_hate_video_164.mp4: Can't follow symlink without -L/--copy-links
2026/08/06 08:26:07 NOTICE: data/video/HateMM/All/non_hate_video_395.mp4: Can't follow symlink without -L/--copy-links
2026/08/06 08:26:07 NOTICE: data/video/HateMM/All/non_hate_video_465.mp4: Can't follow symlink without -L/--copy-links
2026/08/06 08:26:07 NOTICE: data/video/HateMM/All/hate_video_258.mp4: Can't follow symlink without -L/--copy-links
2026/08/06 08:26:07 NOTICE: data/video/HateMM/All/non_hate_video_322.mp4: Can't follow symlink without -L/--copy-links
2026/08/06 08:26:07 NOTICE: data/video/HateMM/All/non_hate_video_114.mp4: Can't follow symlink without -L/--copy-links
2026/08/06 08:26:07 NOTICE: data/video/HateMM/All/non_hate_video_487.mp4: Can't follow symlink without -L/--copy-links
2026/08/06 08:26:07 NOTICE: data/video/HateMM/All/non_hate_video_209.mp4: Can't follow symlink without -L/--copy-links
2026/08/06 08:26:07 NOTICE: data/video/HateMM/All/hate_video_51.mp4: Can't follow symlink without -L/--copy-links
2026/08/06 08:26:07 NOTICE: data/video/HateMM/All/hate_video_29.mp4: Can't follow symlink without -L/--copy-links
2026/08/06 08:26:07 NOTICE: data/video/HateMM/All/non_hate_video_631.mp4: Can't follow symlink without -L/--copy-links
2026/08/06 08:26:07 NOTICE: data/video/HateMM/All/non_hate_video_647.mp4: Can't follow symlink without -L/--copy-links
2026/08/06 08:26:07 NOTICE: data/video/HateMM/All/hate_video_64.mp4: Can't follow symlink without -L/--copy-links
2026/08/06 08:26:07 NOTICE: data/video/HateMM/All/hate_video_298.mp4: Can't follow symlink without -L/--copy-links
2026/08/06 08:26:07 NOTICE: data/video/HateMM/All/non_hate_video_488.mp4: Can't follow symlink without -L/--copy-links
2026/08/06 08:26:07 NOTICE: data/video/HateMM/All/non_hate_video_239.mp4: Can't follow symlink without -L/--copy-links
2026/08/06 08:26:07 NOTICE: data/video/HateMM/All/non_hate_video_651.mp4: Can't follow symlink without -L/--copy-links
2026/08/06 08:26:07 NOTICE: data/video/HateMM/All/non_hate_video_289.mp4: Can't follow symlink without -L/--copy-links
2026/08/06 08:26:07 NOTICE: data/video/HateMM/All/non_hate_video_589.mp4: Can't follow symlink without -L/--copy-links
2026/08/06 08:26:07 NOTICE: data/video/HateMM/All/non_hate_video_29.mp4: Can't follow symlink without -L/--copy-links
2026/08/06 08:26:07 NOTICE: data/video/HateMM/All/non_hate_video_640.mp4: Can't follow symlink without -L/--copy-links
2026/08/06 08:26:07 NOTICE: data/video/HateMM/All/non_hate_video_557.mp4: Can't follow symlink without -L/--copy-links
2026/08/06 08:26:07 NOTICE: data/video/HateMM/All/hate_video_378.mp4: Can't follow symlink without -L/--copy-links
2026/08/06 08:26:07 NOTICE: data/video/HateMM/All/non_hate_video_292.mp4: Can't follow symlink without -L/--copy-links
2026/08/06 08:26:07 NOTICE: data/video/HateMM/All/hate_video_4.mp4: Can't follow symlink without -L/--copy-links
2026/08/06 08:26:07 NOTICE: data/video/HateMM/All/non_hate_video_478.mp4: Can't follow symlink without -L/--copy-links
2026/08/06 08:26:07 NOTICE: data/video/HateMM/All/non_hate_video_560.mp4: Can't follow symlink without -L/--copy-links
2026/08/06 08:26:07 NOTICE: data/video/HateMM/All/non_hate_video_62.mp4: Can't follow symlink without -L/--copy-links
2026/08/06 08:26:07 NOTICE: data/video/HateMM/All/non_hate_video_568.mp4: Can't follow symlink without -L/--copy-links
2026/08/06 08:26:07 NOTICE: data/video/HateMM/All/hate_video_224.mp4: Can't follow symlink without -L/--copy-links
2026/08/06 08:26:07 NOTICE: data/video/HateMM/All/non_hate_video_579.mp4: Can't follow symlink without -L/--copy-links
2026/08/06 08:26:07 NOTICE: data/video/HateMM/All/hate_video_39.mp4: Can't follow symlink without -L/--copy-links
2026/08/06 08:26:07 NOTICE: data/video/HateMM/All/hate_video_223.mp4: Can't follow symlink without -L/--copy-links
2026/08/06 08:26:07 NOTICE: data/video/HateMM/All/non_hate_video_308.mp4: Can't follow symlink without -L/--copy-links
2026/08/06 08:26:07 NOTICE: data/video/HateMM/All/non_hate_video_355.mp4: Can't follow symlink without -L/--copy-links
2026/08/06 08:26:07 NOTICE: data/video/HateMM/All/non_hate_video_302.mp4: Can't follow symlink without -L/--copy-links
2026/08/06 08:26:07 NOTICE: data/video/HateMM/All/non_hate_video_426.mp4: Can't follow symlink without -L/--copy-links
2026/08/06 08:26:07 NOTICE: data/video/HateMM/All/non_hate_video_556.mp4: Can't follow symlink without -L/--copy-links
2026/08/06 08:26:07 NOTICE: data/video/HateMM/All/hate_video_95.mp4: Can't follow symlink without -L/--copy-links
2026/08/06 08:26:07 NOTICE: data/video/HateMM/All/hate_video_341.mp4: Can't follow symlink without -L/--copy-links
2026/08/06 08:26:07 NOTICE: data/video/HateMM/All/non_hate_video_402.mp4: Can't follow symlink without -L/--copy-links
2026/08/06 08:26:07 NOTICE: data/video/HateMM/All/non_hate_video_338.mp4: Can't follow symlink without -L/--copy-links
2026/08/06 08:26:07 NOTICE: data/video/HateMM/All/non_hate_video_372.mp4: Can't follow symlink without -L/--copy-links
2026/08/06 08:26:07 NOTICE: data/video/HateMM/All/non_hate_video_305.mp4: Can't follow symlink without -L/--copy-links
2026/08/06 08:26:07 NOTICE: data/video/HateMM/All/hate_video_120.mp4: Can't follow symlink without -L/--copy-links
2026/08/06 08:26:07 NOTICE: data/video/HateMM/All/hate_video_425.mp4: Can't follow symlink without -L/--copy-links
2026/08/06 08:26:07 NOTICE: data/video/HateMM/All/non_hate_video_480.mp4: Can't follow symlink without -L/--copy-links
2026/08/06 08:26:07 NOTICE: data/video/HateMM/All/hate_video_208.mp4: Can't follow symlink without -L/--copy-links
2026/08/06 08:26:07 NOTICE: data/video/HateMM/All/hate_video_350.mp4: Can't follow symlink without -L/--copy-links
2026/08/06 08:26:07 NOTICE: data/video/HateMM/All/non_hate_video_233.mp4: Can't follow symlink without -L/--copy-links
2026/08/06 08:26:07 NOTICE: data/video/HateMM/All/hate_video_307.mp4: Can't follow symlink without -L/--copy-links
2026/08/06 08:26:07 NOTICE: data/video/HateMM/All/hate_video_103.mp4: Can't follow symlink without -L/--copy-links
2026/08/06 08:26:07 NOTICE: data/video/HateMM/All/non_hate_video_329.mp4: Can't follow symlink without -L/--copy-links
2026/08/06 08:26:07 NOTICE: data/video/HateMM/All/non_hate_video_593.mp4: Can't follow symlink without -L/--copy-links
2026/08/06 08:26:07 NOTICE: data/video/HateMM/All/non_hate_video_530.mp4: Can't follow symlink without -L/--copy-links
2026/08/06 08:26:07 NOTICE: data/video/HateMM/All/non_hate_video_333.mp4: Can't follow symlink without -L/--copy-links
2026/08/06 08:26:07 NOTICE: data/video/HateMM/All/hate_video_256.mp4: Can't follow symlink without -L/--copy-links
2026/08/06 08:26:07 NOTICE: data/video/HateMM/All/non_hate_video_435.mp4: Can't follow symlink without -L/--copy-links
2026/08/06 08:26:07 NOTICE: data/video/HateMM/All/hate_video_245.mp4: Can't follow symlink without -L/--copy-links
2026/08/06 08:26:07 NOTICE: data/video/HateMM/All/hate_video_334.mp4: Can't follow symlink without -L/--copy-links
2026/08/06 08:26:07 NOTICE: data/video/HateMM/All/hate_video_212.mp4: Can't follow symlink without -L/--copy-links
2026/08/06 08:26:07 NOTICE: data/video/HateMM/All/non_hate_video_475.mp4: Can't follow symlink without -L/--copy-links
2026/08/06 08:26:07 NOTICE: data/video/HateMM/All/non_hate_video_9.mp4: Can't follow symlink without -L/--copy-links
2026/08/06 08:26:07 NOTICE: data/video/HateMM/All/hate_video_33.mp4: Can't follow symlink without -L/--copy-links
2026/08/06 08:26:07 NOTICE: data/video/HateMM/All/hate_video_21.mp4: Can't follow symlink without -L/--copy-links
2026/08/06 08:26:07 NOTICE: data/video/HateMM/All/non_hate_video_293.mp4: Can't follow symlink without -L/--copy-links
2026/08/06 08:26:07 NOTICE: data/video/HateMM/All/non_hate_video_445.mp4: Can't follow symlink without -L/--copy-links
2026/08/06 08:26:07 NOTICE: data/video/HateMM/All/hate_video_324.mp4: Can't follow symlink without -L/--copy-links
2026/08/06 08:26:07 NOTICE: data/video/HateMM/All/non_hate_video_245.mp4: Can't follow symlink without -L/--copy-links
2026/08/06 08:26:07 NOTICE: data/video/HateMM/All/non_hate_video_275.mp4: Can't follow symlink without -L/--copy-links
2026/08/06 08:26:07 NOTICE: data/video/HateMM/All/non_hate_video_122.mp4: Can't follow symlink without -L/--copy-links
2026/08/06 08:26:07 NOTICE: data/video/HateMM/All/hate_video_402.mp4: Can't follow symlink without -L/--copy-links
2026/08/06 08:26:07 NOTICE: data/video/HateMM/All/hate_video_123.mp4: Can't follow symlink without -L/--copy-links
2026/08/06 08:26:07 NOTICE: data/video/HateMM/All/non_hate_video_146.mp4: Can't follow symlink without -L/--copy-links
2026/08/06 08:26:07 NOTICE: data/video/HateMM/All/non_hate_video_553.mp4: Can't follow symlink without -L/--copy-links
2026/08/06 08:26:07 NOTICE: data/video/HateMM/All/hate_video_148.mp4: Can't follow symlink without -L/--copy-links
2026/08/06 08:26:07 NOTICE: data/video/HateMM/All/non_hate_video_154.mp4: Can't follow symlink without -L/--copy-links
2026/08/06 08:26:07 NOTICE: data/video/HateMM/All/hate_video_380.mp4: Can't follow symlink without -L/--copy-links
2026/08/06 08:26:07 NOTICE: data/video/HateMM/All/non_hate_video_125.mp4: Can't follow symlink without -L/--copy-links
2026/08/06 08:26:07 NOTICE: data/video/HateMM/All/non_hate_video_54.mp4: Can't follow symlink without -L/--copy-links
2026/08/06 08:26:07 NOTICE: data/video/HateMM/All/hate_video_77.mp4: Can't follow symlink without -L/--copy-links
2026/08/06 08:26:07 NOTICE: data/video/HateMM/All/non_hate_video_25.mp4: Can't follow symlink without -L/--copy-links
2026/08/06 08:26:07 NOTICE: data/video/HateMM/All/hate_video_144.mp4: Can't follow symlink without -L/--copy-links
2026/08/06 08:26:07 NOTICE: data/video/HateMM/All/non_hate_video_357.mp4: Can't follow symlink without -L/--copy-links
2026/08/06 08:26:07 NOTICE: data/video/HateMM/All/non_hate_video_206.mp4: Can't follow symlink without -L/--copy-links
2026/08/06 08:26:07 NOTICE: data/video/HateMM/All/non_hate_video_490.mp4: Can't follow symlink without -L/--copy-links
2026/08/06 08:26:07 NOTICE: data/video/HateMM/All/hate_video_325.mp4: Can't follow symlink without -L/--copy-links
2026/08/06 08:26:07 NOTICE: data/video/HateMM/All/hate_video_187.mp4: Can't follow symlink without -L/--copy-links
2026/08/06 08:26:07 NOTICE: data/video/HateMM/All/non_hate_video_600.mp4: Can't follow symlink without -L/--copy-links
2026/08/06 08:26:07 NOTICE: data/video/HateMM/All/non_hate_video_412.mp4: Can't follow symlink without -L/--copy-links
2026/08/06 08:26:07 NOTICE: data/video/HateMM/All/hate_video_342.mp4: Can't follow symlink without -L/--copy-links
2026/08/06 08:26:07 NOTICE: data/video/HateMM/All/hate_video_186.mp4: Can't follow symlink without -L/--copy-links
2026/08/06 08:26:07 NOTICE: data/video/HateMM/All/non_hate_video_224.mp4: Can't follow symlink without -L/--copy-links
2026/08/06 08:26:07 NOTICE: data/video/HateMM/All/hate_video_217.mp4: Can't follow symlink without -L/--copy-links
2026/08/06 08:26:07 NOTICE: data/video/HateMM/All/non_hate_video_110.mp4: Can't follow symlink without -L/--copy-links
2026/08/06 08:26:07 NOTICE: data/video/HateMM/All/hate_video_165.mp4: Can't follow symlink without -L/--copy-links
2026/08/06 08:26:07 NOTICE: data/video/HateMM/All/non_hate_video_597.mp4: Can't follow symlink without -L/--copy-links
2026/08/06 08:26:07 NOTICE: data/video/HateMM/All/hate_video_280.mp4: Can't follow symlink without -L/--copy-links
2026/08/06 08:26:07 NOTICE: data/video/HateMM/All/non_hate_video_422.mp4: Can't follow symlink without -L/--copy-links
2026/08/06 08:26:07 NOTICE: data/video/HateMM/All/hate_video_127.mp4: Can't follow symlink without -L/--copy-links
2026/08/06 08:26:07 NOTICE: data/video/HateMM/All/non_hate_video_388.mp4: Can't follow symlink without -L/--copy-links
2026/08/06 08:26:07 NOTICE: data/video/HateMM/All/non_hate_video_253.mp4: Can't follow symlink without -L/--copy-links
2026/08/06 08:26:07 NOTICE: data/video/HateMM/All/non_hate_video_409.mp4: Can't follow symlink without -L/--copy-links
2026/08/06 08:26:07 NOTICE: data/video/HateMM/All/non_hate_video_639.mp4: Can't follow symlink without -L/--copy-links
2026/08/06 08:26:07 NOTICE: data/video/HateMM/All/non_hate_video_518.mp4: Can't follow symlink without -L/--copy-links
2026/08/06 08:26:07 NOTICE: data/video/HateMM/All/hate_video_290.mp4: Can't follow symlink without -L/--copy-links
2026/08/06 08:26:07 NOTICE: data/video/HateMM/All/non_hate_video_470.mp4: Can't follow symlink without -L/--copy-links
2026/08/06 08:26:07 NOTICE: data/video/HateMM/All/non_hate_video_285.mp4: Can't follow symlink without -L/--copy-links
2026/08/06 08:26:07 NOTICE: data/video/HateMM/All/hate_video_97.mp4: Can't follow symlink without -L/--copy-links
2026/08/06 08:26:07 NOTICE: data/video/HateMM/All/hate_video_176.mp4: Can't follow symlink without -L/--copy-links
2026/08/06 08:26:07 NOTICE: data/video/HateMM/All/hate_video_236.mp4: Can't follow symlink without -L/--copy-links
2026/08/06 08:26:07 NOTICE: data/video/HateMM/All/non_hate_video_31.mp4: Can't follow symlink without -L/--copy-links
2026/08/06 08:26:07 NOTICE: data/video/HateMM/All/non_hate_video_40.mp4: Can't follow symlink without -L/--copy-links
2026/08/06 08:26:07 NOTICE: data/video/HateMM/All/non_hate_video_601.mp4: Can't follow symlink without -L/--copy-links
2026/08/06 08:26:07 NOTICE: data/video/HateMM/All/non_hate_video_464.mp4: Can't follow symlink without -L/--copy-links
2026/08/06 08:26:07 NOTICE: data/video/HateMM/All/non_hate_video_548.mp4: Can't follow symlink without -L/--copy-links
2026/08/06 08:26:07 NOTICE: data/video/HateMM/All/hate_video_92.mp4: Can't follow symlink without -L/--copy-links
2026/08/06 08:26:07 NOTICE: data/video/HateMM/All/non_hate_video_614.mp4: Can't follow symlink without -L/--copy-links
2026/08/06 08:26:07 NOTICE: data/video/HateMM/All/non_hate_video_319.mp4: Can't follow symlink without -L/--copy-links
2026/08/06 08:26:07 NOTICE: data/video/HateMM/All/non_hate_video_532.mp4: Can't follow symlink without -L/--copy-links
2026/08/06 08:26:07 NOTICE: data/video/HateMM/All/non_hate_video_505.mp4: Can't follow symlink without -L/--copy-links
2026/08/06 08:26:07 NOTICE: data/video/HateMM/All/hate_video_112.mp4: Can't follow symlink without -L/--copy-links
2026/08/06 08:26:07 NOTICE: data/video/HateMM/All/hate_video_390.mp4: Can't follow symlink without -L/--copy-links
2026/08/06 08:26:07 NOTICE: data/video/HateMM/All/hate_video_96.mp4: Can't follow symlink without -L/--copy-links
2026/08/06 08:26:07 NOTICE: data/video/HateMM/All/hate_video_193.mp4: Can't follow symlink without -L/--copy-links
2026/08/06 08:26:07 NOTICE: data/video/HateMM/All/non_hate_video_419.mp4: Can't follow symlink without -L/--copy-links
2026/08/06 08:26:07 NOTICE: data/video/HateMM/All/non_hate_video_96.mp4: Can't follow symlink without -L/--copy-links
2026/08/06 08:26:07 NOTICE: data/video/HateMM/All/non_hate_video_506.mp4: Can't follow symlink without -L/--copy-links
2026/08/06 08:26:07 NOTICE: data/video/HateMM/All/hate_video_180.mp4: Can't follow symlink without -L/--copy-links
2026/08/06 08:26:07 NOTICE: data/video/HateMM/All/non_hate_video_438.mp4: Can't follow symlink without -L/--copy-links
2026/08/06 08:26:07 NOTICE: data/video/HateMM/All/non_hate_video_111.mp4: Can't follow symlink without -L/--copy-links
2026/08/06 08:26:07 NOTICE: data/video/HateMM/All/non_hate_video_525.mp4: Can't follow symlink without -L/--copy-links
2026/08/06 08:26:07 NOTICE: data/video/HateMM/All/hate_video_322.mp4: Can't follow symlink without -L/--copy-links
2026/08/06 08:26:07 NOTICE: data/video/HateMM/All/hate_video_385.mp4: Can't follow symlink without -L/--copy-links
2026/08/06 08:26:07 NOTICE: data/video/HateMM/All/non_hate_video_187.mp4: Can't follow symlink without -L/--copy-links
2026/08/06 08:26:07 NOTICE: data/video/HateMM/All/non_hate_video_142.mp4: Can't follow symlink without -L/--copy-links
2026/08/06 08:26:07 NOTICE: data/video/HateMM/All/hate_video_28.mp4: Can't follow symlink without -L/--copy-links
2026/08/06 08:26:07 NOTICE: data/video/HateMM/All/hate_video_232.mp4: Can't follow symlink without -L/--copy-links
2026/08/06 08:26:07 NOTICE: data/video/HateMM/All/hate_video_84.mp4: Can't follow symlink without -L/--copy-links
2026/08/06 08:26:07 NOTICE: data/video/HateMM/All/non_hate_video_466.mp4: Can't follow symlink without -L/--copy-links
2026/08/06 08:26:07 NOTICE: data/video/HateMM/All/hate_video_237.mp4: Can't follow symlink without -L/--copy-links
2026/08/06 08:26:07 NOTICE: data/video/HateMM/All/non_hate_video_363.mp4: Can't follow symlink without -L/--copy-links
2026/08/06 08:26:07 NOTICE: data/video/HateMM/All/non_hate_video_66.mp4: Can't follow symlink without -L/--copy-links
2026/08/06 08:26:07 NOTICE: data/video/HateMM/All/hate_video_252.mp4: Can't follow symlink without -L/--copy-links
2026/08/06 08:26:07 NOTICE: data/video/HateMM/All/hate_video_65.mp4: Can't follow symlink without -L/--copy-links
2026/08/06 08:26:07 NOTICE: data/video/HateMM/All/hate_video_246.mp4: Can't follow symlink without -L/--copy-links
2026/08/06 08:26:07 NOTICE: data/video/HateMM/All/non_hate_video_176.mp4: Can't follow symlink without -L/--copy-links
2026/08/06 08:26:07 NOTICE: data/video/HateMM/All/hate_video_346.mp4: Can't follow symlink without -L/--copy-links
2026/08/06 08:26:07 NOTICE: data/video/HateMM/All/non_hate_video_186.mp4: Can't follow symlink without -L/--copy-links
2026/08/06 08:26:07 NOTICE: data/video/HateMM/All/non_hate_video_555.mp4: Can't follow symlink without -L/--copy-links
2026/08/06 08:26:07 NOTICE: data/video/HateMM/All/hate_video_94.mp4: Can't follow symlink without -L/--copy-links
2026/08/06 08:26:07 NOTICE: data/video/HateMM/All/non_hate_video_203.mp4: Can't follow symlink without -L/--copy-links
2026/08/06 08:26:07 NOTICE: data/video/HateMM/All/non_hate_video_569.mp4: Can't follow symlink without -L/--copy-links
2026/08/06 08:26:07 NOTICE: data/video/HateMM/All/non_hate_video_97.mp4: Can't follow symlink without -L/--copy-links
2026/08/06 08:26:07 NOTICE: data/video/HateMM/All/non_hate_video_529.mp4: Can't follow symlink without -L/--copy-links
2026/08/06 08:26:07 NOTICE: data/video/HateMM/All/hate_video_124.mp4: Can't follow symlink without -L/--copy-links
2026/08/06 08:26:07 NOTICE: data/video/HateMM/All/non_hate_video_408.mp4: Can't follow symlink without -L/--copy-links
2026/08/06 08:26:07 NOTICE: data/video/HateMM/All/non_hate_video_643.mp4: Can't follow symlink without -L/--copy-links
2026/08/06 08:26:07 NOTICE: data/video/HateMM/All/hate_video_159.mp4: Can't follow symlink without -L/--copy-links
2026/08/06 08:26:07 NOTICE: data/video/HateMM/All/non_hate_video_28.mp4: Can't follow symlink without -L/--copy-links
2026/08/06 08:26:07 NOTICE: data/video/HateMM/All/hate_video_231.mp4: Can't follow symlink without -L/--copy-links
2026/08/06 08:26:07 NOTICE: data/video/HateMM/All/hate_video_235.mp4: Can't follow symlink without -L/--copy-links
2026/08/06 08:26:07 NOTICE: data/video/HateMM/All/hate_video_62.mp4: Can't follow symlink without -L/--copy-links
2026/08/06 08:26:07 NOTICE: data/video/HateMM/All/hate_video_168.mp4: Can't follow symlink without -L/--copy-links
2026/08/06 08:26:07 NOTICE: data/video/HateMM/All/hate_video_195.mp4: Can't follow symlink without -L/--copy-links
2026/08/06 08:26:07 NOTICE: data/video/HateMM/All/non_hate_video_439.mp4: Can't follow symlink without -L/--copy-links
2026/08/06 08:26:07 NOTICE: data/video/HateMM/All/non_hate_video_495.mp4: Can't follow symlink without -L/--copy-links
2026/08/06 08:26:07 NOTICE: data/video/HateMM/All/hate_video_267.mp4: Can't follow symlink without -L/--copy-links
2026/08/06 08:26:07 NOTICE: data/video/HateMM/All/non_hate_video_90.mp4: Can't follow symlink without -L/--copy-links
2026/08/06 08:26:07 NOTICE: data/video/HateMM/All/non_hate_video_515.mp4: Can't follow symlink without -L/--copy-links
2026/08/06 08:26:07 NOTICE: data/video/HateMM/All/hate_video_30.mp4: Can't follow symlink without -L/--copy-links
2026/08/06 08:26:07 NOTICE: data/video/HateMM/All/hate_video_391.mp4: Can't follow symlink without -L/--copy-links
2026/08/06 08:26:07 NOTICE: data/video/HateMM/All/hate_video_426.mp4: Can't follow symlink without -L/--copy-links
2026/08/06 08:26:07 NOTICE: data/video/HateMM/All/hate_video_262.mp4: Can't follow symlink without -L/--copy-links
2026/08/06 08:26:07 NOTICE: data/video/HateMM/All/non_hate_video_108.mp4: Can't follow symlink without -L/--copy-links
2026/08/06 08:26:07 NOTICE: data/video/HateMM/All/non_hate_video_169.mp4: Can't follow symlink without -L/--copy-links
2026/08/06 08:26:07 NOTICE: data/video/HateMM/All/non_hate_video_242.mp4: Can't follow symlink without -L/--copy-links
2026/08/06 08:26:07 NOTICE: data/video/HateMM/All/non_hate_video_580.mp4: Can't follow symlink without -L/--copy-links
2026/08/06 08:26:07 NOTICE: data/video/HateMM/All/non_hate_video_468.mp4: Can't follow symlink without -L/--copy-links
2026/08/06 08:26:07 NOTICE: data/video/HateMM/All/hate_video_18.mp4: Can't follow symlink without -L/--copy-links
2026/08/06 08:26:07 NOTICE: data/video/HateMM/All/non_hate_video_383.mp4: Can't follow symlink without -L/--copy-links
2026/08/06 08:26:07 NOTICE: data/video/HateMM/All/non_hate_video_451.mp4: Can't follow symlink without -L/--copy-links
2026/08/06 08:26:07 NOTICE: data/video/HateMM/All/non_hate_video_112.mp4: Can't follow symlink without -L/--copy-links
2026/08/06 08:26:07 NOTICE: data/video/HateMM/All/non_hate_video_13.mp4: Can't follow symlink without -L/--copy-links
2026/08/06 08:26:07 NOTICE: data/video/HateMM/All/hate_video_384.mp4: Can't follow symlink without -L/--copy-links
2026/08/06 08:26:07 NOTICE: data/video/HateMM/All/non_hate_video_68.mp4: Can't follow symlink without -L/--copy-links
2026/08/06 08:26:07 NOTICE: data/video/HateMM/All/hate_video_374.mp4: Can't follow symlink without -L/--copy-links
2026/08/06 08:26:07 NOTICE: data/video/HateMM/All/hate_video_326.mp4: Can't follow symlink without -L/--copy-links
2026/08/06 08:26:07 NOTICE: data/video/HateMM/All/non_hate_video_100.mp4: Can't follow symlink without -L/--copy-links
2026/08/06 08:26:07 NOTICE: data/video/HateMM/All/non_hate_video_243.mp4: Can't follow symlink without -L/--copy-links
2026/08/06 08:26:07 NOTICE: data/video/HateMM/All/hate_video_109.mp4: Can't follow symlink without -L/--copy-links
2026/08/06 08:26:07 NOTICE: data/video/HateMM/All/non_hate_video_613.mp4: Can't follow symlink without -L/--copy-links
2026/08/06 08:26:07 NOTICE: data/video/HateMM/All/non_hate_video_212.mp4: Can't follow symlink without -L/--copy-links
2026/08/06 08:26:07 NOTICE: data/video/HateMM/All/non_hate_video_42.mp4: Can't follow symlink without -L/--copy-links
2026/08/06 08:26:07 NOTICE: data/video/HateMM/All/non_hate_video_27.mp4: Can't follow symlink without -L/--copy-links
2026/08/06 08:26:07 NOTICE: data/video/HateMM/All/hate_video_278.mp4: Can't follow symlink without -L/--copy-links
2026/08/06 08:26:07 NOTICE: data/video/HateMM/All/non_hate_video_461.mp4: Can't follow symlink without -L/--copy-links
2026/08/06 08:26:07 NOTICE: data/video/HateMM/All/non_hate_video_106.mp4: Can't follow symlink without -L/--copy-links
2026/08/06 08:26:07 NOTICE: data/video/HateMM/All/hate_video_222.mp4: Can't follow symlink without -L/--copy-links
2026/08/06 08:26:07 NOTICE: data/video/HateMM/All/non_hate_video_491.mp4: Can't follow symlink without -L/--copy-links
2026/08/06 08:26:07 NOTICE: data/video/HateMM/All/non_hate_video_341.mp4: Can't follow symlink without -L/--copy-links
2026/08/06 08:26:07 NOTICE: data/video/HateMM/All/non_hate_video_161.mp4: Can't follow symlink without -L/--copy-links
2026/08/06 08:26:07 NOTICE: data/video/HateMM/All/hate_video_56.mp4: Can't follow symlink without -L/--copy-links
2026/08/06 08:26:07 NOTICE: data/video/HateMM/All/hate_video_6.mp4: Can't follow symlink without -L/--copy-links
2026/08/06 08:26:07 NOTICE: data/video/HateMM/All/non_hate_video_429.mp4: Can't follow symlink without -L/--copy-links
2026/08/06 08:26:07 NOTICE: data/video/HateMM/All/non_hate_video_75.mp4: Can't follow symlink without -L/--copy-links
2026/08/06 08:26:07 NOTICE: data/video/HateMM/All/non_hate_video_587.mp4: Can't follow symlink without -L/--copy-links
2026/08/06 08:26:07 NOTICE: data/video/HateMM/All/non_hate_video_504.mp4: Can't follow symlink without -L/--copy-links
2026/08/06 08:26:07 NOTICE: data/video/HateMM/All/non_hate_video_648.mp4: Can't follow symlink without -L/--copy-links
2026/08/06 08:26:07 NOTICE: data/video/HateMM/All/non_hate_video_591.mp4: Can't follow symlink without -L/--copy-links
2026/08/06 08:26:07 NOTICE: data/video/HateMM/All/non_hate_video_226.mp4: Can't follow symlink without -L/--copy-links
2026/08/06 08:26:07 NOTICE: data/video/HateMM/All/hate_video_164.mp4: Can't follow symlink without -L/--copy-links
2026/08/06 08:26:07 NOTICE: data/video/HateMM/All/non_hate_video_637.mp4: Can't follow symlink without -L/--copy-links
2026/08/06 08:26:07 NOTICE: data/video/HateMM/All/non_hate_video_175.mp4: Can't follow symlink without -L/--copy-links
2026/08/06 08:26:07 NOTICE: data/video/HateMM/All/hate_video_386.mp4: Can't follow symlink without -L/--copy-links
2026/08/06 08:26:07 NOTICE: data/video/HateMM/All/hate_video_336.mp4: Can't follow symlink without -L/--copy-links
2026/08/06 08:26:07 NOTICE: data/video/HateMM/All/non_hate_video_602.mp4: Can't follow symlink without -L/--copy-links
2026/08/06 08:26:07 NOTICE: data/video/HateMM/All/non_hate_video_208.mp4: Can't follow symlink without -L/--copy-links
2026/08/06 08:26:07 NOTICE: data/video/HateMM/All/non_hate_video_41.mp4: Can't follow symlink without -L/--copy-links
2026/08/06 08:26:07 NOTICE: data/video/HateMM/All/non_hate_video_373.mp4: Can't follow symlink without -L/--copy-links
2026/08/06 08:26:07 NOTICE: data/video/HateMM/All/hate_video_63.mp4: Can't follow symlink without -L/--copy-links
2026/08/06 08:26:07 NOTICE: data/video/HateMM/All/hate_video_202.mp4: Can't follow symlink without -L/--copy-links
2026/08/06 08:26:07 NOTICE: data/video/HateMM/All/non_hate_video_533.mp4: Can't follow symlink without -L/--copy-links
2026/08/06 08:26:07 NOTICE: data/video/HateMM/All/hate_video_122.mp4: Can't follow symlink without -L/--copy-links
2026/08/06 08:26:07 NOTICE: data/video/HateMM/All/hate_video_328.mp4: Can't follow symlink without -L/--copy-links
2026/08/06 08:26:07 NOTICE: data/video/HateMM/All/non_hate_video_594.mp4: Can't follow symlink without -L/--copy-links
2026/08/06 08:26:07 NOTICE: data/video/HateMM/All/non_hate_video_347.mp4: Can't follow symlink without -L/--copy-links
2026/08/06 08:26:07 NOTICE: data/video/HateMM/All/hate_video_40.mp4: Can't follow symlink without -L/--copy-links
2026/08/06 08:26:07 NOTICE: data/video/HateMM/All/non_hate_video_170.mp4: Can't follow symlink without -L/--copy-links
2026/08/06 08:26:07 NOTICE: data/video/HateMM/All/hate_video_82.mp4: Can't follow symlink without -L/--copy-links
2026/08/06 08:26:07 NOTICE: data/video/HateMM/All/non_hate_video_258.mp4: Can't follow symlink without -L/--copy-links
2026/08/06 08:26:07 NOTICE: data/video/HateMM/All/non_hate_video_88.mp4: Can't follow symlink without -L/--copy-links
2026/08/06 08:26:07 NOTICE: data/video/HateMM/All/hate_video_111.mp4: Can't follow symlink without -L/--copy-links
2026/08/06 08:26:07 NOTICE: data/video/HateMM/All/hate_video_194.mp4: Can't follow symlink without -L/--copy-links
2026/08/06 08:26:07 NOTICE: data/video/HateMM/All/non_hate_video_273.mp4: Can't follow symlink without -L/--copy-links
2026/08/06 08:26:07 NOTICE: data/video/HateMM/All/hate_video_255.mp4: Can't follow symlink without -L/--copy-links
2026/08/06 08:26:07 NOTICE: data/video/HateMM/All/hate_video_58.mp4: Can't follow symlink without -L/--copy-links
2026/08/06 08:26:07 NOTICE: data/video/HateMM/All/hate_video_156.mp4: Can't follow symlink without -L/--copy-links
2026/08/06 08:26:07 NOTICE: data/video/HateMM/All/hate_video_191.mp4: Can't follow symlink without -L/--copy-links
2026/08/06 08:26:07 NOTICE: data/video/HateMM/All/non_hate_video_526.mp4: Can't follow symlink without -L/--copy-links
2026/08/06 08:26:07 NOTICE: data/video/HateMM/All/non_hate_video_77.mp4: Can't follow symlink without -L/--copy-links
2026/08/06 08:26:07 NOTICE: data/video/HateMM/All/non_hate_video_152.mp4: Can't follow symlink without -L/--copy-links
2026/08/06 08:26:07 NOTICE: data/video/HateMM/All/hate_video_3.mp4: Can't follow symlink without -L/--copy-links
2026/08/06 08:26:07 NOTICE: data/video/HateMM/All/non_hate_video_380.mp4: Can't follow symlink without -L/--copy-links
2026/08/06 08:26:07 NOTICE: data/video/HateMM/All/non_hate_video_255.mp4: Can't follow symlink without -L/--copy-links
2026/08/06 08:26:07 NOTICE: data/video/HateMM/All/hate_video_192.mp4: Can't follow symlink without -L/--copy-links
2026/08/06 08:26:07 NOTICE: data/video/HateMM/All/non_hate_video_184.mp4: Can't follow symlink without -L/--copy-links
2026/08/06 08:26:07 NOTICE: data/video/HateMM/All/non_hate_video_443.mp4: Can't follow symlink without -L/--copy-links
2026/08/06 08:26:07 NOTICE: data/video/HateMM/All/hate_video_293.mp4: Can't follow symlink without -L/--copy-links
2026/08/06 08:26:07 NOTICE: data/video/HateMM/All/hate_video_406.mp4: Can't follow symlink without -L/--copy-links
2026/08/06 08:26:07 NOTICE: data/video/HateMM/All/hate_video_253.mp4: Can't follow symlink without -L/--copy-links
2026/08/06 08:26:07 NOTICE: data/video/HateMM/All/hate_video_78.mp4: Can't follow symlink without -L/--copy-links
2026/08/06 08:26:07 NOTICE: data/video/HateMM/All/hate_video_396.mp4: Can't follow symlink without -L/--copy-links
2026/08/06 08:26:07 NOTICE: data/video/HateMM/All/non_hate_video_522.mp4: Can't follow symlink without -L/--copy-links
2026/08/06 08:26:07 NOTICE: data/video/HateMM/All/non_hate_video_469.mp4: Can't follow symlink without -L/--copy-links
2026/08/06 08:26:07 NOTICE: data/video/HateMM/All/non_hate_video_545.mp4: Can't follow symlink without -L/--copy-links
2026/08/06 08:26:07 NOTICE: data/video/HateMM/All/hate_video_137.mp4: Can't follow symlink without -L/--copy-links
2026/08/06 08:26:07 NOTICE: data/video/HateMM/All/non_hate_video_378.mp4: Can't follow symlink without -L/--copy-links
2026/08/06 08:26:07 NOTICE: data/video/HateMM/All/hate_video_381.mp4: Can't follow symlink without -L/--copy-links
2026/08/06 08:26:07 NOTICE: data/video/HateMM/All/non_hate_video_145.mp4: Can't follow symlink without -L/--copy-links
2026/08/06 08:26:07 NOTICE: data/video/HateMM/All/non_hate_video_276.mp4: Can't follow symlink without -L/--copy-links
2026/08/06 08:26:07 NOTICE: data/video/HateMM/All/hate_video_81.mp4: Can't follow symlink without -L/--copy-links
2026/08/06 08:26:07 NOTICE: data/video/HateMM/All/hate_video_140.mp4: Can't follow symlink without -L/--copy-links
2026/08/06 08:26:07 NOTICE: data/video/HateMM/All/non_hate_video_5.mp4: Can't follow symlink without -L/--copy-links
2026/08/06 08:26:07 NOTICE: data/video/HateMM/All/hate_video_19.mp4: Can't follow symlink without -L/--copy-links
2026/08/06 08:26:07 NOTICE: data/video/HateMM/All/hate_video_379.mp4: Can't follow symlink without -L/--copy-links
2026/08/06 08:26:07 NOTICE: data/video/HateMM/All/hate_video_86.mp4: Can't follow symlink without -L/--copy-links
2026/08/06 08:26:07 NOTICE: data/video/HateMM/All/non_hate_video_228.mp4: Can't follow symlink without -L/--copy-links
2026/08/06 08:26:07 NOTICE: data/video/HateMM/All/non_hate_video_133.mp4: Can't follow symlink without -L/--copy-links
2026/08/06 08:26:07 NOTICE: data/video/HateMM/All/non_hate_video_485.mp4: Can't follow symlink without -L/--copy-links
2026/08/06 08:26:07 NOTICE: data/video/HateMM/All/non_hate_video_286.mp4: Can't follow symlink without -L/--copy-links
2026/08/06 08:26:07 NOTICE: data/video/HateMM/All/non_hate_video_484.mp4: Can't follow symlink without -L/--copy-links
2026/08/06 08:26:07 NOTICE: data/video/HateMM/All/non_hate_video_538.mp4: Can't follow symlink without -L/--copy-links
2026/08/06 08:26:07 NOTICE: data/video/HateMM/All/hate_video_169.mp4: Can't follow symlink without -L/--copy-links
2026/08/06 08:26:07 NOTICE: data/video/HateMM/All/non_hate_video_406.mp4: Can't follow symlink without -L/--copy-links
2026/08/06 08:26:07 NOTICE: data/video/HateMM/All/non_hate_video_201.mp4: Can't follow symlink without -L/--copy-links
2026/08/06 08:26:07 NOTICE: data/video/HateMM/All/hate_video_429.mp4: Can't follow symlink without -L/--copy-links
2026/08/06 08:26:07 NOTICE: data/video/HateMM/All/hate_video_210.mp4: Can't follow symlink without -L/--copy-links
2026/08/06 08:26:07 NOTICE: data/video/HateMM/All/hate_video_167.mp4: Can't follow symlink without -L/--copy-links
2026/08/06 08:26:07 NOTICE: data/video/HateMM/All/non_hate_video_272.mp4: Can't follow symlink without -L/--copy-links
2026/08/06 08:26:07 NOTICE: data/video/HateMM/All/hate_video_162.mp4: Can't follow symlink without -L/--copy-links
2026/08/06 08:26:07 NOTICE: data/video/HateMM/All/hate_video_251.mp4: Can't follow symlink without -L/--copy-links
2026/08/06 08:26:07 NOTICE: data/video/HateMM/All/non_hate_video_598.mp4: Can't follow symlink without -L/--copy-links
2026/08/06 08:26:07 NOTICE: data/video/HateMM/All/hate_video_376.mp4: Can't follow symlink without -L/--copy-links
2026/08/06 08:26:07 NOTICE: data/video/HateMM/All/hate_video_339.mp4: Can't follow symlink without -L/--copy-links
2026/08/06 08:26:07 NOTICE: data/video/HateMM/All/non_hate_video_69.mp4: Can't follow symlink without -L/--copy-links
2026/08/06 08:26:07 NOTICE: data/video/HateMM/All/hate_video_266.mp4: Can't follow symlink without -L/--copy-links
2026/08/06 08:26:07 NOTICE: data/video/HateMM/All/non_hate_video_453.mp4: Can't follow symlink without -L/--copy-links
2026/08/06 08:26:07 NOTICE: data/video/HateMM/All/non_hate_video_93.mp4: Can't follow symlink without -L/--copy-links
2026/08/06 08:26:07 NOTICE: data/video/HateMM/All/non_hate_video_428.mp4: Can't follow symlink without -L/--copy-links
2026/08/06 08:26:07 NOTICE: data/video/HateMM/All/non_hate_video_303.mp4: Can't follow symlink without -L/--copy-links
2026/08/06 08:26:07 NOTICE: data/video/HateMM/All/hate_video_152.mp4: Can't follow symlink without -L/--copy-links
2026/08/06 08:26:07 NOTICE: data/video/HateMM/All/non_hate_video_350.mp4: Can't follow symlink without -L/--copy-links
2026/08/06 08:26:07 NOTICE: data/video/HateMM/All/non_hate_video_105.mp4: Can't follow symlink without -L/--copy-links
2026/08/06 08:26:07 NOTICE: data/video/HateMM/All/non_hate_video_508.mp4: Can't follow symlink without -L/--copy-links
2026/08/06 08:26:07 NOTICE: data/video/HateMM/All/non_hate_video_57.mp4: Can't follow symlink without -L/--copy-links
2026/08/06 08:26:07 NOTICE: data/video/HateMM/All/non_hate_video_411.mp4: Can't follow symlink without -L/--copy-links
2026/08/06 08:26:07 NOTICE: data/video/HateMM/All/hate_video_134.mp4: Can't follow symlink without -L/--copy-links
2026/08/06 08:26:07 NOTICE: data/video/HateMM/All/non_hate_video_473.mp4: Can't follow symlink without -L/--copy-links
2026/08/06 08:26:07 NOTICE: data/video/HateMM/All/non_hate_video_116.mp4: Can't follow symlink without -L/--copy-links
2026/08/06 08:26:07 NOTICE: data/video/HateMM/All/non_hate_video_181.mp4: Can't follow symlink without -L/--copy-links
2026/08/06 08:26:07 NOTICE: data/video/HateMM/All/non_hate_video_370.mp4: Can't follow symlink without -L/--copy-links
2026/08/06 08:26:07 NOTICE: data/video/HateMM/All/non_hate_video_521.mp4: Can't follow symlink without -L/--copy-links
2026/08/06 08:26:07 NOTICE: data/video/HateMM/All/hate_video_204.mp4: Can't follow symlink without -L/--copy-links
2026/08/06 08:26:07 NOTICE: data/video/HateMM/All/non_hate_video_563.mp4: Can't follow symlink without -L/--copy-links
2026/08/06 08:26:07 NOTICE: data/video/HateMM/All/non_hate_video_346.mp4: Can't follow symlink without -L/--copy-links
2026/08/06 08:26:07 NOTICE: data/video/HateMM/All/hate_video_264.mp4: Can't follow symlink without -L/--copy-links
2026/08/06 08:26:07 NOTICE: data/video/HateMM/All/hate_video_249.mp4: Can't follow symlink without -L/--copy-links
2026/08/06 08:26:07 NOTICE: data/video/HateMM/All/non_hate_video_126.mp4: Can't follow symlink without -L/--copy-links
2026/08/06 08:26:07 NOTICE: data/video/HateMM/All/non_hate_video_95.mp4: Can't follow symlink without -L/--copy-links
2026/08/06 08:26:07 NOTICE: data/video/HateMM/All/non_hate_video_567.mp4: Can't follow symlink without -L/--copy-links
2026/08/06 08:26:07 NOTICE: data/video/HateMM/All/non_hate_video_401.mp4: Can't follow symlink without -L/--copy-links
2026/08/06 08:26:07 NOTICE: data/video/HateMM/All/non_hate_video_358.mp4: Can't follow symlink without -L/--copy-links
2026/08/06 08:26:07 NOTICE: data/video/HateMM/All/non_hate_video_611.mp4: Can't follow symlink without -L/--copy-links
2026/08/06 08:26:07 NOTICE: data/video/HateMM/All/hate_video_227.mp4: Can't follow symlink without -L/--copy-links
2026/08/06 08:26:07 NOTICE: data/video/HateMM/All/non_hate_video_180.mp4: Can't follow symlink without -L/--copy-links
2026/08/06 08:26:07 NOTICE: data/video/HateMM/All/non_hate_video_3.mp4: Can't follow symlink without -L/--copy-links
2026/08/06 08:26:07 NOTICE: data/video/HateMM/All/non_hate_video_113.mp4: Can't follow symlink without -L/--copy-links
2026/08/06 08:26:07 NOTICE: data/video/HateMM/All/non_hate_video_98.mp4: Can't follow symlink without -L/--copy-links
2026/08/06 08:26:07 NOTICE: data/video/HateMM/All/hate_video_61.mp4: Can't follow symlink without -L/--copy-links
2026/08/06 08:26:07 NOTICE: data/video/HateMM/All/non_hate_video_632.mp4: Can't follow symlink without -L/--copy-links
2026/08/06 08:26:07 NOTICE: data/video/HateMM/All/non_hate_video_546.mp4: Can't follow symlink without -L/--copy-links
2026/08/06 08:26:07 NOTICE: data/video/HateMM/All/hate_video_257.mp4: Can't follow symlink without -L/--copy-links
2026/08/06 08:26:07 NOTICE: data/video/HateMM/All/non_hate_video_467.mp4: Can't follow symlink without -L/--copy-links
2026/08/06 08:26:07 NOTICE: data/video/HateMM/All/hate_video_5.mp4: Can't follow symlink without -L/--copy-links
2026/08/06 08:26:07 NOTICE: data/video/HateMM/All/hate_video_173.mp4: Can't follow symlink without -L/--copy-links
2026/08/06 08:26:07 NOTICE: data/video/HateMM/All/non_hate_video_277.mp4: Can't follow symlink without -L/--copy-links
2026/08/06 08:26:07 NOTICE: data/video/HateMM/All/non_hate_video_296.mp4: Can't follow symlink without -L/--copy-links
2026/08/06 08:26:07 NOTICE: data/video/HateMM/All/hate_video_75.mp4: Can't follow symlink without -L/--copy-links
2026/08/06 08:26:07 NOTICE: data/video/HateMM/All/hate_video_126.mp4: Can't follow symlink without -L/--copy-links
2026/08/06 08:26:07 NOTICE: data/video/HateMM/All/non_hate_video_615.mp4: Can't follow symlink without -L/--copy-links
2026/08/06 08:26:07 NOTICE: data/video/HateMM/All/non_hate_video_205.mp4: Can't follow symlink without -L/--copy-links
2026/08/06 08:26:07 NOTICE: data/video/HateMM/All/non_hate_video_434.mp4: Can't follow symlink without -L/--copy-links
2026/08/06 08:26:07 NOTICE: data/video/HateMM/All/non_hate_video_86.mp4: Can't follow symlink without -L/--copy-links
2026/08/06 08:26:07 NOTICE: data/video/HateMM/All/non_hate_video_337.mp4: Can't follow symlink without -L/--copy-links
2026/08/06 08:26:07 NOTICE: data/video/HateMM/All/hate_video_100.mp4: Can't follow symlink without -L/--copy-links
2026/08/06 08:26:07 NOTICE: data/video/HateMM/All/hate_video_47.mp4: Can't follow symlink without -L/--copy-links
2026/08/06 08:26:07 NOTICE: data/video/HateMM/All/non_hate_video_421.mp4: Can't follow symlink without -L/--copy-links
2026/08/06 08:26:07 NOTICE: data/video/HateMM/All/non_hate_video_404.mp4: Can't follow symlink without -L/--copy-links
2026/08/06 08:26:07 NOTICE: data/video/HateMM/All/hate_video_38.mp4: Can't follow symlink without -L/--copy-links
2026/08/06 08:26:07 NOTICE: data/video/HateMM/All/non_hate_video_237.mp4: Can't follow symlink without -L/--copy-links
2026/08/06 08:26:07 NOTICE: data/video/HateMM/All/hate_video_288.mp4: Can't follow symlink without -L/--copy-links
2026/08/06 08:26:07 NOTICE: data/video/HateMM/All/non_hate_video_630.mp4: Can't follow symlink without -L/--copy-links
2026/08/06 08:26:07 NOTICE: data/video/HateMM/All/hate_video_354.mp4: Can't follow symlink without -L/--copy-links
2026/08/06 08:26:07 NOTICE: data/video/HateMM/All/non_hate_video_499.mp4: Can't follow symlink without -L/--copy-links
2026/08/06 08:26:07 NOTICE: data/video/HateMM/All/non_hate_video_396.mp4: Can't follow symlink without -L/--copy-links
2026/08/06 08:26:07 NOTICE: data/video/HateMM/All/non_hate_video_143.mp4: Can't follow symlink without -L/--copy-links
2026/08/06 08:26:07 NOTICE: data/video/HateMM/All/non_hate_video_325.mp4: Can't follow symlink without -L/--copy-links
2026/08/06 08:26:07 NOTICE: data/video/HateMM/All/hate_video_272.mp4: Can't follow symlink without -L/--copy-links
2026/08/06 08:26:07 NOTICE: data/video/HateMM/All/non_hate_video_38.mp4: Can't follow symlink without -L/--copy-links
2026/08/06 08:26:07 NOTICE: data/video/HateMM/All/non_hate_video_321.mp4: Can't follow symlink without -L/--copy-links
2026/08/06 08:26:07 NOTICE: data/video/HateMM/All/non_hate_video_163.mp4: Can't follow symlink without -L/--copy-links
2026/08/06 08:26:07 NOTICE: data/video/HateMM/All/hate_video_423.mp4: Can't follow symlink without -L/--copy-links
2026/08/06 08:26:07 NOTICE: data/video/HateMM/All/non_hate_video_183.mp4: Can't follow symlink without -L/--copy-links
2026/08/06 08:26:07 NOTICE: data/video/HateMM/All/non_hate_video_393.mp4: Can't follow symlink without -L/--copy-links
2026/08/06 08:26:07 NOTICE: data/video/HateMM/All/hate_video_200.mp4: Can't follow symlink without -L/--copy-links
2026/08/06 08:26:07 NOTICE: data/video/HateMM/All/non_hate_video_463.mp4: Can't follow symlink without -L/--copy-links
2026/08/06 08:26:07 NOTICE: data/video/HateMM/All/hate_video_369.mp4: Can't follow symlink without -L/--copy-links
2026/08/06 08:26:07 NOTICE: data/video/HateMM/All/hate_video_259.mp4: Can't follow symlink without -L/--copy-links
2026/08/06 08:26:07 NOTICE: data/video/HateMM/All/non_hate_video_570.mp4: Can't follow symlink without -L/--copy-links
2026/08/06 08:26:07 NOTICE: data/video/HateMM/All/non_hate_video_79.mp4: Can't follow symlink without -L/--copy-links
2026/08/06 08:26:07 NOTICE: data/video/HateMM/All/non_hate_video_397.mp4: Can't follow symlink without -L/--copy-links
2026/08/06 08:26:07 NOTICE: data/video/HateMM/All/non_hate_video_576.mp4: Can't follow symlink without -L/--copy-links
2026/08/06 08:26:07 NOTICE: data/video/HateMM/All/hate_video_55.mp4: Can't follow symlink without -L/--copy-links
2026/08/06 08:26:07 NOTICE: data/video/HateMM/All/hate_video_415.mp4: Can't follow symlink without -L/--copy-links
2026/08/06 08:26:07 NOTICE: data/video/HateMM/All/hate_video_16.mp4: Can't follow symlink without -L/--copy-links
2026/08/06 08:26:07 NOTICE: data/video/HateMM/All/hate_video_405.mp4: Can't follow symlink without -L/--copy-links
2026/08/06 08:26:07 NOTICE: data/video/HateMM/All/non_hate_video_446.mp4: Can't follow symlink without -L/--copy-links
2026/08/06 08:26:07 NOTICE: data/video/HateMM/All/hate_video_338.mp4: Can't follow symlink without -L/--copy-links
2026/08/06 08:26:07 NOTICE: data/video/HateMM/All/non_hate_video_366.mp4: Can't follow symlink without -L/--copy-links
2026/08/06 08:26:07 NOTICE: data/video/HateMM/All/hate_video_146.mp4: Can't follow symlink without -L/--copy-links
2026/08/06 08:26:07 NOTICE: data/video/HateMM/All/hate_video_171.mp4: Can't follow symlink without -L/--copy-links
2026/08/06 08:26:07 NOTICE: data/video/HateMM/All/non_hate_video_288.mp4: Can't follow symlink without -L/--copy-links
2026/08/06 08:26:07 NOTICE: data/video/HateMM/All/hate_video_286.mp4: Can't follow symlink without -L/--copy-links
2026/08/06 08:26:07 NOTICE: data/video/HateMM/All/non_hate_video_633.mp4: Can't follow symlink without -L/--copy-links
2026/08/06 08:26:07 NOTICE: data/video/HateMM/All/non_hate_video_328.mp4: Can't follow symlink without -L/--copy-links
2026/08/06 08:26:07 NOTICE: data/video/HateMM/All/non_hate_video_474.mp4: Can't follow symlink without -L/--copy-links
2026/08/06 08:26:07 NOTICE: data/video/HateMM/All/non_hate_video_551.mp4: Can't follow symlink without -L/--copy-links
2026/08/06 08:26:07 NOTICE: data/video/HateMM/All/hate_video_179.mp4: Can't follow symlink without -L/--copy-links
2026/08/06 08:26:07 NOTICE: data/video/HateMM/All/non_hate_video_449.mp4: Can't follow symlink without -L/--copy-links
2026/08/06 08:26:07 NOTICE: data/video/HateMM/All/non_hate_video_425.mp4: Can't follow symlink without -L/--copy-links
2026/08/06 08:26:07 NOTICE: data/video/HateMM/All/non_hate_video_324.mp4: Can't follow symlink without -L/--copy-links
2026/08/06 08:26:07 NOTICE: data/video/HateMM/All/hate_video_345.mp4: Can't follow symlink without -L/--copy-links
2026/08/06 08:26:07 NOTICE: data/video/HateMM/All/hate_video_268.mp4: Can't follow symlink without -L/--copy-links
2026/08/06 08:26:07 NOTICE: data/video/HateMM/All/non_hate_video_652.mp4: Can't follow symlink without -L/--copy-links
2026/08/06 08:26:07 NOTICE: data/video/HateMM/All/non_hate_video_148.mp4: Can't follow symlink without -L/--copy-links
2026/08/06 08:26:07 NOTICE: data/video/HateMM/All/non_hate_video_19.mp4: Can't follow symlink without -L/--copy-links
2026/08/06 08:26:07 NOTICE: data/video/HateMM/All/non_hate_video_49.mp4: Can't follow symlink without -L/--copy-links
2026/08/06 08:26:07 NOTICE: data/video/HateMM/All/non_hate_video_150.mp4: Can't follow symlink without -L/--copy-links
2026/08/06 08:26:07 NOTICE: data/video/HateMM/All/hate_video_158.mp4: Can't follow symlink without -L/--copy-links
2026/08/06 08:26:07 NOTICE: data/video/HateMM/All/hate_video_57.mp4: Can't follow symlink without -L/--copy-links
2026/08/06 08:26:07 NOTICE: data/video/HateMM/All/non_hate_video_310.mp4: Can't follow symlink without -L/--copy-links
2026/08/06 08:26:07 NOTICE: data/video/HateMM/All/non_hate_video_210.mp4: Can't follow symlink without -L/--copy-links
2026/08/06 08:26:07 NOTICE: data/video/HateMM/All/non_hate_video_604.mp4: Can't follow symlink without -L/--copy-links
2026/08/06 08:26:07 NOTICE: data/video/HateMM/All/non_hate_video_625.mp4: Can't follow symlink without -L/--copy-links
2026/08/06 08:26:07 NOTICE: data/video/HateMM/All/non_hate_video_588.mp4: Can't follow symlink without -L/--copy-links
2026/08/06 08:26:07 NOTICE: data/video/HateMM/All/hate_video_67.mp4: Can't follow symlink without -L/--copy-links
2026/08/06 08:26:07 NOTICE: data/video/HateMM/All/non_hate_video_50.mp4: Can't follow symlink without -L/--copy-links
2026/08/06 08:26:07 NOTICE: data/video/HateMM/All/hate_video_305.mp4: Can't follow symlink without -L/--copy-links
2026/08/06 08:26:07 NOTICE: data/video/HateMM/All/hate_video_398.mp4: Can't follow symlink without -L/--copy-links
2026/08/06 08:26:07 NOTICE: data/video/HateMM/All/hate_video_150.mp4: Can't follow symlink without -L/--copy-links
2026/08/06 08:26:07 NOTICE: data/video/HateMM/All/non_hate_video_267.mp4: Can't follow symlink without -L/--copy-links
2026/08/06 08:26:07 NOTICE: data/video/HateMM/All/non_hate_video_345.mp4: Can't follow symlink without -L/--copy-links
2026/08/06 08:26:07 NOTICE: data/video/HateMM/All/hate_video_414.mp4: Can't follow symlink without -L/--copy-links
2026/08/06 08:26:07 NOTICE: data/video/HateMM/All/non_hate_video_261.mp4: Can't follow symlink without -L/--copy-links
2026/08/06 08:26:07 NOTICE: data/video/HateMM/All/non_hate_video_46.mp4: Can't follow symlink without -L/--copy-links
2026/08/06 08:26:07 NOTICE: data/video/HateMM/All/non_hate_video_230.mp4: Can't follow symlink without -L/--copy-links
2026/08/06 08:26:07 NOTICE: data/video/HateMM/All/hate_video_244.mp4: Can't follow symlink without -L/--copy-links
2026/08/06 08:26:07 NOTICE: data/video/HateMM/All/non_hate_video_282.mp4: Can't follow symlink without -L/--copy-links
2026/08/06 08:26:07 NOTICE: data/video/HateMM/All/hate_video_199.mp4: Can't follow symlink without -L/--copy-links
2026/08/06 08:26:07 NOTICE: data/video/HateMM/All/non_hate_video_315.mp4: Can't follow symlink without -L/--copy-links
2026/08/06 08:26:07 NOTICE: data/video/HateMM/All/non_hate_video_482.mp4: Can't follow symlink without -L/--copy-links
2026/08/06 08:26:07 NOTICE: data/video/HateMM/All/non_hate_video_211.mp4: Can't follow symlink without -L/--copy-links
2026/08/06 08:26:07 NOTICE: data/video/HateMM/All/non_hate_video_433.mp4: Can't follow symlink without -L/--copy-links
2026/08/06 08:26:07 NOTICE: data/video/HateMM/All/non_hate_video_266.mp4: Can't follow symlink without -L/--copy-links
2026/08/06 08:26:07 NOTICE: data/video/HateMM/All/non_hate_video_511.mp4: Can't follow symlink without -L/--copy-links
2026/08/06 08:26:07 NOTICE: data/video/HateMM/All/hate_video_214.mp4: Can't follow symlink without -L/--copy-links
2026/08/06 08:26:07 NOTICE: data/video/HateMM/All/non_hate_video_527.mp4: Can't follow symlink without -L/--copy-links
2026/08/06 08:26:07 NOTICE: data/video/HateMM/All/hate_video_196.mp4: Can't follow symlink without -L/--copy-links
2026/08/06 08:26:07 NOTICE: data/video/HateMM/All/non_hate_video_621.mp4: Can't follow symlink without -L/--copy-links
2026/08/06 08:26:07 NOTICE: data/video/HateMM/All/non_hate_video_158.mp4: Can't follow symlink without -L/--copy-links
2026/08/06 08:26:07 NOTICE: data/video/HateMM/All/non_hate_video_153.mp4: Can't follow symlink without -L/--copy-links
2026/08/06 08:26:07 NOTICE: data/video/HateMM/All/hate_video_370.mp4: Can't follow symlink without -L/--copy-links
2026/08/06 08:26:07 NOTICE: data/video/HateMM/All/hate_video_309.mp4: Can't follow symlink without -L/--copy-links
2026/08/06 08:26:07 NOTICE: data/video/HateMM/All/hate_video_60.mp4: Can't follow symlink without -L/--copy-links
2026/08/06 08:26:07 NOTICE: data/video/HateMM/All/non_hate_video_74.mp4: Can't follow symlink without -L/--copy-links
2026/08/06 08:26:07 NOTICE: data/video/HateMM/All/hate_video_363.mp4: Can't follow symlink without -L/--copy-links
2026/08/06 08:26:07 NOTICE: data/video/HateMM/All/hate_video_172.mp4: Can't follow symlink without -L/--copy-links
2026/08/06 08:26:07 NOTICE: data/video/HateMM/All/non_hate_video_58.mp4: Can't follow symlink without -L/--copy-links
2026/08/06 08:26:07 NOTICE: data/video/HateMM/All/non_hate_video_190.mp4: Can't follow symlink without -L/--copy-links
2026/08/06 08:26:07 NOTICE: data/video/HateMM/All/hate_video_281.mp4: Can't follow symlink without -L/--copy-links
2026/08/06 08:26:07 NOTICE: data/video/HateMM/All/non_hate_video_514.mp4: Can't follow symlink without -L/--copy-links
2026/08/06 08:26:07 NOTICE: data/video/HateMM/All/non_hate_video_263.mp4: Can't follow symlink without -L/--copy-links
2026/08/06 08:26:07 NOTICE: data/video/HateMM/All/hate_video_116.mp4: Can't follow symlink without -L/--copy-links
2026/08/06 08:26:07 NOTICE: data/video/HateMM/All/non_hate_video_437.mp4: Can't follow symlink without -L/--copy-links
2026/08/06 08:26:07 NOTICE: data/video/HateMM/All/non_hate_video_168.mp4: Can't follow symlink without -L/--copy-links
2026/08/06 08:26:07 NOTICE: data/video/HateMM/All/non_hate_video_616.mp4: Can't follow symlink without -L/--copy-links
2026/08/06 08:26:07 NOTICE: data/video/HateMM/All/hate_video_105.mp4: Can't follow symlink without -L/--copy-links
2026/08/06 08:26:07 NOTICE: data/video/HateMM/All/non_hate_video_330.mp4: Can't follow symlink without -L/--copy-links
2026/08/06 08:26:07 NOTICE: data/video/HateMM/All/non_hate_video_386.mp4: Can't follow symlink without -L/--copy-links
2026/08/06 08:26:07 NOTICE: data/video/HateMM/All/hate_video_110.mp4: Can't follow symlink without -L/--copy-links
2026/08/06 08:26:07 NOTICE: data/video/HateMM/All/hate_video_154.mp4: Can't follow symlink without -L/--copy-links
2026/08/06 08:26:07 NOTICE: data/video/HateMM/All/hate_video_404.mp4: Can't follow symlink without -L/--copy-links
2026/08/06 08:26:07 NOTICE: data/video/HateMM/All/hate_video_260.mp4: Can't follow symlink without -L/--copy-links
2026/08/06 08:26:07 NOTICE: data/video/HateMM/All/non_hate_video_182.mp4: Can't follow symlink without -L/--copy-links
2026/08/06 08:26:07 NOTICE: data/video/HateMM/All/hate_video_424.mp4: Can't follow symlink without -L/--copy-links
2026/08/06 08:26:07 NOTICE: data/video/HateMM/All/hate_video_74.mp4: Can't follow symlink without -L/--copy-links
2026/08/06 08:26:07 NOTICE: data/video/HateMM/All/hate_video_243.mp4: Can't follow symlink without -L/--copy-links
2026/08/06 08:26:07 NOTICE: data/video/HateMM/All/non_hate_video_157.mp4: Can't follow symlink without -L/--copy-links
2026/08/06 08:26:07 NOTICE: data/video/HateMM/All/non_hate_video_151.mp4: Can't follow symlink without -L/--copy-links
2026/08/06 08:26:07 NOTICE: data/video/HateMM/All/hate_video_130.mp4: Can't follow symlink without -L/--copy-links
2026/08/06 08:26:07 NOTICE: data/video/HateMM/All/non_hate_video_510.mp4: Can't follow symlink without -L/--copy-links
2026/08/06 08:26:07 NOTICE: data/video/HateMM/All/non_hate_video_171.mp4: Can't follow symlink without -L/--copy-links
2026/08/06 08:26:07 NOTICE: data/video/HateMM/All/non_hate_video_52.mp4: Can't follow symlink without -L/--copy-links
2026/08/06 08:26:07 NOTICE: data/video/HateMM/All/non_hate_video_36.mp4: Can't follow symlink without -L/--copy-links
2026/08/06 08:26:07 NOTICE: data/video/HateMM/All/hate_video_90.mp4: Can't follow symlink without -L/--copy-links
2026/08/06 08:26:07 NOTICE: data/video/HateMM/All/hate_video_221.mp4: Can't follow symlink without -L/--copy-links
2026/08/06 08:26:07 NOTICE: data/video/HateMM/All/non_hate_video_103.mp4: Can't follow symlink without -L/--copy-links
2026/08/06 08:26:07 NOTICE: data/video/HateMM/All/hate_video_46.mp4: Can't follow symlink without -L/--copy-links
2026/08/06 08:26:07 NOTICE: data/video/HateMM/All/non_hate_video_620.mp4: Can't follow symlink without -L/--copy-links
2026/08/06 08:26:07 NOTICE: data/video/HateMM/All/hate_video_142.mp4: Can't follow symlink without -L/--copy-links
2026/08/06 08:26:07 NOTICE: data/video/HateMM/All/non_hate_video_76.mp4: Can't follow symlink without -L/--copy-links
2026/08/06 08:26:07 NOTICE: data/video/HateMM/All/non_hate_video_24.mp4: Can't follow symlink without -L/--copy-links
2026/08/06 08:26:07 NOTICE: data/video/HateMM/All/hate_video_15.mp4: Can't follow symlink without -L/--copy-links
2026/08/06 08:26:07 NOTICE: data/video/HateMM/All/non_hate_video_117.mp4: Can't follow symlink without -L/--copy-links
2026/08/06 08:26:07 NOTICE: data/video/HateMM/All/hate_video_420.mp4: Can't follow symlink without -L/--copy-links
2026/08/06 08:26:07 NOTICE: data/video/HateMM/All/non_hate_video_118.mp4: Can't follow symlink without -L/--copy-links
2026/08/06 08:26:07 NOTICE: data/video/HateMM/All/hate_video_135.mp4: Can't follow symlink without -L/--copy-links
2026/08/06 08:26:07 NOTICE: data/video/HateMM/All/hate_video_372.mp4: Can't follow symlink without -L/--copy-links
2026/08/06 08:26:07 NOTICE: data/video/HateMM/All/non_hate_video_403.mp4: Can't follow symlink without -L/--copy-links
2026/08/06 08:26:07 NOTICE: data/video/HateMM/All/non_hate_video_327.mp4: Can't follow symlink without -L/--copy-links
2026/08/06 08:26:07 NOTICE: data/video/HateMM/All/non_hate_video_225.mp4: Can't follow symlink without -L/--copy-links
2026/08/06 08:26:07 NOTICE: data/video/HateMM/All/non_hate_video_280.mp4: Can't follow symlink without -L/--copy-links
2026/08/06 08:26:07 NOTICE: data/video/HateMM/All/hate_video_340.mp4: Can't follow symlink without -L/--copy-links
2026/08/06 08:26:07 NOTICE: data/video/HateMM/All/hate_video_306.mp4: Can't follow symlink without -L/--copy-links
2026/08/06 08:26:07 NOTICE: data/video/HateMM/All/non_hate_video_479.mp4: Can't follow symlink without -L/--copy-links
2026/08/06 08:26:07 NOTICE: data/video/HateMM/All/non_hate_video_520.mp4: Can't follow symlink without -L/--copy-links
2026/08/06 08:26:07 NOTICE: data/video/HateMM/All/non_hate_video_235.mp4: Can't follow symlink without -L/--copy-links
2026/08/06 08:26:07 NOTICE: data/video/HateMM/All/non_hate_video_207.mp4: Can't follow symlink without -L/--copy-links
2026/08/06 08:26:07 NOTICE: data/video/HateMM/All/non_hate_video_270.mp4: Can't follow symlink without -L/--copy-links
2026/08/06 08:26:07 NOTICE: data/video/HateMM/All/non_hate_video_89.mp4: Can't follow symlink without -L/--copy-links
2026/08/06 08:26:07 NOTICE: data/video/HateMM/All/hate_video_178.mp4: Can't follow symlink without -L/--copy-links
2026/08/06 08:26:07 NOTICE: data/video/HateMM/All/non_hate_video_85.mp4: Can't follow symlink without -L/--copy-links
2026/08/06 08:26:07 NOTICE: data/video/HateMM/All/hate_video_301.mp4: Can't follow symlink without -L/--copy-links
2026/08/06 08:26:07 NOTICE: data/video/HateMM/All/non_hate_video_410.mp4: Can't follow symlink without -L/--copy-links
2026/08/06 08:26:07 NOTICE: data/video/HateMM/All/hate_video_163.mp4: Can't follow symlink without -L/--copy-links
2026/08/06 08:26:07 NOTICE: data/video/HateMM/All/non_hate_video_554.mp4: Can't follow symlink without -L/--copy-links
2026/08/06 08:26:07 NOTICE: data/video/HateMM/All/non_hate_video_166.mp4: Can't follow symlink without -L/--copy-links
2026/08/06 08:26:07 NOTICE: data/video/HateMM/All/non_hate_video_101.mp4: Can't follow symlink without -L/--copy-links
2026/08/06 08:26:07 NOTICE: data/video/HateMM/All/non_hate_video_234.mp4: Can't follow symlink without -L/--copy-links
2026/08/06 08:26:07 NOTICE: data/video/HateMM/All/hate_video_113.mp4: Can't follow symlink without -L/--copy-links
2026/08/06 08:26:07 NOTICE: data/video/HateMM/All/non_hate_video_605.mp4: Can't follow symlink without -L/--copy-links
2026/08/06 08:26:07 NOTICE: data/video/HateMM/All/hate_video_66.mp4: Can't follow symlink without -L/--copy-links
2026/08/06 08:26:07 NOTICE: data/video/HateMM/All/non_hate_video_649.mp4: Can't follow symlink without -L/--copy-links
2026/08/06 08:26:07 NOTICE: data/video/HateMM/All/hate_video_397.mp4: Can't follow symlink without -L/--copy-links
2026/08/06 08:26:07 NOTICE: data/video/HateMM/All/non_hate_video_55.mp4: Can't follow symlink without -L/--copy-links
2026/08/06 08:26:07 NOTICE: data/video/HateMM/All/hate_video_117.mp4: Can't follow symlink without -L/--copy-links
2026/08/06 08:26:07 NOTICE: data/video/HateMM/All/non_hate_video_513.mp4: Can't follow symlink without -L/--copy-links
2026/08/06 08:26:07 NOTICE: data/video/HateMM/All/hate_video_430.mp4: Can't follow symlink without -L/--copy-links
2026/08/06 08:26:07 NOTICE: data/video/HateMM/All/hate_video_269.mp4: Can't follow symlink without -L/--copy-links
2026/08/06 08:26:07 NOTICE: data/video/HateMM/All/hate_video_352.mp4: Can't follow symlink without -L/--copy-links
2026/08/06 08:26:07 NOTICE: data/video/HateMM/All/non_hate_video_367.mp4: Can't follow symlink without -L/--copy-links
2026/08/06 08:26:07 NOTICE: data/video/HateMM/All/hate_video_69.mp4: Can't follow symlink without -L/--copy-links
2026/08/06 08:26:07 NOTICE: data/video/HateMM/All/non_hate_video_202.mp4: Can't follow symlink without -L/--copy-links
2026/08/06 08:26:07 NOTICE: data/video/HateMM/All/non_hate_video_320.mp4: Can't follow symlink without -L/--copy-links
2026/08/06 08:26:07 NOTICE: data/video/HateMM/All/non_hate_video_236.mp4: Can't follow symlink without -L/--copy-links
2026/08/06 08:26:07 NOTICE: data/video/HateMM/All/non_hate_video_294.mp4: Can't follow symlink without -L/--copy-links
2026/08/06 08:26:07 NOTICE: data/video/HateMM/All/hate_video_190.mp4: Can't follow symlink without -L/--copy-links
2026/08/06 08:26:07 NOTICE: data/video/HateMM/All/hate_video_431.mp4: Can't follow symlink without -L/--copy-links
2026/08/06 08:26:07 NOTICE: data/video/HateMM/All/non_hate_video_492.mp4: Can't follow symlink without -L/--copy-links
2026/08/06 08:26:07 NOTICE: data/video/HateMM/All/hate_video_211.mp4: Can't follow symlink without -L/--copy-links
2026/08/06 08:26:07 NOTICE: data/video/HateMM/All/hate_video_153.mp4: Can't follow symlink without -L/--copy-links
2026/08/06 08:26:07 NOTICE: data/video/HateMM/All/hate_video_358.mp4: Can't follow symlink without -L/--copy-links
2026/08/06 08:26:07 NOTICE: data/video/HateMM/All/hate_video_34.mp4: Can't follow symlink without -L/--copy-links
2026/08/06 08:26:07 NOTICE: data/video/HateMM/All/non_hate_video_352.mp4: Can't follow symlink without -L/--copy-links
2026/08/06 08:26:07 NOTICE: data/video/HateMM/All/non_hate_video_219.mp4: Can't follow symlink without -L/--copy-links
2026/08/06 08:26:07 NOTICE: data/video/HateMM/All/non_hate_video_519.mp4: Can't follow symlink without -L/--copy-links
2026/08/06 08:26:07 NOTICE: data/video/HateMM/All/non_hate_video_45.mp4: Can't follow symlink without -L/--copy-links
2026/08/06 08:26:07 NOTICE: data/video/HateMM/All/non_hate_video_107.mp4: Can't follow symlink without -L/--copy-links
2026/08/06 08:26:07 NOTICE: data/video/HateMM/All/non_hate_video_123.mp4: Can't follow symlink without -L/--copy-links
2026/08/06 08:26:07 NOTICE: data/video/HateMM/All/non_hate_video_369.mp4: Can't follow symlink without -L/--copy-links
2026/08/06 08:26:07 NOTICE: data/video/HateMM/All/non_hate_video_448.mp4: Can't follow symlink without -L/--copy-links
2026/08/06 08:26:07 NOTICE: data/video/HateMM/All/non_hate_video_174.mp4: Can't follow symlink without -L/--copy-links
2026/08/06 08:26:07 NOTICE: data/video/HateMM/All/non_hate_video_342.mp4: Can't follow symlink without -L/--copy-links
2026/08/06 08:26:07 NOTICE: data/video/HateMM/All/hate_video_52.mp4: Can't follow symlink without -L/--copy-links
2026/08/06 08:26:07 NOTICE: data/video/HateMM/All/non_hate_video_365.mp4: Can't follow symlink without -L/--copy-links
2026/08/06 08:26:07 NOTICE: data/video/HateMM/All/non_hate_video_550.mp4: Can't follow symlink without -L/--copy-links
2026/08/06 08:26:07 NOTICE: data/video/HateMM/All/hate_video_49.mp4: Can't follow symlink without -L/--copy-links
2026/08/06 08:26:07 NOTICE: data/video/HateMM/All/non_hate_video_617.mp4: Can't follow symlink without -L/--copy-links
2026/08/06 08:26:07 NOTICE: data/video/HateMM/All/non_hate_video_562.mp4: Can't follow symlink without -L/--copy-links
2026/08/06 08:26:07 NOTICE: data/video/HateMM/All/hate_video_188.mp4: Can't follow symlink without -L/--copy-links
2026/08/06 08:26:07 NOTICE: data/video/HateMM/All/non_hate_video_254.mp4: Can't follow symlink without -L/--copy-links
2026/08/06 08:26:07 NOTICE: data/video/HateMM/All/non_hate_video_155.mp4: Can't follow symlink without -L/--copy-links
2026/08/06 08:26:07 NOTICE: data/video/HateMM/All/hate_video_353.mp4: Can't follow symlink without -L/--copy-links
2026/08/06 08:26:07 NOTICE: data/video/HateMM/All/hate_video_1.mp4: Can't follow symlink without -L/--copy-links
2026/08/06 08:26:07 NOTICE: data/video/HateMM/All/non_hate_video_4.mp4: Can't follow symlink without -L/--copy-links
2026/08/06 08:26:07 NOTICE: data/video/HateMM/All/non_hate_video_8.mp4: Can't follow symlink without -L/--copy-links
2026/08/06 08:26:07 NOTICE: data/video/HateMM/All/hate_video_10.mp4: Can't follow symlink without -L/--copy-links
2026/08/06 08:26:07 NOTICE: data/video/HateMM/All/hate_video_12.mp4: Can't follow symlink without -L/--copy-links
2026/08/06 08:26:07 NOTICE: data/video/HateMM/All/non_hate_video_11.mp4: Can't follow symlink without -L/--copy-links
2026/08/06 08:26:07 NOTICE: data/video/HateMM/All/non_hate_video_16.mp4: Can't follow symlink without -L/--copy-links
2026/08/06 08:26:07 NOTICE: data/video/HateMM/All/non_hate_video_20.mp4: Can't follow symlink without -L/--copy-links
2026/08/06 08:26:07 NOTICE: data/video/HateMM/All/non_hate_video_21.mp4: Can't follow symlink without -L/--copy-links
2026/08/06 08:26:07 NOTICE: data/video/HateMM/All/non_hate_video_22.mp4: Can't follow symlink without -L/--copy-links
2026/08/06 08:26:07 NOTICE: data/video/HateMM/All/non_hate_video_23.mp4: Can't follow symlink without -L/--copy-links
2026/08/06 08:26:07 NOTICE: data/video/HateMM/All/non_hate_video_32.mp4: Can't follow symlink without -L/--copy-links
2026/08/06 08:26:07 NOTICE: data/video/HateMM/All/hate_video_23.mp4: Can't follow symlink without -L/--copy-links
2026/08/06 08:26:07 NOTICE: data/video/HateMM/All/non_hate_video_35.mp4: Can't follow symlink without -L/--copy-links
2026/08/06 08:26:07 NOTICE: data/video/HateMM/All/hate_video_25.mp4: Can't follow symlink without -L/--copy-links
2026/08/06 08:26:07 NOTICE: data/video/HateMM/All/non_hate_video_51.mp4: Can't follow symlink without -L/--copy-links
2026/08/06 08:26:07 NOTICE: data/video/HateMM/All/non_hate_video_53.mp4: Can't follow symlink without -L/--copy-links
2026/08/06 08:26:07 NOTICE: data/video/HateMM/All/hate_video_36.mp4: Can't follow symlink without -L/--copy-links
2026/08/06 08:26:07 NOTICE: data/video/HateMM/All/hate_video_44.mp4: Can't follow symlink without -L/--copy-links
2026/08/06 08:26:07 NOTICE: data/video/HateMM/All/hate_video_45.mp4: Can't follow symlink without -L/--copy-links
2026/08/06 08:26:07 NOTICE: data/video/HateMM/All/non_hate_video_63.mp4: Can't follow symlink without -L/--copy-links
2026/08/06 08:26:07 NOTICE: data/video/HateMM/All/hate_video_53.mp4: Can't follow symlink without -L/--copy-links
2026/08/06 08:26:07 NOTICE: data/video/HateMM/All/hate_video_54.mp4: Can't follow symlink without -L/--copy-links
2026/08/06 08:26:07 NOTICE: data/video/HateMM/All/non_hate_video_71.mp4: Can't follow symlink without -L/--copy-links
2026/08/06 08:26:07 NOTICE: data/video/HateMM/All/non_hate_video_72.mp4: Can't follow symlink without -L/--copy-links
2026/08/06 08:26:07 NOTICE: data/video/HateMM/All/non_hate_video_82.mp4: Can't follow symlink without -L/--copy-links
2026/08/06 08:26:07 NOTICE: data/video/HateMM/All/non_hate_video_84.mp4: Can't follow symlink without -L/--copy-links
2026/08/06 08:26:07 NOTICE: data/video/HateMM/All/non_hate_video_94.mp4: Can't follow symlink without -L/--copy-links
2026/08/06 08:26:07 NOTICE: data/video/HateMM/All/hate_video_71.mp4: Can't follow symlink without -L/--copy-links
2026/08/06 08:26:07 NOTICE: data/video/HateMM/All/non_hate_video_115.mp4: Can't follow symlink without -L/--copy-links
2026/08/06 08:26:07 NOTICE: data/video/HateMM/All/non_hate_video_119.mp4: Can't follow symlink without -L/--copy-links
2026/08/06 08:26:07 NOTICE: data/video/HateMM/All/non_hate_video_120.mp4: Can't follow symlink without -L/--copy-links
2026/08/06 08:26:07 NOTICE: data/video/HateMM/All/non_hate_video_121.mp4: Can't follow symlink without -L/--copy-links
2026/08/06 08:26:07 NOTICE: data/video/HateMM/All/non_hate_video_127.mp4: Can't follow symlink without -L/--copy-links
2026/08/06 08:26:07 NOTICE: data/video/HateMM/All/hate_video_87.mp4: Can't follow symlink without -L/--copy-links
2026/08/06 08:26:07 NOTICE: data/video/HateMM/All/hate_video_88.mp4: Can't follow symlink without -L/--copy-links
2026/08/06 08:26:07 NOTICE: data/video/HateMM/All/non_hate_video_134.mp4: Can't follow symlink without -L/--copy-links
2026/08/06 08:26:07 NOTICE: data/video/HateMM/All/hate_video_89.mp4: Can't follow symlink without -L/--copy-links
2026/08/06 08:26:07 NOTICE: data/video/HateMM/All/non_hate_video_136.mp4: Can't follow symlink without -L/--copy-links
2026/08/06 08:26:07 NOTICE: data/video/HateMM/All/non_hate_video_137.mp4: Can't follow symlink without -L/--copy-links
2026/08/06 08:26:07 NOTICE: data/video/HateMM/All/non_hate_video_139.mp4: Can't follow symlink without -L/--copy-links
2026/08/06 08:26:07 NOTICE: data/video/HateMM/All/hate_video_93.mp4: Can't follow symlink without -L/--copy-links
2026/08/06 08:26:07 NOTICE: data/video/HateMM/All/non_hate_video_140.mp4: Can't follow symlink without -L/--copy-links
2026/08/06 08:26:07 NOTICE: data/video/HateMM/All/non_hate_video_141.mp4: Can't follow symlink without -L/--copy-links
2026/08/06 08:26:07 NOTICE: data/video/HateMM/All/non_hate_video_144.mp4: Can't follow symlink without -L/--copy-links
2026/08/06 08:26:07 NOTICE: data/video/HateMM/All/non_hate_video_147.mp4: Can't follow symlink without -L/--copy-links
2026/08/06 08:26:07 NOTICE: data/video/HateMM/All/non_hate_video_149.mp4: Can't follow symlink without -L/--copy-links
2026/08/06 08:26:07 NOTICE: data/video/HateMM/All/hate_video_101.mp4: Can't follow symlink without -L/--copy-links
2026/08/06 08:26:07 NOTICE: data/video/HateMM/All/hate_video_102.mp4: Can't follow symlink without -L/--copy-links
2026/08/06 08:26:07 NOTICE: data/video/HateMM/All/non_hate_video_162.mp4: Can't follow symlink without -L/--copy-links
2026/08/06 08:26:07 NOTICE: data/video/HateMM/All/non_hate_video_165.mp4: Can't follow symlink without -L/--copy-links
2026/08/06 08:26:07 NOTICE: data/video/HateMM/All/non_hate_video_167.mp4: Can't follow symlink without -L/--copy-links
2026/08/06 08:26:07 NOTICE: data/video/HateMM/All/non_hate_video_172.mp4: Can't follow symlink without -L/--copy-links
2026/08/06 08:26:07 NOTICE: data/video/HateMM/All/non_hate_video_173.mp4: Can't follow symlink without -L/--copy-links
2026/08/06 08:26:07 NOTICE: data/video/HateMM/All/non_hate_video_178.mp4: Can't follow symlink without -L/--copy-links
2026/08/06 08:26:07 NOTICE: data/video/HateMM/All/hate_video_114.mp4: Can't follow symlink without -L/--copy-links
2026/08/06 08:26:07 NOTICE: data/video/HateMM/All/non_hate_video_188.mp4: Can't follow symlink without -L/--copy-links
2026/08/06 08:26:07 NOTICE: data/video/HateMM/All/non_hate_video_191.mp4: Can't follow symlink without -L/--copy-links
2026/08/06 08:26:07 NOTICE: data/video/HateMM/All/non_hate_video_197.mp4: Can't follow symlink without -L/--copy-links
2026/08/06 08:26:07 NOTICE: data/video/HateMM/All/non_hate_video_199.mp4: Can't follow symlink without -L/--copy-links
2026/08/06 08:26:07 NOTICE: data/video/HateMM/All/hate_video_132.mp4: Can't follow symlink without -L/--copy-links
2026/08/06 08:26:07 NOTICE: data/video/HateMM/All/non_hate_video_213.mp4: Can't follow symlink without -L/--copy-links
2026/08/06 08:26:07 NOTICE: data/video/HateMM/All/non_hate_video_215.mp4: Can't follow symlink without -L/--copy-links
2026/08/06 08:26:07 NOTICE: data/video/HateMM/All/non_hate_video_216.mp4: Can't follow symlink without -L/--copy-links
2026/08/06 08:26:07 NOTICE: data/video/HateMM/All/hate_video_138.mp4: Can't follow symlink without -L/--copy-links
2026/08/06 08:26:07 NOTICE: data/video/HateMM/All/non_hate_video_221.mp4: Can't follow symlink without -L/--copy-links
2026/08/06 08:26:07 NOTICE: data/video/HateMM/All/hate_video_139.mp4: Can't follow symlink without -L/--copy-links
2026/08/06 08:26:07 NOTICE: data/video/HateMM/All/hate_video_143.mp4: Can't follow symlink without -L/--copy-links
2026/08/06 08:26:07 NOTICE: data/video/HateMM/All/non_hate_video_229.mp4: Can't follow symlink without -L/--copy-links
2026/08/06 08:26:07 NOTICE: data/video/HateMM/All/non_hate_video_238.mp4: Can't follow symlink without -L/--copy-links
2026/08/06 08:26:07 NOTICE: data/video/HateMM/All/hate_video_149.mp4: Can't follow symlink without -L/--copy-links
2026/08/06 08:26:07 NOTICE: data/video/HateMM/All/hate_video_151.mp4: Can't follow symlink without -L/--copy-links
2026/08/06 08:26:07 NOTICE: data/video/HateMM/All/hate_video_155.mp4: Can't follow symlink without -L/--copy-links
2026/08/06 08:26:07 NOTICE: data/video/HateMM/All/non_hate_video_244.mp4: Can't follow symlink without -L/--copy-links
2026/08/06 08:26:07 NOTICE: data/video/HateMM/All/non_hate_video_247.mp4: Can't follow symlink without -L/--copy-links
2026/08/06 08:26:07 NOTICE: data/video/HateMM/All/non_hate_video_249.mp4: Can't follow symlink without -L/--copy-links
2026/08/06 08:26:07 NOTICE: data/video/HateMM/All/non_hate_video_259.mp4: Can't follow symlink without -L/--copy-links
2026/08/06 08:26:07 NOTICE: data/video/HateMM/All/non_hate_video_260.mp4: Can't follow symlink without -L/--copy-links
2026/08/06 08:26:07 NOTICE: data/video/HateMM/All/non_hate_video_264.mp4: Can't follow symlink without -L/--copy-links
2026/08/06 08:26:07 NOTICE: data/video/HateMM/All/non_hate_video_268.mp4: Can't follow symlink without -L/--copy-links
2026/08/06 08:26:07 NOTICE: data/video/HateMM/All/non_hate_video_271.mp4: Can't follow symlink without -L/--copy-links
2026/08/06 08:26:07 NOTICE: data/video/HateMM/All/non_hate_video_274.mp4: Can't follow symlink without -L/--copy-links
2026/08/06 08:26:07 NOTICE: data/video/HateMM/All/non_hate_video_278.mp4: Can't follow symlink without -L/--copy-links
2026/08/06 08:26:07 NOTICE: data/video/HateMM/All/non_hate_video_279.mp4: Can't follow symlink without -L/--copy-links
2026/08/06 08:26:07 NOTICE: data/video/HateMM/All/non_hate_video_281.mp4: Can't follow symlink without -L/--copy-links
2026/08/06 08:26:07 NOTICE: data/video/HateMM/All/non_hate_video_284.mp4: Can't follow symlink without -L/--copy-links
2026/08/06 08:26:07 NOTICE: data/video/HateMM/All/non_hate_video_290.mp4: Can't follow symlink without -L/--copy-links
2026/08/06 08:26:07 NOTICE: data/video/HateMM/All/non_hate_video_291.mp4: Can't follow symlink without -L/--copy-links
2026/08/06 08:26:07 NOTICE: data/video/HateMM/All/non_hate_video_295.mp4: Can't follow symlink without -L/--copy-links
2026/08/06 08:26:07 NOTICE: data/video/HateMM/All/hate_video_177.mp4: Can't follow symlink without -L/--copy-links
2026/08/06 08:26:07 NOTICE: data/video/HateMM/All/non_hate_video_301.mp4: Can't follow symlink without -L/--copy-links
2026/08/06 08:26:07 NOTICE: data/video/HateMM/All/non_hate_video_304.mp4: Can't follow symlink without -L/--copy-links
2026/08/06 08:26:07 NOTICE: data/video/HateMM/All/hate_video_181.mp4: Can't follow symlink without -L/--copy-links
2026/08/06 08:26:07 NOTICE: data/video/HateMM/All/hate_video_182.mp4: Can't follow symlink without -L/--copy-links
2026/08/06 08:26:07 NOTICE: data/video/HateMM/All/hate_video_184.mp4: Can't follow symlink without -L/--copy-links
2026/08/06 08:26:07 NOTICE: data/video/HateMM/All/hate_video_189.mp4: Can't follow symlink without -L/--copy-links
2026/08/06 08:26:07 NOTICE: data/video/HateMM/All/non_hate_video_312.mp4: Can't follow symlink without -L/--copy-links
2026/08/06 08:26:07 NOTICE: data/video/HateMM/All/non_hate_video_314.mp4: Can't follow symlink without -L/--copy-links
2026/08/06 08:26:07 NOTICE: data/video/HateMM/All/hate_video_198.mp4: Can't follow symlink without -L/--copy-links
2026/08/06 08:26:07 NOTICE: data/video/HateMM/All/hate_video_205.mp4: Can't follow symlink without -L/--copy-links
2026/08/06 08:26:07 NOTICE: data/video/HateMM/All/hate_video_206.mp4: Can't follow symlink without -L/--copy-links
2026/08/06 08:26:07 NOTICE: data/video/HateMM/All/non_hate_video_316.mp4: Can't follow symlink without -L/--copy-links
2026/08/06 08:26:07 NOTICE: data/video/HateMM/All/non_hate_video_317.mp4: Can't follow symlink without -L/--copy-links
2026/08/06 08:26:07 NOTICE: data/video/HateMM/All/hate_video_215.mp4: Can't follow symlink without -L/--copy-links
2026/08/06 08:26:07 NOTICE: data/video/HateMM/All/hate_video_218.mp4: Can't follow symlink without -L/--copy-links
2026/08/06 08:26:07 NOTICE: data/video/HateMM/All/non_hate_video_323.mp4: Can't follow symlink without -L/--copy-links
2026/08/06 08:26:07 NOTICE: data/video/HateMM/All/non_hate_video_326.mp4: Can't follow symlink without -L/--copy-links
2026/08/06 08:26:07 NOTICE: data/video/HateMM/All/hate_video_220.mp4: Can't follow symlink without -L/--copy-links
2026/08/06 08:26:07 NOTICE: data/video/HateMM/All/hate_video_228.mp4: Can't follow symlink without -L/--copy-links
2026/08/06 08:26:07 NOTICE: data/video/HateMM/All/hate_video_234.mp4: Can't follow symlink without -L/--copy-links
2026/08/06 08:26:07 NOTICE: data/video/HateMM/All/hate_video_239.mp4: Can't follow symlink without -L/--copy-links
2026/08/06 08:26:07 NOTICE: data/video/HateMM/All/hate_video_247.mp4: Can't follow symlink without -L/--copy-links
2026/08/06 08:26:07 NOTICE: data/video/HateMM/All/non_hate_video_332.mp4: Can't follow symlink without -L/--copy-links
2026/08/06 08:26:07 NOTICE: data/video/HateMM/All/non_hate_video_344.mp4: Can't follow symlink without -L/--copy-links
2026/08/06 08:26:07 NOTICE: data/video/HateMM/All/non_hate_video_348.mp4: Can't follow symlink without -L/--copy-links
2026/08/06 08:26:07 NOTICE: data/video/HateMM/All/non_hate_video_349.mp4: Can't follow symlink without -L/--copy-links
2026/08/06 08:26:07 NOTICE: data/video/HateMM/All/non_hate_video_356.mp4: Can't follow symlink without -L/--copy-links
2026/08/06 08:26:07 NOTICE: data/video/HateMM/All/hate_video_270.mp4: Can't follow symlink without -L/--copy-links
2026/08/06 08:26:07 NOTICE: data/video/HateMM/All/hate_video_273.mp4: Can't follow symlink without -L/--copy-links
2026/08/06 08:26:07 NOTICE: data/video/HateMM/All/hate_video_274.mp4: Can't follow symlink without -L/--copy-links
2026/08/06 08:26:07 NOTICE: data/video/HateMM/All/non_hate_video_360.mp4: Can't follow symlink without -L/--copy-links
2026/08/06 08:26:07 NOTICE: data/video/HateMM/All/hate_video_275.mp4: Can't follow symlink without -L/--copy-links
2026/08/06 08:26:07 NOTICE: data/video/HateMM/All/hate_video_276.mp4: Can't follow symlink without -L/--copy-links
2026/08/06 08:26:07 NOTICE: data/video/HateMM/All/hate_video_277.mp4: Can't follow symlink without -L/--copy-links
2026/08/06 08:26:07 NOTICE: data/video/HateMM/All/hate_video_279.mp4: Can't follow symlink without -L/--copy-links
2026/08/06 08:26:07 NOTICE: data/video/HateMM/All/non_hate_video_376.mp4: Can't follow symlink without -L/--copy-links
2026/08/06 08:26:07 NOTICE: data/video/HateMM/All/hate_video_282.mp4: Can't follow symlink without -L/--copy-links
2026/08/06 08:26:07 NOTICE: data/video/HateMM/All/hate_video_283.mp4: Can't follow symlink without -L/--copy-links
2026/08/06 08:26:07 NOTICE: data/video/HateMM/All/hate_video_284.mp4: Can't follow symlink without -L/--copy-links
2026/08/06 08:26:07 NOTICE: data/video/HateMM/All/non_hate_video_384.mp4: Can't follow symlink without -L/--copy-links
2026/08/06 08:26:07 NOTICE: data/video/HateMM/All/non_hate_video_391.mp4: Can't follow symlink without -L/--copy-links
2026/08/06 08:26:07 NOTICE: data/video/HateMM/All/non_hate_video_392.mp4: Can't follow symlink without -L/--copy-links
2026/08/06 08:26:07 NOTICE: data/video/HateMM/All/hate_video_291.mp4: Can't follow symlink without -L/--copy-links
2026/08/06 08:26:07 NOTICE: data/video/HateMM/All/hate_video_294.mp4: Can't follow symlink without -L/--copy-links
2026/08/06 08:26:07 NOTICE: data/video/HateMM/All/hate_video_295.mp4: Can't follow symlink without -L/--copy-links
2026/08/06 08:26:07 NOTICE: data/video/HateMM/All/non_hate_video_399.mp4: Can't follow symlink without -L/--copy-links
2026/08/06 08:26:07 NOTICE: data/video/HateMM/All/non_hate_video_400.mp4: Can't follow symlink without -L/--copy-links
2026/08/06 08:26:07 NOTICE: data/video/HateMM/All/hate_video_299.mp4: Can't follow symlink without -L/--copy-links
2026/08/06 08:26:07 NOTICE: data/video/HateMM/All/hate_video_300.mp4: Can't follow symlink without -L/--copy-links
2026/08/06 08:26:07 NOTICE: data/video/HateMM/All/hate_video_303.mp4: Can't follow symlink without -L/--copy-links
2026/08/06 08:26:07 NOTICE: data/video/HateMM/All/hate_video_304.mp4: Can't follow symlink without -L/--copy-links
2026/08/06 08:26:07 NOTICE: data/video/HateMM/All/non_hate_video_413.mp4: Can't follow symlink without -L/--copy-links
2026/08/06 08:26:07 NOTICE: data/video/HateMM/All/non_hate_video_415.mp4: Can't follow symlink without -L/--copy-links
2026/08/06 08:26:07 NOTICE: data/video/HateMM/All/non_hate_video_417.mp4: Can't follow symlink without -L/--copy-links
2026/08/06 08:26:07 NOTICE: data/video/HateMM/All/non_hate_video_423.mp4: Can't follow symlink without -L/--copy-links
2026/08/06 08:26:07 NOTICE: data/video/HateMM/All/non_hate_video_431.mp4: Can't follow symlink without -L/--copy-links
2026/08/06 08:26:07 NOTICE: data/video/HateMM/All/non_hate_video_432.mp4: Can't follow symlink without -L/--copy-links
2026/08/06 08:26:07 NOTICE: data/video/HateMM/All/hate_video_317.mp4: Can't follow symlink without -L/--copy-links
2026/08/06 08:26:07 NOTICE: data/video/HateMM/All/hate_video_318.mp4: Can't follow symlink without -L/--copy-links
2026/08/06 08:26:07 NOTICE: data/video/HateMM/All/non_hate_video_441.mp4: Can't follow symlink without -L/--copy-links
2026/08/06 08:26:07 NOTICE: data/video/HateMM/All/hate_video_321.mp4: Can't follow symlink without -L/--copy-links
2026/08/06 08:26:07 NOTICE: data/video/HateMM/All/non_hate_video_444.mp4: Can't follow symlink without -L/--copy-links
2026/08/06 08:26:07 NOTICE: data/video/HateMM/All/hate_video_327.mp4: Can't follow symlink without -L/--copy-links
2026/08/06 08:26:07 NOTICE: data/video/HateMM/All/hate_video_329.mp4: Can't follow symlink without -L/--copy-links
2026/08/06 08:26:07 NOTICE: data/video/HateMM/All/hate_video_330.mp4: Can't follow symlink without -L/--copy-links
2026/08/06 08:26:07 NOTICE: data/video/HateMM/All/non_hate_video_456.mp4: Can't follow symlink without -L/--copy-links
2026/08/06 08:26:07 NOTICE: data/video/HateMM/All/hate_video_337.mp4: Can't follow symlink without -L/--copy-links
2026/08/06 08:26:07 NOTICE: data/video/HateMM/All/non_hate_video_458.mp4: Can't follow symlink without -L/--copy-links
2026/08/06 08:26:07 NOTICE: data/video/HateMM/All/non_hate_video_459.mp4: Can't follow symlink without -L/--copy-links
2026/08/06 08:26:07 NOTICE: data/video/HateMM/All/non_hate_video_471.mp4: Can't follow symlink without -L/--copy-links
2026/08/06 08:26:07 NOTICE: data/video/HateMM/All/hate_video_347.mp4: Can't follow symlink without -L/--copy-links
2026/08/06 08:26:07 NOTICE: data/video/HateMM/All/hate_video_348.mp4: Can't follow symlink without -L/--copy-links
2026/08/06 08:26:07 NOTICE: data/video/HateMM/All/non_hate_video_496.mp4: Can't follow symlink without -L/--copy-links
2026/08/06 08:26:07 NOTICE: data/video/HateMM/All/non_hate_video_497.mp4: Can't follow symlink without -L/--copy-links
2026/08/06 08:26:07 NOTICE: data/video/HateMM/All/hate_video_349.mp4: Can't follow symlink without -L/--copy-links
2026/08/06 08:26:07 NOTICE: data/video/HateMM/All/non_hate_video_501.mp4: Can't follow symlink without -L/--copy-links
2026/08/06 08:26:07 NOTICE: data/video/HateMM/All/non_hate_video_503.mp4: Can't follow symlink without -L/--copy-links
2026/08/06 08:26:07 NOTICE: data/video/HateMM/All/hate_video_355.mp4: Can't follow symlink without -L/--copy-links
2026/08/06 08:26:07 NOTICE: data/video/HateMM/All/hate_video_356.mp4: Can't follow symlink without -L/--copy-links
2026/08/06 08:26:07 NOTICE: data/video/HateMM/All/non_hate_video_512.mp4: Can't follow symlink without -L/--copy-links
2026/08/06 08:26:07 NOTICE: data/video/HateMM/All/non_hate_video_516.mp4: Can't follow symlink without -L/--copy-links
2026/08/06 08:26:07 NOTICE: data/video/HateMM/All/hate_video_360.mp4: Can't follow symlink without -L/--copy-links
2026/08/06 08:26:07 NOTICE: data/video/HateMM/All/hate_video_362.mp4: Can't follow symlink without -L/--copy-links
2026/08/06 08:26:07 NOTICE: data/video/HateMM/All/hate_video_365.mp4: Can't follow symlink without -L/--copy-links
2026/08/06 08:26:07 NOTICE: data/video/HateMM/All/non_hate_video_524.mp4: Can't follow symlink without -L/--copy-links
2026/08/06 08:26:07 NOTICE: data/video/HateMM/All/non_hate_video_528.mp4: Can't follow symlink without -L/--copy-links
2026/08/06 08:26:07 NOTICE: data/video/HateMM/All/hate_video_368.mp4: Can't follow symlink without -L/--copy-links
2026/08/06 08:26:07 NOTICE: data/video/HateMM/All/hate_video_375.mp4: Can't follow symlink without -L/--copy-links
2026/08/06 08:26:07 NOTICE: data/video/HateMM/All/hate_video_377.mp4: Can't follow symlink without -L/--copy-links
2026/08/06 08:26:07 NOTICE: data/video/HateMM/All/non_hate_video_541.mp4: Can't follow symlink without -L/--copy-links
2026/08/06 08:26:07 NOTICE: data/video/HateMM/All/non_hate_video_542.mp4: Can't follow symlink without -L/--copy-links
2026/08/06 08:26:07 NOTICE: data/video/HateMM/All/non_hate_video_549.mp4: Can't follow symlink without -L/--copy-links
2026/08/06 08:26:07 NOTICE: data/video/HateMM/All/non_hate_video_558.mp4: Can't follow symlink without -L/--copy-links
2026/08/06 08:26:07 NOTICE: data/video/HateMM/All/non_hate_video_561.mp4: Can't follow symlink without -L/--copy-links
2026/08/06 08:26:07 NOTICE: data/video/HateMM/All/hate_video_388.mp4: Can't follow symlink without -L/--copy-links
2026/08/06 08:26:07 NOTICE: data/video/HateMM/All/hate_video_389.mp4: Can't follow symlink without -L/--copy-links
2026/08/06 08:26:07 NOTICE: data/video/HateMM/All/non_hate_video_571.mp4: Can't follow symlink without -L/--copy-links
2026/08/06 08:26:07 NOTICE: data/video/HateMM/All/non_hate_video_572.mp4: Can't follow symlink without -L/--copy-links
2026/08/06 08:26:07 NOTICE: data/video/HateMM/All/non_hate_video_574.mp4: Can't follow symlink without -L/--copy-links
2026/08/06 08:26:07 NOTICE: data/video/HateMM/All/hate_video_392.mp4: Can't follow symlink without -L/--copy-links
2026/08/06 08:26:07 NOTICE: data/video/HateMM/All/non_hate_video_575.mp4: Can't follow symlink without -L/--copy-links
2026/08/06 08:26:07 NOTICE: data/video/HateMM/All/non_hate_video_577.mp4: Can't follow symlink without -L/--copy-links
2026/08/06 08:26:07 NOTICE: data/video/HateMM/All/hate_video_394.mp4: Can't follow symlink without -L/--copy-links
2026/08/06 08:26:07 NOTICE: data/video/HateMM/All/non_hate_video_584.mp4: Can't follow symlink without -L/--copy-links
2026/08/06 08:26:07 NOTICE: data/video/HateMM/All/non_hate_video_586.mp4: Can't follow symlink without -L/--copy-links
2026/08/06 08:26:07 NOTICE: data/video/HateMM/All/non_hate_video_590.mp4: Can't follow symlink without -L/--copy-links
2026/08/06 08:26:07 NOTICE: data/video/HateMM/All/non_hate_video_595.mp4: Can't follow symlink without -L/--copy-links
2026/08/06 08:26:07 NOTICE: data/video/HateMM/All/hate_video_401.mp4: Can't follow symlink without -L/--copy-links
2026/08/06 08:26:07 NOTICE: data/video/HateMM/All/hate_video_408.mp4: Can't follow symlink without -L/--copy-links
2026/08/06 08:26:07 NOTICE: data/video/HateMM/All/hate_video_409.mp4: Can't follow symlink without -L/--copy-links
2026/08/06 08:26:07 NOTICE: data/video/HateMM/All/hate_video_412.mp4: Can't follow symlink without -L/--copy-links
2026/08/06 08:26:07 NOTICE: data/video/HateMM/All/non_hate_video_606.mp4: Can't follow symlink without -L/--copy-links
2026/08/06 08:26:07 NOTICE: data/video/HateMM/All/non_hate_video_608.mp4: Can't follow symlink without -L/--copy-links
2026/08/06 08:26:07 NOTICE: data/video/HateMM/All/non_hate_video_610.mp4: Can't follow symlink without -L/--copy-links
2026/08/06 08:26:07 NOTICE: data/video/HateMM/All/non_hate_video_612.mp4: Can't follow symlink without -L/--copy-links
2026/08/06 08:26:07 NOTICE: data/video/HateMM/All/non_hate_video_618.mp4: Can't follow symlink without -L/--copy-links
2026/08/06 08:26:07 NOTICE: data/video/HateMM/All/hate_video_421.mp4: Can't follow symlink without -L/--copy-links
2026/08/06 08:26:07 NOTICE: data/video/HateMM/All/non_hate_video_623.mp4: Can't follow symlink without -L/--copy-links
2026/08/06 08:26:07 NOTICE: data/video/HateMM/All/non_hate_video_624.mp4: Can't follow symlink without -L/--copy-links
2026/08/06 08:26:07 NOTICE: data/video/HateMM/All/non_hate_video_634.mp4: Can't follow symlink without -L/--copy-links
2026/08/06 08:26:07 NOTICE: data/video/HateMM/All/hate_video_427.mp4: Can't follow symlink without -L/--copy-links
2026/08/06 08:26:07 NOTICE: data/video/HateMM/All/non_hate_video_638.mp4: Can't follow symlink without -L/--copy-links
2026/08/06 08:26:07 NOTICE: data/video/HateMM/All/non_hate_video_641.mp4: Can't follow symlink without -L/--copy-links
2026/08/06 08:26:07 NOTICE: data/video/HateMM/All/hate_video_428.mp4: Can't follow symlink without -L/--copy-links
2026/08/06 08:26:07 NOTICE: data/video/HateMM/All/non_hate_video_642.mp4: Can't follow symlink without -L/--copy-links
2026/08/06 08:26:09 NOTICE: data/video/ImpliHateVid/All/EX_103.mp4: Can't follow symlink without -L/--copy-links
2026/08/06 08:26:09 NOTICE: data/video/ImpliHateVid/All/EX_104.mp4: Can't follow symlink without -L/--copy-links
2026/08/06 08:26:09 NOTICE: data/video/ImpliHateVid/All/EX_105.mp4: Can't follow symlink without -L/--copy-links
2026/08/06 08:26:09 NOTICE: data/video/ImpliHateVid/All/EX_106.mp4: Can't follow symlink without -L/--copy-links
2026/08/06 08:26:09 NOTICE: data/video/ImpliHateVid/All/EX_107.mp4: Can't follow symlink without -L/--copy-links
2026/08/06 08:26:09 NOTICE: data/video/ImpliHateVid/All/EX_108.mp4: Can't follow symlink without -L/--copy-links
2026/08/06 08:26:09 NOTICE: data/video/ImpliHateVid/All/EX_109.mp4: Can't follow symlink without -L/--copy-links
2026/08/06 08:26:09 NOTICE: data/video/ImpliHateVid/All/EX_11.mp4: Can't follow symlink without -L/--copy-links
2026/08/06 08:26:09 NOTICE: data/video/ImpliHateVid/All/EX_110.mp4: Can't follow symlink without -L/--copy-links
2026/08/06 08:26:09 NOTICE: data/video/ImpliHateVid/All/EX_111.mp4: Can't follow symlink without -L/--copy-links
2026/08/06 08:26:09 NOTICE: data/video/ImpliHateVid/All/EX_112.mp4: Can't follow symlink without -L/--copy-links
2026/08/06 08:26:09 NOTICE: data/video/ImpliHateVid/All/EX_113.mp4: Can't follow symlink without -L/--copy-links
2026/08/06 08:26:09 NOTICE: data/video/ImpliHateVid/All/EX_114.mp4: Can't follow symlink without -L/--copy-links
2026/08/06 08:26:09 NOTICE: data/video/ImpliHateVid/All/EX_115.mp4: Can't follow symlink without -L/--copy-links
2026/08/06 08:26:09 NOTICE: data/video/ImpliHateVid/All/EX_116.mp4: Can't follow symlink without -L/--copy-links
2026/08/06 08:26:09 NOTICE: data/video/ImpliHateVid/All/EX_117.mp4: Can't follow symlink without -L/--copy-links
2026/08/06 08:26:09 NOTICE: data/video/ImpliHateVid/All/EX_118.mp4: Can't follow symlink without -L/--copy-links
2026/08/06 08:26:09 NOTICE: data/video/ImpliHateVid/All/EX_119.mp4: Can't follow symlink without -L/--copy-links
2026/08/06 08:26:09 NOTICE: data/video/ImpliHateVid/All/EX_12.mp4: Can't follow symlink without -L/--copy-links
2026/08/06 08:26:09 NOTICE: data/video/ImpliHateVid/All/EX_120.mp4: Can't follow symlink without -L/--copy-links
2026/08/06 08:26:09 NOTICE: data/video/ImpliHateVid/All/EX_121.mp4: Can't follow symlink without -L/--copy-links
2026/08/06 08:26:09 NOTICE: data/video/ImpliHateVid/All/EX_122.mp4: Can't follow symlink without -L/--copy-links
2026/08/06 08:26:09 NOTICE: data/video/ImpliHateVid/All/EX_123.mp4: Can't follow symlink without -L/--copy-links
2026/08/06 08:26:09 NOTICE: data/video/ImpliHateVid/All/EX_124.mp4: Can't follow symlink without -L/--copy-links
2026/08/06 08:26:09 NOTICE: data/video/ImpliHateVid/All/EX_125.mp4: Can't follow symlink without -L/--copy-links
2026/08/06 08:26:09 NOTICE: data/video/ImpliHateVid/All/EX_126.mp4: Can't follow symlink without -L/--copy-links
2026/08/06 08:26:09 NOTICE: data/video/ImpliHateVid/All/EX_127.mp4: Can't follow symlink without -L/--copy-links
2026/08/06 08:26:09 NOTICE: data/video/ImpliHateVid/All/EX_128.mp4: Can't follow symlink without -L/--copy-links
2026/08/06 08:26:09 NOTICE: data/video/ImpliHateVid/All/EX_129.mp4: Can't follow symlink without -L/--copy-links
2026/08/06 08:26:09 NOTICE: data/video/ImpliHateVid/All/EX_13.mp4: Can't follow symlink without -L/--copy-links
2026/08/06 08:26:09 NOTICE: data/video/ImpliHateVid/All/EX_130.mp4: Can't follow symlink without -L/--copy-links
2026/08/06 08:26:09 NOTICE: data/video/ImpliHateVid/All/EX_131.mp4: Can't follow symlink without -L/--copy-links
2026/08/06 08:26:09 NOTICE: data/video/ImpliHateVid/All/EX_132.mp4: Can't follow symlink without -L/--copy-links
2026/08/06 08:26:09 NOTICE: data/video/ImpliHateVid/All/EX_133.mp4: Can't follow symlink without -L/--copy-links
2026/08/06 08:26:09 NOTICE: data/video/ImpliHateVid/All/EX_134.mp4: Can't follow symlink without -L/--copy-links
2026/08/06 08:26:09 NOTICE: data/video/ImpliHateVid/All/EX_135.mp4: Can't follow symlink without -L/--copy-links
2026/08/06 08:26:09 NOTICE: data/video/ImpliHateVid/All/EX_136.mp4: Can't follow symlink without -L/--copy-links
2026/08/06 08:26:09 NOTICE: data/video/ImpliHateVid/All/EX_137.mp4: Can't follow symlink without -L/--copy-links
2026/08/06 08:26:09 NOTICE: data/video/ImpliHateVid/All/EX_138.mp4: Can't follow symlink without -L/--copy-links
2026/08/06 08:26:09 NOTICE: data/video/ImpliHateVid/All/EX_139.mp4: Can't follow symlink without -L/--copy-links
2026/08/06 08:26:09 NOTICE: data/video/ImpliHateVid/All/EX_14.mp4: Can't follow symlink without -L/--copy-links
2026/08/06 08:26:09 NOTICE: data/video/ImpliHateVid/All/EX_140.mp4: Can't follow symlink without -L/--copy-links
2026/08/06 08:26:09 NOTICE: data/video/ImpliHateVid/All/EX_141.mp4: Can't follow symlink without -L/--copy-links
2026/08/06 08:26:09 NOTICE: data/video/ImpliHateVid/All/EX_142.mp4: Can't follow symlink without -L/--copy-links
2026/08/06 08:26:09 NOTICE: data/video/ImpliHateVid/All/EX_143.mp4: Can't follow symlink without -L/--copy-links
2026/08/06 08:26:09 NOTICE: data/video/ImpliHateVid/All/EX_144.mp4: Can't follow symlink without -L/--copy-links
2026/08/06 08:26:09 NOTICE: data/video/ImpliHateVid/All/EX_145.mp4: Can't follow symlink without -L/--copy-links
2026/08/06 08:26:09 NOTICE: data/video/ImpliHateVid/All/EX_146.mp4: Can't follow symlink without -L/--copy-links
2026/08/06 08:26:09 NOTICE: data/video/ImpliHateVid/All/EX_147.mp4: Can't follow symlink without -L/--copy-links
2026/08/06 08:26:09 NOTICE: data/video/ImpliHateVid/All/EX_148.mp4: Can't follow symlink without -L/--copy-links
2026/08/06 08:26:09 NOTICE: data/video/ImpliHateVid/All/EX_149.mp4: Can't follow symlink without -L/--copy-links
2026/08/06 08:26:09 NOTICE: data/video/ImpliHateVid/All/EX_15.mp4: Can't follow symlink without -L/--copy-links
2026/08/06 08:26:09 NOTICE: data/video/ImpliHateVid/All/EX_150.mp4: Can't follow symlink without -L/--copy-links
2026/08/06 08:26:09 NOTICE: data/video/ImpliHateVid/All/EX_151.mp4: Can't follow symlink without -L/--copy-links
2026/08/06 08:26:09 NOTICE: data/video/ImpliHateVid/All/EX_152.mp4: Can't follow symlink without -L/--copy-links
2026/08/06 08:26:09 NOTICE: data/video/ImpliHateVid/All/EX_153.mp4: Can't follow symlink without -L/--copy-links
2026/08/06 08:26:09 NOTICE: data/video/ImpliHateVid/All/EX_154.mp4: Can't follow symlink without -L/--copy-links
2026/08/06 08:26:09 NOTICE: data/video/ImpliHateVid/All/EX_155.mp4: Can't follow symlink without -L/--copy-links
2026/08/06 08:26:09 NOTICE: data/video/ImpliHateVid/All/EX_156.mp4: Can't follow symlink without -L/--copy-links
2026/08/06 08:26:09 NOTICE: data/video/ImpliHateVid/All/EX_157.mp4: Can't follow symlink without -L/--copy-links
2026/08/06 08:26:09 NOTICE: data/video/ImpliHateVid/All/EX_158.mp4: Can't follow symlink without -L/--copy-links
2026/08/06 08:26:09 NOTICE: data/video/ImpliHateVid/All/EX_159.mp4: Can't follow symlink without -L/--copy-links
2026/08/06 08:26:09 NOTICE: data/video/ImpliHateVid/All/EX_16.mp4: Can't follow symlink without -L/--copy-links
2026/08/06 08:26:09 NOTICE: data/video/ImpliHateVid/All/EX_160.mp4: Can't follow symlink without -L/--copy-links
2026/08/06 08:26:09 NOTICE: data/video/ImpliHateVid/All/EX_161.mp4: Can't follow symlink without -L/--copy-links
2026/08/06 08:26:09 NOTICE: data/video/ImpliHateVid/All/EX_162.mp4: Can't follow symlink without -L/--copy-links
2026/08/06 08:26:09 NOTICE: data/video/ImpliHateVid/All/EX_163.mp4: Can't follow symlink without -L/--copy-links
2026/08/06 08:26:09 NOTICE: data/video/ImpliHateVid/All/EX_164.mp4: Can't follow symlink without -L/--copy-links
2026/08/06 08:26:09 NOTICE: data/video/ImpliHateVid/All/EX_165.mp4: Can't follow symlink without -L/--copy-links
2026/08/06 08:26:09 NOTICE: data/video/ImpliHateVid/All/EX_166.mp4: Can't follow symlink without -L/--copy-links
2026/08/06 08:26:09 NOTICE: data/video/ImpliHateVid/All/EX_167.mp4: Can't follow symlink without -L/--copy-links
2026/08/06 08:26:09 NOTICE: data/video/ImpliHateVid/All/EX_168.mp4: Can't follow symlink without -L/--copy-links
2026/08/06 08:26:09 NOTICE: data/video/ImpliHateVid/All/EX_169.mp4: Can't follow symlink without -L/--copy-links
2026/08/06 08:26:09 NOTICE: data/video/ImpliHateVid/All/EX_17.mp4: Can't follow symlink without -L/--copy-links
2026/08/06 08:26:09 NOTICE: data/video/ImpliHateVid/All/EX_170.mp4: Can't follow symlink without -L/--copy-links
2026/08/06 08:26:09 NOTICE: data/video/ImpliHateVid/All/EX_171.mp4: Can't follow symlink without -L/--copy-links
2026/08/06 08:26:09 NOTICE: data/video/ImpliHateVid/All/EX_172.mp4: Can't follow symlink without -L/--copy-links
2026/08/06 08:26:09 NOTICE: data/video/ImpliHateVid/All/EX_173.mp4: Can't follow symlink without -L/--copy-links
2026/08/06 08:26:09 NOTICE: data/video/ImpliHateVid/All/EX_174.mp4: Can't follow symlink without -L/--copy-links
2026/08/06 08:26:09 NOTICE: data/video/ImpliHateVid/All/EX_175.mp4: Can't follow symlink without -L/--copy-links
2026/08/06 08:26:09 NOTICE: data/video/ImpliHateVid/All/EX_176.mp4: Can't follow symlink without -L/--copy-links
2026/08/06 08:26:09 NOTICE: data/video/ImpliHateVid/All/EX_177.mp4: Can't follow symlink without -L/--copy-links
2026/08/06 08:26:09 NOTICE: data/video/ImpliHateVid/All/EX_178.mp4: Can't follow symlink without -L/--copy-links
2026/08/06 08:26:09 NOTICE: data/video/ImpliHateVid/All/EX_179.mp4: Can't follow symlink without -L/--copy-links
2026/08/06 08:26:09 NOTICE: data/video/ImpliHateVid/All/EX_18.mp4: Can't follow symlink without -L/--copy-links
2026/08/06 08:26:09 NOTICE: data/video/ImpliHateVid/All/EX_180.mp4: Can't follow symlink without -L/--copy-links
2026/08/06 08:26:09 NOTICE: data/video/ImpliHateVid/All/EX_181.mp4: Can't follow symlink without -L/--copy-links
2026/08/06 08:26:09 NOTICE: data/video/ImpliHateVid/All/EX_182.mp4: Can't follow symlink without -L/--copy-links
2026/08/06 08:26:09 NOTICE: data/video/ImpliHateVid/All/EX_183.mp4: Can't follow symlink without -L/--copy-links
2026/08/06 08:26:09 NOTICE: data/video/ImpliHateVid/All/EX_184.mp4: Can't follow symlink without -L/--copy-links
2026/08/06 08:26:09 NOTICE: data/video/ImpliHateVid/All/EX_185.mp4: Can't follow symlink without -L/--copy-links
2026/08/06 08:26:09 NOTICE: data/video/ImpliHateVid/All/EX_186.mp4: Can't follow symlink without -L/--copy-links
2026/08/06 08:26:09 NOTICE: data/video/ImpliHateVid/All/EX_187.mp4: Can't follow symlink without -L/--copy-links
2026/08/06 08:26:09 NOTICE: data/video/ImpliHateVid/All/EX_188.mp4: Can't follow symlink without -L/--copy-links
2026/08/06 08:26:09 NOTICE: data/video/ImpliHateVid/All/EX_189.mp4: Can't follow symlink without -L/--copy-links
2026/08/06 08:26:09 NOTICE: data/video/ImpliHateVid/All/EX_19.mp4: Can't follow symlink without -L/--copy-links
2026/08/06 08:26:09 NOTICE: data/video/ImpliHateVid/All/EX_190.mp4: Can't follow symlink without -L/--copy-links
2026/08/06 08:26:09 NOTICE: data/video/ImpliHateVid/All/EX_191.mp4: Can't follow symlink without -L/--copy-links
2026/08/06 08:26:09 NOTICE: data/video/ImpliHateVid/All/EX_192.mp4: Can't follow symlink without -L/--copy-links
2026/08/06 08:26:09 NOTICE: data/video/ImpliHateVid/All/EX_193.mp4: Can't follow symlink without -L/--copy-links
2026/08/06 08:26:09 NOTICE: data/video/ImpliHateVid/All/EX_194.mp4: Can't follow symlink without -L/--copy-links
2026/08/06 08:26:09 NOTICE: data/video/ImpliHateVid/All/EX_195.mp4: Can't follow symlink without -L/--copy-links
2026/08/06 08:26:09 NOTICE: data/video/ImpliHateVid/All/EX_196.mp4: Can't follow symlink without -L/--copy-links
2026/08/06 08:26:09 NOTICE: data/video/ImpliHateVid/All/EX_197.mp4: Can't follow symlink without -L/--copy-links
2026/08/06 08:26:09 NOTICE: data/video/ImpliHateVid/All/EX_198.mp4: Can't follow symlink without -L/--copy-links
2026/08/06 08:26:09 NOTICE: data/video/ImpliHateVid/All/EX_199.mp4: Can't follow symlink without -L/--copy-links
2026/08/06 08:26:09 NOTICE: data/video/ImpliHateVid/All/EX_2.mp4: Can't follow symlink without -L/--copy-links
2026/08/06 08:26:09 NOTICE: data/video/ImpliHateVid/All/EX_20.mp4: Can't follow symlink without -L/--copy-links
2026/08/06 08:26:09 NOTICE: data/video/ImpliHateVid/All/EX_200.mp4: Can't follow symlink without -L/--copy-links
2026/08/06 08:26:09 NOTICE: data/video/ImpliHateVid/All/EX_201.mp4: Can't follow symlink without -L/--copy-links
2026/08/06 08:26:09 NOTICE: data/video/ImpliHateVid/All/EX_202.mp4: Can't follow symlink without -L/--copy-links
2026/08/06 08:26:09 NOTICE: data/video/ImpliHateVid/All/EX_203.mp4: Can't follow symlink without -L/--copy-links
2026/08/06 08:26:09 NOTICE: data/video/ImpliHateVid/All/EX_204.mp4: Can't follow symlink without -L/--copy-links
2026/08/06 08:26:09 NOTICE: data/video/ImpliHateVid/All/EX_205.mp4: Can't follow symlink without -L/--copy-links
2026/08/06 08:26:09 NOTICE: data/video/ImpliHateVid/All/EX_206.mp4: Can't follow symlink without -L/--copy-links
2026/08/06 08:26:09 NOTICE: data/video/ImpliHateVid/All/EX_207.mp4: Can't follow symlink without -L/--copy-links
2026/08/06 08:26:09 NOTICE: data/video/ImpliHateVid/All/EX_208.mp4: Can't follow symlink without -L/--copy-links
2026/08/06 08:26:09 NOTICE: data/video/ImpliHateVid/All/EX_209.mp4: Can't follow symlink without -L/--copy-links
2026/08/06 08:26:09 NOTICE: data/video/ImpliHateVid/All/EX_21.mp4: Can't follow symlink without -L/--copy-links
2026/08/06 08:26:09 NOTICE: data/video/ImpliHateVid/All/EX_210.mp4: Can't follow symlink without -L/--copy-links
2026/08/06 08:26:09 NOTICE: data/video/ImpliHateVid/All/EX_211.mp4: Can't follow symlink without -L/--copy-links
2026/08/06 08:26:09 NOTICE: data/video/ImpliHateVid/All/EX_212.mp4: Can't follow symlink without -L/--copy-links
2026/08/06 08:26:09 NOTICE: data/video/ImpliHateVid/All/EX_213.mp4: Can't follow symlink without -L/--copy-links
2026/08/06 08:26:09 NOTICE: data/video/ImpliHateVid/All/EX_214.mp4: Can't follow symlink without -L/--copy-links
2026/08/06 08:26:09 NOTICE: data/video/ImpliHateVid/All/EX_215.mp4: Can't follow symlink without -L/--copy-links
2026/08/06 08:26:09 NOTICE: data/video/ImpliHateVid/All/EX_216.mp4: Can't follow symlink without -L/--copy-links
2026/08/06 08:26:09 NOTICE: data/video/ImpliHateVid/All/EX_217.mp4: Can't follow symlink without -L/--copy-links
2026/08/06 08:26:09 NOTICE: data/video/ImpliHateVid/All/EX_218.mp4: Can't follow symlink without -L/--copy-links
2026/08/06 08:26:09 NOTICE: data/video/ImpliHateVid/All/EX_219.mp4: Can't follow symlink without -L/--copy-links
2026/08/06 08:26:09 NOTICE: data/video/ImpliHateVid/All/EX_22.mp4: Can't follow symlink without -L/--copy-links
2026/08/06 08:26:09 NOTICE: data/video/ImpliHateVid/All/EX_220.mp4: Can't follow symlink without -L/--copy-links
2026/08/06 08:26:09 NOTICE: data/video/ImpliHateVid/All/EX_221.mp4: Can't follow symlink without -L/--copy-links
2026/08/06 08:26:09 NOTICE: data/video/ImpliHateVid/All/EX_222.mp4: Can't follow symlink without -L/--copy-links
2026/08/06 08:26:09 NOTICE: data/video/ImpliHateVid/All/EX_223.mp4: Can't follow symlink without -L/--copy-links
2026/08/06 08:26:09 NOTICE: data/video/ImpliHateVid/All/EX_224.mp4: Can't follow symlink without -L/--copy-links
2026/08/06 08:26:09 NOTICE: data/video/ImpliHateVid/All/EX_225.mp4: Can't follow symlink without -L/--copy-links
2026/08/06 08:26:09 NOTICE: data/video/ImpliHateVid/All/EX_226.mp4: Can't follow symlink without -L/--copy-links
2026/08/06 08:26:09 NOTICE: data/video/ImpliHateVid/All/EX_227.mp4: Can't follow symlink without -L/--copy-links
2026/08/06 08:26:09 NOTICE: data/video/ImpliHateVid/All/EX_228.mp4: Can't follow symlink without -L/--copy-links
2026/08/06 08:26:09 NOTICE: data/video/ImpliHateVid/All/EX_229.mp4: Can't follow symlink without -L/--copy-links
2026/08/06 08:26:09 NOTICE: data/video/ImpliHateVid/All/EX_23.mp4: Can't follow symlink without -L/--copy-links
2026/08/06 08:26:09 NOTICE: data/video/ImpliHateVid/All/EX_230.mp4: Can't follow symlink without -L/--copy-links
2026/08/06 08:26:09 NOTICE: data/video/ImpliHateVid/All/EX_231.mp4: Can't follow symlink without -L/--copy-links
2026/08/06 08:26:09 NOTICE: data/video/ImpliHateVid/All/EX_232.mp4: Can't follow symlink without -L/--copy-links
2026/08/06 08:26:09 NOTICE: data/video/ImpliHateVid/All/EX_233.mp4: Can't follow symlink without -L/--copy-links
2026/08/06 08:26:09 NOTICE: data/video/ImpliHateVid/All/EX_234.mp4: Can't follow symlink without -L/--copy-links
2026/08/06 08:26:09 NOTICE: data/video/ImpliHateVid/All/EX_235.mp4: Can't follow symlink without -L/--copy-links
2026/08/06 08:26:09 NOTICE: data/video/ImpliHateVid/All/EX_236.mp4: Can't follow symlink without -L/--copy-links
2026/08/06 08:26:09 NOTICE: data/video/ImpliHateVid/All/EX_237.mp4: Can't follow symlink without -L/--copy-links
2026/08/06 08:26:09 NOTICE: data/video/ImpliHateVid/All/EX_238.mp4: Can't follow symlink without -L/--copy-links
2026/08/06 08:26:09 NOTICE: data/video/ImpliHateVid/All/EX_239.mp4: Can't follow symlink without -L/--copy-links
2026/08/06 08:26:09 NOTICE: data/video/ImpliHateVid/All/EX_24.mp4: Can't follow symlink without -L/--copy-links
2026/08/06 08:26:09 NOTICE: data/video/ImpliHateVid/All/EX_240.mp4: Can't follow symlink without -L/--copy-links
2026/08/06 08:26:09 NOTICE: data/video/ImpliHateVid/All/EX_241.mp4: Can't follow symlink without -L/--copy-links
2026/08/06 08:26:09 NOTICE: data/video/ImpliHateVid/All/EX_242.mp4: Can't follow symlink without -L/--copy-links
2026/08/06 08:26:09 NOTICE: data/video/ImpliHateVid/All/EX_243.mp4: Can't follow symlink without -L/--copy-links
2026/08/06 08:26:09 NOTICE: data/video/ImpliHateVid/All/EX_244.mp4: Can't follow symlink without -L/--copy-links
2026/08/06 08:26:09 NOTICE: data/video/ImpliHateVid/All/EX_245.mp4: Can't follow symlink without -L/--copy-links
2026/08/06 08:26:09 NOTICE: data/video/ImpliHateVid/All/EX_246.mp4: Can't follow symlink without -L/--copy-links
2026/08/06 08:26:09 NOTICE: data/video/ImpliHateVid/All/EX_247.mp4: Can't follow symlink without -L/--copy-links
2026/08/06 08:26:09 NOTICE: data/video/ImpliHateVid/All/EX_248.mp4: Can't follow symlink without -L/--copy-links
2026/08/06 08:26:09 NOTICE: data/video/ImpliHateVid/All/EX_249.mp4: Can't follow symlink without -L/--copy-links
2026/08/06 08:26:09 NOTICE: data/video/ImpliHateVid/All/EX_25.mp4: Can't follow symlink without -L/--copy-links
2026/08/06 08:26:09 NOTICE: data/video/ImpliHateVid/All/EX_250.mp4: Can't follow symlink without -L/--copy-links
2026/08/06 08:26:09 NOTICE: data/video/ImpliHateVid/All/EX_251.mp4: Can't follow symlink without -L/--copy-links
2026/08/06 08:26:09 NOTICE: data/video/ImpliHateVid/All/EX_252.mp4: Can't follow symlink without -L/--copy-links
2026/08/06 08:26:09 NOTICE: data/video/ImpliHateVid/All/EX_253.mp4: Can't follow symlink without -L/--copy-links
2026/08/06 08:26:09 NOTICE: data/video/ImpliHateVid/All/EX_254.mp4: Can't follow symlink without -L/--copy-links
2026/08/06 08:26:09 NOTICE: data/video/ImpliHateVid/All/EX_255.mp4: Can't follow symlink without -L/--copy-links
2026/08/06 08:26:09 NOTICE: data/video/ImpliHateVid/All/EX_256.mp4: Can't follow symlink without -L/--copy-links
2026/08/06 08:26:09 NOTICE: data/video/ImpliHateVid/All/EX_257.mp4: Can't follow symlink without -L/--copy-links
2026/08/06 08:26:09 NOTICE: data/video/ImpliHateVid/All/EX_258.mp4: Can't follow symlink without -L/--copy-links
2026/08/06 08:26:09 NOTICE: data/video/ImpliHateVid/All/EX_259.mp4: Can't follow symlink without -L/--copy-links
2026/08/06 08:26:09 NOTICE: data/video/ImpliHateVid/All/EX_26.mp4: Can't follow symlink without -L/--copy-links
2026/08/06 08:26:09 NOTICE: data/video/ImpliHateVid/All/EX_260.mp4: Can't follow symlink without -L/--copy-links
2026/08/06 08:26:09 NOTICE: data/video/ImpliHateVid/All/EX_261.mp4: Can't follow symlink without -L/--copy-links
2026/08/06 08:26:09 NOTICE: data/video/ImpliHateVid/All/EX_262.mp4: Can't follow symlink without -L/--copy-links
2026/08/06 08:26:09 NOTICE: data/video/ImpliHateVid/All/EX_263.mp4: Can't follow symlink without -L/--copy-links
2026/08/06 08:26:09 NOTICE: data/video/ImpliHateVid/All/EX_264.mp4: Can't follow symlink without -L/--copy-links
2026/08/06 08:26:09 NOTICE: data/video/ImpliHateVid/All/EX_265.mp4: Can't follow symlink without -L/--copy-links
2026/08/06 08:26:09 NOTICE: data/video/ImpliHateVid/All/EX_266.mp4: Can't follow symlink without -L/--copy-links
2026/08/06 08:26:09 NOTICE: data/video/ImpliHateVid/All/EX_267.mp4: Can't follow symlink without -L/--copy-links
2026/08/06 08:26:09 NOTICE: data/video/ImpliHateVid/All/EX_268.mp4: Can't follow symlink without -L/--copy-links
2026/08/06 08:26:09 NOTICE: data/video/ImpliHateVid/All/EX_269.mp4: Can't follow symlink without -L/--copy-links
2026/08/06 08:26:09 NOTICE: data/video/ImpliHateVid/All/EX_27.mp4: Can't follow symlink without -L/--copy-links
2026/08/06 08:26:09 NOTICE: data/video/ImpliHateVid/All/EX_270.mp4: Can't follow symlink without -L/--copy-links
2026/08/06 08:26:09 NOTICE: data/video/ImpliHateVid/All/EX_271.mp4: Can't follow symlink without -L/--copy-links
2026/08/06 08:26:09 NOTICE: data/video/ImpliHateVid/All/EX_272.mp4: Can't follow symlink without -L/--copy-links
2026/08/06 08:26:09 NOTICE: data/video/ImpliHateVid/All/EX_273.mp4: Can't follow symlink without -L/--copy-links
2026/08/06 08:26:09 NOTICE: data/video/ImpliHateVid/All/EX_274.mp4: Can't follow symlink without -L/--copy-links
2026/08/06 08:26:09 NOTICE: data/video/ImpliHateVid/All/EX_275.mp4: Can't follow symlink without -L/--copy-links
2026/08/06 08:26:09 NOTICE: data/video/ImpliHateVid/All/EX_276.mp4: Can't follow symlink without -L/--copy-links
2026/08/06 08:26:09 NOTICE: data/video/ImpliHateVid/All/EX_277.mp4: Can't follow symlink without -L/--copy-links
2026/08/06 08:26:09 NOTICE: data/video/ImpliHateVid/All/EX_278.mp4: Can't follow symlink without -L/--copy-links
2026/08/06 08:26:09 NOTICE: data/video/ImpliHateVid/All/EX_279.mp4: Can't follow symlink without -L/--copy-links
2026/08/06 08:26:09 NOTICE: data/video/ImpliHateVid/All/EX_28.mp4: Can't follow symlink without -L/--copy-links
2026/08/06 08:26:09 NOTICE: data/video/ImpliHateVid/All/EX_280.mp4: Can't follow symlink without -L/--copy-links
2026/08/06 08:26:09 NOTICE: data/video/ImpliHateVid/All/EX_281.mp4: Can't follow symlink without -L/--copy-links
2026/08/06 08:26:09 NOTICE: data/video/ImpliHateVid/All/EX_282.mp4: Can't follow symlink without -L/--copy-links
2026/08/06 08:26:09 NOTICE: data/video/ImpliHateVid/All/EX_283.mp4: Can't follow symlink without -L/--copy-links
2026/08/06 08:26:09 NOTICE: data/video/ImpliHateVid/All/EX_284.mp4: Can't follow symlink without -L/--copy-links
2026/08/06 08:26:09 NOTICE: data/video/ImpliHateVid/All/EX_285.mp4: Can't follow symlink without -L/--copy-links
2026/08/06 08:26:09 NOTICE: data/video/ImpliHateVid/All/EX_286.mp4: Can't follow symlink without -L/--copy-links
2026/08/06 08:26:09 NOTICE: data/video/ImpliHateVid/All/EX_287.mp4: Can't follow symlink without -L/--copy-links
2026/08/06 08:26:09 NOTICE: data/video/ImpliHateVid/All/EX_288.mp4: Can't follow symlink without -L/--copy-links
2026/08/06 08:26:09 NOTICE: data/video/ImpliHateVid/All/EX_289.mp4: Can't follow symlink without -L/--copy-links
2026/08/06 08:26:09 NOTICE: data/video/ImpliHateVid/All/EX_29.mp4: Can't follow symlink without -L/--copy-links
2026/08/06 08:26:09 NOTICE: data/video/ImpliHateVid/All/EX_290.mp4: Can't follow symlink without -L/--copy-links
2026/08/06 08:26:09 NOTICE: data/video/ImpliHateVid/All/EX_291.mp4: Can't follow symlink without -L/--copy-links
2026/08/06 08:26:09 NOTICE: data/video/ImpliHateVid/All/EX_292.mp4: Can't follow symlink without -L/--copy-links
2026/08/06 08:26:09 NOTICE: data/video/ImpliHateVid/All/EX_293.mp4: Can't follow symlink without -L/--copy-links
2026/08/06 08:26:09 NOTICE: data/video/ImpliHateVid/All/EX_294.mp4: Can't follow symlink without -L/--copy-links
2026/08/06 08:26:09 NOTICE: data/video/ImpliHateVid/All/EX_295.mp4: Can't follow symlink without -L/--copy-links
2026/08/06 08:26:09 NOTICE: data/video/ImpliHateVid/All/EX_296.mp4: Can't follow symlink without -L/--copy-links
2026/08/06 08:26:09 NOTICE: data/video/ImpliHateVid/All/EX_297.mp4: Can't follow symlink without -L/--copy-links
2026/08/06 08:26:09 NOTICE: data/video/ImpliHateVid/All/EX_298.mp4: Can't follow symlink without -L/--copy-links
2026/08/06 08:26:09 NOTICE: data/video/ImpliHateVid/All/EX_299.mp4: Can't follow symlink without -L/--copy-links
2026/08/06 08:26:09 NOTICE: data/video/ImpliHateVid/All/EX_3.mp4: Can't follow symlink without -L/--copy-links
2026/08/06 08:26:09 NOTICE: data/video/ImpliHateVid/All/EX_30.mp4: Can't follow symlink without -L/--copy-links
2026/08/06 08:26:09 NOTICE: data/video/ImpliHateVid/All/EX_300.mp4: Can't follow symlink without -L/--copy-links
2026/08/06 08:26:09 NOTICE: data/video/ImpliHateVid/All/EX_301.mp4: Can't follow symlink without -L/--copy-links
2026/08/06 08:26:09 NOTICE: data/video/ImpliHateVid/All/EX_302.mp4: Can't follow symlink without -L/--copy-links
2026/08/06 08:26:09 NOTICE: data/video/ImpliHateVid/All/EX_303.mp4: Can't follow symlink without -L/--copy-links
2026/08/06 08:26:09 NOTICE: data/video/ImpliHateVid/All/EX_304.mp4: Can't follow symlink without -L/--copy-links
2026/08/06 08:26:09 NOTICE: data/video/ImpliHateVid/All/EX_305.mp4: Can't follow symlink without -L/--copy-links
2026/08/06 08:26:09 NOTICE: data/video/ImpliHateVid/All/EX_306.mp4: Can't follow symlink without -L/--copy-links
2026/08/06 08:26:09 NOTICE: data/video/ImpliHateVid/All/EX_307.mp4: Can't follow symlink without -L/--copy-links
2026/08/06 08:26:09 NOTICE: data/video/ImpliHateVid/All/EX_308.mp4: Can't follow symlink without -L/--copy-links
2026/08/06 08:26:09 NOTICE: data/video/ImpliHateVid/All/EX_309.mp4: Can't follow symlink without -L/--copy-links
2026/08/06 08:26:09 NOTICE: data/video/ImpliHateVid/All/EX_31.mp4: Can't follow symlink without -L/--copy-links
2026/08/06 08:26:09 NOTICE: data/video/ImpliHateVid/All/EX_310.mp4: Can't follow symlink without -L/--copy-links
2026/08/06 08:26:09 NOTICE: data/video/ImpliHateVid/All/EX_311.mp4: Can't follow symlink without -L/--copy-links
2026/08/06 08:26:09 NOTICE: data/video/ImpliHateVid/All/EX_312.mp4: Can't follow symlink without -L/--copy-links
2026/08/06 08:26:09 NOTICE: data/video/ImpliHateVid/All/EX_313.mp4: Can't follow symlink without -L/--copy-links
2026/08/06 08:26:09 NOTICE: data/video/ImpliHateVid/All/EX_314.mp4: Can't follow symlink without -L/--copy-links
2026/08/06 08:26:09 NOTICE: data/video/ImpliHateVid/All/EX_315.mp4: Can't follow symlink without -L/--copy-links
2026/08/06 08:26:09 NOTICE: data/video/ImpliHateVid/All/EX_316.mp4: Can't follow symlink without -L/--copy-links
2026/08/06 08:26:09 NOTICE: data/video/ImpliHateVid/All/EX_317.mp4: Can't follow symlink without -L/--copy-links
2026/08/06 08:26:09 NOTICE: data/video/ImpliHateVid/All/EX_318.mp4: Can't follow symlink without -L/--copy-links
2026/08/06 08:26:09 NOTICE: data/video/ImpliHateVid/All/EX_319.mp4: Can't follow symlink without -L/--copy-links
2026/08/06 08:26:09 NOTICE: data/video/ImpliHateVid/All/EX_32.mp4: Can't follow symlink without -L/--copy-links
2026/08/06 08:26:09 NOTICE: data/video/ImpliHateVid/All/EX_320.mp4: Can't follow symlink without -L/--copy-links
2026/08/06 08:26:09 NOTICE: data/video/ImpliHateVid/All/EX_321.mp4: Can't follow symlink without -L/--copy-links
2026/08/06 08:26:09 NOTICE: data/video/ImpliHateVid/All/EX_322.mp4: Can't follow symlink without -L/--copy-links
2026/08/06 08:26:09 NOTICE: data/video/ImpliHateVid/All/EX_323.mp4: Can't follow symlink without -L/--copy-links
2026/08/06 08:26:09 NOTICE: data/video/ImpliHateVid/All/EX_324.mp4: Can't follow symlink without -L/--copy-links
2026/08/06 08:26:09 NOTICE: data/video/ImpliHateVid/All/EX_325.mp4: Can't follow symlink without -L/--copy-links
2026/08/06 08:26:09 NOTICE: data/video/ImpliHateVid/All/EX_326.mp4: Can't follow symlink without -L/--copy-links
2026/08/06 08:26:09 NOTICE: data/video/ImpliHateVid/All/EX_327.mp4: Can't follow symlink without -L/--copy-links
2026/08/06 08:26:09 NOTICE: data/video/ImpliHateVid/All/EX_328.mp4: Can't follow symlink without -L/--copy-links
2026/08/06 08:26:09 NOTICE: data/video/ImpliHateVid/All/EX_329.mp4: Can't follow symlink without -L/--copy-links
2026/08/06 08:26:09 NOTICE: data/video/ImpliHateVid/All/EX_33.mp4: Can't follow symlink without -L/--copy-links
2026/08/06 08:26:09 NOTICE: data/video/ImpliHateVid/All/EX_330.mp4: Can't follow symlink without -L/--copy-links
2026/08/06 08:26:09 NOTICE: data/video/ImpliHateVid/All/EX_331.mp4: Can't follow symlink without -L/--copy-links
2026/08/06 08:26:09 NOTICE: data/video/ImpliHateVid/All/EX_332.mp4: Can't follow symlink without -L/--copy-links
2026/08/06 08:26:09 NOTICE: data/video/ImpliHateVid/All/EX_333.mp4: Can't follow symlink without -L/--copy-links
2026/08/06 08:26:09 NOTICE: data/video/ImpliHateVid/All/EX_334.mp4: Can't follow symlink without -L/--copy-links
2026/08/06 08:26:09 NOTICE: data/video/ImpliHateVid/All/EX_335.mp4: Can't follow symlink without -L/--copy-links
2026/08/06 08:26:09 NOTICE: data/video/ImpliHateVid/All/EX_336.mp4: Can't follow symlink without -L/--copy-links
2026/08/06 08:26:09 NOTICE: data/video/ImpliHateVid/All/EX_337.mp4: Can't follow symlink without -L/--copy-links
2026/08/06 08:26:09 NOTICE: data/video/ImpliHateVid/All/EX_338.mp4: Can't follow symlink without -L/--copy-links
2026/08/06 08:26:09 NOTICE: data/video/ImpliHateVid/All/EX_339.mp4: Can't follow symlink without -L/--copy-links
2026/08/06 08:26:09 NOTICE: data/video/ImpliHateVid/All/EX_34.mp4: Can't follow symlink without -L/--copy-links
2026/08/06 08:26:09 NOTICE: data/video/ImpliHateVid/All/EX_340.mp4: Can't follow symlink without -L/--copy-links
2026/08/06 08:26:09 NOTICE: data/video/ImpliHateVid/All/EX_341.mp4: Can't follow symlink without -L/--copy-links
2026/08/06 08:26:09 NOTICE: data/video/ImpliHateVid/All/EX_342.mp4: Can't follow symlink without -L/--copy-links
2026/08/06 08:26:09 NOTICE: data/video/ImpliHateVid/All/EX_343.mp4: Can't follow symlink without -L/--copy-links
2026/08/06 08:26:09 NOTICE: data/video/ImpliHateVid/All/EX_344.mp4: Can't follow symlink without -L/--copy-links
2026/08/06 08:26:09 NOTICE: data/video/ImpliHateVid/All/EX_345.mp4: Can't follow symlink without -L/--copy-links
2026/08/06 08:26:09 NOTICE: data/video/ImpliHateVid/All/EX_346.mp4: Can't follow symlink without -L/--copy-links
2026/08/06 08:26:09 NOTICE: data/video/ImpliHateVid/All/EX_347.mp4: Can't follow symlink without -L/--copy-links
2026/08/06 08:26:09 NOTICE: data/video/ImpliHateVid/All/EX_348.mp4: Can't follow symlink without -L/--copy-links
2026/08/06 08:26:09 NOTICE: data/video/ImpliHateVid/All/EX_349.mp4: Can't follow symlink without -L/--copy-links
2026/08/06 08:26:09 NOTICE: data/video/ImpliHateVid/All/EX_35.mp4: Can't follow symlink without -L/--copy-links
2026/08/06 08:26:09 NOTICE: data/video/ImpliHateVid/All/EX_350.mp4: Can't follow symlink without -L/--copy-links
2026/08/06 08:26:09 NOTICE: data/video/ImpliHateVid/All/EX_351.mp4: Can't follow symlink without -L/--copy-links
2026/08/06 08:26:09 NOTICE: data/video/ImpliHateVid/All/EX_352.mp4: Can't follow symlink without -L/--copy-links
2026/08/06 08:26:09 NOTICE: data/video/ImpliHateVid/All/EX_353.mp4: Can't follow symlink without -L/--copy-links
2026/08/06 08:26:09 NOTICE: data/video/ImpliHateVid/All/EX_354.mp4: Can't follow symlink without -L/--copy-links
2026/08/06 08:26:09 NOTICE: data/video/ImpliHateVid/All/EX_355.mp4: Can't follow symlink without -L/--copy-links
2026/08/06 08:26:09 NOTICE: data/video/ImpliHateVid/All/EX_356.mp4: Can't follow symlink without -L/--copy-links
2026/08/06 08:26:09 NOTICE: data/video/ImpliHateVid/All/EX_357.mp4: Can't follow symlink without -L/--copy-links
2026/08/06 08:26:09 NOTICE: data/video/ImpliHateVid/All/EX_358.mp4: Can't follow symlink without -L/--copy-links
2026/08/06 08:26:09 NOTICE: data/video/ImpliHateVid/All/EX_359.mp4: Can't follow symlink without -L/--copy-links
2026/08/06 08:26:09 NOTICE: data/video/ImpliHateVid/All/EX_36.mp4: Can't follow symlink without -L/--copy-links
2026/08/06 08:26:09 NOTICE: data/video/ImpliHateVid/All/EX_360.mp4: Can't follow symlink without -L/--copy-links
2026/08/06 08:26:09 NOTICE: data/video/ImpliHateVid/All/EX_361.mp4: Can't follow symlink without -L/--copy-links
2026/08/06 08:26:09 NOTICE: data/video/ImpliHateVid/All/EX_362.mp4: Can't follow symlink without -L/--copy-links
2026/08/06 08:26:09 NOTICE: data/video/ImpliHateVid/All/EX_363.mp4: Can't follow symlink without -L/--copy-links
2026/08/06 08:26:09 NOTICE: data/video/ImpliHateVid/All/EX_364.mp4: Can't follow symlink without -L/--copy-links
2026/08/06 08:26:09 NOTICE: data/video/ImpliHateVid/All/EX_365.mp4: Can't follow symlink without -L/--copy-links
2026/08/06 08:26:09 NOTICE: data/video/ImpliHateVid/All/EX_366.mp4: Can't follow symlink without -L/--copy-links
2026/08/06 08:26:09 NOTICE: data/video/ImpliHateVid/All/EX_367.mp4: Can't follow symlink without -L/--copy-links
2026/08/06 08:26:09 NOTICE: data/video/ImpliHateVid/All/EX_368.mp4: Can't follow symlink without -L/--copy-links
2026/08/06 08:26:09 NOTICE: data/video/ImpliHateVid/All/EX_369.mp4: Can't follow symlink without -L/--copy-links
2026/08/06 08:26:09 NOTICE: data/video/ImpliHateVid/All/EX_37.mp4: Can't follow symlink without -L/--copy-links
2026/08/06 08:26:09 NOTICE: data/video/ImpliHateVid/All/EX_370.mp4: Can't follow symlink without -L/--copy-links
2026/08/06 08:26:09 NOTICE: data/video/ImpliHateVid/All/EX_371.mp4: Can't follow symlink without -L/--copy-links
2026/08/06 08:26:09 NOTICE: data/video/ImpliHateVid/All/EX_372.mp4: Can't follow symlink without -L/--copy-links
2026/08/06 08:26:09 NOTICE: data/video/ImpliHateVid/All/EX_373.mp4: Can't follow symlink without -L/--copy-links
2026/08/06 08:26:09 NOTICE: data/video/ImpliHateVid/All/EX_374.mp4: Can't follow symlink without -L/--copy-links
2026/08/06 08:26:09 NOTICE: data/video/ImpliHateVid/All/EX_375.mp4: Can't follow symlink without -L/--copy-links
2026/08/06 08:26:09 NOTICE: data/video/ImpliHateVid/All/EX_376.mp4: Can't follow symlink without -L/--copy-links
2026/08/06 08:26:09 NOTICE: data/video/ImpliHateVid/All/EX_377.mp4: Can't follow symlink without -L/--copy-links
2026/08/06 08:26:09 NOTICE: data/video/ImpliHateVid/All/EX_378.mp4: Can't follow symlink without -L/--copy-links
2026/08/06 08:26:09 NOTICE: data/video/ImpliHateVid/All/EX_379.mp4: Can't follow symlink without -L/--copy-links
2026/08/06 08:26:09 NOTICE: data/video/ImpliHateVid/All/EX_38.mp4: Can't follow symlink without -L/--copy-links
2026/08/06 08:26:09 NOTICE: data/video/ImpliHateVid/All/EX_380.mp4: Can't follow symlink without -L/--copy-links
2026/08/06 08:26:09 NOTICE: data/video/ImpliHateVid/All/EX_381.mp4: Can't follow symlink without -L/--copy-links
2026/08/06 08:26:09 NOTICE: data/video/ImpliHateVid/All/EX_382.mp4: Can't follow symlink without -L/--copy-links
2026/08/06 08:26:09 NOTICE: data/video/ImpliHateVid/All/EX_383.mp4: Can't follow symlink without -L/--copy-links
2026/08/06 08:26:09 NOTICE: data/video/ImpliHateVid/All/EX_384.mp4: Can't follow symlink without -L/--copy-links
2026/08/06 08:26:09 NOTICE: data/video/ImpliHateVid/All/EX_385.mp4: Can't follow symlink without -L/--copy-links
2026/08/06 08:26:09 NOTICE: data/video/ImpliHateVid/All/EX_386.mp4: Can't follow symlink without -L/--copy-links
2026/08/06 08:26:09 NOTICE: data/video/ImpliHateVid/All/EX_387.mp4: Can't follow symlink without -L/--copy-links
2026/08/06 08:26:09 NOTICE: data/video/ImpliHateVid/All/EX_388.mp4: Can't follow symlink without -L/--copy-links
2026/08/06 08:26:09 NOTICE: data/video/ImpliHateVid/All/EX_389.mp4: Can't follow symlink without -L/--copy-links
2026/08/06 08:26:09 NOTICE: data/video/ImpliHateVid/All/EX_39.mp4: Can't follow symlink without -L/--copy-links
2026/08/06 08:26:09 NOTICE: data/video/ImpliHateVid/All/EX_390.mp4: Can't follow symlink without -L/--copy-links
2026/08/06 08:26:09 NOTICE: data/video/ImpliHateVid/All/EX_391.mp4: Can't follow symlink without -L/--copy-links
2026/08/06 08:26:09 NOTICE: data/video/ImpliHateVid/All/EX_392.mp4: Can't follow symlink without -L/--copy-links
2026/08/06 08:26:09 NOTICE: data/video/ImpliHateVid/All/EX_393.mp4: Can't follow symlink without -L/--copy-links
2026/08/06 08:26:09 NOTICE: data/video/ImpliHateVid/All/EX_394.mp4: Can't follow symlink without -L/--copy-links
2026/08/06 08:26:09 NOTICE: data/video/ImpliHateVid/All/EX_395.mp4: Can't follow symlink without -L/--copy-links
2026/08/06 08:26:09 NOTICE: data/video/ImpliHateVid/All/EX_396.mp4: Can't follow symlink without -L/--copy-links
2026/08/06 08:26:09 NOTICE: data/video/ImpliHateVid/All/EX_397.mp4: Can't follow symlink without -L/--copy-links
2026/08/06 08:26:09 NOTICE: data/video/ImpliHateVid/All/EX_398.mp4: Can't follow symlink without -L/--copy-links
2026/08/06 08:26:09 NOTICE: data/video/ImpliHateVid/All/EX_399.mp4: Can't follow symlink without -L/--copy-links
2026/08/06 08:26:09 NOTICE: data/video/ImpliHateVid/All/EX_4.mp4: Can't follow symlink without -L/--copy-links
2026/08/06 08:26:09 NOTICE: data/video/ImpliHateVid/All/EX_40.mp4: Can't follow symlink without -L/--copy-links
2026/08/06 08:26:09 NOTICE: data/video/ImpliHateVid/All/EX_400.mp4: Can't follow symlink without -L/--copy-links
2026/08/06 08:26:09 NOTICE: data/video/ImpliHateVid/All/EX_401.mp4: Can't follow symlink without -L/--copy-links
2026/08/06 08:26:09 NOTICE: data/video/ImpliHateVid/All/EX_402.mp4: Can't follow symlink without -L/--copy-links
2026/08/06 08:26:09 NOTICE: data/video/ImpliHateVid/All/EX_403.mp4: Can't follow symlink without -L/--copy-links
2026/08/06 08:26:09 NOTICE: data/video/ImpliHateVid/All/EX_404.mp4: Can't follow symlink without -L/--copy-links
2026/08/06 08:26:09 NOTICE: data/video/ImpliHateVid/All/EX_405.mp4: Can't follow symlink without -L/--copy-links
2026/08/06 08:26:09 NOTICE: data/video/ImpliHateVid/All/EX_406.mp4: Can't follow symlink without -L/--copy-links
2026/08/06 08:26:09 NOTICE: data/video/ImpliHateVid/All/EX_407.mp4: Can't follow symlink without -L/--copy-links
2026/08/06 08:26:09 NOTICE: data/video/ImpliHateVid/All/EX_408.mp4: Can't follow symlink without -L/--copy-links
2026/08/06 08:26:09 NOTICE: data/video/ImpliHateVid/All/EX_409.mp4: Can't follow symlink without -L/--copy-links
2026/08/06 08:26:09 NOTICE: data/video/ImpliHateVid/All/EX_41.mp4: Can't follow symlink without -L/--copy-links
2026/08/06 08:26:09 NOTICE: data/video/ImpliHateVid/All/EX_410.mp4: Can't follow symlink without -L/--copy-links
2026/08/06 08:26:09 NOTICE: data/video/ImpliHateVid/All/EX_411.mp4: Can't follow symlink without -L/--copy-links
2026/08/06 08:26:09 NOTICE: data/video/ImpliHateVid/All/EX_412.mp4: Can't follow symlink without -L/--copy-links
2026/08/06 08:26:09 NOTICE: data/video/ImpliHateVid/All/EX_413.mp4: Can't follow symlink without -L/--copy-links
2026/08/06 08:26:09 NOTICE: data/video/ImpliHateVid/All/EX_414.mp4: Can't follow symlink without -L/--copy-links
2026/08/06 08:26:09 NOTICE: data/video/ImpliHateVid/All/EX_415.mp4: Can't follow symlink without -L/--copy-links
2026/08/06 08:26:09 NOTICE: data/video/ImpliHateVid/All/EX_416.mp4: Can't follow symlink without -L/--copy-links
2026/08/06 08:26:09 NOTICE: data/video/ImpliHateVid/All/EX_417.mp4: Can't follow symlink without -L/--copy-links
2026/08/06 08:26:09 NOTICE: data/video/ImpliHateVid/All/EX_418.mp4: Can't follow symlink without -L/--copy-links
2026/08/06 08:26:09 NOTICE: data/video/ImpliHateVid/All/EX_419.mp4: Can't follow symlink without -L/--copy-links
2026/08/06 08:26:09 NOTICE: data/video/ImpliHateVid/All/EX_42.mp4: Can't follow symlink without -L/--copy-links
2026/08/06 08:26:09 NOTICE: data/video/ImpliHateVid/All/EX_420.mp4: Can't follow symlink without -L/--copy-links
2026/08/06 08:26:09 NOTICE: data/video/ImpliHateVid/All/EX_421.mp4: Can't follow symlink without -L/--copy-links
2026/08/06 08:26:09 NOTICE: data/video/ImpliHateVid/All/EX_422.mp4: Can't follow symlink without -L/--copy-links
2026/08/06 08:26:09 NOTICE: data/video/ImpliHateVid/All/EX_423.mp4: Can't follow symlink without -L/--copy-links
2026/08/06 08:26:09 NOTICE: data/video/ImpliHateVid/All/EX_424.mp4: Can't follow symlink without -L/--copy-links
2026/08/06 08:26:09 NOTICE: data/video/ImpliHateVid/All/EX_425.mp4: Can't follow symlink without -L/--copy-links
2026/08/06 08:26:09 NOTICE: data/video/ImpliHateVid/All/EX_426.mp4: Can't follow symlink without -L/--copy-links
2026/08/06 08:26:09 NOTICE: data/video/ImpliHateVid/All/EX_427.mp4: Can't follow symlink without -L/--copy-links
2026/08/06 08:26:09 NOTICE: data/video/ImpliHateVid/All/EX_428.mp4: Can't follow symlink without -L/--copy-links
2026/08/06 08:26:09 NOTICE: data/video/ImpliHateVid/All/EX_429.mp4: Can't follow symlink without -L/--copy-links
2026/08/06 08:26:09 NOTICE: data/video/ImpliHateVid/All/EX_43.mp4: Can't follow symlink without -L/--copy-links
2026/08/06 08:26:09 NOTICE: data/video/ImpliHateVid/All/EX_430.mp4: Can't follow symlink without -L/--copy-links
2026/08/06 08:26:09 NOTICE: data/video/ImpliHateVid/All/EX_431.mp4: Can't follow symlink without -L/--copy-links
2026/08/06 08:26:09 NOTICE: data/video/ImpliHateVid/All/EX_432.mp4: Can't follow symlink without -L/--copy-links
2026/08/06 08:26:09 NOTICE: data/video/ImpliHateVid/All/EX_433.mp4: Can't follow symlink without -L/--copy-links
2026/08/06 08:26:09 NOTICE: data/video/ImpliHateVid/All/EX_434.mp4: Can't follow symlink without -L/--copy-links
2026/08/06 08:26:09 NOTICE: data/video/ImpliHateVid/All/EX_435.mp4: Can't follow symlink without -L/--copy-links
2026/08/06 08:26:09 NOTICE: data/video/ImpliHateVid/All/EX_436.mp4: Can't follow symlink without -L/--copy-links
2026/08/06 08:26:09 NOTICE: data/video/ImpliHateVid/All/EX_437.mp4: Can't follow symlink without -L/--copy-links
2026/08/06 08:26:09 NOTICE: data/video/ImpliHateVid/All/EX_438.mp4: Can't follow symlink without -L/--copy-links
2026/08/06 08:26:09 NOTICE: data/video/ImpliHateVid/All/EX_439.mp4: Can't follow symlink without -L/--copy-links
2026/08/06 08:26:09 NOTICE: data/video/ImpliHateVid/All/EX_44.mp4: Can't follow symlink without -L/--copy-links
2026/08/06 08:26:09 NOTICE: data/video/ImpliHateVid/All/EX_440.mp4: Can't follow symlink without -L/--copy-links
2026/08/06 08:26:09 NOTICE: data/video/ImpliHateVid/All/EX_441.mp4: Can't follow symlink without -L/--copy-links
2026/08/06 08:26:09 NOTICE: data/video/ImpliHateVid/All/EX_442.mp4: Can't follow symlink without -L/--copy-links
2026/08/06 08:26:09 NOTICE: data/video/ImpliHateVid/All/EX_443.mp4: Can't follow symlink without -L/--copy-links
2026/08/06 08:26:09 NOTICE: data/video/ImpliHateVid/All/EX_444.mp4: Can't follow symlink without -L/--copy-links
2026/08/06 08:26:09 NOTICE: data/video/ImpliHateVid/All/EX_445.mp4: Can't follow symlink without -L/--copy-links
2026/08/06 08:26:09 NOTICE: data/video/ImpliHateVid/All/EX_446.mp4: Can't follow symlink without -L/--copy-links
2026/08/06 08:26:09 NOTICE: data/video/ImpliHateVid/All/EX_447.mp4: Can't follow symlink without -L/--copy-links
2026/08/06 08:26:09 NOTICE: data/video/ImpliHateVid/All/EX_448.mp4: Can't follow symlink without -L/--copy-links
2026/08/06 08:26:09 NOTICE: data/video/ImpliHateVid/All/EX_449.mp4: Can't follow symlink without -L/--copy-links
2026/08/06 08:26:09 NOTICE: data/video/ImpliHateVid/All/EX_45.mp4: Can't follow symlink without -L/--copy-links
2026/08/06 08:26:09 NOTICE: data/video/ImpliHateVid/All/EX_450.mp4: Can't follow symlink without -L/--copy-links
2026/08/06 08:26:09 NOTICE: data/video/ImpliHateVid/All/EX_451.mp4: Can't follow symlink without -L/--copy-links
2026/08/06 08:26:09 NOTICE: data/video/ImpliHateVid/All/EX_452.mp4: Can't follow symlink without -L/--copy-links
2026/08/06 08:26:09 NOTICE: data/video/ImpliHateVid/All/EX_453.mp4: Can't follow symlink without -L/--copy-links
2026/08/06 08:26:09 NOTICE: data/video/ImpliHateVid/All/EX_454.mp4: Can't follow symlink without -L/--copy-links
2026/08/06 08:26:09 NOTICE: data/video/ImpliHateVid/All/EX_455.mp4: Can't follow symlink without -L/--copy-links
2026/08/06 08:26:09 NOTICE: data/video/ImpliHateVid/All/EX_456.mp4: Can't follow symlink without -L/--copy-links
2026/08/06 08:26:09 NOTICE: data/video/ImpliHateVid/All/EX_457.mp4: Can't follow symlink without -L/--copy-links
2026/08/06 08:26:09 NOTICE: data/video/ImpliHateVid/All/EX_458.mp4: Can't follow symlink without -L/--copy-links
2026/08/06 08:26:09 NOTICE: data/video/ImpliHateVid/All/EX_459.mp4: Can't follow symlink without -L/--copy-links
2026/08/06 08:26:09 NOTICE: data/video/ImpliHateVid/All/EX_46.mp4: Can't follow symlink without -L/--copy-links
2026/08/06 08:26:09 NOTICE: data/video/ImpliHateVid/All/EX_460.mp4: Can't follow symlink without -L/--copy-links
2026/08/06 08:26:09 NOTICE: data/video/ImpliHateVid/All/EX_461.mp4: Can't follow symlink without -L/--copy-links
2026/08/06 08:26:09 NOTICE: data/video/ImpliHateVid/All/EX_462.mp4: Can't follow symlink without -L/--copy-links
2026/08/06 08:26:09 NOTICE: data/video/ImpliHateVid/All/EX_463.mp4: Can't follow symlink without -L/--copy-links
2026/08/06 08:26:09 NOTICE: data/video/ImpliHateVid/All/EX_464.mp4: Can't follow symlink without -L/--copy-links
2026/08/06 08:26:09 NOTICE: data/video/ImpliHateVid/All/EX_465.mp4: Can't follow symlink without -L/--copy-links
2026/08/06 08:26:09 NOTICE: data/video/ImpliHateVid/All/EX_466.mp4: Can't follow symlink without -L/--copy-links
2026/08/06 08:26:09 NOTICE: data/video/ImpliHateVid/All/EX_467.mp4: Can't follow symlink without -L/--copy-links
2026/08/06 08:26:09 NOTICE: data/video/ImpliHateVid/All/EX_468.mp4: Can't follow symlink without -L/--copy-links
2026/08/06 08:26:09 NOTICE: data/video/ImpliHateVid/All/EX_469.mp4: Can't follow symlink without -L/--copy-links
2026/08/06 08:26:09 NOTICE: data/video/ImpliHateVid/All/EX_47.mp4: Can't follow symlink without -L/--copy-links
2026/08/06 08:26:09 NOTICE: data/video/ImpliHateVid/All/EX_470.mp4: Can't follow symlink without -L/--copy-links
2026/08/06 08:26:09 NOTICE: data/video/ImpliHateVid/All/EX_471.mp4: Can't follow symlink without -L/--copy-links
2026/08/06 08:26:09 NOTICE: data/video/ImpliHateVid/All/EX_472.mp4: Can't follow symlink without -L/--copy-links
2026/08/06 08:26:09 NOTICE: data/video/ImpliHateVid/All/EX_473.mp4: Can't follow symlink without -L/--copy-links
2026/08/06 08:26:09 NOTICE: data/video/ImpliHateVid/All/EX_474.mp4: Can't follow symlink without -L/--copy-links
2026/08/06 08:26:09 NOTICE: data/video/ImpliHateVid/All/EX_475.mp4: Can't follow symlink without -L/--copy-links
2026/08/06 08:26:09 NOTICE: data/video/ImpliHateVid/All/EX_476.mp4: Can't follow symlink without -L/--copy-links
2026/08/06 08:26:09 NOTICE: data/video/ImpliHateVid/All/EX_477.mp4: Can't follow symlink without -L/--copy-links
2026/08/06 08:26:09 NOTICE: data/video/ImpliHateVid/All/EX_478.mp4: Can't follow symlink without -L/--copy-links
2026/08/06 08:26:09 NOTICE: data/video/ImpliHateVid/All/EX_479.mp4: Can't follow symlink without -L/--copy-links
2026/08/06 08:26:09 NOTICE: data/video/ImpliHateVid/All/EX_48.mp4: Can't follow symlink without -L/--copy-links
2026/08/06 08:26:09 NOTICE: data/video/ImpliHateVid/All/EX_480.mp4: Can't follow symlink without -L/--copy-links
2026/08/06 08:26:09 NOTICE: data/video/ImpliHateVid/All/EX_481.mp4: Can't follow symlink without -L/--copy-links
2026/08/06 08:26:09 NOTICE: data/video/ImpliHateVid/All/EX_482.mp4: Can't follow symlink without -L/--copy-links
2026/08/06 08:26:09 NOTICE: data/video/ImpliHateVid/All/EX_483.mp4: Can't follow symlink without -L/--copy-links
2026/08/06 08:26:09 NOTICE: data/video/ImpliHateVid/All/EX_484.mp4: Can't follow symlink without -L/--copy-links
2026/08/06 08:26:09 NOTICE: data/video/ImpliHateVid/All/EX_485.mp4: Can't follow symlink without -L/--copy-links
2026/08/06 08:26:09 NOTICE: data/video/ImpliHateVid/All/EX_486.mp4: Can't follow symlink without -L/--copy-links
2026/08/06 08:26:09 NOTICE: data/video/ImpliHateVid/All/EX_487.mp4: Can't follow symlink without -L/--copy-links
2026/08/06 08:26:09 NOTICE: data/video/ImpliHateVid/All/EX_488.mp4: Can't follow symlink without -L/--copy-links
2026/08/06 08:26:09 NOTICE: data/video/ImpliHateVid/All/EX_489.mp4: Can't follow symlink without -L/--copy-links
2026/08/06 08:26:09 NOTICE: data/video/ImpliHateVid/All/EX_49.mp4: Can't follow symlink without -L/--copy-links
2026/08/06 08:26:09 NOTICE: data/video/ImpliHateVid/All/EX_490.mp4: Can't follow symlink without -L/--copy-links
2026/08/06 08:26:09 NOTICE: data/video/ImpliHateVid/All/EX_491.mp4: Can't follow symlink without -L/--copy-links
2026/08/06 08:26:09 NOTICE: data/video/ImpliHateVid/All/EX_492.mp4: Can't follow symlink without -L/--copy-links
2026/08/06 08:26:09 NOTICE: data/video/ImpliHateVid/All/EX_493.mp4: Can't follow symlink without -L/--copy-links
2026/08/06 08:26:09 NOTICE: data/video/ImpliHateVid/All/EX_494.mp4: Can't follow symlink without -L/--copy-links
2026/08/06 08:26:09 NOTICE: data/video/ImpliHateVid/All/EX_495.mp4: Can't follow symlink without -L/--copy-links
2026/08/06 08:26:09 NOTICE: data/video/ImpliHateVid/All/EX_496.mp4: Can't follow symlink without -L/--copy-links
2026/08/06 08:26:09 NOTICE: data/video/ImpliHateVid/All/EX_497.mp4: Can't follow symlink without -L/--copy-links
2026/08/06 08:26:09 NOTICE: data/video/ImpliHateVid/All/EX_498.mp4: Can't follow symlink without -L/--copy-links
2026/08/06 08:26:09 NOTICE: data/video/ImpliHateVid/All/EX_499.mp4: Can't follow symlink without -L/--copy-links
2026/08/06 08:26:09 NOTICE: data/video/ImpliHateVid/All/EX_5.mp4: Can't follow symlink without -L/--copy-links
2026/08/06 08:26:09 NOTICE: data/video/ImpliHateVid/All/EX_50.mp4: Can't follow symlink without -L/--copy-links
2026/08/06 08:26:09 NOTICE: data/video/ImpliHateVid/All/EX_500.mp4: Can't follow symlink without -L/--copy-links
2026/08/06 08:26:09 NOTICE: data/video/ImpliHateVid/All/EX_51.mp4: Can't follow symlink without -L/--copy-links
2026/08/06 08:26:09 NOTICE: data/video/ImpliHateVid/All/EX_52.mp4: Can't follow symlink without -L/--copy-links
2026/08/06 08:26:09 NOTICE: data/video/ImpliHateVid/All/EX_53.mp4: Can't follow symlink without -L/--copy-links
2026/08/06 08:26:09 NOTICE: data/video/ImpliHateVid/All/EX_54.mp4: Can't follow symlink without -L/--copy-links
2026/08/06 08:26:09 NOTICE: data/video/ImpliHateVid/All/EX_55.mp4: Can't follow symlink without -L/--copy-links
2026/08/06 08:26:09 NOTICE: data/video/ImpliHateVid/All/EX_56.mp4: Can't follow symlink without -L/--copy-links
2026/08/06 08:26:09 NOTICE: data/video/ImpliHateVid/All/EX_57.mp4: Can't follow symlink without -L/--copy-links
2026/08/06 08:26:09 NOTICE: data/video/ImpliHateVid/All/EX_58.mp4: Can't follow symlink without -L/--copy-links
2026/08/06 08:26:09 NOTICE: data/video/ImpliHateVid/All/EX_59.mp4: Can't follow symlink without -L/--copy-links
2026/08/06 08:26:09 NOTICE: data/video/ImpliHateVid/All/EX_6.mp4: Can't follow symlink without -L/--copy-links
2026/08/06 08:26:09 NOTICE: data/video/ImpliHateVid/All/EX_60.mp4: Can't follow symlink without -L/--copy-links
2026/08/06 08:26:09 NOTICE: data/video/ImpliHateVid/All/EX_61.mp4: Can't follow symlink without -L/--copy-links
2026/08/06 08:26:09 NOTICE: data/video/ImpliHateVid/All/EX_62.mp4: Can't follow symlink without -L/--copy-links
2026/08/06 08:26:09 NOTICE: data/video/ImpliHateVid/All/EX_63.mp4: Can't follow symlink without -L/--copy-links
2026/08/06 08:26:09 NOTICE: data/video/ImpliHateVid/All/EX_64.mp4: Can't follow symlink without -L/--copy-links
2026/08/06 08:26:09 NOTICE: data/video/ImpliHateVid/All/EX_65.mp4: Can't follow symlink without -L/--copy-links
2026/08/06 08:26:09 NOTICE: data/video/ImpliHateVid/All/EX_66.mp4: Can't follow symlink without -L/--copy-links
2026/08/06 08:26:09 NOTICE: data/video/ImpliHateVid/All/EX_67.mp4: Can't follow symlink without -L/--copy-links
2026/08/06 08:26:09 NOTICE: data/video/ImpliHateVid/All/EX_68.mp4: Can't follow symlink without -L/--copy-links
2026/08/06 08:26:09 NOTICE: data/video/ImpliHateVid/All/EX_69.mp4: Can't follow symlink without -L/--copy-links
2026/08/06 08:26:09 NOTICE: data/video/ImpliHateVid/All/EX_7.mp4: Can't follow symlink without -L/--copy-links
2026/08/06 08:26:09 NOTICE: data/video/ImpliHateVid/All/EX_70.mp4: Can't follow symlink without -L/--copy-links
2026/08/06 08:26:09 NOTICE: data/video/ImpliHateVid/All/EX_71.mp4: Can't follow symlink without -L/--copy-links
2026/08/06 08:26:09 NOTICE: data/video/ImpliHateVid/All/EX_72.mp4: Can't follow symlink without -L/--copy-links
2026/08/06 08:26:09 NOTICE: data/video/ImpliHateVid/All/EX_73.mp4: Can't follow symlink without -L/--copy-links
2026/08/06 08:26:09 NOTICE: data/video/ImpliHateVid/All/EX_74.mp4: Can't follow symlink without -L/--copy-links
2026/08/06 08:26:09 NOTICE: data/video/ImpliHateVid/All/EX_75.mp4: Can't follow symlink without -L/--copy-links
2026/08/06 08:26:09 NOTICE: data/video/ImpliHateVid/All/EX_76.mp4: Can't follow symlink without -L/--copy-links
2026/08/06 08:26:09 NOTICE: data/video/ImpliHateVid/All/EX_77.mp4: Can't follow symlink without -L/--copy-links
2026/08/06 08:26:09 NOTICE: data/video/ImpliHateVid/All/EX_78.mp4: Can't follow symlink without -L/--copy-links
2026/08/06 08:26:09 NOTICE: data/video/ImpliHateVid/All/EX_79.mp4: Can't follow symlink without -L/--copy-links
2026/08/06 08:26:09 NOTICE: data/video/ImpliHateVid/All/EX_8.mp4: Can't follow symlink without -L/--copy-links
2026/08/06 08:26:09 NOTICE: data/video/ImpliHateVid/All/EX_80.mp4: Can't follow symlink without -L/--copy-links
2026/08/06 08:26:09 NOTICE: data/video/ImpliHateVid/All/EX_81.mp4: Can't follow symlink without -L/--copy-links
2026/08/06 08:26:09 NOTICE: data/video/ImpliHateVid/All/EX_82.mp4: Can't follow symlink without -L/--copy-links
2026/08/06 08:26:09 NOTICE: data/video/ImpliHateVid/All/EX_83.mp4: Can't follow symlink without -L/--copy-links
2026/08/06 08:26:09 NOTICE: data/video/ImpliHateVid/All/EX_84.mp4: Can't follow symlink without -L/--copy-links
2026/08/06 08:26:09 NOTICE: data/video/ImpliHateVid/All/EX_85.mp4: Can't follow symlink without -L/--copy-links
2026/08/06 08:26:09 NOTICE: data/video/ImpliHateVid/All/EX_86.mp4: Can't follow symlink without -L/--copy-links
2026/08/06 08:26:09 NOTICE: data/video/ImpliHateVid/All/EX_87.mp4: Can't follow symlink without -L/--copy-links
2026/08/06 08:26:09 NOTICE: data/video/ImpliHateVid/All/EX_88.mp4: Can't follow symlink without -L/--copy-links
2026/08/06 08:26:09 NOTICE: data/video/ImpliHateVid/All/EX_89.mp4: Can't follow symlink without -L/--copy-links
2026/08/06 08:26:09 NOTICE: data/video/ImpliHateVid/All/EX_9.mp4: Can't follow symlink without -L/--copy-links
2026/08/06 08:26:09 NOTICE: data/video/ImpliHateVid/All/EX_90.mp4: Can't follow symlink without -L/--copy-links
2026/08/06 08:26:09 NOTICE: data/video/ImpliHateVid/All/EX_91.mp4: Can't follow symlink without -L/--copy-links
2026/08/06 08:26:09 NOTICE: data/video/ImpliHateVid/All/EX_92.mp4: Can't follow symlink without -L/--copy-links
2026/08/06 08:26:09 NOTICE: data/video/ImpliHateVid/All/EX_93.mp4: Can't follow symlink without -L/--copy-links
2026/08/06 08:26:09 NOTICE: data/video/ImpliHateVid/All/EX_94.mp4: Can't follow symlink without -L/--copy-links
2026/08/06 08:26:09 NOTICE: data/video/ImpliHateVid/All/EX_95.mp4: Can't follow symlink without -L/--copy-links
2026/08/06 08:26:09 NOTICE: data/video/ImpliHateVid/All/EX_96.mp4: Can't follow symlink without -L/--copy-links
2026/08/06 08:26:09 NOTICE: data/video/ImpliHateVid/All/EX_97.mp4: Can't follow symlink without -L/--copy-links
2026/08/06 08:26:09 NOTICE: data/video/ImpliHateVid/All/EX_98.mp4: Can't follow symlink without -L/--copy-links
2026/08/06 08:26:09 NOTICE: data/video/ImpliHateVid/All/EX_99.mp4: Can't follow symlink without -L/--copy-links
2026/08/06 08:26:09 NOTICE: data/video/ImpliHateVid/All/IM_1.mp4: Can't follow symlink without -L/--copy-links
2026/08/06 08:26:09 NOTICE: data/video/ImpliHateVid/All/IM_10.mp4: Can't follow symlink without -L/--copy-links
2026/08/06 08:26:09 NOTICE: data/video/ImpliHateVid/All/IM_100.mp4: Can't follow symlink without -L/--copy-links
2026/08/06 08:26:09 NOTICE: data/video/ImpliHateVid/All/IM_101.mp4: Can't follow symlink without -L/--copy-links
2026/08/06 08:26:09 NOTICE: data/video/ImpliHateVid/All/IM_102.mp4: Can't follow symlink without -L/--copy-links
2026/08/06 08:26:09 NOTICE: data/video/ImpliHateVid/All/IM_103.mp4: Can't follow symlink without -L/--copy-links
2026/08/06 08:26:09 NOTICE: data/video/ImpliHateVid/All/IM_104.mp4: Can't follow symlink without -L/--copy-links
2026/08/06 08:26:09 NOTICE: data/video/ImpliHateVid/All/IM_105.mp4: Can't follow symlink without -L/--copy-links
2026/08/06 08:26:09 NOTICE: data/video/ImpliHateVid/All/IM_106.mp4: Can't follow symlink without -L/--copy-links
2026/08/06 08:26:09 NOTICE: data/video/ImpliHateVid/All/IM_107.mp4: Can't follow symlink without -L/--copy-links
2026/08/06 08:26:09 NOTICE: data/video/ImpliHateVid/All/IM_108.mp4: Can't follow symlink without -L/--copy-links
2026/08/06 08:26:09 NOTICE: data/video/ImpliHateVid/All/IM_109.mp4: Can't follow symlink without -L/--copy-links
2026/08/06 08:26:09 NOTICE: data/video/ImpliHateVid/All/IM_11.mp4: Can't follow symlink without -L/--copy-links
2026/08/06 08:26:09 NOTICE: data/video/ImpliHateVid/All/IM_110.mp4: Can't follow symlink without -L/--copy-links
2026/08/06 08:26:09 NOTICE: data/video/ImpliHateVid/All/IM_111.mp4: Can't follow symlink without -L/--copy-links
2026/08/06 08:26:09 NOTICE: data/video/ImpliHateVid/All/IM_112.mp4: Can't follow symlink without -L/--copy-links
2026/08/06 08:26:09 NOTICE: data/video/ImpliHateVid/All/IM_113.mp4: Can't follow symlink without -L/--copy-links
2026/08/06 08:26:09 NOTICE: data/video/ImpliHateVid/All/IM_114.mp4: Can't follow symlink without -L/--copy-links
2026/08/06 08:26:09 NOTICE: data/video/ImpliHateVid/All/IM_115.mp4: Can't follow symlink without -L/--copy-links
2026/08/06 08:26:09 NOTICE: data/video/ImpliHateVid/All/IM_116.mp4: Can't follow symlink without -L/--copy-links
2026/08/06 08:26:09 NOTICE: data/video/ImpliHateVid/All/IM_117.mp4: Can't follow symlink without -L/--copy-links
2026/08/06 08:26:09 NOTICE: data/video/ImpliHateVid/All/IM_118.mp4: Can't follow symlink without -L/--copy-links
2026/08/06 08:26:09 NOTICE: data/video/ImpliHateVid/All/IM_119.mp4: Can't follow symlink without -L/--copy-links
2026/08/06 08:26:09 NOTICE: data/video/ImpliHateVid/All/IM_12.mp4: Can't follow symlink without -L/--copy-links
2026/08/06 08:26:09 NOTICE: data/video/ImpliHateVid/All/IM_120.mp4: Can't follow symlink without -L/--copy-links
2026/08/06 08:26:09 NOTICE: data/video/ImpliHateVid/All/IM_121.mp4: Can't follow symlink without -L/--copy-links
2026/08/06 08:26:09 NOTICE: data/video/ImpliHateVid/All/IM_122.mp4: Can't follow symlink without -L/--copy-links
2026/08/06 08:26:09 NOTICE: data/video/ImpliHateVid/All/IM_123.mp4: Can't follow symlink without -L/--copy-links
2026/08/06 08:26:09 NOTICE: data/video/ImpliHateVid/All/IM_124.mp4: Can't follow symlink without -L/--copy-links
2026/08/06 08:26:09 NOTICE: data/video/ImpliHateVid/All/IM_125.mp4: Can't follow symlink without -L/--copy-links
2026/08/06 08:26:09 NOTICE: data/video/ImpliHateVid/All/IM_126.mp4: Can't follow symlink without -L/--copy-links
2026/08/06 08:26:09 NOTICE: data/video/ImpliHateVid/All/IM_127.mp4: Can't follow symlink without -L/--copy-links
2026/08/06 08:26:09 NOTICE: data/video/ImpliHateVid/All/IM_128.mp4: Can't follow symlink without -L/--copy-links
2026/08/06 08:26:09 NOTICE: data/video/ImpliHateVid/All/IM_129.mp4: Can't follow symlink without -L/--copy-links
2026/08/06 08:26:09 NOTICE: data/video/ImpliHateVid/All/IM_13.mp4: Can't follow symlink without -L/--copy-links
2026/08/06 08:26:09 NOTICE: data/video/ImpliHateVid/All/IM_130.mp4: Can't follow symlink without -L/--copy-links
2026/08/06 08:26:09 NOTICE: data/video/ImpliHateVid/All/IM_131.mp4: Can't follow symlink without -L/--copy-links
2026/08/06 08:26:09 NOTICE: data/video/ImpliHateVid/All/IM_132.mp4: Can't follow symlink without -L/--copy-links
2026/08/06 08:26:09 NOTICE: data/video/ImpliHateVid/All/IM_133.mp4: Can't follow symlink without -L/--copy-links
2026/08/06 08:26:09 NOTICE: data/video/ImpliHateVid/All/IM_134.mp4: Can't follow symlink without -L/--copy-links
2026/08/06 08:26:09 NOTICE: data/video/ImpliHateVid/All/IM_135.mp4: Can't follow symlink without -L/--copy-links
2026/08/06 08:26:09 NOTICE: data/video/ImpliHateVid/All/IM_136.mp4: Can't follow symlink without -L/--copy-links
2026/08/06 08:26:09 NOTICE: data/video/ImpliHateVid/All/IM_137.mp4: Can't follow symlink without -L/--copy-links
2026/08/06 08:26:09 NOTICE: data/video/ImpliHateVid/All/IM_138.mp4: Can't follow symlink without -L/--copy-links
2026/08/06 08:26:09 NOTICE: data/video/ImpliHateVid/All/IM_139.mp4: Can't follow symlink without -L/--copy-links
2026/08/06 08:26:09 NOTICE: data/video/ImpliHateVid/All/IM_14.mp4: Can't follow symlink without -L/--copy-links
2026/08/06 08:26:09 NOTICE: data/video/ImpliHateVid/All/IM_140.mp4: Can't follow symlink without -L/--copy-links
2026/08/06 08:26:09 NOTICE: data/video/ImpliHateVid/All/IM_141.mp4: Can't follow symlink without -L/--copy-links
2026/08/06 08:26:09 NOTICE: data/video/ImpliHateVid/All/IM_142.mp4: Can't follow symlink without -L/--copy-links
2026/08/06 08:26:09 NOTICE: data/video/ImpliHateVid/All/IM_143.mp4: Can't follow symlink without -L/--copy-links
2026/08/06 08:26:09 NOTICE: data/video/ImpliHateVid/All/IM_144.mp4: Can't follow symlink without -L/--copy-links
2026/08/06 08:26:09 NOTICE: data/video/ImpliHateVid/All/IM_145.mp4: Can't follow symlink without -L/--copy-links
2026/08/06 08:26:09 NOTICE: data/video/ImpliHateVid/All/IM_146.mp4: Can't follow symlink without -L/--copy-links
2026/08/06 08:26:09 NOTICE: data/video/ImpliHateVid/All/IM_147.mp4: Can't follow symlink without -L/--copy-links
2026/08/06 08:26:09 NOTICE: data/video/ImpliHateVid/All/IM_148.mp4: Can't follow symlink without -L/--copy-links
2026/08/06 08:26:09 NOTICE: data/video/ImpliHateVid/All/IM_149.mp4: Can't follow symlink without -L/--copy-links
2026/08/06 08:26:09 NOTICE: data/video/ImpliHateVid/All/IM_15.mp4: Can't follow symlink without -L/--copy-links
2026/08/06 08:26:09 NOTICE: data/video/ImpliHateVid/All/IM_150.mp4: Can't follow symlink without -L/--copy-links
2026/08/06 08:26:09 NOTICE: data/video/ImpliHateVid/All/IM_151.mp4: Can't follow symlink without -L/--copy-links
2026/08/06 08:26:09 NOTICE: data/video/ImpliHateVid/All/IM_152.mp4: Can't follow symlink without -L/--copy-links
2026/08/06 08:26:09 NOTICE: data/video/ImpliHateVid/All/IM_153.mp4: Can't follow symlink without -L/--copy-links
2026/08/06 08:26:09 NOTICE: data/video/ImpliHateVid/All/IM_154.mp4: Can't follow symlink without -L/--copy-links
2026/08/06 08:26:09 NOTICE: data/video/ImpliHateVid/All/IM_155.mp4: Can't follow symlink without -L/--copy-links
2026/08/06 08:26:09 NOTICE: data/video/ImpliHateVid/All/IM_156.mp4: Can't follow symlink without -L/--copy-links
2026/08/06 08:26:09 NOTICE: data/video/ImpliHateVid/All/IM_157.mp4: Can't follow symlink without -L/--copy-links
2026/08/06 08:26:09 NOTICE: data/video/ImpliHateVid/All/IM_158.mp4: Can't follow symlink without -L/--copy-links
2026/08/06 08:26:09 NOTICE: data/video/ImpliHateVid/All/IM_159.mp4: Can't follow symlink without -L/--copy-links
2026/08/06 08:26:09 NOTICE: data/video/ImpliHateVid/All/IM_16.mp4: Can't follow symlink without -L/--copy-links
2026/08/06 08:26:09 NOTICE: data/video/ImpliHateVid/All/IM_160.mp4: Can't follow symlink without -L/--copy-links
2026/08/06 08:26:09 NOTICE: data/video/ImpliHateVid/All/IM_161.mp4: Can't follow symlink without -L/--copy-links
2026/08/06 08:26:09 NOTICE: data/video/ImpliHateVid/All/IM_162.mp4: Can't follow symlink without -L/--copy-links
2026/08/06 08:26:09 NOTICE: data/video/ImpliHateVid/All/IM_163.mp4: Can't follow symlink without -L/--copy-links
2026/08/06 08:26:09 NOTICE: data/video/ImpliHateVid/All/IM_164.mp4: Can't follow symlink without -L/--copy-links
2026/08/06 08:26:09 NOTICE: data/video/ImpliHateVid/All/IM_165.mp4: Can't follow symlink without -L/--copy-links
2026/08/06 08:26:09 NOTICE: data/video/ImpliHateVid/All/IM_166.mp4: Can't follow symlink without -L/--copy-links
2026/08/06 08:26:09 NOTICE: data/video/ImpliHateVid/All/IM_167.mp4: Can't follow symlink without -L/--copy-links
2026/08/06 08:26:09 NOTICE: data/video/ImpliHateVid/All/IM_168.mp4: Can't follow symlink without -L/--copy-links
2026/08/06 08:26:09 NOTICE: data/video/ImpliHateVid/All/IM_169.mp4: Can't follow symlink without -L/--copy-links
2026/08/06 08:26:09 NOTICE: data/video/ImpliHateVid/All/IM_17.mp4: Can't follow symlink without -L/--copy-links
2026/08/06 08:26:09 NOTICE: data/video/ImpliHateVid/All/IM_170.mp4: Can't follow symlink without -L/--copy-links
2026/08/06 08:26:09 NOTICE: data/video/ImpliHateVid/All/IM_171.mp4: Can't follow symlink without -L/--copy-links
2026/08/06 08:26:09 NOTICE: data/video/ImpliHateVid/All/IM_172.mp4: Can't follow symlink without -L/--copy-links
2026/08/06 08:26:09 NOTICE: data/video/ImpliHateVid/All/IM_173.mp4: Can't follow symlink without -L/--copy-links
2026/08/06 08:26:09 NOTICE: data/video/ImpliHateVid/All/IM_174.mp4: Can't follow symlink without -L/--copy-links
2026/08/06 08:26:09 NOTICE: data/video/ImpliHateVid/All/IM_175.mp4: Can't follow symlink without -L/--copy-links
2026/08/06 08:26:09 NOTICE: data/video/ImpliHateVid/All/IM_176.mp4: Can't follow symlink without -L/--copy-links
2026/08/06 08:26:09 NOTICE: data/video/ImpliHateVid/All/IM_177.mp4: Can't follow symlink without -L/--copy-links
2026/08/06 08:26:09 NOTICE: data/video/ImpliHateVid/All/IM_178.mp4: Can't follow symlink without -L/--copy-links
2026/08/06 08:26:09 NOTICE: data/video/ImpliHateVid/All/IM_179.mp4: Can't follow symlink without -L/--copy-links
2026/08/06 08:26:09 NOTICE: data/video/ImpliHateVid/All/IM_18.mp4: Can't follow symlink without -L/--copy-links
2026/08/06 08:26:09 NOTICE: data/video/ImpliHateVid/All/IM_180.mp4: Can't follow symlink without -L/--copy-links
2026/08/06 08:26:09 NOTICE: data/video/ImpliHateVid/All/IM_181.mp4: Can't follow symlink without -L/--copy-links
2026/08/06 08:26:09 NOTICE: data/video/ImpliHateVid/All/IM_182.mp4: Can't follow symlink without -L/--copy-links
2026/08/06 08:26:09 NOTICE: data/video/ImpliHateVid/All/IM_183.mp4: Can't follow symlink without -L/--copy-links
2026/08/06 08:26:09 NOTICE: data/video/ImpliHateVid/All/IM_184.mp4: Can't follow symlink without -L/--copy-links
2026/08/06 08:26:09 NOTICE: data/video/ImpliHateVid/All/IM_185.mp4: Can't follow symlink without -L/--copy-links
2026/08/06 08:26:09 NOTICE: data/video/ImpliHateVid/All/IM_186.mp4: Can't follow symlink without -L/--copy-links
2026/08/06 08:26:09 NOTICE: data/video/ImpliHateVid/All/IM_187.mp4: Can't follow symlink without -L/--copy-links
2026/08/06 08:26:09 NOTICE: data/video/ImpliHateVid/All/IM_188.mp4: Can't follow symlink without -L/--copy-links
2026/08/06 08:26:09 NOTICE: data/video/ImpliHateVid/All/IM_189.mp4: Can't follow symlink without -L/--copy-links
2026/08/06 08:26:09 NOTICE: data/video/ImpliHateVid/All/IM_19.mp4: Can't follow symlink without -L/--copy-links
2026/08/06 08:26:09 NOTICE: data/video/ImpliHateVid/All/IM_190.mp4: Can't follow symlink without -L/--copy-links
2026/08/06 08:26:09 NOTICE: data/video/ImpliHateVid/All/IM_191.mp4: Can't follow symlink without -L/--copy-links
2026/08/06 08:26:09 NOTICE: data/video/ImpliHateVid/All/IM_192.mp4: Can't follow symlink without -L/--copy-links
2026/08/06 08:26:09 NOTICE: data/video/ImpliHateVid/All/IM_193.mp4: Can't follow symlink without -L/--copy-links
2026/08/06 08:26:09 NOTICE: data/video/ImpliHateVid/All/IM_194.mp4: Can't follow symlink without -L/--copy-links
2026/08/06 08:26:09 NOTICE: data/video/ImpliHateVid/All/IM_195.mp4: Can't follow symlink without -L/--copy-links
2026/08/06 08:26:09 NOTICE: data/video/ImpliHateVid/All/IM_196.mp4: Can't follow symlink without -L/--copy-links
2026/08/06 08:26:09 NOTICE: data/video/ImpliHateVid/All/IM_197.mp4: Can't follow symlink without -L/--copy-links
2026/08/06 08:26:09 NOTICE: data/video/ImpliHateVid/All/IM_198.mp4: Can't follow symlink without -L/--copy-links
2026/08/06 08:26:09 NOTICE: data/video/ImpliHateVid/All/IM_199.mp4: Can't follow symlink without -L/--copy-links
2026/08/06 08:26:09 NOTICE: data/video/ImpliHateVid/All/IM_2.mp4: Can't follow symlink without -L/--copy-links
2026/08/06 08:26:09 NOTICE: data/video/ImpliHateVid/All/IM_20.mp4: Can't follow symlink without -L/--copy-links
2026/08/06 08:26:09 NOTICE: data/video/ImpliHateVid/All/IM_200.mp4: Can't follow symlink without -L/--copy-links
2026/08/06 08:26:09 NOTICE: data/video/ImpliHateVid/All/IM_201.mp4: Can't follow symlink without -L/--copy-links
2026/08/06 08:26:09 NOTICE: data/video/ImpliHateVid/All/IM_202.mp4: Can't follow symlink without -L/--copy-links
2026/08/06 08:26:09 NOTICE: data/video/ImpliHateVid/All/IM_203.mp4: Can't follow symlink without -L/--copy-links
2026/08/06 08:26:09 NOTICE: data/video/ImpliHateVid/All/IM_204.mp4: Can't follow symlink without -L/--copy-links
2026/08/06 08:26:09 NOTICE: data/video/ImpliHateVid/All/IM_205.mp4: Can't follow symlink without -L/--copy-links
2026/08/06 08:26:09 NOTICE: data/video/ImpliHateVid/All/IM_206.mp4: Can't follow symlink without -L/--copy-links
2026/08/06 08:26:09 NOTICE: data/video/ImpliHateVid/All/IM_207.mp4: Can't follow symlink without -L/--copy-links
2026/08/06 08:26:09 NOTICE: data/video/ImpliHateVid/All/IM_208.mp4: Can't follow symlink without -L/--copy-links
2026/08/06 08:26:09 NOTICE: data/video/ImpliHateVid/All/IM_209.mp4: Can't follow symlink without -L/--copy-links
2026/08/06 08:26:09 NOTICE: data/video/ImpliHateVid/All/IM_21.mp4: Can't follow symlink without -L/--copy-links
2026/08/06 08:26:09 NOTICE: data/video/ImpliHateVid/All/IM_210.mp4: Can't follow symlink without -L/--copy-links
2026/08/06 08:26:09 NOTICE: data/video/ImpliHateVid/All/IM_211.mp4: Can't follow symlink without -L/--copy-links
2026/08/06 08:26:09 NOTICE: data/video/ImpliHateVid/All/IM_212.mp4: Can't follow symlink without -L/--copy-links
2026/08/06 08:26:09 NOTICE: data/video/ImpliHateVid/All/IM_213.mp4: Can't follow symlink without -L/--copy-links
2026/08/06 08:26:09 NOTICE: data/video/ImpliHateVid/All/IM_214.mp4: Can't follow symlink without -L/--copy-links
2026/08/06 08:26:09 NOTICE: data/video/ImpliHateVid/All/IM_215.mp4: Can't follow symlink without -L/--copy-links
2026/08/06 08:26:09 NOTICE: data/video/ImpliHateVid/All/IM_216.mp4: Can't follow symlink without -L/--copy-links
2026/08/06 08:26:09 NOTICE: data/video/ImpliHateVid/All/IM_217.mp4: Can't follow symlink without -L/--copy-links
2026/08/06 08:26:09 NOTICE: data/video/ImpliHateVid/All/IM_218.mp4: Can't follow symlink without -L/--copy-links
2026/08/06 08:26:09 NOTICE: data/video/ImpliHateVid/All/IM_219.mp4: Can't follow symlink without -L/--copy-links
2026/08/06 08:26:09 NOTICE: data/video/ImpliHateVid/All/IM_22.mp4: Can't follow symlink without -L/--copy-links
2026/08/06 08:26:09 NOTICE: data/video/ImpliHateVid/All/IM_220.mp4: Can't follow symlink without -L/--copy-links
2026/08/06 08:26:09 NOTICE: data/video/ImpliHateVid/All/IM_221.mp4: Can't follow symlink without -L/--copy-links
2026/08/06 08:26:09 NOTICE: data/video/ImpliHateVid/All/IM_222.mp4: Can't follow symlink without -L/--copy-links
2026/08/06 08:26:09 NOTICE: data/video/ImpliHateVid/All/IM_223.mp4: Can't follow symlink without -L/--copy-links
2026/08/06 08:26:09 NOTICE: data/video/ImpliHateVid/All/IM_224.mp4: Can't follow symlink without -L/--copy-links
2026/08/06 08:26:09 NOTICE: data/video/ImpliHateVid/All/IM_225.mp4: Can't follow symlink without -L/--copy-links
2026/08/06 08:26:09 NOTICE: data/video/ImpliHateVid/All/IM_226.mp4: Can't follow symlink without -L/--copy-links
2026/08/06 08:26:09 NOTICE: data/video/ImpliHateVid/All/IM_227.mp4: Can't follow symlink without -L/--copy-links
2026/08/06 08:26:09 NOTICE: data/video/ImpliHateVid/All/IM_228.mp4: Can't follow symlink without -L/--copy-links
2026/08/06 08:26:09 NOTICE: data/video/ImpliHateVid/All/IM_229.mp4: Can't follow symlink without -L/--copy-links
2026/08/06 08:26:09 NOTICE: data/video/ImpliHateVid/All/IM_23.mp4: Can't follow symlink without -L/--copy-links
2026/08/06 08:26:09 NOTICE: data/video/ImpliHateVid/All/IM_230.mp4: Can't follow symlink without -L/--copy-links
2026/08/06 08:26:09 NOTICE: data/video/ImpliHateVid/All/IM_231.mp4: Can't follow symlink without -L/--copy-links
2026/08/06 08:26:09 NOTICE: data/video/ImpliHateVid/All/IM_232.mp4: Can't follow symlink without -L/--copy-links
2026/08/06 08:26:09 NOTICE: data/video/ImpliHateVid/All/IM_233.mp4: Can't follow symlink without -L/--copy-links
2026/08/06 08:26:09 NOTICE: data/video/ImpliHateVid/All/IM_234.mp4: Can't follow symlink without -L/--copy-links
2026/08/06 08:26:09 NOTICE: data/video/ImpliHateVid/All/IM_235.mp4: Can't follow symlink without -L/--copy-links
2026/08/06 08:26:09 NOTICE: data/video/ImpliHateVid/All/IM_236.mp4: Can't follow symlink without -L/--copy-links
2026/08/06 08:26:09 NOTICE: data/video/ImpliHateVid/All/IM_237.mp4: Can't follow symlink without -L/--copy-links
2026/08/06 08:26:09 NOTICE: data/video/ImpliHateVid/All/IM_238.mp4: Can't follow symlink without -L/--copy-links
2026/08/06 08:26:09 NOTICE: data/video/ImpliHateVid/All/IM_239.mp4: Can't follow symlink without -L/--copy-links
2026/08/06 08:26:09 NOTICE: data/video/ImpliHateVid/All/IM_24.mp4: Can't follow symlink without -L/--copy-links
2026/08/06 08:26:09 NOTICE: data/video/ImpliHateVid/All/IM_240.mp4: Can't follow symlink without -L/--copy-links
2026/08/06 08:26:09 NOTICE: data/video/ImpliHateVid/All/IM_241.mp4: Can't follow symlink without -L/--copy-links
2026/08/06 08:26:09 NOTICE: data/video/ImpliHateVid/All/IM_242.mp4: Can't follow symlink without -L/--copy-links
2026/08/06 08:26:09 NOTICE: data/video/ImpliHateVid/All/IM_243.mp4: Can't follow symlink without -L/--copy-links
2026/08/06 08:26:09 NOTICE: data/video/ImpliHateVid/All/IM_244.mp4: Can't follow symlink without -L/--copy-links
2026/08/06 08:26:09 NOTICE: data/video/ImpliHateVid/All/IM_245.mp4: Can't follow symlink without -L/--copy-links
2026/08/06 08:26:09 NOTICE: data/video/ImpliHateVid/All/IM_246.mp4: Can't follow symlink without -L/--copy-links
2026/08/06 08:26:09 NOTICE: data/video/ImpliHateVid/All/IM_247.mp4: Can't follow symlink without -L/--copy-links
2026/08/06 08:26:09 NOTICE: data/video/ImpliHateVid/All/IM_248.mp4: Can't follow symlink without -L/--copy-links
2026/08/06 08:26:09 NOTICE: data/video/ImpliHateVid/All/IM_249.mp4: Can't follow symlink without -L/--copy-links
2026/08/06 08:26:09 NOTICE: data/video/ImpliHateVid/All/IM_25.mp4: Can't follow symlink without -L/--copy-links
2026/08/06 08:26:09 NOTICE: data/video/ImpliHateVid/All/IM_250.mp4: Can't follow symlink without -L/--copy-links
2026/08/06 08:26:09 NOTICE: data/video/ImpliHateVid/All/IM_251.mp4: Can't follow symlink without -L/--copy-links
2026/08/06 08:26:09 NOTICE: data/video/ImpliHateVid/All/IM_252.mp4: Can't follow symlink without -L/--copy-links
2026/08/06 08:26:09 NOTICE: data/video/ImpliHateVid/All/IM_253.mp4: Can't follow symlink without -L/--copy-links
2026/08/06 08:26:09 NOTICE: data/video/ImpliHateVid/All/IM_254.mp4: Can't follow symlink without -L/--copy-links
2026/08/06 08:26:09 NOTICE: data/video/ImpliHateVid/All/IM_255.mp4: Can't follow symlink without -L/--copy-links
2026/08/06 08:26:09 NOTICE: data/video/ImpliHateVid/All/IM_256.mp4: Can't follow symlink without -L/--copy-links
2026/08/06 08:26:09 NOTICE: data/video/ImpliHateVid/All/IM_257.mp4: Can't follow symlink without -L/--copy-links
2026/08/06 08:26:09 NOTICE: data/video/ImpliHateVid/All/IM_258.mp4: Can't follow symlink without -L/--copy-links
2026/08/06 08:26:09 NOTICE: data/video/ImpliHateVid/All/IM_259.mp4: Can't follow symlink without -L/--copy-links
2026/08/06 08:26:09 NOTICE: data/video/ImpliHateVid/All/IM_26.mp4: Can't follow symlink without -L/--copy-links
2026/08/06 08:26:09 NOTICE: data/video/ImpliHateVid/All/IM_260.mp4: Can't follow symlink without -L/--copy-links
2026/08/06 08:26:09 NOTICE: data/video/ImpliHateVid/All/IM_261.mp4: Can't follow symlink without -L/--copy-links
2026/08/06 08:26:09 NOTICE: data/video/ImpliHateVid/All/IM_262.mp4: Can't follow symlink without -L/--copy-links
2026/08/06 08:26:09 NOTICE: data/video/ImpliHateVid/All/IM_263.mp4: Can't follow symlink without -L/--copy-links
2026/08/06 08:26:09 NOTICE: data/video/ImpliHateVid/All/IM_264.mp4: Can't follow symlink without -L/--copy-links
2026/08/06 08:26:09 NOTICE: data/video/ImpliHateVid/All/IM_265.mp4: Can't follow symlink without -L/--copy-links
2026/08/06 08:26:09 NOTICE: data/video/ImpliHateVid/All/IM_266.mp4: Can't follow symlink without -L/--copy-links
2026/08/06 08:26:09 NOTICE: data/video/ImpliHateVid/All/IM_267.mp4: Can't follow symlink without -L/--copy-links
2026/08/06 08:26:09 NOTICE: data/video/ImpliHateVid/All/IM_268.mp4: Can't follow symlink without -L/--copy-links
2026/08/06 08:26:09 NOTICE: data/video/ImpliHateVid/All/IM_269.mp4: Can't follow symlink without -L/--copy-links
2026/08/06 08:26:09 NOTICE: data/video/ImpliHateVid/All/IM_27.mp4: Can't follow symlink without -L/--copy-links
2026/08/06 08:26:09 NOTICE: data/video/ImpliHateVid/All/IM_270.mp4: Can't follow symlink without -L/--copy-links
2026/08/06 08:26:09 NOTICE: data/video/ImpliHateVid/All/IM_271.mp4: Can't follow symlink without -L/--copy-links
2026/08/06 08:26:09 NOTICE: data/video/ImpliHateVid/All/IM_272.mp4: Can't follow symlink without -L/--copy-links
2026/08/06 08:26:09 NOTICE: data/video/ImpliHateVid/All/IM_273.mp4: Can't follow symlink without -L/--copy-links
2026/08/06 08:26:09 NOTICE: data/video/ImpliHateVid/All/IM_274.mp4: Can't follow symlink without -L/--copy-links
2026/08/06 08:26:09 NOTICE: data/video/ImpliHateVid/All/IM_275.mp4: Can't follow symlink without -L/--copy-links
2026/08/06 08:26:09 NOTICE: data/video/ImpliHateVid/All/IM_276.mp4: Can't follow symlink without -L/--copy-links
2026/08/06 08:26:09 NOTICE: data/video/ImpliHateVid/All/IM_277.mp4: Can't follow symlink without -L/--copy-links
2026/08/06 08:26:09 NOTICE: data/video/ImpliHateVid/All/IM_278.mp4: Can't follow symlink without -L/--copy-links
2026/08/06 08:26:09 NOTICE: data/video/ImpliHateVid/All/IM_279.mp4: Can't follow symlink without -L/--copy-links
2026/08/06 08:26:09 NOTICE: data/video/ImpliHateVid/All/IM_28.mp4: Can't follow symlink without -L/--copy-links
2026/08/06 08:26:09 NOTICE: data/video/ImpliHateVid/All/IM_280.mp4: Can't follow symlink without -L/--copy-links
2026/08/06 08:26:09 NOTICE: data/video/ImpliHateVid/All/IM_281.mp4: Can't follow symlink without -L/--copy-links
2026/08/06 08:26:09 NOTICE: data/video/ImpliHateVid/All/IM_282.mp4: Can't follow symlink without -L/--copy-links
2026/08/06 08:26:09 NOTICE: data/video/ImpliHateVid/All/IM_283.mp4: Can't follow symlink without -L/--copy-links
2026/08/06 08:26:09 NOTICE: data/video/ImpliHateVid/All/IM_284.mp4: Can't follow symlink without -L/--copy-links
2026/08/06 08:26:09 NOTICE: data/video/ImpliHateVid/All/IM_285.mp4: Can't follow symlink without -L/--copy-links
2026/08/06 08:26:09 NOTICE: data/video/ImpliHateVid/All/IM_286.mp4: Can't follow symlink without -L/--copy-links
2026/08/06 08:26:09 NOTICE: data/video/ImpliHateVid/All/IM_287.mp4: Can't follow symlink without -L/--copy-links
2026/08/06 08:26:09 NOTICE: data/video/ImpliHateVid/All/IM_288.mp4: Can't follow symlink without -L/--copy-links
2026/08/06 08:26:09 NOTICE: data/video/ImpliHateVid/All/IM_289.mp4: Can't follow symlink without -L/--copy-links
2026/08/06 08:26:09 NOTICE: data/video/ImpliHateVid/All/IM_29.mp4: Can't follow symlink without -L/--copy-links
2026/08/06 08:26:09 NOTICE: data/video/ImpliHateVid/All/IM_290.mp4: Can't follow symlink without -L/--copy-links
2026/08/06 08:26:09 NOTICE: data/video/ImpliHateVid/All/IM_291.mp4: Can't follow symlink without -L/--copy-links
2026/08/06 08:26:09 NOTICE: data/video/ImpliHateVid/All/IM_292.mp4: Can't follow symlink without -L/--copy-links
2026/08/06 08:26:09 NOTICE: data/video/ImpliHateVid/All/IM_293.mp4: Can't follow symlink without -L/--copy-links
2026/08/06 08:26:09 NOTICE: data/video/ImpliHateVid/All/IM_294.mp4: Can't follow symlink without -L/--copy-links
2026/08/06 08:26:09 NOTICE: data/video/ImpliHateVid/All/IM_295.mp4: Can't follow symlink without -L/--copy-links
2026/08/06 08:26:09 NOTICE: data/video/ImpliHateVid/All/IM_296.mp4: Can't follow symlink without -L/--copy-links
2026/08/06 08:26:09 NOTICE: data/video/ImpliHateVid/All/IM_297.mp4: Can't follow symlink without -L/--copy-links
2026/08/06 08:26:09 NOTICE: data/video/ImpliHateVid/All/IM_298.mp4: Can't follow symlink without -L/--copy-links
2026/08/06 08:26:09 NOTICE: data/video/ImpliHateVid/All/IM_299.mp4: Can't follow symlink without -L/--copy-links
2026/08/06 08:26:09 NOTICE: data/video/ImpliHateVid/All/IM_3.mp4: Can't follow symlink without -L/--copy-links
2026/08/06 08:26:09 NOTICE: data/video/ImpliHateVid/All/IM_30.mp4: Can't follow symlink without -L/--copy-links
2026/08/06 08:26:09 NOTICE: data/video/ImpliHateVid/All/IM_300.mp4: Can't follow symlink without -L/--copy-links
2026/08/06 08:26:09 NOTICE: data/video/ImpliHateVid/All/IM_301.mp4: Can't follow symlink without -L/--copy-links
2026/08/06 08:26:09 NOTICE: data/video/ImpliHateVid/All/IM_302.mp4: Can't follow symlink without -L/--copy-links
2026/08/06 08:26:09 NOTICE: data/video/ImpliHateVid/All/IM_303.mp4: Can't follow symlink without -L/--copy-links
2026/08/06 08:26:09 NOTICE: data/video/ImpliHateVid/All/IM_304.mp4: Can't follow symlink without -L/--copy-links
2026/08/06 08:26:09 NOTICE: data/video/ImpliHateVid/All/IM_305.mp4: Can't follow symlink without -L/--copy-links
2026/08/06 08:26:09 NOTICE: data/video/ImpliHateVid/All/IM_306.mp4: Can't follow symlink without -L/--copy-links
2026/08/06 08:26:09 NOTICE: data/video/ImpliHateVid/All/IM_307.mp4: Can't follow symlink without -L/--copy-links
2026/08/06 08:26:09 NOTICE: data/video/ImpliHateVid/All/IM_308.mp4: Can't follow symlink without -L/--copy-links
2026/08/06 08:26:09 NOTICE: data/video/ImpliHateVid/All/IM_309.mp4: Can't follow symlink without -L/--copy-links
2026/08/06 08:26:09 NOTICE: data/video/ImpliHateVid/All/IM_31.mp4: Can't follow symlink without -L/--copy-links
2026/08/06 08:26:09 NOTICE: data/video/ImpliHateVid/All/IM_310.mp4: Can't follow symlink without -L/--copy-links
2026/08/06 08:26:09 NOTICE: data/video/ImpliHateVid/All/IM_311.mp4: Can't follow symlink without -L/--copy-links
2026/08/06 08:26:09 NOTICE: data/video/ImpliHateVid/All/IM_312.mp4: Can't follow symlink without -L/--copy-links
2026/08/06 08:26:09 NOTICE: data/video/ImpliHateVid/All/IM_313.mp4: Can't follow symlink without -L/--copy-links
2026/08/06 08:26:09 NOTICE: data/video/ImpliHateVid/All/IM_314.mp4: Can't follow symlink without -L/--copy-links
2026/08/06 08:26:09 NOTICE: data/video/ImpliHateVid/All/IM_315.mp4: Can't follow symlink without -L/--copy-links
2026/08/06 08:26:09 NOTICE: data/video/ImpliHateVid/All/IM_316.mp4: Can't follow symlink without -L/--copy-links
2026/08/06 08:26:09 NOTICE: data/video/ImpliHateVid/All/IM_317.mp4: Can't follow symlink without -L/--copy-links
2026/08/06 08:26:09 NOTICE: data/video/ImpliHateVid/All/IM_318.mp4: Can't follow symlink without -L/--copy-links
2026/08/06 08:26:09 NOTICE: data/video/ImpliHateVid/All/IM_319.mp4: Can't follow symlink without -L/--copy-links
2026/08/06 08:26:09 NOTICE: data/video/ImpliHateVid/All/IM_32.mp4: Can't follow symlink without -L/--copy-links
2026/08/06 08:26:09 NOTICE: data/video/ImpliHateVid/All/IM_320.mp4: Can't follow symlink without -L/--copy-links
2026/08/06 08:26:09 NOTICE: data/video/ImpliHateVid/All/IM_321.mp4: Can't follow symlink without -L/--copy-links
2026/08/06 08:26:09 NOTICE: data/video/ImpliHateVid/All/IM_322.mp4: Can't follow symlink without -L/--copy-links
2026/08/06 08:26:09 NOTICE: data/video/ImpliHateVid/All/IM_323.mp4: Can't follow symlink without -L/--copy-links
2026/08/06 08:26:09 NOTICE: data/video/ImpliHateVid/All/IM_324.mp4: Can't follow symlink without -L/--copy-links
2026/08/06 08:26:09 NOTICE: data/video/ImpliHateVid/All/IM_325.mp4: Can't follow symlink without -L/--copy-links
2026/08/06 08:26:09 NOTICE: data/video/ImpliHateVid/All/IM_326.mp4: Can't follow symlink without -L/--copy-links
2026/08/06 08:26:09 NOTICE: data/video/ImpliHateVid/All/IM_327.mp4: Can't follow symlink without -L/--copy-links
2026/08/06 08:26:09 NOTICE: data/video/ImpliHateVid/All/IM_328.mp4: Can't follow symlink without -L/--copy-links
2026/08/06 08:26:09 NOTICE: data/video/ImpliHateVid/All/IM_329.mp4: Can't follow symlink without -L/--copy-links
2026/08/06 08:26:09 NOTICE: data/video/ImpliHateVid/All/IM_33.mp4: Can't follow symlink without -L/--copy-links
2026/08/06 08:26:09 NOTICE: data/video/ImpliHateVid/All/IM_330.mp4: Can't follow symlink without -L/--copy-links
2026/08/06 08:26:09 NOTICE: data/video/ImpliHateVid/All/IM_331.mp4: Can't follow symlink without -L/--copy-links
2026/08/06 08:26:09 NOTICE: data/video/ImpliHateVid/All/IM_332.mp4: Can't follow symlink without -L/--copy-links
2026/08/06 08:26:09 NOTICE: data/video/ImpliHateVid/All/IM_333.mp4: Can't follow symlink without -L/--copy-links
2026/08/06 08:26:09 NOTICE: data/video/ImpliHateVid/All/IM_334.mp4: Can't follow symlink without -L/--copy-links
2026/08/06 08:26:09 NOTICE: data/video/ImpliHateVid/All/IM_335.mp4: Can't follow symlink without -L/--copy-links
2026/08/06 08:26:09 NOTICE: data/video/ImpliHateVid/All/IM_336.mp4: Can't follow symlink without -L/--copy-links
2026/08/06 08:26:09 NOTICE: data/video/ImpliHateVid/All/IM_337.mp4: Can't follow symlink without -L/--copy-links
2026/08/06 08:26:09 NOTICE: data/video/ImpliHateVid/All/IM_338.mp4: Can't follow symlink without -L/--copy-links
2026/08/06 08:26:09 NOTICE: data/video/ImpliHateVid/All/IM_339.mp4: Can't follow symlink without -L/--copy-links
2026/08/06 08:26:09 NOTICE: data/video/ImpliHateVid/All/IM_34.mp4: Can't follow symlink without -L/--copy-links
2026/08/06 08:26:09 NOTICE: data/video/ImpliHateVid/All/IM_340.mp4: Can't follow symlink without -L/--copy-links
2026/08/06 08:26:09 NOTICE: data/video/ImpliHateVid/All/IM_341.mp4: Can't follow symlink without -L/--copy-links
2026/08/06 08:26:09 NOTICE: data/video/ImpliHateVid/All/IM_342.mp4: Can't follow symlink without -L/--copy-links
2026/08/06 08:26:09 NOTICE: data/video/ImpliHateVid/All/IM_343.mp4: Can't follow symlink without -L/--copy-links
2026/08/06 08:26:09 NOTICE: data/video/ImpliHateVid/All/IM_344.mp4: Can't follow symlink without -L/--copy-links
2026/08/06 08:26:09 NOTICE: data/video/ImpliHateVid/All/IM_345.mp4: Can't follow symlink without -L/--copy-links
2026/08/06 08:26:09 NOTICE: data/video/ImpliHateVid/All/IM_346.mp4: Can't follow symlink without -L/--copy-links
2026/08/06 08:26:09 NOTICE: data/video/ImpliHateVid/All/IM_347.mp4: Can't follow symlink without -L/--copy-links
2026/08/06 08:26:09 NOTICE: data/video/ImpliHateVid/All/IM_348.mp4: Can't follow symlink without -L/--copy-links
2026/08/06 08:26:09 NOTICE: data/video/ImpliHateVid/All/IM_349.mp4: Can't follow symlink without -L/--copy-links
2026/08/06 08:26:09 NOTICE: data/video/ImpliHateVid/All/IM_35.mp4: Can't follow symlink without -L/--copy-links
2026/08/06 08:26:09 NOTICE: data/video/ImpliHateVid/All/IM_350.mp4: Can't follow symlink without -L/--copy-links
2026/08/06 08:26:09 NOTICE: data/video/ImpliHateVid/All/IM_351.mp4: Can't follow symlink without -L/--copy-links
2026/08/06 08:26:09 NOTICE: data/video/ImpliHateVid/All/IM_352.mp4: Can't follow symlink without -L/--copy-links
2026/08/06 08:26:09 NOTICE: data/video/ImpliHateVid/All/IM_353.mp4: Can't follow symlink without -L/--copy-links
2026/08/06 08:26:09 NOTICE: data/video/ImpliHateVid/All/IM_354.mp4: Can't follow symlink without -L/--copy-links
2026/08/06 08:26:09 NOTICE: data/video/ImpliHateVid/All/IM_355.mp4: Can't follow symlink without -L/--copy-links
2026/08/06 08:26:09 NOTICE: data/video/ImpliHateVid/All/IM_356.mp4: Can't follow symlink without -L/--copy-links
2026/08/06 08:26:09 NOTICE: data/video/ImpliHateVid/All/IM_357.mp4: Can't follow symlink without -L/--copy-links
2026/08/06 08:26:09 NOTICE: data/video/ImpliHateVid/All/IM_358.mp4: Can't follow symlink without -L/--copy-links
2026/08/06 08:26:09 NOTICE: data/video/ImpliHateVid/All/IM_359.mp4: Can't follow symlink without -L/--copy-links
2026/08/06 08:26:09 NOTICE: data/video/ImpliHateVid/All/IM_36.mp4: Can't follow symlink without -L/--copy-links
2026/08/06 08:26:09 NOTICE: data/video/ImpliHateVid/All/IM_360.mp4: Can't follow symlink without -L/--copy-links
2026/08/06 08:26:09 NOTICE: data/video/ImpliHateVid/All/IM_361.mp4: Can't follow symlink without -L/--copy-links
2026/08/06 08:26:09 NOTICE: data/video/ImpliHateVid/All/IM_362.mp4: Can't follow symlink without -L/--copy-links
2026/08/06 08:26:09 NOTICE: data/video/ImpliHateVid/All/IM_363.mp4: Can't follow symlink without -L/--copy-links
2026/08/06 08:26:09 NOTICE: data/video/ImpliHateVid/All/IM_364.mp4: Can't follow symlink without -L/--copy-links
2026/08/06 08:26:09 NOTICE: data/video/ImpliHateVid/All/IM_365.mp4: Can't follow symlink without -L/--copy-links
2026/08/06 08:26:09 NOTICE: data/video/ImpliHateVid/All/IM_366.mp4: Can't follow symlink without -L/--copy-links
2026/08/06 08:26:09 NOTICE: data/video/ImpliHateVid/All/IM_367.mp4: Can't follow symlink without -L/--copy-links
2026/08/06 08:26:09 NOTICE: data/video/ImpliHateVid/All/IM_368.mp4: Can't follow symlink without -L/--copy-links
2026/08/06 08:26:09 NOTICE: data/video/ImpliHateVid/All/IM_369.mp4: Can't follow symlink without -L/--copy-links
2026/08/06 08:26:09 NOTICE: data/video/ImpliHateVid/All/IM_37.mp4: Can't follow symlink without -L/--copy-links
2026/08/06 08:26:09 NOTICE: data/video/ImpliHateVid/All/IM_370.mp4: Can't follow symlink without -L/--copy-links
2026/08/06 08:26:09 NOTICE: data/video/ImpliHateVid/All/IM_371.mp4: Can't follow symlink without -L/--copy-links
2026/08/06 08:26:09 NOTICE: data/video/ImpliHateVid/All/IM_372.mp4: Can't follow symlink without -L/--copy-links
2026/08/06 08:26:09 NOTICE: data/video/ImpliHateVid/All/IM_373.mp4: Can't follow symlink without -L/--copy-links
2026/08/06 08:26:09 NOTICE: data/video/ImpliHateVid/All/IM_374.mp4: Can't follow symlink without -L/--copy-links
2026/08/06 08:26:09 NOTICE: data/video/ImpliHateVid/All/IM_375.mp4: Can't follow symlink without -L/--copy-links
2026/08/06 08:26:09 NOTICE: data/video/ImpliHateVid/All/IM_376.mp4: Can't follow symlink without -L/--copy-links
2026/08/06 08:26:09 NOTICE: data/video/ImpliHateVid/All/IM_377.mp4: Can't follow symlink without -L/--copy-links
2026/08/06 08:26:09 NOTICE: data/video/ImpliHateVid/All/IM_378.mp4: Can't follow symlink without -L/--copy-links
2026/08/06 08:26:09 NOTICE: data/video/ImpliHateVid/All/IM_379.mp4: Can't follow symlink without -L/--copy-links
2026/08/06 08:26:09 NOTICE: data/video/ImpliHateVid/All/IM_38.mp4: Can't follow symlink without -L/--copy-links
2026/08/06 08:26:09 NOTICE: data/video/ImpliHateVid/All/IM_380.mp4: Can't follow symlink without -L/--copy-links
2026/08/06 08:26:09 NOTICE: data/video/ImpliHateVid/All/IM_381.mp4: Can't follow symlink without -L/--copy-links
2026/08/06 08:26:09 NOTICE: data/video/ImpliHateVid/All/IM_382.mp4: Can't follow symlink without -L/--copy-links
2026/08/06 08:26:09 NOTICE: data/video/ImpliHateVid/All/IM_383.mp4: Can't follow symlink without -L/--copy-links
2026/08/06 08:26:09 NOTICE: data/video/ImpliHateVid/All/IM_384.mp4: Can't follow symlink without -L/--copy-links
2026/08/06 08:26:09 NOTICE: data/video/ImpliHateVid/All/IM_385.mp4: Can't follow symlink without -L/--copy-links
2026/08/06 08:26:09 NOTICE: data/video/ImpliHateVid/All/IM_386.mp4: Can't follow symlink without -L/--copy-links
2026/08/06 08:26:09 NOTICE: data/video/ImpliHateVid/All/IM_387.mp4: Can't follow symlink without -L/--copy-links
2026/08/06 08:26:09 NOTICE: data/video/ImpliHateVid/All/IM_388.mp4: Can't follow symlink without -L/--copy-links
2026/08/06 08:26:09 NOTICE: data/video/ImpliHateVid/All/IM_389.mp4: Can't follow symlink without -L/--copy-links
2026/08/06 08:26:09 NOTICE: data/video/ImpliHateVid/All/IM_39.mp4: Can't follow symlink without -L/--copy-links
2026/08/06 08:26:09 NOTICE: data/video/ImpliHateVid/All/IM_390.mp4: Can't follow symlink without -L/--copy-links
2026/08/06 08:26:09 NOTICE: data/video/ImpliHateVid/All/IM_391.mp4: Can't follow symlink without -L/--copy-links
2026/08/06 08:26:09 NOTICE: data/video/ImpliHateVid/All/IM_392.mp4: Can't follow symlink without -L/--copy-links
2026/08/06 08:26:09 NOTICE: data/video/ImpliHateVid/All/IM_393.mp4: Can't follow symlink without -L/--copy-links
2026/08/06 08:26:09 NOTICE: data/video/ImpliHateVid/All/IM_394.mp4: Can't follow symlink without -L/--copy-links
2026/08/06 08:26:09 NOTICE: data/video/ImpliHateVid/All/IM_395.mp4: Can't follow symlink without -L/--copy-links
2026/08/06 08:26:09 NOTICE: data/video/ImpliHateVid/All/IM_396.mp4: Can't follow symlink without -L/--copy-links
2026/08/06 08:26:09 NOTICE: data/video/ImpliHateVid/All/IM_397.mp4: Can't follow symlink without -L/--copy-links
2026/08/06 08:26:09 NOTICE: data/video/ImpliHateVid/All/IM_398.mp4: Can't follow symlink without -L/--copy-links
2026/08/06 08:26:09 NOTICE: data/video/ImpliHateVid/All/IM_399.mp4: Can't follow symlink without -L/--copy-links
2026/08/06 08:26:09 NOTICE: data/video/ImpliHateVid/All/IM_4.mp4: Can't follow symlink without -L/--copy-links
2026/08/06 08:26:09 NOTICE: data/video/ImpliHateVid/All/IM_40.mp4: Can't follow symlink without -L/--copy-links
2026/08/06 08:26:09 NOTICE: data/video/ImpliHateVid/All/IM_400.mp4: Can't follow symlink without -L/--copy-links
2026/08/06 08:26:09 NOTICE: data/video/ImpliHateVid/All/IM_401.mp4: Can't follow symlink without -L/--copy-links
2026/08/06 08:26:09 NOTICE: data/video/ImpliHateVid/All/IM_402.mp4: Can't follow symlink without -L/--copy-links
2026/08/06 08:26:09 NOTICE: data/video/ImpliHateVid/All/IM_403.mp4: Can't follow symlink without -L/--copy-links
2026/08/06 08:26:09 NOTICE: data/video/ImpliHateVid/All/IM_404.mp4: Can't follow symlink without -L/--copy-links
2026/08/06 08:26:09 NOTICE: data/video/ImpliHateVid/All/IM_405.mp4: Can't follow symlink without -L/--copy-links
2026/08/06 08:26:09 NOTICE: data/video/ImpliHateVid/All/IM_406.mp4: Can't follow symlink without -L/--copy-links
2026/08/06 08:26:09 NOTICE: data/video/ImpliHateVid/All/IM_407.mp4: Can't follow symlink without -L/--copy-links
2026/08/06 08:26:09 NOTICE: data/video/ImpliHateVid/All/IM_408.mp4: Can't follow symlink without -L/--copy-links
2026/08/06 08:26:09 NOTICE: data/video/ImpliHateVid/All/IM_409.mp4: Can't follow symlink without -L/--copy-links
2026/08/06 08:26:09 NOTICE: data/video/ImpliHateVid/All/IM_41.mp4: Can't follow symlink without -L/--copy-links
2026/08/06 08:26:09 NOTICE: data/video/ImpliHateVid/All/IM_410.mp4: Can't follow symlink without -L/--copy-links
2026/08/06 08:26:09 NOTICE: data/video/ImpliHateVid/All/IM_411.mp4: Can't follow symlink without -L/--copy-links
2026/08/06 08:26:09 NOTICE: data/video/ImpliHateVid/All/IM_412.mp4: Can't follow symlink without -L/--copy-links
2026/08/06 08:26:09 NOTICE: data/video/ImpliHateVid/All/IM_413.mp4: Can't follow symlink without -L/--copy-links
2026/08/06 08:26:09 NOTICE: data/video/ImpliHateVid/All/IM_414.mp4: Can't follow symlink without -L/--copy-links
2026/08/06 08:26:09 NOTICE: data/video/ImpliHateVid/All/IM_415.mp4: Can't follow symlink without -L/--copy-links
2026/08/06 08:26:09 NOTICE: data/video/ImpliHateVid/All/IM_416.mp4: Can't follow symlink without -L/--copy-links
2026/08/06 08:26:09 NOTICE: data/video/ImpliHateVid/All/IM_417.mp4: Can't follow symlink without -L/--copy-links
2026/08/06 08:26:09 NOTICE: data/video/ImpliHateVid/All/IM_418.mp4: Can't follow symlink without -L/--copy-links
2026/08/06 08:26:09 NOTICE: data/video/ImpliHateVid/All/IM_419.mp4: Can't follow symlink without -L/--copy-links
2026/08/06 08:26:09 NOTICE: data/video/ImpliHateVid/All/IM_42.mp4: Can't follow symlink without -L/--copy-links
2026/08/06 08:26:09 NOTICE: data/video/ImpliHateVid/All/IM_420.mp4: Can't follow symlink without -L/--copy-links
2026/08/06 08:26:09 NOTICE: data/video/ImpliHateVid/All/IM_421.mp4: Can't follow symlink without -L/--copy-links
2026/08/06 08:26:09 NOTICE: data/video/ImpliHateVid/All/IM_422.mp4: Can't follow symlink without -L/--copy-links
2026/08/06 08:26:09 NOTICE: data/video/ImpliHateVid/All/IM_423.mp4: Can't follow symlink without -L/--copy-links
2026/08/06 08:26:09 NOTICE: data/video/ImpliHateVid/All/IM_424.mp4: Can't follow symlink without -L/--copy-links
2026/08/06 08:26:09 NOTICE: data/video/ImpliHateVid/All/IM_425.mp4: Can't follow symlink without -L/--copy-links
2026/08/06 08:26:09 NOTICE: data/video/ImpliHateVid/All/IM_426.mp4: Can't follow symlink without -L/--copy-links
2026/08/06 08:26:09 NOTICE: data/video/ImpliHateVid/All/IM_427.mp4: Can't follow symlink without -L/--copy-links
2026/08/06 08:26:09 NOTICE: data/video/ImpliHateVid/All/IM_428.mp4: Can't follow symlink without -L/--copy-links
2026/08/06 08:26:09 NOTICE: data/video/ImpliHateVid/All/IM_429.mp4: Can't follow symlink without -L/--copy-links
2026/08/06 08:26:09 NOTICE: data/video/ImpliHateVid/All/IM_43.mp4: Can't follow symlink without -L/--copy-links
2026/08/06 08:26:09 NOTICE: data/video/ImpliHateVid/All/IM_430.mp4: Can't follow symlink without -L/--copy-links
2026/08/06 08:26:09 NOTICE: data/video/ImpliHateVid/All/IM_431.mp4: Can't follow symlink without -L/--copy-links
2026/08/06 08:26:09 NOTICE: data/video/ImpliHateVid/All/IM_432.mp4: Can't follow symlink without -L/--copy-links
2026/08/06 08:26:09 NOTICE: data/video/ImpliHateVid/All/IM_433.mp4: Can't follow symlink without -L/--copy-links
2026/08/06 08:26:09 NOTICE: data/video/ImpliHateVid/All/IM_434.mp4: Can't follow symlink without -L/--copy-links
2026/08/06 08:26:09 NOTICE: data/video/ImpliHateVid/All/IM_435.mp4: Can't follow symlink without -L/--copy-links
2026/08/06 08:26:09 NOTICE: data/video/ImpliHateVid/All/IM_436.mp4: Can't follow symlink without -L/--copy-links
2026/08/06 08:26:09 NOTICE: data/video/ImpliHateVid/All/IM_437.mp4: Can't follow symlink without -L/--copy-links
2026/08/06 08:26:09 NOTICE: data/video/ImpliHateVid/All/IM_438.mp4: Can't follow symlink without -L/--copy-links
2026/08/06 08:26:09 NOTICE: data/video/ImpliHateVid/All/IM_439.mp4: Can't follow symlink without -L/--copy-links
2026/08/06 08:26:09 NOTICE: data/video/ImpliHateVid/All/IM_44.mp4: Can't follow symlink without -L/--copy-links
2026/08/06 08:26:09 NOTICE: data/video/ImpliHateVid/All/IM_440.mp4: Can't follow symlink without -L/--copy-links
2026/08/06 08:26:09 NOTICE: data/video/ImpliHateVid/All/IM_441.mp4: Can't follow symlink without -L/--copy-links
2026/08/06 08:26:09 NOTICE: data/video/ImpliHateVid/All/IM_442.mp4: Can't follow symlink without -L/--copy-links
2026/08/06 08:26:09 NOTICE: data/video/ImpliHateVid/All/IM_443.mp4: Can't follow symlink without -L/--copy-links
2026/08/06 08:26:09 NOTICE: data/video/ImpliHateVid/All/IM_444.mp4: Can't follow symlink without -L/--copy-links
2026/08/06 08:26:09 NOTICE: data/video/ImpliHateVid/All/IM_445.mp4: Can't follow symlink without -L/--copy-links
2026/08/06 08:26:09 NOTICE: data/video/ImpliHateVid/All/IM_446.mp4: Can't follow symlink without -L/--copy-links
2026/08/06 08:26:09 NOTICE: data/video/ImpliHateVid/All/IM_447.mp4: Can't follow symlink without -L/--copy-links
2026/08/06 08:26:09 NOTICE: data/video/ImpliHateVid/All/IM_448.mp4: Can't follow symlink without -L/--copy-links
2026/08/06 08:26:09 NOTICE: data/video/ImpliHateVid/All/IM_449.mp4: Can't follow symlink without -L/--copy-links
2026/08/06 08:26:09 NOTICE: data/video/ImpliHateVid/All/IM_45.mp4: Can't follow symlink without -L/--copy-links
2026/08/06 08:26:09 NOTICE: data/video/ImpliHateVid/All/IM_450.mp4: Can't follow symlink without -L/--copy-links
2026/08/06 08:26:09 NOTICE: data/video/ImpliHateVid/All/IM_451.mp4: Can't follow symlink without -L/--copy-links
2026/08/06 08:26:09 NOTICE: data/video/ImpliHateVid/All/IM_452.mp4: Can't follow symlink without -L/--copy-links
2026/08/06 08:26:09 NOTICE: data/video/ImpliHateVid/All/IM_453.mp4: Can't follow symlink without -L/--copy-links
2026/08/06 08:26:09 NOTICE: data/video/ImpliHateVid/All/IM_454.mp4: Can't follow symlink without -L/--copy-links
2026/08/06 08:26:09 NOTICE: data/video/ImpliHateVid/All/IM_455.mp4: Can't follow symlink without -L/--copy-links
2026/08/06 08:26:09 NOTICE: data/video/ImpliHateVid/All/IM_456.mp4: Can't follow symlink without -L/--copy-links
2026/08/06 08:26:09 NOTICE: data/video/ImpliHateVid/All/IM_457.mp4: Can't follow symlink without -L/--copy-links
2026/08/06 08:26:09 NOTICE: data/video/ImpliHateVid/All/IM_458.mp4: Can't follow symlink without -L/--copy-links
2026/08/06 08:26:09 NOTICE: data/video/ImpliHateVid/All/IM_459.mp4: Can't follow symlink without -L/--copy-links
2026/08/06 08:26:09 NOTICE: data/video/ImpliHateVid/All/IM_46.mp4: Can't follow symlink without -L/--copy-links
2026/08/06 08:26:09 NOTICE: data/video/ImpliHateVid/All/IM_460.mp4: Can't follow symlink without -L/--copy-links
2026/08/06 08:26:09 NOTICE: data/video/ImpliHateVid/All/IM_461.mp4: Can't follow symlink without -L/--copy-links
2026/08/06 08:26:09 NOTICE: data/video/ImpliHateVid/All/IM_462.mp4: Can't follow symlink without -L/--copy-links
2026/08/06 08:26:09 NOTICE: data/video/ImpliHateVid/All/IM_463.mp4: Can't follow symlink without -L/--copy-links
2026/08/06 08:26:09 NOTICE: data/video/ImpliHateVid/All/IM_464.mp4: Can't follow symlink without -L/--copy-links
2026/08/06 08:26:09 NOTICE: data/video/ImpliHateVid/All/IM_465.mp4: Can't follow symlink without -L/--copy-links
2026/08/06 08:26:09 NOTICE: data/video/ImpliHateVid/All/IM_466.mp4: Can't follow symlink without -L/--copy-links
2026/08/06 08:26:09 NOTICE: data/video/ImpliHateVid/All/IM_467.mp4: Can't follow symlink without -L/--copy-links
2026/08/06 08:26:09 NOTICE: data/video/ImpliHateVid/All/IM_468.mp4: Can't follow symlink without -L/--copy-links
2026/08/06 08:26:09 NOTICE: data/video/ImpliHateVid/All/IM_469.mp4: Can't follow symlink without -L/--copy-links
2026/08/06 08:26:09 NOTICE: data/video/ImpliHateVid/All/IM_47.mp4: Can't follow symlink without -L/--copy-links
2026/08/06 08:26:09 NOTICE: data/video/ImpliHateVid/All/IM_470.mp4: Can't follow symlink without -L/--copy-links
2026/08/06 08:26:09 NOTICE: data/video/ImpliHateVid/All/IM_471.mp4: Can't follow symlink without -L/--copy-links
2026/08/06 08:26:09 NOTICE: data/video/ImpliHateVid/All/IM_472.mp4: Can't follow symlink without -L/--copy-links
2026/08/06 08:26:09 NOTICE: data/video/ImpliHateVid/All/IM_473.mp4: Can't follow symlink without -L/--copy-links
2026/08/06 08:26:09 NOTICE: data/video/ImpliHateVid/All/IM_474.mp4: Can't follow symlink without -L/--copy-links
2026/08/06 08:26:09 NOTICE: data/video/ImpliHateVid/All/IM_475.mp4: Can't follow symlink without -L/--copy-links
2026/08/06 08:26:09 NOTICE: data/video/ImpliHateVid/All/IM_476.mp4: Can't follow symlink without -L/--copy-links
2026/08/06 08:26:09 NOTICE: data/video/ImpliHateVid/All/IM_477.mp4: Can't follow symlink without -L/--copy-links
2026/08/06 08:26:09 NOTICE: data/video/ImpliHateVid/All/IM_478.mp4: Can't follow symlink without -L/--copy-links
2026/08/06 08:26:09 NOTICE: data/video/ImpliHateVid/All/IM_479.mp4: Can't follow symlink without -L/--copy-links
2026/08/06 08:26:09 NOTICE: data/video/ImpliHateVid/All/IM_48.mp4: Can't follow symlink without -L/--copy-links
2026/08/06 08:26:09 NOTICE: data/video/ImpliHateVid/All/IM_480.mp4: Can't follow symlink without -L/--copy-links
2026/08/06 08:26:09 NOTICE: data/video/ImpliHateVid/All/IM_481.mp4: Can't follow symlink without -L/--copy-links
2026/08/06 08:26:09 NOTICE: data/video/ImpliHateVid/All/IM_482.mp4: Can't follow symlink without -L/--copy-links
2026/08/06 08:26:09 NOTICE: data/video/ImpliHateVid/All/IM_483.mp4: Can't follow symlink without -L/--copy-links
2026/08/06 08:26:09 NOTICE: data/video/ImpliHateVid/All/IM_484.mp4: Can't follow symlink without -L/--copy-links
2026/08/06 08:26:09 NOTICE: data/video/ImpliHateVid/All/IM_485.mp4: Can't follow symlink without -L/--copy-links
2026/08/06 08:26:09 NOTICE: data/video/ImpliHateVid/All/IM_486.mp4: Can't follow symlink without -L/--copy-links
2026/08/06 08:26:09 NOTICE: data/video/ImpliHateVid/All/IM_487.mp4: Can't follow symlink without -L/--copy-links
2026/08/06 08:26:09 NOTICE: data/video/ImpliHateVid/All/IM_488.mp4: Can't follow symlink without -L/--copy-links
2026/08/06 08:26:09 NOTICE: data/video/ImpliHateVid/All/IM_489.mp4: Can't follow symlink without -L/--copy-links
2026/08/06 08:26:09 NOTICE: data/video/ImpliHateVid/All/IM_49.mp4: Can't follow symlink without -L/--copy-links
2026/08/06 08:26:09 NOTICE: data/video/ImpliHateVid/All/IM_490.mp4: Can't follow symlink without -L/--copy-links
2026/08/06 08:26:09 NOTICE: data/video/ImpliHateVid/All/IM_491.mp4: Can't follow symlink without -L/--copy-links
2026/08/06 08:26:09 NOTICE: data/video/ImpliHateVid/All/IM_492.mp4: Can't follow symlink without -L/--copy-links
2026/08/06 08:26:09 NOTICE: data/video/ImpliHateVid/All/IM_493.mp4: Can't follow symlink without -L/--copy-links
2026/08/06 08:26:09 NOTICE: data/video/ImpliHateVid/All/IM_494.mp4: Can't follow symlink without -L/--copy-links
2026/08/06 08:26:09 NOTICE: data/video/ImpliHateVid/All/IM_495.mp4: Can't follow symlink without -L/--copy-links
2026/08/06 08:26:09 NOTICE: data/video/ImpliHateVid/All/IM_496.mp4: Can't follow symlink without -L/--copy-links
2026/08/06 08:26:09 NOTICE: data/video/ImpliHateVid/All/IM_497.mp4: Can't follow symlink without -L/--copy-links
2026/08/06 08:26:09 NOTICE: data/video/ImpliHateVid/All/IM_498.mp4: Can't follow symlink without -L/--copy-links
2026/08/06 08:26:09 NOTICE: data/video/ImpliHateVid/All/IM_499.mp4: Can't follow symlink without -L/--copy-links
2026/08/06 08:26:09 NOTICE: data/video/ImpliHateVid/All/IM_5.mp4: Can't follow symlink without -L/--copy-links
2026/08/06 08:26:09 NOTICE: data/video/ImpliHateVid/All/IM_50.mp4: Can't follow symlink without -L/--copy-links
2026/08/06 08:26:09 NOTICE: data/video/ImpliHateVid/All/IM_500.mp4: Can't follow symlink without -L/--copy-links
2026/08/06 08:26:09 NOTICE: data/video/ImpliHateVid/All/IM_501.mp4: Can't follow symlink without -L/--copy-links
2026/08/06 08:26:09 NOTICE: data/video/ImpliHateVid/All/IM_502.mp4: Can't follow symlink without -L/--copy-links
2026/08/06 08:26:09 NOTICE: data/video/ImpliHateVid/All/IM_503.mp4: Can't follow symlink without -L/--copy-links
2026/08/06 08:26:09 NOTICE: data/video/ImpliHateVid/All/IM_504.mp4: Can't follow symlink without -L/--copy-links
2026/08/06 08:26:09 NOTICE: data/video/ImpliHateVid/All/IM_505.mp4: Can't follow symlink without -L/--copy-links
2026/08/06 08:26:09 NOTICE: data/video/ImpliHateVid/All/IM_506.mp4: Can't follow symlink without -L/--copy-links
2026/08/06 08:26:09 NOTICE: data/video/ImpliHateVid/All/IM_507.mp4: Can't follow symlink without -L/--copy-links
2026/08/06 08:26:09 NOTICE: data/video/ImpliHateVid/All/IM_508.mp4: Can't follow symlink without -L/--copy-links
2026/08/06 08:26:09 NOTICE: data/video/ImpliHateVid/All/IM_509.mp4: Can't follow symlink without -L/--copy-links
2026/08/06 08:26:09 NOTICE: data/video/ImpliHateVid/All/IM_51.mp4: Can't follow symlink without -L/--copy-links
2026/08/06 08:26:09 NOTICE: data/video/ImpliHateVid/All/IM_52.mp4: Can't follow symlink without -L/--copy-links
2026/08/06 08:26:09 NOTICE: data/video/ImpliHateVid/All/IM_53.mp4: Can't follow symlink without -L/--copy-links
2026/08/06 08:26:09 NOTICE: data/video/ImpliHateVid/All/IM_54.mp4: Can't follow symlink without -L/--copy-links
2026/08/06 08:26:09 NOTICE: data/video/ImpliHateVid/All/IM_55.mp4: Can't follow symlink without -L/--copy-links
2026/08/06 08:26:09 NOTICE: data/video/ImpliHateVid/All/IM_56.mp4: Can't follow symlink without -L/--copy-links
2026/08/06 08:26:09 NOTICE: data/video/ImpliHateVid/All/IM_57.mp4: Can't follow symlink without -L/--copy-links
2026/08/06 08:26:09 NOTICE: data/video/ImpliHateVid/All/IM_58.mp4: Can't follow symlink without -L/--copy-links
2026/08/06 08:26:09 NOTICE: data/video/ImpliHateVid/All/IM_59.mp4: Can't follow symlink without -L/--copy-links
2026/08/06 08:26:09 NOTICE: data/video/ImpliHateVid/All/IM_6.mp4: Can't follow symlink without -L/--copy-links
2026/08/06 08:26:09 NOTICE: data/video/ImpliHateVid/All/IM_60.mp4: Can't follow symlink without -L/--copy-links
2026/08/06 08:26:09 NOTICE: data/video/ImpliHateVid/All/IM_61.mp4: Can't follow symlink without -L/--copy-links
2026/08/06 08:26:09 NOTICE: data/video/ImpliHateVid/All/IM_62.mp4: Can't follow symlink without -L/--copy-links
2026/08/06 08:26:09 NOTICE: data/video/ImpliHateVid/All/IM_63.mp4: Can't follow symlink without -L/--copy-links
2026/08/06 08:26:09 NOTICE: data/video/ImpliHateVid/All/IM_64.mp4: Can't follow symlink without -L/--copy-links
2026/08/06 08:26:09 NOTICE: data/video/ImpliHateVid/All/IM_65.mp4: Can't follow symlink without -L/--copy-links
2026/08/06 08:26:09 NOTICE: data/video/ImpliHateVid/All/IM_66.mp4: Can't follow symlink without -L/--copy-links
2026/08/06 08:26:09 NOTICE: data/video/ImpliHateVid/All/IM_67.mp4: Can't follow symlink without -L/--copy-links
2026/08/06 08:26:09 NOTICE: data/video/ImpliHateVid/All/IM_68.mp4: Can't follow symlink without -L/--copy-links
2026/08/06 08:26:09 NOTICE: data/video/ImpliHateVid/All/IM_69.mp4: Can't follow symlink without -L/--copy-links
2026/08/06 08:26:09 NOTICE: data/video/ImpliHateVid/All/IM_7.mp4: Can't follow symlink without -L/--copy-links
2026/08/06 08:26:09 NOTICE: data/video/ImpliHateVid/All/IM_70.mp4: Can't follow symlink without -L/--copy-links
2026/08/06 08:26:09 NOTICE: data/video/ImpliHateVid/All/IM_71.mp4: Can't follow symlink without -L/--copy-links
2026/08/06 08:26:09 NOTICE: data/video/ImpliHateVid/All/IM_72.mp4: Can't follow symlink without -L/--copy-links
2026/08/06 08:26:09 NOTICE: data/video/ImpliHateVid/All/IM_73.mp4: Can't follow symlink without -L/--copy-links
2026/08/06 08:26:09 NOTICE: data/video/ImpliHateVid/All/IM_74.mp4: Can't follow symlink without -L/--copy-links
2026/08/06 08:26:09 NOTICE: data/video/ImpliHateVid/All/IM_75.mp4: Can't follow symlink without -L/--copy-links
2026/08/06 08:26:09 NOTICE: data/video/ImpliHateVid/All/IM_76.mp4: Can't follow symlink without -L/--copy-links
2026/08/06 08:26:09 NOTICE: data/video/ImpliHateVid/All/IM_77.mp4: Can't follow symlink without -L/--copy-links
2026/08/06 08:26:09 NOTICE: data/video/ImpliHateVid/All/IM_78.mp4: Can't follow symlink without -L/--copy-links
2026/08/06 08:26:09 NOTICE: data/video/ImpliHateVid/All/IM_79.mp4: Can't follow symlink without -L/--copy-links
2026/08/06 08:26:09 NOTICE: data/video/ImpliHateVid/All/IM_8.mp4: Can't follow symlink without -L/--copy-links
2026/08/06 08:26:09 NOTICE: data/video/ImpliHateVid/All/IM_80.mp4: Can't follow symlink without -L/--copy-links
2026/08/06 08:26:09 NOTICE: data/video/ImpliHateVid/All/IM_81.mp4: Can't follow symlink without -L/--copy-links
2026/08/06 08:26:09 NOTICE: data/video/ImpliHateVid/All/IM_82.mp4: Can't follow symlink without -L/--copy-links
2026/08/06 08:26:09 NOTICE: data/video/ImpliHateVid/All/IM_83.mp4: Can't follow symlink without -L/--copy-links
2026/08/06 08:26:09 NOTICE: data/video/ImpliHateVid/All/IM_84.mp4: Can't follow symlink without -L/--copy-links
2026/08/06 08:26:09 NOTICE: data/video/ImpliHateVid/All/IM_85.mp4: Can't follow symlink without -L/--copy-links
2026/08/06 08:26:09 NOTICE: data/video/ImpliHateVid/All/IM_86.mp4: Can't follow symlink without -L/--copy-links
2026/08/06 08:26:09 NOTICE: data/video/ImpliHateVid/All/IM_87.mp4: Can't follow symlink without -L/--copy-links
2026/08/06 08:26:09 NOTICE: data/video/ImpliHateVid/All/IM_88.mp4: Can't follow symlink without -L/--copy-links
2026/08/06 08:26:09 NOTICE: data/video/ImpliHateVid/All/IM_89.mp4: Can't follow symlink without -L/--copy-links
2026/08/06 08:26:09 NOTICE: data/video/ImpliHateVid/All/IM_9.mp4: Can't follow symlink without -L/--copy-links
2026/08/06 08:26:09 NOTICE: data/video/ImpliHateVid/All/IM_90.mp4: Can't follow symlink without -L/--copy-links
2026/08/06 08:26:09 NOTICE: data/video/ImpliHateVid/All/IM_91.mp4: Can't follow symlink without -L/--copy-links
2026/08/06 08:26:09 NOTICE: data/video/ImpliHateVid/All/IM_92.mp4: Can't follow symlink without -L/--copy-links
2026/08/06 08:26:09 NOTICE: data/video/ImpliHateVid/All/IM_93.mp4: Can't follow symlink without -L/--copy-links
2026/08/06 08:26:09 NOTICE: data/video/ImpliHateVid/All/IM_94.mp4: Can't follow symlink without -L/--copy-links
2026/08/06 08:26:09 NOTICE: data/video/ImpliHateVid/All/IM_95.mp4: Can't follow symlink without -L/--copy-links
2026/08/06 08:26:09 NOTICE: data/video/ImpliHateVid/All/IM_96.mp4: Can't follow symlink without -L/--copy-links
2026/08/06 08:26:09 NOTICE: data/video/ImpliHateVid/All/IM_97.mp4: Can't follow symlink without -L/--copy-links
2026/08/06 08:26:09 NOTICE: data/video/ImpliHateVid/All/IM_98.mp4: Can't follow symlink without -L/--copy-links
2026/08/06 08:26:09 NOTICE: data/video/ImpliHateVid/All/IM_99.mp4: Can't follow symlink without -L/--copy-links
2026/08/06 08:26:09 NOTICE: data/video/ImpliHateVid/All/NH_1.mp4: Can't follow symlink without -L/--copy-links
2026/08/06 08:26:09 NOTICE: data/video/ImpliHateVid/All/NH_10.mp4: Can't follow symlink without -L/--copy-links
2026/08/06 08:26:09 NOTICE: data/video/ImpliHateVid/All/NH_100.mp4: Can't follow symlink without -L/--copy-links
2026/08/06 08:26:09 NOTICE: data/video/ImpliHateVid/All/NH_1000.mp4: Can't follow symlink without -L/--copy-links
2026/08/06 08:26:09 NOTICE: data/video/ImpliHateVid/All/NH_101.mp4: Can't follow symlink without -L/--copy-links
2026/08/06 08:26:09 NOTICE: data/video/ImpliHateVid/All/NH_102.mp4: Can't follow symlink without -L/--copy-links
2026/08/06 08:26:09 NOTICE: data/video/ImpliHateVid/All/NH_103.mp4: Can't follow symlink without -L/--copy-links
2026/08/06 08:26:09 NOTICE: data/video/ImpliHateVid/All/NH_104.mp4: Can't follow symlink without -L/--copy-links
2026/08/06 08:26:09 NOTICE: data/video/ImpliHateVid/All/NH_105.mp4: Can't follow symlink without -L/--copy-links
2026/08/06 08:26:09 NOTICE: data/video/ImpliHateVid/All/NH_106.mp4: Can't follow symlink without -L/--copy-links
2026/08/06 08:26:09 NOTICE: data/video/ImpliHateVid/All/NH_107.mp4: Can't follow symlink without -L/--copy-links
2026/08/06 08:26:09 NOTICE: data/video/ImpliHateVid/All/NH_108.mp4: Can't follow symlink without -L/--copy-links
2026/08/06 08:26:09 NOTICE: data/video/ImpliHateVid/All/NH_109.mp4: Can't follow symlink without -L/--copy-links
2026/08/06 08:26:09 NOTICE: data/video/ImpliHateVid/All/NH_11.mp4: Can't follow symlink without -L/--copy-links
2026/08/06 08:26:09 NOTICE: data/video/ImpliHateVid/All/NH_110.mp4: Can't follow symlink without -L/--copy-links
2026/08/06 08:26:09 NOTICE: data/video/ImpliHateVid/All/NH_111.mp4: Can't follow symlink without -L/--copy-links
2026/08/06 08:26:09 NOTICE: data/video/ImpliHateVid/All/NH_112.mp4: Can't follow symlink without -L/--copy-links
2026/08/06 08:26:09 NOTICE: data/video/ImpliHateVid/All/NH_113.mp4: Can't follow symlink without -L/--copy-links
2026/08/06 08:26:09 NOTICE: data/video/ImpliHateVid/All/NH_114.mp4: Can't follow symlink without -L/--copy-links
2026/08/06 08:26:09 NOTICE: data/video/ImpliHateVid/All/NH_115.mp4: Can't follow symlink without -L/--copy-links
2026/08/06 08:26:09 NOTICE: data/video/ImpliHateVid/All/NH_116.mp4: Can't follow symlink without -L/--copy-links
2026/08/06 08:26:09 NOTICE: data/video/ImpliHateVid/All/NH_117.mp4: Can't follow symlink without -L/--copy-links
2026/08/06 08:26:09 NOTICE: data/video/ImpliHateVid/All/NH_118.mp4: Can't follow symlink without -L/--copy-links
2026/08/06 08:26:09 NOTICE: data/video/ImpliHateVid/All/NH_119.mp4: Can't follow symlink without -L/--copy-links
2026/08/06 08:26:09 NOTICE: data/video/ImpliHateVid/All/NH_12.mp4: Can't follow symlink without -L/--copy-links
2026/08/06 08:26:09 NOTICE: data/video/ImpliHateVid/All/NH_120.mp4: Can't follow symlink without -L/--copy-links
2026/08/06 08:26:09 NOTICE: data/video/ImpliHateVid/All/NH_121.mp4: Can't follow symlink without -L/--copy-links
2026/08/06 08:26:09 NOTICE: data/video/ImpliHateVid/All/NH_122.mp4: Can't follow symlink without -L/--copy-links
2026/08/06 08:26:09 NOTICE: data/video/ImpliHateVid/All/NH_123.mp4: Can't follow symlink without -L/--copy-links
2026/08/06 08:26:09 NOTICE: data/video/ImpliHateVid/All/NH_124.mp4: Can't follow symlink without -L/--copy-links
2026/08/06 08:26:09 NOTICE: data/video/ImpliHateVid/All/NH_125.mp4: Can't follow symlink without -L/--copy-links
2026/08/06 08:26:09 NOTICE: data/video/ImpliHateVid/All/NH_126.mp4: Can't follow symlink without -L/--copy-links
2026/08/06 08:26:09 NOTICE: data/video/ImpliHateVid/All/NH_127.mp4: Can't follow symlink without -L/--copy-links
2026/08/06 08:26:09 NOTICE: data/video/ImpliHateVid/All/NH_128.mp4: Can't follow symlink without -L/--copy-links
2026/08/06 08:26:09 NOTICE: data/video/ImpliHateVid/All/NH_129.mp4: Can't follow symlink without -L/--copy-links
2026/08/06 08:26:09 NOTICE: data/video/ImpliHateVid/All/NH_13.mp4: Can't follow symlink without -L/--copy-links
2026/08/06 08:26:09 NOTICE: data/video/ImpliHateVid/All/NH_130.mp4: Can't follow symlink without -L/--copy-links
2026/08/06 08:26:09 NOTICE: data/video/ImpliHateVid/All/NH_131.mp4: Can't follow symlink without -L/--copy-links
2026/08/06 08:26:09 NOTICE: data/video/ImpliHateVid/All/NH_132.mp4: Can't follow symlink without -L/--copy-links
2026/08/06 08:26:09 NOTICE: data/video/ImpliHateVid/All/NH_133.mp4: Can't follow symlink without -L/--copy-links
2026/08/06 08:26:09 NOTICE: data/video/ImpliHateVid/All/NH_134.mp4: Can't follow symlink without -L/--copy-links
2026/08/06 08:26:09 NOTICE: data/video/ImpliHateVid/All/NH_135.mp4: Can't follow symlink without -L/--copy-links
2026/08/06 08:26:09 NOTICE: data/video/ImpliHateVid/All/NH_136.mp4: Can't follow symlink without -L/--copy-links
2026/08/06 08:26:09 NOTICE: data/video/ImpliHateVid/All/NH_137.mp4: Can't follow symlink without -L/--copy-links
2026/08/06 08:26:09 NOTICE: data/video/ImpliHateVid/All/NH_138.mp4: Can't follow symlink without -L/--copy-links
2026/08/06 08:26:09 NOTICE: data/video/ImpliHateVid/All/NH_139.mp4: Can't follow symlink without -L/--copy-links
2026/08/06 08:26:09 NOTICE: data/video/ImpliHateVid/All/NH_14.mp4: Can't follow symlink without -L/--copy-links
2026/08/06 08:26:09 NOTICE: data/video/ImpliHateVid/All/NH_140.mp4: Can't follow symlink without -L/--copy-links
2026/08/06 08:26:09 NOTICE: data/video/ImpliHateVid/All/NH_141.mp4: Can't follow symlink without -L/--copy-links
2026/08/06 08:26:09 NOTICE: data/video/ImpliHateVid/All/NH_142.mp4: Can't follow symlink without -L/--copy-links
2026/08/06 08:26:09 NOTICE: data/video/ImpliHateVid/All/NH_143.mp4: Can't follow symlink without -L/--copy-links
2026/08/06 08:26:09 NOTICE: data/video/ImpliHateVid/All/NH_144.mp4: Can't follow symlink without -L/--copy-links
2026/08/06 08:26:09 NOTICE: data/video/ImpliHateVid/All/NH_145.mp4: Can't follow symlink without -L/--copy-links
2026/08/06 08:26:09 NOTICE: data/video/ImpliHateVid/All/NH_146.mp4: Can't follow symlink without -L/--copy-links
2026/08/06 08:26:09 NOTICE: data/video/ImpliHateVid/All/NH_147.mp4: Can't follow symlink without -L/--copy-links
2026/08/06 08:26:09 NOTICE: data/video/ImpliHateVid/All/NH_148.mp4: Can't follow symlink without -L/--copy-links
2026/08/06 08:26:09 NOTICE: data/video/ImpliHateVid/All/NH_149.mp4: Can't follow symlink without -L/--copy-links
2026/08/06 08:26:09 NOTICE: data/video/ImpliHateVid/All/NH_15.mp4: Can't follow symlink without -L/--copy-links
2026/08/06 08:26:09 NOTICE: data/video/ImpliHateVid/All/NH_150.mp4: Can't follow symlink without -L/--copy-links
2026/08/06 08:26:09 NOTICE: data/video/ImpliHateVid/All/NH_151.mp4: Can't follow symlink without -L/--copy-links
2026/08/06 08:26:09 NOTICE: data/video/ImpliHateVid/All/NH_152.mp4: Can't follow symlink without -L/--copy-links
2026/08/06 08:26:09 NOTICE: data/video/ImpliHateVid/All/NH_153.mp4: Can't follow symlink without -L/--copy-links
2026/08/06 08:26:09 NOTICE: data/video/ImpliHateVid/All/NH_154.mp4: Can't follow symlink without -L/--copy-links
2026/08/06 08:26:09 NOTICE: data/video/ImpliHateVid/All/NH_155.mp4: Can't follow symlink without -L/--copy-links
2026/08/06 08:26:09 NOTICE: data/video/ImpliHateVid/All/NH_156.mp4: Can't follow symlink without -L/--copy-links
2026/08/06 08:26:09 NOTICE: data/video/ImpliHateVid/All/NH_157.mp4: Can't follow symlink without -L/--copy-links
2026/08/06 08:26:09 NOTICE: data/video/ImpliHateVid/All/NH_158.mp4: Can't follow symlink without -L/--copy-links
2026/08/06 08:26:09 NOTICE: data/video/ImpliHateVid/All/NH_159.mp4: Can't follow symlink without -L/--copy-links
2026/08/06 08:26:09 NOTICE: data/video/ImpliHateVid/All/NH_16.mp4: Can't follow symlink without -L/--copy-links
2026/08/06 08:26:09 NOTICE: data/video/ImpliHateVid/All/NH_160.mp4: Can't follow symlink without -L/--copy-links
2026/08/06 08:26:09 NOTICE: data/video/ImpliHateVid/All/NH_161.mp4: Can't follow symlink without -L/--copy-links
2026/08/06 08:26:09 NOTICE: data/video/ImpliHateVid/All/NH_162.mp4: Can't follow symlink without -L/--copy-links
2026/08/06 08:26:09 NOTICE: data/video/ImpliHateVid/All/NH_163.mp4: Can't follow symlink without -L/--copy-links
2026/08/06 08:26:09 NOTICE: data/video/ImpliHateVid/All/NH_164.mp4: Can't follow symlink without -L/--copy-links
2026/08/06 08:26:09 NOTICE: data/video/ImpliHateVid/All/NH_165.mp4: Can't follow symlink without -L/--copy-links
2026/08/06 08:26:09 NOTICE: data/video/ImpliHateVid/All/NH_166.mp4: Can't follow symlink without -L/--copy-links
2026/08/06 08:26:09 NOTICE: data/video/ImpliHateVid/All/NH_167.mp4: Can't follow symlink without -L/--copy-links
2026/08/06 08:26:09 NOTICE: data/video/ImpliHateVid/All/NH_168.mp4: Can't follow symlink without -L/--copy-links
2026/08/06 08:26:09 NOTICE: data/video/ImpliHateVid/All/NH_169.mp4: Can't follow symlink without -L/--copy-links
2026/08/06 08:26:09 NOTICE: data/video/ImpliHateVid/All/NH_17.mp4: Can't follow symlink without -L/--copy-links
2026/08/06 08:26:09 NOTICE: data/video/ImpliHateVid/All/NH_170.mp4: Can't follow symlink without -L/--copy-links
2026/08/06 08:26:09 NOTICE: data/video/ImpliHateVid/All/NH_171.mp4: Can't follow symlink without -L/--copy-links
2026/08/06 08:26:09 NOTICE: data/video/ImpliHateVid/All/NH_172.mp4: Can't follow symlink without -L/--copy-links
2026/08/06 08:26:09 NOTICE: data/video/ImpliHateVid/All/NH_173.mp4: Can't follow symlink without -L/--copy-links
2026/08/06 08:26:09 NOTICE: data/video/ImpliHateVid/All/NH_174.mp4: Can't follow symlink without -L/--copy-links
2026/08/06 08:26:09 NOTICE: data/video/ImpliHateVid/All/NH_175.mp4: Can't follow symlink without -L/--copy-links
2026/08/06 08:26:09 NOTICE: data/video/ImpliHateVid/All/NH_176.mp4: Can't follow symlink without -L/--copy-links
2026/08/06 08:26:09 NOTICE: data/video/ImpliHateVid/All/NH_177.mp4: Can't follow symlink without -L/--copy-links
2026/08/06 08:26:09 NOTICE: data/video/ImpliHateVid/All/NH_178.mp4: Can't follow symlink without -L/--copy-links
2026/08/06 08:26:09 NOTICE: data/video/ImpliHateVid/All/NH_179.mp4: Can't follow symlink without -L/--copy-links
2026/08/06 08:26:09 NOTICE: data/video/ImpliHateVid/All/NH_18.mp4: Can't follow symlink without -L/--copy-links
2026/08/06 08:26:09 NOTICE: data/video/ImpliHateVid/All/NH_180.mp4: Can't follow symlink without -L/--copy-links
2026/08/06 08:26:09 NOTICE: data/video/ImpliHateVid/All/NH_181.mp4: Can't follow symlink without -L/--copy-links
2026/08/06 08:26:09 NOTICE: data/video/ImpliHateVid/All/NH_182.mp4: Can't follow symlink without -L/--copy-links
2026/08/06 08:26:09 NOTICE: data/video/ImpliHateVid/All/NH_183.mp4: Can't follow symlink without -L/--copy-links
2026/08/06 08:26:09 NOTICE: data/video/ImpliHateVid/All/NH_184.mp4: Can't follow symlink without -L/--copy-links
2026/08/06 08:26:09 NOTICE: data/video/ImpliHateVid/All/NH_185.mp4: Can't follow symlink without -L/--copy-links
2026/08/06 08:26:09 NOTICE: data/video/ImpliHateVid/All/NH_186.mp4: Can't follow symlink without -L/--copy-links
2026/08/06 08:26:09 NOTICE: data/video/ImpliHateVid/All/NH_187.mp4: Can't follow symlink without -L/--copy-links
2026/08/06 08:26:09 NOTICE: data/video/ImpliHateVid/All/NH_188.mp4: Can't follow symlink without -L/--copy-links
2026/08/06 08:26:09 NOTICE: data/video/ImpliHateVid/All/NH_189.mp4: Can't follow symlink without -L/--copy-links
2026/08/06 08:26:09 NOTICE: data/video/ImpliHateVid/All/NH_19.mp4: Can't follow symlink without -L/--copy-links
2026/08/06 08:26:09 NOTICE: data/video/ImpliHateVid/All/NH_190.mp4: Can't follow symlink without -L/--copy-links
2026/08/06 08:26:09 NOTICE: data/video/ImpliHateVid/All/NH_191.mp4: Can't follow symlink without -L/--copy-links
2026/08/06 08:26:09 NOTICE: data/video/ImpliHateVid/All/NH_192.mp4: Can't follow symlink without -L/--copy-links
2026/08/06 08:26:09 NOTICE: data/video/ImpliHateVid/All/NH_193.mp4: Can't follow symlink without -L/--copy-links
2026/08/06 08:26:09 NOTICE: data/video/ImpliHateVid/All/NH_194.mp4: Can't follow symlink without -L/--copy-links
2026/08/06 08:26:09 NOTICE: data/video/ImpliHateVid/All/NH_195.mp4: Can't follow symlink without -L/--copy-links
2026/08/06 08:26:09 NOTICE: data/video/ImpliHateVid/All/NH_196.mp4: Can't follow symlink without -L/--copy-links
2026/08/06 08:26:09 NOTICE: data/video/ImpliHateVid/All/NH_197.mp4: Can't follow symlink without -L/--copy-links
2026/08/06 08:26:09 NOTICE: data/video/ImpliHateVid/All/NH_198.mp4: Can't follow symlink without -L/--copy-links
2026/08/06 08:26:09 NOTICE: data/video/ImpliHateVid/All/NH_199.mp4: Can't follow symlink without -L/--copy-links
2026/08/06 08:26:09 NOTICE: data/video/ImpliHateVid/All/NH_2.mp4: Can't follow symlink without -L/--copy-links
2026/08/06 08:26:09 NOTICE: data/video/ImpliHateVid/All/NH_20.mp4: Can't follow symlink without -L/--copy-links
2026/08/06 08:26:09 NOTICE: data/video/ImpliHateVid/All/NH_200.mp4: Can't follow symlink without -L/--copy-links
2026/08/06 08:26:09 NOTICE: data/video/ImpliHateVid/All/NH_201.mp4: Can't follow symlink without -L/--copy-links
2026/08/06 08:26:09 NOTICE: data/video/ImpliHateVid/All/NH_202.mp4: Can't follow symlink without -L/--copy-links
2026/08/06 08:26:09 NOTICE: data/video/ImpliHateVid/All/NH_203.mp4: Can't follow symlink without -L/--copy-links
2026/08/06 08:26:09 NOTICE: data/video/ImpliHateVid/All/NH_204.mp4: Can't follow symlink without -L/--copy-links
2026/08/06 08:26:09 NOTICE: data/video/ImpliHateVid/All/NH_205.mp4: Can't follow symlink without -L/--copy-links
2026/08/06 08:26:09 NOTICE: data/video/ImpliHateVid/All/NH_206.mp4: Can't follow symlink without -L/--copy-links
2026/08/06 08:26:09 NOTICE: data/video/ImpliHateVid/All/NH_207.mp4: Can't follow symlink without -L/--copy-links
2026/08/06 08:26:09 NOTICE: data/video/ImpliHateVid/All/NH_208.mp4: Can't follow symlink without -L/--copy-links
2026/08/06 08:26:09 NOTICE: data/video/ImpliHateVid/All/NH_209.mp4: Can't follow symlink without -L/--copy-links
2026/08/06 08:26:09 NOTICE: data/video/ImpliHateVid/All/NH_21.mp4: Can't follow symlink without -L/--copy-links
2026/08/06 08:26:09 NOTICE: data/video/ImpliHateVid/All/NH_210.mp4: Can't follow symlink without -L/--copy-links
2026/08/06 08:26:09 NOTICE: data/video/ImpliHateVid/All/NH_211.mp4: Can't follow symlink without -L/--copy-links
2026/08/06 08:26:09 NOTICE: data/video/ImpliHateVid/All/NH_212.mp4: Can't follow symlink without -L/--copy-links
2026/08/06 08:26:09 NOTICE: data/video/ImpliHateVid/All/NH_213.mp4: Can't follow symlink without -L/--copy-links
2026/08/06 08:26:09 NOTICE: data/video/ImpliHateVid/All/NH_214.mp4: Can't follow symlink without -L/--copy-links
2026/08/06 08:26:09 NOTICE: data/video/ImpliHateVid/All/NH_215.mp4: Can't follow symlink without -L/--copy-links
2026/08/06 08:26:09 NOTICE: data/video/ImpliHateVid/All/NH_216.mp4: Can't follow symlink without -L/--copy-links
2026/08/06 08:26:09 NOTICE: data/video/ImpliHateVid/All/NH_217.mp4: Can't follow symlink without -L/--copy-links
2026/08/06 08:26:09 NOTICE: data/video/ImpliHateVid/All/NH_218.mp4: Can't follow symlink without -L/--copy-links
2026/08/06 08:26:09 NOTICE: data/video/ImpliHateVid/All/NH_219.mp4: Can't follow symlink without -L/--copy-links
2026/08/06 08:26:09 NOTICE: data/video/ImpliHateVid/All/NH_22.mp4: Can't follow symlink without -L/--copy-links
2026/08/06 08:26:09 NOTICE: data/video/ImpliHateVid/All/NH_220.mp4: Can't follow symlink without -L/--copy-links
2026/08/06 08:26:09 NOTICE: data/video/ImpliHateVid/All/NH_221.mp4: Can't follow symlink without -L/--copy-links
2026/08/06 08:26:09 NOTICE: data/video/ImpliHateVid/All/NH_222.mp4: Can't follow symlink without -L/--copy-links
2026/08/06 08:26:09 NOTICE: data/video/ImpliHateVid/All/NH_223.mp4: Can't follow symlink without -L/--copy-links
2026/08/06 08:26:09 NOTICE: data/video/ImpliHateVid/All/NH_224.mp4: Can't follow symlink without -L/--copy-links
2026/08/06 08:26:09 NOTICE: data/video/ImpliHateVid/All/NH_225.mp4: Can't follow symlink without -L/--copy-links
2026/08/06 08:26:09 NOTICE: data/video/ImpliHateVid/All/NH_226.mp4: Can't follow symlink without -L/--copy-links
2026/08/06 08:26:09 NOTICE: data/video/ImpliHateVid/All/NH_227.mp4: Can't follow symlink without -L/--copy-links
2026/08/06 08:26:09 NOTICE: data/video/ImpliHateVid/All/NH_228.mp4: Can't follow symlink without -L/--copy-links
2026/08/06 08:26:09 NOTICE: data/video/ImpliHateVid/All/NH_229.mp4: Can't follow symlink without -L/--copy-links
2026/08/06 08:26:09 NOTICE: data/video/ImpliHateVid/All/NH_23.mp4: Can't follow symlink without -L/--copy-links
2026/08/06 08:26:09 NOTICE: data/video/ImpliHateVid/All/NH_230.mp4: Can't follow symlink without -L/--copy-links
2026/08/06 08:26:09 NOTICE: data/video/ImpliHateVid/All/NH_231.mp4: Can't follow symlink without -L/--copy-links
2026/08/06 08:26:09 NOTICE: data/video/ImpliHateVid/All/NH_232.mp4: Can't follow symlink without -L/--copy-links
2026/08/06 08:26:09 NOTICE: data/video/ImpliHateVid/All/NH_233.mp4: Can't follow symlink without -L/--copy-links
2026/08/06 08:26:09 NOTICE: data/video/ImpliHateVid/All/NH_234.mp4: Can't follow symlink without -L/--copy-links
2026/08/06 08:26:09 NOTICE: data/video/ImpliHateVid/All/NH_235.mp4: Can't follow symlink without -L/--copy-links
2026/08/06 08:26:09 NOTICE: data/video/ImpliHateVid/All/NH_236.mp4: Can't follow symlink without -L/--copy-links
2026/08/06 08:26:09 NOTICE: data/video/ImpliHateVid/All/NH_237.mp4: Can't follow symlink without -L/--copy-links
2026/08/06 08:26:09 NOTICE: data/video/ImpliHateVid/All/NH_238.mp4: Can't follow symlink without -L/--copy-links
2026/08/06 08:26:09 NOTICE: data/video/ImpliHateVid/All/NH_239.mp4: Can't follow symlink without -L/--copy-links
2026/08/06 08:26:09 NOTICE: data/video/ImpliHateVid/All/NH_24.mp4: Can't follow symlink without -L/--copy-links
2026/08/06 08:26:09 NOTICE: data/video/ImpliHateVid/All/NH_240.mp4: Can't follow symlink without -L/--copy-links
2026/08/06 08:26:09 NOTICE: data/video/ImpliHateVid/All/NH_241.mp4: Can't follow symlink without -L/--copy-links
2026/08/06 08:26:09 NOTICE: data/video/ImpliHateVid/All/NH_242.mp4: Can't follow symlink without -L/--copy-links
2026/08/06 08:26:09 NOTICE: data/video/ImpliHateVid/All/NH_243.mp4: Can't follow symlink without -L/--copy-links
2026/08/06 08:26:09 NOTICE: data/video/ImpliHateVid/All/NH_244.mp4: Can't follow symlink without -L/--copy-links
2026/08/06 08:26:09 NOTICE: data/video/ImpliHateVid/All/NH_245.mp4: Can't follow symlink without -L/--copy-links
2026/08/06 08:26:09 NOTICE: data/video/ImpliHateVid/All/NH_246.mp4: Can't follow symlink without -L/--copy-links
2026/08/06 08:26:09 NOTICE: data/video/ImpliHateVid/All/NH_247.mp4: Can't follow symlink without -L/--copy-links
2026/08/06 08:26:09 NOTICE: data/video/ImpliHateVid/All/NH_248.mp4: Can't follow symlink without -L/--copy-links
2026/08/06 08:26:09 NOTICE: data/video/ImpliHateVid/All/NH_249.mp4: Can't follow symlink without -L/--copy-links
2026/08/06 08:26:09 NOTICE: data/video/ImpliHateVid/All/NH_25.mp4: Can't follow symlink without -L/--copy-links
2026/08/06 08:26:09 NOTICE: data/video/ImpliHateVid/All/NH_250.mp4: Can't follow symlink without -L/--copy-links
2026/08/06 08:26:09 NOTICE: data/video/ImpliHateVid/All/NH_251.mp4: Can't follow symlink without -L/--copy-links
2026/08/06 08:26:09 NOTICE: data/video/ImpliHateVid/All/NH_252.mp4: Can't follow symlink without -L/--copy-links
2026/08/06 08:26:09 NOTICE: data/video/ImpliHateVid/All/NH_253.mp4: Can't follow symlink without -L/--copy-links
2026/08/06 08:26:09 NOTICE: data/video/ImpliHateVid/All/NH_254.mp4: Can't follow symlink without -L/--copy-links
2026/08/06 08:26:09 NOTICE: data/video/ImpliHateVid/All/NH_255.mp4: Can't follow symlink without -L/--copy-links
2026/08/06 08:26:09 NOTICE: data/video/ImpliHateVid/All/NH_256.mp4: Can't follow symlink without -L/--copy-links
2026/08/06 08:26:09 NOTICE: data/video/ImpliHateVid/All/NH_257.mp4: Can't follow symlink without -L/--copy-links
2026/08/06 08:26:09 NOTICE: data/video/ImpliHateVid/All/NH_258.mp4: Can't follow symlink without -L/--copy-links
2026/08/06 08:26:09 NOTICE: data/video/ImpliHateVid/All/NH_259.mp4: Can't follow symlink without -L/--copy-links
2026/08/06 08:26:09 NOTICE: data/video/ImpliHateVid/All/NH_26.mp4: Can't follow symlink without -L/--copy-links
2026/08/06 08:26:09 NOTICE: data/video/ImpliHateVid/All/NH_260.mp4: Can't follow symlink without -L/--copy-links
2026/08/06 08:26:09 NOTICE: data/video/ImpliHateVid/All/NH_261.mp4: Can't follow symlink without -L/--copy-links
2026/08/06 08:26:09 NOTICE: data/video/ImpliHateVid/All/NH_262.mp4: Can't follow symlink without -L/--copy-links
2026/08/06 08:26:09 NOTICE: data/video/ImpliHateVid/All/NH_263.mp4: Can't follow symlink without -L/--copy-links
2026/08/06 08:26:09 NOTICE: data/video/ImpliHateVid/All/NH_264.mp4: Can't follow symlink without -L/--copy-links
2026/08/06 08:26:09 NOTICE: data/video/ImpliHateVid/All/NH_265.mp4: Can't follow symlink without -L/--copy-links
2026/08/06 08:26:09 NOTICE: data/video/ImpliHateVid/All/NH_266.mp4: Can't follow symlink without -L/--copy-links
2026/08/06 08:26:09 NOTICE: data/video/ImpliHateVid/All/NH_267.mp4: Can't follow symlink without -L/--copy-links
2026/08/06 08:26:09 NOTICE: data/video/ImpliHateVid/All/NH_268.mp4: Can't follow symlink without -L/--copy-links
2026/08/06 08:26:09 NOTICE: data/video/ImpliHateVid/All/NH_269.mp4: Can't follow symlink without -L/--copy-links
2026/08/06 08:26:09 NOTICE: data/video/ImpliHateVid/All/NH_27.mp4: Can't follow symlink without -L/--copy-links
2026/08/06 08:26:09 NOTICE: data/video/ImpliHateVid/All/NH_270.mp4: Can't follow symlink without -L/--copy-links
2026/08/06 08:26:09 NOTICE: data/video/ImpliHateVid/All/NH_271.mp4: Can't follow symlink without -L/--copy-links
2026/08/06 08:26:09 NOTICE: data/video/ImpliHateVid/All/NH_272.mp4: Can't follow symlink without -L/--copy-links
2026/08/06 08:26:09 NOTICE: data/video/ImpliHateVid/All/NH_273.mp4: Can't follow symlink without -L/--copy-links
2026/08/06 08:26:09 NOTICE: data/video/ImpliHateVid/All/NH_274.mp4: Can't follow symlink without -L/--copy-links
2026/08/06 08:26:09 NOTICE: data/video/ImpliHateVid/All/NH_275.mp4: Can't follow symlink without -L/--copy-links
2026/08/06 08:26:09 NOTICE: data/video/ImpliHateVid/All/NH_276.mp4: Can't follow symlink without -L/--copy-links
2026/08/06 08:26:09 NOTICE: data/video/ImpliHateVid/All/NH_277.mp4: Can't follow symlink without -L/--copy-links
2026/08/06 08:26:09 NOTICE: data/video/ImpliHateVid/All/NH_278.mp4: Can't follow symlink without -L/--copy-links
2026/08/06 08:26:09 NOTICE: data/video/ImpliHateVid/All/NH_279.mp4: Can't follow symlink without -L/--copy-links
2026/08/06 08:26:09 NOTICE: data/video/ImpliHateVid/All/NH_28.mp4: Can't follow symlink without -L/--copy-links
2026/08/06 08:26:09 NOTICE: data/video/ImpliHateVid/All/NH_280.mp4: Can't follow symlink without -L/--copy-links
2026/08/06 08:26:09 NOTICE: data/video/ImpliHateVid/All/NH_281.mp4: Can't follow symlink without -L/--copy-links
2026/08/06 08:26:09 NOTICE: data/video/ImpliHateVid/All/NH_282.mp4: Can't follow symlink without -L/--copy-links
2026/08/06 08:26:09 NOTICE: data/video/ImpliHateVid/All/NH_283.mp4: Can't follow symlink without -L/--copy-links
2026/08/06 08:26:09 NOTICE: data/video/ImpliHateVid/All/NH_284.mp4: Can't follow symlink without -L/--copy-links
2026/08/06 08:26:09 NOTICE: data/video/ImpliHateVid/All/NH_285.mp4: Can't follow symlink without -L/--copy-links
2026/08/06 08:26:09 NOTICE: data/video/ImpliHateVid/All/NH_286.mp4: Can't follow symlink without -L/--copy-links
2026/08/06 08:26:09 NOTICE: data/video/ImpliHateVid/All/NH_287.mp4: Can't follow symlink without -L/--copy-links
2026/08/06 08:26:09 NOTICE: data/video/ImpliHateVid/All/NH_288.mp4: Can't follow symlink without -L/--copy-links
2026/08/06 08:26:09 NOTICE: data/video/ImpliHateVid/All/NH_289.mp4: Can't follow symlink without -L/--copy-links
2026/08/06 08:26:09 NOTICE: data/video/ImpliHateVid/All/NH_29.mp4: Can't follow symlink without -L/--copy-links
2026/08/06 08:26:09 NOTICE: data/video/ImpliHateVid/All/NH_290.mp4: Can't follow symlink without -L/--copy-links
2026/08/06 08:26:09 NOTICE: data/video/ImpliHateVid/All/NH_291.mp4: Can't follow symlink without -L/--copy-links
2026/08/06 08:26:09 NOTICE: data/video/ImpliHateVid/All/NH_292.mp4: Can't follow symlink without -L/--copy-links
2026/08/06 08:26:09 NOTICE: data/video/ImpliHateVid/All/NH_293.mp4: Can't follow symlink without -L/--copy-links
2026/08/06 08:26:09 NOTICE: data/video/ImpliHateVid/All/NH_294.mp4: Can't follow symlink without -L/--copy-links
2026/08/06 08:26:09 NOTICE: data/video/ImpliHateVid/All/NH_295.mp4: Can't follow symlink without -L/--copy-links
2026/08/06 08:26:09 NOTICE: data/video/ImpliHateVid/All/NH_296.mp4: Can't follow symlink without -L/--copy-links
2026/08/06 08:26:09 NOTICE: data/video/ImpliHateVid/All/NH_297.mp4: Can't follow symlink without -L/--copy-links
2026/08/06 08:26:09 NOTICE: data/video/ImpliHateVid/All/NH_298.mp4: Can't follow symlink without -L/--copy-links
2026/08/06 08:26:09 NOTICE: data/video/ImpliHateVid/All/NH_299.mp4: Can't follow symlink without -L/--copy-links
2026/08/06 08:26:09 NOTICE: data/video/ImpliHateVid/All/NH_3.mp4: Can't follow symlink without -L/--copy-links
2026/08/06 08:26:09 NOTICE: data/video/ImpliHateVid/All/NH_30.mp4: Can't follow symlink without -L/--copy-links
2026/08/06 08:26:09 NOTICE: data/video/ImpliHateVid/All/NH_300.mp4: Can't follow symlink without -L/--copy-links
2026/08/06 08:26:09 NOTICE: data/video/ImpliHateVid/All/NH_301.mp4: Can't follow symlink without -L/--copy-links
2026/08/06 08:26:09 NOTICE: data/video/ImpliHateVid/All/NH_302.mp4: Can't follow symlink without -L/--copy-links
2026/08/06 08:26:09 NOTICE: data/video/ImpliHateVid/All/NH_303.mp4: Can't follow symlink without -L/--copy-links
2026/08/06 08:26:09 NOTICE: data/video/ImpliHateVid/All/NH_304.mp4: Can't follow symlink without -L/--copy-links
2026/08/06 08:26:09 NOTICE: data/video/ImpliHateVid/All/NH_305.mp4: Can't follow symlink without -L/--copy-links
2026/08/06 08:26:09 NOTICE: data/video/ImpliHateVid/All/NH_306.mp4: Can't follow symlink without -L/--copy-links
2026/08/06 08:26:09 NOTICE: data/video/ImpliHateVid/All/NH_307.mp4: Can't follow symlink without -L/--copy-links
2026/08/06 08:26:09 NOTICE: data/video/ImpliHateVid/All/NH_308.mp4: Can't follow symlink without -L/--copy-links
2026/08/06 08:26:09 NOTICE: data/video/ImpliHateVid/All/NH_309.mp4: Can't follow symlink without -L/--copy-links
2026/08/06 08:26:09 NOTICE: data/video/ImpliHateVid/All/NH_31.mp4: Can't follow symlink without -L/--copy-links
2026/08/06 08:26:09 NOTICE: data/video/ImpliHateVid/All/NH_310.mp4: Can't follow symlink without -L/--copy-links
2026/08/06 08:26:09 NOTICE: data/video/ImpliHateVid/All/NH_311.mp4: Can't follow symlink without -L/--copy-links
2026/08/06 08:26:09 NOTICE: data/video/ImpliHateVid/All/NH_312.mp4: Can't follow symlink without -L/--copy-links
2026/08/06 08:26:09 NOTICE: data/video/ImpliHateVid/All/NH_313.mp4: Can't follow symlink without -L/--copy-links
2026/08/06 08:26:09 NOTICE: data/video/ImpliHateVid/All/NH_314.mp4: Can't follow symlink without -L/--copy-links
2026/08/06 08:26:09 NOTICE: data/video/ImpliHateVid/All/NH_315.mp4: Can't follow symlink without -L/--copy-links
2026/08/06 08:26:09 NOTICE: data/video/ImpliHateVid/All/NH_316.mp4: Can't follow symlink without -L/--copy-links
2026/08/06 08:26:09 NOTICE: data/video/ImpliHateVid/All/NH_317.mp4: Can't follow symlink without -L/--copy-links
2026/08/06 08:26:09 NOTICE: data/video/ImpliHateVid/All/NH_318.mp4: Can't follow symlink without -L/--copy-links
2026/08/06 08:26:09 NOTICE: data/video/ImpliHateVid/All/NH_319.mp4: Can't follow symlink without -L/--copy-links
2026/08/06 08:26:09 NOTICE: data/video/ImpliHateVid/All/NH_32.mp4: Can't follow symlink without -L/--copy-links
2026/08/06 08:26:09 NOTICE: data/video/ImpliHateVid/All/NH_320.mp4: Can't follow symlink without -L/--copy-links
2026/08/06 08:26:09 NOTICE: data/video/ImpliHateVid/All/NH_321.mp4: Can't follow symlink without -L/--copy-links
2026/08/06 08:26:09 NOTICE: data/video/ImpliHateVid/All/NH_322.mp4: Can't follow symlink without -L/--copy-links
2026/08/06 08:26:09 NOTICE: data/video/ImpliHateVid/All/NH_323.mp4: Can't follow symlink without -L/--copy-links
2026/08/06 08:26:09 NOTICE: data/video/ImpliHateVid/All/NH_324.mp4: Can't follow symlink without -L/--copy-links
2026/08/06 08:26:09 NOTICE: data/video/ImpliHateVid/All/NH_325.mp4: Can't follow symlink without -L/--copy-links
2026/08/06 08:26:09 NOTICE: data/video/ImpliHateVid/All/NH_326.mp4: Can't follow symlink without -L/--copy-links
2026/08/06 08:26:09 NOTICE: data/video/ImpliHateVid/All/NH_327.mp4: Can't follow symlink without -L/--copy-links
2026/08/06 08:26:09 NOTICE: data/video/ImpliHateVid/All/NH_328.mp4: Can't follow symlink without -L/--copy-links
2026/08/06 08:26:09 NOTICE: data/video/ImpliHateVid/All/NH_329.mp4: Can't follow symlink without -L/--copy-links
2026/08/06 08:26:09 NOTICE: data/video/ImpliHateVid/All/NH_33.mp4: Can't follow symlink without -L/--copy-links
2026/08/06 08:26:09 NOTICE: data/video/ImpliHateVid/All/NH_330.mp4: Can't follow symlink without -L/--copy-links
2026/08/06 08:26:09 NOTICE: data/video/ImpliHateVid/All/NH_331.mp4: Can't follow symlink without -L/--copy-links
2026/08/06 08:26:09 NOTICE: data/video/ImpliHateVid/All/NH_332.mp4: Can't follow symlink without -L/--copy-links
2026/08/06 08:26:09 NOTICE: data/video/ImpliHateVid/All/NH_333.mp4: Can't follow symlink without -L/--copy-links
2026/08/06 08:26:09 NOTICE: data/video/ImpliHateVid/All/NH_334.mp4: Can't follow symlink without -L/--copy-links
2026/08/06 08:26:09 NOTICE: data/video/ImpliHateVid/All/NH_335.mp4: Can't follow symlink without -L/--copy-links
2026/08/06 08:26:09 NOTICE: data/video/ImpliHateVid/All/NH_336.mp4: Can't follow symlink without -L/--copy-links
2026/08/06 08:26:09 NOTICE: data/video/ImpliHateVid/All/NH_337.mp4: Can't follow symlink without -L/--copy-links
2026/08/06 08:26:09 NOTICE: data/video/ImpliHateVid/All/NH_338.mp4: Can't follow symlink without -L/--copy-links
2026/08/06 08:26:09 NOTICE: data/video/ImpliHateVid/All/NH_339.mp4: Can't follow symlink without -L/--copy-links
2026/08/06 08:26:09 NOTICE: data/video/ImpliHateVid/All/NH_34.mp4: Can't follow symlink without -L/--copy-links
2026/08/06 08:26:09 NOTICE: data/video/ImpliHateVid/All/NH_340.mp4: Can't follow symlink without -L/--copy-links
2026/08/06 08:26:09 NOTICE: data/video/ImpliHateVid/All/NH_341.mp4: Can't follow symlink without -L/--copy-links
2026/08/06 08:26:09 NOTICE: data/video/ImpliHateVid/All/NH_342.mp4: Can't follow symlink without -L/--copy-links
2026/08/06 08:26:09 NOTICE: data/video/ImpliHateVid/All/NH_343.mp4: Can't follow symlink without -L/--copy-links
2026/08/06 08:26:09 NOTICE: data/video/ImpliHateVid/All/NH_344.mp4: Can't follow symlink without -L/--copy-links
2026/08/06 08:26:09 NOTICE: data/video/ImpliHateVid/All/NH_345.mp4: Can't follow symlink without -L/--copy-links
2026/08/06 08:26:09 NOTICE: data/video/ImpliHateVid/All/NH_346.mp4: Can't follow symlink without -L/--copy-links
2026/08/06 08:26:09 NOTICE: data/video/ImpliHateVid/All/NH_347.mp4: Can't follow symlink without -L/--copy-links
2026/08/06 08:26:09 NOTICE: data/video/ImpliHateVid/All/NH_348.mp4: Can't follow symlink without -L/--copy-links
2026/08/06 08:26:09 NOTICE: data/video/ImpliHateVid/All/NH_349.mp4: Can't follow symlink without -L/--copy-links
2026/08/06 08:26:09 NOTICE: data/video/ImpliHateVid/All/NH_35.mp4: Can't follow symlink without -L/--copy-links
2026/08/06 08:26:09 NOTICE: data/video/ImpliHateVid/All/NH_350.mp4: Can't follow symlink without -L/--copy-links
2026/08/06 08:26:09 NOTICE: data/video/ImpliHateVid/All/NH_351.mp4: Can't follow symlink without -L/--copy-links
2026/08/06 08:26:09 NOTICE: data/video/ImpliHateVid/All/NH_352.mp4: Can't follow symlink without -L/--copy-links
2026/08/06 08:26:09 NOTICE: data/video/ImpliHateVid/All/NH_353.mp4: Can't follow symlink without -L/--copy-links
2026/08/06 08:26:09 NOTICE: data/video/ImpliHateVid/All/NH_354.mp4: Can't follow symlink without -L/--copy-links
2026/08/06 08:26:09 NOTICE: data/video/ImpliHateVid/All/NH_355.mp4: Can't follow symlink without -L/--copy-links
2026/08/06 08:26:09 NOTICE: data/video/ImpliHateVid/All/NH_356.mp4: Can't follow symlink without -L/--copy-links
2026/08/06 08:26:09 NOTICE: data/video/ImpliHateVid/All/NH_357.mp4: Can't follow symlink without -L/--copy-links
2026/08/06 08:26:09 NOTICE: data/video/ImpliHateVid/All/NH_358.mp4: Can't follow symlink without -L/--copy-links
2026/08/06 08:26:09 NOTICE: data/video/ImpliHateVid/All/NH_359.mp4: Can't follow symlink without -L/--copy-links
2026/08/06 08:26:09 NOTICE: data/video/ImpliHateVid/All/NH_36.mp4: Can't follow symlink without -L/--copy-links
2026/08/06 08:26:09 NOTICE: data/video/ImpliHateVid/All/NH_360.mp4: Can't follow symlink without -L/--copy-links
2026/08/06 08:26:09 NOTICE: data/video/ImpliHateVid/All/NH_361.mp4: Can't follow symlink without -L/--copy-links
2026/08/06 08:26:09 NOTICE: data/video/ImpliHateVid/All/NH_362.mp4: Can't follow symlink without -L/--copy-links
2026/08/06 08:26:09 NOTICE: data/video/ImpliHateVid/All/NH_363.mp4: Can't follow symlink without -L/--copy-links
2026/08/06 08:26:09 NOTICE: data/video/ImpliHateVid/All/NH_364.mp4: Can't follow symlink without -L/--copy-links
2026/08/06 08:26:09 NOTICE: data/video/ImpliHateVid/All/NH_365.mp4: Can't follow symlink without -L/--copy-links
2026/08/06 08:26:09 NOTICE: data/video/ImpliHateVid/All/NH_366.mp4: Can't follow symlink without -L/--copy-links
2026/08/06 08:26:09 NOTICE: data/video/ImpliHateVid/All/NH_367.mp4: Can't follow symlink without -L/--copy-links
2026/08/06 08:26:09 NOTICE: data/video/ImpliHateVid/All/NH_368.mp4: Can't follow symlink without -L/--copy-links
2026/08/06 08:26:09 NOTICE: data/video/ImpliHateVid/All/NH_369.mp4: Can't follow symlink without -L/--copy-links
2026/08/06 08:26:09 NOTICE: data/video/ImpliHateVid/All/NH_37.mp4: Can't follow symlink without -L/--copy-links
2026/08/06 08:26:09 NOTICE: data/video/ImpliHateVid/All/NH_370.mp4: Can't follow symlink without -L/--copy-links
2026/08/06 08:26:09 NOTICE: data/video/ImpliHateVid/All/NH_371.mp4: Can't follow symlink without -L/--copy-links
2026/08/06 08:26:09 NOTICE: data/video/ImpliHateVid/All/NH_372.mp4: Can't follow symlink without -L/--copy-links
2026/08/06 08:26:09 NOTICE: data/video/ImpliHateVid/All/NH_373.mp4: Can't follow symlink without -L/--copy-links
2026/08/06 08:26:09 NOTICE: data/video/ImpliHateVid/All/NH_374.mp4: Can't follow symlink without -L/--copy-links
2026/08/06 08:26:09 NOTICE: data/video/ImpliHateVid/All/NH_375.mp4: Can't follow symlink without -L/--copy-links
2026/08/06 08:26:09 NOTICE: data/video/ImpliHateVid/All/NH_376.mp4: Can't follow symlink without -L/--copy-links
2026/08/06 08:26:09 NOTICE: data/video/ImpliHateVid/All/NH_377.mp4: Can't follow symlink without -L/--copy-links
2026/08/06 08:26:09 NOTICE: data/video/ImpliHateVid/All/NH_378.mp4: Can't follow symlink without -L/--copy-links
2026/08/06 08:26:09 NOTICE: data/video/ImpliHateVid/All/NH_379.mp4: Can't follow symlink without -L/--copy-links
2026/08/06 08:26:09 NOTICE: data/video/ImpliHateVid/All/NH_38.mp4: Can't follow symlink without -L/--copy-links
2026/08/06 08:26:09 NOTICE: data/video/ImpliHateVid/All/NH_380.mp4: Can't follow symlink without -L/--copy-links
2026/08/06 08:26:09 NOTICE: data/video/ImpliHateVid/All/NH_381.mp4: Can't follow symlink without -L/--copy-links
2026/08/06 08:26:09 NOTICE: data/video/ImpliHateVid/All/NH_382.mp4: Can't follow symlink without -L/--copy-links
2026/08/06 08:26:09 NOTICE: data/video/ImpliHateVid/All/NH_383.mp4: Can't follow symlink without -L/--copy-links
2026/08/06 08:26:09 NOTICE: data/video/ImpliHateVid/All/NH_384.mp4: Can't follow symlink without -L/--copy-links
2026/08/06 08:26:09 NOTICE: data/video/ImpliHateVid/All/NH_385.mp4: Can't follow symlink without -L/--copy-links
2026/08/06 08:26:09 NOTICE: data/video/ImpliHateVid/All/NH_386.mp4: Can't follow symlink without -L/--copy-links
2026/08/06 08:26:09 NOTICE: data/video/ImpliHateVid/All/NH_387.mp4: Can't follow symlink without -L/--copy-links
2026/08/06 08:26:09 NOTICE: data/video/ImpliHateVid/All/NH_388.mp4: Can't follow symlink without -L/--copy-links
2026/08/06 08:26:09 NOTICE: data/video/ImpliHateVid/All/NH_389.mp4: Can't follow symlink without -L/--copy-links
2026/08/06 08:26:09 NOTICE: data/video/ImpliHateVid/All/NH_39.mp4: Can't follow symlink without -L/--copy-links
2026/08/06 08:26:09 NOTICE: data/video/ImpliHateVid/All/NH_390.mp4: Can't follow symlink without -L/--copy-links
2026/08/06 08:26:09 NOTICE: data/video/ImpliHateVid/All/NH_391.mp4: Can't follow symlink without -L/--copy-links
2026/08/06 08:26:09 NOTICE: data/video/ImpliHateVid/All/NH_392.mp4: Can't follow symlink without -L/--copy-links
2026/08/06 08:26:09 NOTICE: data/video/ImpliHateVid/All/NH_393.mp4: Can't follow symlink without -L/--copy-links
2026/08/06 08:26:09 NOTICE: data/video/ImpliHateVid/All/NH_394.mp4: Can't follow symlink without -L/--copy-links
2026/08/06 08:26:09 NOTICE: data/video/ImpliHateVid/All/NH_395.mp4: Can't follow symlink without -L/--copy-links
2026/08/06 08:26:09 NOTICE: data/video/ImpliHateVid/All/NH_396.mp4: Can't follow symlink without -L/--copy-links
2026/08/06 08:26:09 NOTICE: data/video/ImpliHateVid/All/NH_397.mp4: Can't follow symlink without -L/--copy-links
2026/08/06 08:26:09 NOTICE: data/video/ImpliHateVid/All/NH_398.mp4: Can't follow symlink without -L/--copy-links
2026/08/06 08:26:09 NOTICE: data/video/ImpliHateVid/All/NH_399.mp4: Can't follow symlink without -L/--copy-links
2026/08/06 08:26:09 NOTICE: data/video/ImpliHateVid/All/NH_4.mp4: Can't follow symlink without -L/--copy-links
2026/08/06 08:26:09 NOTICE: data/video/ImpliHateVid/All/NH_40.mp4: Can't follow symlink without -L/--copy-links
2026/08/06 08:26:09 NOTICE: data/video/ImpliHateVid/All/NH_400.mp4: Can't follow symlink without -L/--copy-links
2026/08/06 08:26:09 NOTICE: data/video/ImpliHateVid/All/NH_401.mp4: Can't follow symlink without -L/--copy-links
2026/08/06 08:26:09 NOTICE: data/video/ImpliHateVid/All/NH_402.mp4: Can't follow symlink without -L/--copy-links
2026/08/06 08:26:09 NOTICE: data/video/ImpliHateVid/All/NH_403.mp4: Can't follow symlink without -L/--copy-links
2026/08/06 08:26:09 NOTICE: data/video/ImpliHateVid/All/NH_404.mp4: Can't follow symlink without -L/--copy-links
2026/08/06 08:26:09 NOTICE: data/video/ImpliHateVid/All/NH_405.mp4: Can't follow symlink without -L/--copy-links
2026/08/06 08:26:09 NOTICE: data/video/ImpliHateVid/All/NH_406.mp4: Can't follow symlink without -L/--copy-links
2026/08/06 08:26:09 NOTICE: data/video/ImpliHateVid/All/NH_407.mp4: Can't follow symlink without -L/--copy-links
2026/08/06 08:26:09 NOTICE: data/video/ImpliHateVid/All/NH_408.mp4: Can't follow symlink without -L/--copy-links
2026/08/06 08:26:09 NOTICE: data/video/ImpliHateVid/All/NH_409.mp4: Can't follow symlink without -L/--copy-links
2026/08/06 08:26:09 NOTICE: data/video/ImpliHateVid/All/NH_41.mp4: Can't follow symlink without -L/--copy-links
2026/08/06 08:26:09 NOTICE: data/video/ImpliHateVid/All/NH_410.mp4: Can't follow symlink without -L/--copy-links
2026/08/06 08:26:09 NOTICE: data/video/ImpliHateVid/All/NH_411.mp4: Can't follow symlink without -L/--copy-links
2026/08/06 08:26:09 NOTICE: data/video/ImpliHateVid/All/NH_412.mp4: Can't follow symlink without -L/--copy-links
2026/08/06 08:26:09 NOTICE: data/video/ImpliHateVid/All/NH_413.mp4: Can't follow symlink without -L/--copy-links
2026/08/06 08:26:09 NOTICE: data/video/ImpliHateVid/All/NH_414.mp4: Can't follow symlink without -L/--copy-links
2026/08/06 08:26:09 NOTICE: data/video/ImpliHateVid/All/NH_415.mp4: Can't follow symlink without -L/--copy-links
2026/08/06 08:26:09 NOTICE: data/video/ImpliHateVid/All/NH_416.mp4: Can't follow symlink without -L/--copy-links
2026/08/06 08:26:09 NOTICE: data/video/ImpliHateVid/All/NH_417.mp4: Can't follow symlink without -L/--copy-links
2026/08/06 08:26:09 NOTICE: data/video/ImpliHateVid/All/NH_418.mp4: Can't follow symlink without -L/--copy-links
2026/08/06 08:26:09 NOTICE: data/video/ImpliHateVid/All/NH_419.mp4: Can't follow symlink without -L/--copy-links
2026/08/06 08:26:09 NOTICE: data/video/ImpliHateVid/All/NH_42.mp4: Can't follow symlink without -L/--copy-links
2026/08/06 08:26:09 NOTICE: data/video/ImpliHateVid/All/NH_420.mp4: Can't follow symlink without -L/--copy-links
2026/08/06 08:26:09 NOTICE: data/video/ImpliHateVid/All/NH_421.mp4: Can't follow symlink without -L/--copy-links
2026/08/06 08:26:09 NOTICE: data/video/ImpliHateVid/All/NH_422.mp4: Can't follow symlink without -L/--copy-links
2026/08/06 08:26:09 NOTICE: data/video/ImpliHateVid/All/NH_423.mp4: Can't follow symlink without -L/--copy-links
2026/08/06 08:26:09 NOTICE: data/video/ImpliHateVid/All/NH_424.mp4: Can't follow symlink without -L/--copy-links
2026/08/06 08:26:09 NOTICE: data/video/ImpliHateVid/All/NH_425.mp4: Can't follow symlink without -L/--copy-links
2026/08/06 08:26:09 NOTICE: data/video/ImpliHateVid/All/NH_426.mp4: Can't follow symlink without -L/--copy-links
2026/08/06 08:26:09 NOTICE: data/video/ImpliHateVid/All/NH_427.mp4: Can't follow symlink without -L/--copy-links
2026/08/06 08:26:09 NOTICE: data/video/ImpliHateVid/All/NH_428.mp4: Can't follow symlink without -L/--copy-links
2026/08/06 08:26:09 NOTICE: data/video/ImpliHateVid/All/NH_429.mp4: Can't follow symlink without -L/--copy-links
2026/08/06 08:26:09 NOTICE: data/video/ImpliHateVid/All/NH_43.mp4: Can't follow symlink without -L/--copy-links
2026/08/06 08:26:09 NOTICE: data/video/ImpliHateVid/All/NH_430.mp4: Can't follow symlink without -L/--copy-links
2026/08/06 08:26:09 NOTICE: data/video/ImpliHateVid/All/NH_431.mp4: Can't follow symlink without -L/--copy-links
2026/08/06 08:26:09 NOTICE: data/video/ImpliHateVid/All/NH_432.mp4: Can't follow symlink without -L/--copy-links
2026/08/06 08:26:09 NOTICE: data/video/ImpliHateVid/All/NH_433.mp4: Can't follow symlink without -L/--copy-links
2026/08/06 08:26:09 NOTICE: data/video/ImpliHateVid/All/NH_434.mp4: Can't follow symlink without -L/--copy-links
2026/08/06 08:26:09 NOTICE: data/video/ImpliHateVid/All/NH_435.mp4: Can't follow symlink without -L/--copy-links
2026/08/06 08:26:09 NOTICE: data/video/ImpliHateVid/All/NH_436.mp4: Can't follow symlink without -L/--copy-links
2026/08/06 08:26:09 NOTICE: data/video/ImpliHateVid/All/NH_437.mp4: Can't follow symlink without -L/--copy-links
2026/08/06 08:26:09 NOTICE: data/video/ImpliHateVid/All/NH_438.mp4: Can't follow symlink without -L/--copy-links
2026/08/06 08:26:09 NOTICE: data/video/ImpliHateVid/All/NH_439.mp4: Can't follow symlink without -L/--copy-links
2026/08/06 08:26:09 NOTICE: data/video/ImpliHateVid/All/NH_44.mp4: Can't follow symlink without -L/--copy-links
2026/08/06 08:26:09 NOTICE: data/video/ImpliHateVid/All/NH_440.mp4: Can't follow symlink without -L/--copy-links
2026/08/06 08:26:09 NOTICE: data/video/ImpliHateVid/All/NH_441.mp4: Can't follow symlink without -L/--copy-links
2026/08/06 08:26:09 NOTICE: data/video/ImpliHateVid/All/NH_442.mp4: Can't follow symlink without -L/--copy-links
2026/08/06 08:26:09 NOTICE: data/video/ImpliHateVid/All/NH_443.mp4: Can't follow symlink without -L/--copy-links
2026/08/06 08:26:09 NOTICE: data/video/ImpliHateVid/All/NH_444.mp4: Can't follow symlink without -L/--copy-links
2026/08/06 08:26:09 NOTICE: data/video/ImpliHateVid/All/NH_445.mp4: Can't follow symlink without -L/--copy-links
2026/08/06 08:26:09 NOTICE: data/video/ImpliHateVid/All/NH_446.mp4: Can't follow symlink without -L/--copy-links
2026/08/06 08:26:09 NOTICE: data/video/ImpliHateVid/All/NH_447.mp4: Can't follow symlink without -L/--copy-links
2026/08/06 08:26:09 NOTICE: data/video/ImpliHateVid/All/NH_448.mp4: Can't follow symlink without -L/--copy-links
2026/08/06 08:26:09 NOTICE: data/video/ImpliHateVid/All/NH_449.mp4: Can't follow symlink without -L/--copy-links
2026/08/06 08:26:09 NOTICE: data/video/ImpliHateVid/All/NH_45.mp4: Can't follow symlink without -L/--copy-links
2026/08/06 08:26:09 NOTICE: data/video/ImpliHateVid/All/NH_450.mp4: Can't follow symlink without -L/--copy-links
2026/08/06 08:26:09 NOTICE: data/video/ImpliHateVid/All/NH_451.mp4: Can't follow symlink without -L/--copy-links
2026/08/06 08:26:09 NOTICE: data/video/ImpliHateVid/All/NH_452.mp4: Can't follow symlink without -L/--copy-links
2026/08/06 08:26:09 NOTICE: data/video/ImpliHateVid/All/NH_453.mp4: Can't follow symlink without -L/--copy-links
2026/08/06 08:26:09 NOTICE: data/video/ImpliHateVid/All/NH_454.mp4: Can't follow symlink without -L/--copy-links
2026/08/06 08:26:09 NOTICE: data/video/ImpliHateVid/All/NH_455.mp4: Can't follow symlink without -L/--copy-links
2026/08/06 08:26:09 NOTICE: data/video/ImpliHateVid/All/NH_456.mp4: Can't follow symlink without -L/--copy-links
2026/08/06 08:26:09 NOTICE: data/video/ImpliHateVid/All/NH_457.mp4: Can't follow symlink without -L/--copy-links
2026/08/06 08:26:09 NOTICE: data/video/ImpliHateVid/All/NH_458.mp4: Can't follow symlink without -L/--copy-links
2026/08/06 08:26:09 NOTICE: data/video/ImpliHateVid/All/NH_459.mp4: Can't follow symlink without -L/--copy-links
2026/08/06 08:26:09 NOTICE: data/video/ImpliHateVid/All/NH_46.mp4: Can't follow symlink without -L/--copy-links
2026/08/06 08:26:09 NOTICE: data/video/ImpliHateVid/All/NH_460.mp4: Can't follow symlink without -L/--copy-links
2026/08/06 08:26:09 NOTICE: data/video/ImpliHateVid/All/NH_461.mp4: Can't follow symlink without -L/--copy-links
2026/08/06 08:26:09 NOTICE: data/video/ImpliHateVid/All/NH_462.mp4: Can't follow symlink without -L/--copy-links
2026/08/06 08:26:09 NOTICE: data/video/ImpliHateVid/All/NH_463.mp4: Can't follow symlink without -L/--copy-links
2026/08/06 08:26:09 NOTICE: data/video/ImpliHateVid/All/NH_464.mp4: Can't follow symlink without -L/--copy-links
2026/08/06 08:26:09 NOTICE: data/video/ImpliHateVid/All/NH_465.mp4: Can't follow symlink without -L/--copy-links
2026/08/06 08:26:09 NOTICE: data/video/ImpliHateVid/All/NH_466.mp4: Can't follow symlink without -L/--copy-links
2026/08/06 08:26:09 NOTICE: data/video/ImpliHateVid/All/NH_467.mp4: Can't follow symlink without -L/--copy-links
2026/08/06 08:26:09 NOTICE: data/video/ImpliHateVid/All/NH_468.mp4: Can't follow symlink without -L/--copy-links
2026/08/06 08:26:09 NOTICE: data/video/ImpliHateVid/All/NH_469.mp4: Can't follow symlink without -L/--copy-links
2026/08/06 08:26:09 NOTICE: data/video/ImpliHateVid/All/NH_47.mp4: Can't follow symlink without -L/--copy-links
2026/08/06 08:26:09 NOTICE: data/video/ImpliHateVid/All/NH_470.mp4: Can't follow symlink without -L/--copy-links
2026/08/06 08:26:09 NOTICE: data/video/ImpliHateVid/All/NH_471.mp4: Can't follow symlink without -L/--copy-links
2026/08/06 08:26:09 NOTICE: data/video/ImpliHateVid/All/NH_472.mp4: Can't follow symlink without -L/--copy-links
2026/08/06 08:26:09 NOTICE: data/video/ImpliHateVid/All/NH_473.mp4: Can't follow symlink without -L/--copy-links
2026/08/06 08:26:09 NOTICE: data/video/ImpliHateVid/All/NH_474.mp4: Can't follow symlink without -L/--copy-links
2026/08/06 08:26:09 NOTICE: data/video/ImpliHateVid/All/NH_475.mp4: Can't follow symlink without -L/--copy-links
2026/08/06 08:26:09 NOTICE: data/video/ImpliHateVid/All/NH_476.mp4: Can't follow symlink without -L/--copy-links
2026/08/06 08:26:09 NOTICE: data/video/ImpliHateVid/All/NH_477.mp4: Can't follow symlink without -L/--copy-links
2026/08/06 08:26:09 NOTICE: data/video/ImpliHateVid/All/NH_478.mp4: Can't follow symlink without -L/--copy-links
2026/08/06 08:26:09 NOTICE: data/video/ImpliHateVid/All/NH_479.mp4: Can't follow symlink without -L/--copy-links
2026/08/06 08:26:09 NOTICE: data/video/ImpliHateVid/All/NH_48.mp4: Can't follow symlink without -L/--copy-links
2026/08/06 08:26:09 NOTICE: data/video/ImpliHateVid/All/NH_480.mp4: Can't follow symlink without -L/--copy-links
2026/08/06 08:26:09 NOTICE: data/video/ImpliHateVid/All/NH_481.mp4: Can't follow symlink without -L/--copy-links
2026/08/06 08:26:09 NOTICE: data/video/ImpliHateVid/All/NH_482.mp4: Can't follow symlink without -L/--copy-links
2026/08/06 08:26:09 NOTICE: data/video/ImpliHateVid/All/NH_483.mp4: Can't follow symlink without -L/--copy-links
2026/08/06 08:26:09 NOTICE: data/video/ImpliHateVid/All/NH_484.mp4: Can't follow symlink without -L/--copy-links
2026/08/06 08:26:09 NOTICE: data/video/ImpliHateVid/All/NH_485.mp4: Can't follow symlink without -L/--copy-links
2026/08/06 08:26:09 NOTICE: data/video/ImpliHateVid/All/NH_486.mp4: Can't follow symlink without -L/--copy-links
2026/08/06 08:26:09 NOTICE: data/video/ImpliHateVid/All/NH_487.mp4: Can't follow symlink without -L/--copy-links
2026/08/06 08:26:09 NOTICE: data/video/ImpliHateVid/All/NH_488.mp4: Can't follow symlink without -L/--copy-links
2026/08/06 08:26:09 NOTICE: data/video/ImpliHateVid/All/NH_489.mp4: Can't follow symlink without -L/--copy-links
2026/08/06 08:26:09 NOTICE: data/video/ImpliHateVid/All/NH_49.mp4: Can't follow symlink without -L/--copy-links
2026/08/06 08:26:09 NOTICE: data/video/ImpliHateVid/All/NH_490.mp4: Can't follow symlink without -L/--copy-links
2026/08/06 08:26:09 NOTICE: data/video/ImpliHateVid/All/NH_491.mp4: Can't follow symlink without -L/--copy-links
2026/08/06 08:26:09 NOTICE: data/video/ImpliHateVid/All/NH_492.mp4: Can't follow symlink without -L/--copy-links
2026/08/06 08:26:09 NOTICE: data/video/ImpliHateVid/All/NH_493.mp4: Can't follow symlink without -L/--copy-links
2026/08/06 08:26:09 NOTICE: data/video/ImpliHateVid/All/NH_494.mp4: Can't follow symlink without -L/--copy-links
2026/08/06 08:26:09 NOTICE: data/video/ImpliHateVid/All/NH_495.mp4: Can't follow symlink without -L/--copy-links
2026/08/06 08:26:09 NOTICE: data/video/ImpliHateVid/All/NH_496.mp4: Can't follow symlink without -L/--copy-links
2026/08/06 08:26:09 NOTICE: data/video/ImpliHateVid/All/NH_497.mp4: Can't follow symlink without -L/--copy-links
2026/08/06 08:26:09 NOTICE: data/video/ImpliHateVid/All/NH_498.mp4: Can't follow symlink without -L/--copy-links
2026/08/06 08:26:09 NOTICE: data/video/ImpliHateVid/All/NH_499.mp4: Can't follow symlink without -L/--copy-links
2026/08/06 08:26:09 NOTICE: data/video/ImpliHateVid/All/NH_5.mp4: Can't follow symlink without -L/--copy-links
2026/08/06 08:26:09 NOTICE: data/video/ImpliHateVid/All/NH_50.mp4: Can't follow symlink without -L/--copy-links
2026/08/06 08:26:09 NOTICE: data/video/ImpliHateVid/All/NH_500.mp4: Can't follow symlink without -L/--copy-links
2026/08/06 08:26:09 NOTICE: data/video/ImpliHateVid/All/NH_501.mp4: Can't follow symlink without -L/--copy-links
2026/08/06 08:26:09 NOTICE: data/video/ImpliHateVid/All/NH_502.mp4: Can't follow symlink without -L/--copy-links
2026/08/06 08:26:09 NOTICE: data/video/ImpliHateVid/All/NH_503.mp4: Can't follow symlink without -L/--copy-links
2026/08/06 08:26:09 NOTICE: data/video/ImpliHateVid/All/NH_504.mp4: Can't follow symlink without -L/--copy-links
2026/08/06 08:26:09 NOTICE: data/video/ImpliHateVid/All/NH_505.mp4: Can't follow symlink without -L/--copy-links
2026/08/06 08:26:09 NOTICE: data/video/ImpliHateVid/All/NH_506.mp4: Can't follow symlink without -L/--copy-links
2026/08/06 08:26:09 NOTICE: data/video/ImpliHateVid/All/NH_507.mp4: Can't follow symlink without -L/--copy-links
2026/08/06 08:26:09 NOTICE: data/video/ImpliHateVid/All/NH_508.mp4: Can't follow symlink without -L/--copy-links
2026/08/06 08:26:09 NOTICE: data/video/ImpliHateVid/All/NH_509.mp4: Can't follow symlink without -L/--copy-links
2026/08/06 08:26:09 NOTICE: data/video/ImpliHateVid/All/NH_51.mp4: Can't follow symlink without -L/--copy-links
2026/08/06 08:26:09 NOTICE: data/video/ImpliHateVid/All/NH_510.mp4: Can't follow symlink without -L/--copy-links
2026/08/06 08:26:09 NOTICE: data/video/ImpliHateVid/All/NH_511.mp4: Can't follow symlink without -L/--copy-links
2026/08/06 08:26:09 NOTICE: data/video/ImpliHateVid/All/NH_512.mp4: Can't follow symlink without -L/--copy-links
2026/08/06 08:26:09 NOTICE: data/video/ImpliHateVid/All/NH_513.mp4: Can't follow symlink without -L/--copy-links
2026/08/06 08:26:09 NOTICE: data/video/ImpliHateVid/All/NH_514.mp4: Can't follow symlink without -L/--copy-links
2026/08/06 08:26:09 NOTICE: data/video/ImpliHateVid/All/NH_515.mp4: Can't follow symlink without -L/--copy-links
2026/08/06 08:26:09 NOTICE: data/video/ImpliHateVid/All/NH_516.mp4: Can't follow symlink without -L/--copy-links
2026/08/06 08:26:09 NOTICE: data/video/ImpliHateVid/All/NH_517.mp4: Can't follow symlink without -L/--copy-links
2026/08/06 08:26:09 NOTICE: data/video/ImpliHateVid/All/NH_518.mp4: Can't follow symlink without -L/--copy-links
2026/08/06 08:26:09 NOTICE: data/video/ImpliHateVid/All/NH_519.mp4: Can't follow symlink without -L/--copy-links
2026/08/06 08:26:09 NOTICE: data/video/ImpliHateVid/All/NH_52.mp4: Can't follow symlink without -L/--copy-links
2026/08/06 08:26:09 NOTICE: data/video/ImpliHateVid/All/NH_520.mp4: Can't follow symlink without -L/--copy-links
2026/08/06 08:26:09 NOTICE: data/video/ImpliHateVid/All/NH_521.mp4: Can't follow symlink without -L/--copy-links
2026/08/06 08:26:09 NOTICE: data/video/ImpliHateVid/All/NH_522.mp4: Can't follow symlink without -L/--copy-links
2026/08/06 08:26:09 NOTICE: data/video/ImpliHateVid/All/NH_523.mp4: Can't follow symlink without -L/--copy-links
2026/08/06 08:26:09 NOTICE: data/video/ImpliHateVid/All/NH_524.mp4: Can't follow symlink without -L/--copy-links
2026/08/06 08:26:09 NOTICE: data/video/ImpliHateVid/All/NH_525.mp4: Can't follow symlink without -L/--copy-links
2026/08/06 08:26:09 NOTICE: data/video/ImpliHateVid/All/NH_526.mp4: Can't follow symlink without -L/--copy-links
2026/08/06 08:26:09 NOTICE: data/video/ImpliHateVid/All/NH_527.mp4: Can't follow symlink without -L/--copy-links
2026/08/06 08:26:09 NOTICE: data/video/ImpliHateVid/All/NH_528.mp4: Can't follow symlink without -L/--copy-links
2026/08/06 08:26:09 NOTICE: data/video/ImpliHateVid/All/NH_529.mp4: Can't follow symlink without -L/--copy-links
2026/08/06 08:26:09 NOTICE: data/video/ImpliHateVid/All/NH_53.mp4: Can't follow symlink without -L/--copy-links
2026/08/06 08:26:09 NOTICE: data/video/ImpliHateVid/All/NH_530.mp4: Can't follow symlink without -L/--copy-links
2026/08/06 08:26:09 NOTICE: data/video/ImpliHateVid/All/NH_531.mp4: Can't follow symlink without -L/--copy-links
2026/08/06 08:26:09 NOTICE: data/video/ImpliHateVid/All/NH_532.mp4: Can't follow symlink without -L/--copy-links
2026/08/06 08:26:09 NOTICE: data/video/ImpliHateVid/All/NH_533.mp4: Can't follow symlink without -L/--copy-links
2026/08/06 08:26:09 NOTICE: data/video/ImpliHateVid/All/NH_534.mp4: Can't follow symlink without -L/--copy-links
2026/08/06 08:26:09 NOTICE: data/video/ImpliHateVid/All/NH_535.mp4: Can't follow symlink without -L/--copy-links
2026/08/06 08:26:09 NOTICE: data/video/ImpliHateVid/All/NH_536.mp4: Can't follow symlink without -L/--copy-links
2026/08/06 08:26:09 NOTICE: data/video/ImpliHateVid/All/NH_537.mp4: Can't follow symlink without -L/--copy-links
2026/08/06 08:26:09 NOTICE: data/video/ImpliHateVid/All/NH_538.mp4: Can't follow symlink without -L/--copy-links
2026/08/06 08:26:09 NOTICE: data/video/ImpliHateVid/All/NH_539.mp4: Can't follow symlink without -L/--copy-links
2026/08/06 08:26:09 NOTICE: data/video/ImpliHateVid/All/NH_54.mp4: Can't follow symlink without -L/--copy-links
2026/08/06 08:26:09 NOTICE: data/video/ImpliHateVid/All/NH_540.mp4: Can't follow symlink without -L/--copy-links
2026/08/06 08:26:09 NOTICE: data/video/ImpliHateVid/All/NH_541.mp4: Can't follow symlink without -L/--copy-links
2026/08/06 08:26:09 NOTICE: data/video/ImpliHateVid/All/NH_542.mp4: Can't follow symlink without -L/--copy-links
2026/08/06 08:26:09 NOTICE: data/video/ImpliHateVid/All/NH_543.mp4: Can't follow symlink without -L/--copy-links
2026/08/06 08:26:09 NOTICE: data/video/ImpliHateVid/All/NH_544.mp4: Can't follow symlink without -L/--copy-links
2026/08/06 08:26:09 NOTICE: data/video/ImpliHateVid/All/NH_545.mp4: Can't follow symlink without -L/--copy-links
2026/08/06 08:26:09 NOTICE: data/video/ImpliHateVid/All/NH_546.mp4: Can't follow symlink without -L/--copy-links
2026/08/06 08:26:09 NOTICE: data/video/ImpliHateVid/All/NH_547.mp4: Can't follow symlink without -L/--copy-links
2026/08/06 08:26:09 NOTICE: data/video/ImpliHateVid/All/NH_548.mp4: Can't follow symlink without -L/--copy-links
2026/08/06 08:26:09 NOTICE: data/video/ImpliHateVid/All/NH_549.mp4: Can't follow symlink without -L/--copy-links
2026/08/06 08:26:09 NOTICE: data/video/ImpliHateVid/All/NH_55.mp4: Can't follow symlink without -L/--copy-links
2026/08/06 08:26:09 NOTICE: data/video/ImpliHateVid/All/NH_550.mp4: Can't follow symlink without -L/--copy-links
2026/08/06 08:26:09 NOTICE: data/video/ImpliHateVid/All/NH_551.mp4: Can't follow symlink without -L/--copy-links
2026/08/06 08:26:09 NOTICE: data/video/ImpliHateVid/All/NH_552.mp4: Can't follow symlink without -L/--copy-links
2026/08/06 08:26:09 NOTICE: data/video/ImpliHateVid/All/NH_553.mp4: Can't follow symlink without -L/--copy-links
2026/08/06 08:26:09 NOTICE: data/video/ImpliHateVid/All/NH_554.mp4: Can't follow symlink without -L/--copy-links
2026/08/06 08:26:09 NOTICE: data/video/ImpliHateVid/All/NH_555.mp4: Can't follow symlink without -L/--copy-links
2026/08/06 08:26:09 NOTICE: data/video/ImpliHateVid/All/NH_556.mp4: Can't follow symlink without -L/--copy-links
2026/08/06 08:26:09 NOTICE: data/video/ImpliHateVid/All/NH_557.mp4: Can't follow symlink without -L/--copy-links
2026/08/06 08:26:09 NOTICE: data/video/ImpliHateVid/All/NH_558.mp4: Can't follow symlink without -L/--copy-links
2026/08/06 08:26:09 NOTICE: data/video/ImpliHateVid/All/NH_559.mp4: Can't follow symlink without -L/--copy-links
2026/08/06 08:26:09 NOTICE: data/video/ImpliHateVid/All/NH_56.mp4: Can't follow symlink without -L/--copy-links
2026/08/06 08:26:09 NOTICE: data/video/ImpliHateVid/All/NH_560.mp4: Can't follow symlink without -L/--copy-links
2026/08/06 08:26:09 NOTICE: data/video/ImpliHateVid/All/NH_561.mp4: Can't follow symlink without -L/--copy-links
2026/08/06 08:26:09 NOTICE: data/video/ImpliHateVid/All/NH_562.mp4: Can't follow symlink without -L/--copy-links
2026/08/06 08:26:09 NOTICE: data/video/ImpliHateVid/All/NH_563.mp4: Can't follow symlink without -L/--copy-links
2026/08/06 08:26:09 NOTICE: data/video/ImpliHateVid/All/NH_564.mp4: Can't follow symlink without -L/--copy-links
2026/08/06 08:26:09 NOTICE: data/video/ImpliHateVid/All/NH_565.mp4: Can't follow symlink without -L/--copy-links
2026/08/06 08:26:09 NOTICE: data/video/ImpliHateVid/All/NH_566.mp4: Can't follow symlink without -L/--copy-links
2026/08/06 08:26:09 NOTICE: data/video/ImpliHateVid/All/NH_567.mp4: Can't follow symlink without -L/--copy-links
2026/08/06 08:26:09 NOTICE: data/video/ImpliHateVid/All/NH_568.mp4: Can't follow symlink without -L/--copy-links
2026/08/06 08:26:09 NOTICE: data/video/ImpliHateVid/All/NH_569.mp4: Can't follow symlink without -L/--copy-links
2026/08/06 08:26:09 NOTICE: data/video/ImpliHateVid/All/NH_57.mp4: Can't follow symlink without -L/--copy-links
2026/08/06 08:26:09 NOTICE: data/video/ImpliHateVid/All/NH_570.mp4: Can't follow symlink without -L/--copy-links
2026/08/06 08:26:09 NOTICE: data/video/ImpliHateVid/All/NH_571.mp4: Can't follow symlink without -L/--copy-links
2026/08/06 08:26:09 NOTICE: data/video/ImpliHateVid/All/NH_572.mp4: Can't follow symlink without -L/--copy-links
2026/08/06 08:26:09 NOTICE: data/video/ImpliHateVid/All/NH_573.mp4: Can't follow symlink without -L/--copy-links
2026/08/06 08:26:09 NOTICE: data/video/ImpliHateVid/All/NH_574.mp4: Can't follow symlink without -L/--copy-links
2026/08/06 08:26:09 NOTICE: data/video/ImpliHateVid/All/NH_575.mp4: Can't follow symlink without -L/--copy-links
2026/08/06 08:26:09 NOTICE: data/video/ImpliHateVid/All/NH_576.mp4: Can't follow symlink without -L/--copy-links
2026/08/06 08:26:09 NOTICE: data/video/ImpliHateVid/All/NH_577.mp4: Can't follow symlink without -L/--copy-links
2026/08/06 08:26:09 NOTICE: data/video/ImpliHateVid/All/NH_578.mp4: Can't follow symlink without -L/--copy-links
2026/08/06 08:26:09 NOTICE: data/video/ImpliHateVid/All/NH_579.mp4: Can't follow symlink without -L/--copy-links
2026/08/06 08:26:09 NOTICE: data/video/ImpliHateVid/All/NH_58.mp4: Can't follow symlink without -L/--copy-links
2026/08/06 08:26:09 NOTICE: data/video/ImpliHateVid/All/NH_580.mp4: Can't follow symlink without -L/--copy-links
2026/08/06 08:26:09 NOTICE: data/video/ImpliHateVid/All/NH_581.mp4: Can't follow symlink without -L/--copy-links
2026/08/06 08:26:09 NOTICE: data/video/ImpliHateVid/All/NH_582.mp4: Can't follow symlink without -L/--copy-links
2026/08/06 08:26:09 NOTICE: data/video/ImpliHateVid/All/NH_583.mp4: Can't follow symlink without -L/--copy-links
2026/08/06 08:26:09 NOTICE: data/video/ImpliHateVid/All/NH_584.mp4: Can't follow symlink without -L/--copy-links
2026/08/06 08:26:09 NOTICE: data/video/ImpliHateVid/All/NH_585.mp4: Can't follow symlink without -L/--copy-links
2026/08/06 08:26:09 NOTICE: data/video/ImpliHateVid/All/NH_586.mp4: Can't follow symlink without -L/--copy-links
2026/08/06 08:26:09 NOTICE: data/video/ImpliHateVid/All/NH_587.mp4: Can't follow symlink without -L/--copy-links
2026/08/06 08:26:09 NOTICE: data/video/ImpliHateVid/All/NH_588.mp4: Can't follow symlink without -L/--copy-links
2026/08/06 08:26:09 NOTICE: data/video/ImpliHateVid/All/NH_589.mp4: Can't follow symlink without -L/--copy-links
2026/08/06 08:26:09 NOTICE: data/video/ImpliHateVid/All/NH_59.mp4: Can't follow symlink without -L/--copy-links
2026/08/06 08:26:09 NOTICE: data/video/ImpliHateVid/All/NH_590.mp4: Can't follow symlink without -L/--copy-links
2026/08/06 08:26:09 NOTICE: data/video/ImpliHateVid/All/NH_591.mp4: Can't follow symlink without -L/--copy-links
2026/08/06 08:26:09 NOTICE: data/video/ImpliHateVid/All/NH_592.mp4: Can't follow symlink without -L/--copy-links
2026/08/06 08:26:09 NOTICE: data/video/ImpliHateVid/All/NH_593.mp4: Can't follow symlink without -L/--copy-links
2026/08/06 08:26:09 NOTICE: data/video/ImpliHateVid/All/NH_594.mp4: Can't follow symlink without -L/--copy-links
2026/08/06 08:26:09 NOTICE: data/video/ImpliHateVid/All/NH_595.mp4: Can't follow symlink without -L/--copy-links
2026/08/06 08:26:09 NOTICE: data/video/ImpliHateVid/All/NH_596.mp4: Can't follow symlink without -L/--copy-links
2026/08/06 08:26:09 NOTICE: data/video/ImpliHateVid/All/NH_597.mp4: Can't follow symlink without -L/--copy-links
2026/08/06 08:26:09 NOTICE: data/video/ImpliHateVid/All/NH_598.mp4: Can't follow symlink without -L/--copy-links
2026/08/06 08:26:09 NOTICE: data/video/ImpliHateVid/All/NH_599.mp4: Can't follow symlink without -L/--copy-links
2026/08/06 08:26:09 NOTICE: data/video/ImpliHateVid/All/NH_6.mp4: Can't follow symlink without -L/--copy-links
2026/08/06 08:26:09 NOTICE: data/video/ImpliHateVid/All/NH_60.mp4: Can't follow symlink without -L/--copy-links
2026/08/06 08:26:09 NOTICE: data/video/ImpliHateVid/All/NH_600.mp4: Can't follow symlink without -L/--copy-links
2026/08/06 08:26:09 NOTICE: data/video/ImpliHateVid/All/NH_601.mp4: Can't follow symlink without -L/--copy-links
2026/08/06 08:26:09 NOTICE: data/video/ImpliHateVid/All/NH_602.mp4: Can't follow symlink without -L/--copy-links
2026/08/06 08:26:09 NOTICE: data/video/ImpliHateVid/All/NH_603.mp4: Can't follow symlink without -L/--copy-links
2026/08/06 08:26:09 NOTICE: data/video/ImpliHateVid/All/NH_604.mp4: Can't follow symlink without -L/--copy-links
2026/08/06 08:26:09 NOTICE: data/video/ImpliHateVid/All/NH_605.mp4: Can't follow symlink without -L/--copy-links
2026/08/06 08:26:09 NOTICE: data/video/ImpliHateVid/All/NH_606.mp4: Can't follow symlink without -L/--copy-links
2026/08/06 08:26:09 NOTICE: data/video/ImpliHateVid/All/NH_607.mp4: Can't follow symlink without -L/--copy-links
2026/08/06 08:26:09 NOTICE: data/video/ImpliHateVid/All/NH_608.mp4: Can't follow symlink without -L/--copy-links
2026/08/06 08:26:09 NOTICE: data/video/ImpliHateVid/All/NH_609.mp4: Can't follow symlink without -L/--copy-links
2026/08/06 08:26:09 NOTICE: data/video/ImpliHateVid/All/NH_61.mp4: Can't follow symlink without -L/--copy-links
2026/08/06 08:26:09 NOTICE: data/video/ImpliHateVid/All/NH_610.mp4: Can't follow symlink without -L/--copy-links
2026/08/06 08:26:09 NOTICE: data/video/ImpliHateVid/All/NH_611.mp4: Can't follow symlink without -L/--copy-links
2026/08/06 08:26:09 NOTICE: data/video/ImpliHateVid/All/NH_612.mp4: Can't follow symlink without -L/--copy-links
2026/08/06 08:26:09 NOTICE: data/video/ImpliHateVid/All/NH_613.mp4: Can't follow symlink without -L/--copy-links
2026/08/06 08:26:09 NOTICE: data/video/ImpliHateVid/All/NH_614.mp4: Can't follow symlink without -L/--copy-links
2026/08/06 08:26:09 NOTICE: data/video/ImpliHateVid/All/NH_615.mp4: Can't follow symlink without -L/--copy-links
2026/08/06 08:26:09 NOTICE: data/video/ImpliHateVid/All/NH_616.mp4: Can't follow symlink without -L/--copy-links
2026/08/06 08:26:09 NOTICE: data/video/ImpliHateVid/All/NH_617.mp4: Can't follow symlink without -L/--copy-links
2026/08/06 08:26:09 NOTICE: data/video/ImpliHateVid/All/NH_618.mp4: Can't follow symlink without -L/--copy-links
2026/08/06 08:26:09 NOTICE: data/video/ImpliHateVid/All/NH_619.mp4: Can't follow symlink without -L/--copy-links
2026/08/06 08:26:09 NOTICE: data/video/ImpliHateVid/All/NH_62.mp4: Can't follow symlink without -L/--copy-links
2026/08/06 08:26:09 NOTICE: data/video/ImpliHateVid/All/NH_620.mp4: Can't follow symlink without -L/--copy-links
2026/08/06 08:26:09 NOTICE: data/video/ImpliHateVid/All/NH_621.mp4: Can't follow symlink without -L/--copy-links
2026/08/06 08:26:09 NOTICE: data/video/ImpliHateVid/All/NH_622.mp4: Can't follow symlink without -L/--copy-links
2026/08/06 08:26:09 NOTICE: data/video/ImpliHateVid/All/NH_623.mp4: Can't follow symlink without -L/--copy-links
2026/08/06 08:26:09 NOTICE: data/video/ImpliHateVid/All/NH_624.mp4: Can't follow symlink without -L/--copy-links
2026/08/06 08:26:09 NOTICE: data/video/ImpliHateVid/All/NH_625.mp4: Can't follow symlink without -L/--copy-links
2026/08/06 08:26:09 NOTICE: data/video/ImpliHateVid/All/NH_626.mp4: Can't follow symlink without -L/--copy-links
2026/08/06 08:26:09 NOTICE: data/video/ImpliHateVid/All/NH_627.mp4: Can't follow symlink without -L/--copy-links
2026/08/06 08:26:09 NOTICE: data/video/ImpliHateVid/All/NH_628.mp4: Can't follow symlink without -L/--copy-links
2026/08/06 08:26:09 NOTICE: data/video/ImpliHateVid/All/NH_629.mp4: Can't follow symlink without -L/--copy-links
2026/08/06 08:26:09 NOTICE: data/video/ImpliHateVid/All/NH_63.mp4: Can't follow symlink without -L/--copy-links
2026/08/06 08:26:09 NOTICE: data/video/ImpliHateVid/All/NH_630.mp4: Can't follow symlink without -L/--copy-links
2026/08/06 08:26:09 NOTICE: data/video/ImpliHateVid/All/NH_631.mp4: Can't follow symlink without -L/--copy-links
2026/08/06 08:26:09 NOTICE: data/video/ImpliHateVid/All/NH_632.mp4: Can't follow symlink without -L/--copy-links
2026/08/06 08:26:09 NOTICE: data/video/ImpliHateVid/All/NH_633.mp4: Can't follow symlink without -L/--copy-links
2026/08/06 08:26:09 NOTICE: data/video/ImpliHateVid/All/NH_634.mp4: Can't follow symlink without -L/--copy-links
2026/08/06 08:26:09 NOTICE: data/video/ImpliHateVid/All/NH_635.mp4: Can't follow symlink without -L/--copy-links
2026/08/06 08:26:09 NOTICE: data/video/ImpliHateVid/All/NH_636.mp4: Can't follow symlink without -L/--copy-links
2026/08/06 08:26:09 NOTICE: data/video/ImpliHateVid/All/NH_637.mp4: Can't follow symlink without -L/--copy-links
2026/08/06 08:26:09 NOTICE: data/video/ImpliHateVid/All/NH_638.mp4: Can't follow symlink without -L/--copy-links
2026/08/06 08:26:09 NOTICE: data/video/ImpliHateVid/All/NH_639.mp4: Can't follow symlink without -L/--copy-links
2026/08/06 08:26:09 NOTICE: data/video/ImpliHateVid/All/NH_64.mp4: Can't follow symlink without -L/--copy-links
2026/08/06 08:26:09 NOTICE: data/video/ImpliHateVid/All/NH_640.mp4: Can't follow symlink without -L/--copy-links
2026/08/06 08:26:09 NOTICE: data/video/ImpliHateVid/All/NH_641.mp4: Can't follow symlink without -L/--copy-links
2026/08/06 08:26:09 NOTICE: data/video/ImpliHateVid/All/NH_642.mp4: Can't follow symlink without -L/--copy-links
2026/08/06 08:26:09 NOTICE: data/video/ImpliHateVid/All/NH_643.mp4: Can't follow symlink without -L/--copy-links
2026/08/06 08:26:09 NOTICE: data/video/ImpliHateVid/All/NH_644.mp4: Can't follow symlink without -L/--copy-links
2026/08/06 08:26:09 NOTICE: data/video/ImpliHateVid/All/NH_645.mp4: Can't follow symlink without -L/--copy-links
2026/08/06 08:26:09 NOTICE: data/video/ImpliHateVid/All/NH_646.mp4: Can't follow symlink without -L/--copy-links
2026/08/06 08:26:09 NOTICE: data/video/ImpliHateVid/All/NH_647.mp4: Can't follow symlink without -L/--copy-links
2026/08/06 08:26:09 NOTICE: data/video/ImpliHateVid/All/NH_648.mp4: Can't follow symlink without -L/--copy-links
2026/08/06 08:26:09 NOTICE: data/video/ImpliHateVid/All/NH_649.mp4: Can't follow symlink without -L/--copy-links
2026/08/06 08:26:09 NOTICE: data/video/ImpliHateVid/All/NH_65.mp4: Can't follow symlink without -L/--copy-links
2026/08/06 08:26:09 NOTICE: data/video/ImpliHateVid/All/NH_650.mp4: Can't follow symlink without -L/--copy-links
2026/08/06 08:26:09 NOTICE: data/video/ImpliHateVid/All/NH_651.mp4: Can't follow symlink without -L/--copy-links
2026/08/06 08:26:09 NOTICE: data/video/ImpliHateVid/All/NH_652.mp4: Can't follow symlink without -L/--copy-links
2026/08/06 08:26:09 NOTICE: data/video/ImpliHateVid/All/NH_653.mp4: Can't follow symlink without -L/--copy-links
2026/08/06 08:26:09 NOTICE: data/video/ImpliHateVid/All/NH_654.mp4: Can't follow symlink without -L/--copy-links
2026/08/06 08:26:09 NOTICE: data/video/ImpliHateVid/All/NH_655.mp4: Can't follow symlink without -L/--copy-links
2026/08/06 08:26:09 NOTICE: data/video/ImpliHateVid/All/NH_656.mp4: Can't follow symlink without -L/--copy-links
2026/08/06 08:26:09 NOTICE: data/video/ImpliHateVid/All/NH_657.mp4: Can't follow symlink without -L/--copy-links
2026/08/06 08:26:09 NOTICE: data/video/ImpliHateVid/All/NH_658.mp4: Can't follow symlink without -L/--copy-links
2026/08/06 08:26:09 NOTICE: data/video/ImpliHateVid/All/NH_659.mp4: Can't follow symlink without -L/--copy-links
2026/08/06 08:26:09 NOTICE: data/video/ImpliHateVid/All/NH_66.mp4: Can't follow symlink without -L/--copy-links
2026/08/06 08:26:09 NOTICE: data/video/ImpliHateVid/All/NH_660.mp4: Can't follow symlink without -L/--copy-links
2026/08/06 08:26:09 NOTICE: data/video/ImpliHateVid/All/NH_661.mp4: Can't follow symlink without -L/--copy-links
2026/08/06 08:26:09 NOTICE: data/video/ImpliHateVid/All/NH_662.mp4: Can't follow symlink without -L/--copy-links
2026/08/06 08:26:09 NOTICE: data/video/ImpliHateVid/All/NH_663.mp4: Can't follow symlink without -L/--copy-links
2026/08/06 08:26:09 NOTICE: data/video/ImpliHateVid/All/NH_664.mp4: Can't follow symlink without -L/--copy-links
2026/08/06 08:26:09 NOTICE: data/video/ImpliHateVid/All/NH_665.mp4: Can't follow symlink without -L/--copy-links
2026/08/06 08:26:09 NOTICE: data/video/ImpliHateVid/All/NH_666.mp4: Can't follow symlink without -L/--copy-links
2026/08/06 08:26:09 NOTICE: data/video/ImpliHateVid/All/NH_667.mp4: Can't follow symlink without -L/--copy-links
2026/08/06 08:26:09 NOTICE: data/video/ImpliHateVid/All/NH_668.mp4: Can't follow symlink without -L/--copy-links
2026/08/06 08:26:09 NOTICE: data/video/ImpliHateVid/All/NH_669.mp4: Can't follow symlink without -L/--copy-links
2026/08/06 08:26:09 NOTICE: data/video/ImpliHateVid/All/NH_67.mp4: Can't follow symlink without -L/--copy-links
2026/08/06 08:26:09 NOTICE: data/video/ImpliHateVid/All/NH_670.mp4: Can't follow symlink without -L/--copy-links
2026/08/06 08:26:09 NOTICE: data/video/ImpliHateVid/All/NH_671.mp4: Can't follow symlink without -L/--copy-links
2026/08/06 08:26:09 NOTICE: data/video/ImpliHateVid/All/NH_672.mp4: Can't follow symlink without -L/--copy-links
2026/08/06 08:26:09 NOTICE: data/video/ImpliHateVid/All/NH_673.mp4: Can't follow symlink without -L/--copy-links
2026/08/06 08:26:09 NOTICE: data/video/ImpliHateVid/All/NH_674.mp4: Can't follow symlink without -L/--copy-links
2026/08/06 08:26:09 NOTICE: data/video/ImpliHateVid/All/NH_675.mp4: Can't follow symlink without -L/--copy-links
2026/08/06 08:26:09 NOTICE: data/video/ImpliHateVid/All/NH_676.mp4: Can't follow symlink without -L/--copy-links
2026/08/06 08:26:09 NOTICE: data/video/ImpliHateVid/All/NH_677.mp4: Can't follow symlink without -L/--copy-links
2026/08/06 08:26:09 NOTICE: data/video/ImpliHateVid/All/NH_678.mp4: Can't follow symlink without -L/--copy-links
2026/08/06 08:26:09 NOTICE: data/video/ImpliHateVid/All/NH_679.mp4: Can't follow symlink without -L/--copy-links
2026/08/06 08:26:09 NOTICE: data/video/ImpliHateVid/All/NH_68.mp4: Can't follow symlink without -L/--copy-links
2026/08/06 08:26:09 NOTICE: data/video/ImpliHateVid/All/NH_680.mp4: Can't follow symlink without -L/--copy-links
2026/08/06 08:26:09 NOTICE: data/video/ImpliHateVid/All/NH_681.mp4: Can't follow symlink without -L/--copy-links
2026/08/06 08:26:09 NOTICE: data/video/ImpliHateVid/All/NH_682.mp4: Can't follow symlink without -L/--copy-links
2026/08/06 08:26:09 NOTICE: data/video/ImpliHateVid/All/NH_683.mp4: Can't follow symlink without -L/--copy-links
2026/08/06 08:26:09 NOTICE: data/video/ImpliHateVid/All/NH_684.mp4: Can't follow symlink without -L/--copy-links
2026/08/06 08:26:09 NOTICE: data/video/ImpliHateVid/All/NH_685.mp4: Can't follow symlink without -L/--copy-links
2026/08/06 08:26:09 NOTICE: data/video/ImpliHateVid/All/NH_686.mp4: Can't follow symlink without -L/--copy-links
2026/08/06 08:26:09 NOTICE: data/video/ImpliHateVid/All/NH_687.mp4: Can't follow symlink without -L/--copy-links
2026/08/06 08:26:09 NOTICE: data/video/ImpliHateVid/All/NH_688.mp4: Can't follow symlink without -L/--copy-links
2026/08/06 08:26:09 NOTICE: data/video/ImpliHateVid/All/NH_689.mp4: Can't follow symlink without -L/--copy-links
2026/08/06 08:26:09 NOTICE: data/video/ImpliHateVid/All/NH_69.mp4: Can't follow symlink without -L/--copy-links
2026/08/06 08:26:09 NOTICE: data/video/ImpliHateVid/All/NH_690.mp4: Can't follow symlink without -L/--copy-links
2026/08/06 08:26:09 NOTICE: data/video/ImpliHateVid/All/NH_691.mp4: Can't follow symlink without -L/--copy-links
2026/08/06 08:26:09 NOTICE: data/video/ImpliHateVid/All/NH_692.mp4: Can't follow symlink without -L/--copy-links
2026/08/06 08:26:09 NOTICE: data/video/ImpliHateVid/All/NH_693.mp4: Can't follow symlink without -L/--copy-links
2026/08/06 08:26:09 NOTICE: data/video/ImpliHateVid/All/NH_694.mp4: Can't follow symlink without -L/--copy-links
2026/08/06 08:26:09 NOTICE: data/video/ImpliHateVid/All/NH_695.mp4: Can't follow symlink without -L/--copy-links
2026/08/06 08:26:09 NOTICE: data/video/ImpliHateVid/All/NH_696.mp4: Can't follow symlink without -L/--copy-links
2026/08/06 08:26:09 NOTICE: data/video/ImpliHateVid/All/NH_697.mp4: Can't follow symlink without -L/--copy-links
2026/08/06 08:26:09 NOTICE: data/video/ImpliHateVid/All/NH_698.mp4: Can't follow symlink without -L/--copy-links
2026/08/06 08:26:09 NOTICE: data/video/ImpliHateVid/All/NH_699.mp4: Can't follow symlink without -L/--copy-links
2026/08/06 08:26:09 NOTICE: data/video/ImpliHateVid/All/NH_7.mp4: Can't follow symlink without -L/--copy-links
2026/08/06 08:26:09 NOTICE: data/video/ImpliHateVid/All/NH_70.mp4: Can't follow symlink without -L/--copy-links
2026/08/06 08:26:09 NOTICE: data/video/ImpliHateVid/All/NH_700.mp4: Can't follow symlink without -L/--copy-links
2026/08/06 08:26:09 NOTICE: data/video/ImpliHateVid/All/NH_701.mp4: Can't follow symlink without -L/--copy-links
2026/08/06 08:26:09 NOTICE: data/video/ImpliHateVid/All/NH_702.mp4: Can't follow symlink without -L/--copy-links
2026/08/06 08:26:09 NOTICE: data/video/ImpliHateVid/All/NH_703.mp4: Can't follow symlink without -L/--copy-links
2026/08/06 08:26:09 NOTICE: data/video/ImpliHateVid/All/NH_704.mp4: Can't follow symlink without -L/--copy-links
2026/08/06 08:26:09 NOTICE: data/video/ImpliHateVid/All/NH_705.mp4: Can't follow symlink without -L/--copy-links
2026/08/06 08:26:09 NOTICE: data/video/ImpliHateVid/All/NH_706.mp4: Can't follow symlink without -L/--copy-links
2026/08/06 08:26:09 NOTICE: data/video/ImpliHateVid/All/NH_707.mp4: Can't follow symlink without -L/--copy-links
2026/08/06 08:26:09 NOTICE: data/video/ImpliHateVid/All/NH_708.mp4: Can't follow symlink without -L/--copy-links
2026/08/06 08:26:09 NOTICE: data/video/ImpliHateVid/All/NH_709.mp4: Can't follow symlink without -L/--copy-links
2026/08/06 08:26:09 NOTICE: data/video/ImpliHateVid/All/NH_71.mp4: Can't follow symlink without -L/--copy-links
2026/08/06 08:26:09 NOTICE: data/video/ImpliHateVid/All/NH_710.mp4: Can't follow symlink without -L/--copy-links
2026/08/06 08:26:09 NOTICE: data/video/ImpliHateVid/All/NH_711.mp4: Can't follow symlink without -L/--copy-links
2026/08/06 08:26:09 NOTICE: data/video/ImpliHateVid/All/NH_712.mp4: Can't follow symlink without -L/--copy-links
2026/08/06 08:26:09 NOTICE: data/video/ImpliHateVid/All/NH_713.mp4: Can't follow symlink without -L/--copy-links
2026/08/06 08:26:09 NOTICE: data/video/ImpliHateVid/All/NH_714.mp4: Can't follow symlink without -L/--copy-links
2026/08/06 08:26:09 NOTICE: data/video/ImpliHateVid/All/NH_715.mp4: Can't follow symlink without -L/--copy-links
2026/08/06 08:26:09 NOTICE: data/video/ImpliHateVid/All/NH_716.mp4: Can't follow symlink without -L/--copy-links
2026/08/06 08:26:09 NOTICE: data/video/ImpliHateVid/All/NH_717.mp4: Can't follow symlink without -L/--copy-links
2026/08/06 08:26:09 NOTICE: data/video/ImpliHateVid/All/NH_718.mp4: Can't follow symlink without -L/--copy-links
2026/08/06 08:26:09 NOTICE: data/video/ImpliHateVid/All/NH_719.mp4: Can't follow symlink without -L/--copy-links
2026/08/06 08:26:09 NOTICE: data/video/ImpliHateVid/All/NH_72.mp4: Can't follow symlink without -L/--copy-links
2026/08/06 08:26:09 NOTICE: data/video/ImpliHateVid/All/NH_720.mp4: Can't follow symlink without -L/--copy-links
2026/08/06 08:26:09 NOTICE: data/video/ImpliHateVid/All/NH_721.mp4: Can't follow symlink without -L/--copy-links
2026/08/06 08:26:09 NOTICE: data/video/ImpliHateVid/All/NH_722.mp4: Can't follow symlink without -L/--copy-links
2026/08/06 08:26:09 NOTICE: data/video/ImpliHateVid/All/NH_723.mp4: Can't follow symlink without -L/--copy-links
2026/08/06 08:26:09 NOTICE: data/video/ImpliHateVid/All/NH_724.mp4: Can't follow symlink without -L/--copy-links
2026/08/06 08:26:09 NOTICE: data/video/ImpliHateVid/All/NH_725.mp4: Can't follow symlink without -L/--copy-links
2026/08/06 08:26:09 NOTICE: data/video/ImpliHateVid/All/NH_726.mp4: Can't follow symlink without -L/--copy-links
2026/08/06 08:26:09 NOTICE: data/video/ImpliHateVid/All/NH_727.mp4: Can't follow symlink without -L/--copy-links
2026/08/06 08:26:09 NOTICE: data/video/ImpliHateVid/All/NH_728.mp4: Can't follow symlink without -L/--copy-links
2026/08/06 08:26:09 NOTICE: data/video/ImpliHateVid/All/NH_729.mp4: Can't follow symlink without -L/--copy-links
2026/08/06 08:26:09 NOTICE: data/video/ImpliHateVid/All/NH_73.mp4: Can't follow symlink without -L/--copy-links
2026/08/06 08:26:09 NOTICE: data/video/ImpliHateVid/All/NH_730.mp4: Can't follow symlink without -L/--copy-links
2026/08/06 08:26:09 NOTICE: data/video/ImpliHateVid/All/NH_731.mp4: Can't follow symlink without -L/--copy-links
2026/08/06 08:26:09 NOTICE: data/video/ImpliHateVid/All/NH_732.mp4: Can't follow symlink without -L/--copy-links
2026/08/06 08:26:09 NOTICE: data/video/ImpliHateVid/All/NH_733.mp4: Can't follow symlink without -L/--copy-links
2026/08/06 08:26:09 NOTICE: data/video/ImpliHateVid/All/NH_734.mp4: Can't follow symlink without -L/--copy-links
2026/08/06 08:26:09 NOTICE: data/video/ImpliHateVid/All/NH_735.mp4: Can't follow symlink without -L/--copy-links
2026/08/06 08:26:09 NOTICE: data/video/ImpliHateVid/All/NH_736.mp4: Can't follow symlink without -L/--copy-links
2026/08/06 08:26:09 NOTICE: data/video/ImpliHateVid/All/NH_737.mp4: Can't follow symlink without -L/--copy-links
2026/08/06 08:26:09 NOTICE: data/video/ImpliHateVid/All/NH_738.mp4: Can't follow symlink without -L/--copy-links
2026/08/06 08:26:09 NOTICE: data/video/ImpliHateVid/All/NH_739.mp4: Can't follow symlink without -L/--copy-links
2026/08/06 08:26:09 NOTICE: data/video/ImpliHateVid/All/NH_74.mp4: Can't follow symlink without -L/--copy-links
2026/08/06 08:26:09 NOTICE: data/video/ImpliHateVid/All/NH_740.mp4: Can't follow symlink without -L/--copy-links
2026/08/06 08:26:09 NOTICE: data/video/ImpliHateVid/All/NH_741.mp4: Can't follow symlink without -L/--copy-links
2026/08/06 08:26:09 NOTICE: data/video/ImpliHateVid/All/NH_742.mp4: Can't follow symlink without -L/--copy-links
2026/08/06 08:26:09 NOTICE: data/video/ImpliHateVid/All/NH_743.mp4: Can't follow symlink without -L/--copy-links
2026/08/06 08:26:09 NOTICE: data/video/ImpliHateVid/All/NH_744.mp4: Can't follow symlink without -L/--copy-links
2026/08/06 08:26:09 NOTICE: data/video/ImpliHateVid/All/NH_745.mp4: Can't follow symlink without -L/--copy-links
2026/08/06 08:26:09 NOTICE: data/video/ImpliHateVid/All/NH_746.mp4: Can't follow symlink without -L/--copy-links
2026/08/06 08:26:09 NOTICE: data/video/ImpliHateVid/All/NH_747.mp4: Can't follow symlink without -L/--copy-links
2026/08/06 08:26:09 NOTICE: data/video/ImpliHateVid/All/NH_748.mp4: Can't follow symlink without -L/--copy-links
2026/08/06 08:26:09 NOTICE: data/video/ImpliHateVid/All/NH_749.mp4: Can't follow symlink without -L/--copy-links
2026/08/06 08:26:09 NOTICE: data/video/ImpliHateVid/All/NH_75.mp4: Can't follow symlink without -L/--copy-links
2026/08/06 08:26:09 NOTICE: data/video/ImpliHateVid/All/NH_750.mp4: Can't follow symlink without -L/--copy-links
2026/08/06 08:26:09 NOTICE: data/video/ImpliHateVid/All/NH_751.mp4: Can't follow symlink without -L/--copy-links
2026/08/06 08:26:09 NOTICE: data/video/ImpliHateVid/All/NH_752.mp4: Can't follow symlink without -L/--copy-links
2026/08/06 08:26:09 NOTICE: data/video/ImpliHateVid/All/NH_753.mp4: Can't follow symlink without -L/--copy-links
2026/08/06 08:26:09 NOTICE: data/video/ImpliHateVid/All/NH_754.mp4: Can't follow symlink without -L/--copy-links
2026/08/06 08:26:09 NOTICE: data/video/ImpliHateVid/All/NH_755.mp4: Can't follow symlink without -L/--copy-links
2026/08/06 08:26:09 NOTICE: data/video/ImpliHateVid/All/NH_756.mp4: Can't follow symlink without -L/--copy-links
2026/08/06 08:26:09 NOTICE: data/video/ImpliHateVid/All/NH_757.mp4: Can't follow symlink without -L/--copy-links
2026/08/06 08:26:09 NOTICE: data/video/ImpliHateVid/All/NH_758.mp4: Can't follow symlink without -L/--copy-links
2026/08/06 08:26:09 NOTICE: data/video/ImpliHateVid/All/NH_759.mp4: Can't follow symlink without -L/--copy-links
2026/08/06 08:26:09 NOTICE: data/video/ImpliHateVid/All/NH_76.mp4: Can't follow symlink without -L/--copy-links
2026/08/06 08:26:09 NOTICE: data/video/ImpliHateVid/All/NH_760.mp4: Can't follow symlink without -L/--copy-links
2026/08/06 08:26:09 NOTICE: data/video/ImpliHateVid/All/NH_761.mp4: Can't follow symlink without -L/--copy-links
2026/08/06 08:26:09 NOTICE: data/video/ImpliHateVid/All/NH_762.mp4: Can't follow symlink without -L/--copy-links
2026/08/06 08:26:09 NOTICE: data/video/ImpliHateVid/All/NH_763.mp4: Can't follow symlink without -L/--copy-links
2026/08/06 08:26:09 NOTICE: data/video/ImpliHateVid/All/NH_764.mp4: Can't follow symlink without -L/--copy-links
2026/08/06 08:26:09 NOTICE: data/video/ImpliHateVid/All/NH_765.mp4: Can't follow symlink without -L/--copy-links
2026/08/06 08:26:09 NOTICE: data/video/ImpliHateVid/All/NH_766.mp4: Can't follow symlink without -L/--copy-links
2026/08/06 08:26:09 NOTICE: data/video/ImpliHateVid/All/NH_767.mp4: Can't follow symlink without -L/--copy-links
2026/08/06 08:26:09 NOTICE: data/video/ImpliHateVid/All/NH_768.mp4: Can't follow symlink without -L/--copy-links
2026/08/06 08:26:09 NOTICE: data/video/ImpliHateVid/All/NH_769.mp4: Can't follow symlink without -L/--copy-links
2026/08/06 08:26:09 NOTICE: data/video/ImpliHateVid/All/NH_77.mp4: Can't follow symlink without -L/--copy-links
2026/08/06 08:26:09 NOTICE: data/video/ImpliHateVid/All/NH_770.mp4: Can't follow symlink without -L/--copy-links
2026/08/06 08:26:09 NOTICE: data/video/ImpliHateVid/All/NH_771.mp4: Can't follow symlink without -L/--copy-links
2026/08/06 08:26:09 NOTICE: data/video/ImpliHateVid/All/NH_772.mp4: Can't follow symlink without -L/--copy-links
2026/08/06 08:26:09 NOTICE: data/video/ImpliHateVid/All/NH_773.mp4: Can't follow symlink without -L/--copy-links
2026/08/06 08:26:09 NOTICE: data/video/ImpliHateVid/All/NH_774.mp4: Can't follow symlink without -L/--copy-links
2026/08/06 08:26:09 NOTICE: data/video/ImpliHateVid/All/NH_775.mp4: Can't follow symlink without -L/--copy-links
2026/08/06 08:26:09 NOTICE: data/video/ImpliHateVid/All/NH_776.mp4: Can't follow symlink without -L/--copy-links
2026/08/06 08:26:09 NOTICE: data/video/ImpliHateVid/All/NH_777.mp4: Can't follow symlink without -L/--copy-links
2026/08/06 08:26:09 NOTICE: data/video/ImpliHateVid/All/NH_778.mp4: Can't follow symlink without -L/--copy-links
2026/08/06 08:26:09 NOTICE: data/video/ImpliHateVid/All/NH_779.mp4: Can't follow symlink without -L/--copy-links
2026/08/06 08:26:09 NOTICE: data/video/ImpliHateVid/All/NH_78.mp4: Can't follow symlink without -L/--copy-links
2026/08/06 08:26:09 NOTICE: data/video/ImpliHateVid/All/NH_780.mp4: Can't follow symlink without -L/--copy-links
2026/08/06 08:26:09 NOTICE: data/video/ImpliHateVid/All/NH_781.mp4: Can't follow symlink without -L/--copy-links
2026/08/06 08:26:09 NOTICE: data/video/ImpliHateVid/All/NH_782.mp4: Can't follow symlink without -L/--copy-links
2026/08/06 08:26:09 NOTICE: data/video/ImpliHateVid/All/NH_783.mp4: Can't follow symlink without -L/--copy-links
2026/08/06 08:26:09 NOTICE: data/video/ImpliHateVid/All/NH_784.mp4: Can't follow symlink without -L/--copy-links
2026/08/06 08:26:09 NOTICE: data/video/ImpliHateVid/All/NH_785.mp4: Can't follow symlink without -L/--copy-links
2026/08/06 08:26:09 NOTICE: data/video/ImpliHateVid/All/NH_786.mp4: Can't follow symlink without -L/--copy-links
2026/08/06 08:26:09 NOTICE: data/video/ImpliHateVid/All/NH_787.mp4: Can't follow symlink without -L/--copy-links
2026/08/06 08:26:09 NOTICE: data/video/ImpliHateVid/All/NH_788.mp4: Can't follow symlink without -L/--copy-links
2026/08/06 08:26:09 NOTICE: data/video/ImpliHateVid/All/NH_789.mp4: Can't follow symlink without -L/--copy-links
2026/08/06 08:26:09 NOTICE: data/video/ImpliHateVid/All/NH_79.mp4: Can't follow symlink without -L/--copy-links
2026/08/06 08:26:09 NOTICE: data/video/ImpliHateVid/All/NH_790.mp4: Can't follow symlink without -L/--copy-links
2026/08/06 08:26:09 NOTICE: data/video/ImpliHateVid/All/NH_791.mp4: Can't follow symlink without -L/--copy-links
2026/08/06 08:26:09 NOTICE: data/video/ImpliHateVid/All/NH_792.mp4: Can't follow symlink without -L/--copy-links
2026/08/06 08:26:09 NOTICE: data/video/ImpliHateVid/All/NH_793.mp4: Can't follow symlink without -L/--copy-links
2026/08/06 08:26:09 NOTICE: data/video/ImpliHateVid/All/NH_794.mp4: Can't follow symlink without -L/--copy-links
2026/08/06 08:26:09 NOTICE: data/video/ImpliHateVid/All/NH_795.mp4: Can't follow symlink without -L/--copy-links
2026/08/06 08:26:09 NOTICE: data/video/ImpliHateVid/All/NH_796.mp4: Can't follow symlink without -L/--copy-links
2026/08/06 08:26:09 NOTICE: data/video/ImpliHateVid/All/NH_797.mp4: Can't follow symlink without -L/--copy-links
2026/08/06 08:26:09 NOTICE: data/video/ImpliHateVid/All/NH_798.mp4: Can't follow symlink without -L/--copy-links
2026/08/06 08:26:09 NOTICE: data/video/ImpliHateVid/All/NH_799.mp4: Can't follow symlink without -L/--copy-links
2026/08/06 08:26:09 NOTICE: data/video/ImpliHateVid/All/NH_8.mp4: Can't follow symlink without -L/--copy-links
2026/08/06 08:26:09 NOTICE: data/video/ImpliHateVid/All/NH_80.mp4: Can't follow symlink without -L/--copy-links
2026/08/06 08:26:09 NOTICE: data/video/ImpliHateVid/All/NH_800.mp4: Can't follow symlink without -L/--copy-links
2026/08/06 08:26:09 NOTICE: data/video/ImpliHateVid/All/NH_801.mp4: Can't follow symlink without -L/--copy-links
2026/08/06 08:26:09 NOTICE: data/video/ImpliHateVid/All/NH_802.mp4: Can't follow symlink without -L/--copy-links
2026/08/06 08:26:09 NOTICE: data/video/ImpliHateVid/All/NH_803.mp4: Can't follow symlink without -L/--copy-links
2026/08/06 08:26:09 NOTICE: data/video/ImpliHateVid/All/NH_804.mp4: Can't follow symlink without -L/--copy-links
2026/08/06 08:26:09 NOTICE: data/video/ImpliHateVid/All/NH_805.mp4: Can't follow symlink without -L/--copy-links
2026/08/06 08:26:09 NOTICE: data/video/ImpliHateVid/All/NH_806.mp4: Can't follow symlink without -L/--copy-links
2026/08/06 08:26:09 NOTICE: data/video/ImpliHateVid/All/NH_807.mp4: Can't follow symlink without -L/--copy-links
2026/08/06 08:26:09 NOTICE: data/video/ImpliHateVid/All/NH_808.mp4: Can't follow symlink without -L/--copy-links
2026/08/06 08:26:09 NOTICE: data/video/ImpliHateVid/All/NH_809.mp4: Can't follow symlink without -L/--copy-links
2026/08/06 08:26:09 NOTICE: data/video/ImpliHateVid/All/NH_81.mp4: Can't follow symlink without -L/--copy-links
2026/08/06 08:26:09 NOTICE: data/video/ImpliHateVid/All/NH_810.mp4: Can't follow symlink without -L/--copy-links
2026/08/06 08:26:09 NOTICE: data/video/ImpliHateVid/All/NH_811.mp4: Can't follow symlink without -L/--copy-links
2026/08/06 08:26:09 NOTICE: data/video/ImpliHateVid/All/NH_812.mp4: Can't follow symlink without -L/--copy-links
2026/08/06 08:26:09 NOTICE: data/video/ImpliHateVid/All/NH_813.mp4: Can't follow symlink without -L/--copy-links
2026/08/06 08:26:09 NOTICE: data/video/ImpliHateVid/All/NH_814.mp4: Can't follow symlink without -L/--copy-links
2026/08/06 08:26:09 NOTICE: data/video/ImpliHateVid/All/NH_815.mp4: Can't follow symlink without -L/--copy-links
2026/08/06 08:26:09 NOTICE: data/video/ImpliHateVid/All/NH_816.mp4: Can't follow symlink without -L/--copy-links
2026/08/06 08:26:09 NOTICE: data/video/ImpliHateVid/All/NH_817.mp4: Can't follow symlink without -L/--copy-links
2026/08/06 08:26:09 NOTICE: data/video/ImpliHateVid/All/NH_818.mp4: Can't follow symlink without -L/--copy-links
2026/08/06 08:26:09 NOTICE: data/video/ImpliHateVid/All/NH_819.mp4: Can't follow symlink without -L/--copy-links
2026/08/06 08:26:09 NOTICE: data/video/ImpliHateVid/All/NH_82.mp4: Can't follow symlink without -L/--copy-links
2026/08/06 08:26:09 NOTICE: data/video/ImpliHateVid/All/NH_820.mp4: Can't follow symlink without -L/--copy-links
2026/08/06 08:26:09 NOTICE: data/video/ImpliHateVid/All/NH_821.mp4: Can't follow symlink without -L/--copy-links
2026/08/06 08:26:09 NOTICE: data/video/ImpliHateVid/All/NH_822.mp4: Can't follow symlink without -L/--copy-links
2026/08/06 08:26:09 NOTICE: data/video/ImpliHateVid/All/NH_823.mp4: Can't follow symlink without -L/--copy-links
2026/08/06 08:26:09 NOTICE: data/video/ImpliHateVid/All/NH_824.mp4: Can't follow symlink without -L/--copy-links
2026/08/06 08:26:09 NOTICE: data/video/ImpliHateVid/All/NH_825.mp4: Can't follow symlink without -L/--copy-links
2026/08/06 08:26:09 NOTICE: data/video/ImpliHateVid/All/NH_826.mp4: Can't follow symlink without -L/--copy-links
2026/08/06 08:26:09 NOTICE: data/video/ImpliHateVid/All/NH_827.mp4: Can't follow symlink without -L/--copy-links
2026/08/06 08:26:09 NOTICE: data/video/ImpliHateVid/All/NH_828.mp4: Can't follow symlink without -L/--copy-links
2026/08/06 08:26:09 NOTICE: data/video/ImpliHateVid/All/NH_829.mp4: Can't follow symlink without -L/--copy-links
2026/08/06 08:26:09 NOTICE: data/video/ImpliHateVid/All/NH_83.mp4: Can't follow symlink without -L/--copy-links
2026/08/06 08:26:09 NOTICE: data/video/ImpliHateVid/All/NH_830.mp4: Can't follow symlink without -L/--copy-links
2026/08/06 08:26:09 NOTICE: data/video/ImpliHateVid/All/NH_831.mp4: Can't follow symlink without -L/--copy-links
2026/08/06 08:26:09 NOTICE: data/video/ImpliHateVid/All/NH_832.mp4: Can't follow symlink without -L/--copy-links
2026/08/06 08:26:09 NOTICE: data/video/ImpliHateVid/All/NH_833.mp4: Can't follow symlink without -L/--copy-links
2026/08/06 08:26:09 NOTICE: data/video/ImpliHateVid/All/NH_834.mp4: Can't follow symlink without -L/--copy-links
2026/08/06 08:26:09 NOTICE: data/video/ImpliHateVid/All/NH_835.mp4: Can't follow symlink without -L/--copy-links
2026/08/06 08:26:09 NOTICE: data/video/ImpliHateVid/All/NH_836.mp4: Can't follow symlink without -L/--copy-links
2026/08/06 08:26:09 NOTICE: data/video/ImpliHateVid/All/NH_837.mp4: Can't follow symlink without -L/--copy-links
2026/08/06 08:26:09 NOTICE: data/video/ImpliHateVid/All/NH_838.mp4: Can't follow symlink without -L/--copy-links
2026/08/06 08:26:09 NOTICE: data/video/ImpliHateVid/All/NH_839.mp4: Can't follow symlink without -L/--copy-links
2026/08/06 08:26:09 NOTICE: data/video/ImpliHateVid/All/NH_84.mp4: Can't follow symlink without -L/--copy-links
2026/08/06 08:26:09 NOTICE: data/video/ImpliHateVid/All/NH_840.mp4: Can't follow symlink without -L/--copy-links
2026/08/06 08:26:09 NOTICE: data/video/ImpliHateVid/All/NH_841.mp4: Can't follow symlink without -L/--copy-links
2026/08/06 08:26:09 NOTICE: data/video/ImpliHateVid/All/NH_842.mp4: Can't follow symlink without -L/--copy-links
2026/08/06 08:26:09 NOTICE: data/video/ImpliHateVid/All/NH_843.mp4: Can't follow symlink without -L/--copy-links
2026/08/06 08:26:09 NOTICE: data/video/ImpliHateVid/All/NH_844.mp4: Can't follow symlink without -L/--copy-links
2026/08/06 08:26:09 NOTICE: data/video/ImpliHateVid/All/NH_845.mp4: Can't follow symlink without -L/--copy-links
2026/08/06 08:26:09 NOTICE: data/video/ImpliHateVid/All/NH_846.mp4: Can't follow symlink without -L/--copy-links
2026/08/06 08:26:09 NOTICE: data/video/ImpliHateVid/All/NH_847.mp4: Can't follow symlink without -L/--copy-links
2026/08/06 08:26:09 NOTICE: data/video/ImpliHateVid/All/NH_848.mp4: Can't follow symlink without -L/--copy-links
2026/08/06 08:26:09 NOTICE: data/video/ImpliHateVid/All/NH_849.mp4: Can't follow symlink without -L/--copy-links
2026/08/06 08:26:09 NOTICE: data/video/ImpliHateVid/All/NH_85.mp4: Can't follow symlink without -L/--copy-links
2026/08/06 08:26:09 NOTICE: data/video/ImpliHateVid/All/NH_850.mp4: Can't follow symlink without -L/--copy-links
2026/08/06 08:26:09 NOTICE: data/video/ImpliHateVid/All/NH_851.mp4: Can't follow symlink without -L/--copy-links
2026/08/06 08:26:09 NOTICE: data/video/ImpliHateVid/All/NH_852.mp4: Can't follow symlink without -L/--copy-links
2026/08/06 08:26:09 NOTICE: data/video/ImpliHateVid/All/NH_853.mp4: Can't follow symlink without -L/--copy-links
2026/08/06 08:26:09 NOTICE: data/video/ImpliHateVid/All/NH_854.mp4: Can't follow symlink without -L/--copy-links
2026/08/06 08:26:09 NOTICE: data/video/ImpliHateVid/All/NH_855.mp4: Can't follow symlink without -L/--copy-links
2026/08/06 08:26:09 NOTICE: data/video/ImpliHateVid/All/NH_856.mp4: Can't follow symlink without -L/--copy-links
2026/08/06 08:26:09 NOTICE: data/video/ImpliHateVid/All/NH_857.mp4: Can't follow symlink without -L/--copy-links
2026/08/06 08:26:09 NOTICE: data/video/ImpliHateVid/All/NH_858.mp4: Can't follow symlink without -L/--copy-links
2026/08/06 08:26:09 NOTICE: data/video/ImpliHateVid/All/NH_859.mp4: Can't follow symlink without -L/--copy-links
2026/08/06 08:26:09 NOTICE: data/video/ImpliHateVid/All/NH_86.mp4: Can't follow symlink without -L/--copy-links
2026/08/06 08:26:09 NOTICE: data/video/ImpliHateVid/All/NH_860.mp4: Can't follow symlink without -L/--copy-links
2026/08/06 08:26:09 NOTICE: data/video/ImpliHateVid/All/NH_861.mp4: Can't follow symlink without -L/--copy-links
2026/08/06 08:26:09 NOTICE: data/video/ImpliHateVid/All/NH_862.mp4: Can't follow symlink without -L/--copy-links
2026/08/06 08:26:09 NOTICE: data/video/ImpliHateVid/All/NH_863.mp4: Can't follow symlink without -L/--copy-links
2026/08/06 08:26:09 NOTICE: data/video/ImpliHateVid/All/NH_864.mp4: Can't follow symlink without -L/--copy-links
2026/08/06 08:26:09 NOTICE: data/video/ImpliHateVid/All/NH_865.mp4: Can't follow symlink without -L/--copy-links
2026/08/06 08:26:09 NOTICE: data/video/ImpliHateVid/All/NH_866.mp4: Can't follow symlink without -L/--copy-links
2026/08/06 08:26:09 NOTICE: data/video/ImpliHateVid/All/NH_867.mp4: Can't follow symlink without -L/--copy-links
2026/08/06 08:26:09 NOTICE: data/video/ImpliHateVid/All/NH_868.mp4: Can't follow symlink without -L/--copy-links
2026/08/06 08:26:09 NOTICE: data/video/ImpliHateVid/All/NH_869.mp4: Can't follow symlink without -L/--copy-links
2026/08/06 08:26:09 NOTICE: data/video/ImpliHateVid/All/NH_87.mp4: Can't follow symlink without -L/--copy-links
2026/08/06 08:26:09 NOTICE: data/video/ImpliHateVid/All/NH_870.mp4: Can't follow symlink without -L/--copy-links
2026/08/06 08:26:09 NOTICE: data/video/ImpliHateVid/All/NH_871.mp4: Can't follow symlink without -L/--copy-links
2026/08/06 08:26:09 NOTICE: data/video/ImpliHateVid/All/NH_872.mp4: Can't follow symlink without -L/--copy-links
2026/08/06 08:26:09 NOTICE: data/video/ImpliHateVid/All/NH_873.mp4: Can't follow symlink without -L/--copy-links
2026/08/06 08:26:09 NOTICE: data/video/ImpliHateVid/All/NH_874.mp4: Can't follow symlink without -L/--copy-links
2026/08/06 08:26:09 NOTICE: data/video/ImpliHateVid/All/NH_875.mp4: Can't follow symlink without -L/--copy-links
2026/08/06 08:26:09 NOTICE: data/video/ImpliHateVid/All/NH_876.mp4: Can't follow symlink without -L/--copy-links
2026/08/06 08:26:09 NOTICE: data/video/ImpliHateVid/All/NH_877.mp4: Can't follow symlink without -L/--copy-links
2026/08/06 08:26:09 NOTICE: data/video/ImpliHateVid/All/NH_878.mp4: Can't follow symlink without -L/--copy-links
2026/08/06 08:26:09 NOTICE: data/video/ImpliHateVid/All/NH_879.mp4: Can't follow symlink without -L/--copy-links
2026/08/06 08:26:09 NOTICE: data/video/ImpliHateVid/All/NH_88.mp4: Can't follow symlink without -L/--copy-links
2026/08/06 08:26:09 NOTICE: data/video/ImpliHateVid/All/NH_880.mp4: Can't follow symlink without -L/--copy-links
2026/08/06 08:26:09 NOTICE: data/video/ImpliHateVid/All/NH_881.mp4: Can't follow symlink without -L/--copy-links
2026/08/06 08:26:09 NOTICE: data/video/ImpliHateVid/All/NH_882.mp4: Can't follow symlink without -L/--copy-links
2026/08/06 08:26:09 NOTICE: data/video/ImpliHateVid/All/NH_883.mp4: Can't follow symlink without -L/--copy-links
2026/08/06 08:26:09 NOTICE: data/video/ImpliHateVid/All/NH_884.mp4: Can't follow symlink without -L/--copy-links
2026/08/06 08:26:09 NOTICE: data/video/ImpliHateVid/All/NH_885.mp4: Can't follow symlink without -L/--copy-links
2026/08/06 08:26:09 NOTICE: data/video/ImpliHateVid/All/NH_886.mp4: Can't follow symlink without -L/--copy-links
2026/08/06 08:26:09 NOTICE: data/video/ImpliHateVid/All/NH_887.mp4: Can't follow symlink without -L/--copy-links
2026/08/06 08:26:09 NOTICE: data/video/ImpliHateVid/All/NH_888.mp4: Can't follow symlink without -L/--copy-links
2026/08/06 08:26:09 NOTICE: data/video/ImpliHateVid/All/NH_889.mp4: Can't follow symlink without -L/--copy-links
2026/08/06 08:26:09 NOTICE: data/video/ImpliHateVid/All/NH_89.mp4: Can't follow symlink without -L/--copy-links
2026/08/06 08:26:09 NOTICE: data/video/ImpliHateVid/All/NH_890.mp4: Can't follow symlink without -L/--copy-links
2026/08/06 08:26:09 NOTICE: data/video/ImpliHateVid/All/NH_891.mp4: Can't follow symlink without -L/--copy-links
2026/08/06 08:26:09 NOTICE: data/video/ImpliHateVid/All/NH_892.mp4: Can't follow symlink without -L/--copy-links
2026/08/06 08:26:09 NOTICE: data/video/ImpliHateVid/All/NH_893.mp4: Can't follow symlink without -L/--copy-links
2026/08/06 08:26:09 NOTICE: data/video/ImpliHateVid/All/NH_894.mp4: Can't follow symlink without -L/--copy-links
2026/08/06 08:26:09 NOTICE: data/video/ImpliHateVid/All/NH_895.mp4: Can't follow symlink without -L/--copy-links
2026/08/06 08:26:09 NOTICE: data/video/ImpliHateVid/All/NH_896.mp4: Can't follow symlink without -L/--copy-links
2026/08/06 08:26:09 NOTICE: data/video/ImpliHateVid/All/NH_897.mp4: Can't follow symlink without -L/--copy-links
2026/08/06 08:26:09 NOTICE: data/video/ImpliHateVid/All/NH_898.mp4: Can't follow symlink without -L/--copy-links
2026/08/06 08:26:09 NOTICE: data/video/ImpliHateVid/All/NH_899.mp4: Can't follow symlink without -L/--copy-links
2026/08/06 08:26:09 NOTICE: data/video/ImpliHateVid/All/NH_9.mp4: Can't follow symlink without -L/--copy-links
2026/08/06 08:26:09 NOTICE: data/video/ImpliHateVid/All/NH_90.mp4: Can't follow symlink without -L/--copy-links
2026/08/06 08:26:09 NOTICE: data/video/ImpliHateVid/All/NH_900.mp4: Can't follow symlink without -L/--copy-links
2026/08/06 08:26:09 NOTICE: data/video/ImpliHateVid/All/NH_901.mp4: Can't follow symlink without -L/--copy-links
2026/08/06 08:26:09 NOTICE: data/video/ImpliHateVid/All/NH_902.mp4: Can't follow symlink without -L/--copy-links
2026/08/06 08:26:09 NOTICE: data/video/ImpliHateVid/All/NH_903.mp4: Can't follow symlink without -L/--copy-links
2026/08/06 08:26:09 NOTICE: data/video/ImpliHateVid/All/NH_904.mp4: Can't follow symlink without -L/--copy-links
2026/08/06 08:26:09 NOTICE: data/video/ImpliHateVid/All/NH_905.mp4: Can't follow symlink without -L/--copy-links
2026/08/06 08:26:09 NOTICE: data/video/ImpliHateVid/All/NH_906.mp4: Can't follow symlink without -L/--copy-links
2026/08/06 08:26:09 NOTICE: data/video/ImpliHateVid/All/NH_907.mp4: Can't follow symlink without -L/--copy-links
2026/08/06 08:26:09 NOTICE: data/video/ImpliHateVid/All/NH_908.mp4: Can't follow symlink without -L/--copy-links
2026/08/06 08:26:09 NOTICE: data/video/ImpliHateVid/All/NH_909.mp4: Can't follow symlink without -L/--copy-links
2026/08/06 08:26:09 NOTICE: data/video/ImpliHateVid/All/NH_91.mp4: Can't follow symlink without -L/--copy-links
2026/08/06 08:26:09 NOTICE: data/video/ImpliHateVid/All/NH_910.mp4: Can't follow symlink without -L/--copy-links
2026/08/06 08:26:09 NOTICE: data/video/ImpliHateVid/All/NH_911.mp4: Can't follow symlink without -L/--copy-links
2026/08/06 08:26:09 NOTICE: data/video/ImpliHateVid/All/NH_912.mp4: Can't follow symlink without -L/--copy-links
2026/08/06 08:26:09 NOTICE: data/video/ImpliHateVid/All/NH_913.mp4: Can't follow symlink without -L/--copy-links
2026/08/06 08:26:09 NOTICE: data/video/ImpliHateVid/All/NH_914.mp4: Can't follow symlink without -L/--copy-links
2026/08/06 08:26:09 NOTICE: data/video/ImpliHateVid/All/NH_915.mp4: Can't follow symlink without -L/--copy-links
2026/08/06 08:26:09 NOTICE: data/video/ImpliHateVid/All/NH_916.mp4: Can't follow symlink without -L/--copy-links
2026/08/06 08:26:09 NOTICE: data/video/ImpliHateVid/All/NH_917.mp4: Can't follow symlink without -L/--copy-links
2026/08/06 08:26:09 NOTICE: data/video/ImpliHateVid/All/NH_918.mp4: Can't follow symlink without -L/--copy-links
2026/08/06 08:26:09 NOTICE: data/video/ImpliHateVid/All/NH_919.mp4: Can't follow symlink without -L/--copy-links
2026/08/06 08:26:09 NOTICE: data/video/ImpliHateVid/All/NH_92.mp4: Can't follow symlink without -L/--copy-links
2026/08/06 08:26:09 NOTICE: data/video/ImpliHateVid/All/NH_920.mp4: Can't follow symlink without -L/--copy-links
2026/08/06 08:26:09 NOTICE: data/video/ImpliHateVid/All/NH_921.mp4: Can't follow symlink without -L/--copy-links
2026/08/06 08:26:09 NOTICE: data/video/ImpliHateVid/All/NH_922.mp4: Can't follow symlink without -L/--copy-links
2026/08/06 08:26:09 NOTICE: data/video/ImpliHateVid/All/NH_923.mp4: Can't follow symlink without -L/--copy-links
2026/08/06 08:26:09 NOTICE: data/video/ImpliHateVid/All/NH_924.mp4: Can't follow symlink without -L/--copy-links
2026/08/06 08:26:09 NOTICE: data/video/ImpliHateVid/All/NH_925.mp4: Can't follow symlink without -L/--copy-links
2026/08/06 08:26:09 NOTICE: data/video/ImpliHateVid/All/NH_926.mp4: Can't follow symlink without -L/--copy-links
2026/08/06 08:26:09 NOTICE: data/video/ImpliHateVid/All/NH_927.mp4: Can't follow symlink without -L/--copy-links
2026/08/06 08:26:09 NOTICE: data/video/ImpliHateVid/All/NH_928.mp4: Can't follow symlink without -L/--copy-links
2026/08/06 08:26:09 NOTICE: data/video/ImpliHateVid/All/NH_929.mp4: Can't follow symlink without -L/--copy-links
2026/08/06 08:26:09 NOTICE: data/video/ImpliHateVid/All/NH_93.mp4: Can't follow symlink without -L/--copy-links
2026/08/06 08:26:09 NOTICE: data/video/ImpliHateVid/All/NH_930.mp4: Can't follow symlink without -L/--copy-links
2026/08/06 08:26:09 NOTICE: data/video/ImpliHateVid/All/NH_931.mp4: Can't follow symlink without -L/--copy-links
2026/08/06 08:26:09 NOTICE: data/video/ImpliHateVid/All/NH_932.mp4: Can't follow symlink without -L/--copy-links
2026/08/06 08:26:09 NOTICE: data/video/ImpliHateVid/All/NH_933.mp4: Can't follow symlink without -L/--copy-links
2026/08/06 08:26:09 NOTICE: data/video/ImpliHateVid/All/NH_934.mp4: Can't follow symlink without -L/--copy-links
2026/08/06 08:26:09 NOTICE: data/video/ImpliHateVid/All/NH_935.mp4: Can't follow symlink without -L/--copy-links
2026/08/06 08:26:09 NOTICE: data/video/ImpliHateVid/All/NH_936.mp4: Can't follow symlink without -L/--copy-links
2026/08/06 08:26:09 NOTICE: data/video/ImpliHateVid/All/NH_937.mp4: Can't follow symlink without -L/--copy-links
2026/08/06 08:26:09 NOTICE: data/video/ImpliHateVid/All/NH_938.mp4: Can't follow symlink without -L/--copy-links
2026/08/06 08:26:09 NOTICE: data/video/ImpliHateVid/All/NH_939.mp4: Can't follow symlink without -L/--copy-links
2026/08/06 08:26:09 NOTICE: data/video/ImpliHateVid/All/NH_94.mp4: Can't follow symlink without -L/--copy-links
2026/08/06 08:26:09 NOTICE: data/video/ImpliHateVid/All/NH_940.mp4: Can't follow symlink without -L/--copy-links
2026/08/06 08:26:09 NOTICE: data/video/ImpliHateVid/All/NH_941.mp4: Can't follow symlink without -L/--copy-links
2026/08/06 08:26:09 NOTICE: data/video/ImpliHateVid/All/NH_942.mp4: Can't follow symlink without -L/--copy-links
2026/08/06 08:26:09 NOTICE: data/video/ImpliHateVid/All/NH_943.mp4: Can't follow symlink without -L/--copy-links
2026/08/06 08:26:09 NOTICE: data/video/ImpliHateVid/All/NH_944.mp4: Can't follow symlink without -L/--copy-links
2026/08/06 08:26:09 NOTICE: data/video/ImpliHateVid/All/NH_945.mp4: Can't follow symlink without -L/--copy-links
2026/08/06 08:26:09 NOTICE: data/video/ImpliHateVid/All/NH_946.mp4: Can't follow symlink without -L/--copy-links
2026/08/06 08:26:09 NOTICE: data/video/ImpliHateVid/All/NH_947.mp4: Can't follow symlink without -L/--copy-links
2026/08/06 08:26:09 NOTICE: data/video/ImpliHateVid/All/NH_948.mp4: Can't follow symlink without -L/--copy-links
2026/08/06 08:26:09 NOTICE: data/video/ImpliHateVid/All/NH_949.mp4: Can't follow symlink without -L/--copy-links
2026/08/06 08:26:09 NOTICE: data/video/ImpliHateVid/All/NH_95.mp4: Can't follow symlink without -L/--copy-links
2026/08/06 08:26:09 NOTICE: data/video/ImpliHateVid/All/NH_950.mp4: Can't follow symlink without -L/--copy-links
2026/08/06 08:26:09 NOTICE: data/video/ImpliHateVid/All/NH_951.mp4: Can't follow symlink without -L/--copy-links
2026/08/06 08:26:09 NOTICE: data/video/ImpliHateVid/All/NH_952.mp4: Can't follow symlink without -L/--copy-links
2026/08/06 08:26:09 NOTICE: data/video/ImpliHateVid/All/NH_953.mp4: Can't follow symlink without -L/--copy-links
2026/08/06 08:26:09 NOTICE: data/video/ImpliHateVid/All/NH_954.mp4: Can't follow symlink without -L/--copy-links
2026/08/06 08:26:09 NOTICE: data/video/ImpliHateVid/All/NH_955.mp4: Can't follow symlink without -L/--copy-links
2026/08/06 08:26:09 NOTICE: data/video/ImpliHateVid/All/NH_956.mp4: Can't follow symlink without -L/--copy-links
2026/08/06 08:26:09 NOTICE: data/video/ImpliHateVid/All/NH_957.mp4: Can't follow symlink without -L/--copy-links
2026/08/06 08:26:09 NOTICE: data/video/ImpliHateVid/All/NH_958.mp4: Can't follow symlink without -L/--copy-links
2026/08/06 08:26:09 NOTICE: data/video/ImpliHateVid/All/NH_959.mp4: Can't follow symlink without -L/--copy-links
2026/08/06 08:26:09 NOTICE: data/video/ImpliHateVid/All/NH_96.mp4: Can't follow symlink without -L/--copy-links
2026/08/06 08:26:09 NOTICE: data/video/ImpliHateVid/All/NH_960.mp4: Can't follow symlink without -L/--copy-links
2026/08/06 08:26:09 NOTICE: data/video/ImpliHateVid/All/NH_961.mp4: Can't follow symlink without -L/--copy-links
2026/08/06 08:26:09 NOTICE: data/video/ImpliHateVid/All/NH_962.mp4: Can't follow symlink without -L/--copy-links
2026/08/06 08:26:09 NOTICE: data/video/ImpliHateVid/All/NH_963.mp4: Can't follow symlink without -L/--copy-links
2026/08/06 08:26:09 NOTICE: data/video/ImpliHateVid/All/NH_964.mp4: Can't follow symlink without -L/--copy-links
2026/08/06 08:26:09 NOTICE: data/video/ImpliHateVid/All/NH_965.mp4: Can't follow symlink without -L/--copy-links
2026/08/06 08:26:09 NOTICE: data/video/ImpliHateVid/All/NH_966.mp4: Can't follow symlink without -L/--copy-links
2026/08/06 08:26:09 NOTICE: data/video/ImpliHateVid/All/NH_967.mp4: Can't follow symlink without -L/--copy-links
2026/08/06 08:26:09 NOTICE: data/video/ImpliHateVid/All/NH_968.mp4: Can't follow symlink without -L/--copy-links
2026/08/06 08:26:09 NOTICE: data/video/ImpliHateVid/All/NH_969.mp4: Can't follow symlink without -L/--copy-links
2026/08/06 08:26:09 NOTICE: data/video/ImpliHateVid/All/NH_97.mp4: Can't follow symlink without -L/--copy-links
2026/08/06 08:26:09 NOTICE: data/video/ImpliHateVid/All/NH_970.mp4: Can't follow symlink without -L/--copy-links
2026/08/06 08:26:09 NOTICE: data/video/ImpliHateVid/All/NH_971.mp4: Can't follow symlink without -L/--copy-links
2026/08/06 08:26:09 NOTICE: data/video/ImpliHateVid/All/NH_972.mp4: Can't follow symlink without -L/--copy-links
2026/08/06 08:26:09 NOTICE: data/video/ImpliHateVid/All/NH_973.mp4: Can't follow symlink without -L/--copy-links
2026/08/06 08:26:09 NOTICE: data/video/ImpliHateVid/All/NH_974.mp4: Can't follow symlink without -L/--copy-links
2026/08/06 08:26:09 NOTICE: data/video/ImpliHateVid/All/NH_975.mp4: Can't follow symlink without -L/--copy-links
2026/08/06 08:26:09 NOTICE: data/video/ImpliHateVid/All/NH_976.mp4: Can't follow symlink without -L/--copy-links
2026/08/06 08:26:09 NOTICE: data/video/ImpliHateVid/All/NH_977.mp4: Can't follow symlink without -L/--copy-links
2026/08/06 08:26:09 NOTICE: data/video/ImpliHateVid/All/NH_978.mp4: Can't follow symlink without -L/--copy-links
2026/08/06 08:26:09 NOTICE: data/video/ImpliHateVid/All/NH_979.mp4: Can't follow symlink without -L/--copy-links
2026/08/06 08:26:09 NOTICE: data/video/ImpliHateVid/All/NH_98.mp4: Can't follow symlink without -L/--copy-links
2026/08/06 08:26:09 NOTICE: data/video/ImpliHateVid/All/NH_980.mp4: Can't follow symlink without -L/--copy-links
2026/08/06 08:26:09 NOTICE: data/video/ImpliHateVid/All/NH_981.mp4: Can't follow symlink without -L/--copy-links
2026/08/06 08:26:09 NOTICE: data/video/ImpliHateVid/All/NH_982.mp4: Can't follow symlink without -L/--copy-links
2026/08/06 08:26:09 NOTICE: data/video/ImpliHateVid/All/NH_983.mp4: Can't follow symlink without -L/--copy-links
2026/08/06 08:26:09 NOTICE: data/video/ImpliHateVid/All/NH_984.mp4: Can't follow symlink without -L/--copy-links
2026/08/06 08:26:09 NOTICE: data/video/ImpliHateVid/All/NH_985.mp4: Can't follow symlink without -L/--copy-links
2026/08/06 08:26:09 NOTICE: data/video/ImpliHateVid/All/NH_986.mp4: Can't follow symlink without -L/--copy-links
2026/08/06 08:26:09 NOTICE: data/video/ImpliHateVid/All/NH_987.mp4: Can't follow symlink without -L/--copy-links
2026/08/06 08:26:09 NOTICE: data/video/ImpliHateVid/All/NH_988.mp4: Can't follow symlink without -L/--copy-links
2026/08/06 08:26:09 NOTICE: data/video/ImpliHateVid/All/NH_989.mp4: Can't follow symlink without -L/--copy-links
2026/08/06 08:26:09 NOTICE: data/video/ImpliHateVid/All/NH_99.mp4: Can't follow symlink without -L/--copy-links
2026/08/06 08:26:09 NOTICE: data/video/ImpliHateVid/All/NH_990.mp4: Can't follow symlink without -L/--copy-links
2026/08/06 08:26:09 NOTICE: data/video/ImpliHateVid/All/NH_991.mp4: Can't follow symlink without -L/--copy-links
2026/08/06 08:26:09 NOTICE: data/video/ImpliHateVid/All/NH_992.mp4: Can't follow symlink without -L/--copy-links
2026/08/06 08:26:09 NOTICE: data/video/ImpliHateVid/All/NH_993.mp4: Can't follow symlink without -L/--copy-links
2026/08/06 08:26:09 NOTICE: data/video/ImpliHateVid/All/NH_994.mp4: Can't follow symlink without -L/--copy-links
2026/08/06 08:26:09 NOTICE: data/video/ImpliHateVid/All/NH_995.mp4: Can't follow symlink without -L/--copy-links
2026/08/06 08:26:09 NOTICE: data/video/ImpliHateVid/All/NH_996.mp4: Can't follow symlink without -L/--copy-links
2026/08/06 08:26:09 NOTICE: data/video/ImpliHateVid/All/NH_997.mp4: Can't follow symlink without -L/--copy-links
2026/08/06 08:26:09 NOTICE: data/video/ImpliHateVid/All/NH_998.mp4: Can't follow symlink without -L/--copy-links
2026/08/06 08:26:09 NOTICE: data/video/ImpliHateVid/All/NH_999.mp4: Can't follow symlink without -L/--copy-links
2026/08/06 08:26:09 NOTICE: data/video/ImpliHateVid/All/EX_1.mp4: Can't follow symlink without -L/--copy-links
2026/08/06 08:26:09 NOTICE: data/video/ImpliHateVid/All/EX_10.mp4: Can't follow symlink without -L/--copy-links
2026/08/06 08:26:09 NOTICE: data/video/ImpliHateVid/All/EX_100.mp4: Can't follow symlink without -L/--copy-links
2026/08/06 08:26:09 NOTICE: data/video/ImpliHateVid/All/EX_101.mp4: Can't follow symlink without -L/--copy-links
2026/08/06 08:26:09 NOTICE: data/video/ImpliHateVid/All/EX_102.mp4: Can't follow symlink without -L/--copy-links
2026/08/06 08:26:11 NOTICE: data/video/MHC/All/4V0KGql_fUI.mp4: Can't follow symlink without -L/--copy-links
2026/08/06 08:26:11 NOTICE: data/video/MHC/All/5snzFreG79c.mp4: Can't follow symlink without -L/--copy-links
2026/08/06 08:26:11 NOTICE: data/video/MHC/All/EyE82W10wgk.mp4: Can't follow symlink without -L/--copy-links
2026/08/06 08:26:11 NOTICE: data/video/MHC/All/1P9ZSzSS14I.mp4: Can't follow symlink without -L/--copy-links
2026/08/06 08:26:11 NOTICE: data/video/MHC/All/LgPnUK567xg.mp4: Can't follow symlink without -L/--copy-links
2026/08/06 08:26:11 NOTICE: data/video/MHC/All/-7MtNUa-zRA.mp4: Can't follow symlink without -L/--copy-links
2026/08/06 08:26:11 NOTICE: data/video/MHC/All/MYZHHZlPHSk.mp4: Can't follow symlink without -L/--copy-links
2026/08/06 08:26:11 NOTICE: data/video/MHC/All/o5SVi1iEcSM.mp4: Can't follow symlink without -L/--copy-links
2026/08/06 08:26:11 NOTICE: data/video/MHC/All/ZhEmKckbPXo.mp4: Can't follow symlink without -L/--copy-links
2026/08/06 08:26:11 NOTICE: data/video/MHC/All/MJqJaTgSM9A.mp4: Can't follow symlink without -L/--copy-links
2026/08/06 08:26:11 NOTICE: data/video/MHC/All/TZRqW_SDxW4.mp4: Can't follow symlink without -L/--copy-links
2026/08/06 08:26:11 NOTICE: data/video/MHC/All/a7maE5RoFPk.mp4: Can't follow symlink without -L/--copy-links
2026/08/06 08:26:11 NOTICE: data/video/MHC/All/Pywnms7RoBs.mp4: Can't follow symlink without -L/--copy-links
2026/08/06 08:26:11 NOTICE: data/video/MHC/All/4JUFqX-okGc.mp4: Can't follow symlink without -L/--copy-links
2026/08/06 08:26:11 NOTICE: data/video/MHC/All/zK2fH9ZKCas.mp4: Can't follow symlink without -L/--copy-links
2026/08/06 08:26:11 NOTICE: data/video/MHC/All/IbHu0XGqH6M.mp4: Can't follow symlink without -L/--copy-links
2026/08/06 08:26:11 NOTICE: data/video/MHC/All/zULXbRSOslk.mp4: Can't follow symlink without -L/--copy-links
2026/08/06 08:26:11 NOTICE: data/video/MHC/All/5lx44-lko-U.mp4: Can't follow symlink without -L/--copy-links
2026/08/06 08:26:11 NOTICE: data/video/MHC/All/yF4hjLPhV_s.mp4: Can't follow symlink without -L/--copy-links
2026/08/06 08:26:11 NOTICE: data/video/MHC/All/w2K-y-UA1po.mp4: Can't follow symlink without -L/--copy-links
2026/08/06 08:26:11 NOTICE: data/video/MHC/All/u8jPjTXK2yE.mp4: Can't follow symlink without -L/--copy-links
2026/08/06 08:26:11 NOTICE: data/video/MHC/All/gaOtEpYGmQY.mp4: Can't follow symlink without -L/--copy-links
2026/08/06 08:26:11 NOTICE: data/video/MHC/All/vKUMDFcHLlw.mp4: Can't follow symlink without -L/--copy-links
2026/08/06 08:26:11 NOTICE: data/video/MHC/All/2CiUE95cOr8.mp4: Can't follow symlink without -L/--copy-links
2026/08/06 08:26:11 NOTICE: data/video/MHC/All/uqnqHKANAqc.mp4: Can't follow symlink without -L/--copy-links
2026/08/06 08:26:11 NOTICE: data/video/MHC/All/e-XqcRbBVi4.mp4: Can't follow symlink without -L/--copy-links
2026/08/06 08:26:11 NOTICE: data/video/MHC/All/jThPo4J_lRU.mp4: Can't follow symlink without -L/--copy-links
2026/08/06 08:26:11 NOTICE: data/video/MHC/All/Jq8VzqMS9ew.mp4: Can't follow symlink without -L/--copy-links
2026/08/06 08:26:11 NOTICE: data/video/MHC/All/kAWKX340Jlk.mp4: Can't follow symlink without -L/--copy-links
2026/08/06 08:26:11 NOTICE: data/video/MHC/All/WEABal38TxQ.mp4: Can't follow symlink without -L/--copy-links
2026/08/06 08:26:11 NOTICE: data/video/MHC/All/lO8wsXT8nxU.mp4: Can't follow symlink without -L/--copy-links
2026/08/06 08:26:11 NOTICE: data/video/MHC/All/1W2naexzq00.mp4: Can't follow symlink without -L/--copy-links
2026/08/06 08:26:11 NOTICE: data/video/MHC/All/mT9XGmzb8Q0.mp4: Can't follow symlink without -L/--copy-links
2026/08/06 08:26:11 NOTICE: data/video/MHC/All/Ms_qU0sGbOg.mp4: Can't follow symlink without -L/--copy-links
2026/08/06 08:26:11 NOTICE: data/video/MHC/All/aJkRFyyZ0x4.mp4: Can't follow symlink without -L/--copy-links
2026/08/06 08:26:11 NOTICE: data/video/MHC/All/n6YTbpnaLnA.mp4: Can't follow symlink without -L/--copy-links
2026/08/06 08:26:11 NOTICE: data/video/MHC/All/TmdUQEkgO_w.mp4: Can't follow symlink without -L/--copy-links
2026/08/06 08:26:11 NOTICE: data/video/MHC/All/ZAKqmNu6me0.mp4: Can't follow symlink without -L/--copy-links
2026/08/06 08:26:11 NOTICE: data/video/MHC/All/I6BFT83wAUg.mp4: Can't follow symlink without -L/--copy-links
2026/08/06 08:26:11 NOTICE: data/video/MHC/All/YNf2tZgh4WM.mp4: Can't follow symlink without -L/--copy-links
2026/08/06 08:26:11 NOTICE: data/video/MHC/All/hdwHZQck-a8.mp4: Can't follow symlink without -L/--copy-links
2026/08/06 08:26:11 NOTICE: data/video/MHC/All/tEjo0caOYFc.mp4: Can't follow symlink without -L/--copy-links
2026/08/06 08:26:11 NOTICE: data/video/MHC/All/p1TRuS3zDa0.mp4: Can't follow symlink without -L/--copy-links
2026/08/06 08:26:11 NOTICE: data/video/MHC/All/KkVOBnyy0v8.mp4: Can't follow symlink without -L/--copy-links
2026/08/06 08:26:11 NOTICE: data/video/MHC/All/UZNQGQviDYI.mp4: Can't follow symlink without -L/--copy-links
2026/08/06 08:26:11 NOTICE: data/video/MHC/All/0q1PET_IDGc.mp4: Can't follow symlink without -L/--copy-links
2026/08/06 08:26:11 NOTICE: data/video/MHC/All/AGc1co-qk_4.mp4: Can't follow symlink without -L/--copy-links
2026/08/06 08:26:11 NOTICE: data/video/MHC/All/HShq6I_t_3M.mp4: Can't follow symlink without -L/--copy-links
2026/08/06 08:26:11 NOTICE: data/video/MHC/All/EuGF6X7Jsb8.mp4: Can't follow symlink without -L/--copy-links
2026/08/06 08:26:11 NOTICE: data/video/MHC/All/4BkwQWsVgGg.mp4: Can't follow symlink without -L/--copy-links
2026/08/06 08:26:11 NOTICE: data/video/MHC/All/g-MEsUQ8CI4.mp4: Can't follow symlink without -L/--copy-links
2026/08/06 08:26:11 NOTICE: data/video/MHC/All/L4jWjeq0P30.mp4: Can't follow symlink without -L/--copy-links
2026/08/06 08:26:11 NOTICE: data/video/MHC/All/4zro4VEcY4A.mp4: Can't follow symlink without -L/--copy-links
2026/08/06 08:26:11 NOTICE: data/video/MHC/All/XeROfeXGs_E.mp4: Can't follow symlink without -L/--copy-links
2026/08/06 08:26:11 NOTICE: data/video/MHC/All/gfjM6wiUppo.mp4: Can't follow symlink without -L/--copy-links
2026/08/06 08:26:11 NOTICE: data/video/MHC/All/ZOIF6HGRu0A.mp4: Can't follow symlink without -L/--copy-links
2026/08/06 08:26:11 NOTICE: data/video/MHC/All/FrC1Eyyklck.mp4: Can't follow symlink without -L/--copy-links
2026/08/06 08:26:11 NOTICE: data/video/MHC/All/r9qV2z0JciI.mp4: Can't follow symlink without -L/--copy-links
2026/08/06 08:26:11 NOTICE: data/video/MHC/All/j-cUTF18bEg.mp4: Can't follow symlink without -L/--copy-links
2026/08/06 08:26:11 NOTICE: data/video/MHC/All/BTq7E17OebY.mp4: Can't follow symlink without -L/--copy-links
2026/08/06 08:26:11 NOTICE: data/video/MHC/All/RMT7nUmAQnY.mp4: Can't follow symlink without -L/--copy-links
2026/08/06 08:26:11 NOTICE: data/video/MHC/All/VyuyhTiWimA.mp4: Can't follow symlink without -L/--copy-links
2026/08/06 08:26:11 NOTICE: data/video/MHC/All/9D2OUn0xaZ0.mp4: Can't follow symlink without -L/--copy-links
2026/08/06 08:26:11 NOTICE: data/video/MHC/All/fBBmMOfQXw8.mp4: Can't follow symlink without -L/--copy-links
2026/08/06 08:26:11 NOTICE: data/video/MHC/All/TdoMUnQVem4.mp4: Can't follow symlink without -L/--copy-links
2026/08/06 08:26:11 NOTICE: data/video/MHC/All/tuaHPvzQmgM.mp4: Can't follow symlink without -L/--copy-links
2026/08/06 08:26:11 NOTICE: data/video/MHC/All/oPDUomtm2Zk.mp4: Can't follow symlink without -L/--copy-links
2026/08/06 08:26:11 NOTICE: data/video/MHC/All/Dn53NIFuIvc.mp4: Can't follow symlink without -L/--copy-links
2026/08/06 08:26:11 NOTICE: data/video/MHC/All/ojhQmOXvwPE.mp4: Can't follow symlink without -L/--copy-links
2026/08/06 08:26:11 NOTICE: data/video/MHC/All/92uVzchnUSE.mp4: Can't follow symlink without -L/--copy-links
2026/08/06 08:26:11 NOTICE: data/video/MHC/All/BvTG2iZplew.mp4: Can't follow symlink without -L/--copy-links
2026/08/06 08:26:11 NOTICE: data/video/MHC/All/GpbG1bVa8ks.mp4: Can't follow symlink without -L/--copy-links
2026/08/06 08:26:11 NOTICE: data/video/MHC/All/BvJmlxx4Tlc.mp4: Can't follow symlink without -L/--copy-links
2026/08/06 08:26:11 NOTICE: data/video/MHC/All/Omd7eBhSsvQ.mp4: Can't follow symlink without -L/--copy-links
2026/08/06 08:26:11 NOTICE: data/video/MHC/All/CC5pGVtt8Hc.mp4: Can't follow symlink without -L/--copy-links
2026/08/06 08:26:11 NOTICE: data/video/MHC/All/9b1WF9eFPR8.mp4: Can't follow symlink without -L/--copy-links
2026/08/06 08:26:11 NOTICE: data/video/MHC/All/h2avBqqXTK4.mp4: Can't follow symlink without -L/--copy-links
2026/08/06 08:26:11 NOTICE: data/video/MHC/All/7iWKZEvbwL8.mp4: Can't follow symlink without -L/--copy-links
2026/08/06 08:26:11 NOTICE: data/video/MHC/All/tldVobkLUI8.mp4: Can't follow symlink without -L/--copy-links
2026/08/06 08:26:11 NOTICE: data/video/MHC/All/CwFnAXuPLGA.mp4: Can't follow symlink without -L/--copy-links
2026/08/06 08:26:11 NOTICE: data/video/MHC/All/MPm_98rJOuM.mp4: Can't follow symlink without -L/--copy-links
2026/08/06 08:26:11 NOTICE: data/video/MHC/All/3Li2uRDDywQ.mp4: Can't follow symlink without -L/--copy-links
2026/08/06 08:26:11 NOTICE: data/video/MHC/All/-vMmCsaazR8.mp4: Can't follow symlink without -L/--copy-links
2026/08/06 08:26:11 NOTICE: data/video/MHC/All/rbM5rkHdorc.mp4: Can't follow symlink without -L/--copy-links
2026/08/06 08:26:11 NOTICE: data/video/MHC/All/MnLng0Sop2M.mp4: Can't follow symlink without -L/--copy-links
2026/08/06 08:26:11 NOTICE: data/video/MHC/All/RfYKpbtEsSw.mp4: Can't follow symlink without -L/--copy-links
2026/08/06 08:26:11 NOTICE: data/video/MHC/All/tenwWTmdRrg.mp4: Can't follow symlink without -L/--copy-links
2026/08/06 08:26:11 NOTICE: data/video/MHC/All/eHqtB-7nJQk.mp4: Can't follow symlink without -L/--copy-links
2026/08/06 08:26:11 NOTICE: data/video/MHC/All/R_l5fdciNiM.mp4: Can't follow symlink without -L/--copy-links
2026/08/06 08:26:11 NOTICE: data/video/MHC/All/uUfCMetfeCg.mp4: Can't follow symlink without -L/--copy-links
2026/08/06 08:26:11 NOTICE: data/video/MHC/All/czJc7Oo_mcQ.mp4: Can't follow symlink without -L/--copy-links
2026/08/06 08:26:11 NOTICE: data/video/MHC/All/aI2PteS3QDk.mp4: Can't follow symlink without -L/--copy-links
2026/08/06 08:26:11 NOTICE: data/video/MHC/All/FRnejTNX73g.mp4: Can't follow symlink without -L/--copy-links
2026/08/06 08:26:11 NOTICE: data/video/MHC/All/0S5FZW0pFRs.mp4: Can't follow symlink without -L/--copy-links
2026/08/06 08:26:11 NOTICE: data/video/MHC/All/OC7D6mi_Dao.mp4: Can't follow symlink without -L/--copy-links
2026/08/06 08:26:11 NOTICE: data/video/MHC/All/pzXX4LUKO_U.mp4: Can't follow symlink without -L/--copy-links
2026/08/06 08:26:11 NOTICE: data/video/MHC/All/xxVA9m73dmU.mp4: Can't follow symlink without -L/--copy-links
2026/08/06 08:26:11 NOTICE: data/video/MHC/All/fbUFncl8oGA.mp4: Can't follow symlink without -L/--copy-links
2026/08/06 08:26:11 NOTICE: data/video/MHC/All/FV3tM2XX4Qo.mp4: Can't follow symlink without -L/--copy-links
2026/08/06 08:26:11 NOTICE: data/video/MHC/All/5q5JviSnukI.mp4: Can't follow symlink without -L/--copy-links
2026/08/06 08:26:11 NOTICE: data/video/MHC/All/yHJ66Appkm8.mp4: Can't follow symlink without -L/--copy-links
2026/08/06 08:26:11 NOTICE: data/video/MHC/All/BrtS_6vHPz4.mp4: Can't follow symlink without -L/--copy-links
2026/08/06 08:26:11 NOTICE: data/video/MHC/All/7Gqgbj9mIH4.mp4: Can't follow symlink without -L/--copy-links
2026/08/06 08:26:11 NOTICE: data/video/MHC/All/znuUJ_06V-Q.mp4: Can't follow symlink without -L/--copy-links
2026/08/06 08:26:11 NOTICE: data/video/MHC/All/EditcOVg6kc.mp4: Can't follow symlink without -L/--copy-links
2026/08/06 08:26:11 NOTICE: data/video/MHC/All/FpONjY0jWE0.mp4: Can't follow symlink without -L/--copy-links
2026/08/06 08:26:11 NOTICE: data/video/MHC/All/1oEQlFqed8I.mp4: Can't follow symlink without -L/--copy-links
2026/08/06 08:26:11 NOTICE: data/video/MHC/All/ISBGfgYfinI.mp4: Can't follow symlink without -L/--copy-links
2026/08/06 08:26:11 NOTICE: data/video/MHC/All/Fi_y9rcKaXE.mp4: Can't follow symlink without -L/--copy-links
2026/08/06 08:26:11 NOTICE: data/video/MHC/All/ZGyNjEwQSTw.mp4: Can't follow symlink without -L/--copy-links
2026/08/06 08:26:11 NOTICE: data/video/MHC/All/hClEHWsv9Hk.mp4: Can't follow symlink without -L/--copy-links
2026/08/06 08:26:11 NOTICE: data/video/MHC/All/xVFcng2Y-cc.mp4: Can't follow symlink without -L/--copy-links
2026/08/06 08:26:11 NOTICE: data/video/MHC/All/11dBwxuAA_A.mp4: Can't follow symlink without -L/--copy-links
2026/08/06 08:26:11 NOTICE: data/video/MHC/All/VeugKgvAd9I.mp4: Can't follow symlink without -L/--copy-links
2026/08/06 08:26:11 NOTICE: data/video/MHC/All/TOM2nvEOLFc.mp4: Can't follow symlink without -L/--copy-links
2026/08/06 08:26:11 NOTICE: data/video/MHC/All/x5lljednNDU.mp4: Can't follow symlink without -L/--copy-links
2026/08/06 08:26:11 NOTICE: data/video/MHC/All/1Dpv_CJsa-g.mp4: Can't follow symlink without -L/--copy-links
2026/08/06 08:26:11 NOTICE: data/video/MHC/All/TRFp4a4lD0o.mp4: Can't follow symlink without -L/--copy-links
2026/08/06 08:26:11 NOTICE: data/video/MHC/All/1Iwvjy1coBQ.mp4: Can't follow symlink without -L/--copy-links
2026/08/06 08:26:11 NOTICE: data/video/MHC/All/L3mWNjVezJU.mp4: Can't follow symlink without -L/--copy-links
2026/08/06 08:26:11 NOTICE: data/video/MHC/All/IdPqOFapPB8.mp4: Can't follow symlink without -L/--copy-links
2026/08/06 08:26:11 NOTICE: data/video/MHC/All/1NcYq-8dalM.mp4: Can't follow symlink without -L/--copy-links
2026/08/06 08:26:11 NOTICE: data/video/MHC/All/tBe1xOgqAMY.mp4: Can't follow symlink without -L/--copy-links
2026/08/06 08:26:11 NOTICE: data/video/MHC/All/YGMvfNIIL7A.mp4: Can't follow symlink without -L/--copy-links
2026/08/06 08:26:11 NOTICE: data/video/MHC/All/U8BAidGbpTc.mp4: Can't follow symlink without -L/--copy-links
2026/08/06 08:26:11 NOTICE: data/video/MHC/All/MNYWTjtxPlQ.mp4: Can't follow symlink without -L/--copy-links
2026/08/06 08:26:11 NOTICE: data/video/MHC/All/Bv7x-jcQoH0.mp4: Can't follow symlink without -L/--copy-links
2026/08/06 08:26:11 NOTICE: data/video/MHC/All/5zmsggoz9SU.mp4: Can't follow symlink without -L/--copy-links
2026/08/06 08:26:11 NOTICE: data/video/MHC/All/8gdkfUP_UlI.mp4: Can't follow symlink without -L/--copy-links
2026/08/06 08:26:11 NOTICE: data/video/MHC/All/k3z2jLnSaOo.mp4: Can't follow symlink without -L/--copy-links
2026/08/06 08:26:11 NOTICE: data/video/MHC/All/Mqq5JiYQI04.mp4: Can't follow symlink without -L/--copy-links
2026/08/06 08:26:11 NOTICE: data/video/MHC/All/Tc20odJbbOc.mp4: Can't follow symlink without -L/--copy-links
2026/08/06 08:26:11 NOTICE: data/video/MHC/All/ZCgzPvcUdsk.mp4: Can't follow symlink without -L/--copy-links
2026/08/06 08:26:11 NOTICE: data/video/MHC/All/THSCStmcjLE.mp4: Can't follow symlink without -L/--copy-links
2026/08/06 08:26:11 NOTICE: data/video/MHC/All/jVDnJ828G6I.mp4: Can't follow symlink without -L/--copy-links
2026/08/06 08:26:11 NOTICE: data/video/MHC/All/NQV9x-Z92tQ.mp4: Can't follow symlink without -L/--copy-links
2026/08/06 08:26:11 NOTICE: data/video/MHC/All/Hd9ebI66Quw.mp4: Can't follow symlink without -L/--copy-links
2026/08/06 08:26:11 NOTICE: data/video/MHC/All/1lw5iOUTf80.mp4: Can't follow symlink without -L/--copy-links
2026/08/06 08:26:11 NOTICE: data/video/MHC/All/_0Y7PNNHGYU.mp4: Can't follow symlink without -L/--copy-links
2026/08/06 08:26:11 NOTICE: data/video/MHC/All/khdx6Crc168.mp4: Can't follow symlink without -L/--copy-links
2026/08/06 08:26:11 NOTICE: data/video/MHC/All/sNrEAWcpbEk.mp4: Can't follow symlink without -L/--copy-links
2026/08/06 08:26:11 NOTICE: data/video/MHC/All/Uc7kp53sL28.mp4: Can't follow symlink without -L/--copy-links
2026/08/06 08:26:11 NOTICE: data/video/MHC/All/HtgpQAqLgFs.mp4: Can't follow symlink without -L/--copy-links
2026/08/06 08:26:11 NOTICE: data/video/MHC/All/CWqz1PooWi4.mp4: Can't follow symlink without -L/--copy-links
2026/08/06 08:26:11 NOTICE: data/video/MHC/All/w8F9Nma-gpg.mp4: Can't follow symlink without -L/--copy-links
2026/08/06 08:26:11 NOTICE: data/video/MHC/All/RAJzeOR0Lpc.mp4: Can't follow symlink without -L/--copy-links
2026/08/06 08:26:11 NOTICE: data/video/MHC/All/7AtxFixKvkY.mp4: Can't follow symlink without -L/--copy-links
2026/08/06 08:26:11 NOTICE: data/video/MHC/All/46rQ9lkI77o.mp4: Can't follow symlink without -L/--copy-links
2026/08/06 08:26:11 NOTICE: data/video/MHC/All/cQcQuX8TVwc.mp4: Can't follow symlink without -L/--copy-links
2026/08/06 08:26:11 NOTICE: data/video/MHC/All/Tdgsz72XAAo.mp4: Can't follow symlink without -L/--copy-links
2026/08/06 08:26:11 NOTICE: data/video/MHC/All/PbAnl5hzhVw.mp4: Can't follow symlink without -L/--copy-links
2026/08/06 08:26:11 NOTICE: data/video/MHC/All/368Yjs36K8g.mp4: Can't follow symlink without -L/--copy-links
2026/08/06 08:26:11 NOTICE: data/video/MHC/All/d6ZHui-RYOg.mp4: Can't follow symlink without -L/--copy-links
2026/08/06 08:26:11 NOTICE: data/video/MHC/All/OoiieqpVdnw.mp4: Can't follow symlink without -L/--copy-links
2026/08/06 08:26:11 NOTICE: data/video/MHC/All/iDhEYQmyAlM.mp4: Can't follow symlink without -L/--copy-links
2026/08/06 08:26:11 NOTICE: data/video/MHC/All/o2ow7ow4U8s.mp4: Can't follow symlink without -L/--copy-links
2026/08/06 08:26:11 NOTICE: data/video/MHC/All/hcT_icMFNDo.mp4: Can't follow symlink without -L/--copy-links
2026/08/06 08:26:11 NOTICE: data/video/MHC/All/H26h1z3AIC0.mp4: Can't follow symlink without -L/--copy-links
2026/08/06 08:26:11 NOTICE: data/video/MHC/All/N7Lh2YB5Qk8.mp4: Can't follow symlink without -L/--copy-links
2026/08/06 08:26:11 NOTICE: data/video/MHC/All/bgpy-4F8ixM.mp4: Can't follow symlink without -L/--copy-links
2026/08/06 08:26:11 NOTICE: data/video/MHC/All/UWoGy468-m4.mp4: Can't follow symlink without -L/--copy-links
2026/08/06 08:26:11 NOTICE: data/video/MHC/All/My5PVJLP6Bg.mp4: Can't follow symlink without -L/--copy-links
2026/08/06 08:26:11 NOTICE: data/video/MHC/All/RXySlp7-Crk.mp4: Can't follow symlink without -L/--copy-links
2026/08/06 08:26:11 NOTICE: data/video/MHC/All/fKDOZzX32t0.mp4: Can't follow symlink without -L/--copy-links
2026/08/06 08:26:11 NOTICE: data/video/MHC/All/QVADhddHcr0.mp4: Can't follow symlink without -L/--copy-links
2026/08/06 08:26:11 NOTICE: data/video/MHC/All/t4WDNF0H4J4.mp4: Can't follow symlink without -L/--copy-links
2026/08/06 08:26:11 NOTICE: data/video/MHC/All/7SiFD5FMDhY.mp4: Can't follow symlink without -L/--copy-links
2026/08/06 08:26:11 NOTICE: data/video/MHC/All/NRFsn9h5VBo.mp4: Can't follow symlink without -L/--copy-links
2026/08/06 08:26:11 NOTICE: data/video/MHC/All/cdTnicui088.mp4: Can't follow symlink without -L/--copy-links
2026/08/06 08:26:11 NOTICE: data/video/MHC/All/T3uOWb9Chd4.mp4: Can't follow symlink without -L/--copy-links
2026/08/06 08:26:11 NOTICE: data/video/MHC/All/gU1kdxnJKdw.mp4: Can't follow symlink without -L/--copy-links
2026/08/06 08:26:11 NOTICE: data/video/MHC/All/K7BfqS8_yAc.mp4: Can't follow symlink without -L/--copy-links
2026/08/06 08:26:11 NOTICE: data/video/MHC/All/Thyq7p4af4k.mp4: Can't follow symlink without -L/--copy-links
2026/08/06 08:26:11 NOTICE: data/video/MHC/All/RYPFai_OtnI.mp4: Can't follow symlink without -L/--copy-links
2026/08/06 08:26:11 NOTICE: data/video/MHC/All/-bEJl9j0eNQ.mp4: Can't follow symlink without -L/--copy-links
2026/08/06 08:26:11 NOTICE: data/video/MHC/All/sPkWqmTT3d8.mp4: Can't follow symlink without -L/--copy-links
2026/08/06 08:26:11 NOTICE: data/video/MHC/All/QvPp8Q7QhWE.mp4: Can't follow symlink without -L/--copy-links
2026/08/06 08:26:11 NOTICE: data/video/MHC/All/JqFZcFDCZyQ.mp4: Can't follow symlink without -L/--copy-links
2026/08/06 08:26:11 NOTICE: data/video/MHC/All/wCj0lPSg1Uc.mp4: Can't follow symlink without -L/--copy-links
2026/08/06 08:26:11 NOTICE: data/video/MHC/All/HWG0MQsBjIg.mp4: Can't follow symlink without -L/--copy-links
2026/08/06 08:26:11 NOTICE: data/video/MHC/All/MJJs3rkfaOc.mp4: Can't follow symlink without -L/--copy-links
2026/08/06 08:26:11 NOTICE: data/video/MHC/All/Y7SnO8XKvik.mp4: Can't follow symlink without -L/--copy-links
2026/08/06 08:26:11 NOTICE: data/video/MHC/All/bnk5gc8_TEc.mp4: Can't follow symlink without -L/--copy-links
2026/08/06 08:26:11 NOTICE: data/video/MHC/All/qtsXdG0wPyY.mp4: Can't follow symlink without -L/--copy-links
2026/08/06 08:26:11 NOTICE: data/video/MHC/All/RE0aIBsFzKA.mp4: Can't follow symlink without -L/--copy-links
2026/08/06 08:26:11 NOTICE: data/video/MHC/All/g3sjNzCJO74.mp4: Can't follow symlink without -L/--copy-links
2026/08/06 08:26:11 NOTICE: data/video/MHC/All/Hr7GRZb5iIU.mp4: Can't follow symlink without -L/--copy-links
2026/08/06 08:26:11 NOTICE: data/video/MHC/All/de4NWDu3GeY.mp4: Can't follow symlink without -L/--copy-links
2026/08/06 08:26:11 NOTICE: data/video/MHC/All/9FCZvqiCPaY.mp4: Can't follow symlink without -L/--copy-links
2026/08/06 08:26:11 NOTICE: data/video/MHC/All/5VisVz27rm0.mp4: Can't follow symlink without -L/--copy-links
2026/08/06 08:26:11 NOTICE: data/video/MHC/All/-tM2hrqdREQ.mp4: Can't follow symlink without -L/--copy-links
2026/08/06 08:26:11 NOTICE: data/video/MHC/All/U1RWRsmPCcg.mp4: Can't follow symlink without -L/--copy-links
2026/08/06 08:26:11 NOTICE: data/video/MHC/All/k9E_ymKq-c4.mp4: Can't follow symlink without -L/--copy-links
2026/08/06 08:26:11 NOTICE: data/video/MHC/All/sjCFO94p1Lk.mp4: Can't follow symlink without -L/--copy-links
2026/08/06 08:26:11 NOTICE: data/video/MHC/All/ZwlNcvC2EbA.mp4: Can't follow symlink without -L/--copy-links
2026/08/06 08:26:11 NOTICE: data/video/MHC/All/MZFOUge3kM0.mp4: Can't follow symlink without -L/--copy-links
2026/08/06 08:26:11 NOTICE: data/video/MHC/All/DQHLqVi9guE.mp4: Can't follow symlink without -L/--copy-links
2026/08/06 08:26:11 NOTICE: data/video/MHC/All/-r_-_tSd30g.mp4: Can't follow symlink without -L/--copy-links
2026/08/06 08:26:11 NOTICE: data/video/MHC/All/-wrkLbbsh3Y.mp4: Can't follow symlink without -L/--copy-links
2026/08/06 08:26:11 NOTICE: data/video/MHC/All/URI5BUQYpPk.mp4: Can't follow symlink without -L/--copy-links
2026/08/06 08:26:11 NOTICE: data/video/MHC/All/LsKG5mcd6Go.mp4: Can't follow symlink without -L/--copy-links
2026/08/06 08:26:11 NOTICE: data/video/MHC/All/K8rfVDUwbNA.mp4: Can't follow symlink without -L/--copy-links
2026/08/06 08:26:11 NOTICE: data/video/MHC/All/SndcsW7GrJY.mp4: Can't follow symlink without -L/--copy-links
2026/08/06 08:26:11 NOTICE: data/video/MHC/All/8Pim0TnLQDQ.mp4: Can't follow symlink without -L/--copy-links
2026/08/06 08:26:11 NOTICE: data/video/MHC/All/lGRlXJZeOWc.mp4: Can't follow symlink without -L/--copy-links
2026/08/06 08:26:11 NOTICE: data/video/MHC/All/PaPyby_xXFQ.mp4: Can't follow symlink without -L/--copy-links
2026/08/06 08:26:11 NOTICE: data/video/MHC/All/GgZBFhWbyiA.mp4: Can't follow symlink without -L/--copy-links
2026/08/06 08:26:11 NOTICE: data/video/MHC/All/viE5xqixMzw.mp4: Can't follow symlink without -L/--copy-links
2026/08/06 08:26:11 NOTICE: data/video/MHC/All/s_pbSEKKse0.mp4: Can't follow symlink without -L/--copy-links
2026/08/06 08:26:11 NOTICE: data/video/MHC/All/cvISsZA2RHc.mp4: Can't follow symlink without -L/--copy-links
2026/08/06 08:26:11 NOTICE: data/video/MHC/All/GCTnb9sES5E.mp4: Can't follow symlink without -L/--copy-links
2026/08/06 08:26:11 NOTICE: data/video/MHC/All/xmbRep5n97g.mp4: Can't follow symlink without -L/--copy-links
2026/08/06 08:26:11 NOTICE: data/video/MHC/All/sh_2sQJwtMk.mp4: Can't follow symlink without -L/--copy-links
2026/08/06 08:26:11 NOTICE: data/video/MHC/All/jOyBv0jzfp8.mp4: Can't follow symlink without -L/--copy-links
2026/08/06 08:26:11 NOTICE: data/video/MHC/All/M1keacZWdEo.mp4: Can't follow symlink without -L/--copy-links
2026/08/06 08:26:11 NOTICE: data/video/MHC/All/b71aLLcyO-E.mp4: Can't follow symlink without -L/--copy-links
2026/08/06 08:26:11 NOTICE: data/video/MHC/All/EaNpusPfOOw.mp4: Can't follow symlink without -L/--copy-links
2026/08/06 08:26:11 NOTICE: data/video/MHC/All/0KUorONDAkg.mp4: Can't follow symlink without -L/--copy-links
2026/08/06 08:26:11 NOTICE: data/video/MHC/All/lZi9C8xQyWU.mp4: Can't follow symlink without -L/--copy-links
2026/08/06 08:26:11 NOTICE: data/video/MHC/All/gnJ9_iricSo.mp4: Can't follow symlink without -L/--copy-links
2026/08/06 08:26:11 NOTICE: data/video/MHC/All/DTcm4d7S4Fs.mp4: Can't follow symlink without -L/--copy-links
2026/08/06 08:26:11 NOTICE: data/video/MHC/All/vsO1iq-tHlE.mp4: Can't follow symlink without -L/--copy-links
2026/08/06 08:26:11 NOTICE: data/video/MHC/All/iGcImKmRT3c.mp4: Can't follow symlink without -L/--copy-links
2026/08/06 08:26:11 NOTICE: data/video/MHC/All/Xc9xcAuyvos.mp4: Can't follow symlink without -L/--copy-links
2026/08/06 08:26:11 NOTICE: data/video/MHC/All/5pURKyb6GXY.mp4: Can't follow symlink without -L/--copy-links
2026/08/06 08:26:11 NOTICE: data/video/MHC/All/uP_UT10_WHM.mp4: Can't follow symlink without -L/--copy-links
2026/08/06 08:26:11 NOTICE: data/video/MHC/All/HvcCqislCus.mp4: Can't follow symlink without -L/--copy-links
2026/08/06 08:26:11 NOTICE: data/video/MHC/All/J16NDM-YPk4.mp4: Can't follow symlink without -L/--copy-links
2026/08/06 08:26:11 NOTICE: data/video/MHC/All/xdEAfNB7gT4.mp4: Can't follow symlink without -L/--copy-links
2026/08/06 08:26:11 NOTICE: data/video/MHC/All/3ztVjk8JFQU.mp4: Can't follow symlink without -L/--copy-links
2026/08/06 08:26:11 NOTICE: data/video/MHC/All/S-VfGlPZQj0.mp4: Can't follow symlink without -L/--copy-links
2026/08/06 08:26:11 NOTICE: data/video/MHC/All/Or9QD-elJws.mp4: Can't follow symlink without -L/--copy-links
2026/08/06 08:26:11 NOTICE: data/video/MHC/All/xaSV0H082RM.mp4: Can't follow symlink without -L/--copy-links
2026/08/06 08:26:11 NOTICE: data/video/MHC/All/2ytDPK74q28.mp4: Can't follow symlink without -L/--copy-links
2026/08/06 08:26:11 NOTICE: data/video/MHC/All/uvgb_MVPmF4.mp4: Can't follow symlink without -L/--copy-links
2026/08/06 08:26:11 NOTICE: data/video/MHC/All/-0IpEC2xXT0.mp4: Can't follow symlink without -L/--copy-links
2026/08/06 08:26:11 NOTICE: data/video/MHC/All/6mZzB--pat4.mp4: Can't follow symlink without -L/--copy-links
2026/08/06 08:26:11 NOTICE: data/video/MHC/All/V087PAAN24A.mp4: Can't follow symlink without -L/--copy-links
2026/08/06 08:26:11 NOTICE: data/video/MHC/All/-K95mnj40Yo.mp4: Can't follow symlink without -L/--copy-links
2026/08/06 08:26:11 NOTICE: data/video/MHC/All/YxTdks4asJU.mp4: Can't follow symlink without -L/--copy-links
2026/08/06 08:26:11 NOTICE: data/video/MHC/All/QxGfKEWOipQ.mp4: Can't follow symlink without -L/--copy-links
2026/08/06 08:26:11 NOTICE: data/video/MHC/All/WSv2cbUxtNw.mp4: Can't follow symlink without -L/--copy-links
2026/08/06 08:26:11 NOTICE: data/video/MHC/All/rWcNhEpJRag.mp4: Can't follow symlink without -L/--copy-links
2026/08/06 08:26:11 NOTICE: data/video/MHC/All/D2biX8TJymM.mp4: Can't follow symlink without -L/--copy-links
2026/08/06 08:26:11 NOTICE: data/video/MHC/All/p0bCOV7bt6Y.mp4: Can't follow symlink without -L/--copy-links
2026/08/06 08:26:11 NOTICE: data/video/MHC/All/8v6mbFg8vgA.mp4: Can't follow symlink without -L/--copy-links
2026/08/06 08:26:11 NOTICE: data/video/MHC/All/ikqRXSJLQiY.mp4: Can't follow symlink without -L/--copy-links
2026/08/06 08:26:11 NOTICE: data/video/MHC/All/MyrsHPvrBBY.mp4: Can't follow symlink without -L/--copy-links
2026/08/06 08:26:11 NOTICE: data/video/MHC/All/w4dNy1DkyE8.mp4: Can't follow symlink without -L/--copy-links
2026/08/06 08:26:11 NOTICE: data/video/MHC/All/ybMcxzKXc5A.mp4: Can't follow symlink without -L/--copy-links
2026/08/06 08:26:11 NOTICE: data/video/MHC/All/aSY6qiW7wQQ.mp4: Can't follow symlink without -L/--copy-links
2026/08/06 08:26:11 NOTICE: data/video/MHC/All/gUxNpUjRSSs.mp4: Can't follow symlink without -L/--copy-links
2026/08/06 08:26:11 NOTICE: data/video/MHC/All/kJO7eFqD3S0.mp4: Can't follow symlink without -L/--copy-links
2026/08/06 08:26:11 NOTICE: data/video/MHC/All/NNeWDl7qxoQ.mp4: Can't follow symlink without -L/--copy-links
2026/08/06 08:26:11 NOTICE: data/video/MHC/All/AyQOtwf-YWw.mp4: Can't follow symlink without -L/--copy-links
2026/08/06 08:26:11 NOTICE: data/video/MHC/All/GF8FUKNuPLo.mp4: Can't follow symlink without -L/--copy-links
2026/08/06 08:26:11 NOTICE: data/video/MHC/All/uzTXl2-8rww.mp4: Can't follow symlink without -L/--copy-links
2026/08/06 08:26:11 NOTICE: data/video/MHC/All/eAlK_t-1Jq8.mp4: Can't follow symlink without -L/--copy-links
2026/08/06 08:26:11 NOTICE: data/video/MHC/All/scJdG086bgg.mp4: Can't follow symlink without -L/--copy-links
2026/08/06 08:26:11 NOTICE: data/video/MHC/All/tFWUcy9Y5ho.mp4: Can't follow symlink without -L/--copy-links
2026/08/06 08:26:11 NOTICE: data/video/MHC/All/4VWkZMlZZSQ.mp4: Can't follow symlink without -L/--copy-links
2026/08/06 08:26:11 NOTICE: data/video/MHC/All/IC03a8kvPhU.mp4: Can't follow symlink without -L/--copy-links
2026/08/06 08:26:11 NOTICE: data/video/MHC/All/IwI7Q79te5Y.mp4: Can't follow symlink without -L/--copy-links
2026/08/06 08:26:11 NOTICE: data/video/MHC/All/kHP0DXg3hlU.mp4: Can't follow symlink without -L/--copy-links
2026/08/06 08:26:11 NOTICE: data/video/MHC/All/JZUI6-HiZNo.mp4: Can't follow symlink without -L/--copy-links
2026/08/06 08:26:11 NOTICE: data/video/MHC/All/UBKG4daNAaQ.mp4: Can't follow symlink without -L/--copy-links
2026/08/06 08:26:11 NOTICE: data/video/MHC/All/G4Ntk1YLHoA.mp4: Can't follow symlink without -L/--copy-links
2026/08/06 08:26:11 NOTICE: data/video/MHC/All/aeOm9oT0_qk.mp4: Can't follow symlink without -L/--copy-links
2026/08/06 08:26:11 NOTICE: data/video/MHC/All/oPJA-IL7E_c.mp4: Can't follow symlink without -L/--copy-links
2026/08/06 08:26:11 NOTICE: data/video/MHC/All/b7WbQg-4LCY.mp4: Can't follow symlink without -L/--copy-links
2026/08/06 08:26:11 NOTICE: data/video/MHC/All/kcfizQQ7H5I.mp4: Can't follow symlink without -L/--copy-links
2026/08/06 08:26:11 NOTICE: data/video/MHC/All/Z7i6M38h3dU.mp4: Can't follow symlink without -L/--copy-links
2026/08/06 08:26:11 NOTICE: data/video/MHC/All/O3At8U1WWKc.mp4: Can't follow symlink without -L/--copy-links
2026/08/06 08:26:11 NOTICE: data/video/MHC/All/qwa1Q4Qdyko.mp4: Can't follow symlink without -L/--copy-links
2026/08/06 08:26:11 NOTICE: data/video/MHC/All/Jszml4ziVHk.mp4: Can't follow symlink without -L/--copy-links
2026/08/06 08:26:11 NOTICE: data/video/MHC/All/tCI-xwrr_gQ.mp4: Can't follow symlink without -L/--copy-links
2026/08/06 08:26:11 NOTICE: data/video/MHC/All/3QFmFQyyeEE.mp4: Can't follow symlink without -L/--copy-links
2026/08/06 08:26:11 NOTICE: data/video/MHC/All/4yRzcIW6BB4.mp4: Can't follow symlink without -L/--copy-links
2026/08/06 08:26:11 NOTICE: data/video/MHC/All/tEeQ50P7TTg.mp4: Can't follow symlink without -L/--copy-links
2026/08/06 08:26:11 NOTICE: data/video/MHC/All/Ksb0I22-CQw.mp4: Can't follow symlink without -L/--copy-links
2026/08/06 08:26:11 NOTICE: data/video/MHC/All/olrEjNig8RU.mp4: Can't follow symlink without -L/--copy-links
2026/08/06 08:26:11 NOTICE: data/video/MHC/All/KqfSVdmducQ.mp4: Can't follow symlink without -L/--copy-links
2026/08/06 08:26:11 NOTICE: data/video/MHC/All/VUybGxIoxMM.mp4: Can't follow symlink without -L/--copy-links
2026/08/06 08:26:11 NOTICE: data/video/MHC/All/hKwgFaE7fbQ.mp4: Can't follow symlink without -L/--copy-links
2026/08/06 08:26:11 NOTICE: data/video/MHC/All/ICw0Y6FSDVI.mp4: Can't follow symlink without -L/--copy-links
2026/08/06 08:26:11 NOTICE: data/video/MHC/All/U-6L2TfHRSY.mp4: Can't follow symlink without -L/--copy-links
2026/08/06 08:26:11 NOTICE: data/video/MHC/All/rd0AHHzGvfo.mp4: Can't follow symlink without -L/--copy-links
2026/08/06 08:26:11 NOTICE: data/video/MHC/All/IrO4bFN6jno.mp4: Can't follow symlink without -L/--copy-links
2026/08/06 08:26:11 NOTICE: data/video/MHC/All/dUuRZuf5KFg.mp4: Can't follow symlink without -L/--copy-links
2026/08/06 08:26:11 NOTICE: data/video/MHC/All/Ny9yUfQVW4M.mp4: Can't follow symlink without -L/--copy-links
2026/08/06 08:26:11 NOTICE: data/video/MHC/All/eJHXrhLyvW4.mp4: Can't follow symlink without -L/--copy-links
2026/08/06 08:26:11 NOTICE: data/video/MHC/All/3Opelm1sQDw.mp4: Can't follow symlink without -L/--copy-links
2026/08/06 08:26:11 NOTICE: data/video/MHC/All/D0PmPDQpY1E.mp4: Can't follow symlink without -L/--copy-links
2026/08/06 08:26:11 NOTICE: data/video/MHC/All/8RJeMSuJ3to.mp4: Can't follow symlink without -L/--copy-links
2026/08/06 08:26:11 NOTICE: data/video/MHC/All/eM9bSoOszAg.mp4: Can't follow symlink without -L/--copy-links
2026/08/06 08:26:11 NOTICE: data/video/MHC/All/VBSUf12Wnog.mp4: Can't follow symlink without -L/--copy-links
2026/08/06 08:26:11 NOTICE: data/video/MHC/All/NJYRPdPo32U.mp4: Can't follow symlink without -L/--copy-links
2026/08/06 08:26:11 NOTICE: data/video/MHC/All/SOgRPRJiR6Q.mp4: Can't follow symlink without -L/--copy-links
2026/08/06 08:26:11 NOTICE: data/video/MHC/All/So1KCZnfohQ.mp4: Can't follow symlink without -L/--copy-links
2026/08/06 08:26:11 NOTICE: data/video/MHC/All/TLpsP8pJehI.mp4: Can't follow symlink without -L/--copy-links
2026/08/06 08:26:11 NOTICE: data/video/MHC/All/zrKWJc4elOQ.mp4: Can't follow symlink without -L/--copy-links
2026/08/06 08:26:11 NOTICE: data/video/MHC/All/UPG99ifsalw.mp4: Can't follow symlink without -L/--copy-links
2026/08/06 08:26:11 NOTICE: data/video/MHC/All/4ncG92uEVy4.mp4: Can't follow symlink without -L/--copy-links
2026/08/06 08:26:11 NOTICE: data/video/MHC/All/AErnu838cZU.mp4: Can't follow symlink without -L/--copy-links
2026/08/06 08:26:11 NOTICE: data/video/MHC/All/vmomA2iKSIs.mp4: Can't follow symlink without -L/--copy-links
2026/08/06 08:26:11 NOTICE: data/video/MHC/All/sl5T7u4_TFI.mp4: Can't follow symlink without -L/--copy-links
2026/08/06 08:26:11 NOTICE: data/video/MHC/All/_pncuXfYwcw.mp4: Can't follow symlink without -L/--copy-links
2026/08/06 08:26:11 NOTICE: data/video/MHC/All/e96hxoQPWgQ.mp4: Can't follow symlink without -L/--copy-links
2026/08/06 08:26:11 NOTICE: data/video/MHC/All/GddMPWUznpk.mp4: Can't follow symlink without -L/--copy-links
2026/08/06 08:26:11 NOTICE: data/video/MHC/All/C46T6IWiFwo.mp4: Can't follow symlink without -L/--copy-links
2026/08/06 08:26:11 NOTICE: data/video/MHC/All/XT0l0dF2pFc.mp4: Can't follow symlink without -L/--copy-links
2026/08/06 08:26:11 NOTICE: data/video/MHC/All/T5RZVNRhUBo.mp4: Can't follow symlink without -L/--copy-links
2026/08/06 08:26:11 NOTICE: data/video/MHC/All/ZvQHy3L7Ff4.mp4: Can't follow symlink without -L/--copy-links
2026/08/06 08:26:11 NOTICE: data/video/MHC/All/VQDWIU7QBM0.mp4: Can't follow symlink without -L/--copy-links
2026/08/06 08:26:11 NOTICE: data/video/MHC/All/TambfepWQ6o.mp4: Can't follow symlink without -L/--copy-links
2026/08/06 08:26:11 NOTICE: data/video/MHC/All/WqTqZ9w6vZw.mp4: Can't follow symlink without -L/--copy-links
2026/08/06 08:26:11 NOTICE: data/video/MHC/All/aAmfaE237i0.mp4: Can't follow symlink without -L/--copy-links
2026/08/06 08:26:11 NOTICE: data/video/MHC/All/mW8tZli-fdE.mp4: Can't follow symlink without -L/--copy-links
2026/08/06 08:26:11 NOTICE: data/video/MHC/All/zMv7YA8Hp3M.mp4: Can't follow symlink without -L/--copy-links
2026/08/06 08:26:11 NOTICE: data/video/MHC/All/ePAI0sI5Z-M.mp4: Can't follow symlink without -L/--copy-links
2026/08/06 08:26:11 NOTICE: data/video/MHC/All/a5egb4XqzKk.mp4: Can't follow symlink without -L/--copy-links
2026/08/06 08:26:11 NOTICE: data/video/MHC/All/6hFEc1MLZC0.mp4: Can't follow symlink without -L/--copy-links
2026/08/06 08:26:11 NOTICE: data/video/MHC/All/bKcC0pE0b7c.mp4: Can't follow symlink without -L/--copy-links
2026/08/06 08:26:11 NOTICE: data/video/MHC/All/22_Ke43yIgU.mp4: Can't follow symlink without -L/--copy-links
2026/08/06 08:26:11 NOTICE: data/video/MHC/All/l3eUapefQog.mp4: Can't follow symlink without -L/--copy-links
2026/08/06 08:26:11 NOTICE: data/video/MHC/All/UzNowZE-F50.mp4: Can't follow symlink without -L/--copy-links
2026/08/06 08:26:11 NOTICE: data/video/MHC/All/KDk4TdTdkHU.mp4: Can't follow symlink without -L/--copy-links
2026/08/06 08:26:11 NOTICE: data/video/MHC/All/uo5hz-BtwMg.mp4: Can't follow symlink without -L/--copy-links
2026/08/06 08:26:11 NOTICE: data/video/MHC/All/UzNhibosChY.mp4: Can't follow symlink without -L/--copy-links
2026/08/06 08:26:11 NOTICE: data/video/MHC/All/0dZgwdjo7DA.mp4: Can't follow symlink without -L/--copy-links
2026/08/06 08:26:11 NOTICE: data/video/MHC/All/_gfbZYCrMNM.mp4: Can't follow symlink without -L/--copy-links
2026/08/06 08:26:11 NOTICE: data/video/MHC/All/zX1fn56DJHw.mp4: Can't follow symlink without -L/--copy-links
2026/08/06 08:26:11 NOTICE: data/video/MHC/All/ngMOvkfcL_8.mp4: Can't follow symlink without -L/--copy-links
2026/08/06 08:26:11 NOTICE: data/video/MHC/All/gnUh61WjgUs.mp4: Can't follow symlink without -L/--copy-links
2026/08/06 08:26:11 NOTICE: data/video/MHC/All/Ri-ds6VKJg4.mp4: Can't follow symlink without -L/--copy-links
2026/08/06 08:26:11 NOTICE: data/video/MHC/All/9op067bRp9A.mp4: Can't follow symlink without -L/--copy-links
2026/08/06 08:26:11 NOTICE: data/video/MHC/All/qSv9oQ2Q324.mp4: Can't follow symlink without -L/--copy-links
2026/08/06 08:26:11 NOTICE: data/video/MHC/All/dzpYgBJk_0s.mp4: Can't follow symlink without -L/--copy-links
2026/08/06 08:26:11 NOTICE: data/video/MHC/All/wlzEd1F0S4Y.mp4: Can't follow symlink without -L/--copy-links
2026/08/06 08:26:11 NOTICE: data/video/MHC/All/Pr2H89YJp24.mp4: Can't follow symlink without -L/--copy-links
2026/08/06 08:26:11 NOTICE: data/video/MHC/All/FrMkNOgVm-0.mp4: Can't follow symlink without -L/--copy-links
2026/08/06 08:26:11 NOTICE: data/video/MHC/All/gLDz7IvH4HU.mp4: Can't follow symlink without -L/--copy-links
2026/08/06 08:26:11 NOTICE: data/video/MHC/All/dF6ntZKChz4.mp4: Can't follow symlink without -L/--copy-links
2026/08/06 08:26:11 NOTICE: data/video/MHC/All/k8IMDVgrnDY.mp4: Can't follow symlink without -L/--copy-links
2026/08/06 08:26:11 NOTICE: data/video/MHC/All/H99WNJQkuc4.mp4: Can't follow symlink without -L/--copy-links
2026/08/06 08:26:11 NOTICE: data/video/MHC/All/xr5GXMCMt70.mp4: Can't follow symlink without -L/--copy-links
2026/08/06 08:26:11 NOTICE: data/video/MHC/All/KhKRln1vs9A.mp4: Can't follow symlink without -L/--copy-links
2026/08/06 08:26:11 NOTICE: data/video/MHC/All/7w5xCkEiO6A.mp4: Can't follow symlink without -L/--copy-links
2026/08/06 08:26:11 NOTICE: data/video/MHC/All/3QmNMKMLEKE.mp4: Can't follow symlink without -L/--copy-links
2026/08/06 08:26:11 NOTICE: data/video/MHC/All/sPPxWVGU2Ro.mp4: Can't follow symlink without -L/--copy-links
2026/08/06 08:26:11 NOTICE: data/video/MHC/All/Ms1jmbrLbmU.mp4: Can't follow symlink without -L/--copy-links
2026/08/06 08:26:11 NOTICE: data/video/MHC/All/viiD8joODDY.mp4: Can't follow symlink without -L/--copy-links
2026/08/06 08:26:11 NOTICE: data/video/MHC/All/pcDuPqqsM14.mp4: Can't follow symlink without -L/--copy-links
2026/08/06 08:26:11 NOTICE: data/video/MHC/All/dBpoLSPh774.mp4: Can't follow symlink without -L/--copy-links
2026/08/06 08:26:11 NOTICE: data/video/MHC/All/lNCfDw80YSQ.mp4: Can't follow symlink without -L/--copy-links
2026/08/06 08:26:11 NOTICE: data/video/MHC/All/1WI2s3ctQnY.mp4: Can't follow symlink without -L/--copy-links
2026/08/06 08:26:11 NOTICE: data/video/MHC/All/SskF-2mpGCI.mp4: Can't follow symlink without -L/--copy-links
2026/08/06 08:26:11 NOTICE: data/video/MHC/All/IM90prUQlqY.mp4: Can't follow symlink without -L/--copy-links
2026/08/06 08:26:11 NOTICE: data/video/MHC/All/rwP8t2lQXI0.mp4: Can't follow symlink without -L/--copy-links
2026/08/06 08:26:11 NOTICE: data/video/MHC/All/Q_pXHqnJBJk.mp4: Can't follow symlink without -L/--copy-links
2026/08/06 08:26:11 NOTICE: data/video/MHC/All/MfU-Eh52VFg.mp4: Can't follow symlink without -L/--copy-links
2026/08/06 08:26:11 NOTICE: data/video/MHC/All/8S1OVYwoGBQ.mp4: Can't follow symlink without -L/--copy-links
2026/08/06 08:26:11 NOTICE: data/video/MHC/All/oB0mIUfLmW8.mp4: Can't follow symlink without -L/--copy-links
2026/08/06 08:26:11 NOTICE: data/video/MHC/All/MOJVx9y9V-U.mp4: Can't follow symlink without -L/--copy-links
2026/08/06 08:26:11 NOTICE: data/video/MHC/All/Fmr4W-nmxPw.mp4: Can't follow symlink without -L/--copy-links
2026/08/06 08:26:11 NOTICE: data/video/MHC/All/ZaR89XYnI9E.mp4: Can't follow symlink without -L/--copy-links
2026/08/06 08:26:11 NOTICE: data/video/MHC/All/Ud5WRT8Ymx4.mp4: Can't follow symlink without -L/--copy-links
2026/08/06 08:26:11 NOTICE: data/video/MHC/All/YbN6r7MJuqg.mp4: Can't follow symlink without -L/--copy-links
2026/08/06 08:26:11 NOTICE: data/video/MHC/All/-MkO3AEHK4Y.mp4: Can't follow symlink without -L/--copy-links
2026/08/06 08:26:11 NOTICE: data/video/MHC/All/aTw6lMOXOjc.mp4: Can't follow symlink without -L/--copy-links
2026/08/06 08:26:11 NOTICE: data/video/MHC/All/sbNdkr9KuIQ.mp4: Can't follow symlink without -L/--copy-links
2026/08/06 08:26:11 NOTICE: data/video/MHC/All/3qpIYT2EMFM.mp4: Can't follow symlink without -L/--copy-links
2026/08/06 08:26:11 NOTICE: data/video/MHC/All/7Sq7VoJW3FE.mp4: Can't follow symlink without -L/--copy-links
2026/08/06 08:26:11 NOTICE: data/video/MHC/All/g2tskhrNkxI.mp4: Can't follow symlink without -L/--copy-links
2026/08/06 08:26:11 NOTICE: data/video/MHC/All/ytkxeYhjup8.mp4: Can't follow symlink without -L/--copy-links
2026/08/06 08:26:11 NOTICE: data/video/MHC/All/H_dqS8HBRNQ.mp4: Can't follow symlink without -L/--copy-links
2026/08/06 08:26:11 NOTICE: data/video/MHC/All/_3VRhImovFY.mp4: Can't follow symlink without -L/--copy-links
2026/08/06 08:26:11 NOTICE: data/video/MHC/All/fG5oeqbh7_c.mp4: Can't follow symlink without -L/--copy-links
2026/08/06 08:26:11 NOTICE: data/video/MHC/All/32TfTCGagxo.mp4: Can't follow symlink without -L/--copy-links
2026/08/06 08:26:11 NOTICE: data/video/MHC/All/4rOegNB6CXg.mp4: Can't follow symlink without -L/--copy-links
2026/08/06 08:26:11 NOTICE: data/video/MHC/All/C1NYlIk5TwQ.mp4: Can't follow symlink without -L/--copy-links
2026/08/06 08:26:11 NOTICE: data/video/MHC/All/w6e54goKPY8.mp4: Can't follow symlink without -L/--copy-links
2026/08/06 08:26:11 NOTICE: data/video/MHC/All/UP-reCOJ2JQ.mp4: Can't follow symlink without -L/--copy-links
2026/08/06 08:26:11 NOTICE: data/video/MHC/All/1i644VRK6-A.mp4: Can't follow symlink without -L/--copy-links
2026/08/06 08:26:11 NOTICE: data/video/MHC/All/9MlJlIIpFi8.mp4: Can't follow symlink without -L/--copy-links
2026/08/06 08:26:11 NOTICE: data/video/MHC/All/0xojTE2scqc.mp4: Can't follow symlink without -L/--copy-links
2026/08/06 08:26:11 NOTICE: data/video/MHC/All/otf-f7km56U.mp4: Can't follow symlink without -L/--copy-links
2026/08/06 08:26:11 NOTICE: data/video/MHC/All/4jGCkUnmPLA.mp4: Can't follow symlink without -L/--copy-links
2026/08/06 08:26:11 NOTICE: data/video/MHC/All/cMcWWOVUPF4.mp4: Can't follow symlink without -L/--copy-links
2026/08/06 08:26:11 NOTICE: data/video/MHC/All/V_GvwplnhPA.mp4: Can't follow symlink without -L/--copy-links
2026/08/06 08:26:11 NOTICE: data/video/MHC/All/qbhcRwfOrJk.mp4: Can't follow symlink without -L/--copy-links
2026/08/06 08:26:11 NOTICE: data/video/MHC/All/Xa0MscJaPTM.mp4: Can't follow symlink without -L/--copy-links
2026/08/06 08:26:11 NOTICE: data/video/MHC/All/sR9-DFtHf9Q.mp4: Can't follow symlink without -L/--copy-links
2026/08/06 08:26:11 NOTICE: data/video/MHC/All/rAgVbfyD9_Y.mp4: Can't follow symlink without -L/--copy-links
2026/08/06 08:26:11 NOTICE: data/video/MHC/All/CjRsGhP65tk.mp4: Can't follow symlink without -L/--copy-links
2026/08/06 08:26:11 NOTICE: data/video/MHC/All/5d3ccUbVUO8.mp4: Can't follow symlink without -L/--copy-links
2026/08/06 08:26:11 NOTICE: data/video/MHC/All/dcrX2-oto8Y.mp4: Can't follow symlink without -L/--copy-links
2026/08/06 08:26:11 NOTICE: data/video/MHC/All/Mx5TMVcZnzU.mp4: Can't follow symlink without -L/--copy-links
2026/08/06 08:26:11 NOTICE: data/video/MHC/All/rgtyEu7uweY.mp4: Can't follow symlink without -L/--copy-links
2026/08/06 08:26:11 NOTICE: data/video/MHC/All/xZ_wjW21zcY.mp4: Can't follow symlink without -L/--copy-links
2026/08/06 08:26:11 NOTICE: data/video/MHC/All/qvNsi-go_80.mp4: Can't follow symlink without -L/--copy-links
2026/08/06 08:26:11 NOTICE: data/video/MHC/All/TBPLkZzJdmI.mp4: Can't follow symlink without -L/--copy-links
2026/08/06 08:26:11 NOTICE: data/video/MHC/All/fGng_nrDB0o.mp4: Can't follow symlink without -L/--copy-links
2026/08/06 08:26:11 NOTICE: data/video/MHC/All/FcwlRxa8hXw.mp4: Can't follow symlink without -L/--copy-links
2026/08/06 08:26:11 NOTICE: data/video/MHC/All/krc1m-ABwmc.mp4: Can't follow symlink without -L/--copy-links
2026/08/06 08:26:11 NOTICE: data/video/MHC/All/frb4SFAs3lU.mp4: Can't follow symlink without -L/--copy-links
2026/08/06 08:26:11 NOTICE: data/video/MHC/All/QN68zOyyzos.mp4: Can't follow symlink without -L/--copy-links
2026/08/06 08:26:11 NOTICE: data/video/MHC/All/3240rThr6AA.mp4: Can't follow symlink without -L/--copy-links
2026/08/06 08:26:11 NOTICE: data/video/MHC/All/fYqGqmoy8qI.mp4: Can't follow symlink without -L/--copy-links
2026/08/06 08:26:11 NOTICE: data/video/MHC/All/iaB59zpCijQ.mp4: Can't follow symlink without -L/--copy-links
2026/08/06 08:26:11 NOTICE: data/video/MHC/All/7I4uFpJH9fs.mp4: Can't follow symlink without -L/--copy-links
2026/08/06 08:26:11 NOTICE: data/video/MHC/All/pR-Blu4--0U.mp4: Can't follow symlink without -L/--copy-links
2026/08/06 08:26:11 NOTICE: data/video/MHC/All/givOqgEF8Xw.mp4: Can't follow symlink without -L/--copy-links
2026/08/06 08:26:11 NOTICE: data/video/MHC/All/Rq1yIAoZHEo.mp4: Can't follow symlink without -L/--copy-links
2026/08/06 08:26:11 NOTICE: data/video/MHC/All/Ec2FDPGzfG8.mp4: Can't follow symlink without -L/--copy-links
2026/08/06 08:26:11 NOTICE: data/video/MHC/All/sG_GbYU0iH4.mp4: Can't follow symlink without -L/--copy-links
2026/08/06 08:26:11 NOTICE: data/video/MHC/All/EU-dip0ITa4.mp4: Can't follow symlink without -L/--copy-links
2026/08/06 08:26:11 NOTICE: data/video/MHC/All/GHQH2dizCfE.mp4: Can't follow symlink without -L/--copy-links
2026/08/06 08:26:11 NOTICE: data/video/MHC/All/IQhlEYCXDA4.mp4: Can't follow symlink without -L/--copy-links
2026/08/06 08:26:11 NOTICE: data/video/MHC/All/QfKJoYYSNq0.mp4: Can't follow symlink without -L/--copy-links
2026/08/06 08:26:11 NOTICE: data/video/MHC/All/BH_7lAvQb4o.mp4: Can't follow symlink without -L/--copy-links
2026/08/06 08:26:11 NOTICE: data/video/MHC/All/gXBLigBpbzQ.mp4: Can't follow symlink without -L/--copy-links
2026/08/06 08:26:11 NOTICE: data/video/MHC/All/YmCLjVMi8Kw.mp4: Can't follow symlink without -L/--copy-links
2026/08/06 08:26:11 NOTICE: data/video/MHC/All/XScP1AiMkNM.mp4: Can't follow symlink without -L/--copy-links
2026/08/06 08:26:11 NOTICE: data/video/MHC/All/MISAXroVeWA.mp4: Can't follow symlink without -L/--copy-links
2026/08/06 08:26:11 NOTICE: data/video/MHC/All/pTCHSaafK40.mp4: Can't follow symlink without -L/--copy-links
2026/08/06 08:26:11 NOTICE: data/video/MHC/All/KfF30YPUsPg.mp4: Can't follow symlink without -L/--copy-links
2026/08/06 08:26:11 NOTICE: data/video/MHC/All/QihIpSnlOzM.mp4: Can't follow symlink without -L/--copy-links
2026/08/06 08:26:11 NOTICE: data/video/MHC/All/Npu3G0MWuSo.mp4: Can't follow symlink without -L/--copy-links
2026/08/06 08:26:11 NOTICE: data/video/MHC/All/uvvZvLafwQ8.mp4: Can't follow symlink without -L/--copy-links
2026/08/06 08:26:11 NOTICE: data/video/MHC/All/phdy7Lxvnx8.mp4: Can't follow symlink without -L/--copy-links
2026/08/06 08:26:11 NOTICE: data/video/MHC/All/570qwJffjyo.mp4: Can't follow symlink without -L/--copy-links
2026/08/06 08:26:11 NOTICE: data/video/MHC/All/erDc5dqttVo.mp4: Can't follow symlink without -L/--copy-links
2026/08/06 08:26:11 NOTICE: data/video/MHC/All/uFqdpifgHO0.mp4: Can't follow symlink without -L/--copy-links
2026/08/06 08:26:11 NOTICE: data/video/MHC/All/eyXtOXYvP_8.mp4: Can't follow symlink without -L/--copy-links
2026/08/06 08:26:11 NOTICE: data/video/MHC/All/8wr4PbZhBMg.mp4: Can't follow symlink without -L/--copy-links
2026/08/06 08:26:11 NOTICE: data/video/MHC/All/EXmKCMF5CJI.mp4: Can't follow symlink without -L/--copy-links
2026/08/06 08:26:11 NOTICE: data/video/MHC/All/qmxBffFBWQQ.mp4: Can't follow symlink without -L/--copy-links
2026/08/06 08:26:11 NOTICE: data/video/MHC/All/jFgzktmZ7lo.mp4: Can't follow symlink without -L/--copy-links
2026/08/06 08:26:11 NOTICE: data/video/MHC/All/GSvTsPjX2D4.mp4: Can't follow symlink without -L/--copy-links
2026/08/06 08:26:11 NOTICE: data/video/MHC/All/7_-y8KAjfWs.mp4: Can't follow symlink without -L/--copy-links
2026/08/06 08:26:11 NOTICE: data/video/MHC/All/QUNmG_vC8uE.mp4: Can't follow symlink without -L/--copy-links
2026/08/06 08:26:11 NOTICE: data/video/MHC/All/jZpMmaAa5_E.mp4: Can't follow symlink without -L/--copy-links
2026/08/06 08:26:11 NOTICE: data/video/MHC/All/Mx9o6gszc1Y.mp4: Can't follow symlink without -L/--copy-links
2026/08/06 08:26:11 NOTICE: data/video/MHC/All/J5FT1Sn3SY4.mp4: Can't follow symlink without -L/--copy-links
2026/08/06 08:26:11 NOTICE: data/video/MHC/All/mR5Z2DsedwA.mp4: Can't follow symlink without -L/--copy-links
2026/08/06 08:26:11 NOTICE: data/video/MHC/All/5qSnVozTOhw.mp4: Can't follow symlink without -L/--copy-links
2026/08/06 08:26:11 NOTICE: data/video/MHC/All/pStxFSBkFDQ.mp4: Can't follow symlink without -L/--copy-links
2026/08/06 08:26:11 NOTICE: data/video/MHC/All/O_i2jeFqsCQ.mp4: Can't follow symlink without -L/--copy-links
2026/08/06 08:26:11 NOTICE: data/video/MHC/All/dTzo3jYfzT4.mp4: Can't follow symlink without -L/--copy-links
2026/08/06 08:26:11 NOTICE: data/video/MHC/All/BXyxXsudwxs.mp4: Can't follow symlink without -L/--copy-links
2026/08/06 08:26:11 NOTICE: data/video/MHC/All/KmU2WkOkt1s.mp4: Can't follow symlink without -L/--copy-links
2026/08/06 08:26:11 NOTICE: data/video/MHC/All/DZ_m4aSY_ts.mp4: Can't follow symlink without -L/--copy-links
2026/08/06 08:26:11 NOTICE: data/video/MHC/All/2zWxOhTeGas.mp4: Can't follow symlink without -L/--copy-links
2026/08/06 08:26:11 NOTICE: data/video/MHC/All/rY1GlQTDtnI.mp4: Can't follow symlink without -L/--copy-links
2026/08/06 08:26:11 NOTICE: data/video/MHC/All/eU5rOZ_9T_I.mp4: Can't follow symlink without -L/--copy-links
2026/08/06 08:26:11 NOTICE: data/video/MHC/All/m_aR033m3kI.mp4: Can't follow symlink without -L/--copy-links
2026/08/06 08:26:11 NOTICE: data/video/MHC/All/bieXlq9caTo.mp4: Can't follow symlink without -L/--copy-links
2026/08/06 08:26:11 NOTICE: data/video/MHC/All/pHArKGnbWI0.mp4: Can't follow symlink without -L/--copy-links
2026/08/06 08:26:11 NOTICE: data/video/MHC/All/cdwCE58o0ms.mp4: Can't follow symlink without -L/--copy-links
2026/08/06 08:26:11 NOTICE: data/video/MHC/All/pBzCWoBqeBw.mp4: Can't follow symlink without -L/--copy-links
2026/08/06 08:26:11 NOTICE: data/video/MHC/All/HAplQvSs_hQ.mp4: Can't follow symlink without -L/--copy-links
2026/08/06 08:26:11 NOTICE: data/video/MHC/All/hMNAJL6rYoY.mp4: Can't follow symlink without -L/--copy-links
2026/08/06 08:26:11 NOTICE: data/video/MHC/All/mKI_F9aD_3I.mp4: Can't follow symlink without -L/--copy-links
2026/08/06 08:26:11 NOTICE: data/video/MHC/All/4cqbTtjcUEc.mp4: Can't follow symlink without -L/--copy-links
2026/08/06 08:26:11 NOTICE: data/video/MHC/All/NgVPuOVF3to.mp4: Can't follow symlink without -L/--copy-links
2026/08/06 08:26:11 NOTICE: data/video/MHC/All/Uf46jwTyQXU.mp4: Can't follow symlink without -L/--copy-links
2026/08/06 08:26:11 NOTICE: data/video/MHC/All/aHQxfDHVSc0.mp4: Can't follow symlink without -L/--copy-links
2026/08/06 08:26:11 NOTICE: data/video/MHC/All/F2Fzt8y_gi4.mp4: Can't follow symlink without -L/--copy-links
2026/08/06 08:26:11 NOTICE: data/video/MHC/All/FUQdH1RSWS4.mp4: Can't follow symlink without -L/--copy-links
2026/08/06 08:26:11 NOTICE: data/video/MHC/All/xnzoj9Y9cpQ.mp4: Can't follow symlink without -L/--copy-links
2026/08/06 08:26:11 NOTICE: data/video/MHC/All/ZcuoMJmnUHE.mp4: Can't follow symlink without -L/--copy-links
2026/08/06 08:26:11 NOTICE: data/video/MHC/All/pmlRRVUhRHM.mp4: Can't follow symlink without -L/--copy-links
2026/08/06 08:26:11 NOTICE: data/video/MHC/All/oL5NOZ9iznk.mp4: Can't follow symlink without -L/--copy-links
2026/08/06 08:26:11 NOTICE: data/video/MHC/All/CJs0SPOnRmg.mp4: Can't follow symlink without -L/--copy-links
2026/08/06 08:26:11 NOTICE: data/video/MHC/All/qfauUXHFxRw.mp4: Can't follow symlink without -L/--copy-links
2026/08/06 08:26:11 NOTICE: data/video/MHC/All/Kz3M_kw6oGQ.mp4: Can't follow symlink without -L/--copy-links
2026/08/06 08:26:11 NOTICE: data/video/MHC/All/ONtbRTOvg3k.mp4: Can't follow symlink without -L/--copy-links
2026/08/06 08:26:11 NOTICE: data/video/MHC/All/aXB3a9Ouvjw.mp4: Can't follow symlink without -L/--copy-links
2026/08/06 08:26:11 NOTICE: data/video/MHC/All/saWNlKRThKA.mp4: Can't follow symlink without -L/--copy-links
2026/08/06 08:26:11 NOTICE: data/video/MHC/All/KV49pENhk4c.mp4: Can't follow symlink without -L/--copy-links
2026/08/06 08:26:11 NOTICE: data/video/MHC/All/XsgULojC6AA.mp4: Can't follow symlink without -L/--copy-links
2026/08/06 08:26:11 NOTICE: data/video/MHC/All/jys4mdPgcts.mp4: Can't follow symlink without -L/--copy-links
2026/08/06 08:26:11 NOTICE: data/video/MHC/All/0IQ-W2_0PS0.mp4: Can't follow symlink without -L/--copy-links
2026/08/06 08:26:11 NOTICE: data/video/MHC/All/3L30Uz2WGps.mp4: Can't follow symlink without -L/--copy-links
2026/08/06 08:26:11 NOTICE: data/video/MHC/All/lv8elRv03u0.mp4: Can't follow symlink without -L/--copy-links
2026/08/06 08:26:11 NOTICE: data/video/MHC/All/g1Qefe7W0oY.mp4: Can't follow symlink without -L/--copy-links
2026/08/06 08:26:11 NOTICE: data/video/MHC/All/IRjicQku3w0.mp4: Can't follow symlink without -L/--copy-links
2026/08/06 08:26:11 NOTICE: data/video/MHC/All/BaxDwsKzwMk.mp4: Can't follow symlink without -L/--copy-links
2026/08/06 08:26:11 NOTICE: data/video/MHC/All/hWdd4YaGxaQ.mp4: Can't follow symlink without -L/--copy-links
2026/08/06 08:26:11 NOTICE: data/video/MHC/All/oZIc-6NFg2Y.mp4: Can't follow symlink without -L/--copy-links
2026/08/06 08:26:11 NOTICE: data/video/MHC/All/8LhbS6G-xNM.mp4: Can't follow symlink without -L/--copy-links
2026/08/06 08:26:11 NOTICE: data/video/MHC/All/1PEr_STq3jk.mp4: Can't follow symlink without -L/--copy-links
2026/08/06 08:26:11 NOTICE: data/video/MHC/All/KJ7FY0vjfSQ.mp4: Can't follow symlink without -L/--copy-links
2026/08/06 08:26:11 NOTICE: data/video/MHC/All/W1-Xlw_Q8cQ.mp4: Can't follow symlink without -L/--copy-links
2026/08/06 08:26:11 NOTICE: data/video/MHC/All/ceIhrPgjJXY.mp4: Can't follow symlink without -L/--copy-links
2026/08/06 08:26:11 NOTICE: data/video/MHC/All/r3y64Z8ScUY.mp4: Can't follow symlink without -L/--copy-links
2026/08/06 08:26:11 NOTICE: data/video/MHC/All/gTpQcw2IXtw.mp4: Can't follow symlink without -L/--copy-links
2026/08/06 08:26:11 NOTICE: data/video/MHC/All/cu6OG3YsYBE.mp4: Can't follow symlink without -L/--copy-links
2026/08/06 08:26:11 NOTICE: data/video/MHC/All/1mWWYQhzaAE.mp4: Can't follow symlink without -L/--copy-links
2026/08/06 08:26:11 NOTICE: data/video/MHC/All/VuIGw1nQ2jY.mp4: Can't follow symlink without -L/--copy-links
2026/08/06 08:26:11 NOTICE: data/video/MHC/All/P-nZjOeWKis.mp4: Can't follow symlink without -L/--copy-links
2026/08/06 08:26:11 NOTICE: data/video/MHC/All/GIbu4VTCQF8.mp4: Can't follow symlink without -L/--copy-links
2026/08/06 08:26:11 NOTICE: data/video/MHC/All/Wyoym9GWiQ8.mp4: Can't follow symlink without -L/--copy-links
2026/08/06 08:26:11 NOTICE: data/video/MHC/All/HhZKvCSSueI.mp4: Can't follow symlink without -L/--copy-links
2026/08/06 08:26:11 NOTICE: data/video/MHC/All/alDztAZskbY.mp4: Can't follow symlink without -L/--copy-links
2026/08/06 08:26:11 NOTICE: data/video/MHC/All/r0FhqzNA3TE.mp4: Can't follow symlink without -L/--copy-links
2026/08/06 08:26:11 NOTICE: data/video/MHC/All/IET_tUu8u0Y.mp4: Can't follow symlink without -L/--copy-links
2026/08/06 08:26:11 NOTICE: data/video/MHC/All/gYyNXeZXSI8.mp4: Can't follow symlink without -L/--copy-links
2026/08/06 08:26:11 NOTICE: data/video/MHC/All/bdJ-dKZ4Oes.mp4: Can't follow symlink without -L/--copy-links
2026/08/06 08:26:11 NOTICE: data/video/MHC/All/t2KWh5O9798.mp4: Can't follow symlink without -L/--copy-links
2026/08/06 08:26:11 NOTICE: data/video/MHC/All/QUNmycJNpIE.mp4: Can't follow symlink without -L/--copy-links
2026/08/06 08:26:11 NOTICE: data/video/MHC/All/Ft4Fy8vWs-w.mp4: Can't follow symlink without -L/--copy-links
2026/08/06 08:26:11 NOTICE: data/video/MHC/All/TVw55EP9LYY.mp4: Can't follow symlink without -L/--copy-links
2026/08/06 08:26:11 NOTICE: data/video/MHC/All/hbOsjwNDS2M.mp4: Can't follow symlink without -L/--copy-links
2026/08/06 08:26:11 NOTICE: data/video/MHC/All/zG1iAo2-BXQ.mp4: Can't follow symlink without -L/--copy-links
2026/08/06 08:26:11 NOTICE: data/video/MHC/All/I0gPws4B-_4.mp4: Can't follow symlink without -L/--copy-links
2026/08/06 08:26:11 NOTICE: data/video/MHC/All/us5pnF5V_QI.mp4: Can't follow symlink without -L/--copy-links
2026/08/06 08:26:11 NOTICE: data/video/MHC/All/aixtu01HQH8.mp4: Can't follow symlink without -L/--copy-links
2026/08/06 08:26:11 NOTICE: data/video/MHC/All/HPW66bO3FPE.mp4: Can't follow symlink without -L/--copy-links
2026/08/06 08:26:11 NOTICE: data/video/MHC/All/zomnSnFLabY.mp4: Can't follow symlink without -L/--copy-links
2026/08/06 08:26:11 NOTICE: data/video/MHC/All/k9OtaMbK0Ac.mp4: Can't follow symlink without -L/--copy-links
2026/08/06 08:26:11 NOTICE: data/video/MHC/All/khltIkpsgQg.mp4: Can't follow symlink without -L/--copy-links
2026/08/06 08:26:11 NOTICE: data/video/MHC/All/HSagMoE5lqU.mp4: Can't follow symlink without -L/--copy-links
2026/08/06 08:26:11 NOTICE: data/video/MHC/All/Bo_dk7KbEJY.mp4: Can't follow symlink without -L/--copy-links
2026/08/06 08:26:11 NOTICE: data/video/MHC/All/Z2Cs5Oqm9iU.mp4: Can't follow symlink without -L/--copy-links
2026/08/06 08:26:11 NOTICE: data/video/MHC/All/k85dG3DE9jI.mp4: Can't follow symlink without -L/--copy-links
2026/08/06 08:26:11 NOTICE: data/video/MHC/All/iKcETp5BbAo.mp4: Can't follow symlink without -L/--copy-links
2026/08/06 08:26:11 NOTICE: data/video/MHC/All/ZMyHaXRKMXk.mp4: Can't follow symlink without -L/--copy-links
2026/08/06 08:26:11 NOTICE: data/video/MHC/All/USMsXPveyoE.mp4: Can't follow symlink without -L/--copy-links
2026/08/06 08:26:11 NOTICE: data/video/MHC/All/FusxEUi2MK4.mp4: Can't follow symlink without -L/--copy-links
2026/08/06 08:26:11 NOTICE: data/video/MHC/All/iIXubV-fD5k.mp4: Can't follow symlink without -L/--copy-links
2026/08/06 08:26:11 NOTICE: data/video/MHC/All/f_xgJghPnz8.mp4: Can't follow symlink without -L/--copy-links
2026/08/06 08:26:11 NOTICE: data/video/MHC/All/vSDi0amTMH4.mp4: Can't follow symlink without -L/--copy-links
2026/08/06 08:26:11 NOTICE: data/video/MHC/All/8TPmlhvB_tw.mp4: Can't follow symlink without -L/--copy-links
2026/08/06 08:26:11 NOTICE: data/video/MHC/All/A2pvhBoMG2k.mp4: Can't follow symlink without -L/--copy-links
2026/08/06 08:26:11 NOTICE: data/video/MHC/All/Kg8GW7DhKeI.mp4: Can't follow symlink without -L/--copy-links
2026/08/06 08:26:11 NOTICE: data/video/MHC/All/hUrk26CM-uc.mp4: Can't follow symlink without -L/--copy-links
2026/08/06 08:26:11 NOTICE: data/video/MHC/All/IbFyBSUmZ3Q.mp4: Can't follow symlink without -L/--copy-links
2026/08/06 08:26:11 NOTICE: data/video/MHC/All/fOzWzzN7sBQ.mp4: Can't follow symlink without -L/--copy-links
2026/08/06 08:26:11 NOTICE: data/video/MHC/All/scvkQNv0DI8.mp4: Can't follow symlink without -L/--copy-links
2026/08/06 08:26:11 NOTICE: data/video/MHC/All/T6aVK_Hgc-A.mp4: Can't follow symlink without -L/--copy-links
2026/08/06 08:26:11 NOTICE: data/video/MHC/All/ev7pTIf53lc.mp4: Can't follow symlink without -L/--copy-links
2026/08/06 08:26:11 NOTICE: data/video/MHC/All/INriNGhbyxY.mp4: Can't follow symlink without -L/--copy-links
2026/08/06 08:26:11 NOTICE: data/video/MHC/All/Rn9tUbFqQmQ.mp4: Can't follow symlink without -L/--copy-links
2026/08/06 08:26:11 NOTICE: data/video/MHC/All/My7tiIelSD8.mp4: Can't follow symlink without -L/--copy-links
2026/08/06 08:26:11 NOTICE: data/video/MHC/All/p3ZoxJ-9uCM.mp4: Can't follow symlink without -L/--copy-links
2026/08/06 08:26:11 NOTICE: data/video/MHC/All/BZDDQtrK9Bg.mp4: Can't follow symlink without -L/--copy-links
2026/08/06 08:26:11 NOTICE: data/video/MHC/All/Y05AKSPwElU.mp4: Can't follow symlink without -L/--copy-links
2026/08/06 08:26:11 NOTICE: data/video/MHC/All/2OrFHiDWxZ4.mp4: Can't follow symlink without -L/--copy-links
2026/08/06 08:26:11 NOTICE: data/video/MHC/All/fuUtL4mbTDU.mp4: Can't follow symlink without -L/--copy-links
2026/08/06 08:26:11 NOTICE: data/video/MHC/All/ZZOSLjm0LqE.mp4: Can't follow symlink without -L/--copy-links
2026/08/06 08:26:11 NOTICE: data/video/MHC/All/pQbEa24u-HM.mp4: Can't follow symlink without -L/--copy-links
2026/08/06 08:26:11 NOTICE: data/video/MHC/All/QklYyo0rikg.mp4: Can't follow symlink without -L/--copy-links
2026/08/06 08:26:11 NOTICE: data/video/MHC/All/Yno9qxkTTvM.mp4: Can't follow symlink without -L/--copy-links
2026/08/06 08:26:11 NOTICE: data/video/MHC/All/PhVnj0UF3k4.mp4: Can't follow symlink without -L/--copy-links
2026/08/06 08:26:11 NOTICE: data/video/MHC/All/e5m7Ax_AFQU.mp4: Can't follow symlink without -L/--copy-links
2026/08/06 08:26:11 NOTICE: data/video/MHC/All/l9r033xA3Rw.mp4: Can't follow symlink without -L/--copy-links
2026/08/06 08:26:11 NOTICE: data/video/MHC/All/Cfu58ju1MyQ.mp4: Can't follow symlink without -L/--copy-links
2026/08/06 08:26:11 NOTICE: data/video/MHC/All/ubAYuG838wo.mp4: Can't follow symlink without -L/--copy-links
2026/08/06 08:26:11 NOTICE: data/video/MHC/All/0BqXuLbTxks.mp4: Can't follow symlink without -L/--copy-links
2026/08/06 08:26:11 NOTICE: data/video/MHC/All/VFGkut1nqF0.mp4: Can't follow symlink without -L/--copy-links
2026/08/06 08:26:11 NOTICE: data/video/MHC/All/RPf2D-N7sSs.mp4: Can't follow symlink without -L/--copy-links
2026/08/06 08:26:11 NOTICE: data/video/MHC/All/eYArSyKRb_A.mp4: Can't follow symlink without -L/--copy-links
2026/08/06 08:26:11 NOTICE: data/video/MHC/All/azxYoeLskEM.mp4: Can't follow symlink without -L/--copy-links
2026/08/06 08:26:11 NOTICE: data/video/MHC/All/iw1ff5VCJ5Q.mp4: Can't follow symlink without -L/--copy-links
2026/08/06 08:26:11 NOTICE: data/video/MHC/All/9Dt4OMbIl4A.mp4: Can't follow symlink without -L/--copy-links
2026/08/06 08:26:11 NOTICE: data/video/MHC/All/XqtLSBJcpdU.mp4: Can't follow symlink without -L/--copy-links
2026/08/06 08:26:11 NOTICE: data/video/MHC/All/n8-ygPa5Ob4.mp4: Can't follow symlink without -L/--copy-links
2026/08/06 08:26:11 NOTICE: data/video/MHC/All/T1fp3aNf93g.mp4: Can't follow symlink without -L/--copy-links
2026/08/06 08:26:11 NOTICE: data/video/MHC/All/vJ_kVd__NBo.mp4: Can't follow symlink without -L/--copy-links
2026/08/06 08:26:11 NOTICE: data/video/MHC/All/0ATva49qP4w.mp4: Can't follow symlink without -L/--copy-links
2026/08/06 08:26:11 NOTICE: data/video/MHC/All/MmqgRbGKWrM.mp4: Can't follow symlink without -L/--copy-links
2026/08/06 08:26:11 NOTICE: data/video/MHC/All/GJ-rInI2s84.mp4: Can't follow symlink without -L/--copy-links
2026/08/06 08:26:11 NOTICE: data/video/MHC/All/w_i0irNrcCo.mp4: Can't follow symlink without -L/--copy-links
2026/08/06 08:26:11 NOTICE: data/video/MHC/All/BjWYvE7TWok.mp4: Can't follow symlink without -L/--copy-links
2026/08/06 08:26:11 NOTICE: data/video/MHC/All/DGHdkvdOFIQ.mp4: Can't follow symlink without -L/--copy-links
2026/08/06 08:26:11 NOTICE: data/video/MHC/All/uAEdVB7e4UM.mp4: Can't follow symlink without -L/--copy-links
2026/08/06 08:26:11 NOTICE: data/video/MHC/All/JBJHtOr6gdQ.mp4: Can't follow symlink without -L/--copy-links
2026/08/06 08:26:11 NOTICE: data/video/MHC/All/cCQfIjokAAY.mp4: Can't follow symlink without -L/--copy-links
2026/08/06 08:26:11 NOTICE: data/video/MHC/All/YTyluq4vCF4.mp4: Can't follow symlink without -L/--copy-links
2026/08/06 08:26:11 NOTICE: data/video/MHC/All/ZWMf9t8G30M.mp4: Can't follow symlink without -L/--copy-links
2026/08/06 08:26:11 NOTICE: data/video/MHC/All/PGYj2Y7fDYs.mp4: Can't follow symlink without -L/--copy-links
2026/08/06 08:26:11 NOTICE: data/video/MHC/All/6YJlcoEadZ0.mp4: Can't follow symlink without -L/--copy-links
2026/08/06 08:26:11 NOTICE: data/video/MHC/All/Dasds3_l9Q0.mp4: Can't follow symlink without -L/--copy-links
2026/08/06 08:26:11 NOTICE: data/video/MHC/All/lUZDahwzuX4.mp4: Can't follow symlink without -L/--copy-links
2026/08/06 08:26:11 NOTICE: data/video/MHC/All/J3Bu08x934E.mp4: Can't follow symlink without -L/--copy-links
2026/08/06 08:26:11 NOTICE: data/video/MHC/All/XWrKWANI2ZU.mp4: Can't follow symlink without -L/--copy-links
2026/08/06 08:26:11 NOTICE: data/video/MHC/All/o0AzXXiIRNw.mp4: Can't follow symlink without -L/--copy-links
2026/08/06 08:26:11 NOTICE: data/video/MHC/All/FvF_Lf26K74.mp4: Can't follow symlink without -L/--copy-links
2026/08/06 08:26:11 NOTICE: data/video/MHC/All/Wtt9N403mHY.mp4: Can't follow symlink without -L/--copy-links
2026/08/06 08:26:11 NOTICE: data/video/MHC/All/lUGsvUFtmy8.mp4: Can't follow symlink without -L/--copy-links
2026/08/06 08:26:11 NOTICE: data/video/MHC/All/qpW_A7WHlFY.mp4: Can't follow symlink without -L/--copy-links
2026/08/06 08:26:11 NOTICE: data/video/MHC/All/_0W4cgpQDbY.mp4: Can't follow symlink without -L/--copy-links
2026/08/06 08:26:11 NOTICE: data/video/MHC/All/tykqKl9Bxco.mp4: Can't follow symlink without -L/--copy-links
2026/08/06 08:26:11 NOTICE: data/video/MHC/All/LJZOcfIX4kk.mp4: Can't follow symlink without -L/--copy-links
2026/08/06 08:26:11 NOTICE: data/video/MHC/All/1fglv1fiibc.mp4: Can't follow symlink without -L/--copy-links
2026/08/06 08:26:11 NOTICE: data/video/MHC/All/cclrUXh1IBo.mp4: Can't follow symlink without -L/--copy-links
2026/08/06 08:26:11 NOTICE: data/video/MHC/All/ErKUxauiAXU.mp4: Can't follow symlink without -L/--copy-links
2026/08/06 08:26:11 NOTICE: data/video/MHC/All/cME9naxSvoc.mp4: Can't follow symlink without -L/--copy-links
2026/08/06 08:26:11 NOTICE: data/video/MHC/All/lobOqmXIP8I.mp4: Can't follow symlink without -L/--copy-links
2026/08/06 08:26:11 NOTICE: data/video/MHC/All/K0IiSoUPzBI.mp4: Can't follow symlink without -L/--copy-links
2026/08/06 08:26:11 NOTICE: data/video/MHC/All/QXc-Ben76JE.mp4: Can't follow symlink without -L/--copy-links
2026/08/06 08:26:11 NOTICE: data/video/MHC/All/wmcc7PHa8MQ.mp4: Can't follow symlink without -L/--copy-links
2026/08/06 08:26:11 NOTICE: data/video/MHC/All/jLL5GS39U8A.mp4: Can't follow symlink without -L/--copy-links
2026/08/06 08:26:11 NOTICE: data/video/MHC/All/L6XBuMmlgrw.mp4: Can't follow symlink without -L/--copy-links
2026/08/06 08:26:11 NOTICE: data/video/MHC/All/bHtgDu5hZNM.mp4: Can't follow symlink without -L/--copy-links
2026/08/06 08:26:11 NOTICE: data/video/MHC/All/kec4e6w697w.mp4: Can't follow symlink without -L/--copy-links
2026/08/06 08:26:11 NOTICE: data/video/MHC/All/6WSRaKFyeYI.mp4: Can't follow symlink without -L/--copy-links
2026/08/06 08:26:11 NOTICE: data/video/MHC/All/lpH2cbkr82M.mp4: Can't follow symlink without -L/--copy-links
2026/08/06 08:26:11 NOTICE: data/video/MHC/All/6nyI-ZflSRU.mp4: Can't follow symlink without -L/--copy-links
2026/08/06 08:26:11 NOTICE: data/video/MHC/All/c_Ewd_d6mho.mp4: Can't follow symlink without -L/--copy-links
2026/08/06 08:26:11 NOTICE: data/video/MHC/All/CJ0gc2eeVt8.mp4: Can't follow symlink without -L/--copy-links
2026/08/06 08:26:11 NOTICE: data/video/MHC/All/EhMF81wOIf4.mp4: Can't follow symlink without -L/--copy-links
2026/08/06 08:26:11 NOTICE: data/video/MHC/All/JRHKZYFHVJ0.mp4: Can't follow symlink without -L/--copy-links
2026/08/06 08:26:11 NOTICE: data/video/MHC/All/0scBnSdMVAo.mp4: Can't follow symlink without -L/--copy-links
2026/08/06 08:26:11 NOTICE: data/video/MHC/All/cLF-B7u3kNE.mp4: Can't follow symlink without -L/--copy-links
2026/08/06 08:26:11 NOTICE: data/video/MHC/All/Y9pw80eiFPs.mp4: Can't follow symlink without -L/--copy-links
2026/08/06 08:26:11 NOTICE: data/video/MHC/All/MUbzLI4R54s.mp4: Can't follow symlink without -L/--copy-links
2026/08/06 08:26:11 NOTICE: data/video/MHC/All/ahV2_roFKOI.mp4: Can't follow symlink without -L/--copy-links
2026/08/06 08:26:11 NOTICE: data/video/MHC/All/CuNnSl1BuFc.mp4: Can't follow symlink without -L/--copy-links
2026/08/06 08:26:11 NOTICE: data/video/MHC/All/h9DF1Fmp6JA.mp4: Can't follow symlink without -L/--copy-links
2026/08/06 08:26:11 NOTICE: data/video/MHC/All/qb8uWCVm6Vw.mp4: Can't follow symlink without -L/--copy-links
2026/08/06 08:26:11 NOTICE: data/video/MHC/All/lYBarMGqOvU.mp4: Can't follow symlink without -L/--copy-links
2026/08/06 08:26:11 NOTICE: data/video/MHC/All/uw_doUh2HHE.mp4: Can't follow symlink without -L/--copy-links
2026/08/06 08:26:11 NOTICE: data/video/MHC/All/fuiAOZOrVqE.mp4: Can't follow symlink without -L/--copy-links
2026/08/06 08:26:11 NOTICE: data/video/MHC/All/AIqIN75NS-0.mp4: Can't follow symlink without -L/--copy-links
2026/08/06 08:26:11 NOTICE: data/video/MHC/All/M0DwobyOi20.mp4: Can't follow symlink without -L/--copy-links
2026/08/06 08:26:11 NOTICE: data/video/MHC/All/BmNV7oheZLA.mp4: Can't follow symlink without -L/--copy-links
2026/08/06 08:26:11 NOTICE: data/video/MHC/All/1LtRdg8dmFI.mp4: Can't follow symlink without -L/--copy-links
2026/08/06 08:26:11 NOTICE: data/video/MHC/All/tOsD1F--EEo.mp4: Can't follow symlink without -L/--copy-links
2026/08/06 08:26:11 NOTICE: data/video/MHC/All/St4XlNgPlJQ.mp4: Can't follow symlink without -L/--copy-links
2026/08/06 08:26:11 NOTICE: data/video/MHC/All/pKeIcylm_B0.mp4: Can't follow symlink without -L/--copy-links
2026/08/06 08:26:11 NOTICE: data/video/MHC/All/sRpd4CCtnGM.mp4: Can't follow symlink without -L/--copy-links
2026/08/06 08:26:11 NOTICE: data/video/MHC/All/8oESJEeo7_o.mp4: Can't follow symlink without -L/--copy-links
2026/08/06 08:26:11 NOTICE: data/video/MHC/All/g8VZhiDSkXI.mp4: Can't follow symlink without -L/--copy-links
2026/08/06 08:26:11 NOTICE: data/video/MHC/All/WYJ3_pvq0aw.mp4: Can't follow symlink without -L/--copy-links
2026/08/06 08:26:11 NOTICE: data/video/MHC/All/e8ixmdMfSxw.mp4: Can't follow symlink without -L/--copy-links
2026/08/06 08:26:11 NOTICE: data/video/MHC/All/_zN8X3htrs8.mp4: Can't follow symlink without -L/--copy-links
2026/08/06 08:26:11 NOTICE: data/video/MHC/All/16g5DLajtKc.mp4: Can't follow symlink without -L/--copy-links
2026/08/06 08:26:11 NOTICE: data/video/MHC/All/71zppfNBrMY.mp4: Can't follow symlink without -L/--copy-links
2026/08/06 08:26:11 NOTICE: data/video/MHC/All/IQEqNUqtfqg.mp4: Can't follow symlink without -L/--copy-links
2026/08/06 08:26:11 NOTICE: data/video/MHC/All/GM0X46DYdwU.mp4: Can't follow symlink without -L/--copy-links
2026/08/06 08:26:11 NOTICE: data/video/MHC/All/XlJCNPi5inM.mp4: Can't follow symlink without -L/--copy-links
2026/08/06 08:26:11 NOTICE: data/video/MHC/All/LONbP1JDep0.mp4: Can't follow symlink without -L/--copy-links
2026/08/06 08:26:11 NOTICE: data/video/MHC/All/klirgVzagPM.mp4: Can't follow symlink without -L/--copy-links
2026/08/06 08:26:11 NOTICE: data/video/MHC/All/c_7Hwq9E0NE.mp4: Can't follow symlink without -L/--copy-links
2026/08/06 08:26:11 NOTICE: data/video/MHC/All/pGumu1UDeGw.mp4: Can't follow symlink without -L/--copy-links
2026/08/06 08:26:11 NOTICE: data/video/MHC/All/fSjD_BJEvrQ.mp4: Can't follow symlink without -L/--copy-links
2026/08/06 08:26:11 NOTICE: data/video/MHC/All/UwLhLuZ3C9U.mp4: Can't follow symlink without -L/--copy-links
2026/08/06 08:26:11 NOTICE: data/video/MHC/All/lze0d5_MZmE.mp4: Can't follow symlink without -L/--copy-links
2026/08/06 08:26:11 NOTICE: data/video/MHC/All/C8VGhCg3gE0.mp4: Can't follow symlink without -L/--copy-links
2026/08/06 08:26:11 NOTICE: data/video/MHC/All/YDEsYXYlB8o.mp4: Can't follow symlink without -L/--copy-links
2026/08/06 08:26:11 NOTICE: data/video/MHC/All/dazAmRoS17Y.mp4: Can't follow symlink without -L/--copy-links
2026/08/06 08:26:11 NOTICE: data/video/MHC/All/68gvhiQVzDI.mp4: Can't follow symlink without -L/--copy-links
2026/08/06 08:26:11 NOTICE: data/video/MHC/All/yEgFUrFnc4k.mp4: Can't follow symlink without -L/--copy-links
2026/08/06 08:26:11 NOTICE: data/video/MHC/All/Hdtjslt1kTI.mp4: Can't follow symlink without -L/--copy-links
2026/08/06 08:26:11 NOTICE: data/video/MHC/All/uye-VeVA3LY.mp4: Can't follow symlink without -L/--copy-links
2026/08/06 08:26:11 NOTICE: data/video/MHC/All/1HYp_bfklBI.mp4: Can't follow symlink without -L/--copy-links
2026/08/06 08:26:11 NOTICE: data/video/MHC/All/-HhjARCqLhE.mp4: Can't follow symlink without -L/--copy-links
2026/08/06 08:26:11 NOTICE: data/video/MHC/All/T9OlXnaLiTo.mp4: Can't follow symlink without -L/--copy-links
2026/08/06 08:26:11 NOTICE: data/video/MHC/All/ndqGWFON2Dk.mp4: Can't follow symlink without -L/--copy-links
2026/08/06 08:26:11 NOTICE: data/video/MHC/All/DxcRdnzBZoo.mp4: Can't follow symlink without -L/--copy-links
2026/08/06 08:26:11 NOTICE: data/video/MHC/All/UeRqjzlI4jY.mp4: Can't follow symlink without -L/--copy-links
2026/08/06 08:26:11 NOTICE: data/video/MHC/All/pofgIFZpR7c.mp4: Can't follow symlink without -L/--copy-links
2026/08/06 08:26:11 NOTICE: data/video/MHC/All/d1s_eLvyEOY.mp4: Can't follow symlink without -L/--copy-links
2026/08/06 08:26:11 NOTICE: data/video/MHC/All/NmMrESRM134.mp4: Can't follow symlink without -L/--copy-links
2026/08/06 08:26:11 NOTICE: data/video/MHC/All/i5E3SJKTD5g.mp4: Can't follow symlink without -L/--copy-links
2026/08/06 08:26:11 NOTICE: data/video/MHC/All/43wAmNR5EBM.mp4: Can't follow symlink without -L/--copy-links
2026/08/06 08:26:11 NOTICE: data/video/MHC/All/8pEa6Jfz8bA.mp4: Can't follow symlink without -L/--copy-links
2026/08/06 08:26:11 NOTICE: data/video/MHC/All/JlRVUempEB0.mp4: Can't follow symlink without -L/--copy-links
2026/08/06 08:26:11 NOTICE: data/video/MHC/All/6tT_NoDOOsQ.mp4: Can't follow symlink without -L/--copy-links
2026/08/06 08:26:11 NOTICE: data/video/MHC/All/i1TLBkALlsE.mp4: Can't follow symlink without -L/--copy-links
2026/08/06 08:26:11 NOTICE: data/video/MHC/All/-cgm2EZcLC8.mp4: Can't follow symlink without -L/--copy-links
2026/08/06 08:26:11 NOTICE: data/video/MHC/All/jOXgjum3E-A.mp4: Can't follow symlink without -L/--copy-links
2026/08/06 08:26:11 NOTICE: data/video/MHC/All/Jocr_4Py5-U.mp4: Can't follow symlink without -L/--copy-links
2026/08/06 08:26:11 NOTICE: data/video/MHC/All/TfPv2KiLOrs.mp4: Can't follow symlink without -L/--copy-links
2026/08/06 08:26:11 NOTICE: data/video/MHC/All/ULMNmXpwQg8.mp4: Can't follow symlink without -L/--copy-links
2026/08/06 08:26:11 NOTICE: data/video/MHC/All/fPDloZIZ_xk.mp4: Can't follow symlink without -L/--copy-links
2026/08/06 08:26:11 NOTICE: data/video/MHC/All/4QP3y5JrtlU.mp4: Can't follow symlink without -L/--copy-links
2026/08/06 08:26:11 NOTICE: data/video/MHC/All/qqBqadanajY.mp4: Can't follow symlink without -L/--copy-links
2026/08/06 08:26:11 NOTICE: data/video/MHC/All/zEBmhb3qikQ.mp4: Can't follow symlink without -L/--copy-links
2026/08/06 08:26:11 NOTICE: data/video/MHC/All/WETQcPxy7y0.mp4: Can't follow symlink without -L/--copy-links
2026/08/06 08:26:11 NOTICE: data/video/MHC/All/gCIk9MfWM44.mp4: Can't follow symlink without -L/--copy-links
2026/08/06 08:26:11 NOTICE: data/video/MHC/All/sYpThqzEIVE.mp4: Can't follow symlink without -L/--copy-links
2026/08/06 08:26:11 NOTICE: data/video/MHC/All/yjNHjAZPs9Y.mp4: Can't follow symlink without -L/--copy-links
2026/08/06 08:26:11 NOTICE: data/video/MHC/All/I557gVaQ_rE.mp4: Can't follow symlink without -L/--copy-links
2026/08/06 08:26:11 NOTICE: data/video/MHC/All/uPJtlBAOT_U.mp4: Can't follow symlink without -L/--copy-links
2026/08/06 08:26:11 NOTICE: data/video/MHC/All/4KGV-_zXj14.mp4: Can't follow symlink without -L/--copy-links
2026/08/06 08:26:11 NOTICE: data/video/MHC/All/KO7VtYzDy2M.mp4: Can't follow symlink without -L/--copy-links
2026/08/06 08:26:11 NOTICE: data/video/MHC/All/xqgjkn3uh0w.mp4: Can't follow symlink without -L/--copy-links
2026/08/06 08:26:11 NOTICE: data/video/MHC/All/fzFdxJSUvNo.mp4: Can't follow symlink without -L/--copy-links
2026/08/06 08:26:11 NOTICE: data/video/MHC/All/rlJYN0JNSJs.mp4: Can't follow symlink without -L/--copy-links
2026/08/06 08:26:11 NOTICE: data/video/MHC/All/8G6jryooPXY.mp4: Can't follow symlink without -L/--copy-links
2026/08/06 08:26:11 NOTICE: data/video/MHC/All/j_foVftOOs4.mp4: Can't follow symlink without -L/--copy-links
2026/08/06 08:26:11 NOTICE: data/video/MHC/All/90eY2NKYmzM.mp4: Can't follow symlink without -L/--copy-links
2026/08/06 08:26:11 NOTICE: data/video/MHC/All/us7_-V0ufC4.mp4: Can't follow symlink without -L/--copy-links
2026/08/06 08:26:11 NOTICE: data/video/MHC/All/ga1r2cweP80.mp4: Can't follow symlink without -L/--copy-links
2026/08/06 08:26:11 NOTICE: data/video/MHC/All/35ptr5z4bOQ.mp4: Can't follow symlink without -L/--copy-links
2026/08/06 08:26:11 NOTICE: data/video/MHC/All/u8hXM66USy8.mp4: Can't follow symlink without -L/--copy-links
2026/08/06 08:26:11 NOTICE: data/video/MHC/All/FPJEPj9bPM0.mp4: Can't follow symlink without -L/--copy-links
2026/08/06 08:26:11 NOTICE: data/video/MHC/All/YdRuekAOX-Y.mp4: Can't follow symlink without -L/--copy-links
2026/08/06 08:26:11 NOTICE: data/video/MHC/All/S8JYqfUN13Q.mp4: Can't follow symlink without -L/--copy-links
2026/08/06 08:26:11 NOTICE: data/video/MHC/All/cYQyH7hbNnw.mp4: Can't follow symlink without -L/--copy-links
2026/08/06 08:26:11 NOTICE: data/video/MHC/All/KDcCiUU8q5E.mp4: Can't follow symlink without -L/--copy-links
2026/08/06 08:26:11 NOTICE: data/video/MHC/All/suVF3Skd0bo.mp4: Can't follow symlink without -L/--copy-links
2026/08/06 08:26:11 NOTICE: data/video/MHC/All/9Fd8Gv_A2V4.mp4: Can't follow symlink without -L/--copy-links
2026/08/06 08:26:11 NOTICE: data/video/MHC/All/ZlLYK7YUkgk.mp4: Can't follow symlink without -L/--copy-links
2026/08/06 08:26:11 NOTICE: data/video/MHC/All/OMSByZ-o3Ww.mp4: Can't follow symlink without -L/--copy-links
2026/08/06 08:26:11 NOTICE: data/video/MHC/All/01ygFLVdj8s.mp4: Can't follow symlink without -L/--copy-links
2026/08/06 08:26:11 NOTICE: data/video/MHC/All/ltuGQ7RBmEU.mp4: Can't follow symlink without -L/--copy-links
2026/08/06 08:26:11 NOTICE: data/video/MHC/All/zNax7GDZl0g.mp4: Can't follow symlink without -L/--copy-links
2026/08/06 08:26:11 NOTICE: data/video/MHC/All/0cQfCBk2Ms0.mp4: Can't follow symlink without -L/--copy-links
2026/08/06 08:26:11 NOTICE: data/video/MHC/All/zvqFZAYn4fg.mp4: Can't follow symlink without -L/--copy-links
2026/08/06 08:26:11 NOTICE: data/video/MHC/All/IahCMMYyy4w.mp4: Can't follow symlink without -L/--copy-links
2026/08/06 08:26:11 NOTICE: data/video/MHC/All/LMOHDiG5XQg.mp4: Can't follow symlink without -L/--copy-links
2026/08/06 08:26:11 NOTICE: data/video/MHC/All/MLLpat4uIhk.mp4: Can't follow symlink without -L/--copy-links
2026/08/06 08:26:11 NOTICE: data/video/MHC/All/B0HFN9lqM6o.mp4: Can't follow symlink without -L/--copy-links
2026/08/06 08:26:11 NOTICE: data/video/MHC/All/xqilG4oMvvI.mp4: Can't follow symlink without -L/--copy-links
2026/08/06 08:26:11 NOTICE: data/video/MHC/All/EEC98aHSgIY.mp4: Can't follow symlink without -L/--copy-links
2026/08/06 08:26:11 NOTICE: data/video/MHC/All/cXRgVEENkPA.mp4: Can't follow symlink without -L/--copy-links
2026/08/06 08:26:11 NOTICE: data/video/MHC/All/zh8HoJ0IDUY.mp4: Can't follow symlink without -L/--copy-links
2026/08/06 08:26:11 NOTICE: data/video/MHC/All/AaNb5fHAZxc.mp4: Can't follow symlink without -L/--copy-links
2026/08/06 08:26:11 NOTICE: data/video/MHC/All/lzKJ_AWegCc.mp4: Can't follow symlink without -L/--copy-links
2026/08/06 08:26:11 NOTICE: data/video/MHC/All/4TTf2oVQQhM.mp4: Can't follow symlink without -L/--copy-links
2026/08/06 08:26:11 NOTICE: data/video/MHC/All/FVmB8_eI3uA.mp4: Can't follow symlink without -L/--copy-links
2026/08/06 08:26:11 NOTICE: data/video/MHC/All/x69_QIsFXuU.mp4: Can't follow symlink without -L/--copy-links
2026/08/06 08:26:11 NOTICE: data/video/MHC/All/CdeJBx1r6qY.mp4: Can't follow symlink without -L/--copy-links
2026/08/06 08:26:11 NOTICE: data/video/MHC/All/JzPjPMgiBSU.mp4: Can't follow symlink without -L/--copy-links
2026/08/06 08:26:11 NOTICE: data/video/MHC/All/8zLoOqXvk64.mp4: Can't follow symlink without -L/--copy-links
2026/08/06 08:26:11 NOTICE: data/video/MHC/All/FuXd3OYtlQU.mp4: Can't follow symlink without -L/--copy-links
2026/08/06 08:26:11 NOTICE: data/video/MHC/All/sVA-q76vNBo.mp4: Can't follow symlink without -L/--copy-links
2026/08/06 08:26:11 NOTICE: data/video/MHC/All/2NVIA_WFoWg.mp4: Can't follow symlink without -L/--copy-links
2026/08/06 08:26:11 NOTICE: data/video/MHC/All/j6tCb7d_py4.mp4: Can't follow symlink without -L/--copy-links
2026/08/06 08:26:11 NOTICE: data/video/MHC/All/eVCfklm-Lr4.mp4: Can't follow symlink without -L/--copy-links
2026/08/06 08:26:11 NOTICE: data/video/MHC/All/R3Xt1__7TwQ.mp4: Can't follow symlink without -L/--copy-links
2026/08/06 08:26:11 NOTICE: data/video/MHC/All/AJWo6Xl3PD4.mp4: Can't follow symlink without -L/--copy-links
2026/08/06 08:26:11 NOTICE: data/video/MHC/All/_qldaPBgkk0.mp4: Can't follow symlink without -L/--copy-links
2026/08/06 08:26:11 NOTICE: data/video/MHC/All/6EL3gDMlve4.mp4: Can't follow symlink without -L/--copy-links
2026/08/06 08:26:11 NOTICE: data/video/MHC/All/IFP0l5EUO70.mp4: Can't follow symlink without -L/--copy-links
2026/08/06 08:26:11 NOTICE: data/video/MHC/All/Kd_3R1H4YoU.mp4: Can't follow symlink without -L/--copy-links
2026/08/06 08:26:11 NOTICE: data/video/MHC/All/N68vmAE5s_g.mp4: Can't follow symlink without -L/--copy-links
2026/08/06 08:26:11 NOTICE: data/video/MHC/All/6IZVj1joK6Q.mp4: Can't follow symlink without -L/--copy-links
2026/08/06 08:26:11 NOTICE: data/video/MHC/All/jEdH8-AZ3aU.mp4: Can't follow symlink without -L/--copy-links
2026/08/06 08:26:11 NOTICE: data/video/MHC/All/EwWb0HDH3Ag.mp4: Can't follow symlink without -L/--copy-links
2026/08/06 08:26:11 NOTICE: data/video/MHC/All/pVGBplnEhl4.mp4: Can't follow symlink without -L/--copy-links
2026/08/06 08:26:11 NOTICE: data/video/MHC/All/zQcti8IVngQ.mp4: Can't follow symlink without -L/--copy-links
2026/08/06 08:26:11 NOTICE: data/video/MHC/All/9Utc_ujZSx4.mp4: Can't follow symlink without -L/--copy-links
2026/08/06 08:26:11 NOTICE: data/video/MHC/All/MvB-lgB8jRo.mp4: Can't follow symlink without -L/--copy-links
2026/08/06 08:26:11 NOTICE: data/video/MHC/All/8Q_G8n049yM.mp4: Can't follow symlink without -L/--copy-links
2026/08/06 08:26:11 NOTICE: data/video/MHC/All/RAGvPqMoW-4.mp4: Can't follow symlink without -L/--copy-links
2026/08/06 08:26:11 NOTICE: data/video/MHC/All/ogsMoRZXFuk.mp4: Can't follow symlink without -L/--copy-links
2026/08/06 08:26:11 NOTICE: data/video/MHC/All/h_wKRDyoG_c.mp4: Can't follow symlink without -L/--copy-links
2026/08/06 08:26:11 NOTICE: data/video/MHC/All/hYyxxngdwRY.mp4: Can't follow symlink without -L/--copy-links
2026/08/06 08:26:11 NOTICE: data/video/MHC/All/CChPIZ7vOzY.mp4: Can't follow symlink without -L/--copy-links
2026/08/06 08:26:11 NOTICE: data/video/MHC/All/VCLZPcfJrjc.mp4: Can't follow symlink without -L/--copy-links
2026/08/06 08:26:11 NOTICE: data/video/MHC/All/AtE-wavoBkY.mp4: Can't follow symlink without -L/--copy-links
2026/08/06 08:26:11 NOTICE: data/video/MHC/All/lnsoi9nh8LI.mp4: Can't follow symlink without -L/--copy-links
2026/08/06 08:26:11 NOTICE: data/video/MHC/All/afzExEHISB4.mp4: Can't follow symlink without -L/--copy-links
2026/08/06 08:26:11 NOTICE: data/video/MHC/All/Z4xwQ4SRUAs.mp4: Can't follow symlink without -L/--copy-links
2026/08/06 08:26:11 NOTICE: data/video/MHC/All/gPSs769EvLQ.mp4: Can't follow symlink without -L/--copy-links
2026/08/06 08:26:11 NOTICE: data/video/MHC/All/sXirjIds0Dk.mp4: Can't follow symlink without -L/--copy-links
2026/08/06 08:26:11 NOTICE: data/video/MHC/All/UEsC4gjQUMw.mp4: Can't follow symlink without -L/--copy-links
2026/08/06 08:26:11 NOTICE: data/video/MHC/All/pCKGKSEPG_4.mp4: Can't follow symlink without -L/--copy-links
2026/08/06 08:26:11 NOTICE: data/video/MHC/All/HO8ndDCRe_A.mp4: Can't follow symlink without -L/--copy-links
2026/08/06 08:26:11 NOTICE: data/video/MHC/All/L3yvq4Q0A5I.mp4: Can't follow symlink without -L/--copy-links
2026/08/06 08:26:11 NOTICE: data/video/MHC/All/ZI_jbZWzW1A.mp4: Can't follow symlink without -L/--copy-links
2026/08/06 08:26:11 NOTICE: data/video/MHC/All/gnDhz9NQP7s.mp4: Can't follow symlink without -L/--copy-links
2026/08/06 08:26:11 NOTICE: data/video/MHC/All/dtyQhHPShtQ.mp4: Can't follow symlink without -L/--copy-links
2026/08/06 08:26:11 NOTICE: data/video/MHC/All/ko0Ub2dTh-U.mp4: Can't follow symlink without -L/--copy-links
2026/08/06 08:26:11 NOTICE: data/video/MHC/All/tjqpB_PPGPo.mp4: Can't follow symlink without -L/--copy-links
2026/08/06 08:26:11 NOTICE: data/video/MHC/All/TvuSOkN7OrM.mp4: Can't follow symlink without -L/--copy-links
2026/08/06 08:26:11 NOTICE: data/video/MHC/All/vQ9wQego_8A.mp4: Can't follow symlink without -L/--copy-links
2026/08/06 08:26:11 NOTICE: data/video/MHC/All/dK43yHIUMKA.mp4: Can't follow symlink without -L/--copy-links
2026/08/06 08:26:11 NOTICE: data/video/MHC/All/cFieP70WDRc.mp4: Can't follow symlink without -L/--copy-links
2026/08/06 08:26:11 NOTICE: data/video/MHC/All/5aBoXKjdSXE.mp4: Can't follow symlink without -L/--copy-links
2026/08/06 08:26:11 NOTICE: data/video/MHC/All/lUSBN2p04iA.mp4: Can't follow symlink without -L/--copy-links
2026/08/06 08:26:11 NOTICE: data/video/MHC/All/pDa1bXEsGaM.mp4: Can't follow symlink without -L/--copy-links
2026/08/06 08:26:11 NOTICE: data/video/MHC/All/qLa59rRqxaE.mp4: Can't follow symlink without -L/--copy-links
2026/08/06 08:26:11 NOTICE: data/video/MHC/All/P9zJKqrSclM.mp4: Can't follow symlink without -L/--copy-links
2026/08/06 08:26:11 NOTICE: data/video/MHC/All/pOV_1-vWVrE.mp4: Can't follow symlink without -L/--copy-links
2026/08/06 08:26:11 NOTICE: data/video/MHC/All/8E3cYSx7-iw.mp4: Can't follow symlink without -L/--copy-links
2026/08/06 08:26:11 NOTICE: data/video/MHC/All/1mVlHrkpcKQ.mp4: Can't follow symlink without -L/--copy-links
2026/08/06 08:26:11 NOTICE: data/video/MHC/All/rpI_ys_Jy1U.mp4: Can't follow symlink without -L/--copy-links
2026/08/06 08:26:11 NOTICE: data/video/MHC/All/qFnOYeOmPFQ.mp4: Can't follow symlink without -L/--copy-links
2026/08/06 08:26:11 NOTICE: data/video/MHC/All/msWtrZSVUis.mp4: Can't follow symlink without -L/--copy-links
2026/08/06 08:26:11 NOTICE: data/video/MHC/All/eEbGvqzYVxU.mp4: Can't follow symlink without -L/--copy-links
2026/08/06 08:26:11 NOTICE: data/video/MHC/All/BwoLkMTngDE.mp4: Can't follow symlink without -L/--copy-links
2026/08/06 08:26:11 NOTICE: data/video/MHC/All/03qOelm_dK8.mp4: Can't follow symlink without -L/--copy-links
2026/08/06 08:26:11 NOTICE: data/video/MHC/All/tTJvScuxpZ4.mp4: Can't follow symlink without -L/--copy-links
2026/08/06 08:26:12 NOTICE: data/video/MHC_zh/All/BV1f8411b7Xz.mp4: Can't follow symlink without -L/--copy-links
2026/08/06 08:26:12 NOTICE: data/video/MHC_zh/All/BV1em4y1B7bQ.mp4: Can't follow symlink without -L/--copy-links
2026/08/06 08:26:12 NOTICE: data/video/MHC_zh/All/BV1FN41167Ei.mp4: Can't follow symlink without -L/--copy-links
2026/08/06 08:26:12 NOTICE: data/video/MHC_zh/All/BV1vQ4y1J7ZL.mp4: Can't follow symlink without -L/--copy-links
2026/08/06 08:26:12 NOTICE: data/video/MHC_zh/All/BV1Hv41147NT.mp4: Can't follow symlink without -L/--copy-links
2026/08/06 08:26:12 NOTICE: data/video/MHC_zh/All/BV16v4y1j7xk.mp4: Can't follow symlink without -L/--copy-links
2026/08/06 08:26:12 NOTICE: data/video/MHC_zh/All/BV1YW4y127gs.mp4: Can't follow symlink without -L/--copy-links
2026/08/06 08:26:12 NOTICE: data/video/MHC_zh/All/BV11P411x729.mp4: Can't follow symlink without -L/--copy-links
2026/08/06 08:26:12 NOTICE: data/video/MHC_zh/All/BV1YA411r78E.mp4: Can't follow symlink without -L/--copy-links
2026/08/06 08:26:12 NOTICE: data/video/MHC_zh/All/BV1By4y1N74T.mp4: Can't follow symlink without -L/--copy-links
2026/08/06 08:26:12 NOTICE: data/video/MHC_zh/All/BV1od4y1J7DX.mp4: Can't follow symlink without -L/--copy-links
2026/08/06 08:26:12 NOTICE: data/video/MHC_zh/All/BV1NM41137FM.mp4: Can't follow symlink without -L/--copy-links
2026/08/06 08:26:12 NOTICE: data/video/MHC_zh/All/BV1oT4y1b7fT.mp4: Can't follow symlink without -L/--copy-links
2026/08/06 08:26:12 NOTICE: data/video/MHC_zh/All/BV18v4y187td.mp4: Can't follow symlink without -L/--copy-links
2026/08/06 08:26:12 NOTICE: data/video/MHC_zh/All/BV1Mi4y1u7WX.mp4: Can't follow symlink without -L/--copy-links
2026/08/06 08:26:12 NOTICE: data/video/MHC_zh/All/BV1YQ4y1C7gV.mp4: Can't follow symlink without -L/--copy-links
2026/08/06 08:26:12 NOTICE: data/video/MHC_zh/All/BV1Uh411p7nE.mp4: Can't follow symlink without -L/--copy-links
2026/08/06 08:26:12 NOTICE: data/video/MHC_zh/All/BV1sQ4y1f7vn.mp4: Can't follow symlink without -L/--copy-links
2026/08/06 08:26:12 NOTICE: data/video/MHC_zh/All/BV1zu41117e3.mp4: Can't follow symlink without -L/--copy-links
2026/08/06 08:26:12 NOTICE: data/video/MHC_zh/All/BV1fp4y1M7HW.mp4: Can't follow symlink without -L/--copy-links
2026/08/06 08:26:12 NOTICE: data/video/MHC_zh/All/BV1Lf4y1f7a3.mp4: Can't follow symlink without -L/--copy-links
2026/08/06 08:26:12 NOTICE: data/video/MHC_zh/All/BV1ka4y1m7Ti.mp4: Can't follow symlink without -L/--copy-links
2026/08/06 08:26:12 NOTICE: data/video/MHC_zh/All/BV1VC4y1H73M.mp4: Can't follow symlink without -L/--copy-links
2026/08/06 08:26:12 NOTICE: data/video/MHC_zh/All/BV1Rw411T76e.mp4: Can't follow symlink without -L/--copy-links
2026/08/06 08:26:12 NOTICE: data/video/MHC_zh/All/BV1xZ4y117VY.mp4: Can't follow symlink without -L/--copy-links
2026/08/06 08:26:12 NOTICE: data/video/MHC_zh/All/BV1FY411u7Je.mp4: Can't follow symlink without -L/--copy-links
2026/08/06 08:26:12 NOTICE: data/video/MHC_zh/All/BV1ru411X7TR.mp4: Can't follow symlink without -L/--copy-links
2026/08/06 08:26:12 NOTICE: data/video/MHC_zh/All/BV1yq4y1D7mz.mp4: Can't follow symlink without -L/--copy-links
2026/08/06 08:26:12 NOTICE: data/video/MHC_zh/All/BV11N411v7pX.mp4: Can't follow symlink without -L/--copy-links
2026/08/06 08:26:12 NOTICE: data/video/MHC_zh/All/BV19T411379q.mp4: Can't follow symlink without -L/--copy-links
2026/08/06 08:26:12 NOTICE: data/video/MHC_zh/All/BV19m4y1b7UC.mp4: Can't follow symlink without -L/--copy-links
2026/08/06 08:26:12 NOTICE: data/video/MHC_zh/All/BV1AT411t7wB.mp4: Can't follow symlink without -L/--copy-links
2026/08/06 08:26:12 NOTICE: data/video/MHC_zh/All/BV1EC4y1S7Ht.mp4: Can't follow symlink without -L/--copy-links
2026/08/06 08:26:12 NOTICE: data/video/MHC_zh/All/BV1Hg41147vd.mp4: Can't follow symlink without -L/--copy-links
2026/08/06 08:26:12 NOTICE: data/video/MHC_zh/All/BV14K411t7QQ.mp4: Can't follow symlink without -L/--copy-links
2026/08/06 08:26:12 NOTICE: data/video/MHC_zh/All/BV1g8411Z791.mp4: Can't follow symlink without -L/--copy-links
2026/08/06 08:26:12 NOTICE: data/video/MHC_zh/All/BV1Rs411u7EH.mp4: Can't follow symlink without -L/--copy-links
2026/08/06 08:26:12 NOTICE: data/video/MHC_zh/All/BV1H94y1C7U7.mp4: Can't follow symlink without -L/--copy-links
2026/08/06 08:26:12 NOTICE: data/video/MHC_zh/All/BV1rq4y177j1.mp4: Can't follow symlink without -L/--copy-links
2026/08/06 08:26:12 NOTICE: data/video/MHC_zh/All/BV1Yt411T7Fr.mp4: Can't follow symlink without -L/--copy-links
2026/08/06 08:26:12 NOTICE: data/video/MHC_zh/All/BV1ec411i7DD.mp4: Can't follow symlink without -L/--copy-links
2026/08/06 08:26:12 NOTICE: data/video/MHC_zh/All/BV1184y1Y7he.mp4: Can't follow symlink without -L/--copy-links
2026/08/06 08:26:12 NOTICE: data/video/MHC_zh/All/BV1Ug411K7Ps.mp4: Can't follow symlink without -L/--copy-links
2026/08/06 08:26:12 NOTICE: data/video/MHC_zh/All/BV1jp4y1m7sE.mp4: Can't follow symlink without -L/--copy-links
2026/08/06 08:26:12 NOTICE: data/video/MHC_zh/All/BV1jT4y1j7P6.mp4: Can't follow symlink without -L/--copy-links
2026/08/06 08:26:12 NOTICE: data/video/MHC_zh/All/BV1gc411m7cN.mp4: Can't follow symlink without -L/--copy-links
2026/08/06 08:26:12 NOTICE: data/video/MHC_zh/All/BV1fb4y197W1.mp4: Can't follow symlink without -L/--copy-links
2026/08/06 08:26:12 NOTICE: data/video/MHC_zh/All/BV1BL4y1e744.mp4: Can't follow symlink without -L/--copy-links
2026/08/06 08:26:12 NOTICE: data/video/MHC_zh/All/BV1SM41117HN.mp4: Can't follow symlink without -L/--copy-links
2026/08/06 08:26:12 NOTICE: data/video/MHC_zh/All/BV1914y1L7pm.mp4: Can't follow symlink without -L/--copy-links
2026/08/06 08:26:12 NOTICE: data/video/MHC_zh/All/BV18D4y1s7kM.mp4: Can't follow symlink without -L/--copy-links
2026/08/06 08:26:12 NOTICE: data/video/MHC_zh/All/BV1yK421C7j2.mp4: Can't follow symlink without -L/--copy-links
2026/08/06 08:26:12 NOTICE: data/video/MHC_zh/All/BV1iW411V7pN.mp4: Can't follow symlink without -L/--copy-links
2026/08/06 08:26:12 NOTICE: data/video/MHC_zh/All/BV1Cg4y1174P.mp4: Can't follow symlink without -L/--copy-links
2026/08/06 08:26:12 NOTICE: data/video/MHC_zh/All/BV1rh411y7gS.mp4: Can't follow symlink without -L/--copy-links
2026/08/06 08:26:12 NOTICE: data/video/MHC_zh/All/BV12V411N7ti.mp4: Can't follow symlink without -L/--copy-links
2026/08/06 08:26:12 NOTICE: data/video/MHC_zh/All/BV17a4y1o75B.mp4: Can't follow symlink without -L/--copy-links
2026/08/06 08:26:12 NOTICE: data/video/MHC_zh/All/BV1sP41167zR.mp4: Can't follow symlink without -L/--copy-links
2026/08/06 08:26:12 NOTICE: data/video/MHC_zh/All/BV1AT411y7ER.mp4: Can't follow symlink without -L/--copy-links
2026/08/06 08:26:12 NOTICE: data/video/MHC_zh/All/BV1tG411r7bD.mp4: Can't follow symlink without -L/--copy-links
2026/08/06 08:26:12 NOTICE: data/video/MHC_zh/All/BV1nQ4y1A7Dy.mp4: Can't follow symlink without -L/--copy-links
2026/08/06 08:26:12 NOTICE: data/video/MHC_zh/All/BV1ic411t7aJ.mp4: Can't follow symlink without -L/--copy-links
2026/08/06 08:26:12 NOTICE: data/video/MHC_zh/All/BV1Qj411a7wg.mp4: Can't follow symlink without -L/--copy-links
2026/08/06 08:26:12 NOTICE: data/video/MHC_zh/All/BV1qV4y1F7cQ.mp4: Can't follow symlink without -L/--copy-links
2026/08/06 08:26:12 NOTICE: data/video/MHC_zh/All/BV17C4y127hS.mp4: Can't follow symlink without -L/--copy-links
2026/08/06 08:26:12 NOTICE: data/video/MHC_zh/All/BV1yA4y197TA.mp4: Can't follow symlink without -L/--copy-links
2026/08/06 08:26:12 NOTICE: data/video/MHC_zh/All/BV19K4y1U7s8.mp4: Can't follow symlink without -L/--copy-links
2026/08/06 08:26:12 NOTICE: data/video/MHC_zh/All/BV1LW4y1J7eY.mp4: Can't follow symlink without -L/--copy-links
2026/08/06 08:26:12 NOTICE: data/video/MHC_zh/All/BV1We411D7sc.mp4: Can't follow symlink without -L/--copy-links
2026/08/06 08:26:12 NOTICE: data/video/MHC_zh/All/BV1mG411W753.mp4: Can't follow symlink without -L/--copy-links
2026/08/06 08:26:12 NOTICE: data/video/MHC_zh/All/BV16M4y1c7eo.mp4: Can't follow symlink without -L/--copy-links
2026/08/06 08:26:12 NOTICE: data/video/MHC_zh/All/BV1wj411h7ZN.mp4: Can't follow symlink without -L/--copy-links
2026/08/06 08:26:12 NOTICE: data/video/MHC_zh/All/BV1dR4y1F78e.mp4: Can't follow symlink without -L/--copy-links
2026/08/06 08:26:12 NOTICE: data/video/MHC_zh/All/BV1dm4y1r7Yn.mp4: Can't follow symlink without -L/--copy-links
2026/08/06 08:26:12 NOTICE: data/video/MHC_zh/All/BV14x4y1X7FG.mp4: Can't follow symlink without -L/--copy-links
2026/08/06 08:26:12 NOTICE: data/video/MHC_zh/All/BV1GK4y137t4.mp4: Can't follow symlink without -L/--copy-links
2026/08/06 08:26:12 NOTICE: data/video/MHC_zh/All/BV1B94y1F7uj.mp4: Can't follow symlink without -L/--copy-links
2026/08/06 08:26:12 NOTICE: data/video/MHC_zh/All/BV1hB4y1t7Au.mp4: Can't follow symlink without -L/--copy-links
2026/08/06 08:26:12 NOTICE: data/video/MHC_zh/All/BV1Um4y1G7Dy.mp4: Can't follow symlink without -L/--copy-links
2026/08/06 08:26:12 NOTICE: data/video/MHC_zh/All/BV1tP4y1b7NN.mp4: Can't follow symlink without -L/--copy-links
2026/08/06 08:26:12 NOTICE: data/video/MHC_zh/All/BV1qv4y1v7uo.mp4: Can't follow symlink without -L/--copy-links
2026/08/06 08:26:12 NOTICE: data/video/MHC_zh/All/BV1eT4y1r73n.mp4: Can't follow symlink without -L/--copy-links
2026/08/06 08:26:12 NOTICE: data/video/MHC_zh/All/BV1US4y1k7tq.mp4: Can't follow symlink without -L/--copy-links
2026/08/06 08:26:12 NOTICE: data/video/MHC_zh/All/BV1Md4y1f7dn.mp4: Can't follow symlink without -L/--copy-links
2026/08/06 08:26:12 NOTICE: data/video/MHC_zh/All/BV1mQ4y1r7GD.mp4: Can't follow symlink without -L/--copy-links
2026/08/06 08:26:12 NOTICE: data/video/MHC_zh/All/BV1mp4y1E7QP.mp4: Can't follow symlink without -L/--copy-links
2026/08/06 08:26:12 NOTICE: data/video/MHC_zh/All/BV11K4y1R733.mp4: Can't follow symlink without -L/--copy-links
2026/08/06 08:26:12 NOTICE: data/video/MHC_zh/All/BV1ca4y1e7ud.mp4: Can't follow symlink without -L/--copy-links
2026/08/06 08:26:12 NOTICE: data/video/MHC_zh/All/BV16o4y1X7BL.mp4: Can't follow symlink without -L/--copy-links
2026/08/06 08:26:12 NOTICE: data/video/MHC_zh/All/BV1VG411o7NR.mp4: Can't follow symlink without -L/--copy-links
2026/08/06 08:26:12 NOTICE: data/video/MHC_zh/All/BV1Jp4y1R7Au.mp4: Can't follow symlink without -L/--copy-links
2026/08/06 08:26:12 NOTICE: data/video/MHC_zh/All/BV1v94y1u7nj.mp4: Can't follow symlink without -L/--copy-links
2026/08/06 08:26:12 NOTICE: data/video/MHC_zh/All/BV17a411q7Ei.mp4: Can't follow symlink without -L/--copy-links
2026/08/06 08:26:12 NOTICE: data/video/MHC_zh/All/BV1t2421w7n9.mp4: Can't follow symlink without -L/--copy-links
2026/08/06 08:26:12 NOTICE: data/video/MHC_zh/All/BV1FG411j7YT.mp4: Can't follow symlink without -L/--copy-links
2026/08/06 08:26:12 NOTICE: data/video/MHC_zh/All/BV1D44y1t7sc.mp4: Can't follow symlink without -L/--copy-links
2026/08/06 08:26:12 NOTICE: data/video/MHC_zh/All/BV11T411x7HG.mp4: Can't follow symlink without -L/--copy-links
2026/08/06 08:26:12 NOTICE: data/video/MHC_zh/All/BV1pv4y1a71S.mp4: Can't follow symlink without -L/--copy-links
2026/08/06 08:26:12 NOTICE: data/video/MHC_zh/All/BV1aw411y75E.mp4: Can't follow symlink without -L/--copy-links
2026/08/06 08:26:12 NOTICE: data/video/MHC_zh/All/BV1Cz4y1g7qg.mp4: Can't follow symlink without -L/--copy-links
2026/08/06 08:26:12 NOTICE: data/video/MHC_zh/All/BV1pc411y7qs.mp4: Can't follow symlink without -L/--copy-links
2026/08/06 08:26:12 NOTICE: data/video/MHC_zh/All/BV13K4y1x7bQ.mp4: Can't follow symlink without -L/--copy-links
2026/08/06 08:26:12 NOTICE: data/video/MHC_zh/All/BV16W4y1b7r3.mp4: Can't follow symlink without -L/--copy-links
2026/08/06 08:26:12 NOTICE: data/video/MHC_zh/All/BV18s4y1N7WZ.mp4: Can't follow symlink without -L/--copy-links
2026/08/06 08:26:12 NOTICE: data/video/MHC_zh/All/BV1Jm4y1G7fx.mp4: Can't follow symlink without -L/--copy-links
2026/08/06 08:26:12 NOTICE: data/video/MHC_zh/All/BV1go4y1J7MX.mp4: Can't follow symlink without -L/--copy-links
2026/08/06 08:26:12 NOTICE: data/video/MHC_zh/All/BV1vo4y1b71W.mp4: Can't follow symlink without -L/--copy-links
2026/08/06 08:26:12 NOTICE: data/video/MHC_zh/All/BV1tC4y187C9.mp4: Can't follow symlink without -L/--copy-links
2026/08/06 08:26:12 NOTICE: data/video/MHC_zh/All/BV1cb411Q7c7.mp4: Can't follow symlink without -L/--copy-links
2026/08/06 08:26:12 NOTICE: data/video/MHC_zh/All/BV1q54y1u73X.mp4: Can't follow symlink without -L/--copy-links
2026/08/06 08:26:12 NOTICE: data/video/MHC_zh/All/BV1bg4y1Z7ht.mp4: Can't follow symlink without -L/--copy-links
2026/08/06 08:26:12 NOTICE: data/video/MHC_zh/All/BV1Yo4y1A7G2.mp4: Can't follow symlink without -L/--copy-links
2026/08/06 08:26:12 NOTICE: data/video/MHC_zh/All/BV1MN411Z7Ra.mp4: Can't follow symlink without -L/--copy-links
2026/08/06 08:26:12 NOTICE: data/video/MHC_zh/All/BV1Cc411w7vA.mp4: Can't follow symlink without -L/--copy-links
2026/08/06 08:26:12 NOTICE: data/video/MHC_zh/All/BV1GB4y16758.mp4: Can't follow symlink without -L/--copy-links
2026/08/06 08:26:12 NOTICE: data/video/MHC_zh/All/BV1C84y1J7LA.mp4: Can't follow symlink without -L/--copy-links
2026/08/06 08:26:12 NOTICE: data/video/MHC_zh/All/BV1ug411W74C.mp4: Can't follow symlink without -L/--copy-links
2026/08/06 08:26:12 NOTICE: data/video/MHC_zh/All/BV1ig4y1A7uq.mp4: Can't follow symlink without -L/--copy-links
2026/08/06 08:26:12 NOTICE: data/video/MHC_zh/All/BV11o4y187gX.mp4: Can't follow symlink without -L/--copy-links
2026/08/06 08:26:12 NOTICE: data/video/MHC_zh/All/BV1ca4y157Pi.mp4: Can't follow symlink without -L/--copy-links
2026/08/06 08:26:12 NOTICE: data/video/MHC_zh/All/BV1PK4y1B7BF.mp4: Can't follow symlink without -L/--copy-links
2026/08/06 08:26:12 NOTICE: data/video/MHC_zh/All/BV1Ro4y1q7Jo.mp4: Can't follow symlink without -L/--copy-links
2026/08/06 08:26:12 NOTICE: data/video/MHC_zh/All/BV1J3411B7Ag.mp4: Can't follow symlink without -L/--copy-links
2026/08/06 08:26:12 NOTICE: data/video/MHC_zh/All/BV1U54y1U7Ho.mp4: Can't follow symlink without -L/--copy-links
2026/08/06 08:26:12 NOTICE: data/video/MHC_zh/All/BV1b84y197NJ.mp4: Can't follow symlink without -L/--copy-links
2026/08/06 08:26:12 NOTICE: data/video/MHC_zh/All/BV1964y1J7pE.mp4: Can't follow symlink without -L/--copy-links
2026/08/06 08:26:12 NOTICE: data/video/MHC_zh/All/BV1fg4y1x7Xt.mp4: Can't follow symlink without -L/--copy-links
2026/08/06 08:26:12 NOTICE: data/video/MHC_zh/All/BV1tf4y1U77w.mp4: Can't follow symlink without -L/--copy-links
2026/08/06 08:26:12 NOTICE: data/video/MHC_zh/All/BV1ss411f7Vx.mp4: Can't follow symlink without -L/--copy-links
2026/08/06 08:26:12 NOTICE: data/video/MHC_zh/All/BV1zm41197YD.mp4: Can't follow symlink without -L/--copy-links
2026/08/06 08:26:12 NOTICE: data/video/MHC_zh/All/BV1gT4y1Y7WY.mp4: Can't follow symlink without -L/--copy-links
2026/08/06 08:26:12 NOTICE: data/video/MHC_zh/All/BV1RW4y1A7i6.mp4: Can't follow symlink without -L/--copy-links
2026/08/06 08:26:12 NOTICE: data/video/MHC_zh/All/BV1rV4y167VC.mp4: Can't follow symlink without -L/--copy-links
2026/08/06 08:26:12 NOTICE: data/video/MHC_zh/All/BV17341127LR.mp4: Can't follow symlink without -L/--copy-links
2026/08/06 08:26:12 NOTICE: data/video/MHC_zh/All/BV1Fi42117Sj.mp4: Can't follow symlink without -L/--copy-links
2026/08/06 08:26:12 NOTICE: data/video/MHC_zh/All/BV1sr4y1A7x7.mp4: Can't follow symlink without -L/--copy-links
2026/08/06 08:26:12 NOTICE: data/video/MHC_zh/All/BV1EN411E7Dy.mp4: Can't follow symlink without -L/--copy-links
2026/08/06 08:26:12 NOTICE: data/video/MHC_zh/All/BV1At411a71T.mp4: Can't follow symlink without -L/--copy-links
2026/08/06 08:26:12 NOTICE: data/video/MHC_zh/All/BV1i34y1n7VT.mp4: Can't follow symlink without -L/--copy-links
2026/08/06 08:26:12 NOTICE: data/video/MHC_zh/All/BV1jh4y1E7yZ.mp4: Can't follow symlink without -L/--copy-links
2026/08/06 08:26:12 NOTICE: data/video/MHC_zh/All/BV1aj411a7N8.mp4: Can't follow symlink without -L/--copy-links
2026/08/06 08:26:12 NOTICE: data/video/MHC_zh/All/BV1de41127of.mp4: Can't follow symlink without -L/--copy-links
2026/08/06 08:26:12 NOTICE: data/video/MHC_zh/All/BV1oq4y1X7bV.mp4: Can't follow symlink without -L/--copy-links
2026/08/06 08:26:12 NOTICE: data/video/MHC_zh/All/BV1zT4y1b7d7.mp4: Can't follow symlink without -L/--copy-links
2026/08/06 08:26:12 NOTICE: data/video/MHC_zh/All/BV1Xa4y1u7Bq.mp4: Can't follow symlink without -L/--copy-links
2026/08/06 08:26:12 NOTICE: data/video/MHC_zh/All/BV1y8411o7Gc.mp4: Can't follow symlink without -L/--copy-links
2026/08/06 08:26:12 NOTICE: data/video/MHC_zh/All/BV1Js4y1z7fR.mp4: Can't follow symlink without -L/--copy-links
2026/08/06 08:26:12 NOTICE: data/video/MHC_zh/All/BV1po4y1o7Fk.mp4: Can't follow symlink without -L/--copy-links
2026/08/06 08:26:12 NOTICE: data/video/MHC_zh/All/BV1Gj411s7Cb.mp4: Can't follow symlink without -L/--copy-links
2026/08/06 08:26:12 NOTICE: data/video/MHC_zh/All/BV1Wd4y1C7Nk.mp4: Can't follow symlink without -L/--copy-links
2026/08/06 08:26:12 NOTICE: data/video/MHC_zh/All/BV1sH4y1m7S2.mp4: Can't follow symlink without -L/--copy-links
2026/08/06 08:26:12 NOTICE: data/video/MHC_zh/All/BV1yW4y1Z76C.mp4: Can't follow symlink without -L/--copy-links
2026/08/06 08:26:12 NOTICE: data/video/MHC_zh/All/BV17N4y1q7qc.mp4: Can't follow symlink without -L/--copy-links
2026/08/06 08:26:12 NOTICE: data/video/MHC_zh/All/BV12v411g72s.mp4: Can't follow symlink without -L/--copy-links
2026/08/06 08:26:12 NOTICE: data/video/MHC_zh/All/BV18u411N7Le.mp4: Can't follow symlink without -L/--copy-links
2026/08/06 08:26:12 NOTICE: data/video/MHC_zh/All/BV1XV4y1D75H.mp4: Can't follow symlink without -L/--copy-links
2026/08/06 08:26:12 NOTICE: data/video/MHC_zh/All/BV1Uz4y1q7XQ.mp4: Can't follow symlink without -L/--copy-links
2026/08/06 08:26:12 NOTICE: data/video/MHC_zh/All/BV13C4y197kf.mp4: Can't follow symlink without -L/--copy-links
2026/08/06 08:26:12 NOTICE: data/video/MHC_zh/All/BV1h64y1p7AY.mp4: Can't follow symlink without -L/--copy-links
2026/08/06 08:26:12 NOTICE: data/video/MHC_zh/All/BV1Tz4y1c7Vg.mp4: Can't follow symlink without -L/--copy-links
2026/08/06 08:26:12 NOTICE: data/video/MHC_zh/All/BV1js4y1m7Xq.mp4: Can't follow symlink without -L/--copy-links
2026/08/06 08:26:12 NOTICE: data/video/MHC_zh/All/BV1Xc411y7rj.mp4: Can't follow symlink without -L/--copy-links
2026/08/06 08:26:12 NOTICE: data/video/MHC_zh/All/BV1bw411V79d.mp4: Can't follow symlink without -L/--copy-links
2026/08/06 08:26:12 NOTICE: data/video/MHC_zh/All/BV1T44y1R7fk.mp4: Can't follow symlink without -L/--copy-links
2026/08/06 08:26:12 NOTICE: data/video/MHC_zh/All/BV14x4y187MJ.mp4: Can't follow symlink without -L/--copy-links
2026/08/06 08:26:12 NOTICE: data/video/MHC_zh/All/BV16p4y1f7fi.mp4: Can't follow symlink without -L/--copy-links
2026/08/06 08:26:12 NOTICE: data/video/MHC_zh/All/BV1754y1T79z.mp4: Can't follow symlink without -L/--copy-links
2026/08/06 08:26:12 NOTICE: data/video/MHC_zh/All/BV1TA411t7FJ.mp4: Can't follow symlink without -L/--copy-links
2026/08/06 08:26:12 NOTICE: data/video/MHC_zh/All/BV1qF411Z7Lj.mp4: Can't follow symlink without -L/--copy-links
2026/08/06 08:26:12 NOTICE: data/video/MHC_zh/All/BV1gh411Z7U8.mp4: Can't follow symlink without -L/--copy-links
2026/08/06 08:26:12 NOTICE: data/video/MHC_zh/All/BV1PV411N7VV.mp4: Can't follow symlink without -L/--copy-links
2026/08/06 08:26:12 NOTICE: data/video/MHC_zh/All/BV1JV4y157qo.mp4: Can't follow symlink without -L/--copy-links
2026/08/06 08:26:12 NOTICE: data/video/MHC_zh/All/BV18a4y127o3.mp4: Can't follow symlink without -L/--copy-links
2026/08/06 08:26:12 NOTICE: data/video/MHC_zh/All/BV1yy4y1j7Qm.mp4: Can't follow symlink without -L/--copy-links
2026/08/06 08:26:12 NOTICE: data/video/MHC_zh/All/BV1sM4y1b7Jo.mp4: Can't follow symlink without -L/--copy-links
2026/08/06 08:26:12 NOTICE: data/video/MHC_zh/All/BV1KS4y147N8.mp4: Can't follow symlink without -L/--copy-links
2026/08/06 08:26:12 NOTICE: data/video/MHC_zh/All/BV1CC4y1Y76y.mp4: Can't follow symlink without -L/--copy-links
2026/08/06 08:26:12 NOTICE: data/video/MHC_zh/All/BV1pB4y1y7xu.mp4: Can't follow symlink without -L/--copy-links
2026/08/06 08:26:12 NOTICE: data/video/MHC_zh/All/BV1Gu411A7py.mp4: Can't follow symlink without -L/--copy-links
2026/08/06 08:26:12 NOTICE: data/video/MHC_zh/All/BV1wJ411U73M.mp4: Can't follow symlink without -L/--copy-links
2026/08/06 08:26:12 NOTICE: data/video/MHC_zh/All/BV1TP411173t.mp4: Can't follow symlink without -L/--copy-links
2026/08/06 08:26:12 NOTICE: data/video/MHC_zh/All/BV1Ua4y1z7qi.mp4: Can't follow symlink without -L/--copy-links
2026/08/06 08:26:12 NOTICE: data/video/MHC_zh/All/BV1924y1N7DA.mp4: Can't follow symlink without -L/--copy-links
2026/08/06 08:26:12 NOTICE: data/video/MHC_zh/All/BV1oK41127n4.mp4: Can't follow symlink without -L/--copy-links
2026/08/06 08:26:12 NOTICE: data/video/MHC_zh/All/BV1aV4y1b7tA.mp4: Can't follow symlink without -L/--copy-links
2026/08/06 08:26:12 NOTICE: data/video/MHC_zh/All/BV1c3411m7nb.mp4: Can't follow symlink without -L/--copy-links
2026/08/06 08:26:12 NOTICE: data/video/MHC_zh/All/BV1w64y11788.mp4: Can't follow symlink without -L/--copy-links
2026/08/06 08:26:12 NOTICE: data/video/MHC_zh/All/BV1K8411C7m9.mp4: Can't follow symlink without -L/--copy-links
2026/08/06 08:26:12 NOTICE: data/video/MHC_zh/All/BV1t84y1S7F7.mp4: Can't follow symlink without -L/--copy-links
2026/08/06 08:26:12 NOTICE: data/video/MHC_zh/All/BV16Y411W7KG.mp4: Can't follow symlink without -L/--copy-links
2026/08/06 08:26:12 NOTICE: data/video/MHC_zh/All/BV1LJ411y7QX.mp4: Can't follow symlink without -L/--copy-links
2026/08/06 08:26:12 NOTICE: data/video/MHC_zh/All/BV1oV411D7dG.mp4: Can't follow symlink without -L/--copy-links
2026/08/06 08:26:12 NOTICE: data/video/MHC_zh/All/BV1Le411J7LZ.mp4: Can't follow symlink without -L/--copy-links
2026/08/06 08:26:12 NOTICE: data/video/MHC_zh/All/BV15X4y1N74H.mp4: Can't follow symlink without -L/--copy-links
2026/08/06 08:26:12 NOTICE: data/video/MHC_zh/All/BV1L4411Z72N.mp4: Can't follow symlink without -L/--copy-links
2026/08/06 08:26:12 NOTICE: data/video/MHC_zh/All/BV1Yf4y1n7fF.mp4: Can't follow symlink without -L/--copy-links
2026/08/06 08:26:12 NOTICE: data/video/MHC_zh/All/BV1NX4y177c8.mp4: Can't follow symlink without -L/--copy-links
2026/08/06 08:26:12 NOTICE: data/video/MHC_zh/All/BV1R64y1f78D.mp4: Can't follow symlink without -L/--copy-links
2026/08/06 08:26:12 NOTICE: data/video/MHC_zh/All/BV1Cq4y1r7bW.mp4: Can't follow symlink without -L/--copy-links
2026/08/06 08:26:12 NOTICE: data/video/MHC_zh/All/BV1uk4y1D7JG.mp4: Can't follow symlink without -L/--copy-links
2026/08/06 08:26:12 NOTICE: data/video/MHC_zh/All/BV1KU4y117ZF.mp4: Can't follow symlink without -L/--copy-links
2026/08/06 08:26:12 NOTICE: data/video/MHC_zh/All/BV1kK411B7bL.mp4: Can't follow symlink without -L/--copy-links
2026/08/06 08:26:12 NOTICE: data/video/MHC_zh/All/BV1SL411L7nB.mp4: Can't follow symlink without -L/--copy-links
2026/08/06 08:26:12 NOTICE: data/video/MHC_zh/All/BV11W4y1J7DA.mp4: Can't follow symlink without -L/--copy-links
2026/08/06 08:26:12 NOTICE: data/video/MHC_zh/All/BV1Qb4y197h5.mp4: Can't follow symlink without -L/--copy-links
2026/08/06 08:26:12 NOTICE: data/video/MHC_zh/All/BV1qJ4m1J7Jo.mp4: Can't follow symlink without -L/--copy-links
2026/08/06 08:26:12 NOTICE: data/video/MHC_zh/All/BV1Gk4y1p71q.mp4: Can't follow symlink without -L/--copy-links
2026/08/06 08:26:12 NOTICE: data/video/MHC_zh/All/BV1RV411X777.mp4: Can't follow symlink without -L/--copy-links
2026/08/06 08:26:12 NOTICE: data/video/MHC_zh/All/BV1s14y1a7Z9.mp4: Can't follow symlink without -L/--copy-links
2026/08/06 08:26:12 NOTICE: data/video/MHC_zh/All/BV16a4y1R7Cr.mp4: Can't follow symlink without -L/--copy-links
2026/08/06 08:26:12 NOTICE: data/video/MHC_zh/All/BV1Xv411G7ur.mp4: Can't follow symlink without -L/--copy-links
2026/08/06 08:26:12 NOTICE: data/video/MHC_zh/All/BV1eb411K7Bd.mp4: Can't follow symlink without -L/--copy-links
2026/08/06 08:26:12 NOTICE: data/video/MHC_zh/All/BV1hL4y1j7pp.mp4: Can't follow symlink without -L/--copy-links
2026/08/06 08:26:12 NOTICE: data/video/MHC_zh/All/BV1Vz4y1G7ky.mp4: Can't follow symlink without -L/--copy-links
2026/08/06 08:26:12 NOTICE: data/video/MHC_zh/All/BV1ad4y1p7Qz.mp4: Can't follow symlink without -L/--copy-links
2026/08/06 08:26:12 NOTICE: data/video/MHC_zh/All/BV1m341167pW.mp4: Can't follow symlink without -L/--copy-links
2026/08/06 08:26:12 NOTICE: data/video/MHC_zh/All/BV1aM4y1x7RU.mp4: Can't follow symlink without -L/--copy-links
2026/08/06 08:26:12 NOTICE: data/video/MHC_zh/All/BV14R4y1v7WF.mp4: Can't follow symlink without -L/--copy-links
2026/08/06 08:26:12 NOTICE: data/video/MHC_zh/All/BV1454y1w795.mp4: Can't follow symlink without -L/--copy-links
2026/08/06 08:26:12 NOTICE: data/video/MHC_zh/All/BV1qd4y1z75Z.mp4: Can't follow symlink without -L/--copy-links
2026/08/06 08:26:12 NOTICE: data/video/MHC_zh/All/BV1g14y1u7XD.mp4: Can't follow symlink without -L/--copy-links
2026/08/06 08:26:12 NOTICE: data/video/MHC_zh/All/BV193411W7MX.mp4: Can't follow symlink without -L/--copy-links
2026/08/06 08:26:12 NOTICE: data/video/MHC_zh/All/BV1Kq4y1j7Af.mp4: Can't follow symlink without -L/--copy-links
2026/08/06 08:26:12 NOTICE: data/video/MHC_zh/All/BV1mv4y197DG.mp4: Can't follow symlink without -L/--copy-links
2026/08/06 08:26:12 NOTICE: data/video/MHC_zh/All/BV1F24y1i7ox.mp4: Can't follow symlink without -L/--copy-links
2026/08/06 08:26:12 NOTICE: data/video/MHC_zh/All/BV1jS4y1J74m.mp4: Can't follow symlink without -L/--copy-links
2026/08/06 08:26:12 NOTICE: data/video/MHC_zh/All/BV1PN411275K.mp4: Can't follow symlink without -L/--copy-links
2026/08/06 08:26:12 NOTICE: data/video/MHC_zh/All/BV1xe4y1w7vP.mp4: Can't follow symlink without -L/--copy-links
2026/08/06 08:26:12 NOTICE: data/video/MHC_zh/All/BV148411M7Gb.mp4: Can't follow symlink without -L/--copy-links
2026/08/06 08:26:12 NOTICE: data/video/MHC_zh/All/BV1F4411P7xp.mp4: Can't follow symlink without -L/--copy-links
2026/08/06 08:26:12 NOTICE: data/video/MHC_zh/All/BV1KY4y147Ud.mp4: Can't follow symlink without -L/--copy-links
2026/08/06 08:26:12 NOTICE: data/video/MHC_zh/All/BV18f421o7ne.mp4: Can't follow symlink without -L/--copy-links
2026/08/06 08:26:12 NOTICE: data/video/MHC_zh/All/BV1xC4y1P7nR.mp4: Can't follow symlink without -L/--copy-links
2026/08/06 08:26:12 NOTICE: data/video/MHC_zh/All/BV1rG411L7n6.mp4: Can't follow symlink without -L/--copy-links
2026/08/06 08:26:12 NOTICE: data/video/MHC_zh/All/BV1gW4y127V2.mp4: Can't follow symlink without -L/--copy-links
2026/08/06 08:26:12 NOTICE: data/video/MHC_zh/All/BV1A24y1T7JN.mp4: Can't follow symlink without -L/--copy-links
2026/08/06 08:26:12 NOTICE: data/video/MHC_zh/All/BV1Bp4y117ZU.mp4: Can't follow symlink without -L/--copy-links
2026/08/06 08:26:12 NOTICE: data/video/MHC_zh/All/BV1ke411n7vj.mp4: Can't follow symlink without -L/--copy-links
2026/08/06 08:26:12 NOTICE: data/video/MHC_zh/All/BV1ig41137ru.mp4: Can't follow symlink without -L/--copy-links
2026/08/06 08:26:12 NOTICE: data/video/MHC_zh/All/BV1es4y167Q5.mp4: Can't follow symlink without -L/--copy-links
2026/08/06 08:26:12 NOTICE: data/video/MHC_zh/All/BV1d24y1z73i.mp4: Can't follow symlink without -L/--copy-links
2026/08/06 08:26:12 NOTICE: data/video/MHC_zh/All/BV1Tp4y1k7HG.mp4: Can't follow symlink without -L/--copy-links
2026/08/06 08:26:12 NOTICE: data/video/MHC_zh/All/BV1Uz4y1y7qZ.mp4: Can't follow symlink without -L/--copy-links
2026/08/06 08:26:12 NOTICE: data/video/MHC_zh/All/BV1Pz4y1c7Rd.mp4: Can't follow symlink without -L/--copy-links
2026/08/06 08:26:12 NOTICE: data/video/MHC_zh/All/BV1jj411C7nk.mp4: Can't follow symlink without -L/--copy-links
2026/08/06 08:26:12 NOTICE: data/video/MHC_zh/All/BV18e4y1B7XD.mp4: Can't follow symlink without -L/--copy-links
2026/08/06 08:26:12 NOTICE: data/video/MHC_zh/All/BV1nV411W7aY.mp4: Can't follow symlink without -L/--copy-links
2026/08/06 08:26:12 NOTICE: data/video/MHC_zh/All/BV1Y541157m6.mp4: Can't follow symlink without -L/--copy-links
2026/08/06 08:26:12 NOTICE: data/video/MHC_zh/All/BV1wg411n7uj.mp4: Can't follow symlink without -L/--copy-links
2026/08/06 08:26:12 NOTICE: data/video/MHC_zh/All/BV1KN411v7pm.mp4: Can't follow symlink without -L/--copy-links
2026/08/06 08:26:12 NOTICE: data/video/MHC_zh/All/BV1DX4y1R74Z.mp4: Can't follow symlink without -L/--copy-links
2026/08/06 08:26:12 NOTICE: data/video/MHC_zh/All/BV1ey4y1r7nP.mp4: Can't follow symlink without -L/--copy-links
2026/08/06 08:26:12 NOTICE: data/video/MHC_zh/All/BV1dM4m1d7FB.mp4: Can't follow symlink without -L/--copy-links
2026/08/06 08:26:12 NOTICE: data/video/MHC_zh/All/BV1ie41157AN.mp4: Can't follow symlink without -L/--copy-links
2026/08/06 08:26:12 NOTICE: data/video/MHC_zh/All/BV16p4y1G7mk.mp4: Can't follow symlink without -L/--copy-links
2026/08/06 08:26:12 NOTICE: data/video/MHC_zh/All/BV1NV4y1y7Kv.mp4: Can't follow symlink without -L/--copy-links
2026/08/06 08:26:12 NOTICE: data/video/MHC_zh/All/BV1JX4y1x7nT.mp4: Can't follow symlink without -L/--copy-links
2026/08/06 08:26:12 NOTICE: data/video/MHC_zh/All/BV17K4y1r7Dt.mp4: Can't follow symlink without -L/--copy-links
2026/08/06 08:26:12 NOTICE: data/video/MHC_zh/All/BV1A64y1W7Bx.mp4: Can't follow symlink without -L/--copy-links
2026/08/06 08:26:12 NOTICE: data/video/MHC_zh/All/BV1WV4y1L7yu.mp4: Can't follow symlink without -L/--copy-links
2026/08/06 08:26:12 NOTICE: data/video/MHC_zh/All/BV1x14y1k7ik.mp4: Can't follow symlink without -L/--copy-links
2026/08/06 08:26:12 NOTICE: data/video/MHC_zh/All/BV11V411o7aP.mp4: Can't follow symlink without -L/--copy-links
2026/08/06 08:26:12 NOTICE: data/video/MHC_zh/All/BV1bm4y1C75b.mp4: Can't follow symlink without -L/--copy-links
2026/08/06 08:26:12 NOTICE: data/video/MHC_zh/All/BV17Q4y1d7bR.mp4: Can't follow symlink without -L/--copy-links
2026/08/06 08:26:12 NOTICE: data/video/MHC_zh/All/BV1Rq4y157fL.mp4: Can't follow symlink without -L/--copy-links
2026/08/06 08:26:12 NOTICE: data/video/MHC_zh/All/BV1iQ4y1X7qY.mp4: Can't follow symlink without -L/--copy-links
2026/08/06 08:26:12 NOTICE: data/video/MHC_zh/All/BV1wz4y1L7jp.mp4: Can't follow symlink without -L/--copy-links
2026/08/06 08:26:12 NOTICE: data/video/MHC_zh/All/BV165411474t.mp4: Can't follow symlink without -L/--copy-links
2026/08/06 08:26:12 NOTICE: data/video/MHC_zh/All/BV1EU4y1M7dd.mp4: Can't follow symlink without -L/--copy-links
2026/08/06 08:26:12 NOTICE: data/video/MHC_zh/All/BV1vs4y127aA.mp4: Can't follow symlink without -L/--copy-links
2026/08/06 08:26:12 NOTICE: data/video/MHC_zh/All/BV1XC4y1C7s7.mp4: Can't follow symlink without -L/--copy-links
2026/08/06 08:26:12 NOTICE: data/video/MHC_zh/All/BV1GN411y7fq.mp4: Can't follow symlink without -L/--copy-links
2026/08/06 08:26:12 NOTICE: data/video/MHC_zh/All/BV1L94y1e7bV.mp4: Can't follow symlink without -L/--copy-links
2026/08/06 08:26:12 NOTICE: data/video/MHC_zh/All/BV1XR4y1E75t.mp4: Can't follow symlink without -L/--copy-links
2026/08/06 08:26:12 NOTICE: data/video/MHC_zh/All/BV18u411p74B.mp4: Can't follow symlink without -L/--copy-links
2026/08/06 08:26:12 NOTICE: data/video/MHC_zh/All/BV1TS4y1r7m6.mp4: Can't follow symlink without -L/--copy-links
2026/08/06 08:26:12 NOTICE: data/video/MHC_zh/All/BV1MP41197h9.mp4: Can't follow symlink without -L/--copy-links
2026/08/06 08:26:12 NOTICE: data/video/MHC_zh/All/BV13z4y1x7CP.mp4: Can't follow symlink without -L/--copy-links
2026/08/06 08:26:12 NOTICE: data/video/MHC_zh/All/BV1Dm4y1L7Uf.mp4: Can't follow symlink without -L/--copy-links
2026/08/06 08:26:12 NOTICE: data/video/MHC_zh/All/BV1Kq4y1q7P1.mp4: Can't follow symlink without -L/--copy-links
2026/08/06 08:26:12 NOTICE: data/video/MHC_zh/All/BV1jE411V7cn.mp4: Can't follow symlink without -L/--copy-links
2026/08/06 08:26:12 NOTICE: data/video/MHC_zh/All/BV1QP411h7zp.mp4: Can't follow symlink without -L/--copy-links
2026/08/06 08:26:12 NOTICE: data/video/MHC_zh/All/BV1oX4y1979H.mp4: Can't follow symlink without -L/--copy-links
2026/08/06 08:26:12 NOTICE: data/video/MHC_zh/All/BV15M411A7xj.mp4: Can't follow symlink without -L/--copy-links
2026/08/06 08:26:12 NOTICE: data/video/MHC_zh/All/BV1Dm4y1H79W.mp4: Can't follow symlink without -L/--copy-links
2026/08/06 08:26:12 NOTICE: data/video/MHC_zh/All/BV1gP411W7fx.mp4: Can't follow symlink without -L/--copy-links
2026/08/06 08:26:12 NOTICE: data/video/MHC_zh/All/BV1Yh411B7XD.mp4: Can't follow symlink without -L/--copy-links
2026/08/06 08:26:12 NOTICE: data/video/MHC_zh/All/BV1Sk4y1U7qt.mp4: Can't follow symlink without -L/--copy-links
2026/08/06 08:26:12 NOTICE: data/video/MHC_zh/All/BV1424y1S7KV.mp4: Can't follow symlink without -L/--copy-links
2026/08/06 08:26:12 NOTICE: data/video/MHC_zh/All/BV1YF411Q7hD.mp4: Can't follow symlink without -L/--copy-links
2026/08/06 08:26:12 NOTICE: data/video/MHC_zh/All/BV1ok4y1N7tr.mp4: Can't follow symlink without -L/--copy-links
2026/08/06 08:26:12 NOTICE: data/video/MHC_zh/All/BV153411W7zg.mp4: Can't follow symlink without -L/--copy-links
2026/08/06 08:26:12 NOTICE: data/video/MHC_zh/All/BV1h8411i7ia.mp4: Can't follow symlink without -L/--copy-links
2026/08/06 08:26:12 NOTICE: data/video/MHC_zh/All/BV1j24y1p7cy.mp4: Can't follow symlink without -L/--copy-links
2026/08/06 08:26:12 NOTICE: data/video/MHC_zh/All/BV1SH4y1D7kF.mp4: Can't follow symlink without -L/--copy-links
2026/08/06 08:26:12 NOTICE: data/video/MHC_zh/All/BV1x94y1F7zR.mp4: Can't follow symlink without -L/--copy-links
2026/08/06 08:26:12 NOTICE: data/video/MHC_zh/All/BV1wN411a7HT.mp4: Can't follow symlink without -L/--copy-links
2026/08/06 08:26:12 NOTICE: data/video/MHC_zh/All/BV1554y1z76C.mp4: Can't follow symlink without -L/--copy-links
2026/08/06 08:26:12 NOTICE: data/video/MHC_zh/All/BV15W4y1m7zy.mp4: Can't follow symlink without -L/--copy-links
2026/08/06 08:26:12 NOTICE: data/video/MHC_zh/All/BV1RY411A7ZQ.mp4: Can't follow symlink without -L/--copy-links
2026/08/06 08:26:12 NOTICE: data/video/MHC_zh/All/BV1GL411q7rm.mp4: Can't follow symlink without -L/--copy-links
2026/08/06 08:26:12 NOTICE: data/video/MHC_zh/All/BV1Ze411h7yw.mp4: Can't follow symlink without -L/--copy-links
2026/08/06 08:26:12 NOTICE: data/video/MHC_zh/All/BV15w411w7ZS.mp4: Can't follow symlink without -L/--copy-links
2026/08/06 08:26:12 NOTICE: data/video/MHC_zh/All/BV1ho4y1h7P8.mp4: Can't follow symlink without -L/--copy-links
2026/08/06 08:26:12 NOTICE: data/video/MHC_zh/All/BV1E24y1X7Fo.mp4: Can't follow symlink without -L/--copy-links
2026/08/06 08:26:12 NOTICE: data/video/MHC_zh/All/BV18N4y1w7t7.mp4: Can't follow symlink without -L/--copy-links
2026/08/06 08:26:12 NOTICE: data/video/MHC_zh/All/BV1DP4y1j7J4.mp4: Can't follow symlink without -L/--copy-links
2026/08/06 08:26:12 NOTICE: data/video/MHC_zh/All/BV1eM4y1d7RX.mp4: Can't follow symlink without -L/--copy-links
2026/08/06 08:26:12 NOTICE: data/video/MHC_zh/All/BV1Cs4y197aX.mp4: Can't follow symlink without -L/--copy-links
2026/08/06 08:26:12 NOTICE: data/video/MHC_zh/All/BV12z411b7mg.mp4: Can't follow symlink without -L/--copy-links
2026/08/06 08:26:12 NOTICE: data/video/MHC_zh/All/BV1Me411J74o.mp4: Can't follow symlink without -L/--copy-links
2026/08/06 08:26:12 NOTICE: data/video/MHC_zh/All/BV1ia4y1M7dJ.mp4: Can't follow symlink without -L/--copy-links
2026/08/06 08:26:12 NOTICE: data/video/MHC_zh/All/BV14u411Y7V1.mp4: Can't follow symlink without -L/--copy-links
2026/08/06 08:26:12 NOTICE: data/video/MHC_zh/All/BV11B4y1E7WW.mp4: Can't follow symlink without -L/--copy-links
2026/08/06 08:26:12 NOTICE: data/video/MHC_zh/All/BV1fG411B7iM.mp4: Can't follow symlink without -L/--copy-links
2026/08/06 08:26:12 NOTICE: data/video/MHC_zh/All/BV1Aa411u7S4.mp4: Can't follow symlink without -L/--copy-links
2026/08/06 08:26:12 NOTICE: data/video/MHC_zh/All/BV1K8411Q7W4.mp4: Can't follow symlink without -L/--copy-links
2026/08/06 08:26:12 NOTICE: data/video/MHC_zh/All/BV1834y1T71Z.mp4: Can't follow symlink without -L/--copy-links
2026/08/06 08:26:12 NOTICE: data/video/MHC_zh/All/BV1Wa4y1A7Kq.mp4: Can't follow symlink without -L/--copy-links
2026/08/06 08:26:12 NOTICE: data/video/MHC_zh/All/BV1q24y1V7G5.mp4: Can't follow symlink without -L/--copy-links
2026/08/06 08:26:12 NOTICE: data/video/MHC_zh/All/BV15U4y1p7jY.mp4: Can't follow symlink without -L/--copy-links
2026/08/06 08:26:12 NOTICE: data/video/MHC_zh/All/BV1yW41117ME.mp4: Can't follow symlink without -L/--copy-links
2026/08/06 08:26:12 NOTICE: data/video/MHC_zh/All/BV1TP411s7VM.mp4: Can't follow symlink without -L/--copy-links
2026/08/06 08:26:12 NOTICE: data/video/MHC_zh/All/BV11V411t797.mp4: Can't follow symlink without -L/--copy-links
2026/08/06 08:26:12 NOTICE: data/video/MHC_zh/All/BV13c411j7Q2.mp4: Can't follow symlink without -L/--copy-links
2026/08/06 08:26:12 NOTICE: data/video/MHC_zh/All/BV1hQ4y1h7tb.mp4: Can't follow symlink without -L/--copy-links
2026/08/06 08:26:12 NOTICE: data/video/MHC_zh/All/BV1wu411n7ot.mp4: Can't follow symlink without -L/--copy-links
2026/08/06 08:26:12 NOTICE: data/video/MHC_zh/All/BV14C4y1G7Ey.mp4: Can't follow symlink without -L/--copy-links
2026/08/06 08:26:12 NOTICE: data/video/MHC_zh/All/BV1xV4y1m723.mp4: Can't follow symlink without -L/--copy-links
2026/08/06 08:26:12 NOTICE: data/video/MHC_zh/All/BV1Cd4y1p7yA.mp4: Can't follow symlink without -L/--copy-links
2026/08/06 08:26:12 NOTICE: data/video/MHC_zh/All/BV1Ye411Z73C.mp4: Can't follow symlink without -L/--copy-links
2026/08/06 08:26:12 NOTICE: data/video/MHC_zh/All/BV14F411a7PJ.mp4: Can't follow symlink without -L/--copy-links
2026/08/06 08:26:12 NOTICE: data/video/MHC_zh/All/BV19J411G7i2.mp4: Can't follow symlink without -L/--copy-links
2026/08/06 08:26:12 NOTICE: data/video/MHC_zh/All/BV13Q4y1y7UW.mp4: Can't follow symlink without -L/--copy-links
2026/08/06 08:26:12 NOTICE: data/video/MHC_zh/All/BV1rG4y167RB.mp4: Can't follow symlink without -L/--copy-links
2026/08/06 08:26:12 NOTICE: data/video/MHC_zh/All/BV1gW4y1t7an.mp4: Can't follow symlink without -L/--copy-links
2026/08/06 08:26:12 NOTICE: data/video/MHC_zh/All/BV1dw411f76v.mp4: Can't follow symlink without -L/--copy-links
2026/08/06 08:26:12 NOTICE: data/video/MHC_zh/All/BV1Uk4y1F73H.mp4: Can't follow symlink without -L/--copy-links
2026/08/06 08:26:12 NOTICE: data/video/MHC_zh/All/BV1zx4y1o7iS.mp4: Can't follow symlink without -L/--copy-links
2026/08/06 08:26:12 NOTICE: data/video/MHC_zh/All/BV1RV4y1b7vk.mp4: Can't follow symlink without -L/--copy-links
2026/08/06 08:26:12 NOTICE: data/video/MHC_zh/All/BV1Qv4y1H7La.mp4: Can't follow symlink without -L/--copy-links
2026/08/06 08:26:12 NOTICE: data/video/MHC_zh/All/BV17w411g7iA.mp4: Can't follow symlink without -L/--copy-links
2026/08/06 08:26:12 NOTICE: data/video/MHC_zh/All/BV1Bb4y1475H.mp4: Can't follow symlink without -L/--copy-links
2026/08/06 08:26:12 NOTICE: data/video/MHC_zh/All/BV13i4y1U7Ac.mp4: Can't follow symlink without -L/--copy-links
2026/08/06 08:26:12 NOTICE: data/video/MHC_zh/All/BV1gf4y1A75S.mp4: Can't follow symlink without -L/--copy-links
2026/08/06 08:26:12 NOTICE: data/video/MHC_zh/All/BV1tJ411y7xH.mp4: Can't follow symlink without -L/--copy-links
2026/08/06 08:26:12 NOTICE: data/video/MHC_zh/All/BV1gr4y1h7T1.mp4: Can't follow symlink without -L/--copy-links
2026/08/06 08:26:12 NOTICE: data/video/MHC_zh/All/BV1bk4y1K7Eu.mp4: Can't follow symlink without -L/--copy-links
2026/08/06 08:26:12 NOTICE: data/video/MHC_zh/All/BV18N4y1B7qA.mp4: Can't follow symlink without -L/--copy-links
2026/08/06 08:26:12 NOTICE: data/video/MHC_zh/All/BV18w411o7SQ.mp4: Can't follow symlink without -L/--copy-links
2026/08/06 08:26:12 NOTICE: data/video/MHC_zh/All/BV1EP4y1g7aS.mp4: Can't follow symlink without -L/--copy-links
2026/08/06 08:26:12 NOTICE: data/video/MHC_zh/All/BV11g4y1F7kn.mp4: Can't follow symlink without -L/--copy-links
2026/08/06 08:26:12 NOTICE: data/video/MHC_zh/All/BV11u4m1w73c.mp4: Can't follow symlink without -L/--copy-links
2026/08/06 08:26:12 NOTICE: data/video/MHC_zh/All/BV1Ha411H75C.mp4: Can't follow symlink without -L/--copy-links
2026/08/06 08:26:12 NOTICE: data/video/MHC_zh/All/BV1QJ4m1P7xo.mp4: Can't follow symlink without -L/--copy-links
2026/08/06 08:26:12 NOTICE: data/video/MHC_zh/All/BV15w411B7fJ.mp4: Can't follow symlink without -L/--copy-links
2026/08/06 08:26:12 NOTICE: data/video/MHC_zh/All/BV12x411e7uK.mp4: Can't follow symlink without -L/--copy-links
2026/08/06 08:26:12 NOTICE: data/video/MHC_zh/All/BV1ZW4y1L7rT.mp4: Can't follow symlink without -L/--copy-links
2026/08/06 08:26:12 NOTICE: data/video/MHC_zh/All/BV1Nw411X7Xj.mp4: Can't follow symlink without -L/--copy-links
2026/08/06 08:26:12 NOTICE: data/video/MHC_zh/All/BV1dM4y1x7rM.mp4: Can't follow symlink without -L/--copy-links
2026/08/06 08:26:12 NOTICE: data/video/MHC_zh/All/BV1X84y1m7j7.mp4: Can't follow symlink without -L/--copy-links
2026/08/06 08:26:12 NOTICE: data/video/MHC_zh/All/BV1tw411g7Qh.mp4: Can't follow symlink without -L/--copy-links
2026/08/06 08:26:12 NOTICE: data/video/MHC_zh/All/BV1Mp421f7MK.mp4: Can't follow symlink without -L/--copy-links
2026/08/06 08:26:12 NOTICE: data/video/MHC_zh/All/BV1ho4y1G7sV.mp4: Can't follow symlink without -L/--copy-links
2026/08/06 08:26:12 NOTICE: data/video/MHC_zh/All/BV1He411k7EL.mp4: Can't follow symlink without -L/--copy-links
2026/08/06 08:26:12 NOTICE: data/video/MHC_zh/All/BV1J84y1M7Wi.mp4: Can't follow symlink without -L/--copy-links
2026/08/06 08:26:12 NOTICE: data/video/MHC_zh/All/BV15p4y1L7we.mp4: Can't follow symlink without -L/--copy-links
2026/08/06 08:26:12 NOTICE: data/video/MHC_zh/All/BV1Ns411f7oq.mp4: Can't follow symlink without -L/--copy-links
2026/08/06 08:26:12 NOTICE: data/video/MHC_zh/All/BV11a4y1w7oT.mp4: Can't follow symlink without -L/--copy-links
2026/08/06 08:26:12 NOTICE: data/video/MHC_zh/All/BV16q4y1J75z.mp4: Can't follow symlink without -L/--copy-links
2026/08/06 08:26:12 NOTICE: data/video/MHC_zh/All/BV1YQ4y1b7rr.mp4: Can't follow symlink without -L/--copy-links
2026/08/06 08:26:12 NOTICE: data/video/MHC_zh/All/BV13j411R79M.mp4: Can't follow symlink without -L/--copy-links
2026/08/06 08:26:12 NOTICE: data/video/MHC_zh/All/BV19P411x7hk.mp4: Can't follow symlink without -L/--copy-links
2026/08/06 08:26:12 NOTICE: data/video/MHC_zh/All/BV19c411t7r5.mp4: Can't follow symlink without -L/--copy-links
2026/08/06 08:26:12 NOTICE: data/video/MHC_zh/All/BV1D3411W7qK.mp4: Can't follow symlink without -L/--copy-links
2026/08/06 08:26:12 NOTICE: data/video/MHC_zh/All/BV1f4411V7of.mp4: Can't follow symlink without -L/--copy-links
2026/08/06 08:26:12 NOTICE: data/video/MHC_zh/All/BV1z34y1u7Dg.mp4: Can't follow symlink without -L/--copy-links
2026/08/06 08:26:12 NOTICE: data/video/MHC_zh/All/BV1Zg4y1H7ih.mp4: Can't follow symlink without -L/--copy-links
2026/08/06 08:26:12 NOTICE: data/video/MHC_zh/All/BV1iW4y1j7Qi.mp4: Can't follow symlink without -L/--copy-links
2026/08/06 08:26:12 NOTICE: data/video/MHC_zh/All/BV1tY411c7cc.mp4: Can't follow symlink without -L/--copy-links
2026/08/06 08:26:12 NOTICE: data/video/MHC_zh/All/BV1Xr4y1F7wr.mp4: Can't follow symlink without -L/--copy-links
2026/08/06 08:26:12 NOTICE: data/video/MHC_zh/All/BV1Y44y1v7uy.mp4: Can't follow symlink without -L/--copy-links
2026/08/06 08:26:12 NOTICE: data/video/MHC_zh/All/BV1Fg411Z7UE.mp4: Can't follow symlink without -L/--copy-links
2026/08/06 08:26:12 NOTICE: data/video/MHC_zh/All/BV167411j7vS.mp4: Can't follow symlink without -L/--copy-links
2026/08/06 08:26:12 NOTICE: data/video/MHC_zh/All/BV144411K7on.mp4: Can't follow symlink without -L/--copy-links
2026/08/06 08:26:12 NOTICE: data/video/MHC_zh/All/BV1cW4y1D756.mp4: Can't follow symlink without -L/--copy-links
2026/08/06 08:26:12 NOTICE: data/video/MHC_zh/All/BV1xo4y1w7u7.mp4: Can't follow symlink without -L/--copy-links
2026/08/06 08:26:12 NOTICE: data/video/MHC_zh/All/BV1cs4y1Y7hn.mp4: Can't follow symlink without -L/--copy-links
2026/08/06 08:26:12 NOTICE: data/video/MHC_zh/All/BV1q94y1L76j.mp4: Can't follow symlink without -L/--copy-links
2026/08/06 08:26:12 NOTICE: data/video/MHC_zh/All/BV1s3411j7Px.mp4: Can't follow symlink without -L/--copy-links
2026/08/06 08:26:12 NOTICE: data/video/MHC_zh/All/BV1am4y1s7RM.mp4: Can't follow symlink without -L/--copy-links
2026/08/06 08:26:12 NOTICE: data/video/MHC_zh/All/BV1LN4y1477F.mp4: Can't follow symlink without -L/--copy-links
2026/08/06 08:26:12 NOTICE: data/video/MHC_zh/All/BV1Nc411J7JG.mp4: Can't follow symlink without -L/--copy-links
2026/08/06 08:26:12 NOTICE: data/video/MHC_zh/All/BV1Qu411t7vm.mp4: Can't follow symlink without -L/--copy-links
2026/08/06 08:26:12 NOTICE: data/video/MHC_zh/All/BV1TX4y1c7KX.mp4: Can't follow symlink without -L/--copy-links
2026/08/06 08:26:12 NOTICE: data/video/MHC_zh/All/BV1vk4y1M7Ut.mp4: Can't follow symlink without -L/--copy-links
2026/08/06 08:26:12 NOTICE: data/video/MHC_zh/All/BV1BK411m7fv.mp4: Can't follow symlink without -L/--copy-links
2026/08/06 08:26:12 NOTICE: data/video/MHC_zh/All/BV1Zo4y1x7dF.mp4: Can't follow symlink without -L/--copy-links
2026/08/06 08:26:12 NOTICE: data/video/MHC_zh/All/BV1Mt4y1u77X.mp4: Can't follow symlink without -L/--copy-links
2026/08/06 08:26:12 NOTICE: data/video/MHC_zh/All/BV1he4y1N76x.mp4: Can't follow symlink without -L/--copy-links
2026/08/06 08:26:12 NOTICE: data/video/MHC_zh/All/BV1fU4y1X7Gu.mp4: Can't follow symlink without -L/--copy-links
2026/08/06 08:26:12 NOTICE: data/video/MHC_zh/All/BV1rt4y197Ma.mp4: Can't follow symlink without -L/--copy-links
2026/08/06 08:26:12 NOTICE: data/video/MHC_zh/All/BV1hr4y1T7VM.mp4: Can't follow symlink without -L/--copy-links
2026/08/06 08:26:12 NOTICE: data/video/MHC_zh/All/BV1sa411U7wo.mp4: Can't follow symlink without -L/--copy-links
2026/08/06 08:26:12 NOTICE: data/video/MHC_zh/All/BV1R54y1V73E.mp4: Can't follow symlink without -L/--copy-links
2026/08/06 08:26:12 NOTICE: data/video/MHC_zh/All/BV1N8411R7h7.mp4: Can't follow symlink without -L/--copy-links
2026/08/06 08:26:12 NOTICE: data/video/MHC_zh/All/BV1fc411o7Rt.mp4: Can't follow symlink without -L/--copy-links
2026/08/06 08:26:12 NOTICE: data/video/MHC_zh/All/BV1dq4y1z78t.mp4: Can't follow symlink without -L/--copy-links
2026/08/06 08:26:12 NOTICE: data/video/MHC_zh/All/BV1N94y1a73A.mp4: Can't follow symlink without -L/--copy-links
2026/08/06 08:26:12 NOTICE: data/video/MHC_zh/All/BV1yk4y1j7f4.mp4: Can't follow symlink without -L/--copy-links
2026/08/06 08:26:12 NOTICE: data/video/MHC_zh/All/BV1UL411n7Pe.mp4: Can't follow symlink without -L/--copy-links
2026/08/06 08:26:12 NOTICE: data/video/MHC_zh/All/BV1UK4y1j7N9.mp4: Can't follow symlink without -L/--copy-links
2026/08/06 08:26:12 NOTICE: data/video/MHC_zh/All/BV1EP4y1p7az.mp4: Can't follow symlink without -L/--copy-links
2026/08/06 08:26:12 NOTICE: data/video/MHC_zh/All/BV1zP4y1U7Hm.mp4: Can't follow symlink without -L/--copy-links
2026/08/06 08:26:12 NOTICE: data/video/MHC_zh/All/BV1so4y1L74Z.mp4: Can't follow symlink without -L/--copy-links
2026/08/06 08:26:12 NOTICE: data/video/MHC_zh/All/BV1Yp4y13771.mp4: Can't follow symlink without -L/--copy-links
2026/08/06 08:26:12 NOTICE: data/video/MHC_zh/All/BV1cc411C7b4.mp4: Can't follow symlink without -L/--copy-links
2026/08/06 08:26:12 NOTICE: data/video/MHC_zh/All/BV1U94y1b7Q8.mp4: Can't follow symlink without -L/--copy-links
2026/08/06 08:26:12 NOTICE: data/video/MHC_zh/All/BV1z84y1L7mP.mp4: Can't follow symlink without -L/--copy-links
2026/08/06 08:26:12 NOTICE: data/video/MHC_zh/All/BV1sb411X7b5.mp4: Can't follow symlink without -L/--copy-links
2026/08/06 08:26:12 NOTICE: data/video/MHC_zh/All/BV15P4y1J7xG.mp4: Can't follow symlink without -L/--copy-links
2026/08/06 08:26:12 NOTICE: data/video/MHC_zh/All/BV13Q4y1F7Ct.mp4: Can't follow symlink without -L/--copy-links
2026/08/06 08:26:12 NOTICE: data/video/MHC_zh/All/BV1Ff4y1T7hU.mp4: Can't follow symlink without -L/--copy-links
2026/08/06 08:26:12 NOTICE: data/video/MHC_zh/All/BV1AK4y1B7Lv.mp4: Can't follow symlink without -L/--copy-links
2026/08/06 08:26:12 NOTICE: data/video/MHC_zh/All/BV1Ed4y1J7bF.mp4: Can't follow symlink without -L/--copy-links
2026/08/06 08:26:12 NOTICE: data/video/MHC_zh/All/BV1eg4y1J7Zj.mp4: Can't follow symlink without -L/--copy-links
2026/08/06 08:26:12 NOTICE: data/video/MHC_zh/All/BV1cP41187kC.mp4: Can't follow symlink without -L/--copy-links
2026/08/06 08:26:12 NOTICE: data/video/MHC_zh/All/BV1Uu411o7YR.mp4: Can't follow symlink without -L/--copy-links
2026/08/06 08:26:12 NOTICE: data/video/MHC_zh/All/BV1Fm411D7Lr.mp4: Can't follow symlink without -L/--copy-links
2026/08/06 08:26:12 NOTICE: data/video/MHC_zh/All/BV1qK411H72N.mp4: Can't follow symlink without -L/--copy-links
2026/08/06 08:26:12 NOTICE: data/video/MHC_zh/All/BV1Go4y1J7ZA.mp4: Can't follow symlink without -L/--copy-links
2026/08/06 08:26:12 NOTICE: data/video/MHC_zh/All/BV12V4y1g7pd.mp4: Can't follow symlink without -L/--copy-links
2026/08/06 08:26:12 NOTICE: data/video/MHC_zh/All/BV1o44y197Eu.mp4: Can't follow symlink without -L/--copy-links
2026/08/06 08:26:12 NOTICE: data/video/MHC_zh/All/BV16X4y1k7oJ.mp4: Can't follow symlink without -L/--copy-links
2026/08/06 08:26:12 NOTICE: data/video/MHC_zh/All/BV1TC4y197wx.mp4: Can't follow symlink without -L/--copy-links
2026/08/06 08:26:12 NOTICE: data/video/MHC_zh/All/BV1wh411f7qV.mp4: Can't follow symlink without -L/--copy-links
2026/08/06 08:26:12 NOTICE: data/video/MHC_zh/All/BV1hf4y1Z7Pm.mp4: Can't follow symlink without -L/--copy-links
2026/08/06 08:26:12 NOTICE: data/video/MHC_zh/All/BV1fG411p7g6.mp4: Can't follow symlink without -L/--copy-links
2026/08/06 08:26:12 NOTICE: data/video/MHC_zh/All/BV1CN4y1f7gx.mp4: Can't follow symlink without -L/--copy-links
2026/08/06 08:26:12 NOTICE: data/video/MHC_zh/All/BV1Mw411B7uJ.mp4: Can't follow symlink without -L/--copy-links
2026/08/06 08:26:12 NOTICE: data/video/MHC_zh/All/BV1x54y1X7kE.mp4: Can't follow symlink without -L/--copy-links
2026/08/06 08:26:12 NOTICE: data/video/MHC_zh/All/BV1GD4y1u7Yf.mp4: Can't follow symlink without -L/--copy-links
2026/08/06 08:26:12 NOTICE: data/video/MHC_zh/All/BV1DA411y7vy.mp4: Can't follow symlink without -L/--copy-links
2026/08/06 08:26:12 NOTICE: data/video/MHC_zh/All/BV1ou4y1n7vU.mp4: Can't follow symlink without -L/--copy-links
2026/08/06 08:26:12 NOTICE: data/video/MHC_zh/All/BV1LA4y1D75Q.mp4: Can't follow symlink without -L/--copy-links
2026/08/06 08:26:12 NOTICE: data/video/MHC_zh/All/BV1D94y197UN.mp4: Can't follow symlink without -L/--copy-links
2026/08/06 08:26:12 NOTICE: data/video/MHC_zh/All/BV1Gv411E772.mp4: Can't follow symlink without -L/--copy-links
2026/08/06 08:26:12 NOTICE: data/video/MHC_zh/All/BV1i34y1p7jU.mp4: Can't follow symlink without -L/--copy-links
2026/08/06 08:26:12 NOTICE: data/video/MHC_zh/All/BV1dN411p72h.mp4: Can't follow symlink without -L/--copy-links
2026/08/06 08:26:12 NOTICE: data/video/MHC_zh/All/BV1A94y1M7bQ.mp4: Can't follow symlink without -L/--copy-links
2026/08/06 08:26:12 NOTICE: data/video/MHC_zh/All/BV1SY411A7jM.mp4: Can't follow symlink without -L/--copy-links
2026/08/06 08:26:12 NOTICE: data/video/MHC_zh/All/BV1Jz411q73E.mp4: Can't follow symlink without -L/--copy-links
2026/08/06 08:26:12 NOTICE: data/video/MHC_zh/All/BV1Wp4y1z7Dr.mp4: Can't follow symlink without -L/--copy-links
2026/08/06 08:26:12 NOTICE: data/video/MHC_zh/All/BV1Rc411u7sJ.mp4: Can't follow symlink without -L/--copy-links
2026/08/06 08:26:12 NOTICE: data/video/MHC_zh/All/BV1Au411M78x.mp4: Can't follow symlink without -L/--copy-links
2026/08/06 08:26:12 NOTICE: data/video/MHC_zh/All/BV15c411477v.mp4: Can't follow symlink without -L/--copy-links
2026/08/06 08:26:12 NOTICE: data/video/MHC_zh/All/BV1RH4y1i7Lu.mp4: Can't follow symlink without -L/--copy-links
2026/08/06 08:26:12 NOTICE: data/video/MHC_zh/All/BV1o54y157yg.mp4: Can't follow symlink without -L/--copy-links
2026/08/06 08:26:12 NOTICE: data/video/MHC_zh/All/BV1s3411f7Zr.mp4: Can't follow symlink without -L/--copy-links
2026/08/06 08:26:12 NOTICE: data/video/MHC_zh/All/BV1te411D7zR.mp4: Can't follow symlink without -L/--copy-links
2026/08/06 08:26:12 NOTICE: data/video/MHC_zh/All/BV1BL4y1j7iH.mp4: Can't follow symlink without -L/--copy-links
2026/08/06 08:26:12 NOTICE: data/video/MHC_zh/All/BV1PW4y1x7kS.mp4: Can't follow symlink without -L/--copy-links
2026/08/06 08:26:12 NOTICE: data/video/MHC_zh/All/BV1pK411G7vj.mp4: Can't follow symlink without -L/--copy-links
2026/08/06 08:26:12 NOTICE: data/video/MHC_zh/All/BV13V411Q7zg.mp4: Can't follow symlink without -L/--copy-links
2026/08/06 08:26:12 NOTICE: data/video/MHC_zh/All/BV1MQ4y1N77K.mp4: Can't follow symlink without -L/--copy-links
2026/08/06 08:26:12 NOTICE: data/video/MHC_zh/All/BV1Bk4y1A7y9.mp4: Can't follow symlink without -L/--copy-links
2026/08/06 08:26:12 NOTICE: data/video/MHC_zh/All/BV1Te411m7PS.mp4: Can't follow symlink without -L/--copy-links
2026/08/06 08:26:12 NOTICE: data/video/MHC_zh/All/BV1nB4y1Q73J.mp4: Can't follow symlink without -L/--copy-links
2026/08/06 08:26:12 NOTICE: data/video/MHC_zh/All/BV1uU4y1P7D3.mp4: Can't follow symlink without -L/--copy-links
2026/08/06 08:26:12 NOTICE: data/video/MHC_zh/All/BV1Cr4y1u7Y7.mp4: Can't follow symlink without -L/--copy-links
2026/08/06 08:26:12 NOTICE: data/video/MHC_zh/All/BV1oS4y1c7v3.mp4: Can't follow symlink without -L/--copy-links
2026/08/06 08:26:12 NOTICE: data/video/MHC_zh/All/BV13y4y1J7ZU.mp4: Can't follow symlink without -L/--copy-links
2026/08/06 08:26:12 NOTICE: data/video/MHC_zh/All/BV1sy4y1X75j.mp4: Can't follow symlink without -L/--copy-links
2026/08/06 08:26:12 NOTICE: data/video/MHC_zh/All/BV1cR4y1m7YS.mp4: Can't follow symlink without -L/--copy-links
2026/08/06 08:26:12 NOTICE: data/video/MHC_zh/All/BV1vC4y1K7E7.mp4: Can't follow symlink without -L/--copy-links
2026/08/06 08:26:12 NOTICE: data/video/MHC_zh/All/BV1Pj411N7Mb.mp4: Can't follow symlink without -L/--copy-links
2026/08/06 08:26:12 NOTICE: data/video/MHC_zh/All/BV11u411G7Na.mp4: Can't follow symlink without -L/--copy-links
2026/08/06 08:26:12 NOTICE: data/video/MHC_zh/All/BV1gV4y1a7HY.mp4: Can't follow symlink without -L/--copy-links
2026/08/06 08:26:12 NOTICE: data/video/MHC_zh/All/BV1s24y1L7tr.mp4: Can't follow symlink without -L/--copy-links
2026/08/06 08:26:12 NOTICE: data/video/MHC_zh/All/BV15F411z7tS.mp4: Can't follow symlink without -L/--copy-links
2026/08/06 08:26:12 NOTICE: data/video/MHC_zh/All/BV1r64y1H78r.mp4: Can't follow symlink without -L/--copy-links
2026/08/06 08:26:12 NOTICE: data/video/MHC_zh/All/BV1S84y1R7B4.mp4: Can't follow symlink without -L/--copy-links
2026/08/06 08:26:12 NOTICE: data/video/MHC_zh/All/BV13z4y197Mb.mp4: Can't follow symlink without -L/--copy-links
2026/08/06 08:26:12 NOTICE: data/video/MHC_zh/All/BV1UT4y1p7WS.mp4: Can't follow symlink without -L/--copy-links
2026/08/06 08:26:12 NOTICE: data/video/MHC_zh/All/BV1kq4y1d7L2.mp4: Can't follow symlink without -L/--copy-links
2026/08/06 08:26:12 NOTICE: data/video/MHC_zh/All/BV1Zk4y1W7mz.mp4: Can't follow symlink without -L/--copy-links
2026/08/06 08:26:12 NOTICE: data/video/MHC_zh/All/BV14E411b7oC.mp4: Can't follow symlink without -L/--copy-links
2026/08/06 08:26:12 NOTICE: data/video/MHC_zh/All/BV1GW4y1v7Qi.mp4: Can't follow symlink without -L/--copy-links
2026/08/06 08:26:12 NOTICE: data/video/MHC_zh/All/BV1Aq4y187wR.mp4: Can't follow symlink without -L/--copy-links
2026/08/06 08:26:12 NOTICE: data/video/MHC_zh/All/BV1Uw411v7w1.mp4: Can't follow symlink without -L/--copy-links
2026/08/06 08:26:12 NOTICE: data/video/MHC_zh/All/BV1Qa4y1W7xv.mp4: Can't follow symlink without -L/--copy-links
2026/08/06 08:26:12 NOTICE: data/video/MHC_zh/All/BV1tq4y1G74f.mp4: Can't follow symlink without -L/--copy-links
2026/08/06 08:26:12 NOTICE: data/video/MHC_zh/All/BV1GB4y1M7y1.mp4: Can't follow symlink without -L/--copy-links
2026/08/06 08:26:12 NOTICE: data/video/MHC_zh/All/BV11m4y1C7CJ.mp4: Can't follow symlink without -L/--copy-links
2026/08/06 08:26:12 NOTICE: data/video/MHC_zh/All/BV1Zm4y1z7sE.mp4: Can't follow symlink without -L/--copy-links
2026/08/06 08:26:12 NOTICE: data/video/MHC_zh/All/BV13K4y1B7rQ.mp4: Can't follow symlink without -L/--copy-links
2026/08/06 08:26:12 NOTICE: data/video/MHC_zh/All/BV12B4y1J7FM.mp4: Can't follow symlink without -L/--copy-links
2026/08/06 08:26:12 NOTICE: data/video/MHC_zh/All/BV1ru411E7Ph.mp4: Can't follow symlink without -L/--copy-links
2026/08/06 08:26:12 NOTICE: data/video/MHC_zh/All/BV1q84y1e78M.mp4: Can't follow symlink without -L/--copy-links
2026/08/06 08:26:12 NOTICE: data/video/MHC_zh/All/BV1qm4y1B7QG.mp4: Can't follow symlink without -L/--copy-links
2026/08/06 08:26:12 NOTICE: data/video/MHC_zh/All/BV1qe411r7Mg.mp4: Can't follow symlink without -L/--copy-links
2026/08/06 08:26:12 NOTICE: data/video/MHC_zh/All/BV1xN411u7Jh.mp4: Can't follow symlink without -L/--copy-links
2026/08/06 08:26:12 NOTICE: data/video/MHC_zh/All/BV1C14y1w7vm.mp4: Can't follow symlink without -L/--copy-links
2026/08/06 08:26:12 NOTICE: data/video/MHC_zh/All/BV1JZ421z7Y7.mp4: Can't follow symlink without -L/--copy-links
2026/08/06 08:26:12 NOTICE: data/video/MHC_zh/All/BV117421N7HM.mp4: Can't follow symlink without -L/--copy-links
2026/08/06 08:26:12 NOTICE: data/video/MHC_zh/All/BV1ze4y1q7mk.mp4: Can't follow symlink without -L/--copy-links
2026/08/06 08:26:12 NOTICE: data/video/MHC_zh/All/BV1ko4y187wP.mp4: Can't follow symlink without -L/--copy-links
2026/08/06 08:26:12 NOTICE: data/video/MHC_zh/All/BV18a4y1r7XW.mp4: Can't follow symlink without -L/--copy-links
2026/08/06 08:26:12 NOTICE: data/video/MHC_zh/All/BV1CN4y1h79K.mp4: Can't follow symlink without -L/--copy-links
2026/08/06 08:26:12 NOTICE: data/video/MHC_zh/All/BV1xE411Y7Dv.mp4: Can't follow symlink without -L/--copy-links
2026/08/06 08:26:12 NOTICE: data/video/MHC_zh/All/BV1jJ41147t5.mp4: Can't follow symlink without -L/--copy-links
2026/08/06 08:26:12 NOTICE: data/video/MHC_zh/All/BV1494y1F7Vz.mp4: Can't follow symlink without -L/--copy-links
2026/08/06 08:26:12 NOTICE: data/video/MHC_zh/All/BV1LZ4y1v7FB.mp4: Can't follow symlink without -L/--copy-links
2026/08/06 08:26:12 NOTICE: data/video/MHC_zh/All/BV1aP41167kx.mp4: Can't follow symlink without -L/--copy-links
2026/08/06 08:26:12 NOTICE: data/video/MHC_zh/All/BV11j411R76r.mp4: Can't follow symlink without -L/--copy-links
2026/08/06 08:26:12 NOTICE: data/video/MHC_zh/All/BV1hp4y1E7z8.mp4: Can't follow symlink without -L/--copy-links
2026/08/06 08:26:12 NOTICE: data/video/MHC_zh/All/BV1354y1G7Td.mp4: Can't follow symlink without -L/--copy-links
2026/08/06 08:26:12 NOTICE: data/video/MHC_zh/All/BV1nY4y1B7h3.mp4: Can't follow symlink without -L/--copy-links
2026/08/06 08:26:12 NOTICE: data/video/MHC_zh/All/BV1ru4m1N7qy.mp4: Can't follow symlink without -L/--copy-links
2026/08/06 08:26:12 NOTICE: data/video/MHC_zh/All/BV1z441137YL.mp4: Can't follow symlink without -L/--copy-links
2026/08/06 08:26:12 NOTICE: data/video/MHC_zh/All/BV1cu4y1g76S.mp4: Can't follow symlink without -L/--copy-links
2026/08/06 08:26:12 NOTICE: data/video/MHC_zh/All/BV1Rv4y1C7x8.mp4: Can't follow symlink without -L/--copy-links
2026/08/06 08:26:12 NOTICE: data/video/MHC_zh/All/BV1824y1g76b.mp4: Can't follow symlink without -L/--copy-links
2026/08/06 08:26:12 NOTICE: data/video/MHC_zh/All/BV1GD4y187g7.mp4: Can't follow symlink without -L/--copy-links
2026/08/06 08:26:12 NOTICE: data/video/MHC_zh/All/BV1wK4y1d79P.mp4: Can't follow symlink without -L/--copy-links
2026/08/06 08:26:12 NOTICE: data/video/MHC_zh/All/BV1Gb411o7Fr.mp4: Can't follow symlink without -L/--copy-links
2026/08/06 08:26:12 NOTICE: data/video/MHC_zh/All/BV1jW4y1n7fP.mp4: Can't follow symlink without -L/--copy-links
2026/08/06 08:26:12 NOTICE: data/video/MHC_zh/All/BV1zb411M7g3.mp4: Can't follow symlink without -L/--copy-links
2026/08/06 08:26:12 NOTICE: data/video/MHC_zh/All/BV1hu4y1f7Ni.mp4: Can't follow symlink without -L/--copy-links
2026/08/06 08:26:12 NOTICE: data/video/MHC_zh/All/BV19J411G7MT.mp4: Can't follow symlink without -L/--copy-links
2026/08/06 08:26:12 NOTICE: data/video/MHC_zh/All/BV1214y1279y.mp4: Can't follow symlink without -L/--copy-links
2026/08/06 08:26:12 NOTICE: data/video/MHC_zh/All/BV1Bw411z71n.mp4: Can't follow symlink without -L/--copy-links
2026/08/06 08:26:12 NOTICE: data/video/MHC_zh/All/BV1gT411H7a3.mp4: Can't follow symlink without -L/--copy-links
2026/08/06 08:26:12 NOTICE: data/video/MHC_zh/All/BV1bp4y1h7m1.mp4: Can't follow symlink without -L/--copy-links
2026/08/06 08:26:12 NOTICE: data/video/MHC_zh/All/BV1wX4y1R7WZ.mp4: Can't follow symlink without -L/--copy-links
2026/08/06 08:26:12 NOTICE: data/video/MHC_zh/All/BV1wS4y1t7ws.mp4: Can't follow symlink without -L/--copy-links
2026/08/06 08:26:12 NOTICE: data/video/MHC_zh/All/BV1au4y147Mr.mp4: Can't follow symlink without -L/--copy-links
2026/08/06 08:26:12 NOTICE: data/video/MHC_zh/All/BV1uc41197AR.mp4: Can't follow symlink without -L/--copy-links
2026/08/06 08:26:12 NOTICE: data/video/MHC_zh/All/BV1nf4y1q7NV.mp4: Can't follow symlink without -L/--copy-links
2026/08/06 08:26:12 NOTICE: data/video/MHC_zh/All/BV1GN41157rE.mp4: Can't follow symlink without -L/--copy-links
2026/08/06 08:26:12 NOTICE: data/video/MHC_zh/All/BV1xt411X7GM.mp4: Can't follow symlink without -L/--copy-links
2026/08/06 08:26:12 NOTICE: data/video/MHC_zh/All/BV1wa411f7Xx.mp4: Can't follow symlink without -L/--copy-links
2026/08/06 08:26:12 NOTICE: data/video/MHC_zh/All/BV1qT411a7CZ.mp4: Can't follow symlink without -L/--copy-links
2026/08/06 08:26:12 NOTICE: data/video/MHC_zh/All/BV1Nt411N7bA.mp4: Can't follow symlink without -L/--copy-links
2026/08/06 08:26:12 NOTICE: data/video/MHC_zh/All/BV1gT41167Jb.mp4: Can't follow symlink without -L/--copy-links
2026/08/06 08:26:12 NOTICE: data/video/MHC_zh/All/BV1724y1475b.mp4: Can't follow symlink without -L/--copy-links
2026/08/06 08:26:12 NOTICE: data/video/MHC_zh/All/BV1wN411g7qt.mp4: Can't follow symlink without -L/--copy-links
2026/08/06 08:26:12 NOTICE: data/video/MHC_zh/All/BV1e24y1T7Z2.mp4: Can't follow symlink without -L/--copy-links
2026/08/06 08:26:12 NOTICE: data/video/MHC_zh/All/BV17z4y1M7z4.mp4: Can't follow symlink without -L/--copy-links
2026/08/06 08:26:12 NOTICE: data/video/MHC_zh/All/BV17B4y1d7g7.mp4: Can't follow symlink without -L/--copy-links
2026/08/06 08:26:12 NOTICE: data/video/MHC_zh/All/BV1GD4y1R7jX.mp4: Can't follow symlink without -L/--copy-links
2026/08/06 08:26:12 NOTICE: data/video/MHC_zh/All/BV18i4y1b7k3.mp4: Can't follow symlink without -L/--copy-links
2026/08/06 08:26:12 NOTICE: data/video/MHC_zh/All/BV1564y1M7Z6.mp4: Can't follow symlink without -L/--copy-links
2026/08/06 08:26:12 NOTICE: data/video/MHC_zh/All/BV16g411H7Mr.mp4: Can't follow symlink without -L/--copy-links
2026/08/06 08:26:12 NOTICE: data/video/MHC_zh/All/BV158411i7rQ.mp4: Can't follow symlink without -L/--copy-links
2026/08/06 08:26:12 NOTICE: data/video/MHC_zh/All/BV1t5411h71N.mp4: Can't follow symlink without -L/--copy-links
2026/08/06 08:26:12 NOTICE: data/video/MHC_zh/All/BV1iD4y1B7Sw.mp4: Can't follow symlink without -L/--copy-links
2026/08/06 08:26:12 NOTICE: data/video/MHC_zh/All/BV1hr4y1T7EE.mp4: Can't follow symlink without -L/--copy-links
2026/08/06 08:26:12 NOTICE: data/video/MHC_zh/All/BV1Jw411j7oC.mp4: Can't follow symlink without -L/--copy-links
2026/08/06 08:26:12 NOTICE: data/video/MHC_zh/All/BV1rL411B7pD.mp4: Can't follow symlink without -L/--copy-links
2026/08/06 08:26:12 NOTICE: data/video/MHC_zh/All/BV1X34y1u77R.mp4: Can't follow symlink without -L/--copy-links
2026/08/06 08:26:12 NOTICE: data/video/MHC_zh/All/BV1EN4y1j7rN.mp4: Can't follow symlink without -L/--copy-links
2026/08/06 08:26:12 NOTICE: data/video/MHC_zh/All/BV1hC4y1Z7tH.mp4: Can't follow symlink without -L/--copy-links
2026/08/06 08:26:12 NOTICE: data/video/MHC_zh/All/BV1dC4y1N73S.mp4: Can't follow symlink without -L/--copy-links
2026/08/06 08:26:12 NOTICE: data/video/MHC_zh/All/BV1vz4y1r7ot.mp4: Can't follow symlink without -L/--copy-links
2026/08/06 08:26:12 NOTICE: data/video/MHC_zh/All/BV1dX4y1c7GG.mp4: Can't follow symlink without -L/--copy-links
2026/08/06 08:26:12 NOTICE: data/video/MHC_zh/All/BV1cM411J7bN.mp4: Can't follow symlink without -L/--copy-links
2026/08/06 08:26:12 NOTICE: data/video/MHC_zh/All/BV1nP4y1s75k.mp4: Can't follow symlink without -L/--copy-links
2026/08/06 08:26:12 NOTICE: data/video/MHC_zh/All/BV1v94y1C7r2.mp4: Can't follow symlink without -L/--copy-links
2026/08/06 08:26:12 NOTICE: data/video/MHC_zh/All/BV144421w742.mp4: Can't follow symlink without -L/--copy-links
2026/08/06 08:26:12 NOTICE: data/video/MHC_zh/All/BV1ot411h7my.mp4: Can't follow symlink without -L/--copy-links
2026/08/06 08:26:12 NOTICE: data/video/MHC_zh/All/BV1Go4y1p7RS.mp4: Can't follow symlink without -L/--copy-links
2026/08/06 08:26:12 NOTICE: data/video/MHC_zh/All/BV1sV4y117mE.mp4: Can't follow symlink without -L/--copy-links
2026/08/06 08:26:12 NOTICE: data/video/MHC_zh/All/BV1P64y1a7R5.mp4: Can't follow symlink without -L/--copy-links
2026/08/06 08:26:12 NOTICE: data/video/MHC_zh/All/BV17x411f7n3.mp4: Can't follow symlink without -L/--copy-links
2026/08/06 08:26:12 NOTICE: data/video/MHC_zh/All/BV1Fi4y1e7LM.mp4: Can't follow symlink without -L/--copy-links
2026/08/06 08:26:12 NOTICE: data/video/MHC_zh/All/BV1cf4y1K7QG.mp4: Can't follow symlink without -L/--copy-links
2026/08/06 08:26:12 NOTICE: data/video/MHC_zh/All/BV1w24y1n7qB.mp4: Can't follow symlink without -L/--copy-links
2026/08/06 08:26:12 NOTICE: data/video/MHC_zh/All/BV1a24y1w79M.mp4: Can't follow symlink without -L/--copy-links
2026/08/06 08:26:12 NOTICE: data/video/MHC_zh/All/BV1qV411w7t1.mp4: Can't follow symlink without -L/--copy-links
2026/08/06 08:26:12 NOTICE: data/video/MHC_zh/All/BV1cp421o7gr.mp4: Can't follow symlink without -L/--copy-links
2026/08/06 08:26:12 NOTICE: data/video/MHC_zh/All/BV1wE411f7y8.mp4: Can't follow symlink without -L/--copy-links
2026/08/06 08:26:12 NOTICE: data/video/MHC_zh/All/BV1yd4y1c7nm.mp4: Can't follow symlink without -L/--copy-links
2026/08/06 08:26:12 NOTICE: data/video/MHC_zh/All/BV1XQ4y117qV.mp4: Can't follow symlink without -L/--copy-links
2026/08/06 08:26:12 NOTICE: data/video/MHC_zh/All/BV1E7411A783.mp4: Can't follow symlink without -L/--copy-links
2026/08/06 08:26:12 NOTICE: data/video/MHC_zh/All/BV1N14y1a7Pq.mp4: Can't follow symlink without -L/--copy-links
2026/08/06 08:26:12 NOTICE: data/video/MHC_zh/All/BV12M4y1t7RL.mp4: Can't follow symlink without -L/--copy-links
2026/08/06 08:26:12 NOTICE: data/video/MHC_zh/All/BV1Rt4y1U78p.mp4: Can't follow symlink without -L/--copy-links
2026/08/06 08:26:12 NOTICE: data/video/MHC_zh/All/BV1LG41187u5.mp4: Can't follow symlink without -L/--copy-links
2026/08/06 08:26:12 NOTICE: data/video/MHC_zh/All/BV18H4y1h79P.mp4: Can't follow symlink without -L/--copy-links
2026/08/06 08:26:12 NOTICE: data/video/MHC_zh/All/BV1GD4y127wf.mp4: Can't follow symlink without -L/--copy-links
2026/08/06 08:26:12 NOTICE: data/video/MHC_zh/All/BV1Q4411X7ZX.mp4: Can't follow symlink without -L/--copy-links
2026/08/06 08:26:12 NOTICE: data/video/MHC_zh/All/BV1VX4y1q7Mc.mp4: Can't follow symlink without -L/--copy-links
2026/08/06 08:26:12 NOTICE: data/video/MHC_zh/All/BV1nj411a7tK.mp4: Can't follow symlink without -L/--copy-links
2026/08/06 08:26:12 NOTICE: data/video/MHC_zh/All/BV1R341127r6.mp4: Can't follow symlink without -L/--copy-links
2026/08/06 08:26:12 NOTICE: data/video/MHC_zh/All/BV1iW411k7xa.mp4: Can't follow symlink without -L/--copy-links
2026/08/06 08:26:12 NOTICE: data/video/MHC_zh/All/BV1sh411w7bY.mp4: Can't follow symlink without -L/--copy-links
2026/08/06 08:26:12 NOTICE: data/video/MHC_zh/All/BV1sU4y187tU.mp4: Can't follow symlink without -L/--copy-links
2026/08/06 08:26:12 NOTICE: data/video/MHC_zh/All/BV1U24y1k7qw.mp4: Can't follow symlink without -L/--copy-links
2026/08/06 08:26:12 NOTICE: data/video/MHC_zh/All/BV13u411N7dP.mp4: Can't follow symlink without -L/--copy-links
2026/08/06 08:26:12 NOTICE: data/video/MHC_zh/All/BV13g411w7Dr.mp4: Can't follow symlink without -L/--copy-links
2026/08/06 08:26:12 NOTICE: data/video/MHC_zh/All/BV1f4411F7FC.mp4: Can't follow symlink without -L/--copy-links
2026/08/06 08:26:12 NOTICE: data/video/MHC_zh/All/BV1Ci4y1M7EX.mp4: Can't follow symlink without -L/--copy-links
2026/08/06 08:26:12 NOTICE: data/video/MHC_zh/All/BV19w411u73q.mp4: Can't follow symlink without -L/--copy-links
2026/08/06 08:26:12 NOTICE: data/video/MHC_zh/All/BV1Yb4y1g7f1.mp4: Can't follow symlink without -L/--copy-links
2026/08/06 08:26:12 NOTICE: data/video/MHC_zh/All/BV16E411b7B6.mp4: Can't follow symlink without -L/--copy-links
2026/08/06 08:26:12 NOTICE: data/video/MHC_zh/All/BV1XY4y1L72E.mp4: Can't follow symlink without -L/--copy-links
2026/08/06 08:26:12 NOTICE: data/video/MHC_zh/All/BV1nV4y1B7co.mp4: Can't follow symlink without -L/--copy-links
2026/08/06 08:26:12 NOTICE: data/video/MHC_zh/All/BV1Bk4y1U7Fk.mp4: Can't follow symlink without -L/--copy-links
2026/08/06 08:26:12 NOTICE: data/video/MHC_zh/All/BV1ja4y1k7Y6.mp4: Can't follow symlink without -L/--copy-links
2026/08/06 08:26:12 NOTICE: data/video/MHC_zh/All/BV1pQ4y1o7aZ.mp4: Can't follow symlink without -L/--copy-links
2026/08/06 08:26:12 NOTICE: data/video/MHC_zh/All/BV1eV4y1Q7Ys.mp4: Can't follow symlink without -L/--copy-links
2026/08/06 08:26:12 NOTICE: data/video/MHC_zh/All/BV133411N7Lz.mp4: Can't follow symlink without -L/--copy-links
2026/08/06 08:26:12 NOTICE: data/video/MHC_zh/All/BV19Q4y1a7KG.mp4: Can't follow symlink without -L/--copy-links
2026/08/06 08:26:12 NOTICE: data/video/MHC_zh/All/BV1Sh4y1L74E.mp4: Can't follow symlink without -L/--copy-links
2026/08/06 08:26:12 NOTICE: data/video/MHC_zh/All/BV1Fw411c7mX.mp4: Can't follow symlink without -L/--copy-links
2026/08/06 08:26:12 NOTICE: data/video/MHC_zh/All/BV1Hd4y1k7RJ.mp4: Can't follow symlink without -L/--copy-links
2026/08/06 08:26:12 NOTICE: data/video/MHC_zh/All/BV1fS4y1z7XE.mp4: Can't follow symlink without -L/--copy-links
2026/08/06 08:26:12 NOTICE: data/video/MHC_zh/All/BV12R4y1w7Xq.mp4: Can't follow symlink without -L/--copy-links
2026/08/06 08:26:12 NOTICE: data/video/MHC_zh/All/BV1zq4y137xA.mp4: Can't follow symlink without -L/--copy-links
2026/08/06 08:26:12 NOTICE: data/video/MHC_zh/All/BV1iK4y1x72Q.mp4: Can't follow symlink without -L/--copy-links
2026/08/06 08:26:12 NOTICE: data/video/MHC_zh/All/BV1Hy4y1E7g2.mp4: Can't follow symlink without -L/--copy-links
2026/08/06 08:26:12 NOTICE: data/video/MHC_zh/All/BV1FJ411c7ui.mp4: Can't follow symlink without -L/--copy-links
2026/08/06 08:26:12 NOTICE: data/video/MHC_zh/All/BV19Q4y1m74q.mp4: Can't follow symlink without -L/--copy-links
2026/08/06 08:26:12 NOTICE: data/video/MHC_zh/All/BV1bm4y1C7W4.mp4: Can't follow symlink without -L/--copy-links
2026/08/06 08:26:12 NOTICE: data/video/MHC_zh/All/BV1Dv4y1r7pu.mp4: Can't follow symlink without -L/--copy-links
2026/08/06 08:26:12 NOTICE: data/video/MHC_zh/All/BV1fZ4y1A75h.mp4: Can't follow symlink without -L/--copy-links
2026/08/06 08:26:12 NOTICE: data/video/MHC_zh/All/BV1ma4y1z7Kv.mp4: Can't follow symlink without -L/--copy-links
2026/08/06 08:26:12 NOTICE: data/video/MHC_zh/All/BV12s4y1M7rX.mp4: Can't follow symlink without -L/--copy-links
2026/08/06 08:26:12 NOTICE: data/video/MHC_zh/All/BV12u4y1c7B8.mp4: Can't follow symlink without -L/--copy-links
2026/08/06 08:26:12 NOTICE: data/video/MHC_zh/All/BV1aE411F77P.mp4: Can't follow symlink without -L/--copy-links
2026/08/06 08:26:12 NOTICE: data/video/MHC_zh/All/BV1UN4y1i76c.mp4: Can't follow symlink without -L/--copy-links
2026/08/06 08:26:12 NOTICE: data/video/MHC_zh/All/BV1pY4y1L7TN.mp4: Can't follow symlink without -L/--copy-links
2026/08/06 08:26:12 NOTICE: data/video/MHC_zh/All/BV1K8411u7WV.mp4: Can't follow symlink without -L/--copy-links
2026/08/06 08:26:12 NOTICE: data/video/MHC_zh/All/BV1z84y1W7qa.mp4: Can't follow symlink without -L/--copy-links
2026/08/06 08:26:12 NOTICE: data/video/MHC_zh/All/BV1aa4y1m7DK.mp4: Can't follow symlink without -L/--copy-links
2026/08/06 08:26:12 NOTICE: data/video/MHC_zh/All/BV1jT4y1Q7qJ.mp4: Can't follow symlink without -L/--copy-links
2026/08/06 08:26:12 NOTICE: data/video/MHC_zh/All/BV1pY4y187qh.mp4: Can't follow symlink without -L/--copy-links
2026/08/06 08:26:12 NOTICE: data/video/MHC_zh/All/BV1t44y1J7zD.mp4: Can't follow symlink without -L/--copy-links
2026/08/06 08:26:12 NOTICE: data/video/MHC_zh/All/BV1CT411Y78R.mp4: Can't follow symlink without -L/--copy-links
2026/08/06 08:26:12 NOTICE: data/video/MHC_zh/All/BV1uL41157ZA.mp4: Can't follow symlink without -L/--copy-links
2026/08/06 08:26:12 NOTICE: data/video/MHC_zh/All/BV1Es4y1m7AT.mp4: Can't follow symlink without -L/--copy-links
2026/08/06 08:26:12 NOTICE: data/video/MHC_zh/All/BV1XG4y1a7c1.mp4: Can't follow symlink without -L/--copy-links
2026/08/06 08:26:12 NOTICE: data/video/MHC_zh/All/BV1zc411d7LH.mp4: Can't follow symlink without -L/--copy-links
2026/08/06 08:26:12 NOTICE: data/video/MHC_zh/All/BV1mJ41187Gc.mp4: Can't follow symlink without -L/--copy-links
2026/08/06 08:26:12 NOTICE: data/video/MHC_zh/All/BV14u4y1H7sA.mp4: Can't follow symlink without -L/--copy-links
2026/08/06 08:26:12 NOTICE: data/video/MHC_zh/All/BV1q642137Ej.mp4: Can't follow symlink without -L/--copy-links
2026/08/06 08:26:12 NOTICE: data/video/MHC_zh/All/BV1jz4y1P77v.mp4: Can't follow symlink without -L/--copy-links
2026/08/06 08:26:12 NOTICE: data/video/MHC_zh/All/BV1EY4y1V7WP.mp4: Can't follow symlink without -L/--copy-links
2026/08/06 08:26:12 NOTICE: data/video/MHC_zh/All/BV1is4y167BW.mp4: Can't follow symlink without -L/--copy-links
2026/08/06 08:26:12 NOTICE: data/video/MHC_zh/All/BV1Ea411H71M.mp4: Can't follow symlink without -L/--copy-links
2026/08/06 08:26:12 NOTICE: data/video/MHC_zh/All/BV1mG411J7Gy.mp4: Can't follow symlink without -L/--copy-links
2026/08/06 08:26:12 NOTICE: data/video/MHC_zh/All/BV1Tf4y1k7rM.mp4: Can't follow symlink without -L/--copy-links
2026/08/06 08:26:12 NOTICE: data/video/MHC_zh/All/BV1ke41157yE.mp4: Can't follow symlink without -L/--copy-links
2026/08/06 08:26:12 NOTICE: data/video/MHC_zh/All/BV1EL411q7Bu.mp4: Can't follow symlink without -L/--copy-links
2026/08/06 08:26:12 NOTICE: data/video/MHC_zh/All/BV1Dg4y1r7vg.mp4: Can't follow symlink without -L/--copy-links
2026/08/06 08:26:12 NOTICE: data/video/MHC_zh/All/BV1a34y1p7xu.mp4: Can't follow symlink without -L/--copy-links
2026/08/06 08:26:12 NOTICE: data/video/MHC_zh/All/BV12B4y1x7eK.mp4: Can't follow symlink without -L/--copy-links
2026/08/06 08:26:12 NOTICE: data/video/MHC_zh/All/BV1G24y187Fh.mp4: Can't follow symlink without -L/--copy-links
2026/08/06 08:26:12 NOTICE: data/video/MHC_zh/All/BV1i24y1K7iC.mp4: Can't follow symlink without -L/--copy-links
2026/08/06 08:26:12 NOTICE: data/video/MHC_zh/All/BV1Km4y1u7ri.mp4: Can't follow symlink without -L/--copy-links
2026/08/06 08:26:12 NOTICE: data/video/MHC_zh/All/BV1jh411F7HB.mp4: Can't follow symlink without -L/--copy-links
2026/08/06 08:26:12 NOTICE: data/video/MHC_zh/All/BV1Lj411D76g.mp4: Can't follow symlink without -L/--copy-links
2026/08/06 08:26:12 NOTICE: data/video/MHC_zh/All/BV1pr4y1H7fx.mp4: Can't follow symlink without -L/--copy-links
2026/08/06 08:26:12 NOTICE: data/video/MHC_zh/All/BV1Cc411k7sw.mp4: Can't follow symlink without -L/--copy-links
2026/08/06 08:26:12 NOTICE: data/video/MHC_zh/All/BV1ZV4y1a7uV.mp4: Can't follow symlink without -L/--copy-links
2026/08/06 08:26:12 NOTICE: data/video/MHC_zh/All/BV16U4y1m7Vb.mp4: Can't follow symlink without -L/--copy-links
2026/08/06 08:26:12 NOTICE: data/video/MHC_zh/All/BV1Dm4y1J7Pj.mp4: Can't follow symlink without -L/--copy-links
2026/08/06 08:26:12 NOTICE: data/video/MHC_zh/All/BV1QT41127um.mp4: Can't follow symlink without -L/--copy-links
2026/08/06 08:26:12 NOTICE: data/video/MHC_zh/All/BV1JL411z7TM.mp4: Can't follow symlink without -L/--copy-links
2026/08/06 08:26:12 NOTICE: data/video/MHC_zh/All/BV1sg411i7Ft.mp4: Can't follow symlink without -L/--copy-links
2026/08/06 08:26:12 NOTICE: data/video/MHC_zh/All/BV1vK41177zi.mp4: Can't follow symlink without -L/--copy-links
2026/08/06 08:26:12 NOTICE: data/video/MHC_zh/All/BV1ov4y1b7Yb.mp4: Can't follow symlink without -L/--copy-links
2026/08/06 08:26:12 NOTICE: data/video/MHC_zh/All/BV12C4y1m7ic.mp4: Can't follow symlink without -L/--copy-links
2026/08/06 08:26:12 NOTICE: data/video/MHC_zh/All/BV15w411U7DR.mp4: Can't follow symlink without -L/--copy-links
2026/08/06 08:26:12 NOTICE: data/video/MHC_zh/All/BV1m8411z7mV.mp4: Can't follow symlink without -L/--copy-links
2026/08/06 08:26:12 NOTICE: data/video/MHC_zh/All/BV11v411t7vP.mp4: Can't follow symlink without -L/--copy-links
2026/08/06 08:26:12 NOTICE: data/video/MHC_zh/All/BV1mL411U7jj.mp4: Can't follow symlink without -L/--copy-links
2026/08/06 08:26:12 NOTICE: data/video/MHC_zh/All/BV1Lz4y1T7rn.mp4: Can't follow symlink without -L/--copy-links
2026/08/06 08:26:12 NOTICE: data/video/MHC_zh/All/BV1KT4y127UC.mp4: Can't follow symlink without -L/--copy-links
2026/08/06 08:26:12 NOTICE: data/video/MHC_zh/All/BV15B4y1Q7JM.mp4: Can't follow symlink without -L/--copy-links
2026/08/06 08:26:12 NOTICE: data/video/MHC_zh/All/BV1Yo4y1o7Wn.mp4: Can't follow symlink without -L/--copy-links
2026/08/06 08:26:12 NOTICE: data/video/MHC_zh/All/BV1R4411v7Z8.mp4: Can't follow symlink without -L/--copy-links
2026/08/06 08:26:12 NOTICE: data/video/MHC_zh/All/BV19e411q7UE.mp4: Can't follow symlink without -L/--copy-links
2026/08/06 08:26:12 NOTICE: data/video/MHC_zh/All/BV19C4y177iH.mp4: Can't follow symlink without -L/--copy-links
2026/08/06 08:26:12 NOTICE: data/video/MHC_zh/All/BV1Xz4y1N77w.mp4: Can't follow symlink without -L/--copy-links
2026/08/06 08:26:12 NOTICE: data/video/MHC_zh/All/BV1tr4y1Q79T.mp4: Can't follow symlink without -L/--copy-links
2026/08/06 08:26:12 NOTICE: data/video/MHC_zh/All/BV1St421E7Rm.mp4: Can't follow symlink without -L/--copy-links
2026/08/06 08:26:12 NOTICE: data/video/MHC_zh/All/BV1Wm4y1S7xc.mp4: Can't follow symlink without -L/--copy-links
2026/08/06 08:26:12 NOTICE: data/video/MHC_zh/All/BV1wP411z7P9.mp4: Can't follow symlink without -L/--copy-links
2026/08/06 08:26:12 NOTICE: data/video/MHC_zh/All/BV1VG4y177A5.mp4: Can't follow symlink without -L/--copy-links
2026/08/06 08:26:12 NOTICE: data/video/MHC_zh/All/BV1324y1L7jj.mp4: Can't follow symlink without -L/--copy-links
2026/08/06 08:26:12 NOTICE: data/video/MHC_zh/All/BV1Ss41167Ga.mp4: Can't follow symlink without -L/--copy-links
2026/08/06 08:26:12 NOTICE: data/video/MHC_zh/All/BV1VJ411378e.mp4: Can't follow symlink without -L/--copy-links
2026/08/06 08:26:12 NOTICE: data/video/MHC_zh/All/BV15E411a7Jd.mp4: Can't follow symlink without -L/--copy-links
2026/08/06 08:26:12 NOTICE: data/video/MHC_zh/All/BV1RC4y1Q7KU.mp4: Can't follow symlink without -L/--copy-links
2026/08/06 08:26:12 NOTICE: data/video/MHC_zh/All/BV1Rg411T7eN.mp4: Can't follow symlink without -L/--copy-links
2026/08/06 08:26:12 NOTICE: data/video/MHC_zh/All/BV1RW4y1D7rD.mp4: Can't follow symlink without -L/--copy-links
2026/08/06 08:26:12 NOTICE: data/video/MHC_zh/All/BV1ij411H7xa.mp4: Can't follow symlink without -L/--copy-links
2026/08/06 08:26:12 NOTICE: data/video/MHC_zh/All/BV1mB421k7aq.mp4: Can't follow symlink without -L/--copy-links
2026/08/06 08:26:12 NOTICE: data/video/MHC_zh/All/BV1Vy4y1p7x2.mp4: Can't follow symlink without -L/--copy-links
2026/08/06 08:26:12 NOTICE: data/video/MHC_zh/All/BV1to4y177df.mp4: Can't follow symlink without -L/--copy-links
2026/08/06 08:26:12 NOTICE: data/video/MHC_zh/All/BV1bV4y1i74t.mp4: Can't follow symlink without -L/--copy-links
2026/08/06 08:26:12 NOTICE: data/video/MHC_zh/All/BV1p14y1D7da.mp4: Can't follow symlink without -L/--copy-links
2026/08/06 08:26:12 NOTICE: data/video/MHC_zh/All/BV1s4411c7Xu.mp4: Can't follow symlink without -L/--copy-links
2026/08/06 08:26:12 NOTICE: data/video/MHC_zh/All/BV1fh411K7kf.mp4: Can't follow symlink without -L/--copy-links
2026/08/06 08:26:12 NOTICE: data/video/MHC_zh/All/BV1kQ4y1k72V.mp4: Can't follow symlink without -L/--copy-links
2026/08/06 08:26:12 NOTICE: data/video/MHC_zh/All/BV18u411N7U1.mp4: Can't follow symlink without -L/--copy-links
2026/08/06 08:26:12 NOTICE: data/video/MHC_zh/All/BV1NZ421r7eh.mp4: Can't follow symlink without -L/--copy-links
2026/08/06 08:26:12 NOTICE: data/video/MHC_zh/All/BV1GQ4y1w7P2.mp4: Can't follow symlink without -L/--copy-links
2026/08/06 08:26:12 NOTICE: data/video/MHC_zh/All/BV1va4y1m72C.mp4: Can't follow symlink without -L/--copy-links
2026/08/06 08:26:12 NOTICE: data/video/MHC_zh/All/BV1qZ4y1T71a.mp4: Can't follow symlink without -L/--copy-links
2026/08/06 08:26:12 NOTICE: data/video/MHC_zh/All/BV1kT411t7ax.mp4: Can't follow symlink without -L/--copy-links
2026/08/06 08:26:12 NOTICE: data/video/MHC_zh/All/BV1kN4y1e7NX.mp4: Can't follow symlink without -L/--copy-links
2026/08/06 08:26:12 NOTICE: data/video/MHC_zh/All/BV1ia411m7Yy.mp4: Can't follow symlink without -L/--copy-links
2026/08/06 08:26:12 NOTICE: data/video/MHC_zh/All/BV1f64y117V2.mp4: Can't follow symlink without -L/--copy-links
2026/08/06 08:26:12 NOTICE: data/video/MHC_zh/All/BV15W411C7FT.mp4: Can't follow symlink without -L/--copy-links
2026/08/06 08:26:12 NOTICE: data/video/MHC_zh/All/BV1bp4y1n7FC.mp4: Can't follow symlink without -L/--copy-links
2026/08/06 08:26:12 NOTICE: data/video/MHC_zh/All/BV1cC4y1J75j.mp4: Can't follow symlink without -L/--copy-links
2026/08/06 08:26:12 NOTICE: data/video/MHC_zh/All/BV1X5411s76j.mp4: Can't follow symlink without -L/--copy-links
2026/08/06 08:26:12 NOTICE: data/video/MHC_zh/All/BV1EW411o75g.mp4: Can't follow symlink without -L/--copy-links
2026/08/06 08:26:12 NOTICE: data/video/MHC_zh/All/BV1694y1N7xU.mp4: Can't follow symlink without -L/--copy-links
2026/08/06 08:26:12 NOTICE: data/video/MHC_zh/All/BV1Sk4y1B7Cr.mp4: Can't follow symlink without -L/--copy-links
2026/08/06 08:26:12 NOTICE: data/video/MHC_zh/All/BV1jk4y1Q7JZ.mp4: Can't follow symlink without -L/--copy-links
2026/08/06 08:26:12 NOTICE: data/video/MHC_zh/All/BV16p4y1H7rh.mp4: Can't follow symlink without -L/--copy-links
2026/08/06 08:26:12 NOTICE: data/video/MHC_zh/All/BV1Yp4y1R7fS.mp4: Can't follow symlink without -L/--copy-links
2026/08/06 08:26:12 NOTICE: data/video/MHC_zh/All/BV1Ra4y1V7Ji.mp4: Can't follow symlink without -L/--copy-links
2026/08/06 08:26:12 NOTICE: data/video/MHC_zh/All/BV1U24y1n7kh.mp4: Can't follow symlink without -L/--copy-links
2026/08/06 08:26:12 NOTICE: data/video/MHC_zh/All/BV1Xg4y147aM.mp4: Can't follow symlink without -L/--copy-links
2026/08/06 08:26:12 NOTICE: data/video/MHC_zh/All/BV1oJ411p7Hi.mp4: Can't follow symlink without -L/--copy-links
2026/08/06 08:26:12 NOTICE: data/video/MHC_zh/All/BV1kT411m7Lm.mp4: Can't follow symlink without -L/--copy-links
2026/08/06 08:26:12 NOTICE: data/video/MHC_zh/All/BV1Lz4y1S7U5.mp4: Can't follow symlink without -L/--copy-links
2026/08/06 08:26:12 NOTICE: data/video/MHC_zh/All/BV15h4y157Km.mp4: Can't follow symlink without -L/--copy-links
2026/08/06 08:26:12 NOTICE: data/video/MHC_zh/All/BV1bh4y1173w.mp4: Can't follow symlink without -L/--copy-links
2026/08/06 08:26:12 NOTICE: data/video/MHC_zh/All/BV1MQ4y1K7Jb.mp4: Can't follow symlink without -L/--copy-links
2026/08/06 08:26:12 NOTICE: data/video/MHC_zh/All/BV1gC4y1R7KF.mp4: Can't follow symlink without -L/--copy-links
2026/08/06 08:26:12 NOTICE: data/video/MHC_zh/All/BV1Ff4y1f7C4.mp4: Can't follow symlink without -L/--copy-links
2026/08/06 08:26:12 NOTICE: data/video/MHC_zh/All/BV1ad4y1Q7eL.mp4: Can't follow symlink without -L/--copy-links
2026/08/06 08:26:12 NOTICE: data/video/MHC_zh/All/BV1R8411N7m6.mp4: Can't follow symlink without -L/--copy-links
2026/08/06 08:26:12 NOTICE: data/video/MHC_zh/All/BV1414y1G7xq.mp4: Can't follow symlink without -L/--copy-links
2026/08/06 08:26:12 NOTICE: data/video/MHC_zh/All/BV1aT4y1j73u.mp4: Can't follow symlink without -L/--copy-links
2026/08/06 08:26:12 NOTICE: data/video/MHC_zh/All/BV19o4y1L7vD.mp4: Can't follow symlink without -L/--copy-links
2026/08/06 08:26:12 NOTICE: data/video/MHC_zh/All/BV1uF411K7DZ.mp4: Can't follow symlink without -L/--copy-links
2026/08/06 08:26:12 NOTICE: data/video/MHC_zh/All/BV1Kh411T7FJ.mp4: Can't follow symlink without -L/--copy-links
2026/08/06 08:26:12 NOTICE: data/video/MHC_zh/All/BV1a14y1n712.mp4: Can't follow symlink without -L/--copy-links
2026/08/06 08:26:12 NOTICE: data/video/MHC_zh/All/BV19Q4y1j7nx.mp4: Can't follow symlink without -L/--copy-links
2026/08/06 08:26:12 NOTICE: data/video/MHC_zh/All/BV1xt4y1R7Kd.mp4: Can't follow symlink without -L/--copy-links
2026/08/06 08:26:12 NOTICE: data/video/MHC_zh/All/BV1dh411A7p3.mp4: Can't follow symlink without -L/--copy-links
2026/08/06 08:26:12 NOTICE: data/video/MHC_zh/All/BV17N4y187LL.mp4: Can't follow symlink without -L/--copy-links
2026/08/06 08:26:12 NOTICE: data/video/MHC_zh/All/BV1Ts4y1A7XN.mp4: Can't follow symlink without -L/--copy-links
2026/08/06 08:26:12 NOTICE: data/video/MHC_zh/All/BV1Qk4y1g7PM.mp4: Can't follow symlink without -L/--copy-links
2026/08/06 08:26:12 NOTICE: data/video/MHC_zh/All/BV1qT4y1B7xM.mp4: Can't follow symlink without -L/--copy-links
2026/08/06 08:26:12 NOTICE: data/video/MHC_zh/All/BV1Us411K7va.mp4: Can't follow symlink without -L/--copy-links
2026/08/06 08:26:12 NOTICE: data/video/MHC_zh/All/BV1da411c76p.mp4: Can't follow symlink without -L/--copy-links
2026/08/06 08:26:12 NOTICE: data/video/MHC_zh/All/BV1aM41147V7.mp4: Can't follow symlink without -L/--copy-links
2026/08/06 08:26:12 NOTICE: data/video/MHC_zh/All/BV15V4y1k7tZ.mp4: Can't follow symlink without -L/--copy-links
2026/08/06 08:26:12 NOTICE: data/video/MHC_zh/All/BV1GL411G7SG.mp4: Can't follow symlink without -L/--copy-links
2026/08/06 08:26:12 NOTICE: data/video/MHC_zh/All/BV1iP411B7fA.mp4: Can't follow symlink without -L/--copy-links
2026/08/06 08:26:12 NOTICE: data/video/MHC_zh/All/BV1m741167yf.mp4: Can't follow symlink without -L/--copy-links
2026/08/06 08:26:12 NOTICE: data/video/MHC_zh/All/BV1oi4y1g7fm.mp4: Can't follow symlink without -L/--copy-links
2026/08/06 08:26:12 NOTICE: data/video/MHC_zh/All/BV1iy4y1G7aD.mp4: Can't follow symlink without -L/--copy-links
2026/08/06 08:26:12 NOTICE: data/video/MHC_zh/All/BV1q5411w7fX.mp4: Can't follow symlink without -L/--copy-links
2026/08/06 08:26:12 NOTICE: data/video/MHC_zh/All/BV1mL411x7dS.mp4: Can't follow symlink without -L/--copy-links
2026/08/06 08:26:12 NOTICE: data/video/MHC_zh/All/BV11S4y1n72U.mp4: Can't follow symlink without -L/--copy-links
2026/08/06 08:26:12 NOTICE: data/video/MHC_zh/All/BV1iQ4y197ww.mp4: Can't follow symlink without -L/--copy-links
2026/08/06 08:26:12 NOTICE: data/video/MHC_zh/All/BV1mX4y1Y79n.mp4: Can't follow symlink without -L/--copy-links
2026/08/06 08:26:12 NOTICE: data/video/MHC_zh/All/BV1q14y1M7ob.mp4: Can't follow symlink without -L/--copy-links
2026/08/06 08:26:12 NOTICE: data/video/MHC_zh/All/BV16u4y1c7nA.mp4: Can't follow symlink without -L/--copy-links
2026/08/06 08:26:12 NOTICE: data/video/MHC_zh/All/BV1tV4y1j7NZ.mp4: Can't follow symlink without -L/--copy-links
2026/08/06 08:26:12 NOTICE: data/video/MHC_zh/All/BV1XN4y1U7fj.mp4: Can't follow symlink without -L/--copy-links
2026/08/06 08:26:12 NOTICE: data/video/MHC_zh/All/BV1me4y1S7Y1.mp4: Can't follow symlink without -L/--copy-links
2026/08/06 08:26:12 NOTICE: data/video/MHC_zh/All/BV1MU4y1D7Ks.mp4: Can't follow symlink without -L/--copy-links
2026/08/06 08:26:12 NOTICE: data/video/MHC_zh/All/BV1tB421r7sX.mp4: Can't follow symlink without -L/--copy-links
2026/08/06 08:26:12 NOTICE: data/video/MHC_zh/All/BV1Le411f78S.mp4: Can't follow symlink without -L/--copy-links
2026/08/06 08:26:12 NOTICE: data/video/MHC_zh/All/BV1So4y1c7cw.mp4: Can't follow symlink without -L/--copy-links
2026/08/06 08:26:12 NOTICE: data/video/MHC_zh/All/BV1yu41137bC.mp4: Can't follow symlink without -L/--copy-links
2026/08/06 08:26:12 NOTICE: data/video/MHC_zh/All/BV1aP4y1E7PF.mp4: Can't follow symlink without -L/--copy-links
2026/08/06 08:26:12 NOTICE: data/video/MHC_zh/All/BV1vv411z7sj.mp4: Can't follow symlink without -L/--copy-links
2026/08/06 08:26:12 NOTICE: data/video/MHC_zh/All/BV1y541117g1.mp4: Can't follow symlink without -L/--copy-links
2026/08/06 08:26:12 NOTICE: data/video/MHC_zh/All/BV11S4y1X7Qc.mp4: Can't follow symlink without -L/--copy-links
2026/08/06 08:26:12 NOTICE: data/video/MHC_zh/All/BV1kj41157Je.mp4: Can't follow symlink without -L/--copy-links
2026/08/06 08:26:12 NOTICE: data/video/MHC_zh/All/BV12G4y1S7mN.mp4: Can't follow symlink without -L/--copy-links
2026/08/06 08:26:12 NOTICE: data/video/MHC_zh/All/BV1vM411p7jy.mp4: Can't follow symlink without -L/--copy-links
2026/08/06 08:26:12 NOTICE: data/video/MHC_zh/All/BV15o4y1t7gw.mp4: Can't follow symlink without -L/--copy-links
2026/08/06 08:26:12 NOTICE: data/video/MHC_zh/All/BV1cw41137uv.mp4: Can't follow symlink without -L/--copy-links
2026/08/06 08:26:12 NOTICE: data/video/MHC_zh/All/BV1Pe411Y7c5.mp4: Can't follow symlink without -L/--copy-links
2026/08/06 08:26:12 NOTICE: data/video/MHC_zh/All/BV1WF411r7Sn.mp4: Can't follow symlink without -L/--copy-links
2026/08/06 08:26:12 NOTICE: data/video/MHC_zh/All/BV1M34y1n7FT.mp4: Can't follow symlink without -L/--copy-links
2026/08/06 08:26:12 NOTICE: data/video/MHC_zh/All/BV1Fs4y1i7wM.mp4: Can't follow symlink without -L/--copy-links
2026/08/06 08:26:12 NOTICE: data/video/MHC_zh/All/BV1z4411q7KK.mp4: Can't follow symlink without -L/--copy-links
2026/08/06 08:26:12 NOTICE: data/video/MHC_zh/All/BV1pE411A787.mp4: Can't follow symlink without -L/--copy-links
2026/08/06 08:26:12 NOTICE: data/video/MHC_zh/All/BV1yK4y1z7Wc.mp4: Can't follow symlink without -L/--copy-links
2026/08/06 08:26:12 NOTICE: data/video/MHC_zh/All/BV1Fa4y1B79W.mp4: Can't follow symlink without -L/--copy-links
2026/08/06 08:26:12 NOTICE: data/video/MHC_zh/All/BV1C84y1V7Rv.mp4: Can't follow symlink without -L/--copy-links
2026/08/06 08:26:12 NOTICE: data/video/MHC_zh/All/BV1Qe411Q7Dr.mp4: Can't follow symlink without -L/--copy-links
2026/08/06 08:26:12 NOTICE: data/video/MHC_zh/All/BV1at4y1w7Yd.mp4: Can't follow symlink without -L/--copy-links
2026/08/06 08:26:12 NOTICE: data/video/MHC_zh/All/BV1tP41127dY.mp4: Can't follow symlink without -L/--copy-links
2026/08/06 08:26:12 NOTICE: data/video/MHC_zh/All/BV1aF411x7Xt.mp4: Can't follow symlink without -L/--copy-links
2026/08/06 08:26:12 NOTICE: data/video/MHC_zh/All/BV1AP4y1y7Wk.mp4: Can't follow symlink without -L/--copy-links
2026/08/06 08:26:12 NOTICE: data/video/MHC_zh/All/BV1sb4y1Q794.mp4: Can't follow symlink without -L/--copy-links
2026/08/06 08:26:12 NOTICE: data/video/MHC_zh/All/BV1XP411F7Bm.mp4: Can't follow symlink without -L/--copy-links
2026/08/06 08:26:12 NOTICE: data/video/MHC_zh/All/BV1yC4y1T7Bm.mp4: Can't follow symlink without -L/--copy-links
2026/08/06 08:26:12 NOTICE: data/video/MHC_zh/All/BV19N4y1v7yG.mp4: Can't follow symlink without -L/--copy-links
2026/08/06 08:26:12 NOTICE: data/video/MHC_zh/All/BV1aG411S72h.mp4: Can't follow symlink without -L/--copy-links
2026/08/06 08:26:12 NOTICE: data/video/MHC_zh/All/BV1NJ41177A9.mp4: Can't follow symlink without -L/--copy-links
2026/08/06 08:26:12 NOTICE: data/video/MHC_zh/All/BV1ch411L7VP.mp4: Can't follow symlink without -L/--copy-links
2026/08/06 08:26:13 NOTICE: data/video/MHCsmoke/All/4yRzcIW6BB4.mp4: Can't follow symlink without -L/--copy-links
2026/08/06 08:26:13 NOTICE: data/video/MHCsmoke/All/Hd9ebI66Quw.mp4: Can't follow symlink without -L/--copy-links
2026/08/06 08:26:13 NOTICE: data/video/MHCsmoke/All/MZFOUge3kM0.mp4: Can't follow symlink without -L/--copy-links
2026/08/06 08:26:13 NOTICE: data/video/MHCsmoke/All/MnLng0Sop2M.mp4: Can't follow symlink without -L/--copy-links
2026/08/06 08:26:13 NOTICE: data/video/MHCsmoke/All/UPG99ifsalw.mp4: Can't follow symlink without -L/--copy-links
2026/08/06 08:26:13 NOTICE: data/video/MHCsmoke/All/ZGyNjEwQSTw.mp4: Can't follow symlink without -L/--copy-links
2026/08/06 08:26:13 NOTICE: data/video/MHCsmoke/All/ceIhrPgjJXY.mp4: Can't follow symlink without -L/--copy-links
2026/08/06 08:26:13 NOTICE: data/video/MHCsmoke/All/e96hxoQPWgQ.mp4: Can't follow symlink without -L/--copy-links
2026/08/06 08:26:13 NOTICE: data/video/MHCsmoke/All/jFgzktmZ7lo.mp4: Can't follow symlink without -L/--copy-links
2026/08/06 08:26:13 NOTICE: data/video/MHCsmoke/All/k9E_ymKq-c4.mp4: Can't follow symlink without -L/--copy-links
2026/08/06 08:26:13 NOTICE: data/video/MHCsmoke/All/pR-Blu4--0U.mp4: Can't follow symlink without -L/--copy-links
2026/08/06 08:26:13 NOTICE: data/video/MHCsmoke/All/qSv9oQ2Q324.mp4: Can't follow symlink without -L/--copy-links
2026/08/06 08:26:13 NOTICE: data/video/MHCsmoke/All/s_pbSEKKse0.mp4: Can't follow symlink without -L/--copy-links
2026/08/06 08:26:13 NOTICE: data/video/MHCsmoke/All/sh_2sQJwtMk.mp4: Can't follow symlink without -L/--copy-links
2026/08/06 08:26:13 NOTICE: data/video/MHCsmoke/All/w4dNy1DkyE8.mp4: Can't follow symlink without -L/--copy-links
2026/08/06 08:26:13 NOTICE: data/video/MHCsmoke/All/zX1fn56DJHw.mp4: Can't follow symlink without -L/--copy-links
2026/08/06 08:26:13 NOTICE: data/video/MHCsmoke/All/0scBnSdMVAo.mp4: Can't follow symlink without -L/--copy-links
2026/08/06 08:26:13 NOTICE: data/video/MHCsmoke/All/6YJlcoEadZ0.mp4: Can't follow symlink without -L/--copy-links
2026/08/06 08:26:13 NOTICE: data/video/MHCsmoke/All/CJ0gc2eeVt8.mp4: Can't follow symlink without -L/--copy-links
2026/08/06 08:26:13 NOTICE: data/video/MHCsmoke/All/LJZOcfIX4kk.mp4: Can't follow symlink without -L/--copy-links
2026/08/06 08:26:13 NOTICE: data/video/MHCsmoke/All/pQbEa24u-HM.mp4: Can't follow symlink without -L/--copy-links
2026/08/06 08:26:13 NOTICE: data/video/MHCsmoke/All/qb8uWCVm6Vw.mp4: Can't follow symlink without -L/--copy-links
2026/08/06 08:26:13 NOTICE: data/video/MHCsmoke/All/tykqKl9Bxco.mp4: Can't follow symlink without -L/--copy-links
2026/08/06 08:26:13 NOTICE: data/video/MHCsmoke/All/ubAYuG838wo.mp4: Can't follow symlink without -L/--copy-links
2026/08/06 08:26:13 NOTICE: data/video/MHCsmoke/All/01ygFLVdj8s.mp4: Can't follow symlink without -L/--copy-links
2026/08/06 08:26:13 NOTICE: data/video/MHCsmoke/All/03qOelm_dK8.mp4: Can't follow symlink without -L/--copy-links
2026/08/06 08:26:13 NOTICE: data/video/MHCsmoke/All/90eY2NKYmzM.mp4: Can't follow symlink without -L/--copy-links
2026/08/06 08:26:13 NOTICE: data/video/MHCsmoke/All/IFP0l5EUO70.mp4: Can't follow symlink without -L/--copy-links
2026/08/06 08:26:13 NOTICE: data/video/MHCsmoke/All/MvB-lgB8jRo.mp4: Can't follow symlink without -L/--copy-links
2026/08/06 08:26:13 NOTICE: data/video/MHCsmoke/All/pOV_1-vWVrE.mp4: Can't follow symlink without -L/--copy-links
2026/08/06 08:26:13 NOTICE: data/video/MHCsmoke/All/uye-VeVA3LY.mp4: Can't follow symlink without -L/--copy-links
2026/08/06 08:26:13 NOTICE: data/video/MHCsmoke/All/zh8HoJ0IDUY.mp4: Can't follow symlink without -L/--copy-links
2026/08/06 08:26:44 INFO  : 
Transferred:   	          0 B / 0 B, -, 0 B/s, ETA -
Errors:                 3 (retrying may help)
Checks:             26845 / 26845, 100%, Listed 63813
Elapsed time:        59.9s

2026/08/06 08:27:44 INFO  : 
Transferred:   	          0 B / 0 B, -, 0 B/s, ETA -
Errors:                 3 (retrying may help)
Checks:             43997 / 43997, 100%, Listed 98111
Elapsed time:       2m0.0s

2026/08/06 08:28:18 NOTICE: B2 bucket junyi-data path RGCL_video/manual_backup_2026-08-06/RGCL: 2 files missing
2026/08/06 08:28:18 NOTICE: B2 bucket junyi-data path RGCL_video/manual_backup_2026-08-06/RGCL: 3 differences found
2026/08/06 08:28:18 NOTICE: B2 bucket junyi-data path RGCL_video/manual_backup_2026-08-06/RGCL: 3 errors while checking
2026/08/06 08:28:18 NOTICE: B2 bucket junyi-data path RGCL_video/manual_backup_2026-08-06/RGCL: 52324 matching files
2026/08/06 08:28:18 INFO  : 
Transferred:   	          0 B / 0 B, -, 0 B/s, ETA -
Errors:                 3 (retrying may help)
Checks:             52325 / 52325, 100%, Listed 114703
Elapsed time:      2m34.2s

2026/08/06 08:28:18 NOTICE: Failed to check with 3 errors: last error was: 3 differences found
