[2026-07-02 01:13:44] [disk_guard] ==== disk_guard start (dry_run=0, sourced=0) ====
[2026-07-02 01:13:44] [disk_guard] config: THRESHOLD=250G TARGET=250G RGCL_ROOT=/data/jehc223/RGCL B2_PREFIX=b2:junyi-data/RGCL_video
[2026-07-02 01:13:44] [disk_guard] log file: /data/jehc223/RGCL/slurm/logs/disk_guard.log
[2026-07-02 01:13:44] [disk_guard] current /data usage: 205G (threshold 250G, target 250G).
[2026-07-02 01:13:44] [disk_guard] usage 205G <= threshold 250G: nothing to reclaim. No-op.
[2026-07-02 01:13:44] [disk_guard] ==== disk_guard end (under threshold) ====
[mllm_embed] DATASET=ImpliHateVid NUM_FRAMES=8
NVIDIA A100-SXM4-80GB, 81920 MiB
Namespace(dataset='ImpliHateVid', EXP_FOLDER='./data/CLIP_Embedding', gt_dir='./data/gt', video_dir='./data/video', model='Qwen/Qwen2.5-VL-7B-Instruct', out_model_tag='Qwen2.5-VL-7B-Instruct_HF', num_frames=8, max_pixels=151200, device='cuda', splits='train,val,test', limit=0)
Loading Qwen2.5-VL model: Qwen/Qwen2.5-VL-7B-Instruct
Loading checkpoint shards:   0%|          | 0/5 [00:00<?, ?it/s]Loading checkpoint shards:  20%|██        | 1/5 [00:00<00:00,  4.61it/s]Loading checkpoint shards:  40%|████      | 2/5 [00:00<00:00,  5.80it/s]Loading checkpoint shards:  60%|██████    | 3/5 [00:00<00:00,  6.33it/s]Loading checkpoint shards:  80%|████████  | 4/5 [00:00<00:00,  6.16it/s]Loading checkpoint shards: 100%|██████████| 5/5 [00:00<00:00,  6.66it/s]Loading checkpoint shards: 100%|██████████| 5/5 [00:00<00:00,  6.27it/s]
Using a slow image processor as `use_fast` is unset and a slow processor was saved with this model. `use_fast=True` will be the default behavior in v4.48, even if the model was saved with a slow processor. This will result in minor differences in outputs. You'll still be able to use a slow processor with `use_fast=False`.
Processing split 'train' (1283 items) -> outname 'train'
[WARN] missing video file: ./data/video/ImpliHateVid/All/EX_475.mp4
[WARN] missing video file: ./data/video/ImpliHateVid/All/IM_283.mp4
[WARN] missing video file: ./data/video/ImpliHateVid/All/IM_187.mp4
[WARN] missing video file: ./data/video/ImpliHateVid/All/NH_404.mp4
[WARN] missing video file: ./data/video/ImpliHateVid/All/EX_337.mp4
[WARN] missing video file: ./data/video/ImpliHateVid/All/NH_575.mp4
[WARN] missing video file: ./data/video/ImpliHateVid/All/NH_964.mp4
[WARN] missing video file: ./data/video/ImpliHateVid/All/NH_92.mp4
[WARN] missing video file: ./data/video/ImpliHateVid/All/IM_375.mp4
[WARN] missing video file: ./data/video/ImpliHateVid/All/IM_418.mp4
[WARN] missing video file: ./data/video/ImpliHateVid/All/NH_845.mp4
[WARN] missing video file: ./data/video/ImpliHateVid/All/EX_363.mp4
[WARN] missing video file: ./data/video/ImpliHateVid/All/IM_353.mp4
[WARN] missing video file: ./data/video/ImpliHateVid/All/NH_154.mp4
[WARN] missing video file: ./data/video/ImpliHateVid/All/EX_322.mp4
[WARN] missing video file: ./data/video/ImpliHateVid/All/EX_214.mp4
[WARN] missing video file: ./data/video/ImpliHateVid/All/IM_439.mp4
[WARN] missing video file: ./data/video/ImpliHateVid/All/NH_993.mp4
[WARN] missing video file: ./data/video/ImpliHateVid/All/EX_413.mp4
[WARN] missing video file: ./data/video/ImpliHateVid/All/IM_464.mp4
  [train] processed 20/1283 (zero-vector guards so far: 20)
[WARN] missing video file: ./data/video/ImpliHateVid/All/EX_463.mp4
[WARN] missing video file: ./data/video/ImpliHateVid/All/NH_871.mp4
[WARN] missing video file: ./data/video/ImpliHateVid/All/NH_63.mp4
[WARN] missing video file: ./data/video/ImpliHateVid/All/NH_59.mp4
[WARN] missing video file: ./data/video/ImpliHateVid/All/EX_71.mp4
[WARN] missing video file: ./data/video/ImpliHateVid/All/NH_497.mp4
[WARN] missing video file: ./data/video/ImpliHateVid/All/EX_170.mp4
[WARN] missing video file: ./data/video/ImpliHateVid/All/NH_195.mp4
[WARN] missing video file: ./data/video/ImpliHateVid/All/IM_442.mp4
[WARN] missing video file: ./data/video/ImpliHateVid/All/IM_323.mp4
[WARN] missing video file: ./data/video/ImpliHateVid/All/NH_334.mp4
[WARN] missing video file: ./data/video/ImpliHateVid/All/EX_310.mp4
[WARN] missing video file: ./data/video/ImpliHateVid/All/NH_120.mp4
[WARN] missing video file: ./data/video/ImpliHateVid/All/NH_239.mp4
[WARN] missing video file: ./data/video/ImpliHateVid/All/EX_447.mp4
[WARN] missing video file: ./data/video/ImpliHateVid/All/NH_727.mp4
[WARN] missing video file: ./data/video/ImpliHateVid/All/EX_292.mp4
[WARN] missing video file: ./data/video/ImpliHateVid/All/NH_285.mp4
[WARN] missing video file: ./data/video/ImpliHateVid/All/IM_54.mp4
[WARN] missing video file: ./data/video/ImpliHateVid/All/NH_815.mp4
  [train] processed 40/1283 (zero-vector guards so far: 40)
[WARN] missing video file: ./data/video/ImpliHateVid/All/NH_574.mp4
[WARN] missing video file: ./data/video/ImpliHateVid/All/EX_107.mp4
[WARN] missing video file: ./data/video/ImpliHateVid/All/IM_168.mp4
[WARN] missing video file: ./data/video/ImpliHateVid/All/IM_502.mp4
[WARN] missing video file: ./data/video/ImpliHateVid/All/NH_501.mp4
[WARN] missing video file: ./data/video/ImpliHateVid/All/NH_122.mp4
[WARN] missing video file: ./data/video/ImpliHateVid/All/NH_278.mp4
[WARN] missing video file: ./data/video/ImpliHateVid/All/IM_116.mp4
[WARN] missing video file: ./data/video/ImpliHateVid/All/NH_829.mp4
[WARN] missing video file: ./data/video/ImpliHateVid/All/NH_905.mp4
[WARN] missing video file: ./data/video/ImpliHateVid/All/NH_67.mp4
[WARN] missing video file: ./data/video/ImpliHateVid/All/IM_104.mp4
[WARN] missing video file: ./data/video/ImpliHateVid/All/NH_349.mp4
[WARN] missing video file: ./data/video/ImpliHateVid/All/NH_943.mp4
[WARN] missing video file: ./data/video/ImpliHateVid/All/NH_414.mp4
[WARN] missing video file: ./data/video/ImpliHateVid/All/NH_570.mp4
[WARN] missing video file: ./data/video/ImpliHateVid/All/EX_294.mp4
[WARN] missing video file: ./data/video/ImpliHateVid/All/IM_224.mp4
[WARN] missing video file: ./data/video/ImpliHateVid/All/IM_75.mp4
[WARN] missing video file: ./data/video/ImpliHateVid/All/NH_740.mp4
  [train] processed 60/1283 (zero-vector guards so far: 60)
[WARN] missing video file: ./data/video/ImpliHateVid/All/EX_341.mp4
[WARN] missing video file: ./data/video/ImpliHateVid/All/EX_40.mp4
[WARN] missing video file: ./data/video/ImpliHateVid/All/NH_536.mp4
[WARN] missing video file: ./data/video/ImpliHateVid/All/NH_954.mp4
[WARN] missing video file: ./data/video/ImpliHateVid/All/NH_654.mp4
[WARN] missing video file: ./data/video/ImpliHateVid/All/IM_6.mp4
[WARN] missing video file: ./data/video/ImpliHateVid/All/IM_399.mp4
[WARN] missing video file: ./data/video/ImpliHateVid/All/IM_234.mp4
[WARN] missing video file: ./data/video/ImpliHateVid/All/IM_109.mp4
[WARN] missing video file: ./data/video/ImpliHateVid/All/NH_956.mp4
[WARN] missing video file: ./data/video/ImpliHateVid/All/IM_250.mp4
[WARN] missing video file: ./data/video/ImpliHateVid/All/NH_627.mp4
[WARN] missing video file: ./data/video/ImpliHateVid/All/EX_404.mp4
[WARN] missing video file: ./data/video/ImpliHateVid/All/IM_396.mp4
[WARN] missing video file: ./data/video/ImpliHateVid/All/IM_303.mp4
[WARN] missing video file: ./data/video/ImpliHateVid/All/NH_512.mp4
[WARN] missing video file: ./data/video/ImpliHateVid/All/IM_406.mp4
[WARN] missing video file: ./data/video/ImpliHateVid/All/EX_165.mp4
[WARN] missing video file: ./data/video/ImpliHateVid/All/EX_91.mp4
[WARN] missing video file: ./data/video/ImpliHateVid/All/IM_296.mp4
  [train] processed 80/1283 (zero-vector guards so far: 80)
[WARN] missing video file: ./data/video/ImpliHateVid/All/NH_907.mp4
[WARN] missing video file: ./data/video/ImpliHateVid/All/NH_647.mp4
[WARN] missing video file: ./data/video/ImpliHateVid/All/EX_368.mp4
[WARN] missing video file: ./data/video/ImpliHateVid/All/NH_901.mp4
[WARN] missing video file: ./data/video/ImpliHateVid/All/IM_154.mp4
[WARN] missing video file: ./data/video/ImpliHateVid/All/IM_181.mp4
[WARN] missing video file: ./data/video/ImpliHateVid/All/EX_263.mp4
[WARN] missing video file: ./data/video/ImpliHateVid/All/NH_606.mp4
[WARN] missing video file: ./data/video/ImpliHateVid/All/IM_290.mp4
[WARN] missing video file: ./data/video/ImpliHateVid/All/EX_15.mp4
[WARN] missing video file: ./data/video/ImpliHateVid/All/NH_5.mp4
[WARN] missing video file: ./data/video/ImpliHateVid/All/IM_314.mp4
[WARN] missing video file: ./data/video/ImpliHateVid/All/NH_91.mp4
[WARN] missing video file: ./data/video/ImpliHateVid/All/IM_432.mp4
[WARN] missing video file: ./data/video/ImpliHateVid/All/NH_760.mp4
[WARN] missing video file: ./data/video/ImpliHateVid/All/IM_306.mp4
[WARN] missing video file: ./data/video/ImpliHateVid/All/NH_356.mp4
[WARN] missing video file: ./data/video/ImpliHateVid/All/NH_819.mp4
[WARN] missing video file: ./data/video/ImpliHateVid/All/IM_334.mp4
[WARN] missing video file: ./data/video/ImpliHateVid/All/EX_18.mp4
  [train] processed 100/1283 (zero-vector guards so far: 100)
[WARN] missing video file: ./data/video/ImpliHateVid/All/NH_625.mp4
[WARN] missing video file: ./data/video/ImpliHateVid/All/IM_159.mp4
[WARN] missing video file: ./data/video/ImpliHateVid/All/IM_267.mp4
[WARN] missing video file: ./data/video/ImpliHateVid/All/NH_498.mp4
[WARN] missing video file: ./data/video/ImpliHateVid/All/EX_114.mp4
[WARN] missing video file: ./data/video/ImpliHateVid/All/IM_385.mp4
[WARN] missing video file: ./data/video/ImpliHateVid/All/EX_89.mp4
[WARN] missing video file: ./data/video/ImpliHateVid/All/NH_969.mp4
[WARN] missing video file: ./data/video/ImpliHateVid/All/NH_911.mp4
[WARN] missing video file: ./data/video/ImpliHateVid/All/EX_192.mp4
[WARN] missing video file: ./data/video/ImpliHateVid/All/EX_147.mp4
[WARN] missing video file: ./data/video/ImpliHateVid/All/IM_100.mp4
[WARN] missing video file: ./data/video/ImpliHateVid/All/NH_420.mp4
[WARN] missing video file: ./data/video/ImpliHateVid/All/NH_895.mp4
[WARN] missing video file: ./data/video/ImpliHateVid/All/EX_396.mp4
[WARN] missing video file: ./data/video/ImpliHateVid/All/NH_284.mp4
[WARN] missing video file: ./data/video/ImpliHateVid/All/NH_433.mp4
[WARN] missing video file: ./data/video/ImpliHateVid/All/EX_52.mp4
[WARN] missing video file: ./data/video/ImpliHateVid/All/EX_153.mp4
[WARN] missing video file: ./data/video/ImpliHateVid/All/IM_390.mp4
  [train] processed 120/1283 (zero-vector guards so far: 120)
[WARN] missing video file: ./data/video/ImpliHateVid/All/NH_928.mp4
[WARN] missing video file: ./data/video/ImpliHateVid/All/NH_11.mp4
[WARN] missing video file: ./data/video/ImpliHateVid/All/IM_177.mp4
[WARN] missing video file: ./data/video/ImpliHateVid/All/IM_111.mp4
[WARN] missing video file: ./data/video/ImpliHateVid/All/EX_402.mp4
[WARN] missing video file: ./data/video/ImpliHateVid/All/IM_481.mp4
[WARN] missing video file: ./data/video/ImpliHateVid/All/NH_393.mp4
[WARN] missing video file: ./data/video/ImpliHateVid/All/NH_594.mp4
[WARN] missing video file: ./data/video/ImpliHateVid/All/NH_225.mp4
[WARN] missing video file: ./data/video/ImpliHateVid/All/NH_266.mp4
[WARN] missing video file: ./data/video/ImpliHateVid/All/EX_348.mp4
[WARN] missing video file: ./data/video/ImpliHateVid/All/IM_490.mp4
[WARN] missing video file: ./data/video/ImpliHateVid/All/NH_848.mp4
[WARN] missing video file: ./data/video/ImpliHateVid/All/EX_256.mp4
[WARN] missing video file: ./data/video/ImpliHateVid/All/NH_478.mp4
[WARN] missing video file: ./data/video/ImpliHateVid/All/IM_482.mp4
[WARN] missing video file: ./data/video/ImpliHateVid/All/IM_420.mp4
[WARN] missing video file: ./data/video/ImpliHateVid/All/NH_922.mp4
[WARN] missing video file: ./data/video/ImpliHateVid/All/NH_963.mp4
[WARN] missing video file: ./data/video/ImpliHateVid/All/EX_490.mp4
  [train] processed 140/1283 (zero-vector guards so far: 140)
[WARN] missing video file: ./data/video/ImpliHateVid/All/NH_316.mp4
[WARN] missing video file: ./data/video/ImpliHateVid/All/NH_785.mp4
[WARN] missing video file: ./data/video/ImpliHateVid/All/NH_377.mp4
[WARN] missing video file: ./data/video/ImpliHateVid/All/NH_196.mp4
[WARN] missing video file: ./data/video/ImpliHateVid/All/NH_770.mp4
[WARN] missing video file: ./data/video/ImpliHateVid/All/IM_408.mp4
[WARN] missing video file: ./data/video/ImpliHateVid/All/NH_842.mp4
[WARN] missing video file: ./data/video/ImpliHateVid/All/IM_472.mp4
[WARN] missing video file: ./data/video/ImpliHateVid/All/NH_639.mp4
[WARN] missing video file: ./data/video/ImpliHateVid/All/NH_580.mp4
[WARN] missing video file: ./data/video/ImpliHateVid/All/IM_407.mp4
[WARN] missing video file: ./data/video/ImpliHateVid/All/NH_561.mp4
[WARN] missing video file: ./data/video/ImpliHateVid/All/NH_839.mp4
[WARN] missing video file: ./data/video/ImpliHateVid/All/EX_309.mp4
[WARN] missing video file: ./data/video/ImpliHateVid/All/EX_485.mp4
[WARN] missing video file: ./data/video/ImpliHateVid/All/NH_229.mp4
[WARN] missing video file: ./data/video/ImpliHateVid/All/IM_364.mp4
[WARN] missing video file: ./data/video/ImpliHateVid/All/EX_38.mp4
[WARN] missing video file: ./data/video/ImpliHateVid/All/NH_48.mp4
[WARN] missing video file: ./data/video/ImpliHateVid/All/NH_418.mp4
  [train] processed 160/1283 (zero-vector guards so far: 160)
[WARN] missing video file: ./data/video/ImpliHateVid/All/EX_440.mp4
[WARN] missing video file: ./data/video/ImpliHateVid/All/IM_312.mp4
[WARN] missing video file: ./data/video/ImpliHateVid/All/IM_90.mp4
[WARN] missing video file: ./data/video/ImpliHateVid/All/EX_360.mp4
[WARN] missing video file: ./data/video/ImpliHateVid/All/NH_130.mp4
[WARN] missing video file: ./data/video/ImpliHateVid/All/NH_971.mp4
[WARN] missing video file: ./data/video/ImpliHateVid/All/EX_468.mp4
[WARN] missing video file: ./data/video/ImpliHateVid/All/NH_867.mp4
[WARN] missing video file: ./data/video/ImpliHateVid/All/IM_282.mp4
[WARN] missing video file: ./data/video/ImpliHateVid/All/EX_371.mp4
[WARN] missing video file: ./data/video/ImpliHateVid/All/NH_481.mp4
[WARN] missing video file: ./data/video/ImpliHateVid/All/IM_398.mp4
[WARN] missing video file: ./data/video/ImpliHateVid/All/NH_313.mp4
[WARN] missing video file: ./data/video/ImpliHateVid/All/IM_71.mp4
[WARN] missing video file: ./data/video/ImpliHateVid/All/EX_325.mp4
[WARN] missing video file: ./data/video/ImpliHateVid/All/NH_973.mp4
[WARN] missing video file: ./data/video/ImpliHateVid/All/NH_55.mp4
[WARN] missing video file: ./data/video/ImpliHateVid/All/NH_655.mp4
[WARN] missing video file: ./data/video/ImpliHateVid/All/NH_516.mp4
[WARN] missing video file: ./data/video/ImpliHateVid/All/NH_165.mp4
  [train] processed 180/1283 (zero-vector guards so far: 180)
[WARN] missing video file: ./data/video/ImpliHateVid/All/NH_677.mp4
[WARN] missing video file: ./data/video/ImpliHateVid/All/EX_88.mp4
[WARN] missing video file: ./data/video/ImpliHateVid/All/NH_480.mp4
[WARN] missing video file: ./data/video/ImpliHateVid/All/NH_362.mp4
[WARN] missing video file: ./data/video/ImpliHateVid/All/NH_276.mp4
[WARN] missing video file: ./data/video/ImpliHateVid/All/NH_483.mp4
[WARN] missing video file: ./data/video/ImpliHateVid/All/IM_409.mp4
[WARN] missing video file: ./data/video/ImpliHateVid/All/NH_73.mp4
[WARN] missing video file: ./data/video/ImpliHateVid/All/EX_106.mp4
[WARN] missing video file: ./data/video/ImpliHateVid/All/NH_882.mp4
[WARN] missing video file: ./data/video/ImpliHateVid/All/NH_123.mp4
[WARN] missing video file: ./data/video/ImpliHateVid/All/NH_701.mp4
[WARN] missing video file: ./data/video/ImpliHateVid/All/NH_446.mp4
[WARN] missing video file: ./data/video/ImpliHateVid/All/NH_94.mp4
[WARN] missing video file: ./data/video/ImpliHateVid/All/NH_579.mp4
[WARN] missing video file: ./data/video/ImpliHateVid/All/NH_193.mp4
[WARN] missing video file: ./data/video/ImpliHateVid/All/EX_159.mp4
[WARN] missing video file: ./data/video/ImpliHateVid/All/EX_390.mp4
[WARN] missing video file: ./data/video/ImpliHateVid/All/EX_323.mp4
[WARN] missing video file: ./data/video/ImpliHateVid/All/IM_383.mp4
  [train] processed 200/1283 (zero-vector guards so far: 200)
[WARN] missing video file: ./data/video/ImpliHateVid/All/NH_214.mp4
[WARN] missing video file: ./data/video/ImpliHateVid/All/IM_38.mp4
[WARN] missing video file: ./data/video/ImpliHateVid/All/NH_547.mp4
[WARN] missing video file: ./data/video/ImpliHateVid/All/IM_137.mp4
[WARN] missing video file: ./data/video/ImpliHateVid/All/NH_634.mp4
[WARN] missing video file: ./data/video/ImpliHateVid/All/EX_403.mp4
[WARN] missing video file: ./data/video/ImpliHateVid/All/EX_275.mp4
[WARN] missing video file: ./data/video/ImpliHateVid/All/IM_85.mp4
[WARN] missing video file: ./data/video/ImpliHateVid/All/NH_958.mp4
[WARN] missing video file: ./data/video/ImpliHateVid/All/IM_235.mp4
[WARN] missing video file: ./data/video/ImpliHateVid/All/NH_840.mp4
[WARN] missing video file: ./data/video/ImpliHateVid/All/NH_343.mp4
[WARN] missing video file: ./data/video/ImpliHateVid/All/EX_117.mp4
[WARN] missing video file: ./data/video/ImpliHateVid/All/EX_22.mp4
[WARN] missing video file: ./data/video/ImpliHateVid/All/NH_646.mp4
[WARN] missing video file: ./data/video/ImpliHateVid/All/IM_133.mp4
[WARN] missing video file: ./data/video/ImpliHateVid/All/NH_286.mp4
[WARN] missing video file: ./data/video/ImpliHateVid/All/EX_268.mp4
[WARN] missing video file: ./data/video/ImpliHateVid/All/NH_598.mp4
[WARN] missing video file: ./data/video/ImpliHateVid/All/EX_208.mp4
  [train] processed 220/1283 (zero-vector guards so far: 220)
[WARN] missing video file: ./data/video/ImpliHateVid/All/IM_170.mp4
[WARN] missing video file: ./data/video/ImpliHateVid/All/NH_704.mp4
[WARN] missing video file: ./data/video/ImpliHateVid/All/EX_359.mp4
[WARN] missing video file: ./data/video/ImpliHateVid/All/NH_228.mp4
[WARN] missing video file: ./data/video/ImpliHateVid/All/IM_131.mp4
[WARN] missing video file: ./data/video/ImpliHateVid/All/EX_245.mp4
[WARN] missing video file: ./data/video/ImpliHateVid/All/NH_186.mp4
[WARN] missing video file: ./data/video/ImpliHateVid/All/NH_603.mp4
[WARN] missing video file: ./data/video/ImpliHateVid/All/NH_672.mp4
[WARN] missing video file: ./data/video/ImpliHateVid/All/NH_959.mp4
[WARN] missing video file: ./data/video/ImpliHateVid/All/EX_189.mp4
[WARN] missing video file: ./data/video/ImpliHateVid/All/IM_135.mp4
[WARN] missing video file: ./data/video/ImpliHateVid/All/IM_175.mp4
[WARN] missing video file: ./data/video/ImpliHateVid/All/EX_338.mp4
[WARN] missing video file: ./data/video/ImpliHateVid/All/EX_446.mp4
[WARN] missing video file: ./data/video/ImpliHateVid/All/NH_139.mp4
[WARN] missing video file: ./data/video/ImpliHateVid/All/IM_358.mp4
[WARN] missing video file: ./data/video/ImpliHateVid/All/NH_472.mp4
[WARN] missing video file: ./data/video/ImpliHateVid/All/NH_386.mp4
[WARN] missing video file: ./data/video/ImpliHateVid/All/NH_473.mp4
  [train] processed 240/1283 (zero-vector guards so far: 240)
[WARN] missing video file: ./data/video/ImpliHateVid/All/NH_930.mp4
[WARN] missing video file: ./data/video/ImpliHateVid/All/EX_480.mp4
[WARN] missing video file: ./data/video/ImpliHateVid/All/NH_648.mp4
[WARN] missing video file: ./data/video/ImpliHateVid/All/NH_658.mp4
[WARN] missing video file: ./data/video/ImpliHateVid/All/EX_136.mp4
[WARN] missing video file: ./data/video/ImpliHateVid/All/NH_441.mp4
[WARN] missing video file: ./data/video/ImpliHateVid/All/EX_455.mp4
[WARN] missing video file: ./data/video/ImpliHateVid/All/NH_372.mp4
[WARN] missing video file: ./data/video/ImpliHateVid/All/IM_489.mp4
[WARN] missing video file: ./data/video/ImpliHateVid/All/EX_110.mp4
[WARN] missing video file: ./data/video/ImpliHateVid/All/NH_39.mp4
[WARN] missing video file: ./data/video/ImpliHateVid/All/IM_346.mp4
[WARN] missing video file: ./data/video/ImpliHateVid/All/NH_215.mp4
[WARN] missing video file: ./data/video/ImpliHateVid/All/NH_275.mp4
[WARN] missing video file: ./data/video/ImpliHateVid/All/NH_663.mp4
[WARN] missing video file: ./data/video/ImpliHateVid/All/EX_314.mp4
[WARN] missing video file: ./data/video/ImpliHateVid/All/NH_862.mp4
[WARN] missing video file: ./data/video/ImpliHateVid/All/IM_147.mp4
[WARN] missing video file: ./data/video/ImpliHateVid/All/EX_42.mp4
[WARN] missing video file: ./data/video/ImpliHateVid/All/EX_196.mp4
  [train] processed 260/1283 (zero-vector guards so far: 260)
[WARN] missing video file: ./data/video/ImpliHateVid/All/EX_477.mp4
[WARN] missing video file: ./data/video/ImpliHateVid/All/NH_893.mp4
[WARN] missing video file: ./data/video/ImpliHateVid/All/IM_369.mp4
[WARN] missing video file: ./data/video/ImpliHateVid/All/IM_356.mp4
[WARN] missing video file: ./data/video/ImpliHateVid/All/NH_47.mp4
[WARN] missing video file: ./data/video/ImpliHateVid/All/NH_19.mp4
[WARN] missing video file: ./data/video/ImpliHateVid/All/NH_667.mp4
[WARN] missing video file: ./data/video/ImpliHateVid/All/IM_354.mp4
[WARN] missing video file: ./data/video/ImpliHateVid/All/EX_472.mp4
[WARN] missing video file: ./data/video/ImpliHateVid/All/EX_266.mp4
[WARN] missing video file: ./data/video/ImpliHateVid/All/EX_41.mp4
[WARN] missing video file: ./data/video/ImpliHateVid/All/IM_333.mp4
[WARN] missing video file: ./data/video/ImpliHateVid/All/EX_428.mp4
[WARN] missing video file: ./data/video/ImpliHateVid/All/IM_17.mp4
[WARN] missing video file: ./data/video/ImpliHateVid/All/EX_462.mp4
[WARN] missing video file: ./data/video/ImpliHateVid/All/NH_331.mp4
[WARN] missing video file: ./data/video/ImpliHateVid/All/NH_300.mp4
[WARN] missing video file: ./data/video/ImpliHateVid/All/NH_346.mp4
[WARN] missing video file: ./data/video/ImpliHateVid/All/NH_806.mp4
[WARN] missing video file: ./data/video/ImpliHateVid/All/EX_229.mp4
  [train] processed 280/1283 (zero-vector guards so far: 280)
[WARN] missing video file: ./data/video/ImpliHateVid/All/NH_327.mp4
[WARN] missing video file: ./data/video/ImpliHateVid/All/EX_494.mp4
[WARN] missing video file: ./data/video/ImpliHateVid/All/NH_298.mp4
[WARN] missing video file: ./data/video/ImpliHateVid/All/IM_179.mp4
[WARN] missing video file: ./data/video/ImpliHateVid/All/EX_358.mp4
[WARN] missing video file: ./data/video/ImpliHateVid/All/IM_1.mp4
[WARN] missing video file: ./data/video/ImpliHateVid/All/IM_32.mp4
[WARN] missing video file: ./data/video/ImpliHateVid/All/EX_31.mp4
[WARN] missing video file: ./data/video/ImpliHateVid/All/NH_348.mp4
[WARN] missing video file: ./data/video/ImpliHateVid/All/NH_491.mp4
[WARN] missing video file: ./data/video/ImpliHateVid/All/EX_83.mp4
[WARN] missing video file: ./data/video/ImpliHateVid/All/IM_52.mp4
[WARN] missing video file: ./data/video/ImpliHateVid/All/EX_209.mp4
[WARN] missing video file: ./data/video/ImpliHateVid/All/NH_236.mp4
[WARN] missing video file: ./data/video/ImpliHateVid/All/NH_8.mp4
[WARN] missing video file: ./data/video/ImpliHateVid/All/EX_438.mp4
[WARN] missing video file: ./data/video/ImpliHateVid/All/NH_485.mp4
[WARN] missing video file: ./data/video/ImpliHateVid/All/NH_435.mp4
[WARN] missing video file: ./data/video/ImpliHateVid/All/IM_339.mp4
[WARN] missing video file: ./data/video/ImpliHateVid/All/NH_729.mp4
  [train] processed 300/1283 (zero-vector guards so far: 300)
[WARN] missing video file: ./data/video/ImpliHateVid/All/NH_752.mp4
[WARN] missing video file: ./data/video/ImpliHateVid/All/NH_569.mp4
[WARN] missing video file: ./data/video/ImpliHateVid/All/NH_537.mp4
[WARN] missing video file: ./data/video/ImpliHateVid/All/IM_276.mp4
[WARN] missing video file: ./data/video/ImpliHateVid/All/NH_953.mp4
[WARN] missing video file: ./data/video/ImpliHateVid/All/IM_426.mp4
[WARN] missing video file: ./data/video/ImpliHateVid/All/NH_794.mp4
[WARN] missing video file: ./data/video/ImpliHateVid/All/EX_168.mp4
[WARN] missing video file: ./data/video/ImpliHateVid/All/IM_503.mp4
[WARN] missing video file: ./data/video/ImpliHateVid/All/IM_238.mp4
[WARN] missing video file: ./data/video/ImpliHateVid/All/IM_231.mp4
[WARN] missing video file: ./data/video/ImpliHateVid/All/EX_439.mp4
[WARN] missing video file: ./data/video/ImpliHateVid/All/NH_532.mp4
[WARN] missing video file: ./data/video/ImpliHateVid/All/NH_772.mp4
[WARN] missing video file: ./data/video/ImpliHateVid/All/IM_377.mp4
[WARN] missing video file: ./data/video/ImpliHateVid/All/IM_200.mp4
[WARN] missing video file: ./data/video/ImpliHateVid/All/NH_416.mp4
[WARN] missing video file: ./data/video/ImpliHateVid/All/NH_51.mp4
[WARN] missing video file: ./data/video/ImpliHateVid/All/IM_87.mp4
[WARN] missing video file: ./data/video/ImpliHateVid/All/NH_422.mp4
  [train] processed 320/1283 (zero-vector guards so far: 320)
[WARN] missing video file: ./data/video/ImpliHateVid/All/NH_884.mp4
[WARN] missing video file: ./data/video/ImpliHateVid/All/IM_455.mp4
[WARN] missing video file: ./data/video/ImpliHateVid/All/EX_421.mp4
[WARN] missing video file: ./data/video/ImpliHateVid/All/NH_106.mp4
[WARN] missing video file: ./data/video/ImpliHateVid/All/NH_765.mp4
[WARN] missing video file: ./data/video/ImpliHateVid/All/IM_236.mp4
[WARN] missing video file: ./data/video/ImpliHateVid/All/IM_143.mp4
[WARN] missing video file: ./data/video/ImpliHateVid/All/EX_355.mp4
[WARN] missing video file: ./data/video/ImpliHateVid/All/EX_357.mp4
[WARN] missing video file: ./data/video/ImpliHateVid/All/NH_670.mp4
[WARN] missing video file: ./data/video/ImpliHateVid/All/IM_492.mp4
[WARN] missing video file: ./data/video/ImpliHateVid/All/NH_976.mp4
[WARN] missing video file: ./data/video/ImpliHateVid/All/NH_357.mp4
[WARN] missing video file: ./data/video/ImpliHateVid/All/EX_233.mp4
[WARN] missing video file: ./data/video/ImpliHateVid/All/IM_2.mp4
[WARN] missing video file: ./data/video/ImpliHateVid/All/IM_499.mp4
[WARN] missing video file: ./data/video/ImpliHateVid/All/EX_450.mp4
[WARN] missing video file: ./data/video/ImpliHateVid/All/NH_302.mp4
[WARN] missing video file: ./data/video/ImpliHateVid/All/NH_990.mp4
[WARN] missing video file: ./data/video/ImpliHateVid/All/NH_43.mp4
  [train] processed 340/1283 (zero-vector guards so far: 340)
[WARN] missing video file: ./data/video/ImpliHateVid/All/NH_332.mp4
[WARN] missing video file: ./data/video/ImpliHateVid/All/IM_416.mp4
[WARN] missing video file: ./data/video/ImpliHateVid/All/IM_10.mp4
[WARN] missing video file: ./data/video/ImpliHateVid/All/NH_297.mp4
[WARN] missing video file: ./data/video/ImpliHateVid/All/NH_723.mp4
[WARN] missing video file: ./data/video/ImpliHateVid/All/IM_172.mp4
[WARN] missing video file: ./data/video/ImpliHateVid/All/EX_407.mp4
[WARN] missing video file: ./data/video/ImpliHateVid/All/NH_623.mp4
[WARN] missing video file: ./data/video/ImpliHateVid/All/NH_521.mp4
[WARN] missing video file: ./data/video/ImpliHateVid/All/EX_306.mp4
[WARN] missing video file: ./data/video/ImpliHateVid/All/NH_804.mp4
[WARN] missing video file: ./data/video/ImpliHateVid/All/NH_455.mp4
[WARN] missing video file: ./data/video/ImpliHateVid/All/EX_409.mp4
[WARN] missing video file: ./data/video/ImpliHateVid/All/NH_726.mp4
[WARN] missing video file: ./data/video/ImpliHateVid/All/NH_820.mp4
[WARN] missing video file: ./data/video/ImpliHateVid/All/IM_457.mp4
[WARN] missing video file: ./data/video/ImpliHateVid/All/IM_260.mp4
[WARN] missing video file: ./data/video/ImpliHateVid/All/NH_250.mp4
[WARN] missing video file: ./data/video/ImpliHateVid/All/IM_478.mp4
[WARN] missing video file: ./data/video/ImpliHateVid/All/IM_272.mp4
  [train] processed 360/1283 (zero-vector guards so far: 360)
[WARN] missing video file: ./data/video/ImpliHateVid/All/NH_925.mp4
[WARN] missing video file: ./data/video/ImpliHateVid/All/IM_338.mp4
[WARN] missing video file: ./data/video/ImpliHateVid/All/NH_921.mp4
[WARN] missing video file: ./data/video/ImpliHateVid/All/EX_205.mp4
[WARN] missing video file: ./data/video/ImpliHateVid/All/NH_999.mp4
[WARN] missing video file: ./data/video/ImpliHateVid/All/EX_364.mp4
[WARN] missing video file: ./data/video/ImpliHateVid/All/IM_191.mp4
[WARN] missing video file: ./data/video/ImpliHateVid/All/IM_476.mp4
[WARN] missing video file: ./data/video/ImpliHateVid/All/EX_47.mp4
[WARN] missing video file: ./data/video/ImpliHateVid/All/IM_506.mp4
[WARN] missing video file: ./data/video/ImpliHateVid/All/EX_286.mp4
[WARN] missing video file: ./data/video/ImpliHateVid/All/NH_733.mp4
[WARN] missing video file: ./data/video/ImpliHateVid/All/IM_206.mp4
[WARN] missing video file: ./data/video/ImpliHateVid/All/IM_122.mp4
[WARN] missing video file: ./data/video/ImpliHateVid/All/NH_644.mp4
[WARN] missing video file: ./data/video/ImpliHateVid/All/NH_164.mp4
[WARN] missing video file: ./data/video/ImpliHateVid/All/EX_152.mp4
[WARN] missing video file: ./data/video/ImpliHateVid/All/NH_15.mp4
[WARN] missing video file: ./data/video/ImpliHateVid/All/IM_269.mp4
[WARN] missing video file: ./data/video/ImpliHateVid/All/IM_211.mp4
  [train] processed 380/1283 (zero-vector guards so far: 380)
[WARN] missing video file: ./data/video/ImpliHateVid/All/NH_380.mp4
[WARN] missing video file: ./data/video/ImpliHateVid/All/NH_782.mp4
[WARN] missing video file: ./data/video/ImpliHateVid/All/NH_671.mp4
[WARN] missing video file: ./data/video/ImpliHateVid/All/NH_757.mp4
[WARN] missing video file: ./data/video/ImpliHateVid/All/IM_14.mp4
[WARN] missing video file: ./data/video/ImpliHateVid/All/NH_718.mp4
[WARN] missing video file: ./data/video/ImpliHateVid/All/EX_128.mp4
[WARN] missing video file: ./data/video/ImpliHateVid/All/NH_787.mp4
[WARN] missing video file: ./data/video/ImpliHateVid/All/IM_384.mp4
[WARN] missing video file: ./data/video/ImpliHateVid/All/NH_897.mp4
[WARN] missing video file: ./data/video/ImpliHateVid/All/IM_229.mp4
[WARN] missing video file: ./data/video/ImpliHateVid/All/NH_637.mp4
[WARN] missing video file: ./data/video/ImpliHateVid/All/NH_548.mp4
[WARN] missing video file: ./data/video/ImpliHateVid/All/EX_464.mp4
[WARN] missing video file: ./data/video/ImpliHateVid/All/EX_194.mp4
[WARN] missing video file: ./data/video/ImpliHateVid/All/NH_454.mp4
[WARN] missing video file: ./data/video/ImpliHateVid/All/NH_57.mp4
[WARN] missing video file: ./data/video/ImpliHateVid/All/NH_611.mp4
[WARN] missing video file: ./data/video/ImpliHateVid/All/EX_58.mp4
[WARN] missing video file: ./data/video/ImpliHateVid/All/NH_502.mp4
  [train] processed 400/1283 (zero-vector guards so far: 400)
[WARN] missing video file: ./data/video/ImpliHateVid/All/IM_157.mp4
[WARN] missing video file: ./data/video/ImpliHateVid/All/IM_160.mp4
[WARN] missing video file: ./data/video/ImpliHateVid/All/EX_431.mp4
[WARN] missing video file: ./data/video/ImpliHateVid/All/EX_467.mp4
[WARN] missing video file: ./data/video/ImpliHateVid/All/NH_572.mp4
[WARN] missing video file: ./data/video/ImpliHateVid/All/NH_678.mp4
[WARN] missing video file: ./data/video/ImpliHateVid/All/NH_849.mp4
[WARN] missing video file: ./data/video/ImpliHateVid/All/NH_190.mp4
[WARN] missing video file: ./data/video/ImpliHateVid/All/IM_246.mp4
[WARN] missing video file: ./data/video/ImpliHateVid/All/NH_168.mp4
[WARN] missing video file: ./data/video/ImpliHateVid/All/NH_927.mp4
[WARN] missing video file: ./data/video/ImpliHateVid/All/NH_36.mp4
[WARN] missing video file: ./data/video/ImpliHateVid/All/IM_480.mp4
[WARN] missing video file: ./data/video/ImpliHateVid/All/NH_558.mp4
[WARN] missing video file: ./data/video/ImpliHateVid/All/EX_366.mp4
[WARN] missing video file: ./data/video/ImpliHateVid/All/EX_122.mp4
[WARN] missing video file: ./data/video/ImpliHateVid/All/NH_665.mp4
[WARN] missing video file: ./data/video/ImpliHateVid/All/IM_254.mp4
[WARN] missing video file: ./data/video/ImpliHateVid/All/IM_41.mp4
[WARN] missing video file: ./data/video/ImpliHateVid/All/EX_387.mp4
  [train] processed 420/1283 (zero-vector guards so far: 420)
[WARN] missing video file: ./data/video/ImpliHateVid/All/NH_185.mp4
[WARN] missing video file: ./data/video/ImpliHateVid/All/IM_233.mp4
[WARN] missing video file: ./data/video/ImpliHateVid/All/NH_397.mp4
[WARN] missing video file: ./data/video/ImpliHateVid/All/NH_687.mp4
[WARN] missing video file: ./data/video/ImpliHateVid/All/IM_198.mp4
[WARN] missing video file: ./data/video/ImpliHateVid/All/EX_279.mp4
[WARN] missing video file: ./data/video/ImpliHateVid/All/NH_656.mp4
[WARN] missing video file: ./data/video/ImpliHateVid/All/NH_955.mp4
[WARN] missing video file: ./data/video/ImpliHateVid/All/EX_293.mp4
[WARN] missing video file: ./data/video/ImpliHateVid/All/NH_457.mp4
[WARN] missing video file: ./data/video/ImpliHateVid/All/EX_344.mp4
[WARN] missing video file: ./data/video/ImpliHateVid/All/NH_320.mp4
[WARN] missing video file: ./data/video/ImpliHateVid/All/IM_302.mp4
[WARN] missing video file: ./data/video/ImpliHateVid/All/NH_508.mp4
[WARN] missing video file: ./data/video/ImpliHateVid/All/IM_44.mp4
[WARN] missing video file: ./data/video/ImpliHateVid/All/IM_495.mp4
[WARN] missing video file: ./data/video/ImpliHateVid/All/NH_141.mp4
[WARN] missing video file: ./data/video/ImpliHateVid/All/NH_526.mp4
[WARN] missing video file: ./data/video/ImpliHateVid/All/EX_383.mp4
[WARN] missing video file: ./data/video/ImpliHateVid/All/NH_984.mp4
  [train] processed 440/1283 (zero-vector guards so far: 440)
[WARN] missing video file: ./data/video/ImpliHateVid/All/IM_67.mp4
[WARN] missing video file: ./data/video/ImpliHateVid/All/IM_166.mp4
[WARN] missing video file: ./data/video/ImpliHateVid/All/NH_85.mp4
[WARN] missing video file: ./data/video/ImpliHateVid/All/IM_367.mp4
[WARN] missing video file: ./data/video/ImpliHateVid/All/NH_986.mp4
[WARN] missing video file: ./data/video/ImpliHateVid/All/IM_379.mp4
[WARN] missing video file: ./data/video/ImpliHateVid/All/NH_737.mp4
[WARN] missing video file: ./data/video/ImpliHateVid/All/NH_72.mp4
[WARN] missing video file: ./data/video/ImpliHateVid/All/IM_248.mp4
[WARN] missing video file: ./data/video/ImpliHateVid/All/NH_767.mp4
[WARN] missing video file: ./data/video/ImpliHateVid/All/IM_19.mp4
[WARN] missing video file: ./data/video/ImpliHateVid/All/NH_145.mp4
[WARN] missing video file: ./data/video/ImpliHateVid/All/EX_427.mp4
[WARN] missing video file: ./data/video/ImpliHateVid/All/EX_370.mp4
[WARN] missing video file: ./data/video/ImpliHateVid/All/IM_275.mp4
[WARN] missing video file: ./data/video/ImpliHateVid/All/EX_353.mp4
[WARN] missing video file: ./data/video/ImpliHateVid/All/IM_92.mp4
[WARN] missing video file: ./data/video/ImpliHateVid/All/IM_98.mp4
[WARN] missing video file: ./data/video/ImpliHateVid/All/NH_948.mp4
[WARN] missing video file: ./data/video/ImpliHateVid/All/NH_282.mp4
  [train] processed 460/1283 (zero-vector guards so far: 460)
[WARN] missing video file: ./data/video/ImpliHateVid/All/IM_448.mp4
[WARN] missing video file: ./data/video/ImpliHateVid/All/NH_330.mp4
[WARN] missing video file: ./data/video/ImpliHateVid/All/NH_280.mp4
[WARN] missing video file: ./data/video/ImpliHateVid/All/NH_992.mp4
[WARN] missing video file: ./data/video/ImpliHateVid/All/NH_805.mp4
[WARN] missing video file: ./data/video/ImpliHateVid/All/NH_607.mp4
[WARN] missing video file: ./data/video/ImpliHateVid/All/EX_384.mp4
[WARN] missing video file: ./data/video/ImpliHateVid/All/NH_828.mp4
[WARN] missing video file: ./data/video/ImpliHateVid/All/IM_74.mp4
[WARN] missing video file: ./data/video/ImpliHateVid/All/IM_68.mp4
[WARN] missing video file: ./data/video/ImpliHateVid/All/EX_336.mp4
[WARN] missing video file: ./data/video/ImpliHateVid/All/EX_308.mp4
[WARN] missing video file: ./data/video/ImpliHateVid/All/NH_344.mp4
[WARN] missing video file: ./data/video/ImpliHateVid/All/NH_452.mp4
[WARN] missing video file: ./data/video/ImpliHateVid/All/IM_319.mp4
[WARN] missing video file: ./data/video/ImpliHateVid/All/EX_227.mp4
[WARN] missing video file: ./data/video/ImpliHateVid/All/NH_263.mp4
[WARN] missing video file: ./data/video/ImpliHateVid/All/NH_938.mp4
[WARN] missing video file: ./data/video/ImpliHateVid/All/EX_141.mp4
[WARN] missing video file: ./data/video/ImpliHateVid/All/NH_243.mp4
  [train] processed 480/1283 (zero-vector guards so far: 480)
[WARN] missing video file: ./data/video/ImpliHateVid/All/NH_810.mp4
[WARN] missing video file: ./data/video/ImpliHateVid/All/EX_236.mp4
[WARN] missing video file: ./data/video/ImpliHateVid/All/IM_397.mp4
[WARN] missing video file: ./data/video/ImpliHateVid/All/NH_317.mp4
[WARN] missing video file: ./data/video/ImpliHateVid/All/NH_192.mp4
[WARN] missing video file: ./data/video/ImpliHateVid/All/NH_197.mp4
[WARN] missing video file: ./data/video/ImpliHateVid/All/IM_316.mp4
[WARN] missing video file: ./data/video/ImpliHateVid/All/NH_213.mp4
[WARN] missing video file: ./data/video/ImpliHateVid/All/IM_445.mp4
[WARN] missing video file: ./data/video/ImpliHateVid/All/NH_471.mp4
[WARN] missing video file: ./data/video/ImpliHateVid/All/IM_413.mp4
[WARN] missing video file: ./data/video/ImpliHateVid/All/NH_965.mp4
[WARN] missing video file: ./data/video/ImpliHateVid/All/NH_230.mp4
[WARN] missing video file: ./data/video/ImpliHateVid/All/EX_81.mp4
[WARN] missing video file: ./data/video/ImpliHateVid/All/EX_291.mp4
[WARN] missing video file: ./data/video/ImpliHateVid/All/EX_228.mp4
[WARN] missing video file: ./data/video/ImpliHateVid/All/IM_169.mp4
[WARN] missing video file: ./data/video/ImpliHateVid/All/NH_299.mp4
[WARN] missing video file: ./data/video/ImpliHateVid/All/EX_381.mp4
[WARN] missing video file: ./data/video/ImpliHateVid/All/IM_48.mp4
  [train] processed 500/1283 (zero-vector guards so far: 500)
[WARN] missing video file: ./data/video/ImpliHateVid/All/NH_567.mp4
[WARN] missing video file: ./data/video/ImpliHateVid/All/NH_751.mp4
[WARN] missing video file: ./data/video/ImpliHateVid/All/IM_213.mp4
[WARN] missing video file: ./data/video/ImpliHateVid/All/IM_153.mp4
[WARN] missing video file: ./data/video/ImpliHateVid/All/NH_931.mp4
[WARN] missing video file: ./data/video/ImpliHateVid/All/EX_395.mp4
[WARN] missing video file: ./data/video/ImpliHateVid/All/IM_212.mp4
[WARN] missing video file: ./data/video/ImpliHateVid/All/NH_469.mp4
[WARN] missing video file: ./data/video/ImpliHateVid/All/IM_129.mp4
[WARN] missing video file: ./data/video/ImpliHateVid/All/NH_172.mp4
[WARN] missing video file: ./data/video/ImpliHateVid/All/NH_231.mp4
[WARN] missing video file: ./data/video/ImpliHateVid/All/NH_759.mp4
[WARN] missing video file: ./data/video/ImpliHateVid/All/NH_789.mp4
[WARN] missing video file: ./data/video/ImpliHateVid/All/NH_664.mp4
[WARN] missing video file: ./data/video/ImpliHateVid/All/EX_318.mp4
[WARN] missing video file: ./data/video/ImpliHateVid/All/NH_920.mp4
[WARN] missing video file: ./data/video/ImpliHateVid/All/IM_209.mp4
[WARN] missing video file: ./data/video/ImpliHateVid/All/EX_386.mp4
[WARN] missing video file: ./data/video/ImpliHateVid/All/EX_277.mp4
[WARN] missing video file: ./data/video/ImpliHateVid/All/IM_178.mp4
  [train] processed 520/1283 (zero-vector guards so far: 520)
[WARN] missing video file: ./data/video/ImpliHateVid/All/IM_394.mp4
[WARN] missing video file: ./data/video/ImpliHateVid/All/IM_309.mp4
[WARN] missing video file: ./data/video/ImpliHateVid/All/NH_306.mp4
[WARN] missing video file: ./data/video/ImpliHateVid/All/EX_7.mp4
[WARN] missing video file: ./data/video/ImpliHateVid/All/EX_98.mp4
[WARN] missing video file: ./data/video/ImpliHateVid/All/NH_90.mp4
[WARN] missing video file: ./data/video/ImpliHateVid/All/NH_780.mp4
[WARN] missing video file: ./data/video/ImpliHateVid/All/EX_109.mp4
[WARN] missing video file: ./data/video/ImpliHateVid/All/NH_76.mp4
[WARN] missing video file: ./data/video/ImpliHateVid/All/EX_78.mp4
[WARN] missing video file: ./data/video/ImpliHateVid/All/NH_46.mp4
[WARN] missing video file: ./data/video/ImpliHateVid/All/EX_382.mp4
[WARN] missing video file: ./data/video/ImpliHateVid/All/NH_604.mp4
[WARN] missing video file: ./data/video/ImpliHateVid/All/EX_100.mp4
[WARN] missing video file: ./data/video/ImpliHateVid/All/EX_254.mp4
[WARN] missing video file: ./data/video/ImpliHateVid/All/EX_242.mp4
[WARN] missing video file: ./data/video/ImpliHateVid/All/IM_3.mp4
[WARN] missing video file: ./data/video/ImpliHateVid/All/IM_152.mp4
[WARN] missing video file: ./data/video/ImpliHateVid/All/NH_583.mp4
[WARN] missing video file: ./data/video/ImpliHateVid/All/NH_351.mp4
  [train] processed 540/1283 (zero-vector guards so far: 540)
[WARN] missing video file: ./data/video/ImpliHateVid/All/EX_414.mp4
[WARN] missing video file: ./data/video/ImpliHateVid/All/EX_394.mp4
[WARN] missing video file: ./data/video/ImpliHateVid/All/NH_793.mp4
[WARN] missing video file: ./data/video/ImpliHateVid/All/NH_417.mp4
[WARN] missing video file: ./data/video/ImpliHateVid/All/EX_125.mp4
[WARN] missing video file: ./data/video/ImpliHateVid/All/NH_445.mp4
[WARN] missing video file: ./data/video/ImpliHateVid/All/NH_600.mp4
[WARN] missing video file: ./data/video/ImpliHateVid/All/NH_545.mp4
[WARN] missing video file: ./data/video/ImpliHateVid/All/NH_175.mp4
[WARN] missing video file: ./data/video/ImpliHateVid/All/EX_489.mp4
[WARN] missing video file: ./data/video/ImpliHateVid/All/EX_326.mp4
[WARN] missing video file: ./data/video/ImpliHateVid/All/NH_244.mp4
[WARN] missing video file: ./data/video/ImpliHateVid/All/NH_916.mp4
[WARN] missing video file: ./data/video/ImpliHateVid/All/NH_80.mp4
[WARN] missing video file: ./data/video/ImpliHateVid/All/IM_140.mp4
[WARN] missing video file: ./data/video/ImpliHateVid/All/NH_559.mp4
[WARN] missing video file: ./data/video/ImpliHateVid/All/NH_734.mp4
[WARN] missing video file: ./data/video/ImpliHateVid/All/EX_57.mp4
[WARN] missing video file: ./data/video/ImpliHateVid/All/IM_110.mp4
[WARN] missing video file: ./data/video/ImpliHateVid/All/NH_12.mp4
  [train] processed 560/1283 (zero-vector guards so far: 560)
[WARN] missing video file: ./data/video/ImpliHateVid/All/EX_113.mp4
[WARN] missing video file: ./data/video/ImpliHateVid/All/EX_288.mp4
[WARN] missing video file: ./data/video/ImpliHateVid/All/EX_33.mp4
[WARN] missing video file: ./data/video/ImpliHateVid/All/IM_91.mp4
[WARN] missing video file: ./data/video/ImpliHateVid/All/NH_689.mp4
[WARN] missing video file: ./data/video/ImpliHateVid/All/NH_136.mp4
[WARN] missing video file: ./data/video/ImpliHateVid/All/EX_179.mp4
[WARN] missing video file: ./data/video/ImpliHateVid/All/NH_333.mp4
[WARN] missing video file: ./data/video/ImpliHateVid/All/EX_199.mp4
[WARN] missing video file: ./data/video/ImpliHateVid/All/EX_53.mp4
[WARN] missing video file: ./data/video/ImpliHateVid/All/EX_8.mp4
[WARN] missing video file: ./data/video/ImpliHateVid/All/NH_45.mp4
[WARN] missing video file: ./data/video/ImpliHateVid/All/IM_467.mp4
[WARN] missing video file: ./data/video/ImpliHateVid/All/IM_21.mp4
[WARN] missing video file: ./data/video/ImpliHateVid/All/EX_200.mp4
[WARN] missing video file: ./data/video/ImpliHateVid/All/IM_217.mp4
[WARN] missing video file: ./data/video/ImpliHateVid/All/EX_72.mp4
[WARN] missing video file: ./data/video/ImpliHateVid/All/NH_769.mp4
[WARN] missing video file: ./data/video/ImpliHateVid/All/NH_325.mp4
[WARN] missing video file: ./data/video/ImpliHateVid/All/IM_284.mp4
  [train] processed 580/1283 (zero-vector guards so far: 580)
[WARN] missing video file: ./data/video/ImpliHateVid/All/EX_483.mp4
[WARN] missing video file: ./data/video/ImpliHateVid/All/NH_612.mp4
[WARN] missing video file: ./data/video/ImpliHateVid/All/EX_250.mp4
[WARN] missing video file: ./data/video/ImpliHateVid/All/EX_182.mp4
[WARN] missing video file: ./data/video/ImpliHateVid/All/EX_160.mp4
[WARN] missing video file: ./data/video/ImpliHateVid/All/NH_335.mp4
[WARN] missing video file: ./data/video/ImpliHateVid/All/NH_906.mp4
[WARN] missing video file: ./data/video/ImpliHateVid/All/EX_16.mp4
[WARN] missing video file: ./data/video/ImpliHateVid/All/IM_301.mp4
[WARN] missing video file: ./data/video/ImpliHateVid/All/NH_550.mp4
[WARN] missing video file: ./data/video/ImpliHateVid/All/NH_998.mp4
[WARN] missing video file: ./data/video/ImpliHateVid/All/NH_886.mp4
[WARN] missing video file: ./data/video/ImpliHateVid/All/EX_206.mp4
[WARN] missing video file: ./data/video/ImpliHateVid/All/NH_183.mp4
[WARN] missing video file: ./data/video/ImpliHateVid/All/NH_261.mp4
[WARN] missing video file: ./data/video/ImpliHateVid/All/EX_149.mp4
[WARN] missing video file: ./data/video/ImpliHateVid/All/IM_395.mp4
[WARN] missing video file: ./data/video/ImpliHateVid/All/NH_60.mp4
[WARN] missing video file: ./data/video/ImpliHateVid/All/EX_457.mp4
[WARN] missing video file: ./data/video/ImpliHateVid/All/IM_266.mp4
  [train] processed 600/1283 (zero-vector guards so far: 600)
[WARN] missing video file: ./data/video/ImpliHateVid/All/NH_747.mp4
[WARN] missing video file: ./data/video/ImpliHateVid/All/NH_909.mp4
[WARN] missing video file: ./data/video/ImpliHateVid/All/NH_697.mp4
[WARN] missing video file: ./data/video/ImpliHateVid/All/EX_231.mp4
[WARN] missing video file: ./data/video/ImpliHateVid/All/EX_408.mp4
[WARN] missing video file: ./data/video/ImpliHateVid/All/IM_287.mp4
[WARN] missing video file: ./data/video/ImpliHateVid/All/NH_329.mp4
[WARN] missing video file: ./data/video/ImpliHateVid/All/IM_9.mp4
[WARN] missing video file: ./data/video/ImpliHateVid/All/NH_21.mp4
[WARN] missing video file: ./data/video/ImpliHateVid/All/EX_345.mp4
[WARN] missing video file: ./data/video/ImpliHateVid/All/NH_853.mp4
[WARN] missing video file: ./data/video/ImpliHateVid/All/EX_264.mp4
[WARN] missing video file: ./data/video/ImpliHateVid/All/NH_715.mp4
[WARN] missing video file: ./data/video/ImpliHateVid/All/IM_292.mp4
[WARN] missing video file: ./data/video/ImpliHateVid/All/NH_340.mp4
[WARN] missing video file: ./data/video/ImpliHateVid/All/IM_436.mp4
[WARN] missing video file: ./data/video/ImpliHateVid/All/NH_932.mp4
[WARN] missing video file: ./data/video/ImpliHateVid/All/EX_349.mp4
[WARN] missing video file: ./data/video/ImpliHateVid/All/IM_429.mp4
[WARN] missing video file: ./data/video/ImpliHateVid/All/IM_13.mp4
  [train] processed 620/1283 (zero-vector guards so far: 620)
[WARN] missing video file: ./data/video/ImpliHateVid/All/EX_119.mp4
[WARN] missing video file: ./data/video/ImpliHateVid/All/NH_487.mp4
[WARN] missing video file: ./data/video/ImpliHateVid/All/EX_226.mp4
[WARN] missing video file: ./data/video/ImpliHateVid/All/IM_47.mp4
[WARN] missing video file: ./data/video/ImpliHateVid/All/NH_260.mp4
[WARN] missing video file: ./data/video/ImpliHateVid/All/EX_442.mp4
[WARN] missing video file: ./data/video/ImpliHateVid/All/NH_824.mp4
[WARN] missing video file: ./data/video/ImpliHateVid/All/NH_807.mp4
[WARN] missing video file: ./data/video/ImpliHateVid/All/IM_359.mp4
[WARN] missing video file: ./data/video/ImpliHateVid/All/NH_140.mp4
[WARN] missing video file: ./data/video/ImpliHateVid/All/NH_543.mp4
[WARN] missing video file: ./data/video/ImpliHateVid/All/IM_167.mp4
[WARN] missing video file: ./data/video/ImpliHateVid/All/NH_713.mp4
[WARN] missing video file: ./data/video/ImpliHateVid/All/NH_813.mp4
[WARN] missing video file: ./data/video/ImpliHateVid/All/IM_331.mp4
[WARN] missing video file: ./data/video/ImpliHateVid/All/IM_365.mp4
[WARN] missing video file: ./data/video/ImpliHateVid/All/NH_941.mp4
[WARN] missing video file: ./data/video/ImpliHateVid/All/NH_419.mp4
[WARN] missing video file: ./data/video/ImpliHateVid/All/NH_500.mp4
[WARN] missing video file: ./data/video/ImpliHateVid/All/IM_355.mp4
  [train] processed 640/1283 (zero-vector guards so far: 640)
[WARN] missing video file: ./data/video/ImpliHateVid/All/NH_755.mp4
[WARN] missing video file: ./data/video/ImpliHateVid/All/EX_339.mp4
[WARN] missing video file: ./data/video/ImpliHateVid/All/EX_177.mp4
[WARN] missing video file: ./data/video/ImpliHateVid/All/NH_155.mp4
[WARN] missing video file: ./data/video/ImpliHateVid/All/EX_186.mp4
[WARN] missing video file: ./data/video/ImpliHateVid/All/NH_52.mp4
[WARN] missing video file: ./data/video/ImpliHateVid/All/NH_722.mp4
[WARN] missing video file: ./data/video/ImpliHateVid/All/NH_364.mp4
[WARN] missing video file: ./data/video/ImpliHateVid/All/IM_468.mp4
[WARN] missing video file: ./data/video/ImpliHateVid/All/NH_158.mp4
[WARN] missing video file: ./data/video/ImpliHateVid/All/NH_624.mp4
[WARN] missing video file: ./data/video/ImpliHateVid/All/IM_83.mp4
[WARN] missing video file: ./data/video/ImpliHateVid/All/IM_500.mp4
[WARN] missing video file: ./data/video/ImpliHateVid/All/IM_22.mp4
[WARN] missing video file: ./data/video/ImpliHateVid/All/NH_777.mp4
[WARN] missing video file: ./data/video/ImpliHateVid/All/IM_488.mp4
[WARN] missing video file: ./data/video/ImpliHateVid/All/NH_23.mp4
[WARN] missing video file: ./data/video/ImpliHateVid/All/NH_379.mp4
[WARN] missing video file: ./data/video/ImpliHateVid/All/NH_799.mp4
[WARN] missing video file: ./data/video/ImpliHateVid/All/EX_405.mp4
  [train] processed 660/1283 (zero-vector guards so far: 660)
[WARN] missing video file: ./data/video/ImpliHateVid/All/EX_432.mp4
[WARN] missing video file: ./data/video/ImpliHateVid/All/IM_337.mp4
[WARN] missing video file: ./data/video/ImpliHateVid/All/IM_60.mp4
[WARN] missing video file: ./data/video/ImpliHateVid/All/IM_288.mp4
[WARN] missing video file: ./data/video/ImpliHateVid/All/EX_223.mp4
[WARN] missing video file: ./data/video/ImpliHateVid/All/NH_735.mp4
[WARN] missing video file: ./data/video/ImpliHateVid/All/NH_237.mp4
[WARN] missing video file: ./data/video/ImpliHateVid/All/IM_449.mp4
[WARN] missing video file: ./data/video/ImpliHateVid/All/NH_477.mp4
[WARN] missing video file: ./data/video/ImpliHateVid/All/NH_822.mp4
[WARN] missing video file: ./data/video/ImpliHateVid/All/NH_530.mp4
[WARN] missing video file: ./data/video/ImpliHateVid/All/EX_61.mp4
[WARN] missing video file: ./data/video/ImpliHateVid/All/EX_172.mp4
[WARN] missing video file: ./data/video/ImpliHateVid/All/NH_287.mp4
[WARN] missing video file: ./data/video/ImpliHateVid/All/IM_366.mp4
[WARN] missing video file: ./data/video/ImpliHateVid/All/NH_688.mp4
[WARN] missing video file: ./data/video/ImpliHateVid/All/NH_812.mp4
[WARN] missing video file: ./data/video/ImpliHateVid/All/NH_517.mp4
[WARN] missing video file: ./data/video/ImpliHateVid/All/NH_427.mp4
[WARN] missing video file: ./data/video/ImpliHateVid/All/IM_325.mp4
  [train] processed 680/1283 (zero-vector guards so far: 680)
[WARN] missing video file: ./data/video/ImpliHateVid/All/NH_177.mp4
[WARN] missing video file: ./data/video/ImpliHateVid/All/NH_77.mp4
[WARN] missing video file: ./data/video/ImpliHateVid/All/IM_196.mp4
[WARN] missing video file: ./data/video/ImpliHateVid/All/EX_79.mp4
[WARN] missing video file: ./data/video/ImpliHateVid/All/NH_834.mp4
[WARN] missing video file: ./data/video/ImpliHateVid/All/EX_481.mp4
[WARN] missing video file: ./data/video/ImpliHateVid/All/NH_929.mp4
[WARN] missing video file: ./data/video/ImpliHateVid/All/NH_527.mp4
[WARN] missing video file: ./data/video/ImpliHateVid/All/EX_175.mp4
[WARN] missing video file: ./data/video/ImpliHateVid/All/NH_578.mp4
[WARN] missing video file: ./data/video/ImpliHateVid/All/NH_81.mp4
[WARN] missing video file: ./data/video/ImpliHateVid/All/EX_166.mp4
[WARN] missing video file: ./data/video/ImpliHateVid/All/NH_864.mp4
[WARN] missing video file: ./data/video/ImpliHateVid/All/IM_286.mp4
[WARN] missing video file: ./data/video/ImpliHateVid/All/NH_712.mp4
[WARN] missing video file: ./data/video/ImpliHateVid/All/NH_616.mp4
[WARN] missing video file: ./data/video/ImpliHateVid/All/NH_945.mp4
[WARN] missing video file: ./data/video/ImpliHateVid/All/NH_328.mp4
[WARN] missing video file: ./data/video/ImpliHateVid/All/EX_202.mp4
[WARN] missing video file: ./data/video/ImpliHateVid/All/EX_470.mp4
  [train] processed 700/1283 (zero-vector guards so far: 700)
[WARN] missing video file: ./data/video/ImpliHateVid/All/NH_374.mp4
[WARN] missing video file: ./data/video/ImpliHateVid/All/NH_520.mp4
[WARN] missing video file: ./data/video/ImpliHateVid/All/NH_20.mp4
[WARN] missing video file: ./data/video/ImpliHateVid/All/EX_479.mp4
[WARN] missing video file: ./data/video/ImpliHateVid/All/EX_260.mp4
[WARN] missing video file: ./data/video/ImpliHateVid/All/NH_779.mp4
[WARN] missing video file: ./data/video/ImpliHateVid/All/EX_443.mp4
[WARN] missing video file: ./data/video/ImpliHateVid/All/NH_728.mp4
[WARN] missing video file: ./data/video/ImpliHateVid/All/IM_34.mp4
[WARN] missing video file: ./data/video/ImpliHateVid/All/EX_183.mp4
[WARN] missing video file: ./data/video/ImpliHateVid/All/IM_386.mp4
[WARN] missing video file: ./data/video/ImpliHateVid/All/IM_497.mp4
[WARN] missing video file: ./data/video/ImpliHateVid/All/NH_274.mp4
[WARN] missing video file: ./data/video/ImpliHateVid/All/EX_474.mp4
[WARN] missing video file: ./data/video/ImpliHateVid/All/EX_482.mp4
[WARN] missing video file: ./data/video/ImpliHateVid/All/IM_11.mp4
[WARN] missing video file: ./data/video/ImpliHateVid/All/NH_783.mp4
[WARN] missing video file: ./data/video/ImpliHateVid/All/NH_484.mp4
[WARN] missing video file: ./data/video/ImpliHateVid/All/EX_262.mp4
[WARN] missing video file: ./data/video/ImpliHateVid/All/NH_205.mp4
  [train] processed 720/1283 (zero-vector guards so far: 720)
[WARN] missing video file: ./data/video/ImpliHateVid/All/NH_855.mp4
[WARN] missing video file: ./data/video/ImpliHateVid/All/EX_361.mp4
[WARN] missing video file: ./data/video/ImpliHateVid/All/NH_636.mp4
[WARN] missing video file: ./data/video/ImpliHateVid/All/NH_933.mp4
[WARN] missing video file: ./data/video/ImpliHateVid/All/EX_417.mp4
[WARN] missing video file: ./data/video/ImpliHateVid/All/IM_118.mp4
[WARN] missing video file: ./data/video/ImpliHateVid/All/NH_453.mp4
[WARN] missing video file: ./data/video/ImpliHateVid/All/EX_73.mp4
[WARN] missing video file: ./data/video/ImpliHateVid/All/NH_577.mp4
[WARN] missing video file: ./data/video/ImpliHateVid/All/NH_367.mp4
[WARN] missing video file: ./data/video/ImpliHateVid/All/EX_398.mp4
[WARN] missing video file: ./data/video/ImpliHateVid/All/NH_588.mp4
[WARN] missing video file: ./data/video/ImpliHateVid/All/IM_417.mp4
[WARN] missing video file: ./data/video/ImpliHateVid/All/NH_216.mp4
[WARN] missing video file: ./data/video/ImpliHateVid/All/IM_45.mp4
[WARN] missing video file: ./data/video/ImpliHateVid/All/NH_754.mp4
[WARN] missing video file: ./data/video/ImpliHateVid/All/NH_626.mp4
[WARN] missing video file: ./data/video/ImpliHateVid/All/IM_8.mp4
[WARN] missing video file: ./data/video/ImpliHateVid/All/NH_541.mp4
[WARN] missing video file: ./data/video/ImpliHateVid/All/IM_24.mp4
  [train] processed 740/1283 (zero-vector guards so far: 740)
[WARN] missing video file: ./data/video/ImpliHateVid/All/IM_332.mp4
[WARN] missing video file: ./data/video/ImpliHateVid/All/NH_255.mp4
[WARN] missing video file: ./data/video/ImpliHateVid/All/EX_319.mp4
[WARN] missing video file: ./data/video/ImpliHateVid/All/IM_146.mp4
[WARN] missing video file: ./data/video/ImpliHateVid/All/IM_26.mp4
[WARN] missing video file: ./data/video/ImpliHateVid/All/EX_273.mp4
[WARN] missing video file: ./data/video/ImpliHateVid/All/NH_766.mp4
[WARN] missing video file: ./data/video/ImpliHateVid/All/IM_475.mp4
[WARN] missing video file: ./data/video/ImpliHateVid/All/NH_227.mp4
[WARN] missing video file: ./data/video/ImpliHateVid/All/NH_919.mp4
[WARN] missing video file: ./data/video/ImpliHateVid/All/NH_202.mp4
[WARN] missing video file: ./data/video/ImpliHateVid/All/EX_274.mp4
[WARN] missing video file: ./data/video/ImpliHateVid/All/EX_218.mp4
[WARN] missing video file: ./data/video/ImpliHateVid/All/NH_201.mp4
[WARN] missing video file: ./data/video/ImpliHateVid/All/IM_350.mp4
[WARN] missing video file: ./data/video/ImpliHateVid/All/NH_952.mp4
[WARN] missing video file: ./data/video/ImpliHateVid/All/NH_383.mp4
[WARN] missing video file: ./data/video/ImpliHateVid/All/NH_74.mp4
[WARN] missing video file: ./data/video/ImpliHateVid/All/NH_459.mp4
[WARN] missing video file: ./data/video/ImpliHateVid/All/IM_55.mp4
  [train] processed 760/1283 (zero-vector guards so far: 760)
[WARN] missing video file: ./data/video/ImpliHateVid/All/IM_123.mp4
[WARN] missing video file: ./data/video/ImpliHateVid/All/NH_982.mp4
[WARN] missing video file: ./data/video/ImpliHateVid/All/EX_393.mp4
[WARN] missing video file: ./data/video/ImpliHateVid/All/IM_103.mp4
[WARN] missing video file: ./data/video/ImpliHateVid/All/NH_395.mp4
[WARN] missing video file: ./data/video/ImpliHateVid/All/EX_251.mp4
[WARN] missing video file: ./data/video/ImpliHateVid/All/NH_881.mp4
[WARN] missing video file: ./data/video/ImpliHateVid/All/NH_774.mp4
[WARN] missing video file: ./data/video/ImpliHateVid/All/NH_143.mp4
[WARN] missing video file: ./data/video/ImpliHateVid/All/NH_152.mp4
[WARN] missing video file: ./data/video/ImpliHateVid/All/EX_96.mp4
[WARN] missing video file: ./data/video/ImpliHateVid/All/NH_535.mp4
[WARN] missing video file: ./data/video/ImpliHateVid/All/EX_74.mp4
[WARN] missing video file: ./data/video/ImpliHateVid/All/NH_682.mp4
[WARN] missing video file: ./data/video/ImpliHateVid/All/EX_24.mp4
[WARN] missing video file: ./data/video/ImpliHateVid/All/NH_771.mp4
[WARN] missing video file: ./data/video/ImpliHateVid/All/NH_157.mp4
[WARN] missing video file: ./data/video/ImpliHateVid/All/IM_114.mp4
[WARN] missing video file: ./data/video/ImpliHateVid/All/IM_180.mp4
[WARN] missing video file: ./data/video/ImpliHateVid/All/NH_987.mp4
  [train] processed 780/1283 (zero-vector guards so far: 780)
[WARN] missing video file: ./data/video/ImpliHateVid/All/NH_444.mp4
[WARN] missing video file: ./data/video/ImpliHateVid/All/NH_254.mp4
[WARN] missing video file: ./data/video/ImpliHateVid/All/NH_698.mp4
[WARN] missing video file: ./data/video/ImpliHateVid/All/EX_169.mp4
[WARN] missing video file: ./data/video/ImpliHateVid/All/IM_361.mp4
[WARN] missing video file: ./data/video/ImpliHateVid/All/IM_378.mp4
[WARN] missing video file: ./data/video/ImpliHateVid/All/EX_66.mp4
[WARN] missing video file: ./data/video/ImpliHateVid/All/IM_257.mp4
[WARN] missing video file: ./data/video/ImpliHateVid/All/NH_423.mp4
[WARN] missing video file: ./data/video/ImpliHateVid/All/NH_576.mp4
[WARN] missing video file: ./data/video/ImpliHateVid/All/NH_235.mp4
[WARN] missing video file: ./data/video/ImpliHateVid/All/NH_425.mp4
[WARN] missing video file: ./data/video/ImpliHateVid/All/NH_739.mp4
[WARN] missing video file: ./data/video/ImpliHateVid/All/EX_222.mp4
[WARN] missing video file: ./data/video/ImpliHateVid/All/IM_262.mp4
[WARN] missing video file: ./data/video/ImpliHateVid/All/IM_136.mp4
[WARN] missing video file: ./data/video/ImpliHateVid/All/EX_423.mp4
[WARN] missing video file: ./data/video/ImpliHateVid/All/IM_128.mp4
[WARN] missing video file: ./data/video/ImpliHateVid/All/NH_495.mp4
[WARN] missing video file: ./data/video/ImpliHateVid/All/IM_202.mp4
  [train] processed 800/1283 (zero-vector guards so far: 800)
[WARN] missing video file: ./data/video/ImpliHateVid/All/NH_669.mp4
[WARN] missing video file: ./data/video/ImpliHateVid/All/NH_940.mp4
[WARN] missing video file: ./data/video/ImpliHateVid/All/IM_402.mp4
[WARN] missing video file: ./data/video/ImpliHateVid/All/NH_544.mp4
[WARN] missing video file: ./data/video/ImpliHateVid/All/NH_691.mp4
[WARN] missing video file: ./data/video/ImpliHateVid/All/EX_118.mp4
[WARN] missing video file: ./data/video/ImpliHateVid/All/EX_62.mp4
[WARN] missing video file: ./data/video/ImpliHateVid/All/IM_422.mp4
[WARN] missing video file: ./data/video/ImpliHateVid/All/IM_341.mp4
[WARN] missing video file: ./data/video/ImpliHateVid/All/EX_142.mp4
[WARN] missing video file: ./data/video/ImpliHateVid/All/EX_324.mp4
[WARN] missing video file: ./data/video/ImpliHateVid/All/EX_51.mp4
[WARN] missing video file: ./data/video/ImpliHateVid/All/EX_240.mp4
[WARN] missing video file: ./data/video/ImpliHateVid/All/IM_188.mp4
[WARN] missing video file: ./data/video/ImpliHateVid/All/NH_61.mp4
[WARN] missing video file: ./data/video/ImpliHateVid/All/IM_427.mp4
[WARN] missing video file: ./data/video/ImpliHateVid/All/NH_792.mp4
[WARN] missing video file: ./data/video/ImpliHateVid/All/NH_494.mp4
[WARN] missing video file: ./data/video/ImpliHateVid/All/IM_318.mp4
[WARN] missing video file: ./data/video/ImpliHateVid/All/IM_504.mp4
  [train] processed 820/1283 (zero-vector guards so far: 820)
[WARN] missing video file: ./data/video/ImpliHateVid/All/NH_695.mp4
[WARN] missing video file: ./data/video/ImpliHateVid/All/IM_371.mp4
[WARN] missing video file: ./data/video/ImpliHateVid/All/EX_59.mp4
[WARN] missing video file: ./data/video/ImpliHateVid/All/NH_661.mp4
[WARN] missing video file: ./data/video/ImpliHateVid/All/NH_311.mp4
[WARN] missing video file: ./data/video/ImpliHateVid/All/IM_388.mp4
[WARN] missing video file: ./data/video/ImpliHateVid/All/NH_428.mp4
[WARN] missing video file: ./data/video/ImpliHateVid/All/IM_189.mp4
[WARN] missing video file: ./data/video/ImpliHateVid/All/NH_403.mp4
[WARN] missing video file: ./data/video/ImpliHateVid/All/NH_997.mp4
[WARN] missing video file: ./data/video/ImpliHateVid/All/IM_431.mp4
[WARN] missing video file: ./data/video/ImpliHateVid/All/NH_238.mp4
[WARN] missing video file: ./data/video/ImpliHateVid/All/NH_492.mp4
[WARN] missing video file: ./data/video/ImpliHateVid/All/NH_546.mp4
[WARN] missing video file: ./data/video/ImpliHateVid/All/NH_464.mp4
[WARN] missing video file: ./data/video/ImpliHateVid/All/IM_281.mp4
[WARN] missing video file: ./data/video/ImpliHateVid/All/NH_241.mp4
[WARN] missing video file: ./data/video/ImpliHateVid/All/EX_282.mp4
[WARN] missing video file: ./data/video/ImpliHateVid/All/IM_412.mp4
[WARN] missing video file: ./data/video/ImpliHateVid/All/NH_738.mp4
  [train] processed 840/1283 (zero-vector guards so far: 840)
[WARN] missing video file: ./data/video/ImpliHateVid/All/NH_524.mp4
[WARN] missing video file: ./data/video/ImpliHateVid/All/NH_318.mp4
[WARN] missing video file: ./data/video/ImpliHateVid/All/NH_242.mp4
[WARN] missing video file: ./data/video/ImpliHateVid/All/EX_143.mp4
[WARN] missing video file: ./data/video/ImpliHateVid/All/NH_581.mp4
[WARN] missing video file: ./data/video/ImpliHateVid/All/NH_421.mp4
[WARN] missing video file: ./data/video/ImpliHateVid/All/NH_105.mp4
[WARN] missing video file: ./data/video/ImpliHateVid/All/EX_352.mp4
[WARN] missing video file: ./data/video/ImpliHateVid/All/NH_267.mp4
[WARN] missing video file: ./data/video/ImpliHateVid/All/IM_328.mp4
[WARN] missing video file: ./data/video/ImpliHateVid/All/IM_373.mp4
[WARN] missing video file: ./data/video/ImpliHateVid/All/IM_438.mp4
[WARN] missing video file: ./data/video/ImpliHateVid/All/NH_294.mp4
[WARN] missing video file: ./data/video/ImpliHateVid/All/NH_113.mp4
[WARN] missing video file: ./data/video/ImpliHateVid/All/NH_188.mp4
[WARN] missing video file: ./data/video/ImpliHateVid/All/EX_401.mp4
[WARN] missing video file: ./data/video/ImpliHateVid/All/EX_181.mp4
[WARN] missing video file: ./data/video/ImpliHateVid/All/IM_186.mp4
[WARN] missing video file: ./data/video/ImpliHateVid/All/NH_460.mp4
[WARN] missing video file: ./data/video/ImpliHateVid/All/NH_439.mp4
  [train] processed 860/1283 (zero-vector guards so far: 860)
[WARN] missing video file: ./data/video/ImpliHateVid/All/NH_115.mp4
[WARN] missing video file: ./data/video/ImpliHateVid/All/NH_309.mp4
[WARN] missing video file: ./data/video/ImpliHateVid/All/EX_437.mp4
[WARN] missing video file: ./data/video/ImpliHateVid/All/IM_171.mp4
[WARN] missing video file: ./data/video/ImpliHateVid/All/NH_584.mp4
[WARN] missing video file: ./data/video/ImpliHateVid/All/IM_459.mp4
[WARN] missing video file: ./data/video/ImpliHateVid/All/NH_401.mp4
[WARN] missing video file: ./data/video/ImpliHateVid/All/NH_467.mp4
[WARN] missing video file: ./data/video/ImpliHateVid/All/IM_7.mp4
[WARN] missing video file: ./data/video/ImpliHateVid/All/IM_125.mp4
[WARN] missing video file: ./data/video/ImpliHateVid/All/IM_327.mp4
[WARN] missing video file: ./data/video/ImpliHateVid/All/NH_279.mp4
[WARN] missing video file: ./data/video/ImpliHateVid/All/NH_556.mp4
[WARN] missing video file: ./data/video/ImpliHateVid/All/NH_336.mp4
[WARN] missing video file: ./data/video/ImpliHateVid/All/EX_25.mp4
[WARN] missing video file: ./data/video/ImpliHateVid/All/IM_165.mp4
[WARN] missing video file: ./data/video/ImpliHateVid/All/IM_340.mp4
[WARN] missing video file: ./data/video/ImpliHateVid/All/IM_39.mp4
[WARN] missing video file: ./data/video/ImpliHateVid/All/NH_378.mp4
[WARN] missing video file: ./data/video/ImpliHateVid/All/EX_219.mp4
  [train] processed 880/1283 (zero-vector guards so far: 880)
[WARN] missing video file: ./data/video/ImpliHateVid/All/NH_167.mp4
[WARN] missing video file: ./data/video/ImpliHateVid/All/IM_469.mp4
[WARN] missing video file: ./data/video/ImpliHateVid/All/EX_12.mp4
[WARN] missing video file: ./data/video/ImpliHateVid/All/EX_334.mp4
[WARN] missing video file: ./data/video/ImpliHateVid/All/EX_411.mp4
[WARN] missing video file: ./data/video/ImpliHateVid/All/EX_391.mp4
[WARN] missing video file: ./data/video/ImpliHateVid/All/IM_46.mp4
[WARN] missing video file: ./data/video/ImpliHateVid/All/IM_300.mp4
[WARN] missing video file: ./data/video/ImpliHateVid/All/IM_151.mp4
[WARN] missing video file: ./data/video/ImpliHateVid/All/NH_885.mp4
[WARN] missing video file: ./data/video/ImpliHateVid/All/IM_192.mp4
[WARN] missing video file: ./data/video/ImpliHateVid/All/NH_181.mp4
[WARN] missing video file: ./data/video/ImpliHateVid/All/NH_653.mp4
[WARN] missing video file: ./data/video/ImpliHateVid/All/EX_195.mp4
[WARN] missing video file: ./data/video/ImpliHateVid/All/NH_809.mp4
[WARN] missing video file: ./data/video/ImpliHateVid/All/EX_335.mp4
[WARN] missing video file: ./data/video/ImpliHateVid/All/EX_201.mp4
[WARN] missing video file: ./data/video/ImpliHateVid/All/NH_768.mp4
[WARN] missing video file: ./data/video/ImpliHateVid/All/NH_99.mp4
[WARN] missing video file: ./data/video/ImpliHateVid/All/EX_473.mp4
  [train] processed 900/1283 (zero-vector guards so far: 900)
[WARN] missing video file: ./data/video/ImpliHateVid/All/NH_923.mp4
[WARN] missing video file: ./data/video/ImpliHateVid/All/NH_253.mp4
[WARN] missing video file: ./data/video/ImpliHateVid/All/EX_221.mp4
[WARN] missing video file: ./data/video/ImpliHateVid/All/EX_133.mp4
[WARN] missing video file: ./data/video/ImpliHateVid/All/EX_28.mp4
[WARN] missing video file: ./data/video/ImpliHateVid/All/NH_407.mp4
[WARN] missing video file: ./data/video/ImpliHateVid/All/NH_116.mp4
[WARN] missing video file: ./data/video/ImpliHateVid/All/EX_94.mp4
[WARN] missing video file: ./data/video/ImpliHateVid/All/IM_242.mp4
[WARN] missing video file: ./data/video/ImpliHateVid/All/NH_551.mp4
[WARN] missing video file: ./data/video/ImpliHateVid/All/NH_966.mp4
[WARN] missing video file: ./data/video/ImpliHateVid/All/NH_232.mp4
[WARN] missing video file: ./data/video/ImpliHateVid/All/NH_528.mp4
[WARN] missing video file: ./data/video/ImpliHateVid/All/NH_643.mp4
[WARN] missing video file: ./data/video/ImpliHateVid/All/NH_540.mp4
[WARN] missing video file: ./data/video/ImpliHateVid/All/IM_380.mp4
[WARN] missing video file: ./data/video/ImpliHateVid/All/EX_135.mp4
[WARN] missing video file: ./data/video/ImpliHateVid/All/IM_400.mp4
[WARN] missing video file: ./data/video/ImpliHateVid/All/IM_207.mp4
[WARN] missing video file: ./data/video/ImpliHateVid/All/EX_461.mp4
  [train] processed 920/1283 (zero-vector guards so far: 920)
[WARN] missing video file: ./data/video/ImpliHateVid/All/IM_291.mp4
[WARN] missing video file: ./data/video/ImpliHateVid/All/NH_259.mp4
[WARN] missing video file: ./data/video/ImpliHateVid/All/EX_225.mp4
[WARN] missing video file: ./data/video/ImpliHateVid/All/IM_298.mp4
[WARN] missing video file: ./data/video/ImpliHateVid/All/IM_411.mp4
[WARN] missing video file: ./data/video/ImpliHateVid/All/NH_778.mp4
[WARN] missing video file: ./data/video/ImpliHateVid/All/IM_80.mp4
[WARN] missing video file: ./data/video/ImpliHateVid/All/NH_832.mp4
[WARN] missing video file: ./data/video/ImpliHateVid/All/NH_174.mp4
[WARN] missing video file: ./data/video/ImpliHateVid/All/NH_124.mp4
[WARN] missing video file: ./data/video/ImpliHateVid/All/NH_538.mp4
[WARN] missing video file: ./data/video/ImpliHateVid/All/IM_102.mp4
[WARN] missing video file: ./data/video/ImpliHateVid/All/EX_332.mp4
[WARN] missing video file: ./data/video/ImpliHateVid/All/NH_322.mp4
[WARN] missing video file: ./data/video/ImpliHateVid/All/NH_764.mp4
[WARN] missing video file: ./data/video/ImpliHateVid/All/NH_392.mp4
[WARN] missing video file: ./data/video/ImpliHateVid/All/NH_360.mp4
[WARN] missing video file: ./data/video/ImpliHateVid/All/NH_859.mp4
[WARN] missing video file: ./data/video/ImpliHateVid/All/NH_442.mp4
[WARN] missing video file: ./data/video/ImpliHateVid/All/NH_218.mp4
  [train] processed 940/1283 (zero-vector guards so far: 940)
[WARN] missing video file: ./data/video/ImpliHateVid/All/IM_393.mp4
[WARN] missing video file: ./data/video/ImpliHateVid/All/NH_706.mp4
[WARN] missing video file: ./data/video/ImpliHateVid/All/EX_178.mp4
[WARN] missing video file: ./data/video/ImpliHateVid/All/EX_80.mp4
[WARN] missing video file: ./data/video/ImpliHateVid/All/NH_114.mp4
[WARN] missing video file: ./data/video/ImpliHateVid/All/NH_552.mp4
[WARN] missing video file: ./data/video/ImpliHateVid/All/NH_880.mp4
[WARN] missing video file: ./data/video/ImpliHateVid/All/IM_251.mp4
[WARN] missing video file: ./data/video/ImpliHateVid/All/IM_77.mp4
[WARN] missing video file: ./data/video/ImpliHateVid/All/IM_163.mp4
[WARN] missing video file: ./data/video/ImpliHateVid/All/IM_461.mp4
[WARN] missing video file: ./data/video/ImpliHateVid/All/NH_868.mp4
[WARN] missing video file: ./data/video/ImpliHateVid/All/IM_182.mp4
[WARN] missing video file: ./data/video/ImpliHateVid/All/NH_138.mp4
[WARN] missing video file: ./data/video/ImpliHateVid/All/NH_384.mp4
[WARN] missing video file: ./data/video/ImpliHateVid/All/EX_2.mp4
[WARN] missing video file: ./data/video/ImpliHateVid/All/NH_101.mp4
[WARN] missing video file: ./data/video/ImpliHateVid/All/NH_456.mp4
[WARN] missing video file: ./data/video/ImpliHateVid/All/EX_305.mp4
[WARN] missing video file: ./data/video/ImpliHateVid/All/NH_102.mp4
  [train] processed 960/1283 (zero-vector guards so far: 960)
[WARN] missing video file: ./data/video/ImpliHateVid/All/NH_659.mp4
[WARN] missing video file: ./data/video/ImpliHateVid/All/EX_104.mp4
[WARN] missing video file: ./data/video/ImpliHateVid/All/IM_99.mp4
[WARN] missing video file: ./data/video/ImpliHateVid/All/IM_342.mp4
[WARN] missing video file: ./data/video/ImpliHateVid/All/EX_321.mp4
[WARN] missing video file: ./data/video/ImpliHateVid/All/NH_426.mp4
[WARN] missing video file: ./data/video/ImpliHateVid/All/EX_148.mp4
[WARN] missing video file: ./data/video/ImpliHateVid/All/NH_366.mp4
[WARN] missing video file: ./data/video/ImpliHateVid/All/NH_75.mp4
[WARN] missing video file: ./data/video/ImpliHateVid/All/EX_187.mp4
[WARN] missing video file: ./data/video/ImpliHateVid/All/EX_145.mp4
[WARN] missing video file: ./data/video/ImpliHateVid/All/EX_375.mp4
[WARN] missing video file: ./data/video/ImpliHateVid/All/NH_803.mp4
[WARN] missing video file: ./data/video/ImpliHateVid/All/NH_610.mp4
[WARN] missing video file: ./data/video/ImpliHateVid/All/NH_742.mp4
[WARN] missing video file: ./data/video/ImpliHateVid/All/EX_430.mp4
[WARN] missing video file: ./data/video/ImpliHateVid/All/IM_320.mp4
[WARN] missing video file: ./data/video/ImpliHateVid/All/NH_709.mp4
[WARN] missing video file: ./data/video/ImpliHateVid/All/IM_456.mp4
[WARN] missing video file: ./data/video/ImpliHateVid/All/NH_818.mp4
  [train] processed 980/1283 (zero-vector guards so far: 980)
[WARN] missing video file: ./data/video/ImpliHateVid/All/NH_985.mp4
[WARN] missing video file: ./data/video/ImpliHateVid/All/IM_485.mp4
[WARN] missing video file: ./data/video/ImpliHateVid/All/NH_409.mp4
[WARN] missing video file: ./data/video/ImpliHateVid/All/NH_169.mp4
[WARN] missing video file: ./data/video/ImpliHateVid/All/NH_450.mp4
[WARN] missing video file: ./data/video/ImpliHateVid/All/IM_230.mp4
[WARN] missing video file: ./data/video/ImpliHateVid/All/NH_301.mp4
[WARN] missing video file: ./data/video/ImpliHateVid/All/NH_597.mp4
[WARN] missing video file: ./data/video/ImpliHateVid/All/NH_674.mp4
[WARN] missing video file: ./data/video/ImpliHateVid/All/NH_991.mp4
[WARN] missing video file: ./data/video/ImpliHateVid/All/NH_910.mp4
[WARN] missing video file: ./data/video/ImpliHateVid/All/EX_454.mp4
[WARN] missing video file: ./data/video/ImpliHateVid/All/IM_76.mp4
[WARN] missing video file: ./data/video/ImpliHateVid/All/EX_415.mp4
[WARN] missing video file: ./data/video/ImpliHateVid/All/NH_917.mp4
[WARN] missing video file: ./data/video/ImpliHateVid/All/IM_145.mp4
[WARN] missing video file: ./data/video/ImpliHateVid/All/EX_171.mp4
[WARN] missing video file: ./data/video/ImpliHateVid/All/NH_731.mp4
[WARN] missing video file: ./data/video/ImpliHateVid/All/IM_205.mp4
[WARN] missing video file: ./data/video/ImpliHateVid/All/IM_16.mp4
  [train] processed 1000/1283 (zero-vector guards so far: 1000)
[WARN] missing video file: ./data/video/ImpliHateVid/All/EX_416.mp4
[WARN] missing video file: ./data/video/ImpliHateVid/All/IM_505.mp4
[WARN] missing video file: ./data/video/ImpliHateVid/All/IM_141.mp4
[WARN] missing video file: ./data/video/ImpliHateVid/All/EX_76.mp4
[WARN] missing video file: ./data/video/ImpliHateVid/All/NH_162.mp4
[WARN] missing video file: ./data/video/ImpliHateVid/All/NH_796.mp4
[WARN] missing video file: ./data/video/ImpliHateVid/All/IM_344.mp4
[WARN] missing video file: ./data/video/ImpliHateVid/All/NH_716.mp4
[WARN] missing video file: ./data/video/ImpliHateVid/All/NH_935.mp4
[WARN] missing video file: ./data/video/ImpliHateVid/All/IM_204.mp4
[WARN] missing video file: ./data/video/ImpliHateVid/All/NH_35.mp4
[WARN] missing video file: ./data/video/ImpliHateVid/All/IM_112.mp4
[WARN] missing video file: ./data/video/ImpliHateVid/All/NH_117.mp4
[WARN] missing video file: ./data/video/ImpliHateVid/All/EX_259.mp4
[WARN] missing video file: ./data/video/ImpliHateVid/All/EX_289.mp4
[WARN] missing video file: ./data/video/ImpliHateVid/All/NH_496.mp4
[WARN] missing video file: ./data/video/ImpliHateVid/All/NH_131.mp4
[WARN] missing video file: ./data/video/ImpliHateVid/All/IM_494.mp4
[WARN] missing video file: ./data/video/ImpliHateVid/All/NH_621.mp4
[WARN] missing video file: ./data/video/ImpliHateVid/All/NH_918.mp4
  [train] processed 1020/1283 (zero-vector guards so far: 1020)
[WARN] missing video file: ./data/video/ImpliHateVid/All/NH_599.mp4
[WARN] missing video file: ./data/video/ImpliHateVid/All/NH_898.mp4
[WARN] missing video file: ./data/video/ImpliHateVid/All/IM_317.mp4
[WARN] missing video file: ./data/video/ImpliHateVid/All/NH_424.mp4
[WARN] missing video file: ./data/video/ImpliHateVid/All/NH_249.mp4
[WARN] missing video file: ./data/video/ImpliHateVid/All/NH_947.mp4
[WARN] missing video file: ./data/video/ImpliHateVid/All/NH_107.mp4
[WARN] missing video file: ./data/video/ImpliHateVid/All/NH_387.mp4
[WARN] missing video file: ./data/video/ImpliHateVid/All/NH_270.mp4
[WARN] missing video file: ./data/video/ImpliHateVid/All/NH_121.mp4
[WARN] missing video file: ./data/video/ImpliHateVid/All/EX_478.mp4
[WARN] missing video file: ./data/video/ImpliHateVid/All/EX_317.mp4
[WARN] missing video file: ./data/video/ImpliHateVid/All/EX_433.mp4
[WARN] missing video file: ./data/video/ImpliHateVid/All/NH_126.mp4
[WARN] missing video file: ./data/video/ImpliHateVid/All/EX_151.mp4
[WARN] missing video file: ./data/video/ImpliHateVid/All/EX_111.mp4
[WARN] missing video file: ./data/video/ImpliHateVid/All/NH_56.mp4
[WARN] missing video file: ./data/video/ImpliHateVid/All/NH_448.mp4
[WARN] missing video file: ./data/video/ImpliHateVid/All/NH_745.mp4
[WARN] missing video file: ./data/video/ImpliHateVid/All/IM_473.mp4
  [train] processed 1040/1283 (zero-vector guards so far: 1040)
[WARN] missing video file: ./data/video/ImpliHateVid/All/NH_852.mp4
[WARN] missing video file: ./data/video/ImpliHateVid/All/NH_365.mp4
[WARN] missing video file: ./data/video/ImpliHateVid/All/IM_491.mp4
[WARN] missing video file: ./data/video/ImpliHateVid/All/IM_37.mp4
[WARN] missing video file: ./data/video/ImpliHateVid/All/IM_69.mp4
[WARN] missing video file: ./data/video/ImpliHateVid/All/EX_320.mp4
[WARN] missing video file: ./data/video/ImpliHateVid/All/EX_369.mp4
[WARN] missing video file: ./data/video/ImpliHateVid/All/NH_223.mp4
[WARN] missing video file: ./data/video/ImpliHateVid/All/IM_130.mp4
[WARN] missing video file: ./data/video/ImpliHateVid/All/NH_27.mp4
[WARN] missing video file: ./data/video/ImpliHateVid/All/IM_162.mp4
[WARN] missing video file: ./data/video/ImpliHateVid/All/NH_352.mp4
[WARN] missing video file: ./data/video/ImpliHateVid/All/NH_182.mp4
[WARN] missing video file: ./data/video/ImpliHateVid/All/EX_471.mp4
[WARN] missing video file: ./data/video/ImpliHateVid/All/NH_375.mp4
[WARN] missing video file: ./data/video/ImpliHateVid/All/NH_489.mp4
[WARN] missing video file: ./data/video/ImpliHateVid/All/NH_111.mp4
[WARN] missing video file: ./data/video/ImpliHateVid/All/EX_112.mp4
[WARN] missing video file: ./data/video/ImpliHateVid/All/IM_126.mp4
[WARN] missing video file: ./data/video/ImpliHateVid/All/EX_376.mp4
  [train] processed 1060/1283 (zero-vector guards so far: 1060)
[WARN] missing video file: ./data/video/ImpliHateVid/All/NH_345.mp4
[WARN] missing video file: ./data/video/ImpliHateVid/All/IM_86.mp4
[WARN] missing video file: ./data/video/ImpliHateVid/All/IM_421.mp4
[WARN] missing video file: ./data/video/ImpliHateVid/All/IM_307.mp4
[WARN] missing video file: ./data/video/ImpliHateVid/All/NH_908.mp4
[WARN] missing video file: ./data/video/ImpliHateVid/All/IM_392.mp4
[WARN] missing video file: ./data/video/ImpliHateVid/All/EX_50.mp4
[WARN] missing video file: ./data/video/ImpliHateVid/All/NH_703.mp4
[WARN] missing video file: ./data/video/ImpliHateVid/All/EX_140.mp4
[WARN] missing video file: ./data/video/ImpliHateVid/All/IM_105.mp4
[WARN] missing video file: ./data/video/ImpliHateVid/All/EX_230.mp4
[WARN] missing video file: ./data/video/ImpliHateVid/All/IM_49.mp4
[WARN] missing video file: ./data/video/ImpliHateVid/All/EX_21.mp4
[WARN] missing video file: ./data/video/ImpliHateVid/All/EX_276.mp4
[WARN] missing video file: ./data/video/ImpliHateVid/All/EX_54.mp4
[WARN] missing video file: ./data/video/ImpliHateVid/All/EX_269.mp4
[WARN] missing video file: ./data/video/ImpliHateVid/All/NH_369.mp4
[WARN] missing video file: ./data/video/ImpliHateVid/All/NH_865.mp4
[WARN] missing video file: ./data/video/ImpliHateVid/All/NH_96.mp4
[WARN] missing video file: ./data/video/ImpliHateVid/All/NH_962.mp4
  [train] processed 1080/1283 (zero-vector guards so far: 1080)
[WARN] missing video file: ./data/video/ImpliHateVid/All/IM_347.mp4
[WARN] missing video file: ./data/video/ImpliHateVid/All/EX_6.mp4
[WARN] missing video file: ./data/video/ImpliHateVid/All/NH_838.mp4
[WARN] missing video file: ./data/video/ImpliHateVid/All/EX_410.mp4
[WARN] missing video file: ./data/video/ImpliHateVid/All/NH_3.mp4
[WARN] missing video file: ./data/video/ImpliHateVid/All/NH_630.mp4
[WARN] missing video file: ./data/video/ImpliHateVid/All/NH_601.mp4
[WARN] missing video file: ./data/video/ImpliHateVid/All/EX_3.mp4
[WARN] missing video file: ./data/video/ImpliHateVid/All/NH_1000.mp4
[WARN] missing video file: ./data/video/ImpliHateVid/All/EX_102.mp4
[WARN] missing video file: ./data/video/ImpliHateVid/All/NH_251.mp4
[WARN] missing video file: ./data/video/ImpliHateVid/All/NH_557.mp4
[WARN] missing video file: ./data/video/ImpliHateVid/All/NH_710.mp4
[WARN] missing video file: ./data/video/ImpliHateVid/All/NH_835.mp4
[WARN] missing video file: ./data/video/ImpliHateVid/All/NH_410.mp4
[WARN] missing video file: ./data/video/ImpliHateVid/All/NH_872.mp4
[WARN] missing video file: ./data/video/ImpliHateVid/All/EX_86.mp4
[WARN] missing video file: ./data/video/ImpliHateVid/All/EX_27.mp4
[WARN] missing video file: ./data/video/ImpliHateVid/All/IM_310.mp4
[WARN] missing video file: ./data/video/ImpliHateVid/All/NH_406.mp4
  [train] processed 1100/1283 (zero-vector guards so far: 1100)
[WARN] missing video file: ./data/video/ImpliHateVid/All/IM_30.mp4
[WARN] missing video file: ./data/video/ImpliHateVid/All/EX_108.mp4
[WARN] missing video file: ./data/video/ImpliHateVid/All/NH_866.mp4
[WARN] missing video file: ./data/video/ImpliHateVid/All/NH_980.mp4
[WARN] missing video file: ./data/video/ImpliHateVid/All/NH_49.mp4
[WARN] missing video file: ./data/video/ImpliHateVid/All/NH_995.mp4
[WARN] missing video file: ./data/video/ImpliHateVid/All/EX_301.mp4
[WARN] missing video file: ./data/video/ImpliHateVid/All/EX_459.mp4
[WARN] missing video file: ./data/video/ImpliHateVid/All/EX_486.mp4
[WARN] missing video file: ./data/video/ImpliHateVid/All/EX_55.mp4
[WARN] missing video file: ./data/video/ImpliHateVid/All/NH_482.mp4
[WARN] missing video file: ./data/video/ImpliHateVid/All/NH_413.mp4
[WARN] missing video file: ./data/video/ImpliHateVid/All/NH_843.mp4
[WARN] missing video file: ./data/video/ImpliHateVid/All/EX_164.mp4
[WARN] missing video file: ./data/video/ImpliHateVid/All/EX_207.mp4
[WARN] missing video file: ./data/video/ImpliHateVid/All/EX_460.mp4
[WARN] missing video file: ./data/video/ImpliHateVid/All/EX_257.mp4
[WARN] missing video file: ./data/video/ImpliHateVid/All/IM_63.mp4
[WARN] missing video file: ./data/video/ImpliHateVid/All/IM_227.mp4
[WARN] missing video file: ./data/video/ImpliHateVid/All/NH_811.mp4
  [train] processed 1120/1283 (zero-vector guards so far: 1120)
[WARN] missing video file: ./data/video/ImpliHateVid/All/EX_362.mp4
[WARN] missing video file: ./data/video/ImpliHateVid/All/NH_221.mp4
[WARN] missing video file: ./data/video/ImpliHateVid/All/NH_870.mp4
[WARN] missing video file: ./data/video/ImpliHateVid/All/NH_373.mp4
[WARN] missing video file: ./data/video/ImpliHateVid/All/IM_404.mp4
[WARN] missing video file: ./data/video/ImpliHateVid/All/IM_330.mp4
[WARN] missing video file: ./data/video/ImpliHateVid/All/NH_503.mp4
[WARN] missing video file: ./data/video/ImpliHateVid/All/IM_435.mp4
[WARN] missing video file: ./data/video/ImpliHateVid/All/NH_293.mp4
[WARN] missing video file: ./data/video/ImpliHateVid/All/IM_414.mp4
[WARN] missing video file: ./data/video/ImpliHateVid/All/NH_642.mp4
[WARN] missing video file: ./data/video/ImpliHateVid/All/NH_103.mp4
[WARN] missing video file: ./data/video/ImpliHateVid/All/NH_692.mp4
[WARN] missing video file: ./data/video/ImpliHateVid/All/NH_660.mp4
[WARN] missing video file: ./data/video/ImpliHateVid/All/IM_447.mp4
[WARN] missing video file: ./data/video/ImpliHateVid/All/EX_131.mp4
[WARN] missing video file: ./data/video/ImpliHateVid/All/EX_297.mp4
[WARN] missing video file: ./data/video/ImpliHateVid/All/NH_554.mp4
[WARN] missing video file: ./data/video/ImpliHateVid/All/EX_139.mp4
[WARN] missing video file: ./data/video/ImpliHateVid/All/IM_451.mp4
  [train] processed 1140/1283 (zero-vector guards so far: 1140)
[WARN] missing video file: ./data/video/ImpliHateVid/All/EX_307.mp4
[WARN] missing video file: ./data/video/ImpliHateVid/All/IM_351.mp4
[WARN] missing video file: ./data/video/ImpliHateVid/All/NH_431.mp4
[WARN] missing video file: ./data/video/ImpliHateVid/All/NH_315.mp4
[WARN] missing video file: ./data/video/ImpliHateVid/All/NH_608.mp4
[WARN] missing video file: ./data/video/ImpliHateVid/All/NH_970.mp4
[WARN] missing video file: ./data/video/ImpliHateVid/All/NH_686.mp4
[WARN] missing video file: ./data/video/ImpliHateVid/All/EX_272.mp4
[WARN] missing video file: ./data/video/ImpliHateVid/All/NH_475.mp4
[WARN] missing video file: ./data/video/ImpliHateVid/All/EX_204.mp4
[WARN] missing video file: ./data/video/ImpliHateVid/All/NH_605.mp4
[WARN] missing video file: ./data/video/ImpliHateVid/All/IM_232.mp4
[WARN] missing video file: ./data/video/ImpliHateVid/All/NH_178.mp4
[WARN] missing video file: ./data/video/ImpliHateVid/All/EX_224.mp4
[WARN] missing video file: ./data/video/ImpliHateVid/All/NH_66.mp4
[WARN] missing video file: ./data/video/ImpliHateVid/All/IM_95.mp4
[WARN] missing video file: ./data/video/ImpliHateVid/All/NH_224.mp4
[WARN] missing video file: ./data/video/ImpliHateVid/All/IM_58.mp4
[WARN] missing video file: ./data/video/ImpliHateVid/All/EX_93.mp4
[WARN] missing video file: ./data/video/ImpliHateVid/All/NH_486.mp4
  [train] processed 1160/1283 (zero-vector guards so far: 1160)
[WARN] missing video file: ./data/video/ImpliHateVid/All/EX_36.mp4
[WARN] missing video file: ./data/video/ImpliHateVid/All/IM_270.mp4
[WARN] missing video file: ./data/video/ImpliHateVid/All/EX_167.mp4
[WARN] missing video file: ./data/video/ImpliHateVid/All/NH_314.mp4
[WARN] missing video file: ./data/video/ImpliHateVid/All/NH_222.mp4
[WARN] missing video file: ./data/video/ImpliHateVid/All/EX_377.mp4
[WARN] missing video file: ./data/video/ImpliHateVid/All/NH_641.mp4
[WARN] missing video file: ./data/video/ImpliHateVid/All/EX_278.mp4
[WARN] missing video file: ./data/video/ImpliHateVid/All/EX_303.mp4
[WARN] missing video file: ./data/video/ImpliHateVid/All/IM_273.mp4
[WARN] missing video file: ./data/video/ImpliHateVid/All/IM_430.mp4
[WARN] missing video file: ./data/video/ImpliHateVid/All/NH_312.mp4
[WARN] missing video file: ./data/video/ImpliHateVid/All/EX_488.mp4
[WARN] missing video file: ./data/video/ImpliHateVid/All/NH_245.mp4
[WARN] missing video file: ./data/video/ImpliHateVid/All/NH_361.mp4
[WARN] missing video file: ./data/video/ImpliHateVid/All/NH_531.mp4
[WARN] missing video file: ./data/video/ImpliHateVid/All/NH_877.mp4
[WARN] missing video file: ./data/video/ImpliHateVid/All/NH_69.mp4
[WARN] missing video file: ./data/video/ImpliHateVid/All/EX_17.mp4
[WARN] missing video file: ./data/video/ImpliHateVid/All/NH_310.mp4
  [train] processed 1180/1283 (zero-vector guards so far: 1180)
[WARN] missing video file: ./data/video/ImpliHateVid/All/EX_299.mp4
[WARN] missing video file: ./data/video/ImpliHateVid/All/EX_281.mp4
[WARN] missing video file: ./data/video/ImpliHateVid/All/IM_132.mp4
[WARN] missing video file: ./data/video/ImpliHateVid/All/NH_802.mp4
[WARN] missing video file: ./data/video/ImpliHateVid/All/NH_699.mp4
[WARN] missing video file: ./data/video/ImpliHateVid/All/EX_63.mp4
[WARN] missing video file: ./data/video/ImpliHateVid/All/EX_129.mp4
[WARN] missing video file: ./data/video/ImpliHateVid/All/NH_586.mp4
[WARN] missing video file: ./data/video/ImpliHateVid/All/NH_265.mp4
[WARN] missing video file: ./data/video/ImpliHateVid/All/IM_33.mp4
[WARN] missing video file: ./data/video/ImpliHateVid/All/EX_406.mp4
[WARN] missing video file: ./data/video/ImpliHateVid/All/NH_25.mp4
[WARN] missing video file: ./data/video/ImpliHateVid/All/IM_460.mp4
[WARN] missing video file: ./data/video/ImpliHateVid/All/NH_542.mp4
[WARN] missing video file: ./data/video/ImpliHateVid/All/EX_239.mp4
[WARN] missing video file: ./data/video/ImpliHateVid/All/IM_97.mp4
[WARN] missing video file: ./data/video/ImpliHateVid/All/EX_92.mp4
[WARN] missing video file: ./data/video/ImpliHateVid/All/EX_124.mp4
[WARN] missing video file: ./data/video/ImpliHateVid/All/NH_539.mp4
[WARN] missing video file: ./data/video/ImpliHateVid/All/NH_690.mp4
  [train] processed 1200/1283 (zero-vector guards so far: 1200)
[WARN] missing video file: ./data/video/ImpliHateVid/All/IM_228.mp4
[WARN] missing video file: ./data/video/ImpliHateVid/All/NH_466.mp4
[WARN] missing video file: ./data/video/ImpliHateVid/All/NH_194.mp4
[WARN] missing video file: ./data/video/ImpliHateVid/All/EX_302.mp4
[WARN] missing video file: ./data/video/ImpliHateVid/All/EX_213.mp4
[WARN] missing video file: ./data/video/ImpliHateVid/All/NH_220.mp4
[WARN] missing video file: ./data/video/ImpliHateVid/All/IM_253.mp4
[WARN] missing video file: ./data/video/ImpliHateVid/All/NH_434.mp4
[WARN] missing video file: ./data/video/ImpliHateVid/All/IM_214.mp4
[WARN] missing video file: ./data/video/ImpliHateVid/All/NH_510.mp4
[WARN] missing video file: ./data/video/ImpliHateVid/All/IM_424.mp4
[WARN] missing video file: ./data/video/ImpliHateVid/All/NH_629.mp4
[WARN] missing video file: ./data/video/ImpliHateVid/All/NH_161.mp4
[WARN] missing video file: ./data/video/ImpliHateVid/All/EX_241.mp4
[WARN] missing video file: ./data/video/ImpliHateVid/All/NH_775.mp4
[WARN] missing video file: ./data/video/ImpliHateVid/All/NH_721.mp4
[WARN] missing video file: ./data/video/ImpliHateVid/All/IM_139.mp4
[WARN] missing video file: ./data/video/ImpliHateVid/All/NH_440.mp4
[WARN] missing video file: ./data/video/ImpliHateVid/All/NH_978.mp4
[WARN] missing video file: ./data/video/ImpliHateVid/All/IM_81.mp4
  [train] processed 1220/1283 (zero-vector guards so far: 1220)
[WARN] missing video file: ./data/video/ImpliHateVid/All/IM_507.mp4
[WARN] missing video file: ./data/video/ImpliHateVid/All/NH_743.mp4
[WARN] missing video file: ./data/video/ImpliHateVid/All/EX_365.mp4
[WARN] missing video file: ./data/video/ImpliHateVid/All/NH_151.mp4
[WARN] missing video file: ./data/video/ImpliHateVid/All/NH_719.mp4
[WARN] missing video file: ./data/video/ImpliHateVid/All/NH_13.mp4
[WARN] missing video file: ./data/video/ImpliHateVid/All/NH_841.mp4
[WARN] missing video file: ./data/video/ImpliHateVid/All/EX_351.mp4
[WARN] missing video file: ./data/video/ImpliHateVid/All/NH_305.mp4
[WARN] missing video file: ./data/video/ImpliHateVid/All/NH_479.mp4
[WARN] missing video file: ./data/video/ImpliHateVid/All/NH_675.mp4
[WARN] missing video file: ./data/video/ImpliHateVid/All/NH_402.mp4
[WARN] missing video file: ./data/video/ImpliHateVid/All/NH_22.mp4
[WARN] missing video file: ./data/video/ImpliHateVid/All/NH_146.mp4
[WARN] missing video file: ./data/video/ImpliHateVid/All/EX_451.mp4
[WARN] missing video file: ./data/video/ImpliHateVid/All/NH_717.mp4
[WARN] missing video file: ./data/video/ImpliHateVid/All/NH_112.mp4
[WARN] missing video file: ./data/video/ImpliHateVid/All/NH_191.mp4
[WARN] missing video file: ./data/video/ImpliHateVid/All/NH_200.mp4
[WARN] missing video file: ./data/video/ImpliHateVid/All/NH_860.mp4
  [train] processed 1240/1283 (zero-vector guards so far: 1240)
[WARN] missing video file: ./data/video/ImpliHateVid/All/EX_315.mp4
[WARN] missing video file: ./data/video/ImpliHateVid/All/NH_203.mp4
[WARN] missing video file: ./data/video/ImpliHateVid/All/EX_137.mp4
[WARN] missing video file: ./data/video/ImpliHateVid/All/NH_415.mp4
[WARN] missing video file: ./data/video/ImpliHateVid/All/NH_827.mp4
[WARN] missing video file: ./data/video/ImpliHateVid/All/NH_150.mp4
[WARN] missing video file: ./data/video/ImpliHateVid/All/IM_117.mp4
[WARN] missing video file: ./data/video/ImpliHateVid/All/NH_791.mp4
[WARN] missing video file: ./data/video/ImpliHateVid/All/EX_476.mp4
[WARN] missing video file: ./data/video/ImpliHateVid/All/EX_198.mp4
[WARN] missing video file: ./data/video/ImpliHateVid/All/IM_93.mp4
[WARN] missing video file: ./data/video/ImpliHateVid/All/NH_70.mp4
[WARN] missing video file: ./data/video/ImpliHateVid/All/NH_571.mp4
[WARN] missing video file: ./data/video/ImpliHateVid/All/IM_23.mp4
[WARN] missing video file: ./data/video/ImpliHateVid/All/EX_157.mp4
[WARN] missing video file: ./data/video/ImpliHateVid/All/IM_239.mp4
[WARN] missing video file: ./data/video/ImpliHateVid/All/EX_267.mp4
[WARN] missing video file: ./data/video/ImpliHateVid/All/NH_283.mp4
[WARN] missing video file: ./data/video/ImpliHateVid/All/EX_184.mp4
[WARN] missing video file: ./data/video/ImpliHateVid/All/NH_652.mp4
  [train] processed 1260/1283 (zero-vector guards so far: 1260)
[WARN] missing video file: ./data/video/ImpliHateVid/All/EX_32.mp4
[WARN] missing video file: ./data/video/ImpliHateVid/All/EX_99.mp4
[WARN] missing video file: ./data/video/ImpliHateVid/All/IM_73.mp4
[WARN] missing video file: ./data/video/ImpliHateVid/All/NH_109.mp4
[WARN] missing video file: ./data/video/ImpliHateVid/All/IM_223.mp4
[WARN] missing video file: ./data/video/ImpliHateVid/All/IM_119.mp4
[WARN] missing video file: ./data/video/ImpliHateVid/All/NH_856.mp4
[WARN] missing video file: ./data/video/ImpliHateVid/All/NH_873.mp4
[WARN] missing video file: ./data/video/ImpliHateVid/All/NH_42.mp4
[WARN] missing video file: ./data/video/ImpliHateVid/All/EX_30.mp4
[WARN] missing video file: ./data/video/ImpliHateVid/All/EX_346.mp4
[WARN] missing video file: ./data/video/ImpliHateVid/All/EX_243.mp4
[WARN] missing video file: ./data/video/ImpliHateVid/All/NH_465.mp4
[WARN] missing video file: ./data/video/ImpliHateVid/All/IM_218.mp4
[WARN] missing video file: ./data/video/ImpliHateVid/All/NH_290.mp4
[WARN] missing video file: ./data/video/ImpliHateVid/All/EX_247.mp4
[WARN] missing video file: ./data/video/ImpliHateVid/All/IM_199.mp4
[WARN] missing video file: ./data/video/ImpliHateVid/All/NH_666.mp4
[WARN] missing video file: ./data/video/ImpliHateVid/All/NH_355.mp4
[WARN] missing video file: ./data/video/ImpliHateVid/All/EX_304.mp4
  [train] processed 1280/1283 (zero-vector guards so far: 1280)
[WARN] missing video file: ./data/video/ImpliHateVid/All/NH_746.mp4
[WARN] missing video file: ./data/video/ImpliHateVid/All/IM_244.mp4
[WARN] missing video file: ./data/video/ImpliHateVid/All/NH_234.mp4
Saved 'train': N=1283, Dv=3584, Dt=3584, zero-vector videos=1283 -> ./data/CLIP_Embedding/ImpliHateVid/train_Qwen2.5-VL-7B-Instruct_HF.pt
Processing split 'val' (325 items) -> outname 'dev_seen'
[WARN] missing video file: ./data/video/ImpliHateVid/All/EX_105.mp4
[WARN] missing video file: ./data/video/ImpliHateVid/All/NH_463.mp4
[WARN] missing video file: ./data/video/ImpliHateVid/All/NH_400.mp4
[WARN] missing video file: ./data/video/ImpliHateVid/All/NH_184.mp4
[WARN] missing video file: ./data/video/ImpliHateVid/All/NH_899.mp4
[WARN] missing video file: ./data/video/ImpliHateVid/All/EX_237.mp4
[WARN] missing video file: ./data/video/ImpliHateVid/All/EX_146.mp4
[WARN] missing video file: ./data/video/ImpliHateVid/All/NH_814.mp4
[WARN] missing video file: ./data/video/ImpliHateVid/All/NH_582.mp4
[WARN] missing video file: ./data/video/ImpliHateVid/All/IM_203.mp4
[WARN] missing video file: ./data/video/ImpliHateVid/All/EX_173.mp4
[WARN] missing video file: ./data/video/ImpliHateVid/All/NH_533.mp4
[WARN] missing video file: ./data/video/ImpliHateVid/All/EX_37.mp4
[WARN] missing video file: ./data/video/ImpliHateVid/All/EX_121.mp4
[WARN] missing video file: ./data/video/ImpliHateVid/All/NH_449.mp4
[WARN] missing video file: ./data/video/ImpliHateVid/All/IM_194.mp4
[WARN] missing video file: ./data/video/ImpliHateVid/All/NH_684.mp4
[WARN] missing video file: ./data/video/ImpliHateVid/All/IM_265.mp4
[WARN] missing video file: ./data/video/ImpliHateVid/All/NH_515.mp4
[WARN] missing video file: ./data/video/ImpliHateVid/All/NH_638.mp4
  [val] processed 20/325 (zero-vector guards so far: 20)
[WARN] missing video file: ./data/video/ImpliHateVid/All/EX_328.mp4
[WARN] missing video file: ./data/video/ImpliHateVid/All/EX_312.mp4
[WARN] missing video file: ./data/video/ImpliHateVid/All/IM_437.mp4
[WARN] missing video file: ./data/video/ImpliHateVid/All/NH_977.mp4
[WARN] missing video file: ./data/video/ImpliHateVid/All/EX_82.mp4
[WARN] missing video file: ./data/video/ImpliHateVid/All/NH_934.mp4
[WARN] missing video file: ./data/video/ImpliHateVid/All/IM_210.mp4
[WARN] missing video file: ./data/video/ImpliHateVid/All/NH_291.mp4
[WARN] missing video file: ./data/video/ImpliHateVid/All/IM_156.mp4
[WARN] missing video file: ./data/video/ImpliHateVid/All/NH_975.mp4
[WARN] missing video file: ./data/video/ImpliHateVid/All/IM_261.mp4
[WARN] missing video file: ./data/video/ImpliHateVid/All/NH_34.mp4
[WARN] missing video file: ./data/video/ImpliHateVid/All/EX_232.mp4
[WARN] missing video file: ./data/video/ImpliHateVid/All/IM_201.mp4
[WARN] missing video file: ./data/video/ImpliHateVid/All/NH_110.mp4
[WARN] missing video file: ./data/video/ImpliHateVid/All/NH_71.mp4
[WARN] missing video file: ./data/video/ImpliHateVid/All/NH_429.mp4
[WARN] missing video file: ./data/video/ImpliHateVid/All/IM_56.mp4
[WARN] missing video file: ./data/video/ImpliHateVid/All/NH_170.mp4
[WARN] missing video file: ./data/video/ImpliHateVid/All/NH_210.mp4
  [val] processed 40/325 (zero-vector guards so far: 40)
[WARN] missing video file: ./data/video/ImpliHateVid/All/EX_46.mp4
[WARN] missing video file: ./data/video/ImpliHateVid/All/EX_271.mp4
[WARN] missing video file: ./data/video/ImpliHateVid/All/EX_19.mp4
[WARN] missing video file: ./data/video/ImpliHateVid/All/NH_961.mp4
[WARN] missing video file: ./data/video/ImpliHateVid/All/IM_443.mp4
[WARN] missing video file: ./data/video/ImpliHateVid/All/IM_226.mp4
[WARN] missing video file: ./data/video/ImpliHateVid/All/NH_854.mp4
[WARN] missing video file: ./data/video/ImpliHateVid/All/IM_225.mp4
[WARN] missing video file: ./data/video/ImpliHateVid/All/NH_748.mp4
[WARN] missing video file: ./data/video/ImpliHateVid/All/IM_215.mp4
[WARN] missing video file: ./data/video/ImpliHateVid/All/EX_244.mp4
[WARN] missing video file: ./data/video/ImpliHateVid/All/NH_936.mp4
[WARN] missing video file: ./data/video/ImpliHateVid/All/NH_635.mp4
[WARN] missing video file: ./data/video/ImpliHateVid/All/EX_424.mp4
[WARN] missing video file: ./data/video/ImpliHateVid/All/NH_676.mp4
[WARN] missing video file: ./data/video/ImpliHateVid/All/NH_133.mp4
[WARN] missing video file: ./data/video/ImpliHateVid/All/NH_857.mp4
[WARN] missing video file: ./data/video/ImpliHateVid/All/EX_487.mp4
[WARN] missing video file: ./data/video/ImpliHateVid/All/NH_981.mp4
[WARN] missing video file: ./data/video/ImpliHateVid/All/EX_163.mp4
  [val] processed 60/325 (zero-vector guards so far: 60)
[WARN] missing video file: ./data/video/ImpliHateVid/All/NH_268.mp4
[WARN] missing video file: ./data/video/ImpliHateVid/All/NH_879.mp4
[WARN] missing video file: ./data/video/ImpliHateVid/All/NH_135.mp4
[WARN] missing video file: ./data/video/ImpliHateVid/All/NH_321.mp4
[WARN] missing video file: ./data/video/ImpliHateVid/All/IM_348.mp4
[WARN] missing video file: ./data/video/ImpliHateVid/All/EX_342.mp4
[WARN] missing video file: ./data/video/ImpliHateVid/All/NH_272.mp4
[WARN] missing video file: ./data/video/ImpliHateVid/All/NH_725.mp4
[WARN] missing video file: ./data/video/ImpliHateVid/All/NH_902.mp4
[WARN] missing video file: ./data/video/ImpliHateVid/All/EX_9.mp4
[WARN] missing video file: ./data/video/ImpliHateVid/All/NH_786.mp4
[WARN] missing video file: ./data/video/ImpliHateVid/All/NH_949.mp4
[WARN] missing video file: ./data/video/ImpliHateVid/All/EX_265.mp4
[WARN] missing video file: ./data/video/ImpliHateVid/All/EX_465.mp4
[WARN] missing video file: ./data/video/ImpliHateVid/All/NH_957.mp4
[WARN] missing video file: ./data/video/ImpliHateVid/All/NH_1.mp4
[WARN] missing video file: ./data/video/ImpliHateVid/All/NH_246.mp4
[WARN] missing video file: ./data/video/ImpliHateVid/All/NH_823.mp4
[WARN] missing video file: ./data/video/ImpliHateVid/All/EX_295.mp4
[WARN] missing video file: ./data/video/ImpliHateVid/All/IM_423.mp4
  [val] processed 80/325 (zero-vector guards so far: 80)
[WARN] missing video file: ./data/video/ImpliHateVid/All/EX_484.mp4
[WARN] missing video file: ./data/video/ImpliHateVid/All/EX_68.mp4
[WARN] missing video file: ./data/video/ImpliHateVid/All/IM_134.mp4
[WARN] missing video file: ./data/video/ImpliHateVid/All/NH_618.mp4
[WARN] missing video file: ./data/video/ImpliHateVid/All/NH_960.mp4
[WARN] missing video file: ./data/video/ImpliHateVid/All/NH_273.mp4
[WARN] missing video file: ./data/video/ImpliHateVid/All/IM_444.mp4
[WARN] missing video file: ./data/video/ImpliHateVid/All/NH_144.mp4
[WARN] missing video file: ./data/video/ImpliHateVid/All/NH_470.mp4
[WARN] missing video file: ./data/video/ImpliHateVid/All/EX_422.mp4
[WARN] missing video file: ./data/video/ImpliHateVid/All/NH_896.mp4
[WARN] missing video file: ./data/video/ImpliHateVid/All/IM_428.mp4
[WARN] missing video file: ./data/video/ImpliHateVid/All/EX_43.mp4
[WARN] missing video file: ./data/video/ImpliHateVid/All/IM_343.mp4
[WARN] missing video file: ./data/video/ImpliHateVid/All/NH_82.mp4
[WARN] missing video file: ./data/video/ImpliHateVid/All/NH_649.mp4
[WARN] missing video file: ./data/video/ImpliHateVid/All/EX_138.mp4
[WARN] missing video file: ./data/video/ImpliHateVid/All/NH_18.mp4
[WARN] missing video file: ./data/video/ImpliHateVid/All/IM_173.mp4
[WARN] missing video file: ./data/video/ImpliHateVid/All/NH_339.mp4
  [val] processed 100/325 (zero-vector guards so far: 100)
[WARN] missing video file: ./data/video/ImpliHateVid/All/IM_321.mp4
[WARN] missing video file: ./data/video/ImpliHateVid/All/EX_1.mp4
[WARN] missing video file: ./data/video/ImpliHateVid/All/EX_176.mp4
[WARN] missing video file: ./data/video/ImpliHateVid/All/IM_174.mp4
[WARN] missing video file: ./data/video/ImpliHateVid/All/IM_82.mp4
[WARN] missing video file: ./data/video/ImpliHateVid/All/NH_79.mp4
[WARN] missing video file: ./data/video/ImpliHateVid/All/NH_119.mp4
[WARN] missing video file: ./data/video/ImpliHateVid/All/IM_27.mp4
[WARN] missing video file: ./data/video/ImpliHateVid/All/NH_837.mp4
[WARN] missing video file: ./data/video/ImpliHateVid/All/NH_447.mp4
[WARN] missing video file: ./data/video/ImpliHateVid/All/EX_255.mp4
[WARN] missing video file: ./data/video/ImpliHateVid/All/NH_705.mp4
[WARN] missing video file: ./data/video/ImpliHateVid/All/NH_100.mp4
[WARN] missing video file: ./data/video/ImpliHateVid/All/NH_773.mp4
[WARN] missing video file: ./data/video/ImpliHateVid/All/NH_926.mp4
[WARN] missing video file: ./data/video/ImpliHateVid/All/NH_198.mp4
[WARN] missing video file: ./data/video/ImpliHateVid/All/IM_53.mp4
[WARN] missing video file: ./data/video/ImpliHateVid/All/IM_70.mp4
[WARN] missing video file: ./data/video/ImpliHateVid/All/NH_592.mp4
[WARN] missing video file: ./data/video/ImpliHateVid/All/NH_744.mp4
  [val] processed 120/325 (zero-vector guards so far: 120)
[WARN] missing video file: ./data/video/ImpliHateVid/All/EX_452.mp4
[WARN] missing video file: ./data/video/ImpliHateVid/All/NH_800.mp4
[WARN] missing video file: ./data/video/ImpliHateVid/All/NH_858.mp4
[WARN] missing video file: ./data/video/ImpliHateVid/All/NH_711.mp4
[WARN] missing video file: ./data/video/ImpliHateVid/All/NH_821.mp4
[WARN] missing video file: ./data/video/ImpliHateVid/All/IM_249.mp4
[WARN] missing video file: ./data/video/ImpliHateVid/All/IM_274.mp4
[WARN] missing video file: ./data/video/ImpliHateVid/All/NH_549.mp4
[WARN] missing video file: ./data/video/ImpliHateVid/All/NH_29.mp4
[WARN] missing video file: ./data/video/ImpliHateVid/All/NH_509.mp4
[WARN] missing video file: ./data/video/ImpliHateVid/All/NH_32.mp4
[WARN] missing video file: ./data/video/ImpliHateVid/All/NH_319.mp4
[WARN] missing video file: ./data/video/ImpliHateVid/All/NH_587.mp4
[WARN] missing video file: ./data/video/ImpliHateVid/All/IM_216.mp4
[WARN] missing video file: ./data/video/ImpliHateVid/All/IM_50.mp4
[WARN] missing video file: ./data/video/ImpliHateVid/All/NH_781.mp4
[WARN] missing video file: ./data/video/ImpliHateVid/All/NH_341.mp4
[WARN] missing video file: ./data/video/ImpliHateVid/All/NH_353.mp4
[WARN] missing video file: ./data/video/ImpliHateVid/All/EX_456.mp4
[WARN] missing video file: ./data/video/ImpliHateVid/All/IM_264.mp4
  [val] processed 140/325 (zero-vector guards so far: 140)
[WARN] missing video file: ./data/video/ImpliHateVid/All/IM_446.mp4
[WARN] missing video file: ./data/video/ImpliHateVid/All/NH_683.mp4
[WARN] missing video file: ./data/video/ImpliHateVid/All/NH_529.mp4
[WARN] missing video file: ./data/video/ImpliHateVid/All/IM_120.mp4
[WARN] missing video file: ./data/video/ImpliHateVid/All/NH_591.mp4
[WARN] missing video file: ./data/video/ImpliHateVid/All/NH_430.mp4
[WARN] missing video file: ./data/video/ImpliHateVid/All/NH_890.mp4
[WARN] missing video file: ./data/video/ImpliHateVid/All/NH_137.mp4
[WARN] missing video file: ./data/video/ImpliHateVid/All/EX_290.mp4
[WARN] missing video file: ./data/video/ImpliHateVid/All/NH_493.mp4
[WARN] missing video file: ./data/video/ImpliHateVid/All/NH_296.mp4
[WARN] missing video file: ./data/video/ImpliHateVid/All/NH_462.mp4
[WARN] missing video file: ./data/video/ImpliHateVid/All/EX_445.mp4
[WARN] missing video file: ./data/video/ImpliHateVid/All/NH_451.mp4
[WARN] missing video file: ./data/video/ImpliHateVid/All/IM_433.mp4
[WARN] missing video file: ./data/video/ImpliHateVid/All/NH_668.mp4
[WARN] missing video file: ./data/video/ImpliHateVid/All/NH_304.mp4
[WARN] missing video file: ./data/video/ImpliHateVid/All/IM_304.mp4
[WARN] missing video file: ./data/video/ImpliHateVid/All/IM_252.mp4
[WARN] missing video file: ./data/video/ImpliHateVid/All/NH_790.mp4
  [val] processed 160/325 (zero-vector guards so far: 160)
[WARN] missing video file: ./data/video/ImpliHateVid/All/EX_441.mp4
[WARN] missing video file: ./data/video/ImpliHateVid/All/IM_391.mp4
[WARN] missing video file: ./data/video/ImpliHateVid/All/NH_619.mp4
[WARN] missing video file: ./data/video/ImpliHateVid/All/IM_142.mp4
[WARN] missing video file: ./data/video/ImpliHateVid/All/IM_360.mp4
[WARN] missing video file: ./data/video/ImpliHateVid/All/NH_209.mp4
[WARN] missing video file: ./data/video/ImpliHateVid/All/EX_197.mp4
[WARN] missing video file: ./data/video/ImpliHateVid/All/IM_28.mp4
[WARN] missing video file: ./data/video/ImpliHateVid/All/EX_425.mp4
[WARN] missing video file: ./data/video/ImpliHateVid/All/IM_208.mp4
[WARN] missing video file: ./data/video/ImpliHateVid/All/NH_363.mp4
[WARN] missing video file: ./data/video/ImpliHateVid/All/NH_264.mp4
[WARN] missing video file: ./data/video/ImpliHateVid/All/EX_418.mp4
[WARN] missing video file: ./data/video/ImpliHateVid/All/NH_534.mp4
[WARN] missing video file: ./data/video/ImpliHateVid/All/NH_563.mp4
[WARN] missing video file: ./data/video/ImpliHateVid/All/EX_75.mp4
[WARN] missing video file: ./data/video/ImpliHateVid/All/NH_974.mp4
[WARN] missing video file: ./data/video/ImpliHateVid/All/IM_255.mp4
[WARN] missing video file: ./data/video/ImpliHateVid/All/NH_685.mp4
[WARN] missing video file: ./data/video/ImpliHateVid/All/EX_158.mp4
  [val] processed 180/325 (zero-vector guards so far: 180)
[WARN] missing video file: ./data/video/ImpliHateVid/All/IM_374.mp4
[WARN] missing video file: ./data/video/ImpliHateVid/All/NH_967.mp4
[WARN] missing video file: ./data/video/ImpliHateVid/All/NH_972.mp4
[WARN] missing video file: ./data/video/ImpliHateVid/All/NH_817.mp4
[WARN] missing video file: ./data/video/ImpliHateVid/All/EX_492.mp4
[WARN] missing video file: ./data/video/ImpliHateVid/All/EX_333.mp4
[WARN] missing video file: ./data/video/ImpliHateVid/All/IM_453.mp4
[WARN] missing video file: ./data/video/ImpliHateVid/All/IM_483.mp4
[WARN] missing video file: ./data/video/ImpliHateVid/All/EX_11.mp4
[WARN] missing video file: ./data/video/ImpliHateVid/All/NH_159.mp4
[WARN] missing video file: ./data/video/ImpliHateVid/All/IM_381.mp4
[WARN] missing video file: ./data/video/ImpliHateVid/All/EX_116.mp4
[WARN] missing video file: ./data/video/ImpliHateVid/All/NH_640.mp4
[WARN] missing video file: ./data/video/ImpliHateVid/All/EX_458.mp4
[WARN] missing video file: ./data/video/ImpliHateVid/All/NH_720.mp4
[WARN] missing video file: ./data/video/ImpliHateVid/All/NH_468.mp4
[WARN] missing video file: ./data/video/ImpliHateVid/All/NH_797.mp4
[WARN] missing video file: ./data/video/ImpliHateVid/All/NH_337.mp4
[WARN] missing video file: ./data/video/ImpliHateVid/All/IM_65.mp4
[WARN] missing video file: ./data/video/ImpliHateVid/All/NH_555.mp4
  [val] processed 200/325 (zero-vector guards so far: 200)
[WARN] missing video file: ./data/video/ImpliHateVid/All/NH_628.mp4
[WARN] missing video file: ./data/video/ImpliHateVid/All/NH_525.mp4
[WARN] missing video file: ./data/video/ImpliHateVid/All/EX_367.mp4
[WARN] missing video file: ./data/video/ImpliHateVid/All/NH_564.mp4
[WARN] missing video file: ./data/video/ImpliHateVid/All/NH_40.mp4
[WARN] missing video file: ./data/video/ImpliHateVid/All/NH_38.mp4
[WARN] missing video file: ./data/video/ImpliHateVid/All/NH_125.mp4
[WARN] missing video file: ./data/video/ImpliHateVid/All/NH_104.mp4
[WARN] missing video file: ./data/video/ImpliHateVid/All/EX_499.mp4
[WARN] missing video file: ./data/video/ImpliHateVid/All/NH_801.mp4
[WARN] missing video file: ./data/video/ImpliHateVid/All/NH_368.mp4
[WARN] missing video file: ./data/video/ImpliHateVid/All/EX_69.mp4
[WARN] missing video file: ./data/video/ImpliHateVid/All/IM_12.mp4
[WARN] missing video file: ./data/video/ImpliHateVid/All/IM_62.mp4
[WARN] missing video file: ./data/video/ImpliHateVid/All/IM_376.mp4
[WARN] missing video file: ./data/video/ImpliHateVid/All/NH_506.mp4
[WARN] missing video file: ./data/video/ImpliHateVid/All/EX_419.mp4
[WARN] missing video file: ./data/video/ImpliHateVid/All/IM_219.mp4
[WARN] missing video file: ./data/video/ImpliHateVid/All/EX_234.mp4
[WARN] missing video file: ./data/video/ImpliHateVid/All/NH_883.mp4
  [val] processed 220/325 (zero-vector guards so far: 220)
[WARN] missing video file: ./data/video/ImpliHateVid/All/EX_29.mp4
[WARN] missing video file: ./data/video/ImpliHateVid/All/IM_297.mp4
[WARN] missing video file: ./data/video/ImpliHateVid/All/NH_292.mp4
[WARN] missing video file: ./data/video/ImpliHateVid/All/EX_34.mp4
[WARN] missing video file: ./data/video/ImpliHateVid/All/NH_10.mp4
[WARN] missing video file: ./data/video/ImpliHateVid/All/IM_410.mp4
[WARN] missing video file: ./data/video/ImpliHateVid/All/NH_62.mp4
[WARN] missing video file: ./data/video/ImpliHateVid/All/IM_258.mp4
[WARN] missing video file: ./data/video/ImpliHateVid/All/EX_156.mp4
[WARN] missing video file: ./data/video/ImpliHateVid/All/IM_335.mp4
[WARN] missing video file: ./data/video/ImpliHateVid/All/EX_340.mp4
[WARN] missing video file: ./data/video/ImpliHateVid/All/EX_300.mp4
[WARN] missing video file: ./data/video/ImpliHateVid/All/IM_401.mp4
[WARN] missing video file: ./data/video/ImpliHateVid/All/IM_403.mp4
[WARN] missing video file: ./data/video/ImpliHateVid/All/NH_307.mp4
[WARN] missing video file: ./data/video/ImpliHateVid/All/IM_425.mp4
[WARN] missing video file: ./data/video/ImpliHateVid/All/NH_37.mp4
[WARN] missing video file: ./data/video/ImpliHateVid/All/NH_681.mp4
[WARN] missing video file: ./data/video/ImpliHateVid/All/EX_246.mp4
[WARN] missing video file: ./data/video/ImpliHateVid/All/NH_281.mp4
  [val] processed 240/325 (zero-vector guards so far: 240)
[WARN] missing video file: ./data/video/ImpliHateVid/All/EX_491.mp4
[WARN] missing video file: ./data/video/ImpliHateVid/All/EX_191.mp4
[WARN] missing video file: ./data/video/ImpliHateVid/All/EX_123.mp4
[WARN] missing video file: ./data/video/ImpliHateVid/All/EX_331.mp4
[WARN] missing video file: ./data/video/ImpliHateVid/All/EX_193.mp4
[WARN] missing video file: ./data/video/ImpliHateVid/All/NH_176.mp4
[WARN] missing video file: ./data/video/ImpliHateVid/All/IM_78.mp4
[WARN] missing video file: ./data/video/ImpliHateVid/All/EX_238.mp4
[WARN] missing video file: ./data/video/ImpliHateVid/All/EX_354.mp4
[WARN] missing video file: ./data/video/ImpliHateVid/All/EX_188.mp4
[WARN] missing video file: ./data/video/ImpliHateVid/All/NH_694.mp4
[WARN] missing video file: ./data/video/ImpliHateVid/All/EX_134.mp4
[WARN] missing video file: ./data/video/ImpliHateVid/All/EX_392.mp4
[WARN] missing video file: ./data/video/ImpliHateVid/All/NH_499.mp4
[WARN] missing video file: ./data/video/ImpliHateVid/All/NH_342.mp4
[WARN] missing video file: ./data/video/ImpliHateVid/All/EX_436.mp4
[WARN] missing video file: ./data/video/ImpliHateVid/All/EX_161.mp4
[WARN] missing video file: ./data/video/ImpliHateVid/All/IM_161.mp4
[WARN] missing video file: ./data/video/ImpliHateVid/All/NH_633.mp4
[WARN] missing video file: ./data/video/ImpliHateVid/All/IM_64.mp4
  [val] processed 260/325 (zero-vector guards so far: 260)
[WARN] missing video file: ./data/video/ImpliHateVid/All/NH_65.mp4
[WARN] missing video file: ./data/video/ImpliHateVid/All/NH_149.mp4
[WARN] missing video file: ./data/video/ImpliHateVid/All/EX_97.mp4
[WARN] missing video file: ./data/video/ImpliHateVid/All/NH_54.mp4
[WARN] missing video file: ./data/video/ImpliHateVid/All/IM_477.mp4
[WARN] missing video file: ./data/video/ImpliHateVid/All/EX_373.mp4
[WARN] missing video file: ./data/video/ImpliHateVid/All/IM_94.mp4
[WARN] missing video file: ./data/video/ImpliHateVid/All/NH_505.mp4
[WARN] missing video file: ./data/video/ImpliHateVid/All/NH_41.mp4
[WARN] missing video file: ./data/video/ImpliHateVid/All/NH_338.mp4
[WARN] missing video file: ./data/video/ImpliHateVid/All/NH_507.mp4
[WARN] missing video file: ./data/video/ImpliHateVid/All/IM_43.mp4
[WARN] missing video file: ./data/video/ImpliHateVid/All/NH_376.mp4
[WARN] missing video file: ./data/video/ImpliHateVid/All/NH_620.mp4
[WARN] missing video file: ./data/video/ImpliHateVid/All/NH_84.mp4
[WARN] missing video file: ./data/video/ImpliHateVid/All/IM_195.mp4
[WARN] missing video file: ./data/video/ImpliHateVid/All/NH_68.mp4
[WARN] missing video file: ./data/video/ImpliHateVid/All/EX_115.mp4
[WARN] missing video file: ./data/video/ImpliHateVid/All/NH_389.mp4
[WARN] missing video file: ./data/video/ImpliHateVid/All/NH_518.mp4
  [val] processed 280/325 (zero-vector guards so far: 280)
[WARN] missing video file: ./data/video/ImpliHateVid/All/NH_390.mp4
[WARN] missing video file: ./data/video/ImpliHateVid/All/NH_391.mp4
[WARN] missing video file: ./data/video/ImpliHateVid/All/EX_434.mp4
[WARN] missing video file: ./data/video/ImpliHateVid/All/IM_486.mp4
[WARN] missing video file: ./data/video/ImpliHateVid/All/IM_18.mp4
[WARN] missing video file: ./data/video/ImpliHateVid/All/EX_313.mp4
[WARN] missing video file: ./data/video/ImpliHateVid/All/IM_368.mp4
[WARN] missing video file: ./data/video/ImpliHateVid/All/EX_497.mp4
[WARN] missing video file: ./data/video/ImpliHateVid/All/NH_944.mp4
[WARN] missing video file: ./data/video/ImpliHateVid/All/IM_454.mp4
[WARN] missing video file: ./data/video/ImpliHateVid/All/IM_387.mp4
[WARN] missing video file: ./data/video/ImpliHateVid/All/EX_343.mp4
[WARN] missing video file: ./data/video/ImpliHateVid/All/NH_97.mp4
[WARN] missing video file: ./data/video/ImpliHateVid/All/EX_23.mp4
[WARN] missing video file: ./data/video/ImpliHateVid/All/NH_614.mp4
[WARN] missing video file: ./data/video/ImpliHateVid/All/NH_825.mp4
[WARN] missing video file: ./data/video/ImpliHateVid/All/EX_498.mp4
[WARN] missing video file: ./data/video/ImpliHateVid/All/EX_35.mp4
[WARN] missing video file: ./data/video/ImpliHateVid/All/NH_24.mp4
[WARN] missing video file: ./data/video/ImpliHateVid/All/NH_326.mp4
  [val] processed 300/325 (zero-vector guards so far: 300)
[WARN] missing video file: ./data/video/ImpliHateVid/All/NH_359.mp4
[WARN] missing video file: ./data/video/ImpliHateVid/All/IM_405.mp4
[WARN] missing video file: ./data/video/ImpliHateVid/All/NH_271.mp4
[WARN] missing video file: ./data/video/ImpliHateVid/All/EX_154.mp4
[WARN] missing video file: ./data/video/ImpliHateVid/All/IM_84.mp4
[WARN] missing video file: ./data/video/ImpliHateVid/All/IM_127.mp4
[WARN] missing video file: ./data/video/ImpliHateVid/All/EX_261.mp4
[WARN] missing video file: ./data/video/ImpliHateVid/All/IM_193.mp4
[WARN] missing video file: ./data/video/ImpliHateVid/All/NH_702.mp4
[WARN] missing video file: ./data/video/ImpliHateVid/All/EX_90.mp4
[WARN] missing video file: ./data/video/ImpliHateVid/All/NH_53.mp4
[WARN] missing video file: ./data/video/ImpliHateVid/All/EX_385.mp4
[WARN] missing video file: ./data/video/ImpliHateVid/All/NH_878.mp4
[WARN] missing video file: ./data/video/ImpliHateVid/All/NH_58.mp4
[WARN] missing video file: ./data/video/ImpliHateVid/All/NH_761.mp4
[WARN] missing video file: ./data/video/ImpliHateVid/All/IM_42.mp4
[WARN] missing video file: ./data/video/ImpliHateVid/All/NH_252.mp4
[WARN] missing video file: ./data/video/ImpliHateVid/All/IM_263.mp4
[WARN] missing video file: ./data/video/ImpliHateVid/All/NH_863.mp4
[WARN] missing video file: ./data/video/ImpliHateVid/All/EX_500.mp4
  [val] processed 320/325 (zero-vector guards so far: 320)
[WARN] missing video file: ./data/video/ImpliHateVid/All/NH_662.mp4
[WARN] missing video file: ./data/video/ImpliHateVid/All/IM_190.mp4
[WARN] missing video file: ./data/video/ImpliHateVid/All/NH_523.mp4
[WARN] missing video file: ./data/video/ImpliHateVid/All/NH_303.mp4
[WARN] missing video file: ./data/video/ImpliHateVid/All/NH_708.mp4
Saved 'dev_seen': N=325, Dv=3584, Dt=3584, zero-vector videos=325 -> ./data/CLIP_Embedding/ImpliHateVid/dev_seen_Qwen2.5-VL-7B-Instruct_HF.pt
Processing split 'test' (401 items) -> outname 'test_seen'
[WARN] missing video file: ./data/video/ImpliHateVid/All/NH_474.mp4
[WARN] missing video file: ./data/video/ImpliHateVid/All/NH_595.mp4
[WARN] missing video file: ./data/video/ImpliHateVid/All/NH_354.mp4
[WARN] missing video file: ./data/video/ImpliHateVid/All/NH_851.mp4
[WARN] missing video file: ./data/video/ImpliHateVid/All/NH_568.mp4
[WARN] missing video file: ./data/video/ImpliHateVid/All/NH_262.mp4
[WARN] missing video file: ./data/video/ImpliHateVid/All/IM_465.mp4
[WARN] missing video file: ./data/video/ImpliHateVid/All/NH_946.mp4
[WARN] missing video file: ./data/video/ImpliHateVid/All/NH_171.mp4
[WARN] missing video file: ./data/video/ImpliHateVid/All/EX_39.mp4
[WARN] missing video file: ./data/video/ImpliHateVid/All/IM_66.mp4
[WARN] missing video file: ./data/video/ImpliHateVid/All/NH_396.mp4
[WARN] missing video file: ./data/video/ImpliHateVid/All/NH_888.mp4
[WARN] missing video file: ./data/video/ImpliHateVid/All/EX_444.mp4
[WARN] missing video file: ./data/video/ImpliHateVid/All/IM_470.mp4
[WARN] missing video file: ./data/video/ImpliHateVid/All/IM_115.mp4
[WARN] missing video file: ./data/video/ImpliHateVid/All/IM_389.mp4
[WARN] missing video file: ./data/video/ImpliHateVid/All/NH_989.mp4
[WARN] missing video file: ./data/video/ImpliHateVid/All/EX_380.mp4
[WARN] missing video file: ./data/video/ImpliHateVid/All/NH_458.mp4
  [test] processed 20/401 (zero-vector guards so far: 20)
[WARN] missing video file: ./data/video/ImpliHateVid/All/NH_129.mp4
[WARN] missing video file: ./data/video/ImpliHateVid/All/IM_479.mp4
[WARN] missing video file: ./data/video/ImpliHateVid/All/NH_756.mp4
[WARN] missing video file: ./data/video/ImpliHateVid/All/EX_127.mp4
[WARN] missing video file: ./data/video/ImpliHateVid/All/IM_295.mp4
[WARN] missing video file: ./data/video/ImpliHateVid/All/NH_795.mp4
[WARN] missing video file: ./data/video/ImpliHateVid/All/NH_924.mp4
[WARN] missing video file: ./data/video/ImpliHateVid/All/IM_259.mp4
[WARN] missing video file: ./data/video/ImpliHateVid/All/EX_48.mp4
[WARN] missing video file: ./data/video/ImpliHateVid/All/NH_522.mp4
[WARN] missing video file: ./data/video/ImpliHateVid/All/IM_184.mp4
[WARN] missing video file: ./data/video/ImpliHateVid/All/NH_749.mp4
[WARN] missing video file: ./data/video/ImpliHateVid/All/NH_914.mp4
[WARN] missing video file: ./data/video/ImpliHateVid/All/NH_323.mp4
[WARN] missing video file: ./data/video/ImpliHateVid/All/EX_174.mp4
[WARN] missing video file: ./data/video/ImpliHateVid/All/IM_289.mp4
[WARN] missing video file: ./data/video/ImpliHateVid/All/NH_180.mp4
[WARN] missing video file: ./data/video/ImpliHateVid/All/IM_352.mp4
[WARN] missing video file: ./data/video/ImpliHateVid/All/EX_330.mp4
[WARN] missing video file: ./data/video/ImpliHateVid/All/EX_329.mp4
  [test] processed 40/401 (zero-vector guards so far: 40)
[WARN] missing video file: ./data/video/ImpliHateVid/All/EX_84.mp4
[WARN] missing video file: ./data/video/ImpliHateVid/All/NH_590.mp4
[WARN] missing video file: ./data/video/ImpliHateVid/All/EX_399.mp4
[WARN] missing video file: ./data/video/ImpliHateVid/All/IM_419.mp4
[WARN] missing video file: ./data/video/ImpliHateVid/All/IM_222.mp4
[WARN] missing video file: ./data/video/ImpliHateVid/All/EX_217.mp4
[WARN] missing video file: ./data/video/ImpliHateVid/All/NH_289.mp4
[WARN] missing video file: ./data/video/ImpliHateVid/All/NH_589.mp4
[WARN] missing video file: ./data/video/ImpliHateVid/All/IM_496.mp4
[WARN] missing video file: ./data/video/ImpliHateVid/All/NH_399.mp4
[WARN] missing video file: ./data/video/ImpliHateVid/All/NH_798.mp4
[WARN] missing video file: ./data/video/ImpliHateVid/All/NH_894.mp4
[WARN] missing video file: ./data/video/ImpliHateVid/All/EX_350.mp4
[WARN] missing video file: ./data/video/ImpliHateVid/All/NH_256.mp4
[WARN] missing video file: ./data/video/ImpliHateVid/All/IM_345.mp4
[WARN] missing video file: ./data/video/ImpliHateVid/All/NH_411.mp4
[WARN] missing video file: ./data/video/ImpliHateVid/All/IM_363.mp4
[WARN] missing video file: ./data/video/ImpliHateVid/All/IM_463.mp4
[WARN] missing video file: ./data/video/ImpliHateVid/All/NH_257.mp4
[WARN] missing video file: ./data/video/ImpliHateVid/All/NH_937.mp4
  [test] processed 60/401 (zero-vector guards so far: 60)
[WARN] missing video file: ./data/video/ImpliHateVid/All/NH_700.mp4
[WARN] missing video file: ./data/video/ImpliHateVid/All/NH_565.mp4
[WARN] missing video file: ./data/video/ImpliHateVid/All/NH_148.mp4
[WARN] missing video file: ./data/video/ImpliHateVid/All/NH_398.mp4
[WARN] missing video file: ./data/video/ImpliHateVid/All/IM_372.mp4
[WARN] missing video file: ./data/video/ImpliHateVid/All/EX_44.mp4
[WARN] missing video file: ./data/video/ImpliHateVid/All/IM_57.mp4
[WARN] missing video file: ./data/video/ImpliHateVid/All/IM_508.mp4
[WARN] missing video file: ./data/video/ImpliHateVid/All/EX_45.mp4
[WARN] missing video file: ./data/video/ImpliHateVid/All/NH_412.mp4
[WARN] missing video file: ./data/video/ImpliHateVid/All/EX_389.mp4
[WARN] missing video file: ./data/video/ImpliHateVid/All/NH_437.mp4
[WARN] missing video file: ./data/video/ImpliHateVid/All/NH_147.mp4
[WARN] missing video file: ./data/video/ImpliHateVid/All/IM_277.mp4
[WARN] missing video file: ./data/video/ImpliHateVid/All/IM_121.mp4
[WARN] missing video file: ./data/video/ImpliHateVid/All/EX_285.mp4
[WARN] missing video file: ./data/video/ImpliHateVid/All/NH_673.mp4
[WARN] missing video file: ./data/video/ImpliHateVid/All/EX_448.mp4
[WARN] missing video file: ./data/video/ImpliHateVid/All/NH_631.mp4
[WARN] missing video file: ./data/video/ImpliHateVid/All/IM_458.mp4
  [test] processed 80/401 (zero-vector guards so far: 80)
[WARN] missing video file: ./data/video/ImpliHateVid/All/NH_942.mp4
[WARN] missing video file: ./data/video/ImpliHateVid/All/IM_311.mp4
[WARN] missing video file: ./data/video/ImpliHateVid/All/NH_816.mp4
[WARN] missing video file: ./data/video/ImpliHateVid/All/NH_836.mp4
[WARN] missing video file: ./data/video/ImpliHateVid/All/IM_452.mp4
[WARN] missing video file: ./data/video/ImpliHateVid/All/NH_560.mp4
[WARN] missing video file: ./data/video/ImpliHateVid/All/EX_253.mp4
[WARN] missing video file: ./data/video/ImpliHateVid/All/EX_103.mp4
[WARN] missing video file: ./data/video/ImpliHateVid/All/NH_784.mp4
[WARN] missing video file: ./data/video/ImpliHateVid/All/EX_4.mp4
[WARN] missing video file: ./data/video/ImpliHateVid/All/NH_226.mp4
[WARN] missing video file: ./data/video/ImpliHateVid/All/EX_95.mp4
[WARN] missing video file: ./data/video/ImpliHateVid/All/NH_258.mp4
[WARN] missing video file: ./data/video/ImpliHateVid/All/EX_258.mp4
[WARN] missing video file: ./data/video/ImpliHateVid/All/NH_350.mp4
[WARN] missing video file: ./data/video/ImpliHateVid/All/IM_124.mp4
[WARN] missing video file: ./data/video/ImpliHateVid/All/NH_199.mp4
[WARN] missing video file: ./data/video/ImpliHateVid/All/EX_20.mp4
[WARN] missing video file: ./data/video/ImpliHateVid/All/NH_776.mp4
[WARN] missing video file: ./data/video/ImpliHateVid/All/IM_370.mp4
  [test] processed 100/401 (zero-vector guards so far: 100)
[WARN] missing video file: ./data/video/ImpliHateVid/All/NH_511.mp4
[WARN] missing video file: ./data/video/ImpliHateVid/All/EX_426.mp4
[WARN] missing video file: ./data/video/ImpliHateVid/All/NH_830.mp4
[WARN] missing video file: ./data/video/ImpliHateVid/All/IM_106.mp4
[WARN] missing video file: ./data/video/ImpliHateVid/All/IM_149.mp4
[WARN] missing video file: ./data/video/ImpliHateVid/All/NH_211.mp4
[WARN] missing video file: ./data/video/ImpliHateVid/All/EX_283.mp4
[WARN] missing video file: ./data/video/ImpliHateVid/All/IM_108.mp4
[WARN] missing video file: ./data/video/ImpliHateVid/All/IM_61.mp4
[WARN] missing video file: ./data/video/ImpliHateVid/All/EX_270.mp4
[WARN] missing video file: ./data/video/ImpliHateVid/All/EX_316.mp4
[WARN] missing video file: ./data/video/ImpliHateVid/All/NH_513.mp4
[WARN] missing video file: ./data/video/ImpliHateVid/All/NH_187.mp4
[WARN] missing video file: ./data/video/ImpliHateVid/All/IM_243.mp4
[WARN] missing video file: ./data/video/ImpliHateVid/All/EX_374.mp4
[WARN] missing video file: ./data/video/ImpliHateVid/All/NH_632.mp4
[WARN] missing video file: ./data/video/ImpliHateVid/All/NH_4.mp4
[WARN] missing video file: ./data/video/ImpliHateVid/All/NH_50.mp4
[WARN] missing video file: ./data/video/ImpliHateVid/All/NH_996.mp4
[WARN] missing video file: ./data/video/ImpliHateVid/All/EX_5.mp4
  [test] processed 120/401 (zero-vector guards so far: 120)
[WARN] missing video file: ./data/video/ImpliHateVid/All/NH_490.mp4
[WARN] missing video file: ./data/video/ImpliHateVid/All/NH_308.mp4
[WARN] missing video file: ./data/video/ImpliHateVid/All/EX_70.mp4
[WARN] missing video file: ./data/video/ImpliHateVid/All/IM_415.mp4
[WARN] missing video file: ./data/video/ImpliHateVid/All/IM_471.mp4
[WARN] missing video file: ./data/video/ImpliHateVid/All/NH_160.mp4
[WARN] missing video file: ./data/video/ImpliHateVid/All/EX_429.mp4
[WARN] missing video file: ./data/video/ImpliHateVid/All/EX_495.mp4
[WARN] missing video file: ./data/video/ImpliHateVid/All/NH_173.mp4
[WARN] missing video file: ./data/video/ImpliHateVid/All/EX_466.mp4
[WARN] missing video file: ./data/video/ImpliHateVid/All/EX_60.mp4
[WARN] missing video file: ./data/video/ImpliHateVid/All/NH_903.mp4
[WARN] missing video file: ./data/video/ImpliHateVid/All/IM_183.mp4
[WARN] missing video file: ./data/video/ImpliHateVid/All/EX_449.mp4
[WARN] missing video file: ./data/video/ImpliHateVid/All/NH_217.mp4
[WARN] missing video file: ./data/video/ImpliHateVid/All/EX_216.mp4
[WARN] missing video file: ./data/video/ImpliHateVid/All/IM_293.mp4
[WARN] missing video file: ./data/video/ImpliHateVid/All/NH_913.mp4
[WARN] missing video file: ./data/video/ImpliHateVid/All/EX_130.mp4
[WARN] missing video file: ./data/video/ImpliHateVid/All/NH_609.mp4
  [test] processed 140/401 (zero-vector guards so far: 140)
[WARN] missing video file: ./data/video/ImpliHateVid/All/IM_88.mp4
[WARN] missing video file: ./data/video/ImpliHateVid/All/NH_892.mp4
[WARN] missing video file: ./data/video/ImpliHateVid/All/IM_221.mp4
[WARN] missing video file: ./data/video/ImpliHateVid/All/IM_107.mp4
[WARN] missing video file: ./data/video/ImpliHateVid/All/NH_44.mp4
[WARN] missing video file: ./data/video/ImpliHateVid/All/IM_313.mp4
[WARN] missing video file: ./data/video/ImpliHateVid/All/EX_49.mp4
[WARN] missing video file: ./data/video/ImpliHateVid/All/EX_185.mp4
[WARN] missing video file: ./data/video/ImpliHateVid/All/EX_287.mp4
[WARN] missing video file: ./data/video/ImpliHateVid/All/NH_26.mp4
[WARN] missing video file: ./data/video/ImpliHateVid/All/NH_17.mp4
[WARN] missing video file: ./data/video/ImpliHateVid/All/EX_210.mp4
[WARN] missing video file: ./data/video/ImpliHateVid/All/NH_118.mp4
[WARN] missing video file: ./data/video/ImpliHateVid/All/NH_207.mp4
[WARN] missing video file: ./data/video/ImpliHateVid/All/NH_443.mp4
[WARN] missing video file: ./data/video/ImpliHateVid/All/IM_279.mp4
[WARN] missing video file: ./data/video/ImpliHateVid/All/EX_356.mp4
[WARN] missing video file: ./data/video/ImpliHateVid/All/NH_6.mp4
[WARN] missing video file: ./data/video/ImpliHateVid/All/EX_296.mp4
[WARN] missing video file: ./data/video/ImpliHateVid/All/EX_10.mp4
  [test] processed 160/401 (zero-vector guards so far: 160)
[WARN] missing video file: ./data/video/ImpliHateVid/All/NH_732.mp4
[WARN] missing video file: ./data/video/ImpliHateVid/All/EX_400.mp4
[WARN] missing video file: ./data/video/ImpliHateVid/All/NH_657.mp4
[WARN] missing video file: ./data/video/ImpliHateVid/All/NH_979.mp4
[WARN] missing video file: ./data/video/ImpliHateVid/All/EX_65.mp4
[WARN] missing video file: ./data/video/ImpliHateVid/All/NH_847.mp4
[WARN] missing video file: ./data/video/ImpliHateVid/All/NH_622.mp4
[WARN] missing video file: ./data/video/ImpliHateVid/All/NH_16.mp4
[WARN] missing video file: ./data/video/ImpliHateVid/All/NH_88.mp4
[WARN] missing video file: ./data/video/ImpliHateVid/All/EX_67.mp4
[WARN] missing video file: ./data/video/ImpliHateVid/All/NH_438.mp4
[WARN] missing video file: ./data/video/ImpliHateVid/All/IM_349.mp4
[WARN] missing video file: ./data/video/ImpliHateVid/All/EX_14.mp4
[WARN] missing video file: ./data/video/ImpliHateVid/All/EX_87.mp4
[WARN] missing video file: ./data/video/ImpliHateVid/All/EX_150.mp4
[WARN] missing video file: ./data/video/ImpliHateVid/All/NH_519.mp4
[WARN] missing video file: ./data/video/ImpliHateVid/All/IM_326.mp4
[WARN] missing video file: ./data/video/ImpliHateVid/All/IM_308.mp4
[WARN] missing video file: ./data/video/ImpliHateVid/All/NH_219.mp4
[WARN] missing video file: ./data/video/ImpliHateVid/All/NH_968.mp4
  [test] processed 180/401 (zero-vector guards so far: 180)
[WARN] missing video file: ./data/video/ImpliHateVid/All/NH_93.mp4
[WARN] missing video file: ./data/video/ImpliHateVid/All/NH_613.mp4
[WARN] missing video file: ./data/video/ImpliHateVid/All/EX_420.mp4
[WARN] missing video file: ./data/video/ImpliHateVid/All/EX_280.mp4
[WARN] missing video file: ./data/video/ImpliHateVid/All/NH_405.mp4
[WARN] missing video file: ./data/video/ImpliHateVid/All/NH_179.mp4
[WARN] missing video file: ./data/video/ImpliHateVid/All/NH_30.mp4
[WARN] missing video file: ./data/video/ImpliHateVid/All/NH_950.mp4
[WARN] missing video file: ./data/video/ImpliHateVid/All/NH_87.mp4
[WARN] missing video file: ./data/video/ImpliHateVid/All/IM_299.mp4
[WARN] missing video file: ./data/video/ImpliHateVid/All/EX_235.mp4
[WARN] missing video file: ./data/video/ImpliHateVid/All/IM_466.mp4
[WARN] missing video file: ./data/video/ImpliHateVid/All/IM_5.mp4
[WARN] missing video file: ./data/video/ImpliHateVid/All/NH_875.mp4
[WARN] missing video file: ./data/video/ImpliHateVid/All/IM_20.mp4
[WARN] missing video file: ./data/video/ImpliHateVid/All/NH_134.mp4
[WARN] missing video file: ./data/video/ImpliHateVid/All/NH_204.mp4
[WARN] missing video file: ./data/video/ImpliHateVid/All/NH_108.mp4
[WARN] missing video file: ./data/video/ImpliHateVid/All/NH_707.mp4
[WARN] missing video file: ./data/video/ImpliHateVid/All/IM_509.mp4
  [test] processed 200/401 (zero-vector guards so far: 200)
[WARN] missing video file: ./data/video/ImpliHateVid/All/NH_166.mp4
[WARN] missing video file: ./data/video/ImpliHateVid/All/IM_382.mp4
[WARN] missing video file: ./data/video/ImpliHateVid/All/NH_724.mp4
[WARN] missing video file: ./data/video/ImpliHateVid/All/EX_469.mp4
[WARN] missing video file: ./data/video/ImpliHateVid/All/NH_861.mp4
[WARN] missing video file: ./data/video/ImpliHateVid/All/IM_176.mp4
[WARN] missing video file: ./data/video/ImpliHateVid/All/EX_85.mp4
[WARN] missing video file: ./data/video/ImpliHateVid/All/EX_435.mp4
[WARN] missing video file: ./data/video/ImpliHateVid/All/IM_35.mp4
[WARN] missing video file: ./data/video/ImpliHateVid/All/NH_874.mp4
[WARN] missing video file: ./data/video/ImpliHateVid/All/IM_501.mp4
[WARN] missing video file: ./data/video/ImpliHateVid/All/EX_215.mp4
[WARN] missing video file: ./data/video/ImpliHateVid/All/NH_408.mp4
[WARN] missing video file: ./data/video/ImpliHateVid/All/NH_461.mp4
[WARN] missing video file: ./data/video/ImpliHateVid/All/IM_362.mp4
[WARN] missing video file: ./data/video/ImpliHateVid/All/NH_240.mp4
[WARN] missing video file: ./data/video/ImpliHateVid/All/NH_850.mp4
[WARN] missing video file: ./data/video/ImpliHateVid/All/NH_132.mp4
[WARN] missing video file: ./data/video/ImpliHateVid/All/IM_487.mp4
[WARN] missing video file: ./data/video/ImpliHateVid/All/NH_741.mp4
  [test] processed 220/401 (zero-vector guards so far: 220)
[WARN] missing video file: ./data/video/ImpliHateVid/All/NH_750.mp4
[WARN] missing video file: ./data/video/ImpliHateVid/All/NH_651.mp4
[WARN] missing video file: ./data/video/ImpliHateVid/All/NH_602.mp4
[WARN] missing video file: ./data/video/ImpliHateVid/All/IM_484.mp4
[WARN] missing video file: ./data/video/ImpliHateVid/All/IM_164.mp4
[WARN] missing video file: ./data/video/ImpliHateVid/All/EX_378.mp4
[WARN] missing video file: ./data/video/ImpliHateVid/All/IM_493.mp4
[WARN] missing video file: ./data/video/ImpliHateVid/All/IM_197.mp4
[WARN] missing video file: ./data/video/ImpliHateVid/All/NH_573.mp4
[WARN] missing video file: ./data/video/ImpliHateVid/All/IM_25.mp4
[WARN] missing video file: ./data/video/ImpliHateVid/All/NH_33.mp4
[WARN] missing video file: ./data/video/ImpliHateVid/All/IM_158.mp4
[WARN] missing video file: ./data/video/ImpliHateVid/All/EX_56.mp4
[WARN] missing video file: ./data/video/ImpliHateVid/All/NH_358.mp4
[WARN] missing video file: ./data/video/ImpliHateVid/All/EX_284.mp4
[WARN] missing video file: ./data/video/ImpliHateVid/All/IM_294.mp4
[WARN] missing video file: ./data/video/ImpliHateVid/All/EX_311.mp4
[WARN] missing video file: ./data/video/ImpliHateVid/All/NH_371.mp4
[WARN] missing video file: ./data/video/ImpliHateVid/All/IM_237.mp4
[WARN] missing video file: ./data/video/ImpliHateVid/All/IM_322.mp4
  [test] processed 240/401 (zero-vector guards so far: 240)
[WARN] missing video file: ./data/video/ImpliHateVid/All/IM_498.mp4
[WARN] missing video file: ./data/video/ImpliHateVid/All/IM_450.mp4
[WARN] missing video file: ./data/video/ImpliHateVid/All/NH_562.mp4
[WARN] missing video file: ./data/video/ImpliHateVid/All/NH_915.mp4
[WARN] missing video file: ./data/video/ImpliHateVid/All/NH_593.mp4
[WARN] missing video file: ./data/video/ImpliHateVid/All/IM_51.mp4
[WARN] missing video file: ./data/video/ImpliHateVid/All/NH_78.mp4
[WARN] missing video file: ./data/video/ImpliHateVid/All/NH_951.mp4
[WARN] missing video file: ./data/video/ImpliHateVid/All/NH_693.mp4
[WARN] missing video file: ./data/video/ImpliHateVid/All/EX_212.mp4
[WARN] missing video file: ./data/video/ImpliHateVid/All/EX_248.mp4
[WARN] missing video file: ./data/video/ImpliHateVid/All/NH_869.mp4
[WARN] missing video file: ./data/video/ImpliHateVid/All/NH_514.mp4
[WARN] missing video file: ./data/video/ImpliHateVid/All/NH_370.mp4
[WARN] missing video file: ./data/video/ImpliHateVid/All/NH_98.mp4
[WARN] missing video file: ./data/video/ImpliHateVid/All/IM_256.mp4
[WARN] missing video file: ./data/video/ImpliHateVid/All/NH_617.mp4
[WARN] missing video file: ./data/video/ImpliHateVid/All/NH_900.mp4
[WARN] missing video file: ./data/video/ImpliHateVid/All/IM_40.mp4
[WARN] missing video file: ./data/video/ImpliHateVid/All/NH_889.mp4
  [test] processed 260/401 (zero-vector guards so far: 260)
[WARN] missing video file: ./data/video/ImpliHateVid/All/NH_277.mp4
[WARN] missing video file: ./data/video/ImpliHateVid/All/NH_826.mp4
[WARN] missing video file: ./data/video/ImpliHateVid/All/NH_295.mp4
[WARN] missing video file: ./data/video/ImpliHateVid/All/NH_912.mp4
[WARN] missing video file: ./data/video/ImpliHateVid/All/NH_566.mp4
[WARN] missing video file: ./data/video/ImpliHateVid/All/NH_248.mp4
[WARN] missing video file: ./data/video/ImpliHateVid/All/NH_891.mp4
[WARN] missing video file: ./data/video/ImpliHateVid/All/NH_324.mp4
[WARN] missing video file: ./data/video/ImpliHateVid/All/IM_59.mp4
[WARN] missing video file: ./data/video/ImpliHateVid/All/EX_144.mp4
[WARN] missing video file: ./data/video/ImpliHateVid/All/EX_412.mp4
[WARN] missing video file: ./data/video/ImpliHateVid/All/NH_288.mp4
[WARN] missing video file: ./data/video/ImpliHateVid/All/IM_434.mp4
[WARN] missing video file: ./data/video/ImpliHateVid/All/NH_95.mp4
[WARN] missing video file: ./data/video/ImpliHateVid/All/EX_397.mp4
[WARN] missing video file: ./data/video/ImpliHateVid/All/NH_904.mp4
[WARN] missing video file: ./data/video/ImpliHateVid/All/EX_203.mp4
[WARN] missing video file: ./data/video/ImpliHateVid/All/NH_385.mp4
[WARN] missing video file: ./data/video/ImpliHateVid/All/IM_101.mp4
[WARN] missing video file: ./data/video/ImpliHateVid/All/NH_89.mp4
  [test] processed 280/401 (zero-vector guards so far: 280)
[WARN] missing video file: ./data/video/ImpliHateVid/All/NH_504.mp4
[WARN] missing video file: ./data/video/ImpliHateVid/All/IM_462.mp4
[WARN] missing video file: ./data/video/ImpliHateVid/All/NH_753.mp4
[WARN] missing video file: ./data/video/ImpliHateVid/All/NH_488.mp4
[WARN] missing video file: ./data/video/ImpliHateVid/All/IM_220.mp4
[WARN] missing video file: ./data/video/ImpliHateVid/All/IM_155.mp4
[WARN] missing video file: ./data/video/ImpliHateVid/All/EX_155.mp4
[WARN] missing video file: ./data/video/ImpliHateVid/All/IM_150.mp4
[WARN] missing video file: ./data/video/ImpliHateVid/All/NH_553.mp4
[WARN] missing video file: ./data/video/ImpliHateVid/All/IM_185.mp4
[WARN] missing video file: ./data/video/ImpliHateVid/All/IM_241.mp4
[WARN] missing video file: ./data/video/ImpliHateVid/All/IM_324.mp4
[WARN] missing video file: ./data/video/ImpliHateVid/All/EX_132.mp4
[WARN] missing video file: ./data/video/ImpliHateVid/All/EX_190.mp4
[WARN] missing video file: ./data/video/ImpliHateVid/All/NH_939.mp4
[WARN] missing video file: ./data/video/ImpliHateVid/All/IM_148.mp4
[WARN] missing video file: ./data/video/ImpliHateVid/All/IM_336.mp4
[WARN] missing video file: ./data/video/ImpliHateVid/All/IM_138.mp4
[WARN] missing video file: ./data/video/ImpliHateVid/All/EX_162.mp4
[WARN] missing video file: ./data/video/ImpliHateVid/All/IM_268.mp4
  [test] processed 300/401 (zero-vector guards so far: 300)
[WARN] missing video file: ./data/video/ImpliHateVid/All/IM_89.mp4
[WARN] missing video file: ./data/video/ImpliHateVid/All/NH_14.mp4
[WARN] missing video file: ./data/video/ImpliHateVid/All/NH_64.mp4
[WARN] missing video file: ./data/video/ImpliHateVid/All/NH_156.mp4
[WARN] missing video file: ./data/video/ImpliHateVid/All/EX_372.mp4
[WARN] missing video file: ./data/video/ImpliHateVid/All/NH_269.mp4
[WARN] missing video file: ./data/video/ImpliHateVid/All/NH_763.mp4
[WARN] missing video file: ./data/video/ImpliHateVid/All/EX_347.mp4
[WARN] missing video file: ./data/video/ImpliHateVid/All/NH_762.mp4
[WARN] missing video file: ./data/video/ImpliHateVid/All/EX_101.mp4
[WARN] missing video file: ./data/video/ImpliHateVid/All/NH_846.mp4
[WARN] missing video file: ./data/video/ImpliHateVid/All/NH_394.mp4
[WARN] missing video file: ./data/video/ImpliHateVid/All/IM_245.mp4
[WARN] missing video file: ./data/video/ImpliHateVid/All/NH_596.mp4
[WARN] missing video file: ./data/video/ImpliHateVid/All/NH_163.mp4
[WARN] missing video file: ./data/video/ImpliHateVid/All/NH_128.mp4
[WARN] missing video file: ./data/video/ImpliHateVid/All/IM_441.mp4
[WARN] missing video file: ./data/video/ImpliHateVid/All/IM_31.mp4
[WARN] missing video file: ./data/video/ImpliHateVid/All/EX_64.mp4
[WARN] missing video file: ./data/video/ImpliHateVid/All/NH_189.mp4
  [test] processed 320/401 (zero-vector guards so far: 320)
[WARN] missing video file: ./data/video/ImpliHateVid/All/NH_808.mp4
[WARN] missing video file: ./data/video/ImpliHateVid/All/NH_736.mp4
[WARN] missing video file: ./data/video/ImpliHateVid/All/EX_388.mp4
[WARN] missing video file: ./data/video/ImpliHateVid/All/IM_113.mp4
[WARN] missing video file: ./data/video/ImpliHateVid/All/IM_440.mp4
[WARN] missing video file: ./data/video/ImpliHateVid/All/NH_212.mp4
[WARN] missing video file: ./data/video/ImpliHateVid/All/IM_240.mp4
[WARN] missing video file: ./data/video/ImpliHateVid/All/NH_876.mp4
[WARN] missing video file: ./data/video/ImpliHateVid/All/NH_988.mp4
[WARN] missing video file: ./data/video/ImpliHateVid/All/NH_615.mp4
[WARN] missing video file: ./data/video/ImpliHateVid/All/EX_298.mp4
[WARN] missing video file: ./data/video/ImpliHateVid/All/IM_271.mp4
[WARN] missing video file: ./data/video/ImpliHateVid/All/EX_249.mp4
[WARN] missing video file: ./data/video/ImpliHateVid/All/NH_679.mp4
[WARN] missing video file: ./data/video/ImpliHateVid/All/EX_13.mp4
[WARN] missing video file: ./data/video/ImpliHateVid/All/NH_233.mp4
[WARN] missing video file: ./data/video/ImpliHateVid/All/NH_887.mp4
[WARN] missing video file: ./data/video/ImpliHateVid/All/EX_180.mp4
[WARN] missing video file: ./data/video/ImpliHateVid/All/NH_127.mp4
[WARN] missing video file: ./data/video/ImpliHateVid/All/NH_388.mp4
  [test] processed 340/401 (zero-vector guards so far: 340)
[WARN] missing video file: ./data/video/ImpliHateVid/All/NH_696.mp4
[WARN] missing video file: ./data/video/ImpliHateVid/All/NH_844.mp4
[WARN] missing video file: ./data/video/ImpliHateVid/All/NH_206.mp4
[WARN] missing video file: ./data/video/ImpliHateVid/All/NH_476.mp4
[WARN] missing video file: ./data/video/ImpliHateVid/All/NH_680.mp4
[WARN] missing video file: ./data/video/ImpliHateVid/All/NH_382.mp4
[WARN] missing video file: ./data/video/ImpliHateVid/All/NH_758.mp4
[WARN] missing video file: ./data/video/ImpliHateVid/All/NH_83.mp4
[WARN] missing video file: ./data/video/ImpliHateVid/All/IM_96.mp4
[WARN] missing video file: ./data/video/ImpliHateVid/All/IM_285.mp4
[WARN] missing video file: ./data/video/ImpliHateVid/All/NH_833.mp4
[WARN] missing video file: ./data/video/ImpliHateVid/All/NH_142.mp4
[WARN] missing video file: ./data/video/ImpliHateVid/All/IM_15.mp4
[WARN] missing video file: ./data/video/ImpliHateVid/All/NH_247.mp4
[WARN] missing video file: ./data/video/ImpliHateVid/All/NH_983.mp4
[WARN] missing video file: ./data/video/ImpliHateVid/All/EX_77.mp4
[WARN] missing video file: ./data/video/ImpliHateVid/All/NH_994.mp4
[WARN] missing video file: ./data/video/ImpliHateVid/All/IM_305.mp4
[WARN] missing video file: ./data/video/ImpliHateVid/All/EX_453.mp4
[WARN] missing video file: ./data/video/ImpliHateVid/All/IM_29.mp4
  [test] processed 360/401 (zero-vector guards so far: 360)
[WARN] missing video file: ./data/video/ImpliHateVid/All/NH_831.mp4
[WARN] missing video file: ./data/video/ImpliHateVid/All/EX_211.mp4
[WARN] missing video file: ./data/video/ImpliHateVid/All/EX_252.mp4
[WARN] missing video file: ./data/video/ImpliHateVid/All/IM_79.mp4
[WARN] missing video file: ./data/video/ImpliHateVid/All/NH_153.mp4
[WARN] missing video file: ./data/video/ImpliHateVid/All/IM_72.mp4
[WARN] missing video file: ./data/video/ImpliHateVid/All/IM_474.mp4
[WARN] missing video file: ./data/video/ImpliHateVid/All/NH_31.mp4
[WARN] missing video file: ./data/video/ImpliHateVid/All/EX_26.mp4
[WARN] missing video file: ./data/video/ImpliHateVid/All/EX_493.mp4
[WARN] missing video file: ./data/video/ImpliHateVid/All/NH_714.mp4
[WARN] missing video file: ./data/video/ImpliHateVid/All/NH_9.mp4
[WARN] missing video file: ./data/video/ImpliHateVid/All/EX_327.mp4
[WARN] missing video file: ./data/video/ImpliHateVid/All/NH_28.mp4
[WARN] missing video file: ./data/video/ImpliHateVid/All/NH_381.mp4
[WARN] missing video file: ./data/video/ImpliHateVid/All/NH_86.mp4
[WARN] missing video file: ./data/video/ImpliHateVid/All/IM_357.mp4
[WARN] missing video file: ./data/video/ImpliHateVid/All/NH_730.mp4
[WARN] missing video file: ./data/video/ImpliHateVid/All/NH_650.mp4
[WARN] missing video file: ./data/video/ImpliHateVid/All/EX_126.mp4
  [test] processed 380/401 (zero-vector guards so far: 380)
[WARN] missing video file: ./data/video/ImpliHateVid/All/NH_436.mp4
[WARN] missing video file: ./data/video/ImpliHateVid/All/NH_7.mp4
[WARN] missing video file: ./data/video/ImpliHateVid/All/EX_120.mp4
[WARN] missing video file: ./data/video/ImpliHateVid/All/NH_347.mp4
[WARN] missing video file: ./data/video/ImpliHateVid/All/EX_379.mp4
[WARN] missing video file: ./data/video/ImpliHateVid/All/IM_315.mp4
[WARN] missing video file: ./data/video/ImpliHateVid/All/NH_585.mp4
[WARN] missing video file: ./data/video/ImpliHateVid/All/EX_496.mp4
[WARN] missing video file: ./data/video/ImpliHateVid/All/EX_220.mp4
[WARN] missing video file: ./data/video/ImpliHateVid/All/NH_208.mp4
[WARN] missing video file: ./data/video/ImpliHateVid/All/NH_788.mp4
[WARN] missing video file: ./data/video/ImpliHateVid/All/IM_247.mp4
[WARN] missing video file: ./data/video/ImpliHateVid/All/IM_4.mp4
[WARN] missing video file: ./data/video/ImpliHateVid/All/NH_2.mp4
[WARN] missing video file: ./data/video/ImpliHateVid/All/IM_36.mp4
[WARN] missing video file: ./data/video/ImpliHateVid/All/IM_329.mp4
[WARN] missing video file: ./data/video/ImpliHateVid/All/IM_278.mp4
[WARN] missing video file: ./data/video/ImpliHateVid/All/NH_645.mp4
[WARN] missing video file: ./data/video/ImpliHateVid/All/NH_432.mp4
[WARN] missing video file: ./data/video/ImpliHateVid/All/IM_144.mp4
  [test] processed 400/401 (zero-vector guards so far: 400)
[WARN] missing video file: ./data/video/ImpliHateVid/All/IM_280.mp4
Saved 'test_seen': N=401, Dv=3584, Dt=3584, zero-vector videos=401 -> ./data/CLIP_Embedding/ImpliHateVid/test_seen_Qwen2.5-VL-7B-Instruct_HF.pt
[b2_push] copy: data/CLIP_Embedding/ImpliHateVid -> b2:junyi-data/RGCL_video/embeddings/ImpliHateVid
Transferred:   	          0 B / 0 B, -, 0 B/s, ETA -
Checks:                 0 / 0, -, Listed 3
Elapsed time:         0.5sTransferred:   	          0 B / 54.983 MiB, 0%, 0 B/s, ETA -
Checks:                 0 / 0, -, Listed 6
Transferred:            0 / 3, 0%
Elapsed time:         1.0s
Transferring:
 *        test_seen_Qwen2.5-VL-7B-Instruct_HF.pt:  0% /10.975Mi, 0/s, -
 *         dev_seen_Qwen2.5-VL-7B-Instruct_HF.pt:  0% /8.895Mi, 0/s, -
 *            train_Qwen2.5-VL-7B-Instruct_HF.pt:  0% /35.112Mi, 0/s, -Transferred:   	          0 B / 54.983 MiB, 0%, 0 B/s, ETA -
Checks:                 0 / 0, -, Listed 6
Transferred:            0 / 3, 0%
Elapsed time:         1.5s
Transferring:
 *        test_seen_Qwen2.5-VL-7B-Instruct_HF.pt:  0% /10.975Mi, 0/s, -
 *         dev_seen_Qwen2.5-VL-7B-Instruct_HF.pt:  0% /8.895Mi, 0/s, -
 *            train_Qwen2.5-VL-7B-Instruct_HF.pt:  0% /35.112Mi, 0/s, -Transferred:   	    2.430 MiB / 54.983 MiB, 4%, 0 B/s, ETA -
Checks:                 0 / 0, -, Listed 6
Transferred:            0 / 3, 0%
Elapsed time:         1.9s
Transferring:
 *        test_seen_Qwen2.5-VL-7B-Instruct_HF.pt: 11% /10.975Mi, 699.860Ki/s, 14
 *         dev_seen_Qwen2.5-VL-7B-Instruct_HF.pt:  0% /8.895Mi, 0/s, -
 *            train_Qwen2.5-VL-7B-Instruct_HF.pt:  3% /35.112Mi, 0/s, -Transferred:   	    6.551 MiB / 54.983 MiB, 12%, 1.215 MiB/s, ETA 39s
Checks:                 0 / 0, -, Listed 6
Transferred:            0 / 3, 0%
Elapsed time:         2.5s
Transferring:
 *        test_seen_Qwen2.5-VL-7B-Instruct_HF.pt: 30% /10.975Mi, 699.860Ki/s, 11
 *         dev_seen_Qwen2.5-VL-7B-Instruct_HF.pt: 11% /8.895Mi, 0/s, -
 *            train_Qwen2.5-VL-7B-Instruct_HF.pt:  6% /35.112Mi, 0/s, -Transferred:   	   12.707 MiB / 54.983 MiB, 23%, 1.215 MiB/s, ETA 34s
Checks:                 0 / 0, -, Listed 6
Transferred:            0 / 3, 0%
Elapsed time:         3.0s
Transferring:
 *        test_seen_Qwen2.5-VL-7B-Instruct_HF.pt: 53% /10.975Mi, 2.404Mi/s, 2s
 *         dev_seen_Qwen2.5-VL-7B-Instruct_HF.pt: 16% /8.895Mi, 685.999Ki/s, 11s
 *            train_Qwen2.5-VL-7B-Instruct_HF.pt: 15% /35.112Mi, 1.498Mi/s, 19sTransferred:   	   25.113 MiB / 54.983 MiB, 46%, 4.236 MiB/s, ETA 7s
Checks:                 0 / 0, -, Listed 6
Transferred:            0 / 3, 0%
Elapsed time:         3.5s
Transferring:
 *        test_seen_Qwen2.5-VL-7B-Instruct_HF.pt: 94% /10.975Mi, 2.404Mi/s, 0s
 *         dev_seen_Qwen2.5-VL-7B-Instruct_HF.pt: 66% /8.895Mi, 685.999Ki/s, 4s
 *            train_Qwen2.5-VL-7B-Instruct_HF.pt: 25% /35.112Mi, 1.498Mi/s, 17sTransferred:   	   34.436 MiB / 54.983 MiB, 63%, 4.236 MiB/s, ETA 4s
Checks:                 0 / 0, -, Listed 6
Transferred:            0 / 3, 0%
Elapsed time:         3.9s
Transferring:
 *        test_seen_Qwen2.5-VL-7B-Instruct_HF.pt:100% /10.975Mi, 3.658Mi/s, 0s
 *         dev_seen_Qwen2.5-VL-7B-Instruct_HF.pt: 99% /8.895Mi, 2.624Mi/s, 0s
 *            train_Qwen2.5-VL-7B-Instruct_HF.pt: 41% /35.112Mi, 4.092Mi/s, 5sTransferred:   	   38.992 MiB / 54.983 MiB, 71%, 8.609 MiB/s, ETA 1s
Checks:                 0 / 0, -, Listed 6
Transferred:            1 / 3, 33%
Elapsed time:         4.5s
Transferring:
 *         dev_seen_Qwen2.5-VL-7B-Instruct_HF.pt:100% /8.895Mi, 2.624Mi/s, 0s
 *            train_Qwen2.5-VL-7B-Instruct_HF.pt: 54% /35.112Mi, 4.092Mi/s, 3sTransferred:   	   44.429 MiB / 54.983 MiB, 81%, 8.609 MiB/s, ETA 1s
Checks:                 0 / 0, -, Listed 6
Transferred:            2 / 3, 67%
Elapsed time:         5.0s
Transferring:
 *            train_Qwen2.5-VL-7B-Instruct_HF.pt: 69% /35.112Mi, 5.522Mi/s, 1sTransferred:   	   51.273 MiB / 54.983 MiB, 93%, 8.886 MiB/s, ETA 0s
Checks:                 0 / 0, -, Listed 6
Transferred:            2 / 3, 67%
Elapsed time:         5.5s
Transferring:
 *            train_Qwen2.5-VL-7B-Instruct_HF.pt: 89% /35.112Mi, 5.522Mi/s, 0sTransferred:   	   54.983 MiB / 54.983 MiB, 100%, 8.886 MiB/s, ETA 0s
Checks:                 0 / 0, -, Listed 6
Transferred:            2 / 3, 67%
Elapsed time:         5.9s
Transferring:
 *            train_Qwen2.5-VL-7B-Instruct_HF.pt:100% /35.112Mi, 7.022Mi/s, 0sTransferred:   	   54.983 MiB / 54.983 MiB, 100%, 9.164 MiB/s, ETA 0s
Checks:                 0 / 0, -, Listed 6
Transferred:            3 / 3, 100%
Elapsed time:         6.4s
[b2_push] done -> b2:junyi-data/RGCL_video/embeddings/ImpliHateVid
[mllm_embed] done for DATASET=ImpliHateVid
