[01:57:37] === MHC_zh / A7_d8_ep30 (certified-dimension primary) ===
Epoch [5/30], Loss: 1.2129
Epoch [10/30], Loss: 1.0786
Epoch [15/30], Loss: 0.9908
Epoch [20/30], Loss: 0.9624
Epoch [25/30], Loss: 0.9533
Epoch [30/30], Loss: 0.9465
R: 0.2368, U1: -0.0000, U2: 0.1884, S: 0.0485
Epoch [5/30], Loss: 1.2414
Epoch [10/30], Loss: 1.0492
Epoch [15/30], Loss: 0.9700
Epoch [20/30], Loss: 0.9230
Epoch [25/30], Loss: 0.9127
Epoch [30/30], Loss: 0.9040
Epoch [5/30], Loss: 1.2753
Epoch [10/30], Loss: 1.0465
Epoch [15/30], Loss: 0.9455
Epoch [20/30], Loss: 0.9023
Epoch [25/30], Loss: 0.8928
Epoch [30/30], Loss: 0.8843
Epoch [5/30], Loss: 1.2946
Epoch [10/30], Loss: 1.0903
Epoch [15/30], Loss: 0.9801
Epoch [20/30], Loss: 0.9454
Epoch [25/30], Loss: 0.9361
Epoch [30/30], Loss: 0.9258
Epoch [5/30], Loss: 1.2501
Epoch [10/30], Loss: 1.0856
Epoch [15/30], Loss: 0.9986
Epoch [20/30], Loss: 0.9732
Epoch [25/30], Loss: 0.9651
Epoch [30/30], Loss: 0.9573
Epoch [5/30], Loss: 1.2375
Epoch [10/30], Loss: 1.0510
Epoch [15/30], Loss: 0.9635
Epoch [20/30], Loss: 0.9347
Epoch [25/30], Loss: 0.9274
Epoch [30/30], Loss: 0.9196
Epoch [5/30], Loss: 1.8004
Epoch [10/30], Loss: 1.7140
Epoch [15/30], Loss: 1.6222
Epoch [20/30], Loss: 1.5815
Epoch [25/30], Loss: 1.5704
Epoch [30/30], Loss: 1.5593
Epoch [5/30], Loss: 1.7980
Epoch [10/30], Loss: 1.7149
Epoch [15/30], Loss: 1.6155
Epoch [20/30], Loss: 1.5787
Epoch [25/30], Loss: 1.5688
Epoch [30/30], Loss: 1.5583
Epoch [5/30], Loss: 1.7820
Epoch [10/30], Loss: 1.7012
Epoch [15/30], Loss: 1.6029
Epoch [20/30], Loss: 1.5664
Epoch [25/30], Loss: 1.5562
Epoch [30/30], Loss: 1.5462
Epoch [5/30], Loss: 1.7880
Epoch [10/30], Loss: 1.7019
Epoch [15/30], Loss: 1.6035
Epoch [20/30], Loss: 1.5669
Epoch [25/30], Loss: 1.5567
Epoch [30/30], Loss: 1.5468
Epoch [5/30], Loss: 1.8097
Epoch [10/30], Loss: 1.7342
Epoch [15/30], Loss: 1.6281
Epoch [20/30], Loss: 1.5883
Epoch [25/30], Loss: 1.5753
Epoch [30/30], Loss: 1.5640
Epoch [5/30], Loss: 1.8001
Epoch [10/30], Loss: 1.7437
Epoch [15/30], Loss: 1.6744
Epoch [20/30], Loss: 1.6428
Epoch [25/30], Loss: 1.6330
Epoch [30/30], Loss: 1.6249
Epoch [5/30], Loss: 1.7559
Epoch [10/30], Loss: 1.6863
Epoch [15/30], Loss: 1.6003
Epoch [20/30], Loss: 1.5649
Epoch [25/30], Loss: 1.5541
Epoch [30/30], Loss: 1.5441
Epoch [5/30], Loss: 1.7744
Epoch [10/30], Loss: 1.6988
Epoch [15/30], Loss: 1.5922
Epoch [20/30], Loss: 1.5541
Epoch [25/30], Loss: 1.5422
Epoch [30/30], Loss: 1.5308
Epoch [5/30], Loss: 1.8379
Epoch [10/30], Loss: 1.7746
Epoch [15/30], Loss: 1.6890
Epoch [20/30], Loss: 1.6564
Epoch [25/30], Loss: 1.6443
Epoch [30/30], Loss: 1.6339
Epoch [5/30], Loss: 1.7991
Epoch [10/30], Loss: 1.7280
Epoch [15/30], Loss: 1.6433
Epoch [20/30], Loss: 1.6065
Epoch [25/30], Loss: 1.5956
Epoch [30/30], Loss: 1.5854
Epoch [5/30], Loss: 1.8385
Epoch [10/30], Loss: 1.7740
Epoch [15/30], Loss: 1.6715
Epoch [20/30], Loss: 1.6386
Epoch [25/30], Loss: 1.6274
Epoch [30/30], Loss: 1.6153
Epoch [5/30], Loss: 1.8165
Epoch [10/30], Loss: 1.7559
Epoch [15/30], Loss: 1.6856
Epoch [20/30], Loss: 1.6537
Epoch [25/30], Loss: 1.6434
Epoch [30/30], Loss: 1.6350
Epoch [5/30], Loss: 1.7632
Epoch [10/30], Loss: 1.6951
Epoch [15/30], Loss: 1.6077
Epoch [20/30], Loss: 1.5681
Epoch [25/30], Loss: 1.5559
Epoch [30/30], Loss: 1.5451
Epoch [5/30], Loss: 1.7478
Epoch [10/30], Loss: 1.6616
Epoch [15/30], Loss: 1.5767
Epoch [20/30], Loss: 1.5373
Epoch [25/30], Loss: 1.5265
Epoch [30/30], Loss: 1.5163
Epoch [5/30], Loss: 1.8244
Epoch [10/30], Loss: 1.7633
Epoch [15/30], Loss: 1.6716
Epoch [20/30], Loss: 1.6398
Epoch [25/30], Loss: 1.6294
Epoch [30/30], Loss: 1.6196
Epoch [5/30], Loss: 1.8159
Epoch [10/30], Loss: 1.7398
Epoch [15/30], Loss: 1.6446
Epoch [20/30], Loss: 1.6050
Epoch [25/30], Loss: 1.5933
Epoch [30/30], Loss: 1.5825
Epoch [5/30], Loss: 1.8416
Epoch [10/30], Loss: 1.7712
Epoch [15/30], Loss: 1.6794
Epoch [20/30], Loss: 1.6438
Epoch [25/30], Loss: 1.6336
Epoch [30/30], Loss: 1.6224
Epoch [5/30], Loss: 1.8169
Epoch [10/30], Loss: 1.7454
Epoch [15/30], Loss: 1.6660
Epoch [20/30], Loss: 1.6272
Epoch [25/30], Loss: 1.6174
Epoch [30/30], Loss: 1.6083
Epoch [5/30], Loss: 1.7701
Epoch [10/30], Loss: 1.7032
Epoch [15/30], Loss: 1.6089
Epoch [20/30], Loss: 1.5783
Epoch [25/30], Loss: 1.5670
Epoch [30/30], Loss: 1.5570
Epoch [5/30], Loss: 1.7623
Epoch [10/30], Loss: 1.6965
Epoch [15/30], Loss: 1.6043
Epoch [20/30], Loss: 1.5665
Epoch [25/30], Loss: 1.5551
Epoch [30/30], Loss: 1.5451
Epoch [5/30], Loss: 1.8264
Epoch [10/30], Loss: 1.7448
Epoch [15/30], Loss: 1.6507
Epoch [20/30], Loss: 1.6057
Epoch [25/30], Loss: 1.5942
Epoch [30/30], Loss: 1.5834
Epoch [5/30], Loss: 1.7977
Epoch [10/30], Loss: 1.7232
Epoch [15/30], Loss: 1.6238
Epoch [20/30], Loss: 1.5801
Epoch [25/30], Loss: 1.5683
Epoch [30/30], Loss: 1.5571
Epoch [5/30], Loss: 1.8651
Epoch [10/30], Loss: 1.7877
Epoch [15/30], Loss: 1.6848
Epoch [20/30], Loss: 1.6462
Epoch [25/30], Loss: 1.6345
Epoch [30/30], Loss: 1.6231
Epoch [5/30], Loss: 1.8157
Epoch [10/30], Loss: 1.7635
Epoch [15/30], Loss: 1.6909
Epoch [20/30], Loss: 1.6642
Epoch [25/30], Loss: 1.6549
Epoch [30/30], Loss: 1.6459
Epoch [5/30], Loss: 1.8084
Epoch [10/30], Loss: 1.7434
Epoch [15/30], Loss: 1.6652
Epoch [20/30], Loss: 1.6333
Epoch [25/30], Loss: 1.6239
Epoch [30/30], Loss: 1.6150
Epoch [5/30], Loss: 1.7792
Epoch [10/30], Loss: 1.7070
Epoch [15/30], Loss: 1.6294
Epoch [20/30], Loss: 1.6009
Epoch [25/30], Loss: 1.5918
Epoch [30/30], Loss: 1.5823
Epoch [5/30], Loss: 1.8291
Epoch [10/30], Loss: 1.7665
Epoch [15/30], Loss: 1.6873
Epoch [20/30], Loss: 1.6554
Epoch [25/30], Loss: 1.6452
Epoch [30/30], Loss: 1.6358
Epoch [5/30], Loss: 1.8170
Epoch [10/30], Loss: 1.7580
Epoch [15/30], Loss: 1.6825
Epoch [20/30], Loss: 1.6525
Epoch [25/30], Loss: 1.6430
Epoch [30/30], Loss: 1.6341
Epoch [5/30], Loss: 1.8042
Epoch [10/30], Loss: 1.7418
Epoch [15/30], Loss: 1.6617
Epoch [20/30], Loss: 1.6287
Epoch [25/30], Loss: 1.6186
Epoch [30/30], Loss: 1.6091
Epoch [5/30], Loss: 1.8164
Epoch [10/30], Loss: 1.7678
Epoch [15/30], Loss: 1.7048
Epoch [20/30], Loss: 1.6682
Epoch [25/30], Loss: 1.6601
Epoch [30/30], Loss: 1.6525
Epoch [5/30], Loss: 1.7519
Epoch [10/30], Loss: 1.6666
Epoch [15/30], Loss: 1.5691
Epoch [20/30], Loss: 1.5320
Epoch [25/30], Loss: 1.5213
Epoch [30/30], Loss: 1.5102
Epoch [5/30], Loss: 1.7353
Epoch [10/30], Loss: 1.6485
Epoch [15/30], Loss: 1.5568
Epoch [20/30], Loss: 1.5159
Epoch [25/30], Loss: 1.5044
Epoch [30/30], Loss: 1.4932
Epoch [5/30], Loss: 1.7985
Epoch [10/30], Loss: 1.7114
Epoch [15/30], Loss: 1.6211
Epoch [20/30], Loss: 1.5832
Epoch [25/30], Loss: 1.5730
Epoch [30/30], Loss: 1.5627
Epoch [5/30], Loss: 1.8000
Epoch [10/30], Loss: 1.7287
Epoch [15/30], Loss: 1.6355
Epoch [20/30], Loss: 1.5981
Epoch [25/30], Loss: 1.5875
Epoch [30/30], Loss: 1.5773
Epoch [5/30], Loss: 1.8048
Epoch [10/30], Loss: 1.7200
Epoch [15/30], Loss: 1.6220
Epoch [20/30], Loss: 1.5836
Epoch [25/30], Loss: 1.5700
Epoch [30/30], Loss: 1.5592
Epoch [5/30], Loss: 1.8039
Epoch [10/30], Loss: 1.7350
Epoch [15/30], Loss: 1.6456
Epoch [20/30], Loss: 1.6149
Epoch [25/30], Loss: 1.6036
Epoch [30/30], Loss: 1.5938
Epoch [5/30], Loss: 1.8774
Epoch [10/30], Loss: 1.8001
Epoch [15/30], Loss: 1.7076
Epoch [20/30], Loss: 1.6737
Epoch [25/30], Loss: 1.6629
Epoch [30/30], Loss: 1.6525
Epoch [5/30], Loss: 1.8207
Epoch [10/30], Loss: 1.7530
Epoch [15/30], Loss: 1.6608
Epoch [20/30], Loss: 1.6201
Epoch [25/30], Loss: 1.6081
Epoch [30/30], Loss: 1.5975
Epoch [5/30], Loss: 1.7990
Epoch [10/30], Loss: 1.7435
Epoch [15/30], Loss: 1.6623
Epoch [20/30], Loss: 1.6320
Epoch [25/30], Loss: 1.6219
Epoch [30/30], Loss: 1.6119
Epoch [5/30], Loss: 1.7792
Epoch [10/30], Loss: 1.7172
Epoch [15/30], Loss: 1.6363
Epoch [20/30], Loss: 1.6060
Epoch [25/30], Loss: 1.5967
Epoch [30/30], Loss: 1.5873
Epoch [5/30], Loss: 1.7712
Epoch [10/30], Loss: 1.7007
Epoch [15/30], Loss: 1.6161
Epoch [20/30], Loss: 1.5797
Epoch [25/30], Loss: 1.5698
Epoch [30/30], Loss: 1.5601
Epoch [5/30], Loss: 1.8260
Epoch [10/30], Loss: 1.7618
Epoch [15/30], Loss: 1.6746
Epoch [20/30], Loss: 1.6444
Epoch [25/30], Loss: 1.6336
Epoch [30/30], Loss: 1.6238
Epoch [5/30], Loss: 1.7864
Epoch [10/30], Loss: 1.7164
Epoch [15/30], Loss: 1.6252
Epoch [20/30], Loss: 1.5928
Epoch [25/30], Loss: 1.5826
Epoch [30/30], Loss: 1.5726
Epoch [5/30], Loss: 1.8550
Epoch [10/30], Loss: 1.7883
Epoch [15/30], Loss: 1.6840
Epoch [20/30], Loss: 1.6438
Epoch [25/30], Loss: 1.6312
Epoch [30/30], Loss: 1.6193
Epoch [5/30], Loss: 1.8204
Epoch [10/30], Loss: 1.7497
Epoch [15/30], Loss: 1.6654
Epoch [20/30], Loss: 1.6292
Epoch [25/30], Loss: 1.6184
Epoch [30/30], Loss: 1.6086
Epoch [5/30], Loss: 1.8506
Epoch [10/30], Loss: 1.7768
Epoch [15/30], Loss: 1.6781
Epoch [20/30], Loss: 1.6452
Epoch [25/30], Loss: 1.6339
Epoch [30/30], Loss: 1.6235
Epoch [5/30], Loss: 1.7742
Epoch [10/30], Loss: 1.6946
Epoch [15/30], Loss: 1.5818
Epoch [20/30], Loss: 1.5353
Epoch [25/30], Loss: 1.5221
Epoch [30/30], Loss: 1.5096
Epoch [5/30], Loss: 1.8259
Epoch [10/30], Loss: 1.7575
Epoch [15/30], Loss: 1.6765
Epoch [20/30], Loss: 1.6431
Epoch [25/30], Loss: 1.6326
Epoch [30/30], Loss: 1.6241
Epoch [5/30], Loss: 1.7993
Epoch [10/30], Loss: 1.7366
Epoch [15/30], Loss: 1.6415
Epoch [20/30], Loss: 1.6045
Epoch [25/30], Loss: 1.5936
Epoch [30/30], Loss: 1.5835
Epoch [5/30], Loss: 1.7883
Epoch [10/30], Loss: 1.7282
Epoch [15/30], Loss: 1.6406
Epoch [20/30], Loss: 1.6078
Epoch [25/30], Loss: 1.5973
Epoch [30/30], Loss: 1.5872
Epoch [5/30], Loss: 1.8444
Epoch [10/30], Loss: 1.7839
Epoch [15/30], Loss: 1.7139
Epoch [20/30], Loss: 1.6834
Epoch [25/30], Loss: 1.6747
Epoch [30/30], Loss: 1.6661
Epoch [5/30], Loss: 1.8041
Epoch [10/30], Loss: 1.7309
Epoch [15/30], Loss: 1.6484
Epoch [20/30], Loss: 1.6169
Epoch [25/30], Loss: 1.6073
Epoch [30/30], Loss: 1.5980
Epoch [5/30], Loss: 1.7989
Epoch [10/30], Loss: 1.7303
Epoch [15/30], Loss: 1.6410
Epoch [20/30], Loss: 1.6065
Epoch [25/30], Loss: 1.5962
Epoch [30/30], Loss: 1.5863
Epoch [5/30], Loss: 1.8157
Epoch [10/30], Loss: 1.7564
Epoch [15/30], Loss: 1.6952
Epoch [20/30], Loss: 1.6622
Epoch [25/30], Loss: 1.6516
Epoch [30/30], Loss: 1.6438
Epoch [5/30], Loss: 1.8387
Epoch [10/30], Loss: 1.7811
Epoch [15/30], Loss: 1.7165
Epoch [20/30], Loss: 1.6883
Epoch [25/30], Loss: 1.6784
Epoch [30/30], Loss: 1.6703
Epoch [5/30], Loss: 1.8006
Epoch [10/30], Loss: 1.7461
Epoch [15/30], Loss: 1.6790
Epoch [20/30], Loss: 1.6512
Epoch [25/30], Loss: 1.6424
Epoch [30/30], Loss: 1.6342
Epoch [5/30], Loss: 1.8112
Epoch [10/30], Loss: 1.7565
Epoch [15/30], Loss: 1.6828
Epoch [20/30], Loss: 1.6503
Epoch [25/30], Loss: 1.6397
Epoch [30/30], Loss: 1.6305
Epoch [5/30], Loss: 1.8227
Epoch [10/30], Loss: 1.7607
Epoch [15/30], Loss: 1.6799
Epoch [20/30], Loss: 1.6506
Epoch [25/30], Loss: 1.6413
Epoch [30/30], Loss: 1.6316
Epoch [5/30], Loss: 1.8027
Epoch [10/30], Loss: 1.7445
Epoch [15/30], Loss: 1.6812
Epoch [20/30], Loss: 1.6517
Epoch [25/30], Loss: 1.6431
Epoch [30/30], Loss: 1.6342
Epoch [5/30], Loss: 1.8236
Epoch [10/30], Loss: 1.7761
Epoch [15/30], Loss: 1.7329
Epoch [20/30], Loss: 1.6904
Epoch [25/30], Loss: 1.6823
Epoch [30/30], Loss: 1.6758
[01:58:45]     perm 10/50
Epoch [5/30], Loss: 1.7793
Epoch [10/30], Loss: 1.7253
Epoch [15/30], Loss: 1.6628
Epoch [20/30], Loss: 1.6333
Epoch [25/30], Loss: 1.6250
Epoch [30/30], Loss: 1.6173
Epoch [5/30], Loss: 1.8234
Epoch [10/30], Loss: 1.7561
Epoch [15/30], Loss: 1.6664
Epoch [20/30], Loss: 1.6308
Epoch [25/30], Loss: 1.6200
Epoch [30/30], Loss: 1.6088
Epoch [5/30], Loss: 1.8267
Epoch [10/30], Loss: 1.7506
Epoch [15/30], Loss: 1.6525
Epoch [20/30], Loss: 1.6131
Epoch [25/30], Loss: 1.6009
Epoch [30/30], Loss: 1.5894
Epoch [5/30], Loss: 1.8389
Epoch [10/30], Loss: 1.7828
Epoch [15/30], Loss: 1.7028
Epoch [20/30], Loss: 1.6713
Epoch [25/30], Loss: 1.6612
Epoch [30/30], Loss: 1.6511
Epoch [5/30], Loss: 1.8201
Epoch [10/30], Loss: 1.7542
Epoch [15/30], Loss: 1.6692
Epoch [20/30], Loss: 1.6331
Epoch [25/30], Loss: 1.6232
Epoch [30/30], Loss: 1.6140
Epoch [5/30], Loss: 1.8287
Epoch [10/30], Loss: 1.7807
Epoch [15/30], Loss: 1.7053
Epoch [20/30], Loss: 1.6742
Epoch [25/30], Loss: 1.6635
Epoch [30/30], Loss: 1.6546
Epoch [5/30], Loss: 1.8143
Epoch [10/30], Loss: 1.7349
Epoch [15/30], Loss: 1.6206
Epoch [20/30], Loss: 1.5804
Epoch [25/30], Loss: 1.5675
Epoch [30/30], Loss: 1.5552
Epoch [5/30], Loss: 1.8206
Epoch [10/30], Loss: 1.7451
Epoch [15/30], Loss: 1.6381
Epoch [20/30], Loss: 1.5918
Epoch [25/30], Loss: 1.5791
Epoch [30/30], Loss: 1.5669
Epoch [5/30], Loss: 1.7730
Epoch [10/30], Loss: 1.6928
Epoch [15/30], Loss: 1.6045
Epoch [20/30], Loss: 1.5645
Epoch [25/30], Loss: 1.5521
Epoch [30/30], Loss: 1.5412
Epoch [5/30], Loss: 1.7752
Epoch [10/30], Loss: 1.7036
Epoch [15/30], Loss: 1.6099
Epoch [20/30], Loss: 1.5717
Epoch [25/30], Loss: 1.5602
Epoch [30/30], Loss: 1.5495
Epoch [5/30], Loss: 1.8459
Epoch [10/30], Loss: 1.7653
Epoch [15/30], Loss: 1.6778
Epoch [20/30], Loss: 1.6271
Epoch [25/30], Loss: 1.6156
Epoch [30/30], Loss: 1.6047
Epoch [5/30], Loss: 1.8042
Epoch [10/30], Loss: 1.7389
Epoch [15/30], Loss: 1.6625
Epoch [20/30], Loss: 1.6241
Epoch [25/30], Loss: 1.6132
Epoch [30/30], Loss: 1.6037
Epoch [5/30], Loss: 1.8197
Epoch [10/30], Loss: 1.7605
Epoch [15/30], Loss: 1.6829
Epoch [20/30], Loss: 1.6516
Epoch [25/30], Loss: 1.6413
Epoch [30/30], Loss: 1.6323
Epoch [5/30], Loss: 1.8056
Epoch [10/30], Loss: 1.7372
Epoch [15/30], Loss: 1.6477
Epoch [20/30], Loss: 1.6141
Epoch [25/30], Loss: 1.6040
Epoch [30/30], Loss: 1.5945
Epoch [5/30], Loss: 1.7831
Epoch [10/30], Loss: 1.7224
Epoch [15/30], Loss: 1.6542
Epoch [20/30], Loss: 1.6160
Epoch [25/30], Loss: 1.6061
Epoch [30/30], Loss: 1.5975
Epoch [5/30], Loss: 1.8040
Epoch [10/30], Loss: 1.7399
Epoch [15/30], Loss: 1.6633
Epoch [20/30], Loss: 1.6205
Epoch [25/30], Loss: 1.6090
Epoch [30/30], Loss: 1.5982
Epoch [5/30], Loss: 1.7844
Epoch [10/30], Loss: 1.7079
Epoch [15/30], Loss: 1.6162
Epoch [20/30], Loss: 1.5758
Epoch [25/30], Loss: 1.5644
Epoch [30/30], Loss: 1.5539
Epoch [5/30], Loss: 1.8123
Epoch [10/30], Loss: 1.7632
Epoch [15/30], Loss: 1.7045
Epoch [20/30], Loss: 1.6620
Epoch [25/30], Loss: 1.6525
Epoch [30/30], Loss: 1.6435
Epoch [5/30], Loss: 1.8328
Epoch [10/30], Loss: 1.7742
Epoch [15/30], Loss: 1.6840
Epoch [20/30], Loss: 1.6484
Epoch [25/30], Loss: 1.6368
Epoch [30/30], Loss: 1.6265
Epoch [5/30], Loss: 1.7690
Epoch [10/30], Loss: 1.7171
Epoch [15/30], Loss: 1.6458
Epoch [20/30], Loss: 1.6164
Epoch [25/30], Loss: 1.6075
Epoch [30/30], Loss: 1.5989
Epoch [5/30], Loss: 1.8081
Epoch [10/30], Loss: 1.7468
Epoch [15/30], Loss: 1.6651
Epoch [20/30], Loss: 1.6285
Epoch [25/30], Loss: 1.6178
Epoch [30/30], Loss: 1.6079
Epoch [5/30], Loss: 1.8263
Epoch [10/30], Loss: 1.7499
Epoch [15/30], Loss: 1.6624
Epoch [20/30], Loss: 1.6234
Epoch [25/30], Loss: 1.6120
Epoch [30/30], Loss: 1.6029
Epoch [5/30], Loss: 1.8114
Epoch [10/30], Loss: 1.7526
Epoch [15/30], Loss: 1.6679
Epoch [20/30], Loss: 1.6298
Epoch [25/30], Loss: 1.6192
Epoch [30/30], Loss: 1.6092
Epoch [5/30], Loss: 1.8204
Epoch [10/30], Loss: 1.7753
Epoch [15/30], Loss: 1.7071
Epoch [20/30], Loss: 1.6726
Epoch [25/30], Loss: 1.6625
Epoch [30/30], Loss: 1.6531
Epoch [5/30], Loss: 1.7851
Epoch [10/30], Loss: 1.6914
Epoch [15/30], Loss: 1.5723
Epoch [20/30], Loss: 1.5310
Epoch [25/30], Loss: 1.5176
Epoch [30/30], Loss: 1.5059
Epoch [5/30], Loss: 1.7321
Epoch [10/30], Loss: 1.6548
Epoch [15/30], Loss: 1.5636
Epoch [20/30], Loss: 1.5284
Epoch [25/30], Loss: 1.5175
Epoch [30/30], Loss: 1.5071
Epoch [5/30], Loss: 1.7751
Epoch [10/30], Loss: 1.6932
Epoch [15/30], Loss: 1.5908
Epoch [20/30], Loss: 1.5492
Epoch [25/30], Loss: 1.5375
Epoch [30/30], Loss: 1.5264
Epoch [5/30], Loss: 1.8096
Epoch [10/30], Loss: 1.7224
Epoch [15/30], Loss: 1.6273
Epoch [20/30], Loss: 1.5874
Epoch [25/30], Loss: 1.5771
Epoch [30/30], Loss: 1.5665
Epoch [5/30], Loss: 1.8078
Epoch [10/30], Loss: 1.7257
Epoch [15/30], Loss: 1.6248
Epoch [20/30], Loss: 1.5829
Epoch [25/30], Loss: 1.5713
Epoch [30/30], Loss: 1.5597
Epoch [5/30], Loss: 1.7892
Epoch [10/30], Loss: 1.7205
Epoch [15/30], Loss: 1.6497
Epoch [20/30], Loss: 1.6156
Epoch [25/30], Loss: 1.6062
Epoch [30/30], Loss: 1.5983
Epoch [5/30], Loss: 1.8579
Epoch [10/30], Loss: 1.7893
Epoch [15/30], Loss: 1.7075
Epoch [20/30], Loss: 1.6775
Epoch [25/30], Loss: 1.6671
Epoch [30/30], Loss: 1.6578
Epoch [5/30], Loss: 1.8283
Epoch [10/30], Loss: 1.7617
Epoch [15/30], Loss: 1.6997
Epoch [20/30], Loss: 1.6485
Epoch [25/30], Loss: 1.6380
Epoch [30/30], Loss: 1.6282
Epoch [5/30], Loss: 1.8329
Epoch [10/30], Loss: 1.7769
Epoch [15/30], Loss: 1.6917
Epoch [20/30], Loss: 1.6488
Epoch [25/30], Loss: 1.6373
Epoch [30/30], Loss: 1.6264
Epoch [5/30], Loss: 1.7810
Epoch [10/30], Loss: 1.7058
Epoch [15/30], Loss: 1.6200
Epoch [20/30], Loss: 1.5880
Epoch [25/30], Loss: 1.5778
Epoch [30/30], Loss: 1.5684
Epoch [5/30], Loss: 1.7644
Epoch [10/30], Loss: 1.7094
Epoch [15/30], Loss: 1.6451
Epoch [20/30], Loss: 1.6090
Epoch [25/30], Loss: 1.6001
Epoch [30/30], Loss: 1.5915
Epoch [5/30], Loss: 1.8203
Epoch [10/30], Loss: 1.7649
Epoch [15/30], Loss: 1.6993
Epoch [20/30], Loss: 1.6729
Epoch [25/30], Loss: 1.6643
Epoch [30/30], Loss: 1.6572
Epoch [5/30], Loss: 1.8043
Epoch [10/30], Loss: 1.7501
Epoch [15/30], Loss: 1.6718
Epoch [20/30], Loss: 1.6408
Epoch [25/30], Loss: 1.6310
Epoch [30/30], Loss: 1.6217
Epoch [5/30], Loss: 1.8263
Epoch [10/30], Loss: 1.7556
Epoch [15/30], Loss: 1.6729
[01:59:29] === MHC_zh / A7_d8_ep30 (certified-dimension primary) ===
Epoch [5/30], Loss: 1.2129
Epoch [10/30], Loss: 1.0786
Epoch [15/30], Loss: 0.9908
Epoch [20/30], Loss: 0.9624
Epoch [25/30], Loss: 0.9533
Epoch [30/30], Loss: 0.9465
R: 0.2368, U1: -0.0000, U2: 0.1884, S: 0.0485
Epoch [5/30], Loss: 1.2414
Epoch [10/30], Loss: 1.0492
Epoch [15/30], Loss: 0.9700
Epoch [20/30], Loss: 0.9230
Epoch [25/30], Loss: 0.9127
Epoch [30/30], Loss: 0.9040
Epoch [5/30], Loss: 1.2753
Epoch [10/30], Loss: 1.0465
Epoch [15/30], Loss: 0.9455
Epoch [20/30], Loss: 0.9023
Epoch [25/30], Loss: 0.8928
Epoch [30/30], Loss: 0.8843
Epoch [5/30], Loss: 1.2946
Epoch [10/30], Loss: 1.0903
Epoch [15/30], Loss: 0.9801
Epoch [20/30], Loss: 0.9454
Epoch [25/30], Loss: 0.9361
Epoch [30/30], Loss: 0.9258
Epoch [5/30], Loss: 1.2501
Epoch [10/30], Loss: 1.0856
Epoch [15/30], Loss: 0.9986
Epoch [20/30], Loss: 0.9732
Epoch [25/30], Loss: 0.9651
Epoch [30/30], Loss: 0.9573
Epoch [5/30], Loss: 1.2375
Epoch [10/30], Loss: 1.0510
Epoch [15/30], Loss: 0.9635
Epoch [20/30], Loss: 0.9347
Epoch [25/30], Loss: 0.9274
Epoch [30/30], Loss: 0.9196
Epoch [5/30], Loss: 1.8004
Epoch [10/30], Loss: 1.7140
Epoch [15/30], Loss: 1.6222
Epoch [20/30], Loss: 1.5815
Epoch [25/30], Loss: 1.5704
Epoch [30/30], Loss: 1.5593
Epoch [5/30], Loss: 1.7980
Epoch [10/30], Loss: 1.7149
Epoch [15/30], Loss: 1.6155
Epoch [20/30], Loss: 1.5787
Epoch [25/30], Loss: 1.5688
Epoch [30/30], Loss: 1.5583
Epoch [5/30], Loss: 1.7820
Epoch [10/30], Loss: 1.7012
Epoch [15/30], Loss: 1.6029
Epoch [20/30], Loss: 1.5664
Epoch [25/30], Loss: 1.5562
Epoch [30/30], Loss: 1.5462
Epoch [5/30], Loss: 1.7880
Epoch [10/30], Loss: 1.7019
Epoch [15/30], Loss: 1.6035
Epoch [20/30], Loss: 1.5669
Epoch [25/30], Loss: 1.5567
Epoch [30/30], Loss: 1.5468
Epoch [5/30], Loss: 1.8097
Epoch [10/30], Loss: 1.7342
Epoch [15/30], Loss: 1.6281
Epoch [20/30], Loss: 1.5883
Epoch [25/30], Loss: 1.5753
Epoch [30/30], Loss: 1.5640
Epoch [5/30], Loss: 1.8001
Epoch [10/30], Loss: 1.7437
Epoch [15/30], Loss: 1.6744
Epoch [20/30], Loss: 1.6428
Epoch [25/30], Loss: 1.6330
Epoch [30/30], Loss: 1.6249
Epoch [5/30], Loss: 1.7559
Epoch [10/30], Loss: 1.6863
Epoch [15/30], Loss: 1.6003
Epoch [20/30], Loss: 1.5649
Epoch [25/30], Loss: 1.5541
Epoch [30/30], Loss: 1.5441
Epoch [5/30], Loss: 1.7744
Epoch [10/30], Loss: 1.6988
Epoch [15/30], Loss: 1.5922
Epoch [20/30], Loss: 1.5541
Epoch [25/30], Loss: 1.5422
Epoch [30/30], Loss: 1.5308
Epoch [5/30], Loss: 1.8379
Epoch [10/30], Loss: 1.7746
Epoch [15/30], Loss: 1.6890
Epoch [20/30], Loss: 1.6564
Epoch [25/30], Loss: 1.6443
Epoch [30/30], Loss: 1.6339
Epoch [5/30], Loss: 1.7991
Epoch [10/30], Loss: 1.7280
Epoch [15/30], Loss: 1.6433
Epoch [20/30], Loss: 1.6065
Epoch [25/30], Loss: 1.5956
Epoch [30/30], Loss: 1.5854
Epoch [5/30], Loss: 1.8385
Epoch [10/30], Loss: 1.7740
Epoch [15/30], Loss: 1.6715
Epoch [20/30], Loss: 1.6386
Epoch [25/30], Loss: 1.6274
Epoch [30/30], Loss: 1.6153
Epoch [5/30], Loss: 1.8165
Epoch [10/30], Loss: 1.7559
Epoch [15/30], Loss: 1.6856
Epoch [20/30], Loss: 1.6537
Epoch [25/30], Loss: 1.6434
Epoch [30/30], Loss: 1.6350
Epoch [5/30], Loss: 1.7632
Epoch [10/30], Loss: 1.6951
Epoch [15/30], Loss: 1.6077
Epoch [20/30], Loss: 1.5681
Epoch [25/30], Loss: 1.5559
Epoch [30/30], Loss: 1.5451
Epoch [5/30], Loss: 1.7478
Epoch [10/30], Loss: 1.6616
Epoch [15/30], Loss: 1.5767
Epoch [20/30], Loss: 1.5373
Epoch [25/30], Loss: 1.5265
Epoch [30/30], Loss: 1.5163
Epoch [5/30], Loss: 1.8244
Epoch [10/30], Loss: 1.7633
Epoch [15/30], Loss: 1.6716
Epoch [20/30], Loss: 1.6398
Epoch [25/30], Loss: 1.6294
Epoch [30/30], Loss: 1.6196
Epoch [5/30], Loss: 1.8159
Epoch [10/30], Loss: 1.7398
Epoch [15/30], Loss: 1.6446
Epoch [20/30], Loss: 1.6050
Epoch [25/30], Loss: 1.5933
Epoch [30/30], Loss: 1.5825
Epoch [5/30], Loss: 1.8416
Epoch [10/30], Loss: 1.7712
Epoch [15/30], Loss: 1.6794
Epoch [20/30], Loss: 1.6438
Epoch [25/30], Loss: 1.6336
Epoch [30/30], Loss: 1.6224
Epoch [5/30], Loss: 1.8169
Epoch [10/30], Loss: 1.7454
Epoch [15/30], Loss: 1.6660
Epoch [20/30], Loss: 1.6272
Epoch [25/30], Loss: 1.6174
Epoch [30/30], Loss: 1.6083
Epoch [5/30], Loss: 1.7701
Epoch [10/30], Loss: 1.7032
Epoch [15/30], Loss: 1.6089
Epoch [20/30], Loss: 1.5783
Epoch [25/30], Loss: 1.5670
Epoch [30/30], Loss: 1.5570
Epoch [5/30], Loss: 1.7623
Epoch [10/30], Loss: 1.6965
Epoch [15/30], Loss: 1.6043
Epoch [20/30], Loss: 1.5665
Epoch [25/30], Loss: 1.5551
Epoch [30/30], Loss: 1.5451
Epoch [5/30], Loss: 1.8264
Epoch [10/30], Loss: 1.7448
Epoch [15/30], Loss: 1.6507
Epoch [20/30], Loss: 1.6057
Epoch [25/30], Loss: 1.5942
Epoch [30/30], Loss: 1.5834
Epoch [5/30], Loss: 1.7977
Epoch [10/30], Loss: 1.7232
Epoch [15/30], Loss: 1.6238
Epoch [20/30], Loss: 1.5801
Epoch [25/30], Loss: 1.5683
Epoch [30/30], Loss: 1.5571
Epoch [5/30], Loss: 1.8651
Epoch [10/30], Loss: 1.7877
Epoch [15/30], Loss: 1.6848
Epoch [20/30], Loss: 1.6462
Epoch [25/30], Loss: 1.6345
Epoch [30/30], Loss: 1.6231
Epoch [5/30], Loss: 1.8157
Epoch [10/30], Loss: 1.7635
Epoch [15/30], Loss: 1.6909
Epoch [20/30], Loss: 1.6642
Epoch [25/30], Loss: 1.6549
Epoch [30/30], Loss: 1.6459
Epoch [5/30], Loss: 1.8084
Epoch [10/30], Loss: 1.7434
Epoch [15/30], Loss: 1.6652
Epoch [20/30], Loss: 1.6333
Epoch [25/30], Loss: 1.6239
Epoch [30/30], Loss: 1.6150
Epoch [5/30], Loss: 1.7792
Epoch [10/30], Loss: 1.7070
Epoch [15/30], Loss: 1.6294
Epoch [20/30], Loss: 1.6009
Epoch [25/30], Loss: 1.5918
Epoch [30/30], Loss: 1.5823
Epoch [5/30], Loss: 1.8291
Epoch [10/30], Loss: 1.7665
Epoch [15/30], Loss: 1.6873
Epoch [20/30], Loss: 1.6554
Epoch [25/30], Loss: 1.6452
Epoch [30/30], Loss: 1.6358
Epoch [5/30], Loss: 1.8170
Epoch [10/30], Loss: 1.7580
Epoch [15/30], Loss: 1.6825
Epoch [20/30], Loss: 1.6525
Epoch [25/30], Loss: 1.6430
Epoch [30/30], Loss: 1.6341
Epoch [5/30], Loss: 1.8042
Epoch [10/30], Loss: 1.7418
Epoch [15/30], Loss: 1.6617
Epoch [20/30], Loss: 1.6287
Epoch [25/30], Loss: 1.6186
Epoch [30/30], Loss: 1.6091
Epoch [5/30], Loss: 1.8164
Epoch [10/30], Loss: 1.7678
Epoch [15/30], Loss: 1.7048
Epoch [20/30], Loss: 1.6682
Epoch [25/30], Loss: 1.6601
Epoch [30/30], Loss: 1.6525
Epoch [5/30], Loss: 1.7519
Epoch [10/30], Loss: 1.6666
Epoch [15/30], Loss: 1.5691
Epoch [20/30], Loss: 1.5320
Epoch [25/30], Loss: 1.5213
Epoch [30/30], Loss: 1.5102
Epoch [5/30], Loss: 1.7353
Epoch [10/30], Loss: 1.6485
Epoch [15/30], Loss: 1.5568
Epoch [20/30], Loss: 1.5159
Epoch [25/30], Loss: 1.5044
Epoch [30/30], Loss: 1.4932
Epoch [5/30], Loss: 1.7985
Epoch [10/30], Loss: 1.7114
Epoch [15/30], Loss: 1.6211
Epoch [20/30], Loss: 1.5832
Epoch [25/30], Loss: 1.5730
Epoch [30/30], Loss: 1.5627
Epoch [5/30], Loss: 1.8000
Epoch [10/30], Loss: 1.7287
Epoch [15/30], Loss: 1.6355
Epoch [20/30], Loss: 1.5981
Epoch [25/30], Loss: 1.5875
Epoch [30/30], Loss: 1.5773
Epoch [5/30], Loss: 1.8048
Epoch [10/30], Loss: 1.7200
Epoch [15/30], Loss: 1.6220
Epoch [20/30], Loss: 1.5836
Epoch [25/30], Loss: 1.5700
Epoch [30/30], Loss: 1.5592
Epoch [5/30], Loss: 1.8039
Epoch [10/30], Loss: 1.7350
Epoch [15/30], Loss: 1.6456
Epoch [20/30], Loss: 1.6149
Epoch [25/30], Loss: 1.6036
Epoch [30/30], Loss: 1.5938
Epoch [5/30], Loss: 1.8774
Epoch [10/30], Loss: 1.8001
Epoch [15/30], Loss: 1.7076
Epoch [20/30], Loss: 1.6737
Epoch [25/30], Loss: 1.6629
Epoch [30/30], Loss: 1.6525
Epoch [5/30], Loss: 1.8207
Epoch [10/30], Loss: 1.7530
Epoch [15/30], Loss: 1.6608
Epoch [20/30], Loss: 1.6201
Epoch [25/30], Loss: 1.6081
Epoch [30/30], Loss: 1.5975
Epoch [5/30], Loss: 1.7990
Epoch [10/30], Loss: 1.7435
Epoch [15/30], Loss: 1.6623
Epoch [20/30], Loss: 1.6320
Epoch [25/30], Loss: 1.6219
Epoch [30/30], Loss: 1.6119
Epoch [5/30], Loss: 1.7792
Epoch [10/30], Loss: 1.7172
Epoch [15/30], Loss: 1.6363
Epoch [20/30], Loss: 1.6060
Epoch [25/30], Loss: 1.5967
Epoch [30/30], Loss: 1.5873
Epoch [5/30], Loss: 1.7712
Epoch [10/30], Loss: 1.7007
Epoch [15/30], Loss: 1.6161
Epoch [20/30], Loss: 1.5797
Epoch [25/30], Loss: 1.5698
Epoch [30/30], Loss: 1.5601
Epoch [5/30], Loss: 1.8260
Epoch [10/30], Loss: 1.7618
Epoch [15/30], Loss: 1.6746
Epoch [20/30], Loss: 1.6444
Epoch [25/30], Loss: 1.6336
Epoch [30/30], Loss: 1.6238
Epoch [5/30], Loss: 1.7864
Epoch [10/30], Loss: 1.7164
Epoch [15/30], Loss: 1.6252
Epoch [20/30], Loss: 1.5928
Epoch [25/30], Loss: 1.5826
Epoch [30/30], Loss: 1.5726
Epoch [5/30], Loss: 1.8550
Epoch [10/30], Loss: 1.7883
Epoch [15/30], Loss: 1.6840
Epoch [20/30], Loss: 1.6438
Epoch [25/30], Loss: 1.6312
Epoch [30/30], Loss: 1.6193
Epoch [5/30], Loss: 1.8204
Epoch [10/30], Loss: 1.7497
Epoch [15/30], Loss: 1.6654
Epoch [20/30], Loss: 1.6292
Epoch [25/30], Loss: 1.6184
Epoch [30/30], Loss: 1.6086
Epoch [5/30], Loss: 1.8506
Epoch [10/30], Loss: 1.7768
Epoch [15/30], Loss: 1.6781
Epoch [20/30], Loss: 1.6452
Epoch [25/30], Loss: 1.6339
Epoch [30/30], Loss: 1.6235
Epoch [5/30], Loss: 1.7742
Epoch [10/30], Loss: 1.6946
Epoch [15/30], Loss: 1.5818
Epoch [20/30], Loss: 1.5353
Epoch [25/30], Loss: 1.5221
Epoch [30/30], Loss: 1.5096
Epoch [5/30], Loss: 1.8259
Epoch [10/30], Loss: 1.7575
Epoch [15/30], Loss: 1.6765
Epoch [20/30], Loss: 1.6431
Epoch [25/30], Loss: 1.6326
Epoch [30/30], Loss: 1.6241
Epoch [5/30], Loss: 1.7993
Epoch [10/30], Loss: 1.7366
Epoch [15/30], Loss: 1.6415
Epoch [20/30], Loss: 1.6045
Epoch [25/30], Loss: 1.5936
Epoch [30/30], Loss: 1.5835
Epoch [5/30], Loss: 1.7883
Epoch [10/30], Loss: 1.7282
Epoch [15/30], Loss: 1.6406
Epoch [20/30], Loss: 1.6078
Epoch [25/30], Loss: 1.5973
Epoch [30/30], Loss: 1.5872
Epoch [5/30], Loss: 1.8444
Epoch [10/30], Loss: 1.7839
Epoch [15/30], Loss: 1.7139
Epoch [20/30], Loss: 1.6834
Epoch [25/30], Loss: 1.6747
Epoch [30/30], Loss: 1.6661
Epoch [5/30], Loss: 1.8041
Epoch [10/30], Loss: 1.7309
Epoch [15/30], Loss: 1.6484
Epoch [20/30], Loss: 1.6169
Epoch [25/30], Loss: 1.6073
Epoch [30/30], Loss: 1.5980
Epoch [5/30], Loss: 1.7989
Epoch [10/30], Loss: 1.7303
Epoch [15/30], Loss: 1.6410
Epoch [20/30], Loss: 1.6065
Epoch [25/30], Loss: 1.5962
Epoch [30/30], Loss: 1.5863
Epoch [5/30], Loss: 1.8157
Epoch [10/30], Loss: 1.7564
Epoch [15/30], Loss: 1.6952
Epoch [20/30], Loss: 1.6622
Epoch [25/30], Loss: 1.6516
Epoch [30/30], Loss: 1.6438
Epoch [5/30], Loss: 1.8387
Epoch [10/30], Loss: 1.7811
Epoch [15/30], Loss: 1.7165
Epoch [20/30], Loss: 1.6883
Epoch [25/30], Loss: 1.6784
Epoch [30/30], Loss: 1.6703
Epoch [5/30], Loss: 1.8006
Epoch [10/30], Loss: 1.7461
Epoch [15/30], Loss: 1.6790
Epoch [20/30], Loss: 1.6512
Epoch [25/30], Loss: 1.6424
Epoch [30/30], Loss: 1.6342
Epoch [5/30], Loss: 1.8112
Epoch [10/30], Loss: 1.7565
Epoch [15/30], Loss: 1.6828
Epoch [20/30], Loss: 1.6503
Epoch [25/30], Loss: 1.6397
Epoch [30/30], Loss: 1.6305
Epoch [5/30], Loss: 1.8227
Epoch [10/30], Loss: 1.7607
Epoch [15/30], Loss: 1.6799
Epoch [20/30], Loss: 1.6506
Epoch [25/30], Loss: 1.6413
Epoch [30/30], Loss: 1.6316
Epoch [5/30], Loss: 1.8027
Epoch [10/30], Loss: 1.7445
Epoch [15/30], Loss: 1.6812
Epoch [20/30], Loss: 1.6517
Epoch [25/30], Loss: 1.6431
Epoch [30/30], Loss: 1.6342
Epoch [5/30], Loss: 1.8236
Epoch [10/30], Loss: 1.7761
Epoch [15/30], Loss: 1.7329
Epoch [20/30], Loss: 1.6904
Epoch [25/30], Loss: 1.6823
Epoch [30/30], Loss: 1.6758
[02:00:36]     perm 10/50
Epoch [5/30], Loss: 1.7793
Epoch [10/30], Loss: 1.7253
Epoch [15/30], Loss: 1.6628
Epoch [20/30], Loss: 1.6333
Epoch [25/30], Loss: 1.6250
Epoch [30/30], Loss: 1.6173
Epoch [5/30], Loss: 1.8234
Epoch [10/30], Loss: 1.7561
Epoch [15/30], Loss: 1.6664
Epoch [20/30], Loss: 1.6308
Epoch [25/30], Loss: 1.6200
Epoch [30/30], Loss: 1.6088
Epoch [5/30], Loss: 1.8267
Epoch [10/30], Loss: 1.7506
Epoch [15/30], Loss: 1.6525
Epoch [20/30], Loss: 1.6131
Epoch [25/30], Loss: 1.6009
Epoch [30/30], Loss: 1.5894
Epoch [5/30], Loss: 1.8389
Epoch [10/30], Loss: 1.7828
Epoch [15/30], Loss: 1.7028
Epoch [20/30], Loss: 1.6713
Epoch [25/30], Loss: 1.6612
Epoch [30/30], Loss: 1.6511
Epoch [5/30], Loss: 1.8201
Epoch [10/30], Loss: 1.7542
Epoch [15/30], Loss: 1.6692
Epoch [20/30], Loss: 1.6331
Epoch [25/30], Loss: 1.6232
Epoch [30/30], Loss: 1.6140
Epoch [5/30], Loss: 1.8287
Epoch [10/30], Loss: 1.7807
Epoch [15/30], Loss: 1.7053
Epoch [20/30], Loss: 1.6742
Epoch [25/30], Loss: 1.6635
Epoch [30/30], Loss: 1.6546
Epoch [5/30], Loss: 1.8143
Epoch [10/30], Loss: 1.7349
Epoch [15/30], Loss: 1.6206
Epoch [20/30], Loss: 1.5804
Epoch [25/30], Loss: 1.5675
Epoch [30/30], Loss: 1.5552
Epoch [5/30], Loss: 1.8206
Epoch [10/30], Loss: 1.7451
Epoch [15/30], Loss: 1.6381
Epoch [20/30], Loss: 1.5918
Epoch [25/30], Loss: 1.5791
Epoch [30/30], Loss: 1.5669
Epoch [5/30], Loss: 1.7730
Epoch [10/30], Loss: 1.6928
Epoch [15/30], Loss: 1.6045
Epoch [20/30], Loss: 1.5645
Epoch [25/30], Loss: 1.5521
Epoch [30/30], Loss: 1.5412
Epoch [5/30], Loss: 1.7752
Epoch [10/30], Loss: 1.7036
Epoch [15/30], Loss: 1.6099
Epoch [20/30], Loss: 1.5717
Epoch [25/30], Loss: 1.5602
Epoch [30/30], Loss: 1.5495
Epoch [5/30], Loss: 1.8459
Epoch [10/30], Loss: 1.7653
Epoch [15/30], Loss: 1.6778
Epoch [20/30], Loss: 1.6271
Epoch [25/30], Loss: 1.6156
Epoch [30/30], Loss: 1.6047
Epoch [5/30], Loss: 1.8042
Epoch [10/30], Loss: 1.7389
Epoch [15/30], Loss: 1.6625
Epoch [20/30], Loss: 1.6241
Epoch [25/30], Loss: 1.6132
Epoch [30/30], Loss: 1.6037
Epoch [5/30], Loss: 1.8197
Epoch [10/30], Loss: 1.7605
Epoch [15/30], Loss: 1.6829
Epoch [20/30], Loss: 1.6516
Epoch [25/30], Loss: 1.6413
Epoch [30/30], Loss: 1.6323
Epoch [5/30], Loss: 1.8056
Epoch [10/30], Loss: 1.7372
Epoch [15/30], Loss: 1.6477
Epoch [20/30], Loss: 1.6141
Epoch [25/30], Loss: 1.6040
Epoch [30/30], Loss: 1.5945
Epoch [5/30], Loss: 1.7831
Epoch [10/30], Loss: 1.7224
Epoch [15/30], Loss: 1.6542
Epoch [20/30], Loss: 1.6160
Epoch [25/30], Loss: 1.6061
Epoch [30/30], Loss: 1.5975
Epoch [5/30], Loss: 1.8040
Epoch [10/30], Loss: 1.7399
Epoch [15/30], Loss: 1.6633
Epoch [20/30], Loss: 1.6205
Epoch [25/30], Loss: 1.6090
Epoch [30/30], Loss: 1.5982
Epoch [5/30], Loss: 1.7844
Epoch [10/30], Loss: 1.7079
Epoch [15/30], Loss: 1.6162
Epoch [20/30], Loss: 1.5758
Epoch [25/30], Loss: 1.5644
Epoch [30/30], Loss: 1.5539
Epoch [5/30], Loss: 1.8123
Epoch [10/30], Loss: 1.7632
Epoch [15/30], Loss: 1.7045
Epoch [20/30], Loss: 1.6620
Epoch [25/30], Loss: 1.6525
Epoch [30/30], Loss: 1.6435
Epoch [5/30], Loss: 1.8328
Epoch [10/30], Loss: 1.7742
Epoch [15/30], Loss: 1.6840
Epoch [20/30], Loss: 1.6484
Epoch [25/30], Loss: 1.6368
Epoch [30/30], Loss: 1.6265
Epoch [5/30], Loss: 1.7690
Epoch [10/30], Loss: 1.7171
Epoch [15/30], Loss: 1.6458
Epoch [20/30], Loss: 1.6164
Epoch [25/30], Loss: 1.6075
Epoch [30/30], Loss: 1.5989
Epoch [5/30], Loss: 1.8081
Epoch [10/30], Loss: 1.7468
Epoch [15/30], Loss: 1.6651
Epoch [20/30], Loss: 1.6285
Epoch [25/30], Loss: 1.6178
Epoch [30/30], Loss: 1.6079
Epoch [5/30], Loss: 1.8263
Epoch [10/30], Loss: 1.7499
Epoch [15/30], Loss: 1.6624
Epoch [20/30], Loss: 1.6234
Epoch [25/30], Loss: 1.6120
Epoch [30/30], Loss: 1.6029
Epoch [5/30], Loss: 1.8114
Epoch [10/30], Loss: 1.7526
Epoch [15/30], Loss: 1.6679
Epoch [20/30], Loss: 1.6298
Epoch [25/30], Loss: 1.6192
Epoch [30/30], Loss: 1.6092
Epoch [5/30], Loss: 1.8204
Epoch [10/30], Loss: 1.7753
Epoch [15/30], Loss: 1.7071
Epoch [20/30], Loss: 1.6726
Epoch [25/30], Loss: 1.6625
Epoch [30/30], Loss: 1.6531
Epoch [5/30], Loss: 1.7851
Epoch [10/30], Loss: 1.6914
Epoch [15/30], Loss: 1.5723
Epoch [20/30], Loss: 1.5310
Epoch [25/30], Loss: 1.5176
Epoch [30/30], Loss: 1.5059
Epoch [5/30], Loss: 1.7321
Epoch [10/30], Loss: 1.6548
Epoch [15/30], Loss: 1.5636
Epoch [20/30], Loss: 1.5284
Epoch [25/30], Loss: 1.5175
Epoch [30/30], Loss: 1.5071
Epoch [5/30], Loss: 1.7751
Epoch [10/30], Loss: 1.6932
Epoch [15/30], Loss: 1.5908
Epoch [20/30], Loss: 1.5492
Epoch [25/30], Loss: 1.5375
Epoch [30/30], Loss: 1.5264
Epoch [5/30], Loss: 1.8096
Epoch [10/30], Loss: 1.7224
Epoch [15/30], Loss: 1.6273
Epoch [20/30], Loss: 1.5874
Epoch [25/30], Loss: 1.5771
Epoch [30/30], Loss: 1.5665
Epoch [5/30], Loss: 1.8078
Epoch [10/30], Loss: 1.7257
Epoch [15/30], Loss: 1.6248
Epoch [20/30], Loss: 1.5829
Epoch [25/30], Loss: 1.5713
Epoch [30/30], Loss: 1.5597
Epoch [5/30], Loss: 1.7892
Epoch [10/30], Loss: 1.7205
Epoch [15/30], Loss: 1.6497
Epoch [20/30], Loss: 1.6156
Epoch [25/30], Loss: 1.6062
Epoch [30/30], Loss: 1.5983
Epoch [5/30], Loss: 1.8579
Epoch [10/30], Loss: 1.7893
Epoch [15/30], Loss: 1.7075
Epoch [20/30], Loss: 1.6775
Epoch [25/30], Loss: 1.6671
Epoch [30/30], Loss: 1.6578
Epoch [5/30], Loss: 1.8283
Epoch [10/30], Loss: 1.7617
Epoch [15/30], Loss: 1.6997
Epoch [20/30], Loss: 1.6485
Epoch [25/30], Loss: 1.6380
Epoch [30/30], Loss: 1.6282
Epoch [5/30], Loss: 1.8329
Epoch [10/30], Loss: 1.7769
Epoch [15/30], Loss: 1.6917
Epoch [20/30], Loss: 1.6488
Epoch [25/30], Loss: 1.6373
Epoch [30/30], Loss: 1.6264
Epoch [5/30], Loss: 1.7810
Epoch [10/30], Loss: 1.7058
Epoch [15/30], Loss: 1.6200
Epoch [20/30], Loss: 1.5880
Epoch [25/30], Loss: 1.5778
Epoch [30/30], Loss: 1.5684
Epoch [5/30], Loss: 1.7644
Epoch [10/30], Loss: 1.7094
Epoch [15/30], Loss: 1.6451
Epoch [20/30], Loss: 1.6090
Epoch [25/30], Loss: 1.6001
Epoch [30/30], Loss: 1.5915
Epoch [5/30], Loss: 1.8203
Epoch [10/30], Loss: 1.7649
Epoch [15/30], Loss: 1.6993
Epoch [20/30], Loss: 1.6729
Epoch [25/30], Loss: 1.6643
Epoch [30/30], Loss: 1.6572
Epoch [5/30], Loss: 1.8043
Epoch [10/30], Loss: 1.7501
Epoch [15/30], Loss: 1.6718
Epoch [20/30], Loss: 1.6408
Epoch [25/30], Loss: 1.6310
Epoch [30/30], Loss: 1.6217
Epoch [5/30], Loss: 1.8263
Epoch [10/30], Loss: 1.7556
Epoch [15/30], Loss: 1.6729
Epoch [20/30], Loss: 1.6400
Epoch [25/30], Loss: 1.6284
Epoch [30/30], Loss: 1.6186
Epoch [5/30], Loss: 1.7865
Epoch [10/30], Loss: 1.7325
Epoch [15/30], Loss: 1.6599
Epoch [20/30], Loss: 1.6271
Epoch [25/30], Loss: 1.6171
Epoch [30/30], Loss: 1.6079
Epoch [5/30], Loss: 1.8484
Epoch [10/30], Loss: 1.7982
Epoch [15/30], Loss: 1.7279
Epoch [20/30], Loss: 1.6954
Epoch [25/30], Loss: 1.6847
Epoch [30/30], Loss: 1.6749
Epoch [5/30], Loss: 1.8176
Epoch [10/30], Loss: 1.7548
Epoch [15/30], Loss: 1.6726
Epoch [20/30], Loss: 1.6363
Epoch [25/30], Loss: 1.6252
Epoch [30/30], Loss: 1.6150
Epoch [5/30], Loss: 1.8305
Epoch [10/30], Loss: 1.7894
Epoch [15/30], Loss: 1.7140
Epoch [20/30], Loss: 1.6806
Epoch [25/30], Loss: 1.6699
Epoch [30/30], Loss: 1.6604
Epoch [5/30], Loss: 1.8303
Epoch [10/30], Loss: 1.7721
Epoch [15/30], Loss: 1.6936
Epoch [20/30], Loss: 1.6599
Epoch [25/30], Loss: 1.6500
Epoch [30/30], Loss: 1.6404
Epoch [5/30], Loss: 1.7783
Epoch [10/30], Loss: 1.7226
Epoch [15/30], Loss: 1.6383
Epoch [20/30], Loss: 1.6090
Epoch [25/30], Loss: 1.5989
Epoch [30/30], Loss: 1.5894
Epoch [5/30], Loss: 1.8483
Epoch [10/30], Loss: 1.7784
Epoch [15/30], Loss: 1.6832
Epoch [20/30], Loss: 1.6457
Epoch [25/30], Loss: 1.6340
Epoch [30/30], Loss: 1.6234
Epoch [5/30], Loss: 1.7986
Epoch [10/30], Loss: 1.7312
Epoch [15/30], Loss: 1.6444
Epoch [20/30], Loss: 1.6112
Epoch [25/30], Loss: 1.6009
Epoch [30/30], Loss: 1.5917
Epoch [5/30], Loss: 1.8284
Epoch [10/30], Loss: 1.7653
Epoch [15/30], Loss: 1.6730
Epoch [20/30], Loss: 1.6397
Epoch [25/30], Loss: 1.6289
Epoch [30/30], Loss: 1.6197
Epoch [5/30], Loss: 1.8163
Epoch [10/30], Loss: 1.7681
Epoch [15/30], Loss: 1.7086
Epoch [20/30], Loss: 1.6788
Epoch [25/30], Loss: 1.6698
Epoch [30/30], Loss: 1.6614
Epoch [5/30], Loss: 1.8324
Epoch [10/30], Loss: 1.7653
Epoch [15/30], Loss: 1.6808
Epoch [20/30], Loss: 1.6430
Epoch [25/30], Loss: 1.6329
Epoch [30/30], Loss: 1.6225
Epoch [5/30], Loss: 1.8004
Epoch [10/30], Loss: 1.7300
Epoch [15/30], Loss: 1.6361
Epoch [20/30], Loss: 1.5974
Epoch [25/30], Loss: 1.5870
Epoch [30/30], Loss: 1.5766
Epoch [5/30], Loss: 1.7959
Epoch [10/30], Loss: 1.7233
Epoch [15/30], Loss: 1.6259
Epoch [20/30], Loss: 1.5891
Epoch [25/30], Loss: 1.5774
Epoch [30/30], Loss: 1.5665
Epoch [5/30], Loss: 1.7855
Epoch [10/30], Loss: 1.7215
Epoch [15/30], Loss: 1.6355
Epoch [20/30], Loss: 1.6022
Epoch [25/30], Loss: 1.5922
Epoch [30/30], Loss: 1.5820
Epoch [5/30], Loss: 1.8142
Epoch [10/30], Loss: 1.7464
Epoch [15/30], Loss: 1.6521
Epoch [20/30], Loss: 1.6193
Epoch [25/30], Loss: 1.6091
Epoch [30/30], Loss: 1.5987
Epoch [5/30], Loss: 1.8110
Epoch [10/30], Loss: 1.7549
Epoch [15/30], Loss: 1.6818
Epoch [20/30], Loss: 1.6474
Epoch [25/30], Loss: 1.6390
Epoch [30/30], Loss: 1.6301
Epoch [5/30], Loss: 1.8251
Epoch [10/30], Loss: 1.7582
Epoch [15/30], Loss: 1.6533
Epoch [20/30], Loss: 1.6139
Epoch [25/30], Loss: 1.6012
Epoch [30/30], Loss: 1.5900
Epoch [5/30], Loss: 1.8093
Epoch [10/30], Loss: 1.7479
Epoch [15/30], Loss: 1.6654
Epoch [20/30], Loss: 1.6348
Epoch [25/30], Loss: 1.6247
Epoch [30/30], Loss: 1.6150
Epoch [5/30], Loss: 1.7696
Epoch [10/30], Loss: 1.7001
Epoch [15/30], Loss: 1.5991
Epoch [20/30], Loss: 1.5601
Epoch [25/30], Loss: 1.5475
Epoch [30/30], Loss: 1.5357
Epoch [5/30], Loss: 1.8033
Epoch [10/30], Loss: 1.7401
Epoch [15/30], Loss: 1.6541
Epoch [20/30], Loss: 1.6254
Epoch [25/30], Loss: 1.6154
Epoch [30/30], Loss: 1.6049
Epoch [5/30], Loss: 1.8370
Epoch [10/30], Loss: 1.7657
Epoch [15/30], Loss: 1.6831
Epoch [20/30], Loss: 1.6457
Epoch [25/30], Loss: 1.6358
Epoch [30/30], Loss: 1.6266
Epoch [5/30], Loss: 1.8213
Epoch [10/30], Loss: 1.7706
Epoch [15/30], Loss: 1.6976
Epoch [20/30], Loss: 1.6562
Epoch [25/30], Loss: 1.6451
Epoch [30/30], Loss: 1.6356
[02:01:30]     perm 20/50
Epoch [5/30], Loss: 1.8046
Epoch [10/30], Loss: 1.7281
Epoch [15/30], Loss: 1.6407
Epoch [20/30], Loss: 1.5964
Epoch [25/30], Loss: 1.5855
Epoch [30/30], Loss: 1.5753
Epoch [5/30], Loss: 1.7857
Epoch [10/30], Loss: 1.7155
Epoch [15/30], Loss: 1.6340
Epoch [20/30], Loss: 1.6012
Epoch [25/30], Loss: 1.5923
Epoch [30/30], Loss: 1.5819
Epoch [5/30], Loss: 1.8620
Epoch [10/30], Loss: 1.7980
Epoch [15/30], Loss: 1.7254
Epoch [20/30], Loss: 1.6892
Epoch [25/30], Loss: 1.6797
Epoch [30/30], Loss: 1.6710
Epoch [5/30], Loss: 1.8004
Epoch [10/30], Loss: 1.7099
Epoch [15/30], Loss: 1.6031
Epoch [20/30], Loss: 1.5648
Epoch [25/30], Loss: 1.5534
Epoch [30/30], Loss: 1.5440
Epoch [5/30], Loss: 1.7745
Epoch [10/30], Loss: 1.7070
Epoch [15/30], Loss: 1.6283
Epoch [20/30], Loss: 1.5894
Epoch [25/30], Loss: 1.5795
Epoch [30/30], Loss: 1.5696
Epoch [5/30], Loss: 1.8107
Epoch [10/30], Loss: 1.7567
Epoch [15/30], Loss: 1.6868
Epoch [20/30], Loss: 1.6496
Epoch [25/30], Loss: 1.6407
Epoch [30/30], Loss: 1.6315
Epoch [5/30], Loss: 1.8204
Epoch [10/30], Loss: 1.7346
Epoch [15/30], Loss: 1.6311
Epoch [20/30], Loss: 1.5902
Epoch [25/30], Loss: 1.5780
Epoch [30/30], Loss: 1.5676
Epoch [5/30], Loss: 1.7840
Epoch [10/30], Loss: 1.6985
Epoch [15/30], Loss: 1.6070
Epoch [20/30], Loss: 1.5680
Epoch [25/30], Loss: 1.5565
Epoch [30/30], Loss: 1.5457
Epoch [5/30], Loss: 1.7876
Epoch [10/30], Loss: 1.7072
Epoch [15/30], Loss: 1.6148
Epoch [20/30], Loss: 1.5797
Epoch [25/30], Loss: 1.5683
Epoch [30/30], Loss: 1.5580
Epoch [5/30], Loss: 1.7978
Epoch [10/30], Loss: 1.7311
Epoch [15/30], Loss: 1.6412
Epoch [20/30], Loss: 1.6096
Epoch [25/30], Loss: 1.5993
Epoch [30/30], Loss: 1.5892
Epoch [5/30], Loss: 1.7751
Epoch [10/30], Loss: 1.7170
Epoch [15/30], Loss: 1.6272
Epoch [20/30], Loss: 1.5966
Epoch [25/30], Loss: 1.5862
Epoch [30/30], Loss: 1.5768
Epoch [5/30], Loss: 1.8026
Epoch [10/30], Loss: 1.7355
Epoch [15/30], Loss: 1.6611
Epoch [20/30], Loss: 1.6205
Epoch [25/30], Loss: 1.6103
Epoch [30/30], Loss: 1.6000
Epoch [5/30], Loss: 1.7717
Epoch [10/30], Loss: 1.7080
Epoch [15/30], Loss: 1.6363
Epoch [20/30], Loss: 1.5955
Epoch [25/30], Loss: 1.5846
Epoch [30/30], Loss: 1.5748
Epoch [5/30], Loss: 1.7920
Epoch [10/30], Loss: 1.7297
Epoch [15/30], Loss: 1.6494
Epoch [20/30], Loss: 1.6170
Epoch [25/30], Loss: 1.6075
Epoch [30/30], Loss: 1.5986
Epoch [5/30], Loss: 1.8288
Epoch [10/30], Loss: 1.7715
Epoch [15/30], Loss: 1.6921
Epoch [20/30], Loss: 1.6626
Epoch [25/30], Loss: 1.6536
Epoch [30/30], Loss: 1.6452
Epoch [5/30], Loss: 1.8219
Epoch [10/30], Loss: 1.7490
Epoch [15/30], Loss: 1.6572
Epoch [20/30], Loss: 1.6122
Epoch [25/30], Loss: 1.5999
Epoch [30/30], Loss: 1.5890
Epoch [5/30], Loss: 1.8207
Epoch [10/30], Loss: 1.7488
Epoch [15/30], Loss: 1.6421
Epoch [20/30], Loss: 1.6038
Epoch [25/30], Loss: 1.5921
Epoch [30/30], Loss: 1.5804
Epoch [5/30], Loss: 1.8108
Epoch [10/30], Loss: 1.7551
Epoch [15/30], Loss: 1.6773
Epoch [20/30], Loss: 1.6418
Epoch [25/30], Loss: 1.6304
Epoch [30/30], Loss: 1.6210
Epoch [5/30], Loss: 1.8239
Epoch [10/30], Loss: 1.7611
Epoch [15/30], Loss: 1.6808
Epoch [20/30], Loss: 1.6421
Epoch [25/30], Loss: 1.6318
Epoch [30/30], Loss: 1.6214
Epoch [5/30], Loss: 1.8239
Epoch [10/30], Loss: 1.7618
Epoch [15/30], Loss: 1.6832
Epoch [20/30], Loss: 1.6462
Epoch [25/30], Loss: 1.6364
Epoch [30/30], Loss: 1.6266
Epoch [5/30], Loss: 1.7836
Epoch [10/30], Loss: 1.7215
Epoch [15/30], Loss: 1.6499
Epoch [20/30], Loss: 1.6177
Epoch [25/30], Loss: 1.6079
Epoch [30/30], Loss: 1.5990
Epoch [5/30], Loss: 1.8056
Epoch [10/30], Loss: 1.7371
Epoch [15/30], Loss: 1.6564
Epoch [20/30], Loss: 1.6195
Epoch [25/30], Loss: 1.6089
Epoch [30/30], Loss: 1.5994
Epoch [5/30], Loss: 1.8182
Epoch [10/30], Loss: 1.7444
Epoch [15/30], Loss: 1.6555
Epoch [20/30], Loss: 1.6178
Epoch [25/30], Loss: 1.6068
Epoch [30/30], Loss: 1.5971
Epoch [5/30], Loss: 1.8239
Epoch [10/30], Loss: 1.7653
Epoch [15/30], Loss: 1.6988
Epoch [20/30], Loss: 1.6678
Epoch [25/30], Loss: 1.6598
Epoch [30/30], Loss: 1.6522
Epoch [5/30], Loss: 1.8315
Epoch [10/30], Loss: 1.7718
Epoch [15/30], Loss: 1.6946
Epoch [20/30], Loss: 1.6542
Epoch [25/30], Loss: 1.6434
Epoch [30/30], Loss: 1.6334
Epoch [5/30], Loss: 1.8377
Epoch [10/30], Loss: 1.7701
Epoch [15/30], Loss: 1.7032
Epoch [20/30], Loss: 1.6690
Epoch [25/30], Loss: 1.6588
Epoch [30/30], Loss: 1.6500
Epoch [5/30], Loss: 1.7929
Epoch [10/30], Loss: 1.7255
Epoch [15/30], Loss: 1.6476
Epoch [20/30], Loss: 1.6117
Epoch [25/30], Loss: 1.6006
Epoch [30/30], Loss: 1.5905
Epoch [5/30], Loss: 1.8240
Epoch [10/30], Loss: 1.7599
Epoch [15/30], Loss: 1.6847
Epoch [20/30], Loss: 1.6534
Epoch [25/30], Loss: 1.6433
Epoch [30/30], Loss: 1.6336
Epoch [5/30], Loss: 1.7893
Epoch [10/30], Loss: 1.7296
Epoch [15/30], Loss: 1.6544
Epoch [20/30], Loss: 1.6229
Epoch [25/30], Loss: 1.6130
Epoch [30/30], Loss: 1.6039
Epoch [5/30], Loss: 1.8185
Epoch [10/30], Loss: 1.7690
Epoch [15/30], Loss: 1.7019
Epoch [20/30], Loss: 1.6740
Epoch [25/30], Loss: 1.6657
Epoch [30/30], Loss: 1.6569
Epoch [5/30], Loss: 1.7985
Epoch [10/30], Loss: 1.7307
Epoch [15/30], Loss: 1.6308
Epoch [20/30], Loss: 1.5987
Epoch [25/30], Loss: 1.5880
Epoch [30/30], Loss: 1.5782
Epoch [5/30], Loss: 1.8031
Epoch [10/30], Loss: 1.7215
Epoch [15/30], Loss: 1.6275
Epoch [20/30], Loss: 1.5883
Epoch [25/30], Loss: 1.5774
Epoch [30/30], Loss: 1.5676
Epoch [5/30], Loss: 1.7880
Epoch [10/30], Loss: 1.7156
Epoch [15/30], Loss: 1.6130
Epoch [20/30], Loss: 1.5755
Epoch [25/30], Loss: 1.5621
Epoch [30/30], Loss: 1.5504
Epoch [5/30], Loss: 1.8106
Epoch [10/30], Loss: 1.7351
Epoch [15/30], Loss: 1.6470
Epoch [20/30], Loss: 1.6068
Epoch [25/30], Loss: 1.5941
[02:02:10] === MHC_zh / A7_d8_ep30 (certified-dimension primary) ===
Epoch [5/30], Loss: 1.2129
Epoch [10/30], Loss: 1.0786
Epoch [15/30], Loss: 0.9908
Epoch [20/30], Loss: 0.9624
Epoch [25/30], Loss: 0.9533
Epoch [30/30], Loss: 0.9465
R: 0.2368, U1: -0.0000, U2: 0.1884, S: 0.0485
Epoch [5/30], Loss: 1.2414
Epoch [10/30], Loss: 1.0492
Epoch [15/30], Loss: 0.9700
Epoch [20/30], Loss: 0.9230
Epoch [25/30], Loss: 0.9127
Epoch [30/30], Loss: 0.9040
Epoch [5/30], Loss: 1.2753
Epoch [10/30], Loss: 1.0465
Epoch [15/30], Loss: 0.9455
Epoch [20/30], Loss: 0.9023
Epoch [25/30], Loss: 0.8928
Epoch [30/30], Loss: 0.8843
Epoch [5/30], Loss: 1.2946
Epoch [10/30], Loss: 1.0903
Epoch [15/30], Loss: 0.9801
Epoch [20/30], Loss: 0.9454
Epoch [25/30], Loss: 0.9361
Epoch [30/30], Loss: 0.9258
Epoch [5/30], Loss: 1.2501
Epoch [10/30], Loss: 1.0856
Epoch [15/30], Loss: 0.9986
Epoch [20/30], Loss: 0.9732
Epoch [25/30], Loss: 0.9651
Epoch [30/30], Loss: 0.9573
Epoch [5/30], Loss: 1.2375
Epoch [10/30], Loss: 1.0510
Epoch [15/30], Loss: 0.9635
Epoch [20/30], Loss: 0.9347
Epoch [25/30], Loss: 0.9274
Epoch [30/30], Loss: 0.9196
Epoch [5/30], Loss: 1.8004
Epoch [10/30], Loss: 1.7140
Epoch [15/30], Loss: 1.6222
Epoch [20/30], Loss: 1.5815
Epoch [25/30], Loss: 1.5704
Epoch [30/30], Loss: 1.5593
Epoch [5/30], Loss: 1.7980
Epoch [10/30], Loss: 1.7149
Epoch [15/30], Loss: 1.6155
Epoch [20/30], Loss: 1.5787
Epoch [25/30], Loss: 1.5688
Epoch [30/30], Loss: 1.5583
Epoch [5/30], Loss: 1.7820
Epoch [10/30], Loss: 1.7012
Epoch [15/30], Loss: 1.6029
Epoch [20/30], Loss: 1.5664
Epoch [25/30], Loss: 1.5562
Epoch [30/30], Loss: 1.5462
Epoch [5/30], Loss: 1.7880
Epoch [10/30], Loss: 1.7019
Epoch [15/30], Loss: 1.6035
Epoch [20/30], Loss: 1.5669
Epoch [25/30], Loss: 1.5567
Epoch [30/30], Loss: 1.5468
Epoch [5/30], Loss: 1.8097
Epoch [10/30], Loss: 1.7342
Epoch [15/30], Loss: 1.6281
Epoch [20/30], Loss: 1.5883
Epoch [25/30], Loss: 1.5753
Epoch [30/30], Loss: 1.5640
Epoch [5/30], Loss: 1.8001
Epoch [10/30], Loss: 1.7437
Epoch [15/30], Loss: 1.6744
Epoch [20/30], Loss: 1.6428
Epoch [25/30], Loss: 1.6330
Epoch [30/30], Loss: 1.6249
Epoch [5/30], Loss: 1.7559
Epoch [10/30], Loss: 1.6863
Epoch [15/30], Loss: 1.6003
Epoch [20/30], Loss: 1.5649
Epoch [25/30], Loss: 1.5541
Epoch [30/30], Loss: 1.5441
Epoch [5/30], Loss: 1.7744
Epoch [10/30], Loss: 1.6988
Epoch [15/30], Loss: 1.5922
Epoch [20/30], Loss: 1.5541
Epoch [25/30], Loss: 1.5422
Epoch [30/30], Loss: 1.5308
Epoch [5/30], Loss: 1.8379
Epoch [10/30], Loss: 1.7746
Epoch [15/30], Loss: 1.6890
Epoch [20/30], Loss: 1.6564
Epoch [25/30], Loss: 1.6443
Epoch [30/30], Loss: 1.6339
Epoch [5/30], Loss: 1.7991
Epoch [10/30], Loss: 1.7280
Epoch [15/30], Loss: 1.6433
Epoch [20/30], Loss: 1.6065
Epoch [25/30], Loss: 1.5956
Epoch [30/30], Loss: 1.5854
Epoch [5/30], Loss: 1.8385
Epoch [10/30], Loss: 1.7740
Epoch [15/30], Loss: 1.6715
Epoch [20/30], Loss: 1.6386
Epoch [25/30], Loss: 1.6274
Epoch [30/30], Loss: 1.6153
Epoch [5/30], Loss: 1.8165
Epoch [10/30], Loss: 1.7559
Epoch [15/30], Loss: 1.6856
Epoch [20/30], Loss: 1.6537
Epoch [25/30], Loss: 1.6434
Epoch [30/30], Loss: 1.6350
Epoch [5/30], Loss: 1.7632
Epoch [10/30], Loss: 1.6951
Epoch [15/30], Loss: 1.6077
Epoch [20/30], Loss: 1.5681
Epoch [25/30], Loss: 1.5559
Epoch [30/30], Loss: 1.5451
Epoch [5/30], Loss: 1.7478
Epoch [10/30], Loss: 1.6616
Epoch [15/30], Loss: 1.5767
Epoch [20/30], Loss: 1.5373
Epoch [25/30], Loss: 1.5265
Epoch [30/30], Loss: 1.5163
Epoch [5/30], Loss: 1.8244
Epoch [10/30], Loss: 1.7633
Epoch [15/30], Loss: 1.6716
Epoch [20/30], Loss: 1.6398
Epoch [25/30], Loss: 1.6294
Epoch [30/30], Loss: 1.6196
Epoch [5/30], Loss: 1.8159
Epoch [10/30], Loss: 1.7398
Epoch [15/30], Loss: 1.6446
Epoch [20/30], Loss: 1.6050
Epoch [25/30], Loss: 1.5933
Epoch [30/30], Loss: 1.5825
Epoch [5/30], Loss: 1.8416
Epoch [10/30], Loss: 1.7712
Epoch [15/30], Loss: 1.6794
Epoch [20/30], Loss: 1.6438
Epoch [25/30], Loss: 1.6336
Epoch [30/30], Loss: 1.6224
Epoch [5/30], Loss: 1.8169
Epoch [10/30], Loss: 1.7454
Epoch [15/30], Loss: 1.6660
Epoch [20/30], Loss: 1.6272
Epoch [25/30], Loss: 1.6174
Epoch [30/30], Loss: 1.6083
Epoch [5/30], Loss: 1.7701
Epoch [10/30], Loss: 1.7032
Epoch [15/30], Loss: 1.6089
Epoch [20/30], Loss: 1.5783
Epoch [25/30], Loss: 1.5670
Epoch [30/30], Loss: 1.5570
Epoch [5/30], Loss: 1.7623
Epoch [10/30], Loss: 1.6965
Epoch [15/30], Loss: 1.6043
Epoch [20/30], Loss: 1.5665
Epoch [25/30], Loss: 1.5551
Epoch [30/30], Loss: 1.5451
Epoch [5/30], Loss: 1.8264
Epoch [10/30], Loss: 1.7448
Epoch [15/30], Loss: 1.6507
Epoch [20/30], Loss: 1.6057
Epoch [25/30], Loss: 1.5942
Epoch [30/30], Loss: 1.5834
Epoch [5/30], Loss: 1.7977
Epoch [10/30], Loss: 1.7232
Epoch [15/30], Loss: 1.6238
Epoch [20/30], Loss: 1.5801
Epoch [25/30], Loss: 1.5683
Epoch [30/30], Loss: 1.5571
Epoch [5/30], Loss: 1.8651
Epoch [10/30], Loss: 1.7877
Epoch [15/30], Loss: 1.6848
Epoch [20/30], Loss: 1.6462
Epoch [25/30], Loss: 1.6345
Epoch [30/30], Loss: 1.6231
Epoch [5/30], Loss: 1.8157
Epoch [10/30], Loss: 1.7635
Epoch [15/30], Loss: 1.6909
Epoch [20/30], Loss: 1.6642
Epoch [25/30], Loss: 1.6549
Epoch [30/30], Loss: 1.6459
Epoch [5/30], Loss: 1.8084
Epoch [10/30], Loss: 1.7434
Epoch [15/30], Loss: 1.6652
Epoch [20/30], Loss: 1.6333
Epoch [25/30], Loss: 1.6239
Epoch [30/30], Loss: 1.6150
Epoch [5/30], Loss: 1.7792
Epoch [10/30], Loss: 1.7070
Epoch [15/30], Loss: 1.6294
Epoch [20/30], Loss: 1.6009
Epoch [25/30], Loss: 1.5918
Epoch [30/30], Loss: 1.5823
Epoch [5/30], Loss: 1.8291
Epoch [10/30], Loss: 1.7665
Epoch [15/30], Loss: 1.6873
Epoch [20/30], Loss: 1.6554
Epoch [25/30], Loss: 1.6452
Epoch [30/30], Loss: 1.6358
Epoch [5/30], Loss: 1.8170
Epoch [10/30], Loss: 1.7580
Epoch [15/30], Loss: 1.6825
Epoch [20/30], Loss: 1.6525
Epoch [25/30], Loss: 1.6430
Epoch [30/30], Loss: 1.6341
Epoch [5/30], Loss: 1.8042
Epoch [10/30], Loss: 1.7418
Epoch [15/30], Loss: 1.6617
Epoch [20/30], Loss: 1.6287
Epoch [25/30], Loss: 1.6186
Epoch [30/30], Loss: 1.6091
Epoch [5/30], Loss: 1.8164
Epoch [10/30], Loss: 1.7678
Epoch [15/30], Loss: 1.7048
Epoch [20/30], Loss: 1.6682
Epoch [25/30], Loss: 1.6601
Epoch [30/30], Loss: 1.6525
Epoch [5/30], Loss: 1.7519
Epoch [10/30], Loss: 1.6666
Epoch [15/30], Loss: 1.5691
Epoch [20/30], Loss: 1.5320
Epoch [25/30], Loss: 1.5213
Epoch [30/30], Loss: 1.5102
Epoch [5/30], Loss: 1.7353
Epoch [10/30], Loss: 1.6485
Epoch [15/30], Loss: 1.5568
Epoch [20/30], Loss: 1.5159
Epoch [25/30], Loss: 1.5044
Epoch [30/30], Loss: 1.4932
Epoch [5/30], Loss: 1.7985
Epoch [10/30], Loss: 1.7114
Epoch [15/30], Loss: 1.6211
Epoch [20/30], Loss: 1.5832
Epoch [25/30], Loss: 1.5730
Epoch [30/30], Loss: 1.5627
Epoch [5/30], Loss: 1.8000
Epoch [10/30], Loss: 1.7287
Epoch [15/30], Loss: 1.6355
Epoch [20/30], Loss: 1.5981
Epoch [25/30], Loss: 1.5875
Epoch [30/30], Loss: 1.5773
Epoch [5/30], Loss: 1.8048
Epoch [10/30], Loss: 1.7200
Epoch [15/30], Loss: 1.6220
Epoch [20/30], Loss: 1.5836
Epoch [25/30], Loss: 1.5700
Epoch [30/30], Loss: 1.5592
Epoch [5/30], Loss: 1.8039
Epoch [10/30], Loss: 1.7350
Epoch [15/30], Loss: 1.6456
Epoch [20/30], Loss: 1.6149
Epoch [25/30], Loss: 1.6036
Epoch [30/30], Loss: 1.5938
Epoch [5/30], Loss: 1.8774
Epoch [10/30], Loss: 1.8001
Epoch [15/30], Loss: 1.7076
Epoch [20/30], Loss: 1.6737
Epoch [25/30], Loss: 1.6629
Epoch [30/30], Loss: 1.6525
Epoch [5/30], Loss: 1.8207
Epoch [10/30], Loss: 1.7530
Epoch [15/30], Loss: 1.6608
Epoch [20/30], Loss: 1.6201
Epoch [25/30], Loss: 1.6081
Epoch [30/30], Loss: 1.5975
Epoch [5/30], Loss: 1.7990
Epoch [10/30], Loss: 1.7435
Epoch [15/30], Loss: 1.6623
Epoch [20/30], Loss: 1.6320
Epoch [25/30], Loss: 1.6219
Epoch [30/30], Loss: 1.6119
Epoch [5/30], Loss: 1.7792
Epoch [10/30], Loss: 1.7172
Epoch [15/30], Loss: 1.6363
Epoch [20/30], Loss: 1.6060
Epoch [25/30], Loss: 1.5967
Epoch [30/30], Loss: 1.5873
Epoch [5/30], Loss: 1.7712
Epoch [10/30], Loss: 1.7007
Epoch [15/30], Loss: 1.6161
Epoch [20/30], Loss: 1.5797
Epoch [25/30], Loss: 1.5698
Epoch [30/30], Loss: 1.5601
Epoch [5/30], Loss: 1.8260
Epoch [10/30], Loss: 1.7618
Epoch [15/30], Loss: 1.6746
Epoch [20/30], Loss: 1.6444
Epoch [25/30], Loss: 1.6336
Epoch [30/30], Loss: 1.6238
Epoch [5/30], Loss: 1.7864
Epoch [10/30], Loss: 1.7164
Epoch [15/30], Loss: 1.6252
Epoch [20/30], Loss: 1.5928
Epoch [25/30], Loss: 1.5826
Epoch [30/30], Loss: 1.5726
Epoch [5/30], Loss: 1.8550
Epoch [10/30], Loss: 1.7883
Epoch [15/30], Loss: 1.6840
Epoch [20/30], Loss: 1.6438
Epoch [25/30], Loss: 1.6312
Epoch [30/30], Loss: 1.6193
Epoch [5/30], Loss: 1.8204
Epoch [10/30], Loss: 1.7497
Epoch [15/30], Loss: 1.6654
Epoch [20/30], Loss: 1.6292
Epoch [25/30], Loss: 1.6184
Epoch [30/30], Loss: 1.6086
Epoch [5/30], Loss: 1.8506
Epoch [10/30], Loss: 1.7768
Epoch [15/30], Loss: 1.6781
Epoch [20/30], Loss: 1.6452
Epoch [25/30], Loss: 1.6339
Epoch [30/30], Loss: 1.6235
Epoch [5/30], Loss: 1.7742
Epoch [10/30], Loss: 1.6946
Epoch [15/30], Loss: 1.5818
Epoch [20/30], Loss: 1.5353
Epoch [25/30], Loss: 1.5221
Epoch [30/30], Loss: 1.5096
Epoch [5/30], Loss: 1.8259
Epoch [10/30], Loss: 1.7575
Epoch [15/30], Loss: 1.6765
Epoch [20/30], Loss: 1.6431
Epoch [25/30], Loss: 1.6326
Epoch [30/30], Loss: 1.6241
Epoch [5/30], Loss: 1.7993
Epoch [10/30], Loss: 1.7366
Epoch [15/30], Loss: 1.6415
Epoch [20/30], Loss: 1.6045
Epoch [25/30], Loss: 1.5936
Epoch [30/30], Loss: 1.5835
Epoch [5/30], Loss: 1.7883
Epoch [10/30], Loss: 1.7282
Epoch [15/30], Loss: 1.6406
Epoch [20/30], Loss: 1.6078
Epoch [25/30], Loss: 1.5973
Epoch [30/30], Loss: 1.5872
Epoch [5/30], Loss: 1.8444
Epoch [10/30], Loss: 1.7839
Epoch [15/30], Loss: 1.7139
Epoch [20/30], Loss: 1.6834
Epoch [25/30], Loss: 1.6747
Epoch [30/30], Loss: 1.6661
Epoch [5/30], Loss: 1.8041
Epoch [10/30], Loss: 1.7309
Epoch [15/30], Loss: 1.6484
Epoch [20/30], Loss: 1.6169
Epoch [25/30], Loss: 1.6073
Epoch [30/30], Loss: 1.5980
Epoch [5/30], Loss: 1.7989
Epoch [10/30], Loss: 1.7303
Epoch [15/30], Loss: 1.6410
Epoch [20/30], Loss: 1.6065
Epoch [25/30], Loss: 1.5962
Epoch [30/30], Loss: 1.5863
Epoch [5/30], Loss: 1.8157
Epoch [10/30], Loss: 1.7564
Epoch [15/30], Loss: 1.6952
Epoch [20/30], Loss: 1.6622
Epoch [25/30], Loss: 1.6516
Epoch [30/30], Loss: 1.6438
Epoch [5/30], Loss: 1.8387
Epoch [10/30], Loss: 1.7811
Epoch [15/30], Loss: 1.7165
Epoch [20/30], Loss: 1.6883
Epoch [25/30], Loss: 1.6784
Epoch [30/30], Loss: 1.6703
Epoch [5/30], Loss: 1.8006
Epoch [10/30], Loss: 1.7461
Epoch [15/30], Loss: 1.6790
Epoch [20/30], Loss: 1.6512
Epoch [25/30], Loss: 1.6424
Epoch [30/30], Loss: 1.6342
Epoch [5/30], Loss: 1.8112
Epoch [10/30], Loss: 1.7565
Epoch [15/30], Loss: 1.6828
Epoch [20/30], Loss: 1.6503
Epoch [25/30], Loss: 1.6397
Epoch [30/30], Loss: 1.6305
Epoch [5/30], Loss: 1.8227
Epoch [10/30], Loss: 1.7607
Epoch [15/30], Loss: 1.6799
Epoch [20/30], Loss: 1.6506
Epoch [25/30], Loss: 1.6413
Epoch [30/30], Loss: 1.6316
Epoch [5/30], Loss: 1.8027
Epoch [10/30], Loss: 1.7445
Epoch [15/30], Loss: 1.6812
Epoch [20/30], Loss: 1.6517
Epoch [25/30], Loss: 1.6431
Epoch [30/30], Loss: 1.6342
Epoch [5/30], Loss: 1.8236
Epoch [10/30], Loss: 1.7761
Epoch [15/30], Loss: 1.7329
Epoch [20/30], Loss: 1.6904
Epoch [25/30], Loss: 1.6823
Epoch [30/30], Loss: 1.6758
[02:03:20]     perm 10/50
Epoch [5/30], Loss: 1.7793
Epoch [10/30], Loss: 1.7253
Epoch [15/30], Loss: 1.6628
Epoch [20/30], Loss: 1.6333
Epoch [25/30], Loss: 1.6250
Epoch [30/30], Loss: 1.6173
Epoch [5/30], Loss: 1.8234
Epoch [10/30], Loss: 1.7561
Epoch [15/30], Loss: 1.6664
Epoch [20/30], Loss: 1.6308
Epoch [25/30], Loss: 1.6200
Epoch [30/30], Loss: 1.6088
Epoch [5/30], Loss: 1.8267
Epoch [10/30], Loss: 1.7506
Epoch [15/30], Loss: 1.6525
Epoch [20/30], Loss: 1.6131
Epoch [25/30], Loss: 1.6009
Epoch [30/30], Loss: 1.5894
Epoch [5/30], Loss: 1.8389
Epoch [10/30], Loss: 1.7828
Epoch [15/30], Loss: 1.7028
Epoch [20/30], Loss: 1.6713
Epoch [25/30], Loss: 1.6612
Epoch [30/30], Loss: 1.6511
Epoch [5/30], Loss: 1.8201
Epoch [10/30], Loss: 1.7542
Epoch [15/30], Loss: 1.6692
Epoch [20/30], Loss: 1.6331
Epoch [25/30], Loss: 1.6232
Epoch [30/30], Loss: 1.6140
Epoch [5/30], Loss: 1.8287
Epoch [10/30], Loss: 1.7807
Epoch [15/30], Loss: 1.7053
Epoch [20/30], Loss: 1.6742
Epoch [25/30], Loss: 1.6635
Epoch [30/30], Loss: 1.6546
Epoch [5/30], Loss: 1.8143
Epoch [10/30], Loss: 1.7349
Epoch [15/30], Loss: 1.6206
Epoch [20/30], Loss: 1.5804
Epoch [25/30], Loss: 1.5675
Epoch [30/30], Loss: 1.5552
Epoch [5/30], Loss: 1.8206
Epoch [10/30], Loss: 1.7451
Epoch [15/30], Loss: 1.6381
Epoch [20/30], Loss: 1.5918
Epoch [25/30], Loss: 1.5791
Epoch [30/30], Loss: 1.5669
Epoch [5/30], Loss: 1.7730
Epoch [10/30], Loss: 1.6928
Epoch [15/30], Loss: 1.6045
Epoch [20/30], Loss: 1.5645
Epoch [25/30], Loss: 1.5521
Epoch [30/30], Loss: 1.5412
Epoch [5/30], Loss: 1.7752
Epoch [10/30], Loss: 1.7036
Epoch [15/30], Loss: 1.6099
Epoch [20/30], Loss: 1.5717
Epoch [25/30], Loss: 1.5602
Epoch [30/30], Loss: 1.5495
Epoch [5/30], Loss: 1.8459
Epoch [10/30], Loss: 1.7653
Epoch [15/30], Loss: 1.6778
Epoch [20/30], Loss: 1.6271
Epoch [25/30], Loss: 1.6156
Epoch [30/30], Loss: 1.6047
Epoch [5/30], Loss: 1.8042
Epoch [10/30], Loss: 1.7389
Epoch [15/30], Loss: 1.6625
Epoch [20/30], Loss: 1.6241
Epoch [25/30], Loss: 1.6132
Epoch [30/30], Loss: 1.6037
Epoch [5/30], Loss: 1.8197
Epoch [10/30], Loss: 1.7605
Epoch [15/30], Loss: 1.6829
Epoch [20/30], Loss: 1.6516
Epoch [25/30], Loss: 1.6413
Epoch [30/30], Loss: 1.6323
Epoch [5/30], Loss: 1.8056
Epoch [10/30], Loss: 1.7372
Epoch [15/30], Loss: 1.6477
Epoch [20/30], Loss: 1.6141
Epoch [25/30], Loss: 1.6040
Epoch [30/30], Loss: 1.5945
Epoch [5/30], Loss: 1.7831
Epoch [10/30], Loss: 1.7224
Epoch [15/30], Loss: 1.6542
Epoch [20/30], Loss: 1.6160
Epoch [25/30], Loss: 1.6061
Epoch [30/30], Loss: 1.5975
Epoch [5/30], Loss: 1.8040
Epoch [10/30], Loss: 1.7399
Epoch [15/30], Loss: 1.6633
Epoch [20/30], Loss: 1.6205
Epoch [25/30], Loss: 1.6090
Epoch [30/30], Loss: 1.5982
Epoch [5/30], Loss: 1.7844
Epoch [10/30], Loss: 1.7079
Epoch [15/30], Loss: 1.6162
Epoch [20/30], Loss: 1.5758
Epoch [25/30], Loss: 1.5644
Epoch [30/30], Loss: 1.5539
Epoch [5/30], Loss: 1.8123
Epoch [10/30], Loss: 1.7632
Epoch [15/30], Loss: 1.7045
Epoch [20/30], Loss: 1.6620
Epoch [25/30], Loss: 1.6525
Epoch [30/30], Loss: 1.6435
Epoch [5/30], Loss: 1.8328
Epoch [10/30], Loss: 1.7742
Epoch [15/30], Loss: 1.6840
Epoch [20/30], Loss: 1.6484
Epoch [25/30], Loss: 1.6368
Epoch [30/30], Loss: 1.6265
Epoch [5/30], Loss: 1.7690
Epoch [10/30], Loss: 1.7171
Epoch [15/30], Loss: 1.6458
Epoch [20/30], Loss: 1.6164
Epoch [25/30], Loss: 1.6075
Epoch [30/30], Loss: 1.5989
Epoch [5/30], Loss: 1.8081
Epoch [10/30], Loss: 1.7468
Epoch [15/30], Loss: 1.6651
Epoch [20/30], Loss: 1.6285
Epoch [25/30], Loss: 1.6178
Epoch [30/30], Loss: 1.6079
Epoch [5/30], Loss: 1.8263
Epoch [10/30], Loss: 1.7499
Epoch [15/30], Loss: 1.6624
Epoch [20/30], Loss: 1.6234
Epoch [25/30], Loss: 1.6120
Epoch [30/30], Loss: 1.6029
Epoch [5/30], Loss: 1.8114
Epoch [10/30], Loss: 1.7526
Epoch [15/30], Loss: 1.6679
Epoch [20/30], Loss: 1.6298
Epoch [25/30], Loss: 1.6192
Epoch [30/30], Loss: 1.6092
Epoch [5/30], Loss: 1.8204
Epoch [10/30], Loss: 1.7753
Epoch [15/30], Loss: 1.7071
Epoch [20/30], Loss: 1.6726
Epoch [25/30], Loss: 1.6625
Epoch [30/30], Loss: 1.6531
Epoch [5/30], Loss: 1.7851
Epoch [10/30], Loss: 1.6914
Epoch [15/30], Loss: 1.5723
Epoch [20/30], Loss: 1.5310
Epoch [25/30], Loss: 1.5176
Epoch [30/30], Loss: 1.5059
Epoch [5/30], Loss: 1.7321
Epoch [10/30], Loss: 1.6548
Epoch [15/30], Loss: 1.5636
Epoch [20/30], Loss: 1.5284
Epoch [25/30], Loss: 1.5175
Epoch [30/30], Loss: 1.5071
Epoch [5/30], Loss: 1.7751
Epoch [10/30], Loss: 1.6932
Epoch [15/30], Loss: 1.5908
Epoch [20/30], Loss: 1.5492
Epoch [25/30], Loss: 1.5375
Epoch [30/30], Loss: 1.5264
Epoch [5/30], Loss: 1.8096
Epoch [10/30], Loss: 1.7224
Epoch [15/30], Loss: 1.6273
Epoch [20/30], Loss: 1.5874
Epoch [25/30], Loss: 1.5771
Epoch [30/30], Loss: 1.5665
Epoch [5/30], Loss: 1.8078
Epoch [10/30], Loss: 1.7257
Epoch [15/30], Loss: 1.6248
Epoch [20/30], Loss: 1.5829
Epoch [25/30], Loss: 1.5713
Epoch [30/30], Loss: 1.5597
Epoch [5/30], Loss: 1.7892
Epoch [10/30], Loss: 1.7205
Epoch [15/30], Loss: 1.6497
Epoch [20/30], Loss: 1.6156
Epoch [25/30], Loss: 1.6062
Epoch [30/30], Loss: 1.5983
Epoch [5/30], Loss: 1.8579
Epoch [10/30], Loss: 1.7893
Epoch [15/30], Loss: 1.7075
Epoch [20/30], Loss: 1.6775
Epoch [25/30], Loss: 1.6671
Epoch [30/30], Loss: 1.6578
Epoch [5/30], Loss: 1.8283
Epoch [10/30], Loss: 1.7617
Epoch [15/30], Loss: 1.6997
Epoch [20/30], Loss: 1.6485
Epoch [25/30], Loss: 1.6380
Epoch [30/30], Loss: 1.6282
Epoch [5/30], Loss: 1.8329
Epoch [10/30], Loss: 1.7769
Epoch [15/30], Loss: 1.6917
Epoch [20/30], Loss: 1.6488
Epoch [25/30], Loss: 1.6373
Epoch [30/30], Loss: 1.6264
Epoch [5/30], Loss: 1.7810
Epoch [10/30], Loss: 1.7058
Epoch [15/30], Loss: 1.6200
Epoch [20/30], Loss: 1.5880
Epoch [25/30], Loss: 1.5778
Epoch [30/30], Loss: 1.5684
Epoch [5/30], Loss: 1.7644
Epoch [10/30], Loss: 1.7094
Epoch [15/30], Loss: 1.6451
Epoch [20/30], Loss: 1.6090
Epoch [25/30], Loss: 1.6001
Epoch [30/30], Loss: 1.5915
Epoch [5/30], Loss: 1.8203
Epoch [10/30], Loss: 1.7649
Epoch [15/30], Loss: 1.6993
Epoch [20/30], Loss: 1.6729
Epoch [25/30], Loss: 1.6643
Epoch [30/30], Loss: 1.6572
Epoch [5/30], Loss: 1.8043
Epoch [10/30], Loss: 1.7501
Epoch [15/30], Loss: 1.6718
Epoch [20/30], Loss: 1.6408
Epoch [25/30], Loss: 1.6310
Epoch [30/30], Loss: 1.6217
Epoch [5/30], Loss: 1.8263
Epoch [10/30], Loss: 1.7556
Epoch [15/30], Loss: 1.6729
Epoch [20/30], Loss: 1.6400
Epoch [25/30], Loss: 1.6284
Epoch [30/30], Loss: 1.6186
Epoch [5/30], Loss: 1.7865
Epoch [10/30], Loss: 1.7325
Epoch [15/30], Loss: 1.6599
Epoch [20/30], Loss: 1.6271
Epoch [25/30], Loss: 1.6171
Epoch [30/30], Loss: 1.6079
Epoch [5/30], Loss: 1.8484
Epoch [10/30], Loss: 1.7982
Epoch [15/30], Loss: 1.7279
Epoch [20/30], Loss: 1.6954
Epoch [25/30], Loss: 1.6847
Epoch [30/30], Loss: 1.6749
Epoch [5/30], Loss: 1.8176
Epoch [10/30], Loss: 1.7548
Epoch [15/30], Loss: 1.6726
Epoch [20/30], Loss: 1.6363
Epoch [25/30], Loss: 1.6252
Epoch [30/30], Loss: 1.6150
Epoch [5/30], Loss: 1.8305
Epoch [10/30], Loss: 1.7894
Epoch [15/30], Loss: 1.7140
Epoch [20/30], Loss: 1.6806
Epoch [25/30], Loss: 1.6699
Epoch [30/30], Loss: 1.6604
Epoch [5/30], Loss: 1.8303
Epoch [10/30], Loss: 1.7721
Epoch [15/30], Loss: 1.6936
Epoch [20/30], Loss: 1.6599
Epoch [25/30], Loss: 1.6500
Epoch [30/30], Loss: 1.6404
Epoch [5/30], Loss: 1.7783
Epoch [10/30], Loss: 1.7226
Epoch [15/30], Loss: 1.6383
Epoch [20/30], Loss: 1.6090
Epoch [25/30], Loss: 1.5989
Epoch [30/30], Loss: 1.5894
Epoch [5/30], Loss: 1.8483
Epoch [10/30], Loss: 1.7784
Epoch [15/30], Loss: 1.6832
Epoch [20/30], Loss: 1.6457
Epoch [25/30], Loss: 1.6340
Epoch [30/30], Loss: 1.6234
Epoch [5/30], Loss: 1.7986
Epoch [10/30], Loss: 1.7312
Epoch [15/30], Loss: 1.6444
Epoch [20/30], Loss: 1.6112
Epoch [25/30], Loss: 1.6009
Epoch [30/30], Loss: 1.5917
Epoch [5/30], Loss: 1.8284
Epoch [10/30], Loss: 1.7653
Epoch [15/30], Loss: 1.6730
Epoch [20/30], Loss: 1.6397
Epoch [25/30], Loss: 1.6289
Epoch [30/30], Loss: 1.6197
Epoch [5/30], Loss: 1.8163
Epoch [10/30], Loss: 1.7681
Epoch [15/30], Loss: 1.7086
Epoch [20/30], Loss: 1.6788
Epoch [25/30], Loss: 1.6698
Epoch [30/30], Loss: 1.6614
Epoch [5/30], Loss: 1.8324
Epoch [10/30], Loss: 1.7653
Epoch [15/30], Loss: 1.6808
Epoch [20/30], Loss: 1.6430
Epoch [25/30], Loss: 1.6329
Epoch [30/30], Loss: 1.6225
Epoch [5/30], Loss: 1.8004
Epoch [10/30], Loss: 1.7300
Epoch [15/30], Loss: 1.6361
Epoch [20/30], Loss: 1.5974
Epoch [25/30], Loss: 1.5870
Epoch [30/30], Loss: 1.5766
Epoch [5/30], Loss: 1.7959
Epoch [10/30], Loss: 1.7233
Epoch [15/30], Loss: 1.6259
Epoch [20/30], Loss: 1.5891
Epoch [25/30], Loss: 1.5774
Epoch [30/30], Loss: 1.5665
Epoch [5/30], Loss: 1.7855
Epoch [10/30], Loss: 1.7215
Epoch [15/30], Loss: 1.6355
Epoch [20/30], Loss: 1.6022
Epoch [25/30], Loss: 1.5922
Epoch [30/30], Loss: 1.5820
Epoch [5/30], Loss: 1.8142
Epoch [10/30], Loss: 1.7464
Epoch [15/30], Loss: 1.6521
Epoch [20/30], Loss: 1.6193
Epoch [25/30], Loss: 1.6091
Epoch [30/30], Loss: 1.5987
Epoch [5/30], Loss: 1.8110
Epoch [10/30], Loss: 1.7549
Epoch [15/30], Loss: 1.6818
Epoch [20/30], Loss: 1.6474
Epoch [25/30], Loss: 1.6390
Epoch [30/30], Loss: 1.6301
Epoch [5/30], Loss: 1.8251
Epoch [10/30], Loss: 1.7582
Epoch [15/30], Loss: 1.6533
Epoch [20/30], Loss: 1.6139
Epoch [25/30], Loss: 1.6012
Epoch [30/30], Loss: 1.5900
Epoch [5/30], Loss: 1.8093
Epoch [10/30], Loss: 1.7479
Epoch [15/30], Loss: 1.6654
Epoch [20/30], Loss: 1.6348
Epoch [25/30], Loss: 1.6247
Epoch [30/30], Loss: 1.6150
Epoch [5/30], Loss: 1.7696
Epoch [10/30], Loss: 1.7001
Epoch [15/30], Loss: 1.5991
Epoch [20/30], Loss: 1.5601
Epoch [25/30], Loss: 1.5475
Epoch [30/30], Loss: 1.5357
Epoch [5/30], Loss: 1.8033
Epoch [10/30], Loss: 1.7401
Epoch [15/30], Loss: 1.6541
Epoch [20/30], Loss: 1.6254
Epoch [25/30], Loss: 1.6154
Epoch [30/30], Loss: 1.6049
Epoch [5/30], Loss: 1.8370
Epoch [10/30], Loss: 1.7657
Epoch [15/30], Loss: 1.6831
Epoch [20/30], Loss: 1.6457
Epoch [25/30], Loss: 1.6358
Epoch [30/30], Loss: 1.6266
Epoch [5/30], Loss: 1.8213
Epoch [10/30], Loss: 1.7706
Epoch [15/30], Loss: 1.6976
Epoch [20/30], Loss: 1.6562
Epoch [25/30], Loss: 1.6451
Epoch [30/30], Loss: 1.6356
[02:04:15]     perm 20/50
Epoch [5/30], Loss: 1.8046
Epoch [10/30], Loss: 1.7281
Epoch [15/30], Loss: 1.6407
Epoch [20/30], Loss: 1.5964
Epoch [25/30], Loss: 1.5855
Epoch [30/30], Loss: 1.5753
Epoch [5/30], Loss: 1.7857
Epoch [10/30], Loss: 1.7155
Epoch [15/30], Loss: 1.6340
Epoch [20/30], Loss: 1.6012
Epoch [25/30], Loss: 1.5923
Epoch [30/30], Loss: 1.5819
Epoch [5/30], Loss: 1.8620
Epoch [10/30], Loss: 1.7980
Epoch [15/30], Loss: 1.7254
Epoch [20/30], Loss: 1.6892
Epoch [25/30], Loss: 1.6797
Epoch [30/30], Loss: 1.6710
Epoch [5/30], Loss: 1.8004
Epoch [10/30], Loss: 1.7099
Epoch [15/30], Loss: 1.6031
Epoch [20/30], Loss: 1.5648
Epoch [25/30], Loss: 1.5534
Epoch [30/30], Loss: 1.5440
Epoch [5/30], Loss: 1.7745
Epoch [10/30], Loss: 1.7070
Epoch [15/30], Loss: 1.6283
Epoch [20/30], Loss: 1.5894
Epoch [25/30], Loss: 1.5795
Epoch [30/30], Loss: 1.5696
Epoch [5/30], Loss: 1.8107
Epoch [10/30], Loss: 1.7567
Epoch [15/30], Loss: 1.6868
Epoch [20/30], Loss: 1.6496
Epoch [25/30], Loss: 1.6407
Epoch [30/30], Loss: 1.6315
Epoch [5/30], Loss: 1.8204
Epoch [10/30], Loss: 1.7346
Epoch [15/30], Loss: 1.6311
Epoch [20/30], Loss: 1.5902
Epoch [25/30], Loss: 1.5780
Epoch [30/30], Loss: 1.5676
Epoch [5/30], Loss: 1.7840
Epoch [10/30], Loss: 1.6985
Epoch [15/30], Loss: 1.6070
Epoch [20/30], Loss: 1.5680
Epoch [25/30], Loss: 1.5565
Epoch [30/30], Loss: 1.5457
Epoch [5/30], Loss: 1.7876
Epoch [10/30], Loss: 1.7072
Epoch [15/30], Loss: 1.6148
Epoch [20/30], Loss: 1.5797
Epoch [25/30], Loss: 1.5683
Epoch [30/30], Loss: 1.5580
Epoch [5/30], Loss: 1.7978
Epoch [10/30], Loss: 1.7311
Epoch [15/30], Loss: 1.6412
Epoch [20/30], Loss: 1.6096
Epoch [25/30], Loss: 1.5993
Epoch [30/30], Loss: 1.5892
Epoch [5/30], Loss: 1.7751
Epoch [10/30], Loss: 1.7170
Epoch [15/30], Loss: 1.6272
Epoch [20/30], Loss: 1.5966
Epoch [25/30], Loss: 1.5862
Epoch [30/30], Loss: 1.5768
Epoch [5/30], Loss: 1.8026
Epoch [10/30], Loss: 1.7355
Epoch [15/30], Loss: 1.6611
Epoch [20/30], Loss: 1.6205
Epoch [25/30], Loss: 1.6103
Epoch [30/30], Loss: 1.6000
Epoch [5/30], Loss: 1.7717
Epoch [10/30], Loss: 1.7080
Epoch [15/30], Loss: 1.6363
Epoch [20/30], Loss: 1.5955
Epoch [25/30], Loss: 1.5846
Epoch [30/30], Loss: 1.5748
Epoch [5/30], Loss: 1.7920
Epoch [10/30], Loss: 1.7297
Epoch [15/30], Loss: 1.6494
Epoch [20/30], Loss: 1.6170
Epoch [25/30], Loss: 1.6075
Epoch [30/30], Loss: 1.5986
Epoch [5/30], Loss: 1.8288
Epoch [10/30], Loss: 1.7715
Epoch [15/30], Loss: 1.6921
Epoch [20/30], Loss: 1.6626
Epoch [25/30], Loss: 1.6536
Epoch [30/30], Loss: 1.6452
Epoch [5/30], Loss: 1.8219
Epoch [10/30], Loss: 1.7490
Epoch [15/30], Loss: 1.6572
Epoch [20/30], Loss: 1.6122
Epoch [25/30], Loss: 1.5999
Epoch [30/30], Loss: 1.5890
Epoch [5/30], Loss: 1.8207
Epoch [10/30], Loss: 1.7488
Epoch [15/30], Loss: 1.6421
Epoch [20/30], Loss: 1.6038
Epoch [25/30], Loss: 1.5921
Epoch [30/30], Loss: 1.5804
Epoch [5/30], Loss: 1.8108
Epoch [10/30], Loss: 1.7551
Epoch [15/30], Loss: 1.6773
Epoch [20/30], Loss: 1.6418
Epoch [25/30], Loss: 1.6304
Epoch [30/30], Loss: 1.6210
Epoch [5/30], Loss: 1.8239
Epoch [10/30], Loss: 1.7611
Epoch [15/30], Loss: 1.6808
Epoch [20/30], Loss: 1.6421
Epoch [25/30], Loss: 1.6318
Epoch [30/30], Loss: 1.6214
Epoch [5/30], Loss: 1.8239
Epoch [10/30], Loss: 1.7618
Epoch [15/30], Loss: 1.6832
Epoch [20/30], Loss: 1.6462
Epoch [25/30], Loss: 1.6364
Epoch [30/30], Loss: 1.6266
Epoch [5/30], Loss: 1.7836
Epoch [10/30], Loss: 1.7215
Epoch [15/30], Loss: 1.6499
Epoch [20/30], Loss: 1.6177
Epoch [25/30], Loss: 1.6079
Epoch [30/30], Loss: 1.5990
Epoch [5/30], Loss: 1.8056
Epoch [10/30], Loss: 1.7371
Epoch [15/30], Loss: 1.6564
Epoch [20/30], Loss: 1.6195
Epoch [25/30], Loss: 1.6089
Epoch [30/30], Loss: 1.5994
Epoch [5/30], Loss: 1.8182
Epoch [10/30], Loss: 1.7444
Epoch [15/30], Loss: 1.6555
Epoch [20/30], Loss: 1.6178
Epoch [25/30], Loss: 1.6068
Epoch [30/30], Loss: 1.5971
Epoch [5/30], Loss: 1.8239
Epoch [10/30], Loss: 1.7653
Epoch [15/30], Loss: 1.6988
Epoch [20/30], Loss: 1.6678
Epoch [25/30], Loss: 1.6598
Epoch [30/30], Loss: 1.6522
Epoch [5/30], Loss: 1.8315
Epoch [10/30], Loss: 1.7718
Epoch [15/30], Loss: 1.6946
Epoch [20/30], Loss: 1.6542
Epoch [25/30], Loss: 1.6434
Epoch [30/30], Loss: 1.6334
Epoch [5/30], Loss: 1.8377
Epoch [10/30], Loss: 1.7701
Epoch [15/30], Loss: 1.7032
Epoch [20/30], Loss: 1.6690
Epoch [25/30], Loss: 1.6588
Epoch [30/30], Loss: 1.6500
Epoch [5/30], Loss: 1.7929
Epoch [10/30], Loss: 1.7255
Epoch [15/30], Loss: 1.6476
Epoch [20/30], Loss: 1.6117
Epoch [25/30], Loss: 1.6006
Epoch [30/30], Loss: 1.5905
[02:04:50] === MHC_zh / A7_d8_ep30 (certified-dimension primary) ===
Epoch [5/30], Loss: 1.2129
Epoch [10/30], Loss: 1.0786
Epoch [15/30], Loss: 0.9908
Epoch [20/30], Loss: 0.9624
Epoch [25/30], Loss: 0.9533
Epoch [30/30], Loss: 0.9465
R: 0.2368, U1: -0.0000, U2: 0.1884, S: 0.0485
Epoch [5/30], Loss: 1.2414
Epoch [10/30], Loss: 1.0492
Epoch [15/30], Loss: 0.9700
Epoch [20/30], Loss: 0.9230
Epoch [25/30], Loss: 0.9127
Epoch [30/30], Loss: 0.9040
Epoch [5/30], Loss: 1.2753
Epoch [10/30], Loss: 1.0465
Epoch [15/30], Loss: 0.9455
Epoch [20/30], Loss: 0.9023
Epoch [25/30], Loss: 0.8928
Epoch [30/30], Loss: 0.8843
Epoch [5/30], Loss: 1.2946
Epoch [10/30], Loss: 1.0903
Epoch [15/30], Loss: 0.9801
Epoch [20/30], Loss: 0.9454
Epoch [25/30], Loss: 0.9361
Epoch [30/30], Loss: 0.9258
Epoch [5/30], Loss: 1.2501
Epoch [10/30], Loss: 1.0856
Epoch [15/30], Loss: 0.9986
Epoch [20/30], Loss: 0.9732
Epoch [25/30], Loss: 0.9651
Epoch [30/30], Loss: 0.9573
Epoch [5/30], Loss: 1.2375
Epoch [10/30], Loss: 1.0510
Epoch [15/30], Loss: 0.9635
Epoch [20/30], Loss: 0.9347
Epoch [25/30], Loss: 0.9274
Epoch [30/30], Loss: 0.9196
Epoch [5/30], Loss: 1.8004
Epoch [10/30], Loss: 1.7140
Epoch [15/30], Loss: 1.6222
Epoch [20/30], Loss: 1.5815
Epoch [25/30], Loss: 1.5704
Epoch [30/30], Loss: 1.5593
Epoch [5/30], Loss: 1.7980
Epoch [10/30], Loss: 1.7149
Epoch [15/30], Loss: 1.6155
Epoch [20/30], Loss: 1.5787
Epoch [25/30], Loss: 1.5688
Epoch [30/30], Loss: 1.5583
Epoch [5/30], Loss: 1.7820
Epoch [10/30], Loss: 1.7012
Epoch [15/30], Loss: 1.6029
Epoch [20/30], Loss: 1.5664
Epoch [25/30], Loss: 1.5562
Epoch [30/30], Loss: 1.5462
Epoch [5/30], Loss: 1.7880
Epoch [10/30], Loss: 1.7019
Epoch [15/30], Loss: 1.6035
Epoch [20/30], Loss: 1.5669
Epoch [25/30], Loss: 1.5567
Epoch [30/30], Loss: 1.5468
Epoch [5/30], Loss: 1.8097
Epoch [10/30], Loss: 1.7342
Epoch [15/30], Loss: 1.6281
Epoch [20/30], Loss: 1.5883
Epoch [25/30], Loss: 1.5753
Epoch [30/30], Loss: 1.5640
Epoch [5/30], Loss: 1.8001
Epoch [10/30], Loss: 1.7437
Epoch [15/30], Loss: 1.6744
Epoch [20/30], Loss: 1.6428
Epoch [25/30], Loss: 1.6330
Epoch [30/30], Loss: 1.6249
Epoch [5/30], Loss: 1.7559
Epoch [10/30], Loss: 1.6863
Epoch [15/30], Loss: 1.6003
Epoch [20/30], Loss: 1.5649
Epoch [25/30], Loss: 1.5541
Epoch [30/30], Loss: 1.5441
Epoch [5/30], Loss: 1.7744
Epoch [10/30], Loss: 1.6988
Epoch [15/30], Loss: 1.5922
Epoch [20/30], Loss: 1.5541
Epoch [25/30], Loss: 1.5422
Epoch [30/30], Loss: 1.5308
Epoch [5/30], Loss: 1.8379
Epoch [10/30], Loss: 1.7746
Epoch [15/30], Loss: 1.6890
Epoch [20/30], Loss: 1.6564
Epoch [25/30], Loss: 1.6443
Epoch [30/30], Loss: 1.6339
Epoch [5/30], Loss: 1.7991
Epoch [10/30], Loss: 1.7280
Epoch [15/30], Loss: 1.6433
Epoch [20/30], Loss: 1.6065
Epoch [25/30], Loss: 1.5956
Epoch [30/30], Loss: 1.5854
Epoch [5/30], Loss: 1.8385
Epoch [10/30], Loss: 1.7740
Epoch [15/30], Loss: 1.6715
Epoch [20/30], Loss: 1.6386
Epoch [25/30], Loss: 1.6274
Epoch [30/30], Loss: 1.6153
Epoch [5/30], Loss: 1.8165
Epoch [10/30], Loss: 1.7559
Epoch [15/30], Loss: 1.6856
Epoch [20/30], Loss: 1.6537
Epoch [25/30], Loss: 1.6434
Epoch [30/30], Loss: 1.6350
Epoch [5/30], Loss: 1.7632
Epoch [10/30], Loss: 1.6951
Epoch [15/30], Loss: 1.6077
Epoch [20/30], Loss: 1.5681
Epoch [25/30], Loss: 1.5559
Epoch [30/30], Loss: 1.5451
Epoch [5/30], Loss: 1.7478
Epoch [10/30], Loss: 1.6616
Epoch [15/30], Loss: 1.5767
Epoch [20/30], Loss: 1.5373
Epoch [25/30], Loss: 1.5265
Epoch [30/30], Loss: 1.5163
Epoch [5/30], Loss: 1.8244
Epoch [10/30], Loss: 1.7633
Epoch [15/30], Loss: 1.6716
Epoch [20/30], Loss: 1.6398
Epoch [25/30], Loss: 1.6294
Epoch [30/30], Loss: 1.6196
Epoch [5/30], Loss: 1.8159
Epoch [10/30], Loss: 1.7398
Epoch [15/30], Loss: 1.6446
Epoch [20/30], Loss: 1.6050
Epoch [25/30], Loss: 1.5933
Epoch [30/30], Loss: 1.5825
Epoch [5/30], Loss: 1.8416
Epoch [10/30], Loss: 1.7712
Epoch [15/30], Loss: 1.6794
Epoch [20/30], Loss: 1.6438
Epoch [25/30], Loss: 1.6336
Epoch [30/30], Loss: 1.6224
Epoch [5/30], Loss: 1.8169
Epoch [10/30], Loss: 1.7454
Epoch [15/30], Loss: 1.6660
Epoch [20/30], Loss: 1.6272
Epoch [25/30], Loss: 1.6174
Epoch [30/30], Loss: 1.6083
Epoch [5/30], Loss: 1.7701
Epoch [10/30], Loss: 1.7032
Epoch [15/30], Loss: 1.6089
Epoch [20/30], Loss: 1.5783
Epoch [25/30], Loss: 1.5670
Epoch [30/30], Loss: 1.5570
Epoch [5/30], Loss: 1.7623
Epoch [10/30], Loss: 1.6965
Epoch [15/30], Loss: 1.6043
Epoch [20/30], Loss: 1.5665
Epoch [25/30], Loss: 1.5551
Epoch [30/30], Loss: 1.5451
Epoch [5/30], Loss: 1.8264
Epoch [10/30], Loss: 1.7448
Epoch [15/30], Loss: 1.6507
Epoch [20/30], Loss: 1.6057
Epoch [25/30], Loss: 1.5942
Epoch [30/30], Loss: 1.5834
Epoch [5/30], Loss: 1.7977
Epoch [10/30], Loss: 1.7232
Epoch [15/30], Loss: 1.6238
Epoch [20/30], Loss: 1.5801
Epoch [25/30], Loss: 1.5683
Epoch [30/30], Loss: 1.5571
Epoch [5/30], Loss: 1.8651
Epoch [10/30], Loss: 1.7877
Epoch [15/30], Loss: 1.6848
Epoch [20/30], Loss: 1.6462
Epoch [25/30], Loss: 1.6345
Epoch [30/30], Loss: 1.6231
Epoch [5/30], Loss: 1.8157
Epoch [10/30], Loss: 1.7635
Epoch [15/30], Loss: 1.6909
Epoch [20/30], Loss: 1.6642
Epoch [25/30], Loss: 1.6549
Epoch [30/30], Loss: 1.6459
Epoch [5/30], Loss: 1.8084
Epoch [10/30], Loss: 1.7434
Epoch [15/30], Loss: 1.6652
Epoch [20/30], Loss: 1.6333
Epoch [25/30], Loss: 1.6239
Epoch [30/30], Loss: 1.6150
Epoch [5/30], Loss: 1.7792
Epoch [10/30], Loss: 1.7070
Epoch [15/30], Loss: 1.6294
Epoch [20/30], Loss: 1.6009
Epoch [25/30], Loss: 1.5918
Epoch [30/30], Loss: 1.5823
Epoch [5/30], Loss: 1.8291
Epoch [10/30], Loss: 1.7665
Epoch [15/30], Loss: 1.6873
Epoch [20/30], Loss: 1.6554
Epoch [25/30], Loss: 1.6452
Epoch [30/30], Loss: 1.6358
Epoch [5/30], Loss: 1.8170
Epoch [10/30], Loss: 1.7580
Epoch [15/30], Loss: 1.6825
Epoch [20/30], Loss: 1.6525
Epoch [25/30], Loss: 1.6430
Epoch [30/30], Loss: 1.6341
Epoch [5/30], Loss: 1.8042
Epoch [10/30], Loss: 1.7418
Epoch [15/30], Loss: 1.6617
Epoch [20/30], Loss: 1.6287
Epoch [25/30], Loss: 1.6186
Epoch [30/30], Loss: 1.6091
Epoch [5/30], Loss: 1.8164
Epoch [10/30], Loss: 1.7678
Epoch [15/30], Loss: 1.7048
Epoch [20/30], Loss: 1.6682
Epoch [25/30], Loss: 1.6601
Epoch [30/30], Loss: 1.6525
Epoch [5/30], Loss: 1.7519
Epoch [10/30], Loss: 1.6666
Epoch [15/30], Loss: 1.5691
Epoch [20/30], Loss: 1.5320
Epoch [25/30], Loss: 1.5213
Epoch [30/30], Loss: 1.5102
Epoch [5/30], Loss: 1.7353
Epoch [10/30], Loss: 1.6485
Epoch [15/30], Loss: 1.5568
Epoch [20/30], Loss: 1.5159
Epoch [25/30], Loss: 1.5044
Epoch [30/30], Loss: 1.4932
Epoch [5/30], Loss: 1.7985
Epoch [10/30], Loss: 1.7114
Epoch [15/30], Loss: 1.6211
Epoch [20/30], Loss: 1.5832
Epoch [25/30], Loss: 1.5730
Epoch [30/30], Loss: 1.5627
Epoch [5/30], Loss: 1.8000
Epoch [10/30], Loss: 1.7287
Epoch [15/30], Loss: 1.6355
Epoch [20/30], Loss: 1.5981
Epoch [25/30], Loss: 1.5875
Epoch [30/30], Loss: 1.5773
Epoch [5/30], Loss: 1.8048
Epoch [10/30], Loss: 1.7200
Epoch [15/30], Loss: 1.6220
Epoch [20/30], Loss: 1.5836
Epoch [25/30], Loss: 1.5700
Epoch [30/30], Loss: 1.5592
Epoch [5/30], Loss: 1.8039
Epoch [10/30], Loss: 1.7350
Epoch [15/30], Loss: 1.6456
Epoch [20/30], Loss: 1.6149
Epoch [25/30], Loss: 1.6036
Epoch [30/30], Loss: 1.5938
Epoch [5/30], Loss: 1.8774
Epoch [10/30], Loss: 1.8001
Epoch [15/30], Loss: 1.7076
Epoch [20/30], Loss: 1.6737
Epoch [25/30], Loss: 1.6629
Epoch [30/30], Loss: 1.6525
Epoch [5/30], Loss: 1.8207
Epoch [10/30], Loss: 1.7530
Epoch [15/30], Loss: 1.6608
Epoch [20/30], Loss: 1.6201
Epoch [25/30], Loss: 1.6081
Epoch [30/30], Loss: 1.5975
Epoch [5/30], Loss: 1.7990
Epoch [10/30], Loss: 1.7435
Epoch [15/30], Loss: 1.6623
Epoch [20/30], Loss: 1.6320
Epoch [25/30], Loss: 1.6219
Epoch [30/30], Loss: 1.6119
Epoch [5/30], Loss: 1.7792
Epoch [10/30], Loss: 1.7172
Epoch [15/30], Loss: 1.6363
Epoch [20/30], Loss: 1.6060
Epoch [25/30], Loss: 1.5967
Epoch [30/30], Loss: 1.5873
Epoch [5/30], Loss: 1.7712
Epoch [10/30], Loss: 1.7007
Epoch [15/30], Loss: 1.6161
Epoch [20/30], Loss: 1.5797
Epoch [25/30], Loss: 1.5698
Epoch [30/30], Loss: 1.5601
Epoch [5/30], Loss: 1.8260
Epoch [10/30], Loss: 1.7618
Epoch [15/30], Loss: 1.6746
Epoch [20/30], Loss: 1.6444
Epoch [25/30], Loss: 1.6336
Epoch [30/30], Loss: 1.6238
Epoch [5/30], Loss: 1.7864
Epoch [10/30], Loss: 1.7164
Epoch [15/30], Loss: 1.6252
Epoch [20/30], Loss: 1.5928
Epoch [25/30], Loss: 1.5826
Epoch [30/30], Loss: 1.5726
Epoch [5/30], Loss: 1.8550
Epoch [10/30], Loss: 1.7883
Epoch [15/30], Loss: 1.6840
Epoch [20/30], Loss: 1.6438
Epoch [25/30], Loss: 1.6312
Epoch [30/30], Loss: 1.6193
Epoch [5/30], Loss: 1.8204
Epoch [10/30], Loss: 1.7497
Epoch [15/30], Loss: 1.6654
Epoch [20/30], Loss: 1.6292
Epoch [25/30], Loss: 1.6184
Epoch [30/30], Loss: 1.6086
Epoch [5/30], Loss: 1.8506
Epoch [10/30], Loss: 1.7768
Epoch [15/30], Loss: 1.6781
Epoch [20/30], Loss: 1.6452
Epoch [25/30], Loss: 1.6339
Epoch [30/30], Loss: 1.6235
Epoch [5/30], Loss: 1.7742
Epoch [10/30], Loss: 1.6946
Epoch [15/30], Loss: 1.5818
Epoch [20/30], Loss: 1.5353
Epoch [25/30], Loss: 1.5221
Epoch [30/30], Loss: 1.5096
Epoch [5/30], Loss: 1.8259
Epoch [10/30], Loss: 1.7575
Epoch [15/30], Loss: 1.6765
Epoch [20/30], Loss: 1.6431
Epoch [25/30], Loss: 1.6326
Epoch [30/30], Loss: 1.6241
Epoch [5/30], Loss: 1.7993
Epoch [10/30], Loss: 1.7366
Epoch [15/30], Loss: 1.6415
Epoch [20/30], Loss: 1.6045
Epoch [25/30], Loss: 1.5936
Epoch [30/30], Loss: 1.5835
Epoch [5/30], Loss: 1.7883
Epoch [10/30], Loss: 1.7282
Epoch [15/30], Loss: 1.6406
Epoch [20/30], Loss: 1.6078
Epoch [25/30], Loss: 1.5973
Epoch [30/30], Loss: 1.5872
Epoch [5/30], Loss: 1.8444
Epoch [10/30], Loss: 1.7839
Epoch [15/30], Loss: 1.7139
Epoch [20/30], Loss: 1.6834
Epoch [25/30], Loss: 1.6747
Epoch [30/30], Loss: 1.6661
Epoch [5/30], Loss: 1.8041
Epoch [10/30], Loss: 1.7309
Epoch [15/30], Loss: 1.6484
Epoch [20/30], Loss: 1.6169
Epoch [25/30], Loss: 1.6073
Epoch [30/30], Loss: 1.5980
Epoch [5/30], Loss: 1.7989
Epoch [10/30], Loss: 1.7303
Epoch [15/30], Loss: 1.6410
Epoch [20/30], Loss: 1.6065
Epoch [25/30], Loss: 1.5962
Epoch [30/30], Loss: 1.5863
Epoch [5/30], Loss: 1.8157
Epoch [10/30], Loss: 1.7564
Epoch [15/30], Loss: 1.6952
Epoch [20/30], Loss: 1.6622
Epoch [25/30], Loss: 1.6516
Epoch [30/30], Loss: 1.6438
Epoch [5/30], Loss: 1.8387
Epoch [10/30], Loss: 1.7811
Epoch [15/30], Loss: 1.7165
Epoch [20/30], Loss: 1.6883
Epoch [25/30], Loss: 1.6784
Epoch [30/30], Loss: 1.6703
Epoch [5/30], Loss: 1.8006
Epoch [10/30], Loss: 1.7461
Epoch [15/30], Loss: 1.6790
Epoch [20/30], Loss: 1.6512
Epoch [25/30], Loss: 1.6424
Epoch [30/30], Loss: 1.6342
Epoch [5/30], Loss: 1.8112
Epoch [10/30], Loss: 1.7565
Epoch [15/30], Loss: 1.6828
Epoch [20/30], Loss: 1.6503
Epoch [25/30], Loss: 1.6397
Epoch [30/30], Loss: 1.6305
Epoch [5/30], Loss: 1.8227
Epoch [10/30], Loss: 1.7607
Epoch [15/30], Loss: 1.6799
Epoch [20/30], Loss: 1.6506
Epoch [25/30], Loss: 1.6413
Epoch [30/30], Loss: 1.6316
Epoch [5/30], Loss: 1.8027
Epoch [10/30], Loss: 1.7445
Epoch [15/30], Loss: 1.6812
Epoch [20/30], Loss: 1.6517
Epoch [25/30], Loss: 1.6431
Epoch [30/30], Loss: 1.6342
Epoch [5/30], Loss: 1.8236
Epoch [10/30], Loss: 1.7761
Epoch [15/30], Loss: 1.7329
Epoch [20/30], Loss: 1.6904
Epoch [25/30], Loss: 1.6823
Epoch [30/30], Loss: 1.6758
[02:05:59]     perm 10/50
Epoch [5/30], Loss: 1.7793
Epoch [10/30], Loss: 1.7253
Epoch [15/30], Loss: 1.6628
Epoch [20/30], Loss: 1.6333
Epoch [25/30], Loss: 1.6250
Epoch [30/30], Loss: 1.6173
Epoch [5/30], Loss: 1.8234
Epoch [10/30], Loss: 1.7561
Epoch [15/30], Loss: 1.6664
Epoch [20/30], Loss: 1.6308
Epoch [25/30], Loss: 1.6200
Epoch [30/30], Loss: 1.6088
Epoch [5/30], Loss: 1.8267
Epoch [10/30], Loss: 1.7506
Epoch [15/30], Loss: 1.6525
Epoch [20/30], Loss: 1.6131
Epoch [25/30], Loss: 1.6009
Epoch [30/30], Loss: 1.5894
Epoch [5/30], Loss: 1.8389
Epoch [10/30], Loss: 1.7828
Epoch [15/30], Loss: 1.7028
Epoch [20/30], Loss: 1.6713
Epoch [25/30], Loss: 1.6612
Epoch [30/30], Loss: 1.6511
Epoch [5/30], Loss: 1.8201
Epoch [10/30], Loss: 1.7542
Epoch [15/30], Loss: 1.6692
Epoch [20/30], Loss: 1.6331
Epoch [25/30], Loss: 1.6232
Epoch [30/30], Loss: 1.6140
Epoch [5/30], Loss: 1.8287
Epoch [10/30], Loss: 1.7807
Epoch [15/30], Loss: 1.7053
Epoch [20/30], Loss: 1.6742
Epoch [25/30], Loss: 1.6635
Epoch [30/30], Loss: 1.6546
Epoch [5/30], Loss: 1.8143
Epoch [10/30], Loss: 1.7349
Epoch [15/30], Loss: 1.6206
Epoch [20/30], Loss: 1.5804
Epoch [25/30], Loss: 1.5675
Epoch [30/30], Loss: 1.5552
Epoch [5/30], Loss: 1.8206
Epoch [10/30], Loss: 1.7451
Epoch [15/30], Loss: 1.6381
Epoch [20/30], Loss: 1.5918
Epoch [25/30], Loss: 1.5791
Epoch [30/30], Loss: 1.5669
Epoch [5/30], Loss: 1.7730
Epoch [10/30], Loss: 1.6928
Epoch [15/30], Loss: 1.6045
Epoch [20/30], Loss: 1.5645
Epoch [25/30], Loss: 1.5521
Epoch [30/30], Loss: 1.5412
Epoch [5/30], Loss: 1.7752
Epoch [10/30], Loss: 1.7036
Epoch [15/30], Loss: 1.6099
Epoch [20/30], Loss: 1.5717
Epoch [25/30], Loss: 1.5602
Epoch [30/30], Loss: 1.5495
Epoch [5/30], Loss: 1.8459
Epoch [10/30], Loss: 1.7653
Epoch [15/30], Loss: 1.6778
Epoch [20/30], Loss: 1.6271
Epoch [25/30], Loss: 1.6156
Epoch [30/30], Loss: 1.6047
Epoch [5/30], Loss: 1.8042
Epoch [10/30], Loss: 1.7389
Epoch [15/30], Loss: 1.6625
Epoch [20/30], Loss: 1.6241
Epoch [25/30], Loss: 1.6132
Epoch [30/30], Loss: 1.6037
Epoch [5/30], Loss: 1.8197
Epoch [10/30], Loss: 1.7605
Epoch [15/30], Loss: 1.6829
Epoch [20/30], Loss: 1.6516
Epoch [25/30], Loss: 1.6413
Epoch [30/30], Loss: 1.6323
Epoch [5/30], Loss: 1.8056
Epoch [10/30], Loss: 1.7372
Epoch [15/30], Loss: 1.6477
Epoch [20/30], Loss: 1.6141
Epoch [25/30], Loss: 1.6040
Epoch [30/30], Loss: 1.5945
Epoch [5/30], Loss: 1.7831
Epoch [10/30], Loss: 1.7224
Epoch [15/30], Loss: 1.6542
Epoch [20/30], Loss: 1.6160
Epoch [25/30], Loss: 1.6061
Epoch [30/30], Loss: 1.5975
Epoch [5/30], Loss: 1.8040
Epoch [10/30], Loss: 1.7399
Epoch [15/30], Loss: 1.6633
Epoch [20/30], Loss: 1.6205
Epoch [25/30], Loss: 1.6090
Epoch [30/30], Loss: 1.5982
Epoch [5/30], Loss: 1.7844
Epoch [10/30], Loss: 1.7079
Epoch [15/30], Loss: 1.6162
Epoch [20/30], Loss: 1.5758
Epoch [25/30], Loss: 1.5644
Epoch [30/30], Loss: 1.5539
Epoch [5/30], Loss: 1.8123
Epoch [10/30], Loss: 1.7632
Epoch [15/30], Loss: 1.7045
Epoch [20/30], Loss: 1.6620
Epoch [25/30], Loss: 1.6525
Epoch [30/30], Loss: 1.6435
Epoch [5/30], Loss: 1.8328
Epoch [10/30], Loss: 1.7742
Epoch [15/30], Loss: 1.6840
Epoch [20/30], Loss: 1.6484
Epoch [25/30], Loss: 1.6368
Epoch [30/30], Loss: 1.6265
Epoch [5/30], Loss: 1.7690
Epoch [10/30], Loss: 1.7171
Epoch [15/30], Loss: 1.6458
Epoch [20/30], Loss: 1.6164
Epoch [25/30], Loss: 1.6075
Epoch [30/30], Loss: 1.5989
Epoch [5/30], Loss: 1.8081
Epoch [10/30], Loss: 1.7468
Epoch [15/30], Loss: 1.6651
Epoch [20/30], Loss: 1.6285
Epoch [25/30], Loss: 1.6178
Epoch [30/30], Loss: 1.6079
Epoch [5/30], Loss: 1.8263
Epoch [10/30], Loss: 1.7499
Epoch [15/30], Loss: 1.6624
Epoch [20/30], Loss: 1.6234
Epoch [25/30], Loss: 1.6120
Epoch [30/30], Loss: 1.6029
Epoch [5/30], Loss: 1.8114
Epoch [10/30], Loss: 1.7526
Epoch [15/30], Loss: 1.6679
Epoch [20/30], Loss: 1.6298
Epoch [25/30], Loss: 1.6192
Epoch [30/30], Loss: 1.6092
Epoch [5/30], Loss: 1.8204
Epoch [10/30], Loss: 1.7753
Epoch [15/30], Loss: 1.7071
Epoch [20/30], Loss: 1.6726
Epoch [25/30], Loss: 1.6625
Epoch [30/30], Loss: 1.6531
Epoch [5/30], Loss: 1.7851
Epoch [10/30], Loss: 1.6914
Epoch [15/30], Loss: 1.5723
Epoch [20/30], Loss: 1.5310
Epoch [25/30], Loss: 1.5176
Epoch [30/30], Loss: 1.5059
Epoch [5/30], Loss: 1.7321
Epoch [10/30], Loss: 1.6548
Epoch [15/30], Loss: 1.5636
Epoch [20/30], Loss: 1.5284
Epoch [25/30], Loss: 1.5175
Epoch [30/30], Loss: 1.5071
Epoch [5/30], Loss: 1.7751
Epoch [10/30], Loss: 1.6932
Epoch [15/30], Loss: 1.5908
Epoch [20/30], Loss: 1.5492
Epoch [25/30], Loss: 1.5375
Epoch [30/30], Loss: 1.5264
Epoch [5/30], Loss: 1.8096
Epoch [10/30], Loss: 1.7224
Epoch [15/30], Loss: 1.6273
Epoch [20/30], Loss: 1.5874
Epoch [25/30], Loss: 1.5771
Epoch [30/30], Loss: 1.5665
Epoch [5/30], Loss: 1.8078
Epoch [10/30], Loss: 1.7257
Epoch [15/30], Loss: 1.6248
Epoch [20/30], Loss: 1.5829
Epoch [25/30], Loss: 1.5713
Epoch [30/30], Loss: 1.5597
Epoch [5/30], Loss: 1.7892
Epoch [10/30], Loss: 1.7205
Epoch [15/30], Loss: 1.6497
Epoch [20/30], Loss: 1.6156
Epoch [25/30], Loss: 1.6062
Epoch [30/30], Loss: 1.5983
Epoch [5/30], Loss: 1.8579
Epoch [10/30], Loss: 1.7893
Epoch [15/30], Loss: 1.7075
Epoch [20/30], Loss: 1.6775
Epoch [25/30], Loss: 1.6671
Epoch [30/30], Loss: 1.6578
Epoch [5/30], Loss: 1.8283
Epoch [10/30], Loss: 1.7617
Epoch [15/30], Loss: 1.6997
Epoch [20/30], Loss: 1.6485
Epoch [25/30], Loss: 1.6380
Epoch [30/30], Loss: 1.6282
Epoch [5/30], Loss: 1.8329
Epoch [10/30], Loss: 1.7769
Epoch [15/30], Loss: 1.6917
Epoch [20/30], Loss: 1.6488
Epoch [25/30], Loss: 1.6373
Epoch [30/30], Loss: 1.6264
Epoch [5/30], Loss: 1.7810
Epoch [10/30], Loss: 1.7058
Epoch [15/30], Loss: 1.6200
Epoch [20/30], Loss: 1.5880
Epoch [25/30], Loss: 1.5778
Epoch [30/30], Loss: 1.5684
Epoch [5/30], Loss: 1.7644
Epoch [10/30], Loss: 1.7094
Epoch [15/30], Loss: 1.6451
Epoch [20/30], Loss: 1.6090
Epoch [25/30], Loss: 1.6001
Epoch [30/30], Loss: 1.5915
Epoch [5/30], Loss: 1.8203
Epoch [10/30], Loss: 1.7649
Epoch [15/30], Loss: 1.6993
Epoch [20/30], Loss: 1.6729
Epoch [25/30], Loss: 1.6643
Epoch [30/30], Loss: 1.6572
Epoch [5/30], Loss: 1.8043
Epoch [10/30], Loss: 1.7501
Epoch [15/30], Loss: 1.6718
Epoch [20/30], Loss: 1.6408
Epoch [25/30], Loss: 1.6310
Epoch [30/30], Loss: 1.6217
Epoch [5/30], Loss: 1.8263
Epoch [10/30], Loss: 1.7556
Epoch [15/30], Loss: 1.6729
Epoch [20/30], Loss: 1.6400
Epoch [25/30], Loss: 1.6284
Epoch [30/30], Loss: 1.6186
Epoch [5/30], Loss: 1.7865
Epoch [10/30], Loss: 1.7325
Epoch [15/30], Loss: 1.6599
Epoch [20/30], Loss: 1.6271
Epoch [25/30], Loss: 1.6171
Epoch [30/30], Loss: 1.6079
Epoch [5/30], Loss: 1.8484
Epoch [10/30], Loss: 1.7982
Epoch [15/30], Loss: 1.7279
Epoch [20/30], Loss: 1.6954
Epoch [25/30], Loss: 1.6847
Epoch [30/30], Loss: 1.6749
Epoch [5/30], Loss: 1.8176
Epoch [10/30], Loss: 1.7548
Epoch [15/30], Loss: 1.6726
Epoch [20/30], Loss: 1.6363
Epoch [25/30], Loss: 1.6252
Epoch [30/30], Loss: 1.6150
Epoch [5/30], Loss: 1.8305
Epoch [10/30], Loss: 1.7894
Epoch [15/30], Loss: 1.7140
Epoch [20/30], Loss: 1.6806
Epoch [25/30], Loss: 1.6699
Epoch [30/30], Loss: 1.6604
Epoch [5/30], Loss: 1.8303
Epoch [10/30], Loss: 1.7721
Epoch [15/30], Loss: 1.6936
Epoch [20/30], Loss: 1.6599
Epoch [25/30], Loss: 1.6500
Epoch [30/30], Loss: 1.6404
Epoch [5/30], Loss: 1.7783
Epoch [10/30], Loss: 1.7226
Epoch [15/30], Loss: 1.6383
Epoch [20/30], Loss: 1.6090
Epoch [25/30], Loss: 1.5989
Epoch [30/30], Loss: 1.5894
Epoch [5/30], Loss: 1.8483
Epoch [10/30], Loss: 1.7784
Epoch [15/30], Loss: 1.6832
Epoch [20/30], Loss: 1.6457
Epoch [25/30], Loss: 1.6340
Epoch [30/30], Loss: 1.6234
Epoch [5/30], Loss: 1.7986
Epoch [10/30], Loss: 1.7312
Epoch [15/30], Loss: 1.6444
Epoch [20/30], Loss: 1.6112
Epoch [25/30], Loss: 1.6009
Epoch [30/30], Loss: 1.5917
Epoch [5/30], Loss: 1.8284
Epoch [10/30], Loss: 1.7653
Epoch [15/30], Loss: 1.6730
Epoch [20/30], Loss: 1.6397
Epoch [25/30], Loss: 1.6289
Epoch [30/30], Loss: 1.6197
Epoch [5/30], Loss: 1.8163
Epoch [10/30], Loss: 1.7681
Epoch [15/30], Loss: 1.7086
Epoch [20/30], Loss: 1.6788
Epoch [25/30], Loss: 1.6698
Epoch [30/30], Loss: 1.6614
Epoch [5/30], Loss: 1.8324
Epoch [10/30], Loss: 1.7653
Epoch [15/30], Loss: 1.6808
Epoch [20/30], Loss: 1.6430
Epoch [25/30], Loss: 1.6329
Epoch [30/30], Loss: 1.6225
Epoch [5/30], Loss: 1.8004
Epoch [10/30], Loss: 1.7300
Epoch [15/30], Loss: 1.6361
Epoch [20/30], Loss: 1.5974
Epoch [25/30], Loss: 1.5870
Epoch [30/30], Loss: 1.5766
Epoch [5/30], Loss: 1.7959
Epoch [10/30], Loss: 1.7233
Epoch [15/30], Loss: 1.6259
Epoch [20/30], Loss: 1.5891
Epoch [25/30], Loss: 1.5774
Epoch [30/30], Loss: 1.5665
Epoch [5/30], Loss: 1.7855
Epoch [10/30], Loss: 1.7215
Epoch [15/30], Loss: 1.6355
Epoch [20/30], Loss: 1.6022
Epoch [25/30], Loss: 1.5922
Epoch [30/30], Loss: 1.5820
Epoch [5/30], Loss: 1.8142
Epoch [10/30], Loss: 1.7464
Epoch [15/30], Loss: 1.6521
Epoch [20/30], Loss: 1.6193
Epoch [25/30], Loss: 1.6091
Epoch [30/30], Loss: 1.5987
Epoch [5/30], Loss: 1.8110
Epoch [10/30], Loss: 1.7549
Epoch [15/30], Loss: 1.6818
Epoch [20/30], Loss: 1.6474
Epoch [25/30], Loss: 1.6390
Epoch [30/30], Loss: 1.6301
Epoch [5/30], Loss: 1.8251
Epoch [10/30], Loss: 1.7582
Epoch [15/30], Loss: 1.6533
Epoch [20/30], Loss: 1.6139
Epoch [25/30], Loss: 1.6012
Epoch [30/30], Loss: 1.5900
Epoch [5/30], Loss: 1.8093
Epoch [10/30], Loss: 1.7479
Epoch [15/30], Loss: 1.6654
Epoch [20/30], Loss: 1.6348
Epoch [25/30], Loss: 1.6247
Epoch [30/30], Loss: 1.6150
Epoch [5/30], Loss: 1.7696
Epoch [10/30], Loss: 1.7001
Epoch [15/30], Loss: 1.5991
Epoch [20/30], Loss: 1.5601
Epoch [25/30], Loss: 1.5475
Epoch [30/30], Loss: 1.5357
Epoch [5/30], Loss: 1.8033
Epoch [10/30], Loss: 1.7401
Epoch [15/30], Loss: 1.6541
Epoch [20/30], Loss: 1.6254
Epoch [25/30], Loss: 1.6154
Epoch [30/30], Loss: 1.6049
Epoch [5/30], Loss: 1.8370
Epoch [10/30], Loss: 1.7657
Epoch [15/30], Loss: 1.6831
Epoch [20/30], Loss: 1.6457
Epoch [25/30], Loss: 1.6358
Epoch [30/30], Loss: 1.6266
Epoch [5/30], Loss: 1.8213
Epoch [10/30], Loss: 1.7706
Epoch [15/30], Loss: 1.6976
Epoch [20/30], Loss: 1.6562
Epoch [25/30], Loss: 1.6451
Epoch [30/30], Loss: 1.6356
[02:06:55]     perm 20/50
Epoch [5/30], Loss: 1.8046
Epoch [10/30], Loss: 1.7281
Epoch [15/30], Loss: 1.6407
Epoch [20/30], Loss: 1.5964
Epoch [25/30], Loss: 1.5855
Epoch [30/30], Loss: 1.5753
Epoch [5/30], Loss: 1.7857
Epoch [10/30], Loss: 1.7155
Epoch [15/30], Loss: 1.6340
Epoch [20/30], Loss: 1.6012
Epoch [25/30], Loss: 1.5923
Epoch [30/30], Loss: 1.5819
Epoch [5/30], Loss: 1.8620
Epoch [10/30], Loss: 1.7980
Epoch [15/30], Loss: 1.7254
Epoch [20/30], Loss: 1.6892
Epoch [25/30], Loss: 1.6797
Epoch [30/30], Loss: 1.6710
Epoch [5/30], Loss: 1.8004
Epoch [10/30], Loss: 1.7099
Epoch [15/30], Loss: 1.6031
Epoch [20/30], Loss: 1.5648
Epoch [25/30], Loss: 1.5534
Epoch [30/30], Loss: 1.5440
Epoch [5/30], Loss: 1.7745
Epoch [10/30], Loss: 1.7070
Epoch [15/30], Loss: 1.6283
Epoch [20/30], Loss: 1.5894
Epoch [25/30], Loss: 1.5795
Epoch [30/30], Loss: 1.5696
Epoch [5/30], Loss: 1.8107
Epoch [10/30], Loss: 1.7567
Epoch [15/30], Loss: 1.6868
Epoch [20/30], Loss: 1.6496
Epoch [25/30], Loss: 1.6407
Epoch [30/30], Loss: 1.6315
Epoch [5/30], Loss: 1.8204
Epoch [10/30], Loss: 1.7346
Epoch [15/30], Loss: 1.6311
Epoch [20/30], Loss: 1.5902
Epoch [25/30], Loss: 1.5780
Epoch [30/30], Loss: 1.5676
Epoch [5/30], Loss: 1.7840
Epoch [10/30], Loss: 1.6985
Epoch [15/30], Loss: 1.6070
Epoch [20/30], Loss: 1.5680
Epoch [25/30], Loss: 1.5565
Epoch [30/30], Loss: 1.5457
Epoch [5/30], Loss: 1.7876
Epoch [10/30], Loss: 1.7072
Epoch [15/30], Loss: 1.6148
Epoch [20/30], Loss: 1.5797
Epoch [25/30], Loss: 1.5683
Epoch [30/30], Loss: 1.5580
Epoch [5/30], Loss: 1.7978
Epoch [10/30], Loss: 1.7311
Epoch [15/30], Loss: 1.6412
Epoch [20/30], Loss: 1.6096
Epoch [25/30], Loss: 1.5993
Epoch [30/30], Loss: 1.5892
Epoch [5/30], Loss: 1.7751
Epoch [10/30], Loss: 1.7170
Epoch [15/30], Loss: 1.6272
Epoch [20/30], Loss: 1.5966
Epoch [25/30], Loss: 1.5862
Epoch [30/30], Loss: 1.5768
Epoch [5/30], Loss: 1.8026
Epoch [10/30], Loss: 1.7355
Epoch [15/30], Loss: 1.6611
Epoch [20/30], Loss: 1.6205
Epoch [25/30], Loss: 1.6103
Epoch [30/30], Loss: 1.6000
Epoch [5/30], Loss: 1.7717
Epoch [10/30], Loss: 1.7080
Epoch [15/30], Loss: 1.6363
Epoch [20/30], Loss: 1.5955
Epoch [25/30], Loss: 1.5846
Epoch [30/30], Loss: 1.5748
Epoch [5/30], Loss: 1.7920
Epoch [10/30], Loss: 1.7297
Epoch [15/30], Loss: 1.6494
Epoch [20/30], Loss: 1.6170
Epoch [25/30], Loss: 1.6075
Epoch [30/30], Loss: 1.5986
Epoch [5/30], Loss: 1.8288
Epoch [10/30], Loss: 1.7715
Epoch [15/30], Loss: 1.6921
Epoch [20/30], Loss: 1.6626
Epoch [25/30], Loss: 1.6536
Epoch [30/30], Loss: 1.6452
Epoch [5/30], Loss: 1.8219
Epoch [10/30], Loss: 1.7490
Epoch [15/30], Loss: 1.6572
Epoch [20/30], Loss: 1.6122
Epoch [25/30], Loss: 1.5999
Epoch [30/30], Loss: 1.5890
Epoch [5/30], Loss: 1.8207
Epoch [10/30], Loss: 1.7488
Epoch [15/30], Loss: 1.6421
Epoch [20/30], Loss: 1.6038
Epoch [25/30], Loss: 1.5921
Epoch [30/30], Loss: 1.5804
Epoch [5/30], Loss: 1.8108
Epoch [10/30], Loss: 1.7551
Epoch [15/30], Loss: 1.6773
Epoch [20/30], Loss: 1.6418
Epoch [25/30], Loss: 1.6304
Epoch [30/30], Loss: 1.6210
Epoch [5/30], Loss: 1.8239
Epoch [10/30], Loss: 1.7611
Epoch [15/30], Loss: 1.6808
Epoch [20/30], Loss: 1.6421
Epoch [25/30], Loss: 1.6318
Epoch [30/30], Loss: 1.6214
Epoch [5/30], Loss: 1.8239
Epoch [10/30], Loss: 1.7618
Epoch [15/30], Loss: 1.6832
Epoch [20/30], Loss: 1.6462
Epoch [25/30], Loss: 1.6364
Epoch [30/30], Loss: 1.6266
Epoch [5/30], Loss: 1.7836
Epoch [10/30], Loss: 1.7215
Epoch [15/30], Loss: 1.6499
Epoch [20/30], Loss: 1.6177
Epoch [25/30], Loss: 1.6079
Epoch [30/30], Loss: 1.5990
Epoch [5/30], Loss: 1.8056
Epoch [10/30], Loss: 1.7371
Epoch [15/30], Loss: 1.6564
Epoch [20/30], Loss: 1.6195
Epoch [25/30], Loss: 1.6089
Epoch [30/30], Loss: 1.5994
Epoch [5/30], Loss: 1.8182
Epoch [10/30], Loss: 1.7444
Epoch [15/30], Loss: 1.6555
Epoch [20/30], Loss: 1.6178
Epoch [25/30], Loss: 1.6068
Epoch [30/30], Loss: 1.5971
Epoch [5/30], Loss: 1.8239
Epoch [10/30], Loss: 1.7653
Epoch [15/30], Loss: 1.6988
Epoch [20/30], Loss: 1.6678
Epoch [25/30], Loss: 1.6598
Epoch [30/30], Loss: 1.6522
Epoch [5/30], Loss: 1.8315
Epoch [10/30], Loss: 1.7718
Epoch [15/30], Loss: 1.6946
Epoch [20/30], Loss: 1.6542
Epoch [25/30], Loss: 1.6434
Epoch [30/30], Loss: 1.6334
Epoch [5/30], Loss: 1.8377
Epoch [10/30], Loss: 1.7701
Epoch [15/30], Loss: 1.7032
Epoch [20/30], Loss: 1.6690
Epoch [25/30], Loss: 1.6588
Epoch [30/30], Loss: 1.6500
Epoch [5/30], Loss: 1.7929
Epoch [10/30], Loss: 1.7255
Epoch [15/30], Loss: 1.6476
Epoch [20/30], Loss: 1.6117
Epoch [25/30], Loss: 1.6006
Epoch [30/30], Loss: 1.5905
Epoch [5/30], Loss: 1.8240
Epoch [10/30], Loss: 1.7599
Epoch [15/30], Loss: 1.6847
Epoch [20/30], Loss: 1.6534
Epoch [25/30], Loss: 1.6433
Epoch [30/30], Loss: 1.6336
Epoch [5/30], Loss: 1.7893
Epoch [10/30], Loss: 1.7296
Epoch [15/30], Loss: 1.6544
Epoch [20/30], Loss: 1.6229
Epoch [25/30], Loss: 1.6130
Epoch [30/30], Loss: 1.6039
Epoch [5/30], Loss: 1.8185
Epoch [10/30], Loss: 1.7690
Epoch [15/30], Loss: 1.7019
Epoch [20/30], Loss: 1.6740
Epoch [25/30], Loss: 1.6657
Epoch [30/30], Loss: 1.6569
Epoch [5/30], Loss: 1.7985
Epoch [10/30], Loss: 1.7307
Epoch [15/30], Loss: 1.6308
Epoch [20/30], Loss: 1.5987
Epoch [25/30], Loss: 1.5880
Epoch [30/30], Loss: 1.5782
Epoch [5/30], Loss: 1.8031
Epoch [10/30], Loss: 1.7215
Epoch [15/30], Loss: 1.6275
Epoch [20/30], Loss: 1.5883
Epoch [25/30], Loss: 1.5774
Epoch [30/30], Loss: 1.5676
Epoch [5/30], Loss: 1.7880
Epoch [10/30], Loss: 1.7156
Epoch [15/30], Loss: 1.6130
Epoch [20/30], Loss: 1.5755
Epoch [25/30], Loss: 1.5621
Epoch [30/30], Loss: 1.5504
Epoch [5/30], Loss: 1.8106
Epoch [10/30], Loss: 1.7351
Epoch [15/30], Loss: 1.6470
Epoch [20/30], Loss: 1.6068
Epoch [25/30], Loss: 1.5941
Epoch [30/30], Loss: 1.5836
Epoch [5/30], Loss: 1.8299
Epoch [10/30], Loss: 1.7749
Epoch [15/30], Loss: 1.6926
Epoch [20/30], Loss: 1.6598
Epoch [25/30], Loss: 1.6495
Epoch [30/30], Loss: 1.6400
Epoch [5/30], Loss: 1.8074
Epoch [10/30], Loss: 1.7419
Epoch [15/30], Loss: 1.6554
Epoch [20/30], Loss: 1.6112
Epoch [25/30], Loss: 1.5999
Epoch [30/30], Loss: 1.5908
Epoch [5/30], Loss: 1.8094
Epoch [10/30], Loss: 1.7320
Epoch [15/30], Loss: 1.6449
Epoch [20/30], Loss: 1.6092
Epoch [25/30], Loss: 1.6000
Epoch [30/30], Loss: 1.5907
Epoch [5/30], Loss: 1.8099
Epoch [10/30], Loss: 1.7435
Epoch [15/30], Loss: 1.6604
Epoch [20/30], Loss: 1.6257
Epoch [25/30], Loss: 1.6152
Epoch [30/30], Loss: 1.6041
Epoch [5/30], Loss: 1.8300
Epoch [10/30], Loss: 1.7468
Epoch [15/30], Loss: 1.6488
Epoch [20/30], Loss: 1.6115
Epoch [25/30], Loss: 1.6007
Epoch [30/30], Loss: 1.5903
[02:08:24] === MHC_zh / A7_d8_ep30 (certified-dimension primary) ===
Epoch [5/30], Loss: 1.2129
Epoch [10/30], Loss: 1.0786
Epoch [15/30], Loss: 0.9908
Epoch [20/30], Loss: 0.9624
Epoch [25/30], Loss: 0.9533
Epoch [30/30], Loss: 0.9465
R: 0.2368, U1: -0.0000, U2: 0.1884, S: 0.0485
Epoch [5/30], Loss: 1.2414
Epoch [10/30], Loss: 1.0492
Epoch [15/30], Loss: 0.9700
Epoch [20/30], Loss: 0.9230
Epoch [25/30], Loss: 0.9127
Epoch [30/30], Loss: 0.9040
Epoch [5/30], Loss: 1.2753
Epoch [10/30], Loss: 1.0465
Epoch [15/30], Loss: 0.9455
Epoch [20/30], Loss: 0.9023
Epoch [25/30], Loss: 0.8928
Epoch [30/30], Loss: 0.8843
Epoch [5/30], Loss: 1.2946
Epoch [10/30], Loss: 1.0903
Epoch [15/30], Loss: 0.9801
Epoch [20/30], Loss: 0.9454
Epoch [25/30], Loss: 0.9361
Epoch [30/30], Loss: 0.9258
Epoch [5/30], Loss: 1.2501
Epoch [10/30], Loss: 1.0856
Epoch [15/30], Loss: 0.9986
Epoch [20/30], Loss: 0.9732
Epoch [25/30], Loss: 0.9651
Epoch [30/30], Loss: 0.9573
Epoch [5/30], Loss: 1.2375
Epoch [10/30], Loss: 1.0510
Epoch [15/30], Loss: 0.9635
Epoch [20/30], Loss: 0.9347
Epoch [25/30], Loss: 0.9274
Epoch [30/30], Loss: 0.9196
Epoch [5/30], Loss: 1.8004
Epoch [10/30], Loss: 1.7140
Epoch [15/30], Loss: 1.6222
Epoch [20/30], Loss: 1.5815
Epoch [25/30], Loss: 1.5704
Epoch [30/30], Loss: 1.5593
Epoch [5/30], Loss: 1.7980
Epoch [10/30], Loss: 1.7149
Epoch [15/30], Loss: 1.6155
Epoch [20/30], Loss: 1.5787
Epoch [25/30], Loss: 1.5688
Epoch [30/30], Loss: 1.5583
Epoch [5/30], Loss: 1.7820
Epoch [10/30], Loss: 1.7012
Epoch [15/30], Loss: 1.6029
Epoch [20/30], Loss: 1.5664
Epoch [25/30], Loss: 1.5562
Epoch [30/30], Loss: 1.5462
Epoch [5/30], Loss: 1.7880
Epoch [10/30], Loss: 1.7019
Epoch [15/30], Loss: 1.6035
Epoch [20/30], Loss: 1.5669
Epoch [25/30], Loss: 1.5567
Epoch [30/30], Loss: 1.5468
Epoch [5/30], Loss: 1.8097
Epoch [10/30], Loss: 1.7342
Epoch [15/30], Loss: 1.6281
Epoch [20/30], Loss: 1.5883
Epoch [25/30], Loss: 1.5753
Epoch [30/30], Loss: 1.5640
Epoch [5/30], Loss: 1.8001
Epoch [10/30], Loss: 1.7437
Epoch [15/30], Loss: 1.6744
Epoch [20/30], Loss: 1.6428
Epoch [25/30], Loss: 1.6330
Epoch [30/30], Loss: 1.6249
Epoch [5/30], Loss: 1.7559
Epoch [10/30], Loss: 1.6863
Epoch [15/30], Loss: 1.6003
Epoch [20/30], Loss: 1.5649
Epoch [25/30], Loss: 1.5541
Epoch [30/30], Loss: 1.5441
Epoch [5/30], Loss: 1.7744
Epoch [10/30], Loss: 1.6988
Epoch [15/30], Loss: 1.5922
Epoch [20/30], Loss: 1.5541
Epoch [25/30], Loss: 1.5422
Epoch [30/30], Loss: 1.5308
Epoch [5/30], Loss: 1.8379
Epoch [10/30], Loss: 1.7746
Epoch [15/30], Loss: 1.6890
Epoch [20/30], Loss: 1.6564
Epoch [25/30], Loss: 1.6443
Epoch [30/30], Loss: 1.6339
Epoch [5/30], Loss: 1.7991
Epoch [10/30], Loss: 1.7280
Epoch [15/30], Loss: 1.6433
Epoch [20/30], Loss: 1.6065
Epoch [25/30], Loss: 1.5956
Epoch [30/30], Loss: 1.5854
Epoch [5/30], Loss: 1.8385
Epoch [10/30], Loss: 1.7740
Epoch [15/30], Loss: 1.6715
Epoch [20/30], Loss: 1.6386
Epoch [25/30], Loss: 1.6274
Epoch [30/30], Loss: 1.6153
Epoch [5/30], Loss: 1.8165
Epoch [10/30], Loss: 1.7559
Epoch [15/30], Loss: 1.6856
Epoch [20/30], Loss: 1.6537
Epoch [25/30], Loss: 1.6434
Epoch [30/30], Loss: 1.6350
Epoch [5/30], Loss: 1.7632
Epoch [10/30], Loss: 1.6951
Epoch [15/30], Loss: 1.6077
Epoch [20/30], Loss: 1.5681
Epoch [25/30], Loss: 1.5559
Epoch [30/30], Loss: 1.5451
Epoch [5/30], Loss: 1.7478
Epoch [10/30], Loss: 1.6616
Epoch [15/30], Loss: 1.5767
Epoch [20/30], Loss: 1.5373
Epoch [25/30], Loss: 1.5265
Epoch [30/30], Loss: 1.5163
Epoch [5/30], Loss: 1.8244
Epoch [10/30], Loss: 1.7633
Epoch [15/30], Loss: 1.6716
Epoch [20/30], Loss: 1.6398
Epoch [25/30], Loss: 1.6294
Epoch [30/30], Loss: 1.6196
Epoch [5/30], Loss: 1.8159
Epoch [10/30], Loss: 1.7398
Epoch [15/30], Loss: 1.6446
Epoch [20/30], Loss: 1.6050
Epoch [25/30], Loss: 1.5933
Epoch [30/30], Loss: 1.5825
Epoch [5/30], Loss: 1.8416
Epoch [10/30], Loss: 1.7712
Epoch [15/30], Loss: 1.6794
Epoch [20/30], Loss: 1.6438
Epoch [25/30], Loss: 1.6336
Epoch [30/30], Loss: 1.6224
Epoch [5/30], Loss: 1.8169
Epoch [10/30], Loss: 1.7454
Epoch [15/30], Loss: 1.6660
Epoch [20/30], Loss: 1.6272
Epoch [25/30], Loss: 1.6174
Epoch [30/30], Loss: 1.6083
Epoch [5/30], Loss: 1.7701
Epoch [10/30], Loss: 1.7032
Epoch [15/30], Loss: 1.6089
Epoch [20/30], Loss: 1.5783
Epoch [25/30], Loss: 1.5670
Epoch [30/30], Loss: 1.5570
Epoch [5/30], Loss: 1.7623
Epoch [10/30], Loss: 1.6965
Epoch [15/30], Loss: 1.6043
Epoch [20/30], Loss: 1.5665
Epoch [25/30], Loss: 1.5551
Epoch [30/30], Loss: 1.5451
Epoch [5/30], Loss: 1.8264
Epoch [10/30], Loss: 1.7448
Epoch [15/30], Loss: 1.6507
Epoch [20/30], Loss: 1.6057
Epoch [25/30], Loss: 1.5942
Epoch [30/30], Loss: 1.5834
Epoch [5/30], Loss: 1.7977
Epoch [10/30], Loss: 1.7232
Epoch [15/30], Loss: 1.6238
Epoch [20/30], Loss: 1.5801
Epoch [25/30], Loss: 1.5683
Epoch [30/30], Loss: 1.5571
Epoch [5/30], Loss: 1.8651
Epoch [10/30], Loss: 1.7877
Epoch [15/30], Loss: 1.6848
Epoch [20/30], Loss: 1.6462
Epoch [25/30], Loss: 1.6345
Epoch [30/30], Loss: 1.6231
Epoch [5/30], Loss: 1.8157
Epoch [10/30], Loss: 1.7635
Epoch [15/30], Loss: 1.6909
Epoch [20/30], Loss: 1.6642
Epoch [25/30], Loss: 1.6549
Epoch [30/30], Loss: 1.6459
Epoch [5/30], Loss: 1.8084
Epoch [10/30], Loss: 1.7434
Epoch [15/30], Loss: 1.6652
Epoch [20/30], Loss: 1.6333
Epoch [25/30], Loss: 1.6239
Epoch [30/30], Loss: 1.6150
Epoch [5/30], Loss: 1.7792
Epoch [10/30], Loss: 1.7070
Epoch [15/30], Loss: 1.6294
Epoch [20/30], Loss: 1.6009
Epoch [25/30], Loss: 1.5918
Epoch [30/30], Loss: 1.5823
Epoch [5/30], Loss: 1.8291
Epoch [10/30], Loss: 1.7665
Epoch [15/30], Loss: 1.6873
Epoch [20/30], Loss: 1.6554
Epoch [25/30], Loss: 1.6452
Epoch [30/30], Loss: 1.6358
Epoch [5/30], Loss: 1.8170
Epoch [10/30], Loss: 1.7580
Epoch [15/30], Loss: 1.6825
Epoch [20/30], Loss: 1.6525
Epoch [25/30], Loss: 1.6430
Epoch [30/30], Loss: 1.6341
Epoch [5/30], Loss: 1.8042
Epoch [10/30], Loss: 1.7418
Epoch [15/30], Loss: 1.6617
Epoch [20/30], Loss: 1.6287
Epoch [25/30], Loss: 1.6186
Epoch [30/30], Loss: 1.6091
Epoch [5/30], Loss: 1.8164
Epoch [10/30], Loss: 1.7678
Epoch [15/30], Loss: 1.7048
Epoch [20/30], Loss: 1.6682
Epoch [25/30], Loss: 1.6601
Epoch [30/30], Loss: 1.6525
Epoch [5/30], Loss: 1.7519
Epoch [10/30], Loss: 1.6666
Epoch [15/30], Loss: 1.5691
Epoch [20/30], Loss: 1.5320
Epoch [25/30], Loss: 1.5213
Epoch [30/30], Loss: 1.5102
Epoch [5/30], Loss: 1.7353
Epoch [10/30], Loss: 1.6485
Epoch [15/30], Loss: 1.5568
Epoch [20/30], Loss: 1.5159
Epoch [25/30], Loss: 1.5044
Epoch [30/30], Loss: 1.4932
Epoch [5/30], Loss: 1.7985
Epoch [10/30], Loss: 1.7114
Epoch [15/30], Loss: 1.6211
Epoch [20/30], Loss: 1.5832
Epoch [25/30], Loss: 1.5730
Epoch [30/30], Loss: 1.5627
Epoch [5/30], Loss: 1.8000
Epoch [10/30], Loss: 1.7287
Epoch [15/30], Loss: 1.6355
Epoch [20/30], Loss: 1.5981
Epoch [25/30], Loss: 1.5875
Epoch [30/30], Loss: 1.5773
Epoch [5/30], Loss: 1.8048
Epoch [10/30], Loss: 1.7200
Epoch [15/30], Loss: 1.6220
Epoch [20/30], Loss: 1.5836
Epoch [25/30], Loss: 1.5700
Epoch [30/30], Loss: 1.5592
Epoch [5/30], Loss: 1.8039
Epoch [10/30], Loss: 1.7350
Epoch [15/30], Loss: 1.6456
Epoch [20/30], Loss: 1.6149
Epoch [25/30], Loss: 1.6036
Epoch [30/30], Loss: 1.5938
Epoch [5/30], Loss: 1.8774
Epoch [10/30], Loss: 1.8001
Epoch [15/30], Loss: 1.7076
Epoch [20/30], Loss: 1.6737
Epoch [25/30], Loss: 1.6629
Epoch [30/30], Loss: 1.6525
Epoch [5/30], Loss: 1.8207
Epoch [10/30], Loss: 1.7530
Epoch [15/30], Loss: 1.6608
Epoch [20/30], Loss: 1.6201
Epoch [25/30], Loss: 1.6081
Epoch [30/30], Loss: 1.5975
Epoch [5/30], Loss: 1.7990
Epoch [10/30], Loss: 1.7435
Epoch [15/30], Loss: 1.6623
Epoch [20/30], Loss: 1.6320
Epoch [25/30], Loss: 1.6219
Epoch [30/30], Loss: 1.6119
Epoch [5/30], Loss: 1.7792
Epoch [10/30], Loss: 1.7172
Epoch [15/30], Loss: 1.6363
Epoch [20/30], Loss: 1.6060
Epoch [25/30], Loss: 1.5967
Epoch [30/30], Loss: 1.5873
Epoch [5/30], Loss: 1.7712
Epoch [10/30], Loss: 1.7007
Epoch [15/30], Loss: 1.6161
Epoch [20/30], Loss: 1.5797
Epoch [25/30], Loss: 1.5698
Epoch [30/30], Loss: 1.5601
Epoch [5/30], Loss: 1.8260
Epoch [10/30], Loss: 1.7618
Epoch [15/30], Loss: 1.6746
Epoch [20/30], Loss: 1.6444
Epoch [25/30], Loss: 1.6336
Epoch [30/30], Loss: 1.6238
Epoch [5/30], Loss: 1.7864
Epoch [10/30], Loss: 1.7164
Epoch [15/30], Loss: 1.6252
Epoch [20/30], Loss: 1.5928
Epoch [25/30], Loss: 1.5826
Epoch [30/30], Loss: 1.5726
Epoch [5/30], Loss: 1.8550
Epoch [10/30], Loss: 1.7883
Epoch [15/30], Loss: 1.6840
Epoch [20/30], Loss: 1.6438
Epoch [25/30], Loss: 1.6312
Epoch [30/30], Loss: 1.6193
Epoch [5/30], Loss: 1.8204
Epoch [10/30], Loss: 1.7497
Epoch [15/30], Loss: 1.6654
Epoch [20/30], Loss: 1.6292
Epoch [25/30], Loss: 1.6184
Epoch [30/30], Loss: 1.6086
Epoch [5/30], Loss: 1.8506
Epoch [10/30], Loss: 1.7768
Epoch [15/30], Loss: 1.6781
Epoch [20/30], Loss: 1.6452
Epoch [25/30], Loss: 1.6339
Epoch [30/30], Loss: 1.6235
Epoch [5/30], Loss: 1.7742
Epoch [10/30], Loss: 1.6946
Epoch [15/30], Loss: 1.5818
Epoch [20/30], Loss: 1.5353
Epoch [25/30], Loss: 1.5221
Epoch [30/30], Loss: 1.5096
Epoch [5/30], Loss: 1.8259
Epoch [10/30], Loss: 1.7575
Epoch [15/30], Loss: 1.6765
Epoch [20/30], Loss: 1.6431
Epoch [25/30], Loss: 1.6326
Epoch [30/30], Loss: 1.6241
Epoch [5/30], Loss: 1.7993
Epoch [10/30], Loss: 1.7366
Epoch [15/30], Loss: 1.6415
Epoch [20/30], Loss: 1.6045
Epoch [25/30], Loss: 1.5936
Epoch [30/30], Loss: 1.5835
Epoch [5/30], Loss: 1.7883
Epoch [10/30], Loss: 1.7282
Epoch [15/30], Loss: 1.6406
Epoch [20/30], Loss: 1.6078
Epoch [25/30], Loss: 1.5973
Epoch [30/30], Loss: 1.5872
Epoch [5/30], Loss: 1.8444
Epoch [10/30], Loss: 1.7839
Epoch [15/30], Loss: 1.7139
Epoch [20/30], Loss: 1.6834
Epoch [25/30], Loss: 1.6747
Epoch [30/30], Loss: 1.6661
Epoch [5/30], Loss: 1.8041
Epoch [10/30], Loss: 1.7309
Epoch [15/30], Loss: 1.6484
Epoch [20/30], Loss: 1.6169
Epoch [25/30], Loss: 1.6073
Epoch [30/30], Loss: 1.5980
Epoch [5/30], Loss: 1.7989
Epoch [10/30], Loss: 1.7303
Epoch [15/30], Loss: 1.6410
Epoch [20/30], Loss: 1.6065
Epoch [25/30], Loss: 1.5962
Epoch [30/30], Loss: 1.5863
Epoch [5/30], Loss: 1.8157
Epoch [10/30], Loss: 1.7564
Epoch [15/30], Loss: 1.6952
Epoch [20/30], Loss: 1.6622
Epoch [25/30], Loss: 1.6516
Epoch [30/30], Loss: 1.6438
Epoch [5/30], Loss: 1.8387
Epoch [10/30], Loss: 1.7811
Epoch [15/30], Loss: 1.7165
Epoch [20/30], Loss: 1.6883
Epoch [25/30], Loss: 1.6784
Epoch [30/30], Loss: 1.6703
Epoch [5/30], Loss: 1.8006
Epoch [10/30], Loss: 1.7461
Epoch [15/30], Loss: 1.6790
Epoch [20/30], Loss: 1.6512
Epoch [25/30], Loss: 1.6424
Epoch [30/30], Loss: 1.6342
Epoch [5/30], Loss: 1.8112
Epoch [10/30], Loss: 1.7565
Epoch [15/30], Loss: 1.6828
Epoch [20/30], Loss: 1.6503
Epoch [25/30], Loss: 1.6397
Epoch [30/30], Loss: 1.6305
Epoch [5/30], Loss: 1.8227
Epoch [10/30], Loss: 1.7607
Epoch [15/30], Loss: 1.6799
Epoch [20/30], Loss: 1.6506
Epoch [25/30], Loss: 1.6413
Epoch [30/30], Loss: 1.6316
Epoch [5/30], Loss: 1.8027
Epoch [10/30], Loss: 1.7445
Epoch [15/30], Loss: 1.6812
Epoch [20/30], Loss: 1.6517
Epoch [25/30], Loss: 1.6431
Epoch [30/30], Loss: 1.6342
Epoch [5/30], Loss: 1.8236
Epoch [10/30], Loss: 1.7761
Epoch [15/30], Loss: 1.7329
Epoch [20/30], Loss: 1.6904
Epoch [25/30], Loss: 1.6823
Epoch [30/30], Loss: 1.6758
[02:09:32]     perm 10/50
Epoch [5/30], Loss: 1.7793
Epoch [10/30], Loss: 1.7253
Epoch [15/30], Loss: 1.6628
Epoch [20/30], Loss: 1.6333
Epoch [25/30], Loss: 1.6250
Epoch [30/30], Loss: 1.6173
Epoch [5/30], Loss: 1.8234
Epoch [10/30], Loss: 1.7561
Epoch [15/30], Loss: 1.6664
Epoch [20/30], Loss: 1.6308
Epoch [25/30], Loss: 1.6200
Epoch [30/30], Loss: 1.6088
Epoch [5/30], Loss: 1.8267
Epoch [10/30], Loss: 1.7506
Epoch [15/30], Loss: 1.6525
Epoch [20/30], Loss: 1.6131
Epoch [25/30], Loss: 1.6009
Epoch [30/30], Loss: 1.5894
Epoch [5/30], Loss: 1.8389
Epoch [10/30], Loss: 1.7828
Epoch [15/30], Loss: 1.7028
Epoch [20/30], Loss: 1.6713
Epoch [25/30], Loss: 1.6612
Epoch [30/30], Loss: 1.6511
Epoch [5/30], Loss: 1.8201
Epoch [10/30], Loss: 1.7542
Epoch [15/30], Loss: 1.6692
Epoch [20/30], Loss: 1.6331
Epoch [25/30], Loss: 1.6232
Epoch [30/30], Loss: 1.6140
Epoch [5/30], Loss: 1.8287
Epoch [10/30], Loss: 1.7807
Epoch [15/30], Loss: 1.7053
Epoch [20/30], Loss: 1.6742
Epoch [25/30], Loss: 1.6635
Epoch [30/30], Loss: 1.6546
Epoch [5/30], Loss: 1.8143
Epoch [10/30], Loss: 1.7349
Epoch [15/30], Loss: 1.6206
Epoch [20/30], Loss: 1.5804
Epoch [25/30], Loss: 1.5675
Epoch [30/30], Loss: 1.5552
Epoch [5/30], Loss: 1.8206
Epoch [10/30], Loss: 1.7451
Epoch [15/30], Loss: 1.6381
Epoch [20/30], Loss: 1.5918
Epoch [25/30], Loss: 1.5791
Epoch [30/30], Loss: 1.5669
Epoch [5/30], Loss: 1.7730
Epoch [10/30], Loss: 1.6928
Epoch [15/30], Loss: 1.6045
Epoch [20/30], Loss: 1.5645
Epoch [25/30], Loss: 1.5521
Epoch [30/30], Loss: 1.5412
Epoch [5/30], Loss: 1.7752
Epoch [10/30], Loss: 1.7036
Epoch [15/30], Loss: 1.6099
Epoch [20/30], Loss: 1.5717
Epoch [25/30], Loss: 1.5602
Epoch [30/30], Loss: 1.5495
Epoch [5/30], Loss: 1.8459
Epoch [10/30], Loss: 1.7653
Epoch [15/30], Loss: 1.6778
Epoch [20/30], Loss: 1.6271
Epoch [25/30], Loss: 1.6156
Epoch [30/30], Loss: 1.6047
Epoch [5/30], Loss: 1.8042
Epoch [10/30], Loss: 1.7389
Epoch [15/30], Loss: 1.6625
Epoch [20/30], Loss: 1.6241
Epoch [25/30], Loss: 1.6132
Epoch [30/30], Loss: 1.6037
Epoch [5/30], Loss: 1.8197
Epoch [10/30], Loss: 1.7605
Epoch [15/30], Loss: 1.6829
Epoch [20/30], Loss: 1.6516
Epoch [25/30], Loss: 1.6413
Epoch [30/30], Loss: 1.6323
Epoch [5/30], Loss: 1.8056
Epoch [10/30], Loss: 1.7372
Epoch [15/30], Loss: 1.6477
Epoch [20/30], Loss: 1.6141
Epoch [25/30], Loss: 1.6040
Epoch [30/30], Loss: 1.5945
Epoch [5/30], Loss: 1.7831
Epoch [10/30], Loss: 1.7224
Epoch [15/30], Loss: 1.6542
Epoch [20/30], Loss: 1.6160
Epoch [25/30], Loss: 1.6061
Epoch [30/30], Loss: 1.5975
Epoch [5/30], Loss: 1.8040
Epoch [10/30], Loss: 1.7399
Epoch [15/30], Loss: 1.6633
Epoch [20/30], Loss: 1.6205
Epoch [25/30], Loss: 1.6090
Epoch [30/30], Loss: 1.5982
Epoch [5/30], Loss: 1.7844
Epoch [10/30], Loss: 1.7079
Epoch [15/30], Loss: 1.6162
Epoch [20/30], Loss: 1.5758
Epoch [25/30], Loss: 1.5644
Epoch [30/30], Loss: 1.5539
Epoch [5/30], Loss: 1.8123
Epoch [10/30], Loss: 1.7632
Epoch [15/30], Loss: 1.7045
Epoch [20/30], Loss: 1.6620
Epoch [25/30], Loss: 1.6525
Epoch [30/30], Loss: 1.6435
Epoch [5/30], Loss: 1.8328
Epoch [10/30], Loss: 1.7742
Epoch [15/30], Loss: 1.6840
Epoch [20/30], Loss: 1.6484
Epoch [25/30], Loss: 1.6368
Epoch [30/30], Loss: 1.6265
Epoch [5/30], Loss: 1.7690
Epoch [10/30], Loss: 1.7171
Epoch [15/30], Loss: 1.6458
Epoch [20/30], Loss: 1.6164
Epoch [25/30], Loss: 1.6075
Epoch [30/30], Loss: 1.5989
Epoch [5/30], Loss: 1.8081
Epoch [10/30], Loss: 1.7468
Epoch [15/30], Loss: 1.6651
Epoch [20/30], Loss: 1.6285
Epoch [25/30], Loss: 1.6178
Epoch [30/30], Loss: 1.6079
Epoch [5/30], Loss: 1.8263
Epoch [10/30], Loss: 1.7499
Epoch [15/30], Loss: 1.6624
Epoch [20/30], Loss: 1.6234
Epoch [25/30], Loss: 1.6120
Epoch [30/30], Loss: 1.6029
Epoch [5/30], Loss: 1.8114
Epoch [10/30], Loss: 1.7526
Epoch [15/30], Loss: 1.6679
Epoch [20/30], Loss: 1.6298
Epoch [25/30], Loss: 1.6192
Epoch [30/30], Loss: 1.6092
Epoch [5/30], Loss: 1.8204
Epoch [10/30], Loss: 1.7753
Epoch [15/30], Loss: 1.7071
Epoch [20/30], Loss: 1.6726
Epoch [25/30], Loss: 1.6625
Epoch [30/30], Loss: 1.6531
Epoch [5/30], Loss: 1.7851
Epoch [10/30], Loss: 1.6914
Epoch [15/30], Loss: 1.5723
Epoch [20/30], Loss: 1.5310
Epoch [25/30], Loss: 1.5176
Epoch [30/30], Loss: 1.5059
Epoch [5/30], Loss: 1.7321
Epoch [10/30], Loss: 1.6548
Epoch [15/30], Loss: 1.5636
Epoch [20/30], Loss: 1.5284
Epoch [25/30], Loss: 1.5175
Epoch [30/30], Loss: 1.5071
Epoch [5/30], Loss: 1.7751
Epoch [10/30], Loss: 1.6932
Epoch [15/30], Loss: 1.5908
Epoch [20/30], Loss: 1.5492
Epoch [25/30], Loss: 1.5375
Epoch [30/30], Loss: 1.5264
Epoch [5/30], Loss: 1.8096
Epoch [10/30], Loss: 1.7224
Epoch [15/30], Loss: 1.6273
Epoch [20/30], Loss: 1.5874
Epoch [25/30], Loss: 1.5771
Epoch [30/30], Loss: 1.5665
Epoch [5/30], Loss: 1.8078
Epoch [10/30], Loss: 1.7257
Epoch [15/30], Loss: 1.6248
Epoch [20/30], Loss: 1.5829
Epoch [25/30], Loss: 1.5713
Epoch [30/30], Loss: 1.5597
Epoch [5/30], Loss: 1.7892
Epoch [10/30], Loss: 1.7205
Epoch [15/30], Loss: 1.6497
Epoch [20/30], Loss: 1.6156
Epoch [25/30], Loss: 1.6062
Epoch [30/30], Loss: 1.5983
Epoch [5/30], Loss: 1.8579
Epoch [10/30], Loss: 1.7893
Epoch [15/30], Loss: 1.7075
Epoch [20/30], Loss: 1.6775
Epoch [25/30], Loss: 1.6671
Epoch [30/30], Loss: 1.6578
Epoch [5/30], Loss: 1.8283
Epoch [10/30], Loss: 1.7617
Epoch [15/30], Loss: 1.6997
Epoch [20/30], Loss: 1.6485
Epoch [25/30], Loss: 1.6380
Epoch [30/30], Loss: 1.6282
Epoch [5/30], Loss: 1.8329
Epoch [10/30], Loss: 1.7769
[02:10:08] === MHC_zh / A7_d8_ep30 (certified-dimension primary) ===
Epoch [5/30], Loss: 1.2129
Epoch [10/30], Loss: 1.0786
Epoch [15/30], Loss: 0.9908
Epoch [20/30], Loss: 0.9624
Epoch [25/30], Loss: 0.9533
Epoch [30/30], Loss: 0.9465
R: 0.2368, U1: -0.0000, U2: 0.1884, S: 0.0485
Epoch [5/30], Loss: 1.2414
Epoch [10/30], Loss: 1.0492
Epoch [15/30], Loss: 0.9700
Epoch [20/30], Loss: 0.9230
Epoch [25/30], Loss: 0.9127
Epoch [30/30], Loss: 0.9040
Epoch [5/30], Loss: 1.2753
Epoch [10/30], Loss: 1.0465
Epoch [15/30], Loss: 0.9455
Epoch [20/30], Loss: 0.9023
Epoch [25/30], Loss: 0.8928
Epoch [30/30], Loss: 0.8843
Epoch [5/30], Loss: 1.2946
Epoch [10/30], Loss: 1.0903
Epoch [15/30], Loss: 0.9801
Epoch [20/30], Loss: 0.9454
Epoch [25/30], Loss: 0.9361
Epoch [30/30], Loss: 0.9258
Epoch [5/30], Loss: 1.2501
Epoch [10/30], Loss: 1.0856
Epoch [15/30], Loss: 0.9986
Epoch [20/30], Loss: 0.9732
Epoch [25/30], Loss: 0.9651
Epoch [30/30], Loss: 0.9573
Epoch [5/30], Loss: 1.2375
Epoch [10/30], Loss: 1.0510
Epoch [15/30], Loss: 0.9635
Epoch [20/30], Loss: 0.9347
Epoch [25/30], Loss: 0.9274
Epoch [30/30], Loss: 0.9196
[02:10:21]     [perm ckpt] resuming at 15/50
Epoch [5/30], Loss: 1.8579
Epoch [10/30], Loss: 1.7893
Epoch [15/30], Loss: 1.7075
Epoch [20/30], Loss: 1.6775
Epoch [25/30], Loss: 1.6671
Epoch [30/30], Loss: 1.6578
Epoch [5/30], Loss: 1.8283
Epoch [10/30], Loss: 1.7617
Epoch [15/30], Loss: 1.6997
Epoch [20/30], Loss: 1.6485
Epoch [25/30], Loss: 1.6380
Epoch [30/30], Loss: 1.6282
Epoch [5/30], Loss: 1.8329
Epoch [10/30], Loss: 1.7769
Epoch [15/30], Loss: 1.6917
Epoch [20/30], Loss: 1.6488
Epoch [25/30], Loss: 1.6373
Epoch [30/30], Loss: 1.6264
Epoch [5/30], Loss: 1.7810
Epoch [10/30], Loss: 1.7058
Epoch [15/30], Loss: 1.6200
Epoch [20/30], Loss: 1.5880
Epoch [25/30], Loss: 1.5778
Epoch [30/30], Loss: 1.5684
Epoch [5/30], Loss: 1.7644
Epoch [10/30], Loss: 1.7094
Epoch [15/30], Loss: 1.6451
Epoch [20/30], Loss: 1.6090
Epoch [25/30], Loss: 1.6001
Epoch [30/30], Loss: 1.5915
Epoch [5/30], Loss: 1.8203
Epoch [10/30], Loss: 1.7649
Epoch [15/30], Loss: 1.6993
Epoch [20/30], Loss: 1.6729
Epoch [25/30], Loss: 1.6643
Epoch [30/30], Loss: 1.6572
Epoch [5/30], Loss: 1.8043
Epoch [10/30], Loss: 1.7501
Epoch [15/30], Loss: 1.6718
Epoch [20/30], Loss: 1.6408
Epoch [25/30], Loss: 1.6310
Epoch [30/30], Loss: 1.6217
Epoch [5/30], Loss: 1.8263
Epoch [10/30], Loss: 1.7556
Epoch [15/30], Loss: 1.6729
Epoch [20/30], Loss: 1.6400
Epoch [25/30], Loss: 1.6284
Epoch [30/30], Loss: 1.6186
Epoch [5/30], Loss: 1.7865
Epoch [10/30], Loss: 1.7325
Epoch [15/30], Loss: 1.6599
Epoch [20/30], Loss: 1.6271
Epoch [25/30], Loss: 1.6171
Epoch [30/30], Loss: 1.6079
Epoch [5/30], Loss: 1.8484
Epoch [10/30], Loss: 1.7982
Epoch [15/30], Loss: 1.7279
Epoch [20/30], Loss: 1.6954
Epoch [25/30], Loss: 1.6847
Epoch [30/30], Loss: 1.6749
Epoch [5/30], Loss: 1.8176
Epoch [10/30], Loss: 1.7548
Epoch [15/30], Loss: 1.6726
Epoch [20/30], Loss: 1.6363
Epoch [25/30], Loss: 1.6252
Epoch [30/30], Loss: 1.6150
Epoch [5/30], Loss: 1.8305
Epoch [10/30], Loss: 1.7894
Epoch [15/30], Loss: 1.7140
Epoch [20/30], Loss: 1.6806
Epoch [25/30], Loss: 1.6699
Epoch [30/30], Loss: 1.6604
Epoch [5/30], Loss: 1.8303
Epoch [10/30], Loss: 1.7721
Epoch [15/30], Loss: 1.6936
Epoch [20/30], Loss: 1.6599
Epoch [25/30], Loss: 1.6500
Epoch [30/30], Loss: 1.6404
Epoch [5/30], Loss: 1.7783
Epoch [10/30], Loss: 1.7226
Epoch [15/30], Loss: 1.6383
Epoch [20/30], Loss: 1.6090
Epoch [25/30], Loss: 1.5989
Epoch [30/30], Loss: 1.5894
Epoch [5/30], Loss: 1.8483
Epoch [10/30], Loss: 1.7784
Epoch [15/30], Loss: 1.6832
Epoch [20/30], Loss: 1.6457
Epoch [25/30], Loss: 1.6340
Epoch [30/30], Loss: 1.6234
Epoch [5/30], Loss: 1.7986
Epoch [10/30], Loss: 1.7312
Epoch [15/30], Loss: 1.6444
Epoch [20/30], Loss: 1.6112
Epoch [25/30], Loss: 1.6009
Epoch [30/30], Loss: 1.5917
Epoch [5/30], Loss: 1.8284
Epoch [10/30], Loss: 1.7653
Epoch [15/30], Loss: 1.6730
Epoch [20/30], Loss: 1.6397
Epoch [25/30], Loss: 1.6289
Epoch [30/30], Loss: 1.6197
Epoch [5/30], Loss: 1.8163
Epoch [10/30], Loss: 1.7681
Epoch [15/30], Loss: 1.7086
Epoch [20/30], Loss: 1.6788
Epoch [25/30], Loss: 1.6698
Epoch [30/30], Loss: 1.6614
Epoch [5/30], Loss: 1.8324
Epoch [10/30], Loss: 1.7653
Epoch [15/30], Loss: 1.6808
Epoch [20/30], Loss: 1.6430
Epoch [25/30], Loss: 1.6329
Epoch [30/30], Loss: 1.6225
Epoch [5/30], Loss: 1.8004
Epoch [10/30], Loss: 1.7300
Epoch [15/30], Loss: 1.6361
Epoch [20/30], Loss: 1.5974
Epoch [25/30], Loss: 1.5870
Epoch [30/30], Loss: 1.5766
Epoch [5/30], Loss: 1.7959
Epoch [10/30], Loss: 1.7233
Epoch [15/30], Loss: 1.6259
Epoch [20/30], Loss: 1.5891
Epoch [25/30], Loss: 1.5774
Epoch [30/30], Loss: 1.5665
Epoch [5/30], Loss: 1.7855
Epoch [10/30], Loss: 1.7215
Epoch [15/30], Loss: 1.6355
Epoch [20/30], Loss: 1.6022
Epoch [25/30], Loss: 1.5922
Epoch [30/30], Loss: 1.5820
Epoch [5/30], Loss: 1.8142
Epoch [10/30], Loss: 1.7464
Epoch [15/30], Loss: 1.6521
Epoch [20/30], Loss: 1.6193
Epoch [25/30], Loss: 1.6091
Epoch [30/30], Loss: 1.5987
Epoch [5/30], Loss: 1.8110
Epoch [10/30], Loss: 1.7549
Epoch [15/30], Loss: 1.6818
Epoch [20/30], Loss: 1.6474
Epoch [25/30], Loss: 1.6390
Epoch [30/30], Loss: 1.6301
Epoch [5/30], Loss: 1.8251
Epoch [10/30], Loss: 1.7582
Epoch [15/30], Loss: 1.6533
Epoch [20/30], Loss: 1.6139
Epoch [25/30], Loss: 1.6012
Epoch [30/30], Loss: 1.5900
Epoch [5/30], Loss: 1.8093
Epoch [10/30], Loss: 1.7479
Epoch [15/30], Loss: 1.6654
Epoch [20/30], Loss: 1.6348
Epoch [25/30], Loss: 1.6247
Epoch [30/30], Loss: 1.6150
Epoch [5/30], Loss: 1.7696
Epoch [10/30], Loss: 1.7001
Epoch [15/30], Loss: 1.5991
Epoch [20/30], Loss: 1.5601
Epoch [25/30], Loss: 1.5475
Epoch [30/30], Loss: 1.5357
Epoch [5/30], Loss: 1.8033
Epoch [10/30], Loss: 1.7401
Epoch [15/30], Loss: 1.6541
Epoch [20/30], Loss: 1.6254
Epoch [25/30], Loss: 1.6154
Epoch [30/30], Loss: 1.6049
Epoch [5/30], Loss: 1.8370
Epoch [10/30], Loss: 1.7657
Epoch [15/30], Loss: 1.6831
Epoch [20/30], Loss: 1.6457
Epoch [25/30], Loss: 1.6358
Epoch [30/30], Loss: 1.6266
Epoch [5/30], Loss: 1.8213
Epoch [10/30], Loss: 1.7706
Epoch [15/30], Loss: 1.6976
Epoch [20/30], Loss: 1.6562
Epoch [25/30], Loss: 1.6451
Epoch [30/30], Loss: 1.6356
[02:10:49]     perm 20/50
Epoch [5/30], Loss: 1.8046
Epoch [10/30], Loss: 1.7281
Epoch [15/30], Loss: 1.6407
Epoch [20/30], Loss: 1.5964
Epoch [25/30], Loss: 1.5855
Epoch [30/30], Loss: 1.5753
Epoch [5/30], Loss: 1.7857
Epoch [10/30], Loss: 1.7155
Epoch [15/30], Loss: 1.6340
Epoch [20/30], Loss: 1.6012
Epoch [25/30], Loss: 1.5923
Epoch [30/30], Loss: 1.5819
Epoch [5/30], Loss: 1.8620
Epoch [10/30], Loss: 1.7980
Epoch [15/30], Loss: 1.7254
Epoch [20/30], Loss: 1.6892
Epoch [25/30], Loss: 1.6797
Epoch [30/30], Loss: 1.6710
Epoch [5/30], Loss: 1.8004
Epoch [10/30], Loss: 1.7099
Epoch [15/30], Loss: 1.6031
Epoch [20/30], Loss: 1.5648
Epoch [25/30], Loss: 1.5534
Epoch [30/30], Loss: 1.5440
Epoch [5/30], Loss: 1.7745
Epoch [10/30], Loss: 1.7070
Epoch [15/30], Loss: 1.6283
Epoch [20/30], Loss: 1.5894
Epoch [25/30], Loss: 1.5795
Epoch [30/30], Loss: 1.5696
Epoch [5/30], Loss: 1.8107
Epoch [10/30], Loss: 1.7567
Epoch [15/30], Loss: 1.6868
Epoch [20/30], Loss: 1.6496
Epoch [25/30], Loss: 1.6407
Epoch [30/30], Loss: 1.6315
Epoch [5/30], Loss: 1.8204
Epoch [10/30], Loss: 1.7346
Epoch [15/30], Loss: 1.6311
Epoch [20/30], Loss: 1.5902
Epoch [25/30], Loss: 1.5780
Epoch [30/30], Loss: 1.5676
Epoch [5/30], Loss: 1.7840
Epoch [10/30], Loss: 1.6985
Epoch [15/30], Loss: 1.6070
Epoch [20/30], Loss: 1.5680
Epoch [25/30], Loss: 1.5565
Epoch [30/30], Loss: 1.5457
Epoch [5/30], Loss: 1.7876
Epoch [10/30], Loss: 1.7072
Epoch [15/30], Loss: 1.6148
Epoch [20/30], Loss: 1.5797
Epoch [25/30], Loss: 1.5683
Epoch [30/30], Loss: 1.5580
Epoch [5/30], Loss: 1.7978
Epoch [10/30], Loss: 1.7311
Epoch [15/30], Loss: 1.6412
Epoch [20/30], Loss: 1.6096
Epoch [25/30], Loss: 1.5993
Epoch [30/30], Loss: 1.5892
Epoch [5/30], Loss: 1.7751
Epoch [10/30], Loss: 1.7170
Epoch [15/30], Loss: 1.6272
Epoch [20/30], Loss: 1.5966
Epoch [25/30], Loss: 1.5862
Epoch [30/30], Loss: 1.5768
Epoch [5/30], Loss: 1.8026
Epoch [10/30], Loss: 1.7355
Epoch [15/30], Loss: 1.6611
Epoch [20/30], Loss: 1.6205
Epoch [25/30], Loss: 1.6103
Epoch [30/30], Loss: 1.6000
Epoch [5/30], Loss: 1.7717
Epoch [10/30], Loss: 1.7080
Epoch [15/30], Loss: 1.6363
Epoch [20/30], Loss: 1.5955
Epoch [25/30], Loss: 1.5846
Epoch [30/30], Loss: 1.5748
Epoch [5/30], Loss: 1.7920
Epoch [10/30], Loss: 1.7297
Epoch [15/30], Loss: 1.6494
Epoch [20/30], Loss: 1.6170
Epoch [25/30], Loss: 1.6075
Epoch [30/30], Loss: 1.5986
Epoch [5/30], Loss: 1.8288
Epoch [10/30], Loss: 1.7715
Epoch [15/30], Loss: 1.6921
Epoch [20/30], Loss: 1.6626
Epoch [25/30], Loss: 1.6536
Epoch [30/30], Loss: 1.6452
Epoch [5/30], Loss: 1.8219
Epoch [10/30], Loss: 1.7490
Epoch [15/30], Loss: 1.6572
Epoch [20/30], Loss: 1.6122
Epoch [25/30], Loss: 1.5999
Epoch [30/30], Loss: 1.5890
Epoch [5/30], Loss: 1.8207
Epoch [10/30], Loss: 1.7488
Epoch [15/30], Loss: 1.6421
Epoch [20/30], Loss: 1.6038
Epoch [25/30], Loss: 1.5921
Epoch [30/30], Loss: 1.5804
Epoch [5/30], Loss: 1.8108
Epoch [10/30], Loss: 1.7551
Epoch [15/30], Loss: 1.6773
Epoch [20/30], Loss: 1.6418
Epoch [25/30], Loss: 1.6304
Epoch [30/30], Loss: 1.6210
Epoch [5/30], Loss: 1.8239
Epoch [10/30], Loss: 1.7611
Epoch [15/30], Loss: 1.6808
Epoch [20/30], Loss: 1.6421
Epoch [25/30], Loss: 1.6318
Epoch [30/30], Loss: 1.6214
Epoch [5/30], Loss: 1.8239
Epoch [10/30], Loss: 1.7618
Epoch [15/30], Loss: 1.6832
Epoch [20/30], Loss: 1.6462
Epoch [25/30], Loss: 1.6364
Epoch [30/30], Loss: 1.6266
Epoch [5/30], Loss: 1.7836
Epoch [10/30], Loss: 1.7215
Epoch [15/30], Loss: 1.6499
Epoch [20/30], Loss: 1.6177
Epoch [25/30], Loss: 1.6079
Epoch [30/30], Loss: 1.5990
Epoch [5/30], Loss: 1.8056
Epoch [10/30], Loss: 1.7371
Epoch [15/30], Loss: 1.6564
Epoch [20/30], Loss: 1.6195
Epoch [25/30], Loss: 1.6089
Epoch [30/30], Loss: 1.5994
Epoch [5/30], Loss: 1.8182
Epoch [10/30], Loss: 1.7444
Epoch [15/30], Loss: 1.6555
Epoch [20/30], Loss: 1.6178
Epoch [25/30], Loss: 1.6068
Epoch [30/30], Loss: 1.5971
Epoch [5/30], Loss: 1.8239
Epoch [10/30], Loss: 1.7653
Epoch [15/30], Loss: 1.6988
Epoch [20/30], Loss: 1.6678
Epoch [25/30], Loss: 1.6598
Epoch [30/30], Loss: 1.6522
Epoch [5/30], Loss: 1.8315
Epoch [10/30], Loss: 1.7718
Epoch [15/30], Loss: 1.6946
Epoch [20/30], Loss: 1.6542
Epoch [25/30], Loss: 1.6434
Epoch [30/30], Loss: 1.6334
Epoch [5/30], Loss: 1.8377
Epoch [10/30], Loss: 1.7701
Epoch [15/30], Loss: 1.7032
Epoch [20/30], Loss: 1.6690
Epoch [25/30], Loss: 1.6588
Epoch [30/30], Loss: 1.6500
Epoch [5/30], Loss: 1.7929
Epoch [10/30], Loss: 1.7255
Epoch [15/30], Loss: 1.6476
Epoch [20/30], Loss: 1.6117
Epoch [25/30], Loss: 1.6006
Epoch [30/30], Loss: 1.5905
Epoch [5/30], Loss: 1.8240
Epoch [10/30], Loss: 1.7599
Epoch [15/30], Loss: 1.6847
Epoch [20/30], Loss: 1.6534
Epoch [25/30], Loss: 1.6433
Epoch [30/30], Loss: 1.6336
Epoch [5/30], Loss: 1.7893
Epoch [10/30], Loss: 1.7296
Epoch [15/30], Loss: 1.6544
Epoch [20/30], Loss: 1.6229
Epoch [25/30], Loss: 1.6130
Epoch [30/30], Loss: 1.6039
Epoch [5/30], Loss: 1.8185
Epoch [10/30], Loss: 1.7690
Epoch [15/30], Loss: 1.7019
Epoch [20/30], Loss: 1.6740
Epoch [25/30], Loss: 1.6657
Epoch [30/30], Loss: 1.6569
Epoch [5/30], Loss: 1.7985
Epoch [10/30], Loss: 1.7307
Epoch [15/30], Loss: 1.6308
Epoch [20/30], Loss: 1.5987
Epoch [25/30], Loss: 1.5880
Epoch [30/30], Loss: 1.5782
Epoch [5/30], Loss: 1.8031
Epoch [10/30], Loss: 1.7215
Epoch [15/30], Loss: 1.6275
Epoch [20/30], Loss: 1.5883
Epoch [25/30], Loss: 1.5774
Epoch [30/30], Loss: 1.5676
Epoch [5/30], Loss: 1.7880
Epoch [10/30], Loss: 1.7156
Epoch [15/30], Loss: 1.6130
Epoch [20/30], Loss: 1.5755
Epoch [25/30], Loss: 1.5621
Epoch [30/30], Loss: 1.5504
Epoch [5/30], Loss: 1.8106
Epoch [10/30], Loss: 1.7351
Epoch [15/30], Loss: 1.6470
Epoch [20/30], Loss: 1.6068
Epoch [25/30], Loss: 1.5941
Epoch [30/30], Loss: 1.5836
Epoch [5/30], Loss: 1.8299
Epoch [10/30], Loss: 1.7749
Epoch [15/30], Loss: 1.6926
Epoch [20/30], Loss: 1.6598
Epoch [25/30], Loss: 1.6495
Epoch [30/30], Loss: 1.6400
Epoch [5/30], Loss: 1.8074
Epoch [10/30], Loss: 1.7419
Epoch [15/30], Loss: 1.6554
Epoch [20/30], Loss: 1.6112
Epoch [25/30], Loss: 1.5999
Epoch [30/30], Loss: 1.5908
Epoch [5/30], Loss: 1.8094
Epoch [10/30], Loss: 1.7320
Epoch [15/30], Loss: 1.6449
Epoch [20/30], Loss: 1.6092
Epoch [25/30], Loss: 1.6000
Epoch [30/30], Loss: 1.5907
Epoch [5/30], Loss: 1.8099
Epoch [10/30], Loss: 1.7435
Epoch [15/30], Loss: 1.6604
Epoch [20/30], Loss: 1.6257
Epoch [25/30], Loss: 1.6152
Epoch [30/30], Loss: 1.6041
Epoch [5/30], Loss: 1.8300
Epoch [10/30], Loss: 1.7468
Epoch [15/30], Loss: 1.6488
Epoch [20/30], Loss: 1.6115
Epoch [25/30], Loss: 1.6007
Epoch [30/30], Loss: 1.5903
Epoch [5/30], Loss: 1.8175
Epoch [10/30], Loss: 1.7489
Epoch [15/30], Loss: 1.6600
Epoch [20/30], Loss: 1.6215
Epoch [25/30], Loss: 1.6104
Epoch [30/30], Loss: 1.5995
Epoch [5/30], Loss: 1.7753
Epoch [10/30], Loss: 1.7072
Epoch [15/30], Loss: 1.6391
Epoch [20/30], Loss: 1.5984
Epoch [25/30], Loss: 1.5894
Epoch [30/30], Loss: 1.5798
Epoch [5/30], Loss: 1.8036
Epoch [10/30], Loss: 1.7495
Epoch [15/30], Loss: 1.6804
Epoch [20/30], Loss: 1.6384
Epoch [25/30], Loss: 1.6287
Epoch [30/30], Loss: 1.6199
Epoch [5/30], Loss: 1.8070
Epoch [10/30], Loss: 1.7432
Epoch [15/30], Loss: 1.6670
Epoch [20/30], Loss: 1.6284
Epoch [25/30], Loss: 1.6177
Epoch [30/30], Loss: 1.6082
Epoch [5/30], Loss: 1.8049
Epoch [10/30], Loss: 1.7287
Epoch [15/30], Loss: 1.6302
Epoch [20/30], Loss: 1.5924
Epoch [25/30], Loss: 1.5810
Epoch [30/30], Loss: 1.5707
Epoch [5/30], Loss: 1.8272
Epoch [10/30], Loss: 1.7576
Epoch [15/30], Loss: 1.6735
Epoch [20/30], Loss: 1.6324
Epoch [25/30], Loss: 1.6214
Epoch [30/30], Loss: 1.6114
Epoch [5/30], Loss: 1.8237
Epoch [10/30], Loss: 1.7511
Epoch [15/30], Loss: 1.6710
Epoch [20/30], Loss: 1.6370
Epoch [25/30], Loss: 1.6268
Epoch [30/30], Loss: 1.6171
Epoch [5/30], Loss: 1.7838
Epoch [10/30], Loss: 1.7209
Epoch [15/30], Loss: 1.6375
Epoch [20/30], Loss: 1.6002
Epoch [25/30], Loss: 1.5893
Epoch [30/30], Loss: 1.5788
Epoch [5/30], Loss: 1.8126
Epoch [10/30], Loss: 1.7581
Epoch [15/30], Loss: 1.6916
Epoch [20/30], Loss: 1.6597
Epoch [25/30], Loss: 1.6511
Epoch [30/30], Loss: 1.6424
Epoch [5/30], Loss: 1.7962
Epoch [10/30], Loss: 1.7349
Epoch [15/30], Loss: 1.6642
Epoch [20/30], Loss: 1.6294
Epoch [25/30], Loss: 1.6194
Epoch [30/30], Loss: 1.6100
Epoch [5/30], Loss: 1.8053
Epoch [10/30], Loss: 1.7350
Epoch [15/30], Loss: 1.6624
Epoch [20/30], Loss: 1.6069
Epoch [25/30], Loss: 1.5962
Epoch [30/30], Loss: 1.5843
Epoch [5/30], Loss: 1.8072
Epoch [10/30], Loss: 1.7417
Epoch [15/30], Loss: 1.6576
Epoch [20/30], Loss: 1.6224
Epoch [25/30], Loss: 1.6124
Epoch [30/30], Loss: 1.6033
Epoch [5/30], Loss: 1.8145
Epoch [10/30], Loss: 1.7483
Epoch [15/30], Loss: 1.6555
Epoch [20/30], Loss: 1.6163
Epoch [25/30], Loss: 1.6058
Epoch [30/30], Loss: 1.5949
Epoch [5/30], Loss: 1.8071
Epoch [10/30], Loss: 1.7271
Epoch [15/30], Loss: 1.6372
Epoch [20/30], Loss: 1.6003
Epoch [25/30], Loss: 1.5898
Epoch [30/30], Loss: 1.5796
Epoch [5/30], Loss: 1.8135
Epoch [10/30], Loss: 1.7491
Epoch [15/30], Loss: 1.6837
Epoch [20/30], Loss: 1.6470
Epoch [25/30], Loss: 1.6360
Epoch [30/30], Loss: 1.6275
Epoch [5/30], Loss: 1.8284
Epoch [10/30], Loss: 1.7664
Epoch [15/30], Loss: 1.6665
Epoch [20/30], Loss: 1.6302
Epoch [25/30], Loss: 1.6184
Epoch [30/30], Loss: 1.6080
Epoch [5/30], Loss: 1.8476
Epoch [10/30], Loss: 1.7600
Epoch [15/30], Loss: 1.6416
Epoch [20/30], Loss: 1.5972
Epoch [25/30], Loss: 1.5838
Epoch [30/30], Loss: 1.5717
Epoch [5/30], Loss: 1.7543
Epoch [10/30], Loss: 1.6766
Epoch [15/30], Loss: 1.5644
Epoch [20/30], Loss: 1.5232
Epoch [25/30], Loss: 1.5107
Epoch [30/30], Loss: 1.4988
Epoch [5/30], Loss: 1.8121
Epoch [10/30], Loss: 1.7443
Epoch [15/30], Loss: 1.6540
Epoch [20/30], Loss: 1.6094
Epoch [25/30], Loss: 1.5976
Epoch [30/30], Loss: 1.5870
Epoch [5/30], Loss: 1.8380
Epoch [10/30], Loss: 1.7693
Epoch [15/30], Loss: 1.6717
Epoch [20/30], Loss: 1.6339
Epoch [25/30], Loss: 1.6220
Epoch [30/30], Loss: 1.6110
Epoch [5/30], Loss: 1.8306
Epoch [10/30], Loss: 1.7640
Epoch [15/30], Loss: 1.6711
Epoch [20/30], Loss: 1.6309
Epoch [25/30], Loss: 1.6188
Epoch [30/30], Loss: 1.6081
[02:11:43]     perm 30/50
Epoch [5/30], Loss: 1.7889
Epoch [10/30], Loss: 1.7090
Epoch [15/30], Loss: 1.6033
Epoch [20/30], Loss: 1.5666
Epoch [25/30], Loss: 1.5550
Epoch [30/30], Loss: 1.5435
Epoch [5/30], Loss: 1.7886
Epoch [10/30], Loss: 1.7109
Epoch [15/30], Loss: 1.6046
Epoch [20/30], Loss: 1.5679
Epoch [25/30], Loss: 1.5572
Epoch [30/30], Loss: 1.5457
Epoch [5/30], Loss: 1.7740
Epoch [10/30], Loss: 1.7001
Epoch [15/30], Loss: 1.6056
Epoch [20/30], Loss: 1.5640
Epoch [25/30], Loss: 1.5528
Epoch [30/30], Loss: 1.5413
Epoch [5/30], Loss: 1.8682
Epoch [10/30], Loss: 1.7878
Epoch [15/30], Loss: 1.6870
Epoch [20/30], Loss: 1.6431
Epoch [25/30], Loss: 1.6305
Epoch [30/30], Loss: 1.6187
Epoch [5/30], Loss: 1.8567
Epoch [10/30], Loss: 1.7835
Epoch [15/30], Loss: 1.6887
Epoch [20/30], Loss: 1.6466
Epoch [25/30], Loss: 1.6346
Epoch [30/30], Loss: 1.6229
Epoch [5/30], Loss: 1.8206
Epoch [10/30], Loss: 1.7614
Epoch [15/30], Loss: 1.6801
Epoch [20/30], Loss: 1.6449
Epoch [25/30], Loss: 1.6350
Epoch [30/30], Loss: 1.6255
Epoch [5/30], Loss: 1.8418
Epoch [10/30], Loss: 1.7784
Epoch [15/30], Loss: 1.6992
Epoch [20/30], Loss: 1.6624
Epoch [25/30], Loss: 1.6526
Epoch [30/30], Loss: 1.6435
Epoch [5/30], Loss: 1.7866
Epoch [10/30], Loss: 1.7024
Epoch [15/30], Loss: 1.5943
Epoch [20/30], Loss: 1.5595
Epoch [25/30], Loss: 1.5473
Epoch [30/30], Loss: 1.5364
Epoch [5/30], Loss: 1.8234
Epoch [10/30], Loss: 1.7628
Epoch [15/30], Loss: 1.6915
Epoch [20/30], Loss: 1.6519
Epoch [25/30], Loss: 1.6416
Epoch [30/30], Loss: 1.6326
Epoch [5/30], Loss: 1.8176
Epoch [10/30], Loss: 1.7568
Epoch [15/30], Loss: 1.6649
Epoch [20/30], Loss: 1.6311
Epoch [25/30], Loss: 1.6204
Epoch [30/30], Loss: 1.6108
Epoch [5/30], Loss: 1.8303
Epoch [10/30], Loss: 1.7685
Epoch [15/30], Loss: 1.6747
Epoch [20/30], Loss: 1.6455
Epoch [25/30], Loss: 1.6333
Epoch [30/30], Loss: 1.6216
Epoch [5/30], Loss: 1.8247
Epoch [10/30], Loss: 1.7665
Epoch [15/30], Loss: 1.6935
Epoch [20/30], Loss: 1.6571
Epoch [25/30], Loss: 1.6459
Epoch [30/30], Loss: 1.6372
Epoch [5/30], Loss: 1.7978
Epoch [10/30], Loss: 1.7260
Epoch [15/30], Loss: 1.6265
Epoch [20/30], Loss: 1.5925
Epoch [25/30], Loss: 1.5811
Epoch [30/30], Loss: 1.5713
Epoch [5/30], Loss: 1.7657
Epoch [10/30], Loss: 1.6924
Epoch [15/30], Loss: 1.6138
Epoch [20/30], Loss: 1.5762
Epoch [25/30], Loss: 1.5662
Epoch [30/30], Loss: 1.5572
Epoch [5/30], Loss: 1.8103
Epoch [10/30], Loss: 1.7548
Epoch [15/30], Loss: 1.6876
Epoch [20/30], Loss: 1.6480
Epoch [25/30], Loss: 1.6381
Epoch [30/30], Loss: 1.6281
Epoch [5/30], Loss: 1.8118
Epoch [10/30], Loss: 1.7462
Epoch [15/30], Loss: 1.6552
Epoch [20/30], Loss: 1.6249
Epoch [25/30], Loss: 1.6142
Epoch [30/30], Loss: 1.6049
Epoch [5/30], Loss: 1.8201
Epoch [10/30], Loss: 1.7547
Epoch [15/30], Loss: 1.6531
Epoch [20/30], Loss: 1.6139
Epoch [25/30], Loss: 1.6018
Epoch [30/30], Loss: 1.5904
Epoch [5/30], Loss: 1.8081
Epoch [10/30], Loss: 1.7481
Epoch [15/30], Loss: 1.6634
Epoch [20/30], Loss: 1.6253
Epoch [25/30], Loss: 1.6153
Epoch [30/30], Loss: 1.6062
Epoch [5/30], Loss: 1.8140
Epoch [10/30], Loss: 1.7491
Epoch [15/30], Loss: 1.6544
Epoch [20/30], Loss: 1.6203
Epoch [25/30], Loss: 1.6098
Epoch [30/30], Loss: 1.5995
Epoch [5/30], Loss: 1.7719
Epoch [10/30], Loss: 1.7059
Epoch [15/30], Loss: 1.6289
Epoch [20/30], Loss: 1.5906
Epoch [25/30], Loss: 1.5806
Epoch [30/30], Loss: 1.5715
Epoch [5/30], Loss: 1.8001
Epoch [10/30], Loss: 1.7357
Epoch [15/30], Loss: 1.6627
Epoch [20/30], Loss: 1.6312
Epoch [25/30], Loss: 1.6229
Epoch [30/30], Loss: 1.6151
Epoch [5/30], Loss: 1.8260
Epoch [10/30], Loss: 1.7580
Epoch [15/30], Loss: 1.6793
Epoch [20/30], Loss: 1.6496
Epoch [25/30], Loss: 1.6403
Epoch [30/30], Loss: 1.6308
Epoch [5/30], Loss: 1.8383
Epoch [10/30], Loss: 1.7738
Epoch [15/30], Loss: 1.6859
Epoch [20/30], Loss: 1.6517
Epoch [25/30], Loss: 1.6411
Epoch [30/30], Loss: 1.6311
Epoch [5/30], Loss: 1.8143
Epoch [10/30], Loss: 1.7582
Epoch [15/30], Loss: 1.6938
Epoch [20/30], Loss: 1.6583
Epoch [25/30], Loss: 1.6483
Epoch [30/30], Loss: 1.6398
Epoch [5/30], Loss: 1.7619
Epoch [10/30], Loss: 1.6979
Epoch [15/30], Loss: 1.6120
Epoch [20/30], Loss: 1.5793
Epoch [25/30], Loss: 1.5691
Epoch [30/30], Loss: 1.5585
Epoch [5/30], Loss: 1.8161
Epoch [10/30], Loss: 1.7519
Epoch [15/30], Loss: 1.6515
Epoch [20/30], Loss: 1.6149
Epoch [25/30], Loss: 1.6032
Epoch [30/30], Loss: 1.5928
Epoch [5/30], Loss: 1.7755
Epoch [10/30], Loss: 1.7081
Epoch [15/30], Loss: 1.6186
Epoch [20/30], Loss: 1.5856
Epoch [25/30], Loss: 1.5754
Epoch [30/30], Loss: 1.5658
Epoch [5/30], Loss: 1.8078
Epoch [10/30], Loss: 1.7494
Epoch [15/30], Loss: 1.6739
Epoch [20/30], Loss: 1.6441
Epoch [25/30], Loss: 1.6349
Epoch [30/30], Loss: 1.6256
Epoch [5/30], Loss: 1.8567
Epoch [10/30], Loss: 1.7935
Epoch [15/30], Loss: 1.7045
Epoch [20/30], Loss: 1.6721
Epoch [25/30], Loss: 1.6620
Epoch [30/30], Loss: 1.6522
Epoch [5/30], Loss: 1.8210
Epoch [10/30], Loss: 1.7637
Epoch [15/30], Loss: 1.7031
Epoch [20/30], Loss: 1.6767
Epoch [25/30], Loss: 1.6678
Epoch [30/30], Loss: 1.6590
Epoch [5/30], Loss: 1.7777
Epoch [10/30], Loss: 1.7124
Epoch [15/30], Loss: 1.6585
Epoch [20/30], Loss: 1.6130
Epoch [25/30], Loss: 1.6040
Epoch [30/30], Loss: 1.5955
Epoch [5/30], Loss: 1.8416
Epoch [10/30], Loss: 1.7640
Epoch [15/30], Loss: 1.6690
Epoch [20/30], Loss: 1.6335
Epoch [25/30], Loss: 1.6222
Epoch [30/30], Loss: 1.6121
Epoch [5/30], Loss: 1.7981
Epoch [10/30], Loss: 1.7444
Epoch [15/30], Loss: 1.6701
Epoch [20/30], Loss: 1.6392
Epoch [25/30], Loss: 1.6298
Epoch [30/30], Loss: 1.6217
Epoch [5/30], Loss: 1.7988
Epoch [10/30], Loss: 1.7178
Epoch [15/30], Loss: 1.6176
Epoch [20/30], Loss: 1.5827
Epoch [25/30], Loss: 1.5718
Epoch [30/30], Loss: 1.5614
Epoch [5/30], Loss: 1.7395
Epoch [10/30], Loss: 1.6836
Epoch [15/30], Loss: 1.5943
Epoch [20/30], Loss: 1.5657
Epoch [25/30], Loss: 1.5566
Epoch [30/30], Loss: 1.5477
Epoch [5/30], Loss: 1.7973
Epoch [10/30], Loss: 1.7433
Epoch [15/30], Loss: 1.6824
Epoch [20/30], Loss: 1.6530
Epoch [25/30], Loss: 1.6445
Epoch [30/30], Loss: 1.6345
Epoch [5/30], Loss: 1.7751
Epoch [10/30], Loss: 1.7081
Epoch [15/30], Loss: 1.6254
Epoch [20/30], Loss: 1.5897
Epoch [25/30], Loss: 1.5794
Epoch [30/30], Loss: 1.5697
Epoch [5/30], Loss: 1.8504
Epoch [10/30], Loss: 1.7675
Epoch [15/30], Loss: 1.6684
Epoch [20/30], Loss: 1.6321
Epoch [25/30], Loss: 1.6212
Epoch [30/30], Loss: 1.6104
Epoch [5/30], Loss: 1.8279
Epoch [10/30], Loss: 1.7549
Epoch [15/30], Loss: 1.6511
Epoch [20/30], Loss: 1.6154
Epoch [25/30], Loss: 1.6052
Epoch [30/30], Loss: 1.5944
Epoch [5/30], Loss: 1.7895
Epoch [10/30], Loss: 1.7194
Epoch [15/30], Loss: 1.6243
Epoch [20/30], Loss: 1.5846
Epoch [25/30], Loss: 1.5733
Epoch [30/30], Loss: 1.5630
Epoch [5/30], Loss: 1.8093
Epoch [10/30], Loss: 1.7182
Epoch [15/30], Loss: 1.5966
Epoch [20/30], Loss: 1.5569
Epoch [25/30], Loss: 1.5443
Epoch [30/30], Loss: 1.5323
Epoch [5/30], Loss: 1.8214
Epoch [10/30], Loss: 1.7487
Epoch [15/30], Loss: 1.6706
Epoch [20/30], Loss: 1.6377
Epoch [25/30], Loss: 1.6267
Epoch [30/30], Loss: 1.6181
Epoch [5/30], Loss: 1.8323
Epoch [10/30], Loss: 1.7551
Epoch [15/30], Loss: 1.6614
Epoch [20/30], Loss: 1.6239
Epoch [25/30], Loss: 1.6136
Epoch [30/30], Loss: 1.6013
Epoch [5/30], Loss: 1.8004
Epoch [10/30], Loss: 1.7289
Epoch [15/30], Loss: 1.6350
Epoch [20/30], Loss: 1.5961
Epoch [25/30], Loss: 1.5849
Epoch [30/30], Loss: 1.5744
Epoch [5/30], Loss: 1.7973
Epoch [10/30], Loss: 1.7275
Epoch [15/30], Loss: 1.6290
Epoch [20/30], Loss: 1.5904
Epoch [25/30], Loss: 1.5781
Epoch [30/30], Loss: 1.5671
Epoch [5/30], Loss: 1.7789
Epoch [10/30], Loss: 1.7086
Epoch [15/30], Loss: 1.6137
Epoch [20/30], Loss: 1.5760
Epoch [25/30], Loss: 1.5640
Epoch [30/30], Loss: 1.5532
Epoch [5/30], Loss: 1.8493
Epoch [10/30], Loss: 1.7946
Epoch [15/30], Loss: 1.7174
Epoch [20/30], Loss: 1.6823
Epoch [25/30], Loss: 1.6725
Epoch [30/30], Loss: 1.6625
Epoch [5/30], Loss: 1.8100
Epoch [10/30], Loss: 1.7463
Epoch [15/30], Loss: 1.6711
Epoch [20/30], Loss: 1.6357
Epoch [25/30], Loss: 1.6248
Epoch [30/30], Loss: 1.6141
Epoch [5/30], Loss: 1.7831
Epoch [10/30], Loss: 1.7082
Epoch [15/30], Loss: 1.6234
Epoch [20/30], Loss: 1.5926
Epoch [25/30], Loss: 1.5828
Epoch [30/30], Loss: 1.5749
Epoch [5/30], Loss: 1.8269
Epoch [10/30], Loss: 1.7472
Epoch [15/30], Loss: 1.6436
Epoch [20/30], Loss: 1.6048
Epoch [25/30], Loss: 1.5930
Epoch [30/30], Loss: 1.5816
Epoch [5/30], Loss: 1.8299
Epoch [10/30], Loss: 1.7661
Epoch [15/30], Loss: 1.6863
Epoch [20/30], Loss: 1.6424
Epoch [25/30], Loss: 1.6316
Epoch [30/30], Loss: 1.6218
Epoch [5/30], Loss: 1.8093
Epoch [10/30], Loss: 1.7367
Epoch [15/30], Loss: 1.6466
Epoch [20/30], Loss: 1.6110
Epoch [25/30], Loss: 1.5998
Epoch [30/30], Loss: 1.5893
Epoch [5/30], Loss: 1.8030
Epoch [10/30], Loss: 1.7279
Epoch [15/30], Loss: 1.6348
Epoch [20/30], Loss: 1.6001
Epoch [25/30], Loss: 1.5892
Epoch [30/30], Loss: 1.5788
Epoch [5/30], Loss: 1.8212
Epoch [10/30], Loss: 1.7608
Epoch [15/30], Loss: 1.7021
Epoch [20/30], Loss: 1.6566
Epoch [25/30], Loss: 1.6462
Epoch [30/30], Loss: 1.6370
Epoch [5/30], Loss: 1.8188
Epoch [10/30], Loss: 1.7352
Epoch [15/30], Loss: 1.6304
Epoch [20/30], Loss: 1.5882
Epoch [25/30], Loss: 1.5764
Epoch [30/30], Loss: 1.5647
Epoch [5/30], Loss: 1.7876
Epoch [10/30], Loss: 1.7244
Epoch [15/30], Loss: 1.6276
Epoch [20/30], Loss: 1.5916
Epoch [25/30], Loss: 1.5799
Epoch [30/30], Loss: 1.5694
Epoch [5/30], Loss: 1.8252
Epoch [10/30], Loss: 1.7430
Epoch [15/30], Loss: 1.6293
Epoch [20/30], Loss: 1.5850
Epoch [25/30], Loss: 1.5719
Epoch [30/30], Loss: 1.5597
Epoch [5/30], Loss: 1.7884
Epoch [10/30], Loss: 1.7249
Epoch [15/30], Loss: 1.6267
Epoch [20/30], Loss: 1.5868
Epoch [25/30], Loss: 1.5755
Epoch [30/30], Loss: 1.5642
Epoch [5/30], Loss: 1.8238
Epoch [10/30], Loss: 1.7518
Epoch [15/30], Loss: 1.6691
Epoch [20/30], Loss: 1.6278
Epoch [25/30], Loss: 1.6172
Epoch [30/30], Loss: 1.6071
Epoch [5/30], Loss: 1.8209
Epoch [10/30], Loss: 1.7585
Epoch [15/30], Loss: 1.6985
Epoch [20/30], Loss: 1.6474
Epoch [25/30], Loss: 1.6351
Epoch [30/30], Loss: 1.6237
[02:12:37]     perm 40/50
Epoch [5/30], Loss: 1.8161
Epoch [10/30], Loss: 1.7509
Epoch [15/30], Loss: 1.6763
Epoch [20/30], Loss: 1.6425
Epoch [25/30], Loss: 1.6326
Epoch [30/30], Loss: 1.6227
Epoch [5/30], Loss: 1.8410
Epoch [10/30], Loss: 1.7816
Epoch [15/30], Loss: 1.7019
Epoch [20/30], Loss: 1.6682
Epoch [25/30], Loss: 1.6578
Epoch [30/30], Loss: 1.6483
Epoch [5/30], Loss: 1.8137
Epoch [10/30], Loss: 1.7501
Epoch [15/30], Loss: 1.6638
Epoch [20/30], Loss: 1.6327
Epoch [25/30], Loss: 1.6219
Epoch [30/30], Loss: 1.6121
Epoch [5/30], Loss: 1.8116
Epoch [10/30], Loss: 1.7544
Epoch [15/30], Loss: 1.6811
Epoch [20/30], Loss: 1.6495
Epoch [25/30], Loss: 1.6396
Epoch [30/30], Loss: 1.6305
Epoch [5/30], Loss: 1.7942
Epoch [10/30], Loss: 1.7253
Epoch [15/30], Loss: 1.6425
Epoch [20/30], Loss: 1.6117
Epoch [25/30], Loss: 1.6019
Epoch [30/30], Loss: 1.5919
[02:12:49] === MHC_zh / A7_d8_ep30 (certified-dimension primary) ===
Epoch [5/30], Loss: 1.2129
Epoch [10/30], Loss: 1.0786
Epoch [15/30], Loss: 0.9908
Epoch [20/30], Loss: 0.9624
Epoch [25/30], Loss: 0.9533
Epoch [30/30], Loss: 0.9465
R: 0.2368, U1: -0.0000, U2: 0.1884, S: 0.0485
Epoch [5/30], Loss: 1.2414
Epoch [10/30], Loss: 1.0492
Epoch [15/30], Loss: 0.9700
Epoch [20/30], Loss: 0.9230
Epoch [25/30], Loss: 0.9127
Epoch [30/30], Loss: 0.9040
Epoch [5/30], Loss: 1.2753
Epoch [10/30], Loss: 1.0465
Epoch [15/30], Loss: 0.9455
Epoch [20/30], Loss: 0.9023
Epoch [25/30], Loss: 0.8928
Epoch [30/30], Loss: 0.8843
Epoch [5/30], Loss: 1.2946
Epoch [10/30], Loss: 1.0903
Epoch [15/30], Loss: 0.9801
Epoch [20/30], Loss: 0.9454
Epoch [25/30], Loss: 0.9361
Epoch [30/30], Loss: 0.9258
Epoch [5/30], Loss: 1.2501
Epoch [10/30], Loss: 1.0856
Epoch [15/30], Loss: 0.9986
Epoch [20/30], Loss: 0.9732
Epoch [25/30], Loss: 0.9651
Epoch [30/30], Loss: 0.9573
Epoch [5/30], Loss: 1.2375
Epoch [10/30], Loss: 1.0510
Epoch [15/30], Loss: 0.9635
Epoch [20/30], Loss: 0.9347
Epoch [25/30], Loss: 0.9274
Epoch [30/30], Loss: 0.9196
[02:13:02]     [perm ckpt] resuming at 40/50
Epoch [5/30], Loss: 1.8161
Epoch [10/30], Loss: 1.7509
Epoch [15/30], Loss: 1.6763
Epoch [20/30], Loss: 1.6425
Epoch [25/30], Loss: 1.6326
Epoch [30/30], Loss: 1.6227
Epoch [5/30], Loss: 1.8410
Epoch [10/30], Loss: 1.7816
Epoch [15/30], Loss: 1.7019
Epoch [20/30], Loss: 1.6682
Epoch [25/30], Loss: 1.6578
Epoch [30/30], Loss: 1.6483
Epoch [5/30], Loss: 1.8137
Epoch [10/30], Loss: 1.7501
Epoch [15/30], Loss: 1.6638
Epoch [20/30], Loss: 1.6327
Epoch [25/30], Loss: 1.6219
Epoch [30/30], Loss: 1.6121
Epoch [5/30], Loss: 1.8116
Epoch [10/30], Loss: 1.7544
Epoch [15/30], Loss: 1.6811
Epoch [20/30], Loss: 1.6495
Epoch [25/30], Loss: 1.6396
Epoch [30/30], Loss: 1.6305
Epoch [5/30], Loss: 1.7942
Epoch [10/30], Loss: 1.7253
Epoch [15/30], Loss: 1.6425
Epoch [20/30], Loss: 1.6117
Epoch [25/30], Loss: 1.6019
Epoch [30/30], Loss: 1.5919
Epoch [5/30], Loss: 1.8229
Epoch [10/30], Loss: 1.7693
Epoch [15/30], Loss: 1.7137
Epoch [20/30], Loss: 1.6777
Epoch [25/30], Loss: 1.6689
Epoch [30/30], Loss: 1.6608
Epoch [5/30], Loss: 1.8159
Epoch [10/30], Loss: 1.7532
Epoch [15/30], Loss: 1.6573
Epoch [20/30], Loss: 1.6200
Epoch [25/30], Loss: 1.6079
Epoch [30/30], Loss: 1.5968
Epoch [5/30], Loss: 1.8139
Epoch [10/30], Loss: 1.7526
Epoch [15/30], Loss: 1.6585
Epoch [20/30], Loss: 1.6229
Epoch [25/30], Loss: 1.6117
Epoch [30/30], Loss: 1.6008
Epoch [5/30], Loss: 1.8342
Epoch [10/30], Loss: 1.7648
Epoch [15/30], Loss: 1.6663
Epoch [20/30], Loss: 1.6235
Epoch [25/30], Loss: 1.6113
Epoch [30/30], Loss: 1.5997
Epoch [5/30], Loss: 1.8176
Epoch [10/30], Loss: 1.7430
Epoch [15/30], Loss: 1.6439
Epoch [20/30], Loss: 1.6038
Epoch [25/30], Loss: 1.5918
Epoch [30/30], Loss: 1.5809
Epoch [5/30], Loss: 1.8335
Epoch [10/30], Loss: 1.7607
Epoch [15/30], Loss: 1.6537
Epoch [20/30], Loss: 1.6140
Epoch [25/30], Loss: 1.6023
Epoch [30/30], Loss: 1.5909
Epoch [5/30], Loss: 1.8321
Epoch [10/30], Loss: 1.7715
Epoch [15/30], Loss: 1.7005
Epoch [20/30], Loss: 1.6651
Epoch [25/30], Loss: 1.6558
Epoch [30/30], Loss: 1.6464
Epoch [5/30], Loss: 1.8261
Epoch [10/30], Loss: 1.7597
Epoch [15/30], Loss: 1.6548
Epoch [20/30], Loss: 1.6169
Epoch [25/30], Loss: 1.6052
Epoch [30/30], Loss: 1.5941
Epoch [5/30], Loss: 1.7883
Epoch [10/30], Loss: 1.7157
Epoch [15/30], Loss: 1.6246
Epoch [20/30], Loss: 1.5860
Epoch [25/30], Loss: 1.5745
Epoch [30/30], Loss: 1.5643
Epoch [5/30], Loss: 1.8533
Epoch [10/30], Loss: 1.7907
Epoch [15/30], Loss: 1.7086
Epoch [20/30], Loss: 1.6708
Epoch [25/30], Loss: 1.6594
Epoch [30/30], Loss: 1.6497
Epoch [5/30], Loss: 1.8185
Epoch [10/30], Loss: 1.7585
Epoch [15/30], Loss: 1.6732
Epoch [20/30], Loss: 1.6439
Epoch [25/30], Loss: 1.6338
Epoch [30/30], Loss: 1.6237
Epoch [5/30], Loss: 1.8220
Epoch [10/30], Loss: 1.7498
Epoch [15/30], Loss: 1.6606
Epoch [20/30], Loss: 1.6158
Epoch [25/30], Loss: 1.6044
Epoch [30/30], Loss: 1.5939
Epoch [5/30], Loss: 1.8449
Epoch [10/30], Loss: 1.7939
Epoch [15/30], Loss: 1.7390
Epoch [20/30], Loss: 1.7011
Epoch [25/30], Loss: 1.6913
Epoch [30/30], Loss: 1.6839
Epoch [5/30], Loss: 1.8067
Epoch [10/30], Loss: 1.7464
Epoch [15/30], Loss: 1.6593
Epoch [20/30], Loss: 1.6247
Epoch [25/30], Loss: 1.6134
Epoch [30/30], Loss: 1.6032
Epoch [5/30], Loss: 1.8415
Epoch [10/30], Loss: 1.7812
Epoch [15/30], Loss: 1.6949
Epoch [20/30], Loss: 1.6607
Epoch [25/30], Loss: 1.6496
Epoch [30/30], Loss: 1.6390
Epoch [5/30], Loss: 1.8422
Epoch [10/30], Loss: 1.7762
Epoch [15/30], Loss: 1.6885
Epoch [20/30], Loss: 1.6570
Epoch [25/30], Loss: 1.6466
Epoch [30/30], Loss: 1.6374
Epoch [5/30], Loss: 1.8515
Epoch [10/30], Loss: 1.7904
Epoch [15/30], Loss: 1.7139
Epoch [20/30], Loss: 1.6817
Epoch [25/30], Loss: 1.6719
Epoch [30/30], Loss: 1.6618
Epoch [5/30], Loss: 1.8353
Epoch [10/30], Loss: 1.7723
Epoch [15/30], Loss: 1.6827
Epoch [20/30], Loss: 1.6496
Epoch [25/30], Loss: 1.6380
Epoch [30/30], Loss: 1.6279
Epoch [5/30], Loss: 1.8334
Epoch [10/30], Loss: 1.7832
Epoch [15/30], Loss: 1.7199
Epoch [20/30], Loss: 1.6819
Epoch [25/30], Loss: 1.6723
Epoch [30/30], Loss: 1.6644
Epoch [5/30], Loss: 1.8144
Epoch [10/30], Loss: 1.7637
Epoch [15/30], Loss: 1.6987
Epoch [20/30], Loss: 1.6693
Epoch [25/30], Loss: 1.6605
Epoch [30/30], Loss: 1.6519
Epoch [5/30], Loss: 1.8094
Epoch [10/30], Loss: 1.7476
Epoch [15/30], Loss: 1.6715
Epoch [20/30], Loss: 1.6415
Epoch [25/30], Loss: 1.6319
Epoch [30/30], Loss: 1.6226
Epoch [5/30], Loss: 1.7824
Epoch [10/30], Loss: 1.7251
Epoch [15/30], Loss: 1.6434
Epoch [20/30], Loss: 1.6103
Epoch [25/30], Loss: 1.5981
Epoch [30/30], Loss: 1.5880
Epoch [5/30], Loss: 1.8037
Epoch [10/30], Loss: 1.7462
Epoch [15/30], Loss: 1.6690
Epoch [20/30], Loss: 1.6349
Epoch [25/30], Loss: 1.6250
Epoch [30/30], Loss: 1.6155
Epoch [5/30], Loss: 1.8291
Epoch [10/30], Loss: 1.7639
Epoch [15/30], Loss: 1.6737
Epoch [20/30], Loss: 1.6361
Epoch [25/30], Loss: 1.6245
Epoch [30/30], Loss: 1.6128
Epoch [5/30], Loss: 1.8202
Epoch [10/30], Loss: 1.7811
Epoch [15/30], Loss: 1.7277
Epoch [20/30], Loss: 1.7005
Epoch [25/30], Loss: 1.6923
Epoch [30/30], Loss: 1.6842
Epoch [5/30], Loss: 1.8103
Epoch [10/30], Loss: 1.7526
Epoch [15/30], Loss: 1.6688
Epoch [20/30], Loss: 1.6306
Epoch [25/30], Loss: 1.6203
Epoch [30/30], Loss: 1.6104
Epoch [5/30], Loss: 1.7974
Epoch [10/30], Loss: 1.7281
Epoch [15/30], Loss: 1.6508
Epoch [20/30], Loss: 1.6132
Epoch [25/30], Loss: 1.6034
Epoch [30/30], Loss: 1.5936
Epoch [5/30], Loss: 1.8260
Epoch [10/30], Loss: 1.7602
Epoch [15/30], Loss: 1.6718
Epoch [20/30], Loss: 1.6350
Epoch [25/30], Loss: 1.6232
Epoch [30/30], Loss: 1.6120
Epoch [5/30], Loss: 1.7806
Epoch [10/30], Loss: 1.7058
Epoch [15/30], Loss: 1.6052
Epoch [20/30], Loss: 1.5665
Epoch [25/30], Loss: 1.5553
Epoch [30/30], Loss: 1.5442
Epoch [5/30], Loss: 1.8357
Epoch [10/30], Loss: 1.7601
Epoch [15/30], Loss: 1.6718
Epoch [20/30], Loss: 1.6224
Epoch [25/30], Loss: 1.6115
Epoch [30/30], Loss: 1.5995
Epoch [5/30], Loss: 1.8166
Epoch [10/30], Loss: 1.7645
Epoch [15/30], Loss: 1.6982
Epoch [20/30], Loss: 1.6603
Epoch [25/30], Loss: 1.6501
Epoch [30/30], Loss: 1.6406
Epoch [5/30], Loss: 1.7421
Epoch [10/30], Loss: 1.6600
Epoch [15/30], Loss: 1.5763
Epoch [20/30], Loss: 1.5405
Epoch [25/30], Loss: 1.5309
Epoch [30/30], Loss: 1.5220
Epoch [5/30], Loss: 1.8173
Epoch [10/30], Loss: 1.7443
Epoch [15/30], Loss: 1.6591
Epoch [20/30], Loss: 1.6259
Epoch [25/30], Loss: 1.6159
Epoch [30/30], Loss: 1.6061
Epoch [5/30], Loss: 1.7779
Epoch [10/30], Loss: 1.6966
Epoch [15/30], Loss: 1.6096
Epoch [20/30], Loss: 1.5716
Epoch [25/30], Loss: 1.5617
Epoch [30/30], Loss: 1.5519
Epoch [5/30], Loss: 1.7850
Epoch [10/30], Loss: 1.7133
Epoch [15/30], Loss: 1.6432
Epoch [20/30], Loss: 1.6086
Epoch [25/30], Loss: 1.5992
Epoch [30/30], Loss: 1.5907
Epoch [5/30], Loss: 1.7965
Epoch [10/30], Loss: 1.7010
Epoch [15/30], Loss: 1.6047
Epoch [20/30], Loss: 1.5595
Epoch [25/30], Loss: 1.5482
Epoch [30/30], Loss: 1.5381
Epoch [5/30], Loss: 1.7985
Epoch [10/30], Loss: 1.7261
Epoch [15/30], Loss: 1.6437
Epoch [20/30], Loss: 1.6132
Epoch [25/30], Loss: 1.6035
Epoch [30/30], Loss: 1.5951
Epoch [5/30], Loss: 1.8363
Epoch [10/30], Loss: 1.7717
Epoch [15/30], Loss: 1.6888
Epoch [20/30], Loss: 1.6545
Epoch [25/30], Loss: 1.6438
Epoch [30/30], Loss: 1.6339
Epoch [5/30], Loss: 1.8137
Epoch [10/30], Loss: 1.7227
Epoch [15/30], Loss: 1.6192
Epoch [20/30], Loss: 1.5788
Epoch [25/30], Loss: 1.5673
Epoch [30/30], Loss: 1.5560
Epoch [5/30], Loss: 1.7851
Epoch [10/30], Loss: 1.7142
Epoch [15/30], Loss: 1.6174
Epoch [20/30], Loss: 1.5792
Epoch [25/30], Loss: 1.5666
Epoch [30/30], Loss: 1.5547
Epoch [5/30], Loss: 1.8263
Epoch [10/30], Loss: 1.7567
Epoch [15/30], Loss: 1.6552
Epoch [20/30], Loss: 1.6188
Epoch [25/30], Loss: 1.6069
Epoch [30/30], Loss: 1.5963
Epoch [5/30], Loss: 1.7977
Epoch [10/30], Loss: 1.7328
Epoch [15/30], Loss: 1.6516
Epoch [20/30], Loss: 1.6100
Epoch [25/30], Loss: 1.5980
Epoch [30/30], Loss: 1.5872
Epoch [5/30], Loss: 1.8255
Epoch [10/30], Loss: 1.7701
Epoch [15/30], Loss: 1.7078
Epoch [20/30], Loss: 1.6713
Epoch [25/30], Loss: 1.6618
Epoch [30/30], Loss: 1.6520
Epoch [5/30], Loss: 1.8435
Epoch [10/30], Loss: 1.7633
Epoch [15/30], Loss: 1.6679
Epoch [20/30], Loss: 1.6333
Epoch [25/30], Loss: 1.6218
Epoch [30/30], Loss: 1.6108
Epoch [5/30], Loss: 1.8107
Epoch [10/30], Loss: 1.7486
Epoch [15/30], Loss: 1.6696
Epoch [20/30], Loss: 1.6322
Epoch [25/30], Loss: 1.6215
Epoch [30/30], Loss: 1.6116
Epoch [5/30], Loss: 1.8321
Epoch [10/30], Loss: 1.7581
Epoch [15/30], Loss: 1.6807
Epoch [20/30], Loss: 1.6360
Epoch [25/30], Loss: 1.6253
Epoch [30/30], Loss: 1.6156
Epoch [5/30], Loss: 1.8125
Epoch [10/30], Loss: 1.7466
Epoch [15/30], Loss: 1.6661
Epoch [20/30], Loss: 1.6320
Epoch [25/30], Loss: 1.6214
Epoch [30/30], Loss: 1.6116
Epoch [5/30], Loss: 1.7693
Epoch [10/30], Loss: 1.7098
Epoch [15/30], Loss: 1.6309
Epoch [20/30], Loss: 1.6013
Epoch [25/30], Loss: 1.5910
Epoch [30/30], Loss: 1.5809
Epoch [5/30], Loss: 1.8133
Epoch [10/30], Loss: 1.7649
Epoch [15/30], Loss: 1.6877
Epoch [20/30], Loss: 1.6505
Epoch [25/30], Loss: 1.6399
Epoch [30/30], Loss: 1.6302
Epoch [5/30], Loss: 1.7971
Epoch [10/30], Loss: 1.7356
Epoch [15/30], Loss: 1.6540
Epoch [20/30], Loss: 1.6165
Epoch [25/30], Loss: 1.6059
Epoch [30/30], Loss: 1.5955
Epoch [5/30], Loss: 1.7811
Epoch [10/30], Loss: 1.7275
Epoch [15/30], Loss: 1.6643
Epoch [20/30], Loss: 1.6325
Epoch [25/30], Loss: 1.6239
Epoch [30/30], Loss: 1.6157
Epoch [5/30], Loss: 1.7991
Epoch [10/30], Loss: 1.7336
Epoch [15/30], Loss: 1.6580
Epoch [20/30], Loss: 1.6292
Epoch [25/30], Loss: 1.6191
Epoch [30/30], Loss: 1.6106
Epoch [5/30], Loss: 1.8158
Epoch [10/30], Loss: 1.7601
Epoch [15/30], Loss: 1.6896
Epoch [20/30], Loss: 1.6586
Epoch [25/30], Loss: 1.6491
Epoch [30/30], Loss: 1.6399
Epoch [5/30], Loss: 1.8346
Epoch [10/30], Loss: 1.7684
Epoch [15/30], Loss: 1.6919
Epoch [20/30], Loss: 1.6577
Epoch [25/30], Loss: 1.6479
Epoch [30/30], Loss: 1.6387
Epoch [5/30], Loss: 1.8121
Epoch [10/30], Loss: 1.7642
Epoch [15/30], Loss: 1.7119
Epoch [20/30], Loss: 1.6794
Epoch [25/30], Loss: 1.6714
Epoch [30/30], Loss: 1.6639
[02:13:56]     perm 50/50
[02:13:56]   [done] v3_MHC_zh_A7_d8_ep30 66.5s  CF: S=0.0031 I12=0.3534 share=0.008644438703492647 accs=0.713/0.851/0.850
[02:13:56] === MHC_zh / C1 duplicate-stream at d8_ep30 ===
Epoch [5/30], Loss: 1.5522
Epoch [10/30], Loss: 1.4625
Epoch [15/30], Loss: 1.3958
Epoch [20/30], Loss: 1.3702
Epoch [25/30], Loss: 1.3641
Epoch [30/30], Loss: 1.3568
Epoch [5/30], Loss: 1.5193
Epoch [10/30], Loss: 1.4194
Epoch [15/30], Loss: 1.3680
Epoch [20/30], Loss: 1.3209
Epoch [25/30], Loss: 1.3125
Epoch [30/30], Loss: 1.3054
[02:14:09] === MHC_zh / A7_d8_ep30 (certified-dimension primary) ===
[02:14:11]   [ckpt] v3_MHC_zh_A7_d8_ep30
[02:14:11] === MHC_zh / C1 duplicate-stream at d8_ep30 ===
Epoch [5/30], Loss: 1.5522
Epoch [10/30], Loss: 1.4625
Epoch [15/30], Loss: 1.3958
Epoch [20/30], Loss: 1.3702
Epoch [25/30], Loss: 1.3641
Epoch [30/30], Loss: 1.3568
Epoch [5/30], Loss: 1.5193
Epoch [10/30], Loss: 1.4194
Epoch [15/30], Loss: 1.3680
Epoch [20/30], Loss: 1.3209
Epoch [25/30], Loss: 1.3125
Epoch [30/30], Loss: 1.3054
Epoch [5/30], Loss: 1.5719
Epoch [10/30], Loss: 1.4768
Epoch [15/30], Loss: 1.4070
Epoch [20/30], Loss: 1.3797
Epoch [25/30], Loss: 1.3720
Epoch [30/30], Loss: 1.3650
Epoch [5/30], Loss: 1.5949
Epoch [10/30], Loss: 1.4796
Epoch [15/30], Loss: 1.4049
Epoch [20/30], Loss: 1.3768
Epoch [25/30], Loss: 1.3697
Epoch [30/30], Loss: 1.3616
Epoch [5/30], Loss: 1.5935
Epoch [10/30], Loss: 1.4872
Epoch [15/30], Loss: 1.4086
Epoch [20/30], Loss: 1.3846
Epoch [25/30], Loss: 1.3761
Epoch [30/30], Loss: 1.3687
Epoch [5/30], Loss: 1.5213
Epoch [10/30], Loss: 1.4085
Epoch [15/30], Loss: 1.3398
Epoch [20/30], Loss: 1.3075
Epoch [25/30], Loss: 1.3003
Epoch [30/30], Loss: 1.2938
[02:14:24]   [done] v3_MHC_zh_C1dup_d8_ep30 12.2s  CF: S=-0.0000 I12=0.1395 share=-2.7481451005683204e-17 accs=0.713/0.720/0.720
[02:14:24] === MHC_zh / C2 split-half at d8_ep30 ===
Epoch [5/30], Loss: 1.5412
Epoch [10/30], Loss: 1.4401
Epoch [15/30], Loss: 1.3621
Epoch [20/30], Loss: 1.3343
Epoch [25/30], Loss: 1.3254
Epoch [30/30], Loss: 1.3165
Epoch [5/30], Loss: 1.5139
Epoch [10/30], Loss: 1.3845
Epoch [15/30], Loss: 1.3047
Epoch [20/30], Loss: 1.2518
Epoch [25/30], Loss: 1.2415
Epoch [30/30], Loss: 1.2325
Epoch [5/30], Loss: 1.5789
Epoch [10/30], Loss: 1.4479
Epoch [15/30], Loss: 1.3495
Epoch [20/30], Loss: 1.3169
Epoch [25/30], Loss: 1.3070
Epoch [30/30], Loss: 1.2976
Epoch [5/30], Loss: 1.5855
Epoch [10/30], Loss: 1.4488
Epoch [15/30], Loss: 1.3469
Epoch [20/30], Loss: 1.3150
Epoch [25/30], Loss: 1.3056
Epoch [30/30], Loss: 1.2960
Epoch [5/30], Loss: 1.5915
Epoch [10/30], Loss: 1.4761
Epoch [15/30], Loss: 1.3760
Epoch [20/30], Loss: 1.3480
Epoch [25/30], Loss: 1.3380
Epoch [30/30], Loss: 1.3289
Epoch [5/30], Loss: 1.5462
Epoch [10/30], Loss: 1.4157
Epoch [15/30], Loss: 1.3300
Epoch [20/30], Loss: 1.2920
Epoch [25/30], Loss: 1.2821
Epoch [30/30], Loss: 1.2729
[02:14:36]   [done] v3_MHC_zh_C2half_d8_ep30 10.7s  CF: S=0.0000 I12=0.1406 share=9.81878354783651e-17 accs=0.706/0.694/0.713
[02:14:38] === MHC_zh / A7_d16_ep30 (certified-dimension primary) ===
Epoch [5/30], Loss: 1.0608
Epoch [10/30], Loss: 0.7885
Epoch [15/30], Loss: 0.6387
Epoch [20/30], Loss: 0.5941
Epoch [25/30], Loss: 0.5801
Epoch [30/30], Loss: 0.5672
R: 0.3505, U1: 0.0000, U2: 0.1876, S: 0.0887
Epoch [5/30], Loss: 1.1337
Epoch [10/30], Loss: 0.7729
Epoch [15/30], Loss: 0.6113
Epoch [20/30], Loss: 0.5525
Epoch [25/30], Loss: 0.5375
Epoch [30/30], Loss: 0.5240
Epoch [5/30], Loss: 1.2184
Epoch [10/30], Loss: 0.8410
Epoch [15/30], Loss: 0.6573
Epoch [20/30], Loss: 0.6086
Epoch [25/30], Loss: 0.5930
Epoch [30/30], Loss: 0.5787
Epoch [5/30], Loss: 1.2226
Epoch [10/30], Loss: 0.8243
Epoch [15/30], Loss: 0.6369
Epoch [20/30], Loss: 0.5878
Epoch [25/30], Loss: 0.5728
Epoch [30/30], Loss: 0.5584
Epoch [5/30], Loss: 1.1278
Epoch [10/30], Loss: 0.8068
Epoch [15/30], Loss: 0.6363
Epoch [20/30], Loss: 0.5956
Epoch [25/30], Loss: 0.5819
Epoch [30/30], Loss: 0.5681
Epoch [5/30], Loss: 1.2144
Epoch [10/30], Loss: 0.8129
Epoch [15/30], Loss: 0.6245
Epoch [20/30], Loss: 0.5771
Epoch [25/30], Loss: 0.5615
Epoch [30/30], Loss: 0.5468
Epoch [5/30], Loss: 1.7659
Epoch [10/30], Loss: 1.5924
Epoch [15/30], Loss: 1.3758
Epoch [20/30], Loss: 1.2976
Epoch [25/30], Loss: 1.2735
Epoch [30/30], Loss: 1.2496
Epoch [5/30], Loss: 1.7730
Epoch [10/30], Loss: 1.6374
Epoch [15/30], Loss: 1.4581
Epoch [20/30], Loss: 1.3932
Epoch [25/30], Loss: 1.3717
Epoch [30/30], Loss: 1.3499
Epoch [5/30], Loss: 1.7439
Epoch [10/30], Loss: 1.6019
Epoch [15/30], Loss: 1.4002
Epoch [20/30], Loss: 1.3293
Epoch [25/30], Loss: 1.3067
Epoch [30/30], Loss: 1.2849
Epoch [5/30], Loss: 1.7460
Epoch [10/30], Loss: 1.5815
Epoch [15/30], Loss: 1.3638
Epoch [20/30], Loss: 1.2926
Epoch [25/30], Loss: 1.2678
Epoch [30/30], Loss: 1.2435
Epoch [5/30], Loss: 1.7579
Epoch [10/30], Loss: 1.5974
Epoch [15/30], Loss: 1.3692
Epoch [20/30], Loss: 1.2917
Epoch [25/30], Loss: 1.2641
Epoch [30/30], Loss: 1.2392
Epoch [5/30], Loss: 1.7721
Epoch [10/30], Loss: 1.6482
Epoch [15/30], Loss: 1.4718
Epoch [20/30], Loss: 1.4005
Epoch [25/30], Loss: 1.3759
Epoch [30/30], Loss: 1.3549
Epoch [5/30], Loss: 1.7328
Epoch [10/30], Loss: 1.5985
Epoch [15/30], Loss: 1.3981
Epoch [20/30], Loss: 1.3287
Epoch [25/30], Loss: 1.3037
Epoch [30/30], Loss: 1.2799
Epoch [5/30], Loss: 1.7396
Epoch [10/30], Loss: 1.5758
Epoch [15/30], Loss: 1.3137
Epoch [20/30], Loss: 1.2318
Epoch [25/30], Loss: 1.2030
Epoch [30/30], Loss: 1.1762
Epoch [5/30], Loss: 1.8097
Epoch [10/30], Loss: 1.6814
Epoch [15/30], Loss: 1.4842
Epoch [20/30], Loss: 1.4143
Epoch [25/30], Loss: 1.3878
Epoch [30/30], Loss: 1.3637
Epoch [5/30], Loss: 1.7742
Epoch [10/30], Loss: 1.6277
Epoch [15/30], Loss: 1.4166
Epoch [20/30], Loss: 1.3367
Epoch [25/30], Loss: 1.3111
Epoch [30/30], Loss: 1.2871
Epoch [5/30], Loss: 1.7882
Epoch [10/30], Loss: 1.6374
Epoch [15/30], Loss: 1.4135
Epoch [20/30], Loss: 1.3455
Epoch [25/30], Loss: 1.3205
Epoch [30/30], Loss: 1.2952
Epoch [5/30], Loss: 1.7917
Epoch [10/30], Loss: 1.6659
Epoch [15/30], Loss: 1.4828
Epoch [20/30], Loss: 1.4093
Epoch [25/30], Loss: 1.3857
Epoch [30/30], Loss: 1.3643
Epoch [5/30], Loss: 1.7208
Epoch [10/30], Loss: 1.5586
Epoch [15/30], Loss: 1.3491
Epoch [20/30], Loss: 1.2725
Epoch [25/30], Loss: 1.2465
Epoch [30/30], Loss: 1.2228
Epoch [5/30], Loss: 1.7264
Epoch [10/30], Loss: 1.5906
Epoch [15/30], Loss: 1.3846
Epoch [20/30], Loss: 1.3028
Epoch [25/30], Loss: 1.2758
Epoch [30/30], Loss: 1.2503
Epoch [5/30], Loss: 1.7958
Epoch [10/30], Loss: 1.6455
Epoch [15/30], Loss: 1.3887
Epoch [20/30], Loss: 1.3072
Epoch [25/30], Loss: 1.2787
Epoch [30/30], Loss: 1.2525
Epoch [5/30], Loss: 1.7881
Epoch [10/30], Loss: 1.6337
Epoch [15/30], Loss: 1.4095
Epoch [20/30], Loss: 1.3287
Epoch [25/30], Loss: 1.3021
Epoch [30/30], Loss: 1.2771
Epoch [5/30], Loss: 1.8110
Epoch [10/30], Loss: 1.6745
Epoch [15/30], Loss: 1.4744
Epoch [20/30], Loss: 1.4032
Epoch [25/30], Loss: 1.3793
Epoch [30/30], Loss: 1.3553
Epoch [5/30], Loss: 1.7866
Epoch [10/30], Loss: 1.6414
Epoch [15/30], Loss: 1.4453
Epoch [20/30], Loss: 1.3723
Epoch [25/30], Loss: 1.3487
Epoch [30/30], Loss: 1.3274
Epoch [5/30], Loss: 1.7346
Epoch [10/30], Loss: 1.5870
Epoch [15/30], Loss: 1.3926
Epoch [20/30], Loss: 1.3297
Epoch [25/30], Loss: 1.3069
Epoch [30/30], Loss: 1.2862
Epoch [5/30], Loss: 1.7316
Epoch [10/30], Loss: 1.6005
Epoch [15/30], Loss: 1.3939
Epoch [20/30], Loss: 1.3242
Epoch [25/30], Loss: 1.3001
Epoch [30/30], Loss: 1.2782
Epoch [5/30], Loss: 1.7986
Epoch [10/30], Loss: 1.6450
Epoch [15/30], Loss: 1.4074
Epoch [20/30], Loss: 1.3185
Epoch [25/30], Loss: 1.2908
Epoch [30/30], Loss: 1.2649
Epoch [5/30], Loss: 1.7647
Epoch [10/30], Loss: 1.6140
Epoch [15/30], Loss: 1.4127
Epoch [20/30], Loss: 1.3406
Epoch [25/30], Loss: 1.3178
Epoch [30/30], Loss: 1.2957
Epoch [5/30], Loss: 1.8303
Epoch [10/30], Loss: 1.6982
Epoch [15/30], Loss: 1.5070
Epoch [20/30], Loss: 1.4373
Epoch [25/30], Loss: 1.4138
Epoch [30/30], Loss: 1.3910
Epoch [5/30], Loss: 1.7935
Epoch [10/30], Loss: 1.6787
Epoch [15/30], Loss: 1.5229
Epoch [20/30], Loss: 1.4613
Epoch [25/30], Loss: 1.4390
Epoch [30/30], Loss: 1.4186
Epoch [5/30], Loss: 1.7946
Epoch [10/30], Loss: 1.6549
Epoch [15/30], Loss: 1.4659
Epoch [20/30], Loss: 1.3993
Epoch [25/30], Loss: 1.3773
Epoch [30/30], Loss: 1.3559
Epoch [5/30], Loss: 1.7517
Epoch [10/30], Loss: 1.5951
Epoch [15/30], Loss: 1.3915
Epoch [20/30], Loss: 1.3223
Epoch [25/30], Loss: 1.2986
Epoch [30/30], Loss: 1.2751
Epoch [5/30], Loss: 1.8086
Epoch [10/30], Loss: 1.6599
Epoch [15/30], Loss: 1.4317
Epoch [20/30], Loss: 1.3518
Epoch [25/30], Loss: 1.3248
Epoch [30/30], Loss: 1.2999
Epoch [5/30], Loss: 1.7810
Epoch [10/30], Loss: 1.6357
Epoch [15/30], Loss: 1.4383
Epoch [20/30], Loss: 1.3706
Epoch [25/30], Loss: 1.3472
Epoch [30/30], Loss: 1.3250
Epoch [5/30], Loss: 1.7895
Epoch [10/30], Loss: 1.6569
Epoch [15/30], Loss: 1.4520
Epoch [20/30], Loss: 1.3819
Epoch [25/30], Loss: 1.3577
Epoch [30/30], Loss: 1.3354
Epoch [5/30], Loss: 1.7915
Epoch [10/30], Loss: 1.6767
Epoch [15/30], Loss: 1.5052
Epoch [20/30], Loss: 1.4329
Epoch [25/30], Loss: 1.4113
Epoch [30/30], Loss: 1.3907
Epoch [5/30], Loss: 1.7146
Epoch [10/30], Loss: 1.5584
Epoch [15/30], Loss: 1.3513
Epoch [20/30], Loss: 1.2833
Epoch [25/30], Loss: 1.2602
Epoch [30/30], Loss: 1.2386
Epoch [5/30], Loss: 1.7353
Epoch [10/30], Loss: 1.5755
Epoch [15/30], Loss: 1.3871
Epoch [20/30], Loss: 1.3145
Epoch [25/30], Loss: 1.2919
Epoch [30/30], Loss: 1.2702
Epoch [5/30], Loss: 1.7774
Epoch [10/30], Loss: 1.6053
Epoch [15/30], Loss: 1.3782
Epoch [20/30], Loss: 1.2968
Epoch [25/30], Loss: 1.2720
Epoch [30/30], Loss: 1.2478
Epoch [5/30], Loss: 1.7661
Epoch [10/30], Loss: 1.6136
Epoch [15/30], Loss: 1.4067
Epoch [20/30], Loss: 1.3360
Epoch [25/30], Loss: 1.3129
Epoch [30/30], Loss: 1.2909
Epoch [5/30], Loss: 1.7903
Epoch [10/30], Loss: 1.6344
Epoch [15/30], Loss: 1.4183
Epoch [20/30], Loss: 1.3411
Epoch [25/30], Loss: 1.3139
Epoch [30/30], Loss: 1.2903
Epoch [5/30], Loss: 1.7578
Epoch [10/30], Loss: 1.6317
Epoch [15/30], Loss: 1.4513
Epoch [20/30], Loss: 1.3905
Epoch [25/30], Loss: 1.3673
Epoch [30/30], Loss: 1.3469
Epoch [5/30], Loss: 1.8288
Epoch [10/30], Loss: 1.6717
Epoch [15/30], Loss: 1.4785
Epoch [20/30], Loss: 1.4082
Epoch [25/30], Loss: 1.3848
Epoch [30/30], Loss: 1.3628
Epoch [5/30], Loss: 1.7732
Epoch [10/30], Loss: 1.6379
Epoch [15/30], Loss: 1.4415
Epoch [20/30], Loss: 1.3692
Epoch [25/30], Loss: 1.3438
Epoch [30/30], Loss: 1.3205
Epoch [5/30], Loss: 1.7748
Epoch [10/30], Loss: 1.6536
Epoch [15/30], Loss: 1.4702
Epoch [20/30], Loss: 1.4074
Epoch [25/30], Loss: 1.3843
Epoch [30/30], Loss: 1.3614
Epoch [5/30], Loss: 1.7487
Epoch [10/30], Loss: 1.6192
Epoch [15/30], Loss: 1.4162
Epoch [20/30], Loss: 1.3452
Epoch [25/30], Loss: 1.3210
Epoch [30/30], Loss: 1.2967
Epoch [5/30], Loss: 1.7303
Epoch [10/30], Loss: 1.5914
Epoch [15/30], Loss: 1.3978
Epoch [20/30], Loss: 1.3284
Epoch [25/30], Loss: 1.3052
Epoch [30/30], Loss: 1.2825
Epoch [5/30], Loss: 1.7875
Epoch [10/30], Loss: 1.6713
Epoch [15/30], Loss: 1.5018
Epoch [20/30], Loss: 1.4397
Epoch [25/30], Loss: 1.4177
Epoch [30/30], Loss: 1.3974
Epoch [5/30], Loss: 1.7450
Epoch [10/30], Loss: 1.5941
Epoch [15/30], Loss: 1.3852
Epoch [20/30], Loss: 1.3170
Epoch [25/30], Loss: 1.2925
Epoch [30/30], Loss: 1.2691
Epoch [5/30], Loss: 1.8148
Epoch [10/30], Loss: 1.6540
Epoch [15/30], Loss: 1.4098
Epoch [20/30], Loss: 1.3264
Epoch [25/30], Loss: 1.2986
Epoch [30/30], Loss: 1.2722
Epoch [5/30], Loss: 1.7863
Epoch [10/30], Loss: 1.6527
Epoch [15/30], Loss: 1.4422
Epoch [20/30], Loss: 1.3661
Epoch [25/30], Loss: 1.3403
Epoch [30/30], Loss: 1.3165
Epoch [5/30], Loss: 1.8068
Epoch [10/30], Loss: 1.6551
Epoch [15/30], Loss: 1.4122
Epoch [20/30], Loss: 1.3333
Epoch [25/30], Loss: 1.3051
Epoch [30/30], Loss: 1.2792
Epoch [5/30], Loss: 1.7419
Epoch [10/30], Loss: 1.6022
Epoch [15/30], Loss: 1.3803
Epoch [20/30], Loss: 1.3016
Epoch [25/30], Loss: 1.2757
Epoch [30/30], Loss: 1.2517
Epoch [5/30], Loss: 1.7988
Epoch [10/30], Loss: 1.6773
Epoch [15/30], Loss: 1.4862
Epoch [20/30], Loss: 1.4157
Epoch [25/30], Loss: 1.3907
Epoch [30/30], Loss: 1.3687
Epoch [5/30], Loss: 1.7878
Epoch [10/30], Loss: 1.6553
Epoch [15/30], Loss: 1.4490
Epoch [20/30], Loss: 1.3795
Epoch [25/30], Loss: 1.3557
Epoch [30/30], Loss: 1.3331
Epoch [5/30], Loss: 1.7628
Epoch [10/30], Loss: 1.6509
Epoch [15/30], Loss: 1.4700
Epoch [20/30], Loss: 1.4060
Epoch [25/30], Loss: 1.3837
Epoch [30/30], Loss: 1.3617
Epoch [5/30], Loss: 1.7979
Epoch [10/30], Loss: 1.6541
Epoch [15/30], Loss: 1.4736
Epoch [20/30], Loss: 1.4019
Epoch [25/30], Loss: 1.3804
Epoch [30/30], Loss: 1.3590
Epoch [5/30], Loss: 1.7795
Epoch [10/30], Loss: 1.6341
Epoch [15/30], Loss: 1.4402
Epoch [20/30], Loss: 1.3753
Epoch [25/30], Loss: 1.3523
Epoch [30/30], Loss: 1.3306
Epoch [5/30], Loss: 1.7612
Epoch [10/30], Loss: 1.6052
Epoch [15/30], Loss: 1.3950
Epoch [20/30], Loss: 1.3254
Epoch [25/30], Loss: 1.3018
Epoch [30/30], Loss: 1.2786
Epoch [5/30], Loss: 1.7898
Epoch [10/30], Loss: 1.6763
Epoch [15/30], Loss: 1.5086
Epoch [20/30], Loss: 1.4404
Epoch [25/30], Loss: 1.4162
Epoch [30/30], Loss: 1.3952
Epoch [5/30], Loss: 1.8133
Epoch [10/30], Loss: 1.6824
Epoch [15/30], Loss: 1.4844
Epoch [20/30], Loss: 1.4121
Epoch [25/30], Loss: 1.3863
Epoch [30/30], Loss: 1.3635
Epoch [5/30], Loss: 1.7726
Epoch [10/30], Loss: 1.6564
Epoch [15/30], Loss: 1.4691
Epoch [20/30], Loss: 1.4014
Epoch [25/30], Loss: 1.3776
Epoch [30/30], Loss: 1.3548
Epoch [5/30], Loss: 1.7872
Epoch [10/30], Loss: 1.6526
Epoch [15/30], Loss: 1.4782
Epoch [20/30], Loss: 1.4127
Epoch [25/30], Loss: 1.3896
Epoch [30/30], Loss: 1.3680
Epoch [5/30], Loss: 1.7876
Epoch [10/30], Loss: 1.6229
Epoch [15/30], Loss: 1.3824
Epoch [20/30], Loss: 1.3064
Epoch [25/30], Loss: 1.2800
Epoch [30/30], Loss: 1.2541
Epoch [5/30], Loss: 1.7707
Epoch [10/30], Loss: 1.6292
Epoch [15/30], Loss: 1.4308
Epoch [20/30], Loss: 1.3606
Epoch [25/30], Loss: 1.3368
Epoch [30/30], Loss: 1.3139
Epoch [5/30], Loss: 1.7983
Epoch [10/30], Loss: 1.6754
Epoch [15/30], Loss: 1.5209
Epoch [20/30], Loss: 1.4323
Epoch [25/30], Loss: 1.4103
Epoch [30/30], Loss: 1.3903
[02:15:45]     perm 10/50
Epoch [5/30], Loss: 1.7456
Epoch [10/30], Loss: 1.6265
Epoch [15/30], Loss: 1.4391
Epoch [20/30], Loss: 1.3667
Epoch [25/30], Loss: 1.3436
Epoch [30/30], Loss: 1.3213
Epoch [5/30], Loss: 1.7847
Epoch [10/30], Loss: 1.6480
Epoch [15/30], Loss: 1.4297
Epoch [20/30], Loss: 1.3558
Epoch [25/30], Loss: 1.3303
Epoch [30/30], Loss: 1.3062
Epoch [5/30], Loss: 1.8028
Epoch [10/30], Loss: 1.6821
Epoch [15/30], Loss: 1.5031
Epoch [20/30], Loss: 1.4357
Epoch [25/30], Loss: 1.4131
Epoch [30/30], Loss: 1.3912
Epoch [5/30], Loss: 1.8110
Epoch [10/30], Loss: 1.6825
Epoch [15/30], Loss: 1.4559
Epoch [20/30], Loss: 1.3833
Epoch [25/30], Loss: 1.3571
Epoch [30/30], Loss: 1.3324
Epoch [5/30], Loss: 1.7947
Epoch [10/30], Loss: 1.6663
Epoch [15/30], Loss: 1.4562
Epoch [20/30], Loss: 1.3819
Epoch [25/30], Loss: 1.3572
Epoch [30/30], Loss: 1.3338
Epoch [5/30], Loss: 1.7988
Epoch [10/30], Loss: 1.6839
Epoch [15/30], Loss: 1.5055
Epoch [20/30], Loss: 1.4371
Epoch [25/30], Loss: 1.4138
Epoch [30/30], Loss: 1.3918
Epoch [5/30], Loss: 1.7899
Epoch [10/30], Loss: 1.6753
Epoch [15/30], Loss: 1.4769
Epoch [20/30], Loss: 1.4066
Epoch [25/30], Loss: 1.3812
Epoch [30/30], Loss: 1.3570
Epoch [5/30], Loss: 1.7952
Epoch [10/30], Loss: 1.6513
Epoch [15/30], Loss: 1.4164
Epoch [20/30], Loss: 1.3322
Epoch [25/30], Loss: 1.3040
Epoch [30/30], Loss: 1.2765
Epoch [5/30], Loss: 1.7456
Epoch [10/30], Loss: 1.6113
Epoch [15/30], Loss: 1.4264
Epoch [20/30], Loss: 1.3545
Epoch [25/30], Loss: 1.3296
Epoch [30/30], Loss: 1.3069
Epoch [5/30], Loss: 1.7448
Epoch [10/30], Loss: 1.6095
Epoch [15/30], Loss: 1.3930
Epoch [20/30], Loss: 1.3118
Epoch [25/30], Loss: 1.2854
Epoch [30/30], Loss: 1.2600
Epoch [5/30], Loss: 1.8202
Epoch [10/30], Loss: 1.6783
Epoch [15/30], Loss: 1.4724
Epoch [20/30], Loss: 1.3810
Epoch [25/30], Loss: 1.3546
Epoch [30/30], Loss: 1.3300
Epoch [5/30], Loss: 1.7686
Epoch [10/30], Loss: 1.6348
Epoch [15/30], Loss: 1.4517
Epoch [20/30], Loss: 1.3713
Epoch [25/30], Loss: 1.3477
Epoch [30/30], Loss: 1.3272
Epoch [5/30], Loss: 1.7781
Epoch [10/30], Loss: 1.6595
Epoch [15/30], Loss: 1.4805
Epoch [20/30], Loss: 1.4116
Epoch [25/30], Loss: 1.3867
Epoch [30/30], Loss: 1.3637
Epoch [5/30], Loss: 1.7693
Epoch [10/30], Loss: 1.6208
Epoch [15/30], Loss: 1.4060
Epoch [20/30], Loss: 1.3328
Epoch [25/30], Loss: 1.3079
Epoch [30/30], Loss: 1.2849
Epoch [5/30], Loss: 1.7509
Epoch [10/30], Loss: 1.6136
Epoch [15/30], Loss: 1.4261
Epoch [20/30], Loss: 1.3546
Epoch [25/30], Loss: 1.3309
Epoch [30/30], Loss: 1.3087
Epoch [5/30], Loss: 1.7579
Epoch [10/30], Loss: 1.6324
Epoch [15/30], Loss: 1.4535
Epoch [20/30], Loss: 1.3778
Epoch [25/30], Loss: 1.3538
Epoch [30/30], Loss: 1.3302
Epoch [5/30], Loss: 1.7463
Epoch [10/30], Loss: 1.6015
Epoch [15/30], Loss: 1.4056
Epoch [20/30], Loss: 1.3305
Epoch [25/30], Loss: 1.3054
Epoch [30/30], Loss: 1.2811
Epoch [5/30], Loss: 1.7661
Epoch [10/30], Loss: 1.6434
Epoch [15/30], Loss: 1.4834
Epoch [20/30], Loss: 1.3943
Epoch [25/30], Loss: 1.3719
Epoch [30/30], Loss: 1.3499
Epoch [5/30], Loss: 1.7904
Epoch [10/30], Loss: 1.6630
Epoch [15/30], Loss: 1.4686
Epoch [20/30], Loss: 1.3968
Epoch [25/30], Loss: 1.3732
Epoch [30/30], Loss: 1.3514
Epoch [5/30], Loss: 1.7325
Epoch [10/30], Loss: 1.5992
Epoch [15/30], Loss: 1.4009
Epoch [20/30], Loss: 1.3329
Epoch [25/30], Loss: 1.3096
Epoch [30/30], Loss: 1.2870
Epoch [5/30], Loss: 1.7982
Epoch [10/30], Loss: 1.6700
Epoch [15/30], Loss: 1.4675
Epoch [20/30], Loss: 1.3921
Epoch [25/30], Loss: 1.3667
Epoch [30/30], Loss: 1.3433
Epoch [5/30], Loss: 1.8053
Epoch [10/30], Loss: 1.6466
Epoch [15/30], Loss: 1.4136
Epoch [20/30], Loss: 1.3288
Epoch [25/30], Loss: 1.3005
Epoch [30/30], Loss: 1.2747
Epoch [5/30], Loss: 1.7730
Epoch [10/30], Loss: 1.6263
Epoch [15/30], Loss: 1.4084
Epoch [20/30], Loss: 1.3280
Epoch [25/30], Loss: 1.3016
Epoch [30/30], Loss: 1.2765
Epoch [5/30], Loss: 1.8001
Epoch [10/30], Loss: 1.7030
Epoch [15/30], Loss: 1.5528
Epoch [20/30], Loss: 1.4846
Epoch [25/30], Loss: 1.4634
Epoch [30/30], Loss: 1.4433
Epoch [5/30], Loss: 1.7544
Epoch [10/30], Loss: 1.5804
Epoch [15/30], Loss: 1.3328
Epoch [20/30], Loss: 1.2502
Epoch [25/30], Loss: 1.2221
Epoch [30/30], Loss: 1.1965
Epoch [5/30], Loss: 1.7047
Epoch [10/30], Loss: 1.5620
Epoch [15/30], Loss: 1.3870
Epoch [20/30], Loss: 1.3213
Epoch [25/30], Loss: 1.2998
Epoch [30/30], Loss: 1.2786
Epoch [5/30], Loss: 1.7554
Epoch [10/30], Loss: 1.6035
Epoch [15/30], Loss: 1.4038
Epoch [20/30], Loss: 1.3292
Epoch [25/30], Loss: 1.3048
Epoch [30/30], Loss: 1.2815
Epoch [5/30], Loss: 1.7802
Epoch [10/30], Loss: 1.6340
Epoch [15/30], Loss: 1.4355
Epoch [20/30], Loss: 1.3640
Epoch [25/30], Loss: 1.3411
Epoch [30/30], Loss: 1.3174
Epoch [5/30], Loss: 1.7717
Epoch [10/30], Loss: 1.6118
Epoch [15/30], Loss: 1.4166
Epoch [20/30], Loss: 1.3405
Epoch [25/30], Loss: 1.3163
Epoch [30/30], Loss: 1.2924
Epoch [5/30], Loss: 1.7588
Epoch [10/30], Loss: 1.6377
Epoch [15/30], Loss: 1.4862
Epoch [20/30], Loss: 1.4215
Epoch [25/30], Loss: 1.4009
Epoch [30/30], Loss: 1.3810
Epoch [5/30], Loss: 1.8169
Epoch [10/30], Loss: 1.6873
Epoch [15/30], Loss: 1.5101
Epoch [20/30], Loss: 1.4483
Epoch [25/30], Loss: 1.4255
Epoch [30/30], Loss: 1.4048
Epoch [5/30], Loss: 1.8176
Epoch [10/30], Loss: 1.6975
Epoch [15/30], Loss: 1.5407
Epoch [20/30], Loss: 1.4575
Epoch [25/30], Loss: 1.4342
Epoch [30/30], Loss: 1.4119
Epoch [5/30], Loss: 1.7922
Epoch [10/30], Loss: 1.6610
Epoch [15/30], Loss: 1.4775
Epoch [20/30], Loss: 1.4044
Epoch [25/30], Loss: 1.3816
Epoch [30/30], Loss: 1.3602
Epoch [5/30], Loss: 1.7486
Epoch [10/30], Loss: 1.6111
Epoch [15/30], Loss: 1.4449
Epoch [20/30], Loss: 1.3852
Epoch [25/30], Loss: 1.3653
Epoch [30/30], Loss: 1.3454
Epoch [5/30], Loss: 1.7636
Epoch [10/30], Loss: 1.6420
Epoch [15/30], Loss: 1.4623
Epoch [20/30], Loss: 1.3901
Epoch [25/30], Loss: 1.3674
Epoch [30/30], Loss: 1.3451
Epoch [5/30], Loss: 1.7973
Epoch [10/30], Loss: 1.6724
Epoch [15/30], Loss: 1.5133
Epoch [20/30], Loss: 1.4574
Epoch [25/30], Loss: 1.4362
Epoch [30/30], Loss: 1.4174
Epoch [5/30], Loss: 1.7690
Epoch [10/30], Loss: 1.6403
Epoch [15/30], Loss: 1.4488
Epoch [20/30], Loss: 1.3859
Epoch [25/30], Loss: 1.3636
Epoch [30/30], Loss: 1.3417
Epoch [5/30], Loss: 1.8022
Epoch [10/30], Loss: 1.6769
Epoch [15/30], Loss: 1.4866
Epoch [20/30], Loss: 1.4125
Epoch [25/30], Loss: 1.3871
Epoch [30/30], Loss: 1.3636
Epoch [5/30], Loss: 1.7469
Epoch [10/30], Loss: 1.6265
Epoch [15/30], Loss: 1.4337
Epoch [20/30], Loss: 1.3665
Epoch [25/30], Loss: 1.3426
Epoch [30/30], Loss: 1.3203
Epoch [5/30], Loss: 1.7962
Epoch [10/30], Loss: 1.6698
Epoch [15/30], Loss: 1.4747
Epoch [20/30], Loss: 1.3996
Epoch [25/30], Loss: 1.3734
Epoch [30/30], Loss: 1.3487
Epoch [5/30], Loss: 1.7842
Epoch [10/30], Loss: 1.6540
Epoch [15/30], Loss: 1.4492
Epoch [20/30], Loss: 1.3705
Epoch [25/30], Loss: 1.3447
Epoch [30/30], Loss: 1.3207
Epoch [5/30], Loss: 1.7933
Epoch [10/30], Loss: 1.6985
Epoch [15/30], Loss: 1.5361
Epoch [20/30], Loss: 1.4732
Epoch [25/30], Loss: 1.4506
Epoch [30/30], Loss: 1.4300
Epoch [5/30], Loss: 1.7987
Epoch [10/30], Loss: 1.6719
Epoch [15/30], Loss: 1.4675
Epoch [20/30], Loss: 1.3992
Epoch [25/30], Loss: 1.3743
Epoch [30/30], Loss: 1.3511
Epoch [5/30], Loss: 1.7455
Epoch [10/30], Loss: 1.6184
Epoch [15/30], Loss: 1.4182
Epoch [20/30], Loss: 1.3474
Epoch [25/30], Loss: 1.3230
Epoch [30/30], Loss: 1.2994
Epoch [5/30], Loss: 1.8191
Epoch [10/30], Loss: 1.6923
Epoch [15/30], Loss: 1.4861
Epoch [20/30], Loss: 1.4105
Epoch [25/30], Loss: 1.3845
Epoch [30/30], Loss: 1.3594
Epoch [5/30], Loss: 1.7714
Epoch [10/30], Loss: 1.6185
Epoch [15/30], Loss: 1.3857
Epoch [20/30], Loss: 1.3098
Epoch [25/30], Loss: 1.2843
Epoch [30/30], Loss: 1.2609
Epoch [5/30], Loss: 1.7949
Epoch [10/30], Loss: 1.6753
Epoch [15/30], Loss: 1.4932
Epoch [20/30], Loss: 1.4243
Epoch [25/30], Loss: 1.3999
Epoch [30/30], Loss: 1.3776
Epoch [5/30], Loss: 1.7946
Epoch [10/30], Loss: 1.6904
Epoch [15/30], Loss: 1.5403
Epoch [20/30], Loss: 1.4792
Epoch [25/30], Loss: 1.4582
Epoch [30/30], Loss: 1.4388
Epoch [5/30], Loss: 1.8097
Epoch [10/30], Loss: 1.6722
Epoch [15/30], Loss: 1.4807
Epoch [20/30], Loss: 1.4056
Epoch [25/30], Loss: 1.3821
Epoch [30/30], Loss: 1.3591
Epoch [5/30], Loss: 1.7665
Epoch [10/30], Loss: 1.6345
Epoch [15/30], Loss: 1.4413
Epoch [20/30], Loss: 1.3712
Epoch [25/30], Loss: 1.3475
Epoch [30/30], Loss: 1.3241
Epoch [5/30], Loss: 1.7707
Epoch [10/30], Loss: 1.6419
Epoch [15/30], Loss: 1.4299
Epoch [20/30], Loss: 1.3476
Epoch [25/30], Loss: 1.3215
Epoch [30/30], Loss: 1.2967
Epoch [5/30], Loss: 1.7534
Epoch [10/30], Loss: 1.6225
Epoch [15/30], Loss: 1.4220
Epoch [20/30], Loss: 1.3514
Epoch [25/30], Loss: 1.3270
Epoch [30/30], Loss: 1.3037
Epoch [5/30], Loss: 1.7907
Epoch [10/30], Loss: 1.6642
Epoch [15/30], Loss: 1.4643
Epoch [20/30], Loss: 1.3994
Epoch [25/30], Loss: 1.3761
Epoch [30/30], Loss: 1.3535
Epoch [5/30], Loss: 1.7809
Epoch [10/30], Loss: 1.6719
Epoch [15/30], Loss: 1.4999
Epoch [20/30], Loss: 1.4313
Epoch [25/30], Loss: 1.4095
Epoch [30/30], Loss: 1.3884
Epoch [5/30], Loss: 1.7957
Epoch [10/30], Loss: 1.6574
Epoch [15/30], Loss: 1.4452
Epoch [20/30], Loss: 1.3683
Epoch [25/30], Loss: 1.3426
Epoch [30/30], Loss: 1.3189
Epoch [5/30], Loss: 1.7829
Epoch [10/30], Loss: 1.6549
Epoch [15/30], Loss: 1.4526
Epoch [20/30], Loss: 1.3846
Epoch [25/30], Loss: 1.3597
Epoch [30/30], Loss: 1.3361
Epoch [5/30], Loss: 1.7602
Epoch [10/30], Loss: 1.6347
Epoch [15/30], Loss: 1.4434
Epoch [20/30], Loss: 1.3749
Epoch [25/30], Loss: 1.3498
Epoch [30/30], Loss: 1.3259
Epoch [5/30], Loss: 1.7721
Epoch [10/30], Loss: 1.6084
Epoch [15/30], Loss: 1.3610
Epoch [20/30], Loss: 1.2833
Epoch [25/30], Loss: 1.2567
Epoch [30/30], Loss: 1.2301
Epoch [5/30], Loss: 1.8096
Epoch [10/30], Loss: 1.6721
Epoch [15/30], Loss: 1.4872
Epoch [20/30], Loss: 1.4186
Epoch [25/30], Loss: 1.3968
Epoch [30/30], Loss: 1.3762
Epoch [5/30], Loss: 1.7977
Epoch [10/30], Loss: 1.6905
Epoch [15/30], Loss: 1.5178
Epoch [20/30], Loss: 1.4413
Epoch [25/30], Loss: 1.4160
[02:16:47] === MHC_zh / A7_d8_ep30 (certified-dimension primary) ===
[02:16:48]   [ckpt] v3_MHC_zh_A7_d8_ep30
[02:16:48] === MHC_zh / C1 duplicate-stream at d8_ep30 ===
[02:16:49]   [ckpt] v3_MHC_zh_C1dup_d8_ep30
[02:16:49] === MHC_zh / C2 split-half at d8_ep30 ===
[02:16:50]   [ckpt] v3_MHC_zh_C2half_d8_ep30
[02:16:51] === MHC_zh / A7_d16_ep30 (certified-dimension primary) ===
Epoch [5/30], Loss: 1.0608
Epoch [10/30], Loss: 0.7885
Epoch [15/30], Loss: 0.6387
Epoch [20/30], Loss: 0.5941
Epoch [25/30], Loss: 0.5801
Epoch [30/30], Loss: 0.5672
R: 0.3505, U1: 0.0000, U2: 0.1876, S: 0.0887
Epoch [5/30], Loss: 1.1337
Epoch [10/30], Loss: 0.7729
Epoch [15/30], Loss: 0.6113
Epoch [20/30], Loss: 0.5525
Epoch [25/30], Loss: 0.5375
Epoch [30/30], Loss: 0.5240
Epoch [5/30], Loss: 1.2184
Epoch [10/30], Loss: 0.8410
Epoch [15/30], Loss: 0.6573
Epoch [20/30], Loss: 0.6086
Epoch [25/30], Loss: 0.5930
Epoch [30/30], Loss: 0.5787
Epoch [5/30], Loss: 1.2226
Epoch [10/30], Loss: 0.8243
Epoch [15/30], Loss: 0.6369
Epoch [20/30], Loss: 0.5878
Epoch [25/30], Loss: 0.5728
Epoch [30/30], Loss: 0.5584
Epoch [5/30], Loss: 1.1278
Epoch [10/30], Loss: 0.8068
Epoch [15/30], Loss: 0.6363
Epoch [20/30], Loss: 0.5956
Epoch [25/30], Loss: 0.5819
Epoch [30/30], Loss: 0.5681
Epoch [5/30], Loss: 1.2144
Epoch [10/30], Loss: 0.8129
Epoch [15/30], Loss: 0.6245
Epoch [20/30], Loss: 0.5771
Epoch [25/30], Loss: 0.5615
Epoch [30/30], Loss: 0.5468
[02:17:05]     [perm ckpt] resuming at 19/50
Epoch [5/30], Loss: 1.7957
Epoch [10/30], Loss: 1.6574
Epoch [15/30], Loss: 1.4452
Epoch [20/30], Loss: 1.3683
Epoch [25/30], Loss: 1.3426
Epoch [30/30], Loss: 1.3189
Epoch [5/30], Loss: 1.7829
Epoch [10/30], Loss: 1.6549
Epoch [15/30], Loss: 1.4526
Epoch [20/30], Loss: 1.3846
Epoch [25/30], Loss: 1.3597
Epoch [30/30], Loss: 1.3361
Epoch [5/30], Loss: 1.7602
Epoch [10/30], Loss: 1.6347
Epoch [15/30], Loss: 1.4434
Epoch [20/30], Loss: 1.3749
Epoch [25/30], Loss: 1.3498
Epoch [30/30], Loss: 1.3259
Epoch [5/30], Loss: 1.7721
Epoch [10/30], Loss: 1.6084
Epoch [15/30], Loss: 1.3610
Epoch [20/30], Loss: 1.2833
Epoch [25/30], Loss: 1.2567
Epoch [30/30], Loss: 1.2301
Epoch [5/30], Loss: 1.8096
Epoch [10/30], Loss: 1.6721
Epoch [15/30], Loss: 1.4872
Epoch [20/30], Loss: 1.4186
Epoch [25/30], Loss: 1.3968
Epoch [30/30], Loss: 1.3762
Epoch [5/30], Loss: 1.7977
Epoch [10/30], Loss: 1.6905
Epoch [15/30], Loss: 1.5178
Epoch [20/30], Loss: 1.4413
Epoch [25/30], Loss: 1.4160
Epoch [30/30], Loss: 1.3940
[02:17:11]     perm 20/50
Epoch [5/30], Loss: 1.7669
Epoch [10/30], Loss: 1.6148
Epoch [15/30], Loss: 1.4033
Epoch [20/30], Loss: 1.3260
Epoch [25/30], Loss: 1.3014
Epoch [30/30], Loss: 1.2780
Epoch [5/30], Loss: 1.7489
Epoch [10/30], Loss: 1.6026
Epoch [15/30], Loss: 1.4138
Epoch [20/30], Loss: 1.3478
Epoch [25/30], Loss: 1.3264
Epoch [30/30], Loss: 1.3049
Epoch [5/30], Loss: 1.8205
Epoch [10/30], Loss: 1.6623
Epoch [15/30], Loss: 1.4608
Epoch [20/30], Loss: 1.3821
Epoch [25/30], Loss: 1.3580
Epoch [30/30], Loss: 1.3350
Epoch [5/30], Loss: 1.7594
Epoch [10/30], Loss: 1.5896
Epoch [15/30], Loss: 1.3736
Epoch [20/30], Loss: 1.3024
Epoch [25/30], Loss: 1.2787
Epoch [30/30], Loss: 1.2566
Epoch [5/30], Loss: 1.7289
Epoch [10/30], Loss: 1.5826
Epoch [15/30], Loss: 1.3816
Epoch [20/30], Loss: 1.3036
Epoch [25/30], Loss: 1.2792
Epoch [30/30], Loss: 1.2570
Epoch [5/30], Loss: 1.7887
Epoch [10/30], Loss: 1.6592
Epoch [15/30], Loss: 1.4974
Epoch [20/30], Loss: 1.4244
Epoch [25/30], Loss: 1.4033
Epoch [30/30], Loss: 1.3828
Epoch [5/30], Loss: 1.7914
Epoch [10/30], Loss: 1.6365
Epoch [15/30], Loss: 1.4072
Epoch [20/30], Loss: 1.3196
Epoch [25/30], Loss: 1.2921
Epoch [30/30], Loss: 1.2670
Epoch [5/30], Loss: 1.7364
Epoch [10/30], Loss: 1.5495
Epoch [15/30], Loss: 1.3178
Epoch [20/30], Loss: 1.2392
Epoch [25/30], Loss: 1.2126
Epoch [30/30], Loss: 1.1876
Epoch [5/30], Loss: 1.7621
Epoch [10/30], Loss: 1.6147
Epoch [15/30], Loss: 1.4145
Epoch [20/30], Loss: 1.3409
Epoch [25/30], Loss: 1.3147
Epoch [30/30], Loss: 1.2903
Epoch [5/30], Loss: 1.7652
Epoch [10/30], Loss: 1.6093
Epoch [15/30], Loss: 1.3872
Epoch [20/30], Loss: 1.3183
Epoch [25/30], Loss: 1.2938
Epoch [30/30], Loss: 1.2696
Epoch [5/30], Loss: 1.7685
Epoch [10/30], Loss: 1.6283
Epoch [15/30], Loss: 1.4031
Epoch [20/30], Loss: 1.3279
Epoch [25/30], Loss: 1.3015
Epoch [30/30], Loss: 1.2766
Epoch [5/30], Loss: 1.7847
Epoch [10/30], Loss: 1.6481
Epoch [15/30], Loss: 1.4486
Epoch [20/30], Loss: 1.3693
Epoch [25/30], Loss: 1.3461
Epoch [30/30], Loss: 1.3235
Epoch [5/30], Loss: 1.7391
Epoch [10/30], Loss: 1.5983
Epoch [15/30], Loss: 1.4026
Epoch [20/30], Loss: 1.3217
Epoch [25/30], Loss: 1.2975
Epoch [30/30], Loss: 1.2742
Epoch [5/30], Loss: 1.7506
Epoch [10/30], Loss: 1.6115
Epoch [15/30], Loss: 1.4150
Epoch [20/30], Loss: 1.3420
Epoch [25/30], Loss: 1.3177
Epoch [30/30], Loss: 1.2943
Epoch [5/30], Loss: 1.7929
Epoch [10/30], Loss: 1.6583
Epoch [15/30], Loss: 1.4534
Epoch [20/30], Loss: 1.3789
Epoch [25/30], Loss: 1.3541
Epoch [30/30], Loss: 1.3308
Epoch [5/30], Loss: 1.8127
Epoch [10/30], Loss: 1.6745
Epoch [15/30], Loss: 1.4748
Epoch [20/30], Loss: 1.3948
Epoch [25/30], Loss: 1.3697
Epoch [30/30], Loss: 1.3463
Epoch [5/30], Loss: 1.7808
Epoch [10/30], Loss: 1.6306
Epoch [15/30], Loss: 1.4127
Epoch [20/30], Loss: 1.3405
Epoch [25/30], Loss: 1.3163
Epoch [30/30], Loss: 1.2930
Epoch [5/30], Loss: 1.7794
Epoch [10/30], Loss: 1.6465
Epoch [15/30], Loss: 1.4649
Epoch [20/30], Loss: 1.3821
Epoch [25/30], Loss: 1.3583
Epoch [30/30], Loss: 1.3374
Epoch [5/30], Loss: 1.7823
Epoch [10/30], Loss: 1.6530
Epoch [15/30], Loss: 1.4712
Epoch [20/30], Loss: 1.3992
Epoch [25/30], Loss: 1.3764
Epoch [30/30], Loss: 1.3541
Epoch [5/30], Loss: 1.8012
Epoch [10/30], Loss: 1.6848
Epoch [15/30], Loss: 1.5150
Epoch [20/30], Loss: 1.4481
Epoch [25/30], Loss: 1.4254
Epoch [30/30], Loss: 1.4032
Epoch [5/30], Loss: 1.7650
Epoch [10/30], Loss: 1.6418
Epoch [15/30], Loss: 1.4577
Epoch [20/30], Loss: 1.3879
Epoch [25/30], Loss: 1.3643
Epoch [30/30], Loss: 1.3418
Epoch [5/30], Loss: 1.7672
Epoch [10/30], Loss: 1.6322
Epoch [15/30], Loss: 1.4534
Epoch [20/30], Loss: 1.3855
Epoch [25/30], Loss: 1.3627
Epoch [30/30], Loss: 1.3416
Epoch [5/30], Loss: 1.7969
Epoch [10/30], Loss: 1.6700
Epoch [15/30], Loss: 1.4853
Epoch [20/30], Loss: 1.4128
Epoch [25/30], Loss: 1.3891
Epoch [30/30], Loss: 1.3674
Epoch [5/30], Loss: 1.8014
Epoch [10/30], Loss: 1.6964
Epoch [15/30], Loss: 1.5391
Epoch [20/30], Loss: 1.4768
Epoch [25/30], Loss: 1.4555
Epoch [30/30], Loss: 1.4364
Epoch [5/30], Loss: 1.7915
Epoch [10/30], Loss: 1.6661
Epoch [15/30], Loss: 1.4925
Epoch [20/30], Loss: 1.4122
Epoch [25/30], Loss: 1.3887
Epoch [30/30], Loss: 1.3659
Epoch [5/30], Loss: 1.8317
Epoch [10/30], Loss: 1.7006
Epoch [15/30], Loss: 1.5095
Epoch [20/30], Loss: 1.4359
Epoch [25/30], Loss: 1.4113
Epoch [30/30], Loss: 1.3886
Epoch [5/30], Loss: 1.7689
Epoch [10/30], Loss: 1.6330
Epoch [15/30], Loss: 1.4432
Epoch [20/30], Loss: 1.3711
Epoch [25/30], Loss: 1.3487
Epoch [30/30], Loss: 1.3273
Epoch [5/30], Loss: 1.7773
Epoch [10/30], Loss: 1.6543
Epoch [15/30], Loss: 1.4848
Epoch [20/30], Loss: 1.4192
Epoch [25/30], Loss: 1.3965
Epoch [30/30], Loss: 1.3747
Epoch [5/30], Loss: 1.7668
Epoch [10/30], Loss: 1.6371
Epoch [15/30], Loss: 1.4474
Epoch [20/30], Loss: 1.3756
Epoch [25/30], Loss: 1.3521
Epoch [30/30], Loss: 1.3298
Epoch [5/30], Loss: 1.7908
Epoch [10/30], Loss: 1.6669
Epoch [15/30], Loss: 1.4875
Epoch [20/30], Loss: 1.4225
Epoch [25/30], Loss: 1.4010
Epoch [30/30], Loss: 1.3799
Epoch [5/30], Loss: 1.7767
Epoch [10/30], Loss: 1.6330
Epoch [15/30], Loss: 1.4070
Epoch [20/30], Loss: 1.3314
Epoch [25/30], Loss: 1.3051
Epoch [30/30], Loss: 1.2804
Epoch [5/30], Loss: 1.7667
Epoch [10/30], Loss: 1.6085
Epoch [15/30], Loss: 1.3981
Epoch [20/30], Loss: 1.3211
Epoch [25/30], Loss: 1.2960
Epoch [30/30], Loss: 1.2724
Epoch [5/30], Loss: 1.7723
Epoch [10/30], Loss: 1.6439
Epoch [15/30], Loss: 1.4541
Epoch [20/30], Loss: 1.3828
Epoch [25/30], Loss: 1.3576
Epoch [30/30], Loss: 1.3352
Epoch [5/30], Loss: 1.7907
Epoch [10/30], Loss: 1.6556
Epoch [15/30], Loss: 1.4567
Epoch [20/30], Loss: 1.3723
Epoch [25/30], Loss: 1.3457
Epoch [30/30], Loss: 1.3218
Epoch [5/30], Loss: 1.8084
Epoch [10/30], Loss: 1.6856
Epoch [15/30], Loss: 1.4728
Epoch [20/30], Loss: 1.3937
Epoch [25/30], Loss: 1.3682
Epoch [30/30], Loss: 1.3442
Epoch [5/30], Loss: 1.7831
Epoch [10/30], Loss: 1.6632
Epoch [15/30], Loss: 1.4813
Epoch [20/30], Loss: 1.4082
Epoch [25/30], Loss: 1.3862
Epoch [30/30], Loss: 1.3671
Epoch [5/30], Loss: 1.7629
Epoch [10/30], Loss: 1.6247
Epoch [15/30], Loss: 1.4275
Epoch [20/30], Loss: 1.3542
Epoch [25/30], Loss: 1.3306
Epoch [30/30], Loss: 1.3070
Epoch [5/30], Loss: 1.8025
Epoch [10/30], Loss: 1.6815
Epoch [15/30], Loss: 1.4899
Epoch [20/30], Loss: 1.4167
Epoch [25/30], Loss: 1.3921
Epoch [30/30], Loss: 1.3680
Epoch [5/30], Loss: 1.8130
Epoch [10/30], Loss: 1.6799
Epoch [15/30], Loss: 1.4834
Epoch [20/30], Loss: 1.4161
Epoch [25/30], Loss: 1.3927
Epoch [30/30], Loss: 1.3701
Epoch [5/30], Loss: 1.7824
Epoch [10/30], Loss: 1.6363
Epoch [15/30], Loss: 1.4358
Epoch [20/30], Loss: 1.3594
Epoch [25/30], Loss: 1.3352
Epoch [30/30], Loss: 1.3119
Epoch [5/30], Loss: 1.7298
Epoch [10/30], Loss: 1.5940
Epoch [15/30], Loss: 1.4016
Epoch [20/30], Loss: 1.3293
Epoch [25/30], Loss: 1.3066
Epoch [30/30], Loss: 1.2833
Epoch [5/30], Loss: 1.7804
Epoch [10/30], Loss: 1.6664
Epoch [15/30], Loss: 1.5001
Epoch [20/30], Loss: 1.4219
Epoch [25/30], Loss: 1.4001
Epoch [30/30], Loss: 1.3795
Epoch [5/30], Loss: 1.7552
Epoch [10/30], Loss: 1.5995
Epoch [15/30], Loss: 1.4035
Epoch [20/30], Loss: 1.3311
Epoch [25/30], Loss: 1.3080
Epoch [30/30], Loss: 1.2870
Epoch [5/30], Loss: 1.7665
Epoch [10/30], Loss: 1.6134
Epoch [15/30], Loss: 1.3895
Epoch [20/30], Loss: 1.3086
Epoch [25/30], Loss: 1.2823
Epoch [30/30], Loss: 1.2579
Epoch [5/30], Loss: 1.7575
Epoch [10/30], Loss: 1.5886
Epoch [15/30], Loss: 1.3950
Epoch [20/30], Loss: 1.3205
Epoch [25/30], Loss: 1.2972
Epoch [30/30], Loss: 1.2753
Epoch [5/30], Loss: 1.7686
Epoch [10/30], Loss: 1.6104
Epoch [15/30], Loss: 1.4176
Epoch [20/30], Loss: 1.3463
Epoch [25/30], Loss: 1.3234
Epoch [30/30], Loss: 1.3018
Epoch [5/30], Loss: 1.7452
Epoch [10/30], Loss: 1.6132
Epoch [15/30], Loss: 1.4204
Epoch [20/30], Loss: 1.3420
Epoch [25/30], Loss: 1.3169
Epoch [30/30], Loss: 1.2930
Epoch [5/30], Loss: 1.7624
Epoch [10/30], Loss: 1.6203
Epoch [15/30], Loss: 1.4387
Epoch [20/30], Loss: 1.3628
Epoch [25/30], Loss: 1.3396
Epoch [30/30], Loss: 1.3172
Epoch [5/30], Loss: 1.7558
Epoch [10/30], Loss: 1.6234
Epoch [15/30], Loss: 1.4304
Epoch [20/30], Loss: 1.3603
Epoch [25/30], Loss: 1.3366
Epoch [30/30], Loss: 1.3141
Epoch [5/30], Loss: 1.7649
Epoch [10/30], Loss: 1.6118
Epoch [15/30], Loss: 1.4099
Epoch [20/30], Loss: 1.3198
Epoch [25/30], Loss: 1.2950
Epoch [30/30], Loss: 1.2699
Epoch [5/30], Loss: 1.7833
Epoch [10/30], Loss: 1.6515
Epoch [15/30], Loss: 1.4583
Epoch [20/30], Loss: 1.3867
Epoch [25/30], Loss: 1.3627
Epoch [30/30], Loss: 1.3404
Epoch [5/30], Loss: 1.7769
Epoch [10/30], Loss: 1.6314
Epoch [15/30], Loss: 1.4170
Epoch [20/30], Loss: 1.3374
Epoch [25/30], Loss: 1.3128
[02:18:06] === MHC_zh / A7_d8_ep30 (certified-dimension primary) ===
[02:18:08]   [ckpt] v3_MHC_zh_A7_d8_ep30
[02:18:08] === MHC_zh / C1 duplicate-stream at d8_ep30 ===
[02:18:09]   [ckpt] v3_MHC_zh_C1dup_d8_ep30
[02:18:09] === MHC_zh / C2 split-half at d8_ep30 ===
[02:18:10]   [ckpt] v3_MHC_zh_C2half_d8_ep30
[02:18:12] === MHC_zh / A7_d16_ep30 (certified-dimension primary) ===
Epoch [5/30], Loss: 1.0608
Epoch [10/30], Loss: 0.7885
Epoch [15/30], Loss: 0.6387
Epoch [20/30], Loss: 0.5941
Epoch [25/30], Loss: 0.5801
Epoch [30/30], Loss: 0.5672
R: 0.3505, U1: 0.0000, U2: 0.1876, S: 0.0887
Epoch [5/30], Loss: 1.1337
Epoch [10/30], Loss: 0.7729
Epoch [15/30], Loss: 0.6113
[02:18:47] === MHC_zh / A7_d8_ep30 (certified-dimension primary) ===
[02:18:49]   [ckpt] v3_MHC_zh_A7_d8_ep30
[02:18:49] === MHC_zh / C1 duplicate-stream at d8_ep30 ===
[02:18:51]   [ckpt] v3_MHC_zh_C1dup_d8_ep30
[02:18:51] === MHC_zh / C2 split-half at d8_ep30 ===
[02:18:52]   [ckpt] v3_MHC_zh_C2half_d8_ep30
[02:18:53] === MHC_zh / A7_d16_ep30 (certified-dimension primary) ===
Epoch [5/30], Loss: 1.0608
Epoch [10/30], Loss: 0.7885
Epoch [15/30], Loss: 0.6387
Epoch [20/30], Loss: 0.5941
Epoch [25/30], Loss: 0.5801
Epoch [30/30], Loss: 0.5672
R: 0.3505, U1: 0.0000, U2: 0.1876, S: 0.0887
Epoch [5/30], Loss: 1.1337
Epoch [10/30], Loss: 0.7729
Epoch [15/30], Loss: 0.6113
Epoch [20/30], Loss: 0.5525
Epoch [25/30], Loss: 0.5375
Epoch [30/30], Loss: 0.5240
Epoch [5/30], Loss: 1.2184
Epoch [10/30], Loss: 0.8410
Epoch [15/30], Loss: 0.6573
Epoch [20/30], Loss: 0.6086
Epoch [25/30], Loss: 0.5930
Epoch [30/30], Loss: 0.5787
Epoch [5/30], Loss: 1.2226
Epoch [10/30], Loss: 0.8243
Epoch [15/30], Loss: 0.6369
Epoch [20/30], Loss: 0.5878
Epoch [25/30], Loss: 0.5728
Epoch [30/30], Loss: 0.5584
Epoch [5/30], Loss: 1.1278
Epoch [10/30], Loss: 0.8068
Epoch [15/30], Loss: 0.6363
Epoch [20/30], Loss: 0.5956
Epoch [25/30], Loss: 0.5819
Epoch [30/30], Loss: 0.5681
Epoch [5/30], Loss: 1.2144
Epoch [10/30], Loss: 0.8129
Epoch [15/30], Loss: 0.6245
Epoch [20/30], Loss: 0.5771
Epoch [25/30], Loss: 0.5615
Epoch [30/30], Loss: 0.5468
[02:19:08]     [perm ckpt] resuming at 28/50
Epoch [5/30], Loss: 1.7558
Epoch [10/30], Loss: 1.6234
Epoch [15/30], Loss: 1.4304
Epoch [20/30], Loss: 1.3603
Epoch [25/30], Loss: 1.3366
Epoch [30/30], Loss: 1.3141
Epoch [5/30], Loss: 1.7649
Epoch [10/30], Loss: 1.6118
Epoch [15/30], Loss: 1.4099
Epoch [20/30], Loss: 1.3198
Epoch [25/30], Loss: 1.2950
Epoch [30/30], Loss: 1.2699
Epoch [5/30], Loss: 1.7833
Epoch [10/30], Loss: 1.6515
Epoch [15/30], Loss: 1.4583
Epoch [20/30], Loss: 1.3867
Epoch [25/30], Loss: 1.3627
Epoch [30/30], Loss: 1.3404
Epoch [5/30], Loss: 1.7769
Epoch [10/30], Loss: 1.6314
Epoch [15/30], Loss: 1.4170
Epoch [20/30], Loss: 1.3374
Epoch [25/30], Loss: 1.3128
Epoch [30/30], Loss: 1.2886
Epoch [5/30], Loss: 1.7869
Epoch [10/30], Loss: 1.6344
Epoch [15/30], Loss: 1.4362
Epoch [20/30], Loss: 1.3655
Epoch [25/30], Loss: 1.3427
Epoch [30/30], Loss: 1.3208
Epoch [5/30], Loss: 1.7839
Epoch [10/30], Loss: 1.6577
Epoch [15/30], Loss: 1.4986
Epoch [20/30], Loss: 1.4258
Epoch [25/30], Loss: 1.4026
Epoch [30/30], Loss: 1.3819
Epoch [5/30], Loss: 1.7917
Epoch [10/30], Loss: 1.6470
Epoch [15/30], Loss: 1.4104
Epoch [20/30], Loss: 1.3322
Epoch [25/30], Loss: 1.3073
Epoch [30/30], Loss: 1.2836
Epoch [5/30], Loss: 1.8084
Epoch [10/30], Loss: 1.6455
Epoch [15/30], Loss: 1.4141
Epoch [20/30], Loss: 1.3369
Epoch [25/30], Loss: 1.3113
Epoch [30/30], Loss: 1.2873
Epoch [5/30], Loss: 1.7363
Epoch [10/30], Loss: 1.5988
Epoch [15/30], Loss: 1.3796
Epoch [20/30], Loss: 1.3046
Epoch [25/30], Loss: 1.2800
Epoch [30/30], Loss: 1.2565
Epoch [5/30], Loss: 1.7907
Epoch [10/30], Loss: 1.6639
Epoch [15/30], Loss: 1.4785
Epoch [20/30], Loss: 1.3975
Epoch [25/30], Loss: 1.3744
Epoch [30/30], Loss: 1.3530
Epoch [5/30], Loss: 1.8101
Epoch [10/30], Loss: 1.6726
Epoch [15/30], Loss: 1.4507
Epoch [20/30], Loss: 1.3744
Epoch [25/30], Loss: 1.3491
Epoch [30/30], Loss: 1.3254
Epoch [5/30], Loss: 1.8059
Epoch [10/30], Loss: 1.6861
Epoch [15/30], Loss: 1.5011
Epoch [20/30], Loss: 1.4222
Epoch [25/30], Loss: 1.3975
Epoch [30/30], Loss: 1.3749
[02:19:18]     perm 30/50
Epoch [5/30], Loss: 1.7747
Epoch [10/30], Loss: 1.6337
Epoch [15/30], Loss: 1.4448
Epoch [20/30], Loss: 1.3745
Epoch [25/30], Loss: 1.3511
Epoch [30/30], Loss: 1.3273
Epoch [5/30], Loss: 1.7642
Epoch [10/30], Loss: 1.6028
Epoch [15/30], Loss: 1.3677
Epoch [20/30], Loss: 1.2892
Epoch [25/30], Loss: 1.2636
Epoch [30/30], Loss: 1.2389
Epoch [5/30], Loss: 1.7131
Epoch [10/30], Loss: 1.5536
Epoch [15/30], Loss: 1.3650
Epoch [20/30], Loss: 1.2901
Epoch [25/30], Loss: 1.2673
Epoch [30/30], Loss: 1.2452
Epoch [5/30], Loss: 1.8183
Epoch [10/30], Loss: 1.6550
Epoch [15/30], Loss: 1.4234
Epoch [20/30], Loss: 1.3374
Epoch [25/30], Loss: 1.3100
Epoch [30/30], Loss: 1.2841
Epoch [5/30], Loss: 1.8106
Epoch [10/30], Loss: 1.6542
Epoch [15/30], Loss: 1.4288
Epoch [20/30], Loss: 1.3438
Epoch [25/30], Loss: 1.3163
Epoch [30/30], Loss: 1.2904
Epoch [5/30], Loss: 1.7868
Epoch [10/30], Loss: 1.6451
Epoch [15/30], Loss: 1.4494
Epoch [20/30], Loss: 1.3686
Epoch [25/30], Loss: 1.3434
Epoch [30/30], Loss: 1.3212
Epoch [5/30], Loss: 1.8095
Epoch [10/30], Loss: 1.6833
Epoch [15/30], Loss: 1.4801
Epoch [20/30], Loss: 1.4044
Epoch [25/30], Loss: 1.3791
Epoch [30/30], Loss: 1.3556
Epoch [5/30], Loss: 1.7408
Epoch [10/30], Loss: 1.5881
Epoch [15/30], Loss: 1.3705
Epoch [20/30], Loss: 1.2962
Epoch [25/30], Loss: 1.2704
Epoch [30/30], Loss: 1.2460
Epoch [5/30], Loss: 1.7771
Epoch [10/30], Loss: 1.6458
Epoch [15/30], Loss: 1.4684
Epoch [20/30], Loss: 1.3943
Epoch [25/30], Loss: 1.3705
Epoch [30/30], Loss: 1.3482
Epoch [5/30], Loss: 1.7703
Epoch [10/30], Loss: 1.6426
Epoch [15/30], Loss: 1.4573
Epoch [20/30], Loss: 1.3902
Epoch [25/30], Loss: 1.3668
Epoch [30/30], Loss: 1.3454
Epoch [5/30], Loss: 1.7780
Epoch [10/30], Loss: 1.6442
Epoch [15/30], Loss: 1.4336
Epoch [20/30], Loss: 1.3671
Epoch [25/30], Loss: 1.3409
Epoch [30/30], Loss: 1.3155
Epoch [5/30], Loss: 1.7890
Epoch [10/30], Loss: 1.6774
Epoch [15/30], Loss: 1.5031
Epoch [20/30], Loss: 1.4349
Epoch [25/30], Loss: 1.4111
Epoch [30/30], Loss: 1.3899
Epoch [5/30], Loss: 1.7584
Epoch [10/30], Loss: 1.6129
Epoch [15/30], Loss: 1.4019
Epoch [20/30], Loss: 1.3300
Epoch [25/30], Loss: 1.3049
Epoch [30/30], Loss: 1.2815
Epoch [5/30], Loss: 1.7316
Epoch [10/30], Loss: 1.5684
Epoch [15/30], Loss: 1.3637
Epoch [20/30], Loss: 1.2839
Epoch [25/30], Loss: 1.2593
Epoch [30/30], Loss: 1.2370
Epoch [5/30], Loss: 1.7580
Epoch [10/30], Loss: 1.6276
Epoch [15/30], Loss: 1.4485
Epoch [20/30], Loss: 1.3660
Epoch [25/30], Loss: 1.3424
Epoch [30/30], Loss: 1.3198
Epoch [5/30], Loss: 1.7860
Epoch [10/30], Loss: 1.6413
Epoch [15/30], Loss: 1.4227
Epoch [20/30], Loss: 1.3542
Epoch [25/30], Loss: 1.3283
Epoch [30/30], Loss: 1.3046
Epoch [5/30], Loss: 1.7689
Epoch [10/30], Loss: 1.5995
Epoch [15/30], Loss: 1.3591
Epoch [20/30], Loss: 1.2809
Epoch [25/30], Loss: 1.2549
Epoch [30/30], Loss: 1.2302
Epoch [5/30], Loss: 1.7611
Epoch [10/30], Loss: 1.6145
Epoch [15/30], Loss: 1.4248
Epoch [20/30], Loss: 1.3481
Epoch [25/30], Loss: 1.3245
Epoch [30/30], Loss: 1.3021
Epoch [5/30], Loss: 1.7967
Epoch [10/30], Loss: 1.6687
Epoch [15/30], Loss: 1.4617
Epoch [20/30], Loss: 1.3930
Epoch [25/30], Loss: 1.3696
Epoch [30/30], Loss: 1.3476
Epoch [5/30], Loss: 1.7403
Epoch [10/30], Loss: 1.6046
Epoch [15/30], Loss: 1.4197
Epoch [20/30], Loss: 1.3436
Epoch [25/30], Loss: 1.3195
Epoch [30/30], Loss: 1.2970
Epoch [5/30], Loss: 1.7466
Epoch [10/30], Loss: 1.5677
Epoch [15/30], Loss: 1.3628
Epoch [20/30], Loss: 1.2878
Epoch [25/30], Loss: 1.2649
Epoch [30/30], Loss: 1.2431
Epoch [5/30], Loss: 1.7756
Epoch [10/30], Loss: 1.6162
Epoch [15/30], Loss: 1.4112
Epoch [20/30], Loss: 1.3393
Epoch [25/30], Loss: 1.3152
Epoch [30/30], Loss: 1.2913
Epoch [5/30], Loss: 1.8154
Epoch [10/30], Loss: 1.6673
Epoch [15/30], Loss: 1.4363
Epoch [20/30], Loss: 1.3612
Epoch [25/30], Loss: 1.3349
Epoch [30/30], Loss: 1.3101
Epoch [5/30], Loss: 1.7688
Epoch [10/30], Loss: 1.6511
Epoch [15/30], Loss: 1.5058
Epoch [20/30], Loss: 1.4402
Epoch [25/30], Loss: 1.4195
Epoch [30/30], Loss: 1.4012
Epoch [5/30], Loss: 1.7560
Epoch [10/30], Loss: 1.6384
Epoch [15/30], Loss: 1.4544
Epoch [20/30], Loss: 1.3903
Epoch [25/30], Loss: 1.3680
Epoch [30/30], Loss: 1.3453
Epoch [5/30], Loss: 1.8034
Epoch [10/30], Loss: 1.6890
Epoch [15/30], Loss: 1.4918
Epoch [20/30], Loss: 1.4235
Epoch [25/30], Loss: 1.4002
Epoch [30/30], Loss: 1.3787
Epoch [5/30], Loss: 1.7583
Epoch [10/30], Loss: 1.6434
Epoch [15/30], Loss: 1.4537
Epoch [20/30], Loss: 1.3876
Epoch [25/30], Loss: 1.3640
Epoch [30/30], Loss: 1.3415
Epoch [5/30], Loss: 1.7879
Epoch [10/30], Loss: 1.6710
Epoch [15/30], Loss: 1.5170
Epoch [20/30], Loss: 1.4568
Epoch [25/30], Loss: 1.4373
Epoch [30/30], Loss: 1.4180
Epoch [5/30], Loss: 1.8355
Epoch [10/30], Loss: 1.7247
Epoch [15/30], Loss: 1.5552
Epoch [20/30], Loss: 1.4931
Epoch [25/30], Loss: 1.4714
Epoch [30/30], Loss: 1.4503
Epoch [5/30], Loss: 1.8115
Epoch [10/30], Loss: 1.7154
Epoch [15/30], Loss: 1.5804
Epoch [20/30], Loss: 1.5232
Epoch [25/30], Loss: 1.5038
Epoch [30/30], Loss: 1.4858
Epoch [5/30], Loss: 1.7567
Epoch [10/30], Loss: 1.6105
Epoch [15/30], Loss: 1.4390
Epoch [20/30], Loss: 1.3498
Epoch [25/30], Loss: 1.3269
Epoch [30/30], Loss: 1.3049
Epoch [5/30], Loss: 1.7941
Epoch [10/30], Loss: 1.6385
Epoch [15/30], Loss: 1.4231
Epoch [20/30], Loss: 1.3467
Epoch [25/30], Loss: 1.3210
Epoch [30/30], Loss: 1.2975
Epoch [5/30], Loss: 1.7651
Epoch [10/30], Loss: 1.6338
Epoch [15/30], Loss: 1.4539
Epoch [20/30], Loss: 1.3809
Epoch [25/30], Loss: 1.3586
Epoch [30/30], Loss: 1.3382
Epoch [5/30], Loss: 1.7868
Epoch [10/30], Loss: 1.6563
Epoch [15/30], Loss: 1.4608
Epoch [20/30], Loss: 1.3937
Epoch [25/30], Loss: 1.3702
Epoch [30/30], Loss: 1.3477
Epoch [5/30], Loss: 1.7347
Epoch [10/30], Loss: 1.5919
Epoch [15/30], Loss: 1.3834
Epoch [20/30], Loss: 1.3160
Epoch [25/30], Loss: 1.2931
Epoch [30/30], Loss: 1.2711
Epoch [5/30], Loss: 1.7639
Epoch [10/30], Loss: 1.6521
Epoch [15/30], Loss: 1.5102
Epoch [20/30], Loss: 1.4491
Epoch [25/30], Loss: 1.4304
Epoch [30/30], Loss: 1.4095
Epoch [5/30], Loss: 1.7416
Epoch [10/30], Loss: 1.5926
Epoch [15/30], Loss: 1.3775
Epoch [20/30], Loss: 1.3032
Epoch [25/30], Loss: 1.2784
Epoch [30/30], Loss: 1.2549
Epoch [5/30], Loss: 1.8159
Epoch [10/30], Loss: 1.6624
Epoch [15/30], Loss: 1.4398
Epoch [20/30], Loss: 1.3672
Epoch [25/30], Loss: 1.3426
Epoch [30/30], Loss: 1.3193
Epoch [5/30], Loss: 1.7764
Epoch [10/30], Loss: 1.6268
Epoch [15/30], Loss: 1.4222
Epoch [20/30], Loss: 1.3505
Epoch [25/30], Loss: 1.3272
Epoch [30/30], Loss: 1.3035
Epoch [5/30], Loss: 1.7481
Epoch [10/30], Loss: 1.6101
Epoch [15/30], Loss: 1.4179
Epoch [20/30], Loss: 1.3479
Epoch [25/30], Loss: 1.3243
Epoch [30/30], Loss: 1.3016
Epoch [5/30], Loss: 1.7739
Epoch [10/30], Loss: 1.6298
Epoch [15/30], Loss: 1.4028
Epoch [20/30], Loss: 1.3254
Epoch [25/30], Loss: 1.2983
Epoch [30/30], Loss: 1.2727
Epoch [5/30], Loss: 1.7768
Epoch [10/30], Loss: 1.6666
Epoch [15/30], Loss: 1.5111
Epoch [20/30], Loss: 1.4487
Epoch [25/30], Loss: 1.4260
Epoch [30/30], Loss: 1.4072
Epoch [5/30], Loss: 1.7877
Epoch [10/30], Loss: 1.6536
Epoch [15/30], Loss: 1.4768
Epoch [20/30], Loss: 1.4132
Epoch [25/30], Loss: 1.3924
Epoch [30/30], Loss: 1.3710
Epoch [5/30], Loss: 1.7522
Epoch [10/30], Loss: 1.5933
Epoch [15/30], Loss: 1.3806
Epoch [20/30], Loss: 1.3046
Epoch [25/30], Loss: 1.2797
Epoch [30/30], Loss: 1.2563
Epoch [5/30], Loss: 1.7663
Epoch [10/30], Loss: 1.6357
Epoch [15/30], Loss: 1.4507
Epoch [20/30], Loss: 1.3806
Epoch [25/30], Loss: 1.3577
Epoch [30/30], Loss: 1.3363
Epoch [5/30], Loss: 1.7205
Epoch [10/30], Loss: 1.5621
Epoch [15/30], Loss: 1.3699
Epoch [20/30], Loss: 1.2999
Epoch [25/30], Loss: 1.2762
Epoch [30/30], Loss: 1.2545
Epoch [5/30], Loss: 1.7999
Epoch [10/30], Loss: 1.6718
Epoch [15/30], Loss: 1.4766
Epoch [20/30], Loss: 1.4020
Epoch [25/30], Loss: 1.3780
Epoch [30/30], Loss: 1.3544
Epoch [5/30], Loss: 1.7607
Epoch [10/30], Loss: 1.6300
Epoch [15/30], Loss: 1.4545
Epoch [20/30], Loss: 1.3878
Epoch [25/30], Loss: 1.3652
Epoch [30/30], Loss: 1.3418
Epoch [5/30], Loss: 1.7377
Epoch [10/30], Loss: 1.6020
Epoch [15/30], Loss: 1.4101
Epoch [20/30], Loss: 1.3439
Epoch [25/30], Loss: 1.3203
Epoch [30/30], Loss: 1.2992
Epoch [5/30], Loss: 1.7919
Epoch [10/30], Loss: 1.6418
Epoch [15/30], Loss: 1.4205
Epoch [20/30], Loss: 1.3449
Epoch [25/30], Loss: 1.3202
Epoch [30/30], Loss: 1.2965
Epoch [5/30], Loss: 1.7801
Epoch [10/30], Loss: 1.6521
Epoch [15/30], Loss: 1.4584
Epoch [20/30], Loss: 1.3802
Epoch [25/30], Loss: 1.3553
Epoch [30/30], Loss: 1.3323
Epoch [5/30], Loss: 1.7866
Epoch [10/30], Loss: 1.6515
Epoch [15/30], Loss: 1.4519
Epoch [20/30], Loss: 1.3818
Epoch [25/30], Loss: 1.3575
Epoch [30/30], Loss: 1.3340
Epoch [5/30], Loss: 1.7588
Epoch [10/30], Loss: 1.6351
Epoch [15/30], Loss: 1.4576
Epoch [20/30], Loss: 1.3930
Epoch [25/30], Loss: 1.3701
Epoch [30/30], Loss: 1.3476
Epoch [5/30], Loss: 1.7720
Epoch [10/30], Loss: 1.6516
Epoch [15/30], Loss: 1.5006
Epoch [20/30], Loss: 1.4164
Epoch [25/30], Loss: 1.3933
Epoch [30/30], Loss: 1.3730
Epoch [5/30], Loss: 1.7787
Epoch [10/30], Loss: 1.6440
Epoch [15/30], Loss: 1.4516
Epoch [20/30], Loss: 1.3743
Epoch [25/30], Loss: 1.3514
Epoch [30/30], Loss: 1.3288
Epoch [5/30], Loss: 1.7674
Epoch [10/30], Loss: 1.6682
Epoch [15/30], Loss: 1.5030
Epoch [20/30], Loss: 1.4394
Epoch [25/30], Loss: 1.4164
Epoch [30/30], Loss: 1.3950
Epoch [5/30], Loss: 1.7927
Epoch [10/30], Loss: 1.6385
Epoch [15/30], Loss: 1.3994
Epoch [20/30], Loss: 1.3190
Epoch [25/30], Loss: 1.2916
Epoch [30/30], Loss: 1.2657
Epoch [5/30], Loss: 1.7607
Epoch [10/30], Loss: 1.6330
Epoch [15/30], Loss: 1.4250
Epoch [20/30], Loss: 1.3483
Epoch [25/30], Loss: 1.3243
Epoch [30/30], Loss: 1.3004
Epoch [5/30], Loss: 1.8050
Epoch [10/30], Loss: 1.6881
Epoch [15/30], Loss: 1.5019
Epoch [20/30], Loss: 1.4250
Epoch [25/30], Loss: 1.3997
Epoch [30/30], Loss: 1.3761
Epoch [5/30], Loss: 1.7895
Epoch [10/30], Loss: 1.6584
Epoch [15/30], Loss: 1.4944
Epoch [20/30], Loss: 1.4096
Epoch [25/30], Loss: 1.3861
Epoch [30/30], Loss: 1.3641
[02:20:12]     perm 40/50
Epoch [5/30], Loss: 1.7843
Epoch [10/30], Loss: 1.6486
Epoch [15/30], Loss: 1.4821
Epoch [20/30], Loss: 1.4182
Epoch [25/30], Loss: 1.3969
Epoch [30/30], Loss: 1.3764
Epoch [5/30], Loss: 1.7810
Epoch [10/30], Loss: 1.6405
Epoch [15/30], Loss: 1.4489
Epoch [20/30], Loss: 1.3801
Epoch [25/30], Loss: 1.3563
Epoch [30/30], Loss: 1.3338
Epoch [5/30], Loss: 1.7707
Epoch [10/30], Loss: 1.6322
Epoch [15/30], Loss: 1.4484
Epoch [20/30], Loss: 1.3826
Epoch [25/30], Loss: 1.3607
Epoch [30/30], Loss: 1.3398
Epoch [5/30], Loss: 1.7713
Epoch [10/30], Loss: 1.6328
Epoch [15/30], Loss: 1.4509
Epoch [20/30], Loss: 1.3879
Epoch [25/30], Loss: 1.3666
Epoch [30/30], Loss: 1.3462
Epoch [5/30], Loss: 1.7400
Epoch [10/30], Loss: 1.5878
Epoch [15/30], Loss: 1.3843
Epoch [20/30], Loss: 1.3161
Epoch [25/30], Loss: 1.2921
Epoch [30/30], Loss: 1.2685
Epoch [5/30], Loss: 1.7783
Epoch [10/30], Loss: 1.6635
Epoch [15/30], Loss: 1.5240
Epoch [20/30], Loss: 1.4523
Epoch [25/30], Loss: 1.4335
Epoch [30/30], Loss: 1.4140
Epoch [5/30], Loss: 1.7884
Epoch [10/30], Loss: 1.6643
Epoch [15/30], Loss: 1.4510
Epoch [20/30], Loss: 1.3706
Epoch [25/30], Loss: 1.3436
Epoch [30/30], Loss: 1.3178
Epoch [5/30], Loss: 1.7819
Epoch [10/30], Loss: 1.6504
Epoch [15/30], Loss: 1.4269
Epoch [20/30], Loss: 1.3497
Epoch [25/30], Loss: 1.3224
Epoch [30/30], Loss: 1.2967
Epoch [5/30], Loss: 1.8081
Epoch [10/30], Loss: 1.6820
Epoch [15/30], Loss: 1.4698
Epoch [20/30], Loss: 1.3913
Epoch [25/30], Loss: 1.3653
Epoch [30/30], Loss: 1.3403
Epoch [5/30], Loss: 1.7925
Epoch [10/30], Loss: 1.6590
Epoch [15/30], Loss: 1.4370
Epoch [20/30], Loss: 1.3592
Epoch [25/30], Loss: 1.3323
Epoch [30/30], Loss: 1.3076
Epoch [5/30], Loss: 1.7984
Epoch [10/30], Loss: 1.6655
Epoch [15/30], Loss: 1.4270
Epoch [20/30], Loss: 1.3431
Epoch [25/30], Loss: 1.3154
Epoch [30/30], Loss: 1.2894
Epoch [5/30], Loss: 1.8057
Epoch [10/30], Loss: 1.6933
Epoch [15/30], Loss: 1.5161
Epoch [20/30], Loss: 1.4363
Epoch [25/30], Loss: 1.4140
Epoch [30/30], Loss: 1.3919
Epoch [5/30], Loss: 1.7699
Epoch [10/30], Loss: 1.6155
Epoch [15/30], Loss: 1.4119
Epoch [20/30], Loss: 1.3432
Epoch [25/30], Loss: 1.3209
Epoch [30/30], Loss: 1.2996
Epoch [5/30], Loss: 1.7247
Epoch [10/30], Loss: 1.5632
Epoch [15/30], Loss: 1.3567
Epoch [20/30], Loss: 1.2844
Epoch [25/30], Loss: 1.2597
Epoch [30/30], Loss: 1.2362
Epoch [5/30], Loss: 1.7980
Epoch [10/30], Loss: 1.6409
Epoch [15/30], Loss: 1.4173
Epoch [20/30], Loss: 1.3393
Epoch [25/30], Loss: 1.3124
Epoch [30/30], Loss: 1.2885
Epoch [5/30], Loss: 1.7683
Epoch [10/30], Loss: 1.6111
Epoch [15/30], Loss: 1.3685
Epoch [20/30], Loss: 1.2933
Epoch [25/30], Loss: 1.2672
Epoch [30/30], Loss: 1.2421
Epoch [5/30], Loss: 1.7583
Epoch [10/30], Loss: 1.6167
Epoch [15/30], Loss: 1.4319
Epoch [20/30], Loss: 1.3578
Epoch [25/30], Loss: 1.3344
Epoch [30/30], Loss: 1.3124
Epoch [5/30], Loss: 1.7808
Epoch [10/30], Loss: 1.6332
Epoch [15/30], Loss: 1.4498
Epoch [20/30], Loss: 1.3721
Epoch [25/30], Loss: 1.3484
Epoch [30/30], Loss: 1.3274
Epoch [5/30], Loss: 1.7773
Epoch [10/30], Loss: 1.6623
Epoch [15/30], Loss: 1.4695
Epoch [20/30], Loss: 1.3950
Epoch [25/30], Loss: 1.3700
Epoch [30/30], Loss: 1.3463
Epoch [5/30], Loss: 1.8220
Epoch [10/30], Loss: 1.7118
Epoch [15/30], Loss: 1.5112
Epoch [20/30], Loss: 1.4383
Epoch [25/30], Loss: 1.4130
Epoch [30/30], Loss: 1.3890
Epoch [5/30], Loss: 1.8044
Epoch [10/30], Loss: 1.6732
Epoch [15/30], Loss: 1.4621
Epoch [20/30], Loss: 1.3887
Epoch [25/30], Loss: 1.3630
Epoch [30/30], Loss: 1.3396
Epoch [5/30], Loss: 1.8208
Epoch [10/30], Loss: 1.6809
Epoch [15/30], Loss: 1.4854
Epoch [20/30], Loss: 1.4100
Epoch [25/30], Loss: 1.3850
Epoch [30/30], Loss: 1.3611
Epoch [5/30], Loss: 1.7773
Epoch [10/30], Loss: 1.6292
Epoch [15/30], Loss: 1.3917
Epoch [20/30], Loss: 1.3129
Epoch [25/30], Loss: 1.2844
Epoch [30/30], Loss: 1.2584
Epoch [5/30], Loss: 1.8070
Epoch [10/30], Loss: 1.7034
Epoch [15/30], Loss: 1.5431
Epoch [20/30], Loss: 1.4707
Epoch [25/30], Loss: 1.4488
Epoch [30/30], Loss: 1.4288
Epoch [5/30], Loss: 1.7705
Epoch [10/30], Loss: 1.6469
Epoch [15/30], Loss: 1.4791
Epoch [20/30], Loss: 1.4121
Epoch [25/30], Loss: 1.3901
Epoch [30/30], Loss: 1.3686
Epoch [5/30], Loss: 1.7584
Epoch [10/30], Loss: 1.6333
Epoch [15/30], Loss: 1.4596
Epoch [20/30], Loss: 1.3989
Epoch [25/30], Loss: 1.3779
Epoch [30/30], Loss: 1.3583
Epoch [5/30], Loss: 1.7278
Epoch [10/30], Loss: 1.5937
Epoch [15/30], Loss: 1.4077
Epoch [20/30], Loss: 1.3388
Epoch [25/30], Loss: 1.3143
Epoch [30/30], Loss: 1.2918
Epoch [5/30], Loss: 1.7621
Epoch [10/30], Loss: 1.6293
Epoch [15/30], Loss: 1.4452
Epoch [20/30], Loss: 1.3809
Epoch [25/30], Loss: 1.3588
Epoch [30/30], Loss: 1.3378
Epoch [5/30], Loss: 1.8018
Epoch [10/30], Loss: 1.6626
[02:20:45] === MHC_zh / A7_d8_ep30 (certified-dimension primary) ===
[02:20:47]   [ckpt] v3_MHC_zh_A7_d8_ep30
[02:20:47] === MHC_zh / C1 duplicate-stream at d8_ep30 ===
[02:20:48]   [ckpt] v3_MHC_zh_C1dup_d8_ep30
[02:20:48] === MHC_zh / C2 split-half at d8_ep30 ===
[02:20:49]   [ckpt] v3_MHC_zh_C2half_d8_ep30
[02:20:51] === MHC_zh / A7_d16_ep30 (certified-dimension primary) ===
Epoch [5/30], Loss: 1.0608
Epoch [10/30], Loss: 0.7885
Epoch [15/30], Loss: 0.6387
Epoch [20/30], Loss: 0.5941
Epoch [25/30], Loss: 0.5801
Epoch [30/30], Loss: 0.5672
R: 0.3505, U1: 0.0000, U2: 0.1876, S: 0.0887
Epoch [5/30], Loss: 1.1337
Epoch [10/30], Loss: 0.7729
Epoch [15/30], Loss: 0.6113
Epoch [20/30], Loss: 0.5525
Epoch [25/30], Loss: 0.5375
Epoch [30/30], Loss: 0.5240
Epoch [5/30], Loss: 1.2184
Epoch [10/30], Loss: 0.8410
Epoch [15/30], Loss: 0.6573
Epoch [20/30], Loss: 0.6086
Epoch [25/30], Loss: 0.5930
Epoch [30/30], Loss: 0.5787
Epoch [5/30], Loss: 1.2226
Epoch [10/30], Loss: 0.8243
Epoch [15/30], Loss: 0.6369
Epoch [20/30], Loss: 0.5878
Epoch [25/30], Loss: 0.5728
Epoch [30/30], Loss: 0.5584
Epoch [5/30], Loss: 1.1278
Epoch [10/30], Loss: 0.8068
Epoch [15/30], Loss: 0.6363
Epoch [20/30], Loss: 0.5956
Epoch [25/30], Loss: 0.5819
Epoch [30/30], Loss: 0.5681
Epoch [5/30], Loss: 1.2144
Epoch [10/30], Loss: 0.8129
Epoch [15/30], Loss: 0.6245
Epoch [20/30], Loss: 0.5771
Epoch [25/30], Loss: 0.5615
Epoch [30/30], Loss: 0.5468
[02:21:05]     [perm ckpt] resuming at 44/50
Epoch [5/30], Loss: 1.7705
Epoch [10/30], Loss: 1.6469
Epoch [15/30], Loss: 1.4791
Epoch [20/30], Loss: 1.4121
Epoch [25/30], Loss: 1.3901
Epoch [30/30], Loss: 1.3686
Epoch [5/30], Loss: 1.7584
Epoch [10/30], Loss: 1.6333
Epoch [15/30], Loss: 1.4596
Epoch [20/30], Loss: 1.3989
Epoch [25/30], Loss: 1.3779
Epoch [30/30], Loss: 1.3583
Epoch [5/30], Loss: 1.7278
Epoch [10/30], Loss: 1.5937
Epoch [15/30], Loss: 1.4077
Epoch [20/30], Loss: 1.3388
Epoch [25/30], Loss: 1.3143
Epoch [30/30], Loss: 1.2918
Epoch [5/30], Loss: 1.7621
Epoch [10/30], Loss: 1.6293
Epoch [15/30], Loss: 1.4452
Epoch [20/30], Loss: 1.3809
Epoch [25/30], Loss: 1.3588
Epoch [30/30], Loss: 1.3378
Epoch [5/30], Loss: 1.8018
Epoch [10/30], Loss: 1.6626
Epoch [15/30], Loss: 1.4704
Epoch [20/30], Loss: 1.3999
Epoch [25/30], Loss: 1.3762
Epoch [30/30], Loss: 1.3531
Epoch [5/30], Loss: 1.7792
Epoch [10/30], Loss: 1.6812
Epoch [15/30], Loss: 1.5529
Epoch [20/30], Loss: 1.5028
Epoch [25/30], Loss: 1.4825
Epoch [30/30], Loss: 1.4640
Epoch [5/30], Loss: 1.7842
Epoch [10/30], Loss: 1.6592
Epoch [15/30], Loss: 1.4564
Epoch [20/30], Loss: 1.3728
Epoch [25/30], Loss: 1.3472
Epoch [30/30], Loss: 1.3230
Epoch [5/30], Loss: 1.7876
Epoch [10/30], Loss: 1.6697
Epoch [15/30], Loss: 1.5043
Epoch [20/30], Loss: 1.4291
Epoch [25/30], Loss: 1.4072
Epoch [30/30], Loss: 1.3857
Epoch [5/30], Loss: 1.7986
Epoch [10/30], Loss: 1.6633
Epoch [15/30], Loss: 1.4709
Epoch [20/30], Loss: 1.3991
Epoch [25/30], Loss: 1.3747
Epoch [30/30], Loss: 1.3511
Epoch [5/30], Loss: 1.7438
Epoch [10/30], Loss: 1.6123
Epoch [15/30], Loss: 1.4287
Epoch [20/30], Loss: 1.3551
Epoch [25/30], Loss: 1.3318
Epoch [30/30], Loss: 1.3099
Epoch [5/30], Loss: 1.8003
Epoch [10/30], Loss: 1.6602
Epoch [15/30], Loss: 1.4748
Epoch [20/30], Loss: 1.3957
Epoch [25/30], Loss: 1.3729
Epoch [30/30], Loss: 1.3492
Epoch [5/30], Loss: 1.8029
Epoch [10/30], Loss: 1.7107
Epoch [15/30], Loss: 1.5738
Epoch [20/30], Loss: 1.5094
Epoch [25/30], Loss: 1.4889
Epoch [30/30], Loss: 1.4701
Epoch [5/30], Loss: 1.7299
Epoch [10/30], Loss: 1.5955
Epoch [15/30], Loss: 1.4171
Epoch [20/30], Loss: 1.3518
Epoch [25/30], Loss: 1.3305
Epoch [30/30], Loss: 1.3098
Epoch [5/30], Loss: 1.7890
Epoch [10/30], Loss: 1.6448
Epoch [15/30], Loss: 1.4430
Epoch [20/30], Loss: 1.3677
Epoch [25/30], Loss: 1.3425
Epoch [30/30], Loss: 1.3186
Epoch [5/30], Loss: 1.7653
Epoch [10/30], Loss: 1.6042
Epoch [15/30], Loss: 1.4074
Epoch [20/30], Loss: 1.3368
Epoch [25/30], Loss: 1.3141
Epoch [30/30], Loss: 1.2928
Epoch [5/30], Loss: 1.7755
Epoch [10/30], Loss: 1.6453
Epoch [15/30], Loss: 1.4561
Epoch [20/30], Loss: 1.3852
Epoch [25/30], Loss: 1.3605
Epoch [30/30], Loss: 1.3374
Epoch [5/30], Loss: 1.7926
Epoch [10/30], Loss: 1.6361
Epoch [15/30], Loss: 1.4339
Epoch [20/30], Loss: 1.3601
Epoch [25/30], Loss: 1.3358
Epoch [30/30], Loss: 1.3130
Epoch [5/30], Loss: 1.7814
Epoch [10/30], Loss: 1.6515
Epoch [15/30], Loss: 1.4715
Epoch [20/30], Loss: 1.4119
Epoch [25/30], Loss: 1.3902
Epoch [30/30], Loss: 1.3709
Epoch [5/30], Loss: 1.8052
Epoch [10/30], Loss: 1.6578
Epoch [15/30], Loss: 1.4550
Epoch [20/30], Loss: 1.3823
Epoch [25/30], Loss: 1.3579
Epoch [30/30], Loss: 1.3342
Epoch [5/30], Loss: 1.8040
Epoch [10/30], Loss: 1.6720
Epoch [15/30], Loss: 1.4731
Epoch [20/30], Loss: 1.4019
Epoch [25/30], Loss: 1.3770
Epoch [30/30], Loss: 1.3531
Epoch [5/30], Loss: 1.7421
Epoch [10/30], Loss: 1.6006
Epoch [15/30], Loss: 1.3887
Epoch [20/30], Loss: 1.3105
Epoch [25/30], Loss: 1.2837
Epoch [30/30], Loss: 1.2581
Epoch [5/30], Loss: 1.7880
Epoch [10/30], Loss: 1.6483
Epoch [15/30], Loss: 1.4209
Epoch [20/30], Loss: 1.3445
Epoch [25/30], Loss: 1.3173
Epoch [30/30], Loss: 1.2925
Epoch [5/30], Loss: 1.7702
Epoch [10/30], Loss: 1.6312
Epoch [15/30], Loss: 1.4320
Epoch [20/30], Loss: 1.3537
Epoch [25/30], Loss: 1.3276
Epoch [30/30], Loss: 1.3030
Epoch [5/30], Loss: 1.7936
Epoch [10/30], Loss: 1.6923
Epoch [15/30], Loss: 1.5578
Epoch [20/30], Loss: 1.4897
Epoch [25/30], Loss: 1.4693
Epoch [30/30], Loss: 1.4490
Epoch [5/30], Loss: 1.8138
Epoch [10/30], Loss: 1.6714
Epoch [15/30], Loss: 1.4577
Epoch [20/30], Loss: 1.3803
Epoch [25/30], Loss: 1.3540
Epoch [30/30], Loss: 1.3293
Epoch [5/30], Loss: 1.7897
Epoch [10/30], Loss: 1.6595
Epoch [15/30], Loss: 1.4679
Epoch [20/30], Loss: 1.3893
Epoch [25/30], Loss: 1.3638
Epoch [30/30], Loss: 1.3400
Epoch [5/30], Loss: 1.8002
Epoch [10/30], Loss: 1.6812
Epoch [15/30], Loss: 1.5209
Epoch [20/30], Loss: 1.4466
Epoch [25/30], Loss: 1.4241
Epoch [30/30], Loss: 1.4033
Epoch [5/30], Loss: 1.7703
Epoch [10/30], Loss: 1.6283
Epoch [15/30], Loss: 1.4147
Epoch [20/30], Loss: 1.3403
Epoch [25/30], Loss: 1.3145
Epoch [30/30], Loss: 1.2904
Epoch [5/30], Loss: 1.7376
Epoch [10/30], Loss: 1.6200
Epoch [15/30], Loss: 1.4454
Epoch [20/30], Loss: 1.3829
Epoch [25/30], Loss: 1.3601
Epoch [30/30], Loss: 1.3381
Epoch [5/30], Loss: 1.7823
Epoch [10/30], Loss: 1.6825
Epoch [15/30], Loss: 1.5234
Epoch [20/30], Loss: 1.4527
Epoch [25/30], Loss: 1.4302
Epoch [30/30], Loss: 1.4096
Epoch [5/30], Loss: 1.7367
Epoch [10/30], Loss: 1.5783
Epoch [15/30], Loss: 1.3625
Epoch [20/30], Loss: 1.2837
Epoch [25/30], Loss: 1.2589
Epoch [30/30], Loss: 1.2349
Epoch [5/30], Loss: 1.7339
Epoch [10/30], Loss: 1.5990
Epoch [15/30], Loss: 1.4183
Epoch [20/30], Loss: 1.3507
Epoch [25/30], Loss: 1.3288
Epoch [30/30], Loss: 1.3078
Epoch [5/30], Loss: 1.7613
Epoch [10/30], Loss: 1.5999
Epoch [15/30], Loss: 1.3883
Epoch [20/30], Loss: 1.3208
Epoch [25/30], Loss: 1.2957
Epoch [30/30], Loss: 1.2731
Epoch [5/30], Loss: 1.7594
Epoch [10/30], Loss: 1.5998
Epoch [15/30], Loss: 1.3986
Epoch [20/30], Loss: 1.3268
Epoch [25/30], Loss: 1.3026
Epoch [30/30], Loss: 1.2795
Epoch [5/30], Loss: 1.8032
Epoch [10/30], Loss: 1.6631
Epoch [15/30], Loss: 1.4770
Epoch [20/30], Loss: 1.4080
Epoch [25/30], Loss: 1.3849
Epoch [30/30], Loss: 1.3634
Epoch [5/30], Loss: 1.7676
Epoch [10/30], Loss: 1.6537
Epoch [15/30], Loss: 1.5157
Epoch [20/30], Loss: 1.4499
Epoch [25/30], Loss: 1.4317
Epoch [30/30], Loss: 1.4129
[02:21:38]     perm 50/50
[02:21:38]   [done] v3_MHC_zh_A7_d16_ep30 45.1s  CF: S=-0.0747 I12=0.3056 share=-0.24447430021517302 accs=0.727/0.874/0.865
[02:21:38] === MHC_zh / C1 duplicate-stream at d16_ep30 ===
Epoch [5/30], Loss: 1.4819
Epoch [10/30], Loss: 1.2730
Epoch [15/30], Loss: 1.1160
Epoch [20/30], Loss: 1.0611
Epoch [25/30], Loss: 1.0447
Epoch [30/30], Loss: 1.0290
Epoch [5/30], Loss: 1.4667
Epoch [10/30], Loss: 1.2200
Epoch [15/30], Loss: 1.0516
Epoch [20/30], Loss: 0.9603
Epoch [25/30], Loss: 0.9403
Epoch [30/30], Loss: 0.9228
Epoch [5/30], Loss: 1.5436
Epoch [10/30], Loss: 1.3186
Epoch [15/30], Loss: 1.1352
Epoch [20/30], Loss: 1.0772
Epoch [25/30], Loss: 1.0575
Epoch [30/30], Loss: 1.0396
Epoch [5/30], Loss: 1.5269
Epoch [10/30], Loss: 1.2895
Epoch [15/30], Loss: 1.1034
Epoch [20/30], Loss: 1.0417
Epoch [25/30], Loss: 1.0232
Epoch [30/30], Loss: 1.0048
Epoch [5/30], Loss: 1.5312
Epoch [10/30], Loss: 1.2735
Epoch [15/30], Loss: 1.0675
Epoch [20/30], Loss: 1.0104
Epoch [25/30], Loss: 0.9907
Epoch [30/30], Loss: 0.9721
Epoch [5/30], Loss: 1.4613
Epoch [10/30], Loss: 1.2069
Epoch [15/30], Loss: 1.0229
Epoch [20/30], Loss: 0.9632
Epoch [25/30], Loss: 0.9444
Epoch [30/30], Loss: 0.9273
[02:21:51]   [done] v3_MHC_zh_C1dup_d16_ep30 11.4s  CF: S=0.0000 I12=0.1083 share=1.132655444154579e-16 accs=0.727/0.720/0.727
[02:21:51] === MHC_zh / C2 split-half at d16_ep30 ===
Epoch [5/30], Loss: 1.4942
Epoch [10/30], Loss: 1.2686
Epoch [15/30], Loss: 1.1073
Epoch [20/30], Loss: 1.0469
Epoch [25/30], Loss: 1.0290
Epoch [30/30], Loss: 1.0113
Epoch [5/30], Loss: 1.4684
Epoch [10/30], Loss: 1.2034
Epoch [15/30], Loss: 1.0065
Epoch [20/30], Loss: 0.9102
Epoch [25/30], Loss: 0.8879
Epoch [30/30], Loss: 0.8685
Epoch [5/30], Loss: 1.5325
Epoch [10/30], Loss: 1.3059
Epoch [15/30], Loss: 1.1087
Epoch [20/30], Loss: 1.0492
Epoch [25/30], Loss: 1.0287
Epoch [30/30], Loss: 1.0098
Epoch [5/30], Loss: 1.5486
Epoch [10/30], Loss: 1.2809
Epoch [15/30], Loss: 1.0727
Epoch [20/30], Loss: 1.0073
Epoch [25/30], Loss: 0.9880
Epoch [30/30], Loss: 0.9687
Epoch [5/30], Loss: 1.5299
Epoch [10/30], Loss: 1.2880
Epoch [15/30], Loss: 1.0803
Epoch [20/30], Loss: 1.0188
Epoch [25/30], Loss: 0.9976
Epoch [30/30], Loss: 0.9775
Epoch [5/30], Loss: 1.4709
Epoch [10/30], Loss: 1.1936
Epoch [15/30], Loss: 0.9824
Epoch [20/30], Loss: 0.9208
Epoch [25/30], Loss: 0.9011
Epoch [30/30], Loss: 0.8832
[02:22:03]   [done] v3_MHC_zh_C2half_d16_ep30 11.4s  CF: S=-0.0000 I12=0.0829 share=-2.681795244773193e-16 accs=0.706/0.734/0.723
[02:22:05] === HateMM / A7_d8_ep30 (certified-dimension primary) ===
Epoch [5/30], Loss: 1.0771
Epoch [10/30], Loss: 0.9802
Epoch [15/30], Loss: 0.9158
Epoch [20/30], Loss: 0.8827
Epoch [25/30], Loss: 0.8752
Epoch [30/30], Loss: 0.8693
R: 0.2680, U1: 0.0000, U2: 0.1705, S: 0.0677
Epoch [5/30], Loss: 1.0990
Epoch [10/30], Loss: 0.9944
Epoch [15/30], Loss: 0.9135
Epoch [20/30], Loss: 0.8824
Epoch [25/30], Loss: 0.8748
Epoch [30/30], Loss: 0.8678
Epoch [5/30], Loss: 1.0499
Epoch [10/30], Loss: 0.9602
Epoch [15/30], Loss: 0.8969
Epoch [20/30], Loss: 0.8637
Epoch [25/30], Loss: 0.8565
Epoch [30/30], Loss: 0.8505
Epoch [5/30], Loss: 1.0792
Epoch [10/30], Loss: 0.9864
Epoch [15/30], Loss: 0.9243
Epoch [20/30], Loss: 0.8995
Epoch [25/30], Loss: 0.8939
Epoch [30/30], Loss: 0.8880
Epoch [5/30], Loss: 1.1125
Epoch [10/30], Loss: 0.9990
Epoch [15/30], Loss: 0.9383
Epoch [20/30], Loss: 0.9068
Epoch [25/30], Loss: 0.8998
Epoch [30/30], Loss: 0.8939
Epoch [5/30], Loss: 1.0551
Epoch [10/30], Loss: 0.9544
Epoch [15/30], Loss: 0.8924
Epoch [20/30], Loss: 0.8588
Epoch [25/30], Loss: 0.8521
Epoch [30/30], Loss: 0.8459
Epoch [5/30], Loss: 1.9651
Epoch [10/30], Loss: 1.9009
Epoch [15/30], Loss: 1.8199
Epoch [20/30], Loss: 1.7680
Epoch [25/30], Loss: 1.7563
Epoch [30/30], Loss: 1.7455
Epoch [5/30], Loss: 1.9431
Epoch [10/30], Loss: 1.8809
Epoch [15/30], Loss: 1.7974
Epoch [20/30], Loss: 1.7561
Epoch [25/30], Loss: 1.7440
Epoch [30/30], Loss: 1.7343
Epoch [5/30], Loss: 1.9526
Epoch [10/30], Loss: 1.8833
Epoch [15/30], Loss: 1.7972
Epoch [20/30], Loss: 1.7528
Epoch [25/30], Loss: 1.7420
Epoch [30/30], Loss: 1.7313
Epoch [5/30], Loss: 1.9386
Epoch [10/30], Loss: 1.8447
Epoch [15/30], Loss: 1.7484
Epoch [20/30], Loss: 1.6975
Epoch [25/30], Loss: 1.6854
Epoch [30/30], Loss: 1.6747
Epoch [5/30], Loss: 1.9586
Epoch [10/30], Loss: 1.8890
Epoch [15/30], Loss: 1.8036
Epoch [20/30], Loss: 1.7585
Epoch [25/30], Loss: 1.7486
Epoch [30/30], Loss: 1.7390
Epoch [5/30], Loss: 1.9580
Epoch [10/30], Loss: 1.9041
Epoch [15/30], Loss: 1.8225
Epoch [20/30], Loss: 1.7810
Epoch [25/30], Loss: 1.7695
Epoch [30/30], Loss: 1.7603
Epoch [5/30], Loss: 1.9542
Epoch [10/30], Loss: 1.8853
Epoch [15/30], Loss: 1.7944
Epoch [20/30], Loss: 1.7516
Epoch [25/30], Loss: 1.7415
Epoch [30/30], Loss: 1.7307
Epoch [5/30], Loss: 1.9778
Epoch [10/30], Loss: 1.8797
Epoch [15/30], Loss: 1.7793
Epoch [20/30], Loss: 1.7311
Epoch [25/30], Loss: 1.7200
Epoch [30/30], Loss: 1.7094
Epoch [5/30], Loss: 1.9025
Epoch [10/30], Loss: 1.8148
Epoch [15/30], Loss: 1.7233
Epoch [20/30], Loss: 1.6763
Epoch [25/30], Loss: 1.6659
Epoch [30/30], Loss: 1.6561
Epoch [5/30], Loss: 1.9436
Epoch [10/30], Loss: 1.8650
Epoch [15/30], Loss: 1.7565
Epoch [20/30], Loss: 1.7139
Epoch [25/30], Loss: 1.7024
Epoch [30/30], Loss: 1.6908
Epoch [5/30], Loss: 1.9428
Epoch [10/30], Loss: 1.8711
Epoch [15/30], Loss: 1.7772
Epoch [20/30], Loss: 1.7338
Epoch [25/30], Loss: 1.7219
Epoch [30/30], Loss: 1.7115
Epoch [5/30], Loss: 1.9491
Epoch [10/30], Loss: 1.8709
Epoch [15/30], Loss: 1.7834
Epoch [20/30], Loss: 1.7335
Epoch [25/30], Loss: 1.7234
Epoch [30/30], Loss: 1.7134
Epoch [5/30], Loss: 1.9568
Epoch [10/30], Loss: 1.8761
Epoch [15/30], Loss: 1.7896
Epoch [20/30], Loss: 1.7388
Epoch [25/30], Loss: 1.7272
Epoch [30/30], Loss: 1.7167
Epoch [5/30], Loss: 1.9756
Epoch [10/30], Loss: 1.9131
Epoch [15/30], Loss: 1.8305
Epoch [20/30], Loss: 1.7923
Epoch [25/30], Loss: 1.7820
Epoch [30/30], Loss: 1.7728
Epoch [5/30], Loss: 1.9364
Epoch [10/30], Loss: 1.8767
Epoch [15/30], Loss: 1.7964
Epoch [20/30], Loss: 1.7575
Epoch [25/30], Loss: 1.7470
Epoch [30/30], Loss: 1.7376
Epoch [5/30], Loss: 1.9666
Epoch [10/30], Loss: 1.8997
Epoch [15/30], Loss: 1.8001
Epoch [20/30], Loss: 1.7618
Epoch [25/30], Loss: 1.7511
Epoch [30/30], Loss: 1.7400
Epoch [5/30], Loss: 1.9457
Epoch [10/30], Loss: 1.8725
Epoch [15/30], Loss: 1.7717
Epoch [20/30], Loss: 1.7256
Epoch [25/30], Loss: 1.7132
Epoch [30/30], Loss: 1.7023
Epoch [5/30], Loss: 1.9701
Epoch [10/30], Loss: 1.9064
Epoch [15/30], Loss: 1.8206
Epoch [20/30], Loss: 1.7741
Epoch [25/30], Loss: 1.7633
Epoch [30/30], Loss: 1.7531
Epoch [5/30], Loss: 1.9643
Epoch [10/30], Loss: 1.8930
Epoch [15/30], Loss: 1.8028
Epoch [20/30], Loss: 1.7537
Epoch [25/30], Loss: 1.7414
Epoch [30/30], Loss: 1.7303
Epoch [5/30], Loss: 1.9484
Epoch [10/30], Loss: 1.8826
Epoch [15/30], Loss: 1.8018
Epoch [20/30], Loss: 1.7599
Epoch [25/30], Loss: 1.7500
Epoch [30/30], Loss: 1.7398
Epoch [5/30], Loss: 1.9629
Epoch [10/30], Loss: 1.8685
Epoch [15/30], Loss: 1.7660
Epoch [20/30], Loss: 1.7202
Epoch [25/30], Loss: 1.7078
Epoch [30/30], Loss: 1.6968
Epoch [5/30], Loss: 1.9508
Epoch [10/30], Loss: 1.8804
Epoch [15/30], Loss: 1.7860
Epoch [20/30], Loss: 1.7449
Epoch [25/30], Loss: 1.7335
Epoch [30/30], Loss: 1.7226
Epoch [5/30], Loss: 1.9514
Epoch [10/30], Loss: 1.8669
Epoch [15/30], Loss: 1.7601
Epoch [20/30], Loss: 1.7105
Epoch [25/30], Loss: 1.6982
Epoch [30/30], Loss: 1.6871
Epoch [5/30], Loss: 1.9674
Epoch [10/30], Loss: 1.9011
Epoch [15/30], Loss: 1.8111
Epoch [20/30], Loss: 1.7638
Epoch [25/30], Loss: 1.7535
Epoch [30/30], Loss: 1.7444
Epoch [5/30], Loss: 1.9722
Epoch [10/30], Loss: 1.9034
Epoch [15/30], Loss: 1.8162
Epoch [20/30], Loss: 1.7748
Epoch [25/30], Loss: 1.7631
Epoch [30/30], Loss: 1.7527
Epoch [5/30], Loss: 1.9634
Epoch [10/30], Loss: 1.8845
Epoch [15/30], Loss: 1.7984
Epoch [20/30], Loss: 1.7445
Epoch [25/30], Loss: 1.7317
Epoch [30/30], Loss: 1.7217
Epoch [5/30], Loss: 1.9536
Epoch [10/30], Loss: 1.8664
Epoch [15/30], Loss: 1.7469
Epoch [20/30], Loss: 1.6995
Epoch [25/30], Loss: 1.6856
Epoch [30/30], Loss: 1.6738
Epoch [5/30], Loss: 1.9757
Epoch [10/30], Loss: 1.8969
Epoch [15/30], Loss: 1.7899
Epoch [20/30], Loss: 1.7428
Epoch [25/30], Loss: 1.7292
Epoch [30/30], Loss: 1.7172
Epoch [5/30], Loss: 1.9515
Epoch [10/30], Loss: 1.8622
Epoch [15/30], Loss: 1.7716
Epoch [20/30], Loss: 1.7161
Epoch [25/30], Loss: 1.7049
Epoch [30/30], Loss: 1.6940
Epoch [5/30], Loss: 1.9602
Epoch [10/30], Loss: 1.8905
Epoch [15/30], Loss: 1.7906
Epoch [20/30], Loss: 1.7429
Epoch [25/30], Loss: 1.7312
Epoch [30/30], Loss: 1.7192
Epoch [5/30], Loss: 1.9391
Epoch [10/30], Loss: 1.8741
Epoch [15/30], Loss: 1.7950
Epoch [20/30], Loss: 1.7532
Epoch [25/30], Loss: 1.7435
Epoch [30/30], Loss: 1.7342
Epoch [5/30], Loss: 1.9436
Epoch [10/30], Loss: 1.8657
Epoch [15/30], Loss: 1.7687
Epoch [20/30], Loss: 1.7299
Epoch [25/30], Loss: 1.7183
Epoch [30/30], Loss: 1.7072
Epoch [5/30], Loss: 1.9642
Epoch [10/30], Loss: 1.8878
Epoch [15/30], Loss: 1.7855
Epoch [20/30], Loss: 1.7403
Epoch [25/30], Loss: 1.7291
Epoch [30/30], Loss: 1.7178
Epoch [5/30], Loss: 1.9792
Epoch [10/30], Loss: 1.9125
Epoch [15/30], Loss: 1.8222
Epoch [20/30], Loss: 1.7789
Epoch [25/30], Loss: 1.7670
Epoch [30/30], Loss: 1.7561
Epoch [5/30], Loss: 1.9703
Epoch [10/30], Loss: 1.8981
Epoch [15/30], Loss: 1.7894
Epoch [20/30], Loss: 1.7490
Epoch [25/30], Loss: 1.7370
Epoch [30/30], Loss: 1.7261
Epoch [5/30], Loss: 1.9735
Epoch [10/30], Loss: 1.9104
Epoch [15/30], Loss: 1.8259
Epoch [20/30], Loss: 1.7717
Epoch [25/30], Loss: 1.7600
Epoch [30/30], Loss: 1.7493
Epoch [5/30], Loss: 1.9824
Epoch [10/30], Loss: 1.9218
Epoch [15/30], Loss: 1.8309
Epoch [20/30], Loss: 1.7841
Epoch [25/30], Loss: 1.7714
Epoch [30/30], Loss: 1.7602
Epoch [5/30], Loss: 1.9717
Epoch [10/30], Loss: 1.8977
Epoch [15/30], Loss: 1.8097
Epoch [20/30], Loss: 1.7604
Epoch [25/30], Loss: 1.7488
Epoch [30/30], Loss: 1.7381
Epoch [5/30], Loss: 1.9470
Epoch [10/30], Loss: 1.8888
Epoch [15/30], Loss: 1.8101
Epoch [20/30], Loss: 1.7692
Epoch [25/30], Loss: 1.7595
Epoch [30/30], Loss: 1.7500
Epoch [5/30], Loss: 1.9696
Epoch [10/30], Loss: 1.9067
Epoch [15/30], Loss: 1.8167
Epoch [20/30], Loss: 1.7739
Epoch [25/30], Loss: 1.7628
Epoch [30/30], Loss: 1.7524
Epoch [5/30], Loss: 1.9604
Epoch [10/30], Loss: 1.8954
Epoch [15/30], Loss: 1.8067
Epoch [20/30], Loss: 1.7659
Epoch [25/30], Loss: 1.7548
Epoch [30/30], Loss: 1.7449
Epoch [5/30], Loss: 1.9696
Epoch [10/30], Loss: 1.9084
Epoch [15/30], Loss: 1.8207
Epoch [20/30], Loss: 1.7754
Epoch [25/30], Loss: 1.7645
Epoch [30/30], Loss: 1.7530
Epoch [5/30], Loss: 1.9474
Epoch [10/30], Loss: 1.8713
Epoch [15/30], Loss: 1.7643
Epoch [20/30], Loss: 1.7226
Epoch [25/30], Loss: 1.7114
Epoch [30/30], Loss: 1.6992
Epoch [5/30], Loss: 1.9514
Epoch [10/30], Loss: 1.8731
Epoch [15/30], Loss: 1.7758
Epoch [20/30], Loss: 1.7297
Epoch [25/30], Loss: 1.7171
Epoch [30/30], Loss: 1.7053
Epoch [5/30], Loss: 1.9699
Epoch [10/30], Loss: 1.9061
Epoch [15/30], Loss: 1.7888
Epoch [20/30], Loss: 1.7426
Epoch [25/30], Loss: 1.7291
Epoch [30/30], Loss: 1.7166
Epoch [5/30], Loss: 1.9493
Epoch [10/30], Loss: 1.8665
Epoch [15/30], Loss: 1.7544
Epoch [20/30], Loss: 1.7032
Epoch [25/30], Loss: 1.6896
Epoch [30/30], Loss: 1.6771
Epoch [5/30], Loss: 1.9727
Epoch [10/30], Loss: 1.8920
Epoch [15/30], Loss: 1.7877
Epoch [20/30], Loss: 1.7379
Epoch [25/30], Loss: 1.7252
Epoch [30/30], Loss: 1.7137
Epoch [5/30], Loss: 1.9630
Epoch [10/30], Loss: 1.8800
Epoch [15/30], Loss: 1.7814
Epoch [20/30], Loss: 1.7292
Epoch [25/30], Loss: 1.7162
Epoch [30/30], Loss: 1.7049
Epoch [5/30], Loss: 1.9670
Epoch [10/30], Loss: 1.8932
Epoch [15/30], Loss: 1.8104
Epoch [20/30], Loss: 1.7700
Epoch [25/30], Loss: 1.7595
Epoch [30/30], Loss: 1.7508
[02:23:23] === MHC_zh / A7_d8_ep30 (certified-dimension primary) ===
[02:23:24]   [ckpt] v3_MHC_zh_A7_d8_ep30
[02:23:24] === MHC_zh / C1 duplicate-stream at d8_ep30 ===
[02:23:25]   [ckpt] v3_MHC_zh_C1dup_d8_ep30
[02:23:25] === MHC_zh / C2 split-half at d8_ep30 ===
[02:23:26]   [ckpt] v3_MHC_zh_C2half_d8_ep30
[02:23:26] === MHC_zh / A7_d16_ep30 (certified-dimension primary) ===
[02:23:27]   [ckpt] v3_MHC_zh_A7_d16_ep30
[02:23:27] === MHC_zh / C1 duplicate-stream at d16_ep30 ===
[02:23:28]   [ckpt] v3_MHC_zh_C1dup_d16_ep30
[02:23:28] === MHC_zh / C2 split-half at d16_ep30 ===
[02:23:28]   [ckpt] v3_MHC_zh_C2half_d16_ep30
[02:23:30] === HateMM / A7_d8_ep30 (certified-dimension primary) ===
Epoch [5/30], Loss: 1.0771
Epoch [10/30], Loss: 0.9802
Epoch [15/30], Loss: 0.9158
Epoch [20/30], Loss: 0.8827
Epoch [25/30], Loss: 0.8752
Epoch [30/30], Loss: 0.8693
R: 0.2680, U1: 0.0000, U2: 0.1705, S: 0.0677
Epoch [5/30], Loss: 1.0990
Epoch [10/30], Loss: 0.9944
Epoch [15/30], Loss: 0.9135
Epoch [20/30], Loss: 0.8824
Epoch [25/30], Loss: 0.8748
Epoch [30/30], Loss: 0.8678
Epoch [5/30], Loss: 1.0499
Epoch [10/30], Loss: 0.9602
Epoch [15/30], Loss: 0.8969
Epoch [20/30], Loss: 0.8637
Epoch [25/30], Loss: 0.8565
Epoch [30/30], Loss: 0.8505
Epoch [5/30], Loss: 1.0792
Epoch [10/30], Loss: 0.9864
Epoch [15/30], Loss: 0.9243
Epoch [20/30], Loss: 0.8995
Epoch [25/30], Loss: 0.8939
Epoch [30/30], Loss: 0.8880
Epoch [5/30], Loss: 1.1125
Epoch [10/30], Loss: 0.9990
Epoch [15/30], Loss: 0.9383
Epoch [20/30], Loss: 0.9068
Epoch [25/30], Loss: 0.8998
Epoch [30/30], Loss: 0.8939
Epoch [5/30], Loss: 1.0551
Epoch [10/30], Loss: 0.9544
Epoch [15/30], Loss: 0.8924
Epoch [20/30], Loss: 0.8588
Epoch [25/30], Loss: 0.8521
Epoch [30/30], Loss: 0.8459
[02:23:46]     [perm ckpt] resuming at 8/50
Epoch [5/30], Loss: 1.9670
Epoch [10/30], Loss: 1.8932
Epoch [15/30], Loss: 1.8104
Epoch [20/30], Loss: 1.7700
Epoch [25/30], Loss: 1.7595
Epoch [30/30], Loss: 1.7508
Epoch [5/30], Loss: 1.9688
Epoch [10/30], Loss: 1.9128
Epoch [15/30], Loss: 1.8386
Epoch [20/30], Loss: 1.7997
Epoch [25/30], Loss: 1.7892
Epoch [30/30], Loss: 1.7798
Epoch [5/30], Loss: 1.9677
Epoch [10/30], Loss: 1.8963
Epoch [15/30], Loss: 1.7988
Epoch [20/30], Loss: 1.7528
Epoch [25/30], Loss: 1.7397
Epoch [30/30], Loss: 1.7276
Epoch [5/30], Loss: 1.9771
Epoch [10/30], Loss: 1.9127
Epoch [15/30], Loss: 1.8368
Epoch [20/30], Loss: 1.7980
Epoch [25/30], Loss: 1.7869
Epoch [30/30], Loss: 1.7770
Epoch [5/30], Loss: 1.9643
Epoch [10/30], Loss: 1.9035
Epoch [15/30], Loss: 1.8090
Epoch [20/30], Loss: 1.7668
Epoch [25/30], Loss: 1.7559
Epoch [30/30], Loss: 1.7444
Epoch [5/30], Loss: 1.9762
Epoch [10/30], Loss: 1.9147
Epoch [15/30], Loss: 1.8326
Epoch [20/30], Loss: 1.7852
Epoch [25/30], Loss: 1.7743
Epoch [30/30], Loss: 1.7652
Epoch [5/30], Loss: 1.9558
Epoch [10/30], Loss: 1.8827
Epoch [15/30], Loss: 1.7926
Epoch [20/30], Loss: 1.7562
Epoch [25/30], Loss: 1.7455
Epoch [30/30], Loss: 1.7360
Epoch [5/30], Loss: 1.9565
Epoch [10/30], Loss: 1.8862
Epoch [15/30], Loss: 1.8075
Epoch [20/30], Loss: 1.7687
Epoch [25/30], Loss: 1.7596
Epoch [30/30], Loss: 1.7505
Epoch [5/30], Loss: 1.9637
Epoch [10/30], Loss: 1.8819
Epoch [15/30], Loss: 1.7845
Epoch [20/30], Loss: 1.7440
Epoch [25/30], Loss: 1.7330
Epoch [30/30], Loss: 1.7224
Epoch [5/30], Loss: 1.9647
Epoch [10/30], Loss: 1.9008
Epoch [15/30], Loss: 1.8034
Epoch [20/30], Loss: 1.7609
Epoch [25/30], Loss: 1.7490
Epoch [30/30], Loss: 1.7381
Epoch [5/30], Loss: 1.9353
Epoch [10/30], Loss: 1.8551
Epoch [15/30], Loss: 1.7568
Epoch [20/30], Loss: 1.7089
Epoch [25/30], Loss: 1.6967
Epoch [30/30], Loss: 1.6858
Epoch [5/30], Loss: 1.9678
Epoch [10/30], Loss: 1.8995
Epoch [15/30], Loss: 1.8162
Epoch [20/30], Loss: 1.7729
Epoch [25/30], Loss: 1.7610
Epoch [30/30], Loss: 1.7516
[02:23:59]     perm 10/50
Epoch [5/30], Loss: 1.9547
Epoch [10/30], Loss: 1.8898
Epoch [15/30], Loss: 1.8022
Epoch [20/30], Loss: 1.7611
Epoch [25/30], Loss: 1.7507
Epoch [30/30], Loss: 1.7402
Epoch [5/30], Loss: 1.9533
Epoch [10/30], Loss: 1.8769
Epoch [15/30], Loss: 1.7636
Epoch [20/30], Loss: 1.7200
Epoch [25/30], Loss: 1.7075
Epoch [30/30], Loss: 1.6965
Epoch [5/30], Loss: 1.9748
Epoch [10/30], Loss: 1.8984
Epoch [15/30], Loss: 1.7930
Epoch [20/30], Loss: 1.7428
Epoch [25/30], Loss: 1.7308
Epoch [30/30], Loss: 1.7190
Epoch [5/30], Loss: 1.9663
Epoch [10/30], Loss: 1.8795
Epoch [15/30], Loss: 1.7718
Epoch [20/30], Loss: 1.7216
Epoch [25/30], Loss: 1.7090
Epoch [30/30], Loss: 1.6972
Epoch [5/30], Loss: 1.9553
Epoch [10/30], Loss: 1.8787
Epoch [15/30], Loss: 1.7757
Epoch [20/30], Loss: 1.7295
Epoch [25/30], Loss: 1.7163
Epoch [30/30], Loss: 1.7045
Epoch [5/30], Loss: 1.9677
Epoch [10/30], Loss: 1.8886
Epoch [15/30], Loss: 1.7906
Epoch [20/30], Loss: 1.7474
Epoch [25/30], Loss: 1.7348
Epoch [30/30], Loss: 1.7232
Epoch [5/30], Loss: 1.9718
Epoch [10/30], Loss: 1.9010
Epoch [15/30], Loss: 1.8049
Epoch [20/30], Loss: 1.7645
Epoch [25/30], Loss: 1.7529
Epoch [30/30], Loss: 1.7422
Epoch [5/30], Loss: 1.9390
Epoch [10/30], Loss: 1.8672
Epoch [15/30], Loss: 1.7705
Epoch [20/30], Loss: 1.7329
Epoch [25/30], Loss: 1.7228
Epoch [30/30], Loss: 1.7136
Epoch [5/30], Loss: 1.9510
Epoch [10/30], Loss: 1.8716
Epoch [15/30], Loss: 1.7861
Epoch [20/30], Loss: 1.7378
Epoch [25/30], Loss: 1.7263
Epoch [30/30], Loss: 1.7161
Epoch [5/30], Loss: 1.9571
Epoch [10/30], Loss: 1.8960
Epoch [15/30], Loss: 1.7961
Epoch [20/30], Loss: 1.7529
Epoch [25/30], Loss: 1.7423
Epoch [30/30], Loss: 1.7315
Epoch [5/30], Loss: 1.9610
Epoch [10/30], Loss: 1.8975
Epoch [15/30], Loss: 1.8101
Epoch [20/30], Loss: 1.7652
Epoch [25/30], Loss: 1.7533
Epoch [30/30], Loss: 1.7423
Epoch [5/30], Loss: 1.9648
Epoch [10/30], Loss: 1.8952
Epoch [15/30], Loss: 1.8174
Epoch [20/30], Loss: 1.7748
Epoch [25/30], Loss: 1.7647
Epoch [30/30], Loss: 1.7554
Epoch [5/30], Loss: 1.9558
Epoch [10/30], Loss: 1.8889
Epoch [15/30], Loss: 1.8011
Epoch [20/30], Loss: 1.7570
Epoch [25/30], Loss: 1.7461
Epoch [30/30], Loss: 1.7348
Epoch [5/30], Loss: 1.9482
Epoch [10/30], Loss: 1.8787
Epoch [15/30], Loss: 1.8001
Epoch [20/30], Loss: 1.7598
Epoch [25/30], Loss: 1.7490
Epoch [30/30], Loss: 1.7400
Epoch [5/30], Loss: 1.9217
Epoch [10/30], Loss: 1.8342
Epoch [15/30], Loss: 1.7334
Epoch [20/30], Loss: 1.6925
Epoch [25/30], Loss: 1.6813
Epoch [30/30], Loss: 1.6699
Epoch [5/30], Loss: 1.9691
Epoch [10/30], Loss: 1.9082
Epoch [15/30], Loss: 1.8335
Epoch [20/30], Loss: 1.7955
Epoch [25/30], Loss: 1.7854
Epoch [30/30], Loss: 1.7755
Epoch [5/30], Loss: 1.9427
Epoch [10/30], Loss: 1.8658
Epoch [15/30], Loss: 1.7828
Epoch [20/30], Loss: 1.7382
Epoch [25/30], Loss: 1.7266
Epoch [30/30], Loss: 1.7164
Epoch [5/30], Loss: 1.9524
Epoch [10/30], Loss: 1.8890
Epoch [15/30], Loss: 1.8045
Epoch [20/30], Loss: 1.7630
Epoch [25/30], Loss: 1.7511
Epoch [30/30], Loss: 1.7412
Epoch [5/30], Loss: 1.9656
Epoch [10/30], Loss: 1.8788
Epoch [15/30], Loss: 1.7701
Epoch [20/30], Loss: 1.7239
Epoch [25/30], Loss: 1.7114
Epoch [30/30], Loss: 1.7016
Epoch [5/30], Loss: 1.9707
Epoch [10/30], Loss: 1.8800
Epoch [15/30], Loss: 1.7626
Epoch [20/30], Loss: 1.7157
Epoch [25/30], Loss: 1.7020
Epoch [30/30], Loss: 1.6898
Epoch [5/30], Loss: 1.9692
Epoch [10/30], Loss: 1.8854
Epoch [15/30], Loss: 1.7750
Epoch [20/30], Loss: 1.7348
Epoch [25/30], Loss: 1.7230
Epoch [30/30], Loss: 1.7127
Epoch [5/30], Loss: 1.9641
Epoch [10/30], Loss: 1.9049
Epoch [15/30], Loss: 1.8033
Epoch [20/30], Loss: 1.7588
Epoch [25/30], Loss: 1.7482
Epoch [30/30], Loss: 1.7376
Epoch [5/30], Loss: 1.9647
Epoch [10/30], Loss: 1.8769
Epoch [15/30], Loss: 1.7633
Epoch [20/30], Loss: 1.7182
Epoch [25/30], Loss: 1.7072
Epoch [30/30], Loss: 1.6938
Epoch [5/30], Loss: 1.9657
Epoch [10/30], Loss: 1.8839
Epoch [15/30], Loss: 1.7859
Epoch [20/30], Loss: 1.7408
Epoch [25/30], Loss: 1.7298
Epoch [30/30], Loss: 1.7192
Epoch [5/30], Loss: 1.9620
Epoch [10/30], Loss: 1.8772
Epoch [15/30], Loss: 1.7829
Epoch [20/30], Loss: 1.7326
Epoch [25/30], Loss: 1.7200
Epoch [30/30], Loss: 1.7086
Epoch [5/30], Loss: 1.9478
Epoch [10/30], Loss: 1.8778
Epoch [15/30], Loss: 1.7878
Epoch [20/30], Loss: 1.7490
Epoch [25/30], Loss: 1.7366
Epoch [30/30], Loss: 1.7264
Epoch [5/30], Loss: 1.9685
Epoch [10/30], Loss: 1.9078
Epoch [15/30], Loss: 1.8309
Epoch [20/30], Loss: 1.7956
Epoch [25/30], Loss: 1.7849
Epoch [30/30], Loss: 1.7748
Epoch [5/30], Loss: 1.9528
Epoch [10/30], Loss: 1.8707
Epoch [15/30], Loss: 1.7756
Epoch [20/30], Loss: 1.7403
Epoch [25/30], Loss: 1.7310
Epoch [30/30], Loss: 1.7207
Epoch [5/30], Loss: 1.9528
Epoch [10/30], Loss: 1.8755
Epoch [15/30], Loss: 1.7809
Epoch [20/30], Loss: 1.7389
Epoch [25/30], Loss: 1.7281
Epoch [30/30], Loss: 1.7179
Epoch [5/30], Loss: 1.9691
Epoch [10/30], Loss: 1.9042
Epoch [15/30], Loss: 1.8420
Epoch [20/30], Loss: 1.7943
Epoch [25/30], Loss: 1.7843
Epoch [30/30], Loss: 1.7752
Epoch [5/30], Loss: 1.9813
Epoch [10/30], Loss: 1.9131
Epoch [15/30], Loss: 1.8199
Epoch [20/30], Loss: 1.7827
Epoch [25/30], Loss: 1.7710
Epoch [30/30], Loss: 1.7602
Epoch [5/30], Loss: 1.9613
Epoch [10/30], Loss: 1.8838
Epoch [15/30], Loss: 1.7849
Epoch [20/30], Loss: 1.7369
Epoch [25/30], Loss: 1.7247
Epoch [30/30], Loss: 1.7145
Epoch [5/30], Loss: 1.9500
Epoch [10/30], Loss: 1.8757
Epoch [15/30], Loss: 1.7785
Epoch [20/30], Loss: 1.7298
Epoch [25/30], Loss: 1.7168
Epoch [30/30], Loss: 1.7053
Epoch [5/30], Loss: 1.9576
Epoch [10/30], Loss: 1.8791
Epoch [15/30], Loss: 1.7436
Epoch [20/30], Loss: 1.6989
Epoch [25/30], Loss: 1.6850
Epoch [30/30], Loss: 1.6733
Epoch [5/30], Loss: 1.9693
Epoch [10/30], Loss: 1.8877
Epoch [15/30], Loss: 1.7774
Epoch [20/30], Loss: 1.7299
Epoch [25/30], Loss: 1.7184
Epoch [30/30], Loss: 1.7067
Epoch [5/30], Loss: 1.9742
Epoch [10/30], Loss: 1.8966
Epoch [15/30], Loss: 1.8011
Epoch [20/30], Loss: 1.7559
Epoch [25/30], Loss: 1.7454
Epoch [30/30], Loss: 1.7336
Epoch [5/30], Loss: 1.9631
Epoch [10/30], Loss: 1.8872
Epoch [15/30], Loss: 1.7932
Epoch [20/30], Loss: 1.7429
Epoch [25/30], Loss: 1.7315
Epoch [30/30], Loss: 1.7200
Epoch [5/30], Loss: 1.9644
Epoch [10/30], Loss: 1.8887
Epoch [15/30], Loss: 1.7834
Epoch [20/30], Loss: 1.7327
Epoch [25/30], Loss: 1.7198
Epoch [30/30], Loss: 1.7086
Epoch [5/30], Loss: 1.9583
Epoch [10/30], Loss: 1.8869
Epoch [15/30], Loss: 1.8059
Epoch [20/30], Loss: 1.7619
Epoch [25/30], Loss: 1.7522
Epoch [30/30], Loss: 1.7415
Epoch [5/30], Loss: 1.9392
Epoch [10/30], Loss: 1.8423
Epoch [15/30], Loss: 1.7369
Epoch [20/30], Loss: 1.6923
Epoch [25/30], Loss: 1.6807
Epoch [30/30], Loss: 1.6704
Epoch [5/30], Loss: 1.9764
Epoch [10/30], Loss: 1.8853
Epoch [15/30], Loss: 1.7776
Epoch [20/30], Loss: 1.7341
Epoch [25/30], Loss: 1.7225
Epoch [30/30], Loss: 1.7120
Epoch [5/30], Loss: 1.9689
Epoch [10/30], Loss: 1.8800
Epoch [15/30], Loss: 1.7889
Epoch [20/30], Loss: 1.7354
Epoch [25/30], Loss: 1.7256
Epoch [30/30], Loss: 1.7150
Epoch [5/30], Loss: 1.9716
Epoch [10/30], Loss: 1.8817
Epoch [15/30], Loss: 1.7937
Epoch [20/30], Loss: 1.7444
Epoch [25/30], Loss: 1.7332
Epoch [30/30], Loss: 1.7222
Epoch [5/30], Loss: 1.9627
Epoch [10/30], Loss: 1.8750
Epoch [15/30], Loss: 1.7799
Epoch [20/30], Loss: 1.7227
Epoch [25/30], Loss: 1.7105
Epoch [30/30], Loss: 1.6999
Epoch [5/30], Loss: 1.9706
Epoch [10/30], Loss: 1.9030
Epoch [15/30], Loss: 1.8166
Epoch [20/30], Loss: 1.7722
Epoch [25/30], Loss: 1.7613
Epoch [30/30], Loss: 1.7511
Epoch [5/30], Loss: 1.9638
Epoch [10/30], Loss: 1.8843
Epoch [15/30], Loss: 1.7768
Epoch [20/30], Loss: 1.7332
Epoch [25/30], Loss: 1.7218
Epoch [30/30], Loss: 1.7101
Epoch [5/30], Loss: 1.9580
Epoch [10/30], Loss: 1.8894
Epoch [15/30], Loss: 1.7779
Epoch [20/30], Loss: 1.7393
Epoch [25/30], Loss: 1.7282
Epoch [30/30], Loss: 1.7162
Epoch [5/30], Loss: 1.9694
Epoch [10/30], Loss: 1.9127
Epoch [15/30], Loss: 1.8331
Epoch [20/30], Loss: 1.7792
Epoch [25/30], Loss: 1.7691
Epoch [30/30], Loss: 1.7590
Epoch [5/30], Loss: 1.9219
Epoch [10/30], Loss: 1.8468
Epoch [15/30], Loss: 1.7496
Epoch [20/30], Loss: 1.7047
Epoch [25/30], Loss: 1.6941
Epoch [30/30], Loss: 1.6849
Epoch [5/30], Loss: 1.9480
Epoch [10/30], Loss: 1.8601
Epoch [15/30], Loss: 1.7670
Epoch [20/30], Loss: 1.7295
Epoch [25/30], Loss: 1.7189
Epoch [30/30], Loss: 1.7071
Epoch [5/30], Loss: 1.9371
Epoch [10/30], Loss: 1.8571
Epoch [15/30], Loss: 1.7606
Epoch [20/30], Loss: 1.7170
Epoch [25/30], Loss: 1.7050
Epoch [30/30], Loss: 1.6949
Epoch [5/30], Loss: 1.9127
Epoch [10/30], Loss: 1.8360
Epoch [15/30], Loss: 1.7522
Epoch [20/30], Loss: 1.7132
Epoch [25/30], Loss: 1.7025
Epoch [30/30], Loss: 1.6939
Epoch [5/30], Loss: 1.9353
Epoch [10/30], Loss: 1.8560
Epoch [15/30], Loss: 1.7674
Epoch [20/30], Loss: 1.7078
Epoch [25/30], Loss: 1.6951
Epoch [30/30], Loss: 1.6829
Epoch [5/30], Loss: 1.9376
Epoch [10/30], Loss: 1.8587
Epoch [15/30], Loss: 1.7748
Epoch [20/30], Loss: 1.7278
Epoch [25/30], Loss: 1.7171
Epoch [30/30], Loss: 1.7077
Epoch [5/30], Loss: 1.9511
Epoch [10/30], Loss: 1.8853
Epoch [15/30], Loss: 1.8013
Epoch [20/30], Loss: 1.7498
Epoch [25/30], Loss: 1.7391
Epoch [30/30], Loss: 1.7276
Epoch [5/30], Loss: 1.9563
Epoch [10/30], Loss: 1.8884
Epoch [15/30], Loss: 1.7961
Epoch [20/30], Loss: 1.7548
Epoch [25/30], Loss: 1.7435
Epoch [30/30], Loss: 1.7334
Epoch [5/30], Loss: 1.9648
Epoch [10/30], Loss: 1.9040
Epoch [15/30], Loss: 1.8098
Epoch [20/30], Loss: 1.7684
Epoch [25/30], Loss: 1.7577
Epoch [30/30], Loss: 1.7464
Epoch [5/30], Loss: 1.9482
Epoch [10/30], Loss: 1.8827
Epoch [15/30], Loss: 1.8027
Epoch [20/30], Loss: 1.7583
Epoch [25/30], Loss: 1.7474
Epoch [30/30], Loss: 1.7370
Epoch [5/30], Loss: 1.9803
Epoch [10/30], Loss: 1.9042
Epoch [15/30], Loss: 1.8104
Epoch [20/30], Loss: 1.7494
Epoch [25/30], Loss: 1.7369
Epoch [30/30], Loss: 1.7243
Epoch [5/30], Loss: 1.9683
Epoch [10/30], Loss: 1.9041
Epoch [15/30], Loss: 1.8249
Epoch [20/30], Loss: 1.7768
Epoch [25/30], Loss: 1.7664
Epoch [30/30], Loss: 1.7556
[02:25:07]     perm 20/50
Epoch [5/30], Loss: 1.9777
Epoch [10/30], Loss: 1.8962
Epoch [15/30], Loss: 1.7994
Epoch [20/30], Loss: 1.7522
Epoch [25/30], Loss: 1.7404
Epoch [30/30], Loss: 1.7293
Epoch [5/30], Loss: 1.9467
Epoch [10/30], Loss: 1.8747
Epoch [15/30], Loss: 1.7730
Epoch [20/30], Loss: 1.7153
Epoch [25/30], Loss: 1.7019
Epoch [30/30], Loss: 1.6891
Epoch [5/30], Loss: 1.9796
Epoch [10/30], Loss: 1.8947
Epoch [15/30], Loss: 1.7919
Epoch [20/30], Loss: 1.7479
Epoch [25/30], Loss: 1.7352
Epoch [30/30], Loss: 1.7228
Epoch [5/30], Loss: 1.9681
Epoch [10/30], Loss: 1.9029
Epoch [15/30], Loss: 1.7997
Epoch [20/30], Loss: 1.7560
Epoch [25/30], Loss: 1.7433
Epoch [30/30], Loss: 1.7308
Epoch [5/30], Loss: 1.9682
Epoch [10/30], Loss: 1.9019
Epoch [15/30], Loss: 1.8004
Epoch [20/30], Loss: 1.7560
Epoch [25/30], Loss: 1.7445
Epoch [30/30], Loss: 1.7332
Epoch [5/30], Loss: 1.9741
Epoch [10/30], Loss: 1.9055
Epoch [15/30], Loss: 1.8076
Epoch [20/30], Loss: 1.7637
Epoch [25/30], Loss: 1.7509
Epoch [30/30], Loss: 1.7399
Epoch [5/30], Loss: 1.9678
Epoch [10/30], Loss: 1.8999
Epoch [15/30], Loss: 1.8016
Epoch [20/30], Loss: 1.7567
Epoch [25/30], Loss: 1.7449
Epoch [30/30], Loss: 1.7355
Epoch [5/30], Loss: 1.9817
Epoch [10/30], Loss: 1.9111
Epoch [15/30], Loss: 1.8245
Epoch [20/30], Loss: 1.7817
Epoch [25/30], Loss: 1.7712
Epoch [30/30], Loss: 1.7614
Epoch [5/30], Loss: 1.9781
Epoch [10/30], Loss: 1.9093
Epoch [15/30], Loss: 1.8214
Epoch [20/30], Loss: 1.7672
Epoch [25/30], Loss: 1.7559
Epoch [30/30], Loss: 1.7455
Epoch [5/30], Loss: 1.9664
Epoch [10/30], Loss: 1.9087
Epoch [15/30], Loss: 1.8438
Epoch [20/30], Loss: 1.7963
Epoch [25/30], Loss: 1.7862
Epoch [30/30], Loss: 1.7762
Epoch [5/30], Loss: 1.9646
Epoch [10/30], Loss: 1.8983
Epoch [15/30], Loss: 1.8166
Epoch [20/30], Loss: 1.7751
Epoch [25/30], Loss: 1.7649
Epoch [30/30], Loss: 1.7562
Epoch [5/30], Loss: 1.9827
Epoch [10/30], Loss: 1.9150
Epoch [15/30], Loss: 1.8282
Epoch [20/30], Loss: 1.7897
Epoch [25/30], Loss: 1.7795
Epoch [30/30], Loss: 1.7688
Epoch [5/30], Loss: 1.9705
Epoch [10/30], Loss: 1.8886
Epoch [15/30], Loss: 1.7985
Epoch [20/30], Loss: 1.7557
Epoch [25/30], Loss: 1.7443
Epoch [30/30], Loss: 1.7337
Epoch [5/30], Loss: 1.9565
Epoch [10/30], Loss: 1.8869
Epoch [15/30], Loss: 1.8187
Epoch [20/30], Loss: 1.7682
Epoch [25/30], Loss: 1.7575
Epoch [30/30], Loss: 1.7475
Epoch [5/30], Loss: 1.9583
Epoch [10/30], Loss: 1.8823
Epoch [15/30], Loss: 1.7865
Epoch [20/30], Loss: 1.7428
Epoch [25/30], Loss: 1.7332
Epoch [30/30], Loss: 1.7213
Epoch [5/30], Loss: 1.9579
Epoch [10/30], Loss: 1.8921
Epoch [15/30], Loss: 1.8004
Epoch [20/30], Loss: 1.7647
Epoch [25/30], Loss: 1.7527
Epoch [30/30], Loss: 1.7432
Epoch [5/30], Loss: 1.9760
Epoch [10/30], Loss: 1.9112
Epoch [15/30], Loss: 1.8224
Epoch [20/30], Loss: 1.7832
Epoch [25/30], Loss: 1.7724
Epoch [30/30], Loss: 1.7619
Epoch [5/30], Loss: 1.9739
Epoch [10/30], Loss: 1.9046
Epoch [15/30], Loss: 1.8215
Epoch [20/30], Loss: 1.7719
Epoch [25/30], Loss: 1.7606
Epoch [30/30], Loss: 1.7498
Epoch [5/30], Loss: 1.9475
Epoch [10/30], Loss: 1.8792
Epoch [15/30], Loss: 1.7815
Epoch [20/30], Loss: 1.7348
Epoch [25/30], Loss: 1.7225
Epoch [30/30], Loss: 1.7122
Epoch [5/30], Loss: 1.9684
Epoch [10/30], Loss: 1.9012
Epoch [15/30], Loss: 1.8162
Epoch [20/30], Loss: 1.7694
Epoch [25/30], Loss: 1.7589
Epoch [30/30], Loss: 1.7473
Epoch [5/30], Loss: 1.9668
Epoch [10/30], Loss: 1.8888
Epoch [15/30], Loss: 1.7938
Epoch [20/30], Loss: 1.7454
Epoch [25/30], Loss: 1.7337
Epoch [30/30], Loss: 1.7234
Epoch [5/30], Loss: 1.9768
Epoch [10/30], Loss: 1.9017
Epoch [15/30], Loss: 1.8044
Epoch [20/30], Loss: 1.7617
Epoch [25/30], Loss: 1.7483
Epoch [30/30], Loss: 1.7368
Epoch [5/30], Loss: 1.9706
Epoch [10/30], Loss: 1.9043
Epoch [15/30], Loss: 1.8080
Epoch [20/30], Loss: 1.7626
Epoch [25/30], Loss: 1.7511
Epoch [30/30], Loss: 1.7394
Epoch [5/30], Loss: 1.9677
Epoch [10/30], Loss: 1.9066
Epoch [15/30], Loss: 1.8224
Epoch [20/30], Loss: 1.7771
Epoch [25/30], Loss: 1.7654
Epoch [30/30], Loss: 1.7553
Epoch [5/30], Loss: 1.9481
Epoch [10/30], Loss: 1.8732
Epoch [15/30], Loss: 1.7744
Epoch [20/30], Loss: 1.7255
Epoch [25/30], Loss: 1.7129
Epoch [30/30], Loss: 1.7010
Epoch [5/30], Loss: 1.9808
Epoch [10/30], Loss: 1.9104
Epoch [15/30], Loss: 1.8034
Epoch [20/30], Loss: 1.7607
Epoch [25/30], Loss: 1.7491
Epoch [30/30], Loss: 1.7389
Epoch [5/30], Loss: 1.9641
Epoch [10/30], Loss: 1.8838
Epoch [15/30], Loss: 1.7680
Epoch [20/30], Loss: 1.7217
Epoch [25/30], Loss: 1.7087
Epoch [30/30], Loss: 1.6971
Epoch [5/30], Loss: 1.9810
Epoch [10/30], Loss: 1.9033
Epoch [15/30], Loss: 1.7973
Epoch [20/30], Loss: 1.7521
Epoch [25/30], Loss: 1.7390
Epoch [30/30], Loss: 1.7280
Epoch [5/30], Loss: 1.9656
Epoch [10/30], Loss: 1.8796
Epoch [15/30], Loss: 1.7692
Epoch [20/30], Loss: 1.7175
Epoch [25/30], Loss: 1.7050
Epoch [30/30], Loss: 1.6931
Epoch [5/30], Loss: 1.9672
Epoch [10/30], Loss: 1.8804
Epoch [15/30], Loss: 1.7775
Epoch [20/30], Loss: 1.7262
Epoch [25/30], Loss: 1.7142
Epoch [30/30], Loss: 1.7037
Epoch [5/30], Loss: 1.9721
Epoch [10/30], Loss: 1.9060
Epoch [15/30], Loss: 1.7992
Epoch [20/30], Loss: 1.7548
Epoch [25/30], Loss: 1.7427
Epoch [30/30], Loss: 1.7307
Epoch [5/30], Loss: 1.9652
Epoch [10/30], Loss: 1.8850
Epoch [15/30], Loss: 1.7758
Epoch [20/30], Loss: 1.7314
Epoch [25/30], Loss: 1.7204
Epoch [30/30], Loss: 1.7092
Epoch [5/30], Loss: 1.9470
Epoch [10/30], Loss: 1.8786
Epoch [15/30], Loss: 1.7978
Epoch [20/30], Loss: 1.7566
Epoch [25/30], Loss: 1.7449
Epoch [30/30], Loss: 1.7355
Epoch [5/30], Loss: 1.9615
Epoch [10/30], Loss: 1.8824
Epoch [15/30], Loss: 1.7877
Epoch [20/30], Loss: 1.7439
Epoch [25/30], Loss: 1.7320
Epoch [30/30], Loss: 1.7219
Epoch [5/30], Loss: 1.9814
Epoch [10/30], Loss: 1.9142
Epoch [15/30], Loss: 1.8328
Epoch [20/30], Loss: 1.7741
Epoch [25/30], Loss: 1.7609
Epoch [30/30], Loss: 1.7501
Epoch [5/30], Loss: 1.9752
Epoch [10/30], Loss: 1.9112
Epoch [15/30], Loss: 1.8289
Epoch [20/30], Loss: 1.7684
Epoch [25/30], Loss: 1.7563
Epoch [30/30], Loss: 1.7456
Epoch [5/30], Loss: 1.9844
Epoch [10/30], Loss: 1.9239
Epoch [15/30], Loss: 1.8372
Epoch [20/30], Loss: 1.7941
Epoch [25/30], Loss: 1.7830
Epoch [30/30], Loss: 1.7723
Epoch [5/30], Loss: 1.9530
Epoch [10/30], Loss: 1.8768
Epoch [15/30], Loss: 1.7783
Epoch [20/30], Loss: 1.7317
Epoch [25/30], Loss: 1.7202
Epoch [30/30], Loss: 1.7088
Epoch [5/30], Loss: 1.9514
Epoch [10/30], Loss: 1.8750
Epoch [15/30], Loss: 1.7895
Epoch [20/30], Loss: 1.7398
Epoch [25/30], Loss: 1.7299
Epoch [30/30], Loss: 1.7195
Epoch [5/30], Loss: 1.9552
Epoch [10/30], Loss: 1.8895
Epoch [15/30], Loss: 1.8064
Epoch [20/30], Loss: 1.7608
Epoch [25/30], Loss: 1.7496
Epoch [30/30], Loss: 1.7391
Epoch [5/30], Loss: 1.9634
Epoch [10/30], Loss: 1.8879
Epoch [15/30], Loss: 1.7906
Epoch [20/30], Loss: 1.7409
Epoch [25/30], Loss: 1.7294
Epoch [30/30], Loss: 1.7180
Epoch [5/30], Loss: 1.9652
Epoch [10/30], Loss: 1.9016
Epoch [15/30], Loss: 1.8189
[02:26:01] === MHC_zh / A7_d8_ep30 (certified-dimension primary) ===
[02:26:03]   [ckpt] v3_MHC_zh_A7_d8_ep30
[02:26:03] === MHC_zh / C1 duplicate-stream at d8_ep30 ===
[02:26:04]   [ckpt] v3_MHC_zh_C1dup_d8_ep30
[02:26:04] === MHC_zh / C2 split-half at d8_ep30 ===
[02:26:05]   [ckpt] v3_MHC_zh_C2half_d8_ep30
[02:26:07] === MHC_zh / A7_d16_ep30 (certified-dimension primary) ===
[02:26:08]   [ckpt] v3_MHC_zh_A7_d16_ep30
[02:26:08] === MHC_zh / C1 duplicate-stream at d16_ep30 ===
[02:26:10]   [ckpt] v3_MHC_zh_C1dup_d16_ep30
[02:26:10] === MHC_zh / C2 split-half at d16_ep30 ===
[02:26:11]   [ckpt] v3_MHC_zh_C2half_d16_ep30
[02:26:13] === HateMM / A7_d8_ep30 (certified-dimension primary) ===
Epoch [5/30], Loss: 1.0771
Epoch [10/30], Loss: 0.9802
Epoch [15/30], Loss: 0.9158
Epoch [20/30], Loss: 0.8827
Epoch [25/30], Loss: 0.8752
Epoch [30/30], Loss: 0.8693
R: 0.2680, U1: 0.0000, U2: 0.1705, S: 0.0677
Epoch [5/30], Loss: 1.0990
Epoch [10/30], Loss: 0.9944
Epoch [15/30], Loss: 0.9135
Epoch [20/30], Loss: 0.8824
Epoch [25/30], Loss: 0.8748
Epoch [30/30], Loss: 0.8678
Epoch [5/30], Loss: 1.0499
Epoch [10/30], Loss: 0.9602
Epoch [15/30], Loss: 0.8969
Epoch [20/30], Loss: 0.8637
Epoch [25/30], Loss: 0.8565
Epoch [30/30], Loss: 0.8505
Epoch [5/30], Loss: 1.0792
Epoch [10/30], Loss: 0.9864
Epoch [15/30], Loss: 0.9243
Epoch [20/30], Loss: 0.8995
Epoch [25/30], Loss: 0.8939
Epoch [30/30], Loss: 0.8880
Epoch [5/30], Loss: 1.1125
Epoch [10/30], Loss: 0.9990
Epoch [15/30], Loss: 0.9383
Epoch [20/30], Loss: 0.9068
Epoch [25/30], Loss: 0.8998
Epoch [30/30], Loss: 0.8939
Epoch [5/30], Loss: 1.0551
Epoch [10/30], Loss: 0.9544
Epoch [15/30], Loss: 0.8924
Epoch [20/30], Loss: 0.8588
Epoch [25/30], Loss: 0.8521
Epoch [30/30], Loss: 0.8459
[02:26:29]     [perm ckpt] resuming at 26/50
Epoch [5/30], Loss: 1.9844
Epoch [10/30], Loss: 1.9239
Epoch [15/30], Loss: 1.8372
Epoch [20/30], Loss: 1.7941
Epoch [25/30], Loss: 1.7830
Epoch [30/30], Loss: 1.7723
Epoch [5/30], Loss: 1.9530
Epoch [10/30], Loss: 1.8768
Epoch [15/30], Loss: 1.7783
Epoch [20/30], Loss: 1.7317
Epoch [25/30], Loss: 1.7202
Epoch [30/30], Loss: 1.7088
Epoch [5/30], Loss: 1.9514
Epoch [10/30], Loss: 1.8750
Epoch [15/30], Loss: 1.7895
Epoch [20/30], Loss: 1.7398
Epoch [25/30], Loss: 1.7299
Epoch [30/30], Loss: 1.7195
Epoch [5/30], Loss: 1.9552
Epoch [10/30], Loss: 1.8895
Epoch [15/30], Loss: 1.8064
Epoch [20/30], Loss: 1.7608
Epoch [25/30], Loss: 1.7496
Epoch [30/30], Loss: 1.7391
Epoch [5/30], Loss: 1.9634
Epoch [10/30], Loss: 1.8879
Epoch [15/30], Loss: 1.7906
Epoch [20/30], Loss: 1.7409
Epoch [25/30], Loss: 1.7294
Epoch [30/30], Loss: 1.7180
Epoch [5/30], Loss: 1.9652
Epoch [10/30], Loss: 1.9016
Epoch [15/30], Loss: 1.8189
Epoch [20/30], Loss: 1.7701
Epoch [25/30], Loss: 1.7602
Epoch [30/30], Loss: 1.7495
Epoch [5/30], Loss: 1.9773
Epoch [10/30], Loss: 1.8967
Epoch [15/30], Loss: 1.7969
Epoch [20/30], Loss: 1.7541
Epoch [25/30], Loss: 1.7416
Epoch [30/30], Loss: 1.7305
Epoch [5/30], Loss: 1.9702
Epoch [10/30], Loss: 1.9119
Epoch [15/30], Loss: 1.8312
Epoch [20/30], Loss: 1.7861
Epoch [25/30], Loss: 1.7751
Epoch [30/30], Loss: 1.7653
Epoch [5/30], Loss: 1.9163
Epoch [10/30], Loss: 1.8508
Epoch [15/30], Loss: 1.7607
Epoch [20/30], Loss: 1.7060
Epoch [25/30], Loss: 1.6941
Epoch [30/30], Loss: 1.6819
Epoch [5/30], Loss: 1.9765
Epoch [10/30], Loss: 1.8910
Epoch [15/30], Loss: 1.7826
Epoch [20/30], Loss: 1.7365
Epoch [25/30], Loss: 1.7246
Epoch [30/30], Loss: 1.7139
Epoch [5/30], Loss: 1.9655
Epoch [10/30], Loss: 1.8924
Epoch [15/30], Loss: 1.8001
Epoch [20/30], Loss: 1.7551
Epoch [25/30], Loss: 1.7429
Epoch [30/30], Loss: 1.7326
Epoch [5/30], Loss: 1.9726
Epoch [10/30], Loss: 1.9119
Epoch [15/30], Loss: 1.8209
Epoch [20/30], Loss: 1.7762
Epoch [25/30], Loss: 1.7646
Epoch [30/30], Loss: 1.7545
Epoch [5/30], Loss: 1.9532
Epoch [10/30], Loss: 1.8856
Epoch [15/30], Loss: 1.8023
Epoch [20/30], Loss: 1.7649
Epoch [25/30], Loss: 1.7538
Epoch [30/30], Loss: 1.7448
Epoch [5/30], Loss: 1.9584
Epoch [10/30], Loss: 1.8860
Epoch [15/30], Loss: 1.7977
Epoch [20/30], Loss: 1.7494
Epoch [25/30], Loss: 1.7376
Epoch [30/30], Loss: 1.7266
Epoch [5/30], Loss: 1.9607
Epoch [10/30], Loss: 1.8955
Epoch [15/30], Loss: 1.7984
Epoch [20/30], Loss: 1.7504
Epoch [25/30], Loss: 1.7389
Epoch [30/30], Loss: 1.7290
Epoch [5/30], Loss: 1.9426
Epoch [10/30], Loss: 1.8641
Epoch [15/30], Loss: 1.7714
Epoch [20/30], Loss: 1.7247
Epoch [25/30], Loss: 1.7142
Epoch [30/30], Loss: 1.7052
Epoch [5/30], Loss: 1.9718
Epoch [10/30], Loss: 1.8780
Epoch [15/30], Loss: 1.7705
Epoch [20/30], Loss: 1.7240
Epoch [25/30], Loss: 1.7122
Epoch [30/30], Loss: 1.7009
Epoch [5/30], Loss: 1.9692
Epoch [10/30], Loss: 1.8947
Epoch [15/30], Loss: 1.8142
Epoch [20/30], Loss: 1.7629
Epoch [25/30], Loss: 1.7537
Epoch [30/30], Loss: 1.7449
Epoch [5/30], Loss: 1.9951
Epoch [10/30], Loss: 1.9258
Epoch [15/30], Loss: 1.8266
Epoch [20/30], Loss: 1.7772
Epoch [25/30], Loss: 1.7652
Epoch [30/30], Loss: 1.7519
Epoch [5/30], Loss: 1.9546
Epoch [10/30], Loss: 1.8642
Epoch [15/30], Loss: 1.7562
Epoch [20/30], Loss: 1.7056
Epoch [25/30], Loss: 1.6926
Epoch [30/30], Loss: 1.6809
Epoch [5/30], Loss: 1.9652
Epoch [10/30], Loss: 1.8964
Epoch [15/30], Loss: 1.8039
Epoch [20/30], Loss: 1.7594
Epoch [25/30], Loss: 1.7481
Epoch [30/30], Loss: 1.7366
Epoch [5/30], Loss: 1.9694
Epoch [10/30], Loss: 1.8930
Epoch [15/30], Loss: 1.7910
Epoch [20/30], Loss: 1.7396
Epoch [25/30], Loss: 1.7266
Epoch [30/30], Loss: 1.7150
Epoch [5/30], Loss: 1.9697
Epoch [10/30], Loss: 1.8891
Epoch [15/30], Loss: 1.7870
Epoch [20/30], Loss: 1.7448
Epoch [25/30], Loss: 1.7321
Epoch [30/30], Loss: 1.7216
Epoch [5/30], Loss: 1.9748
Epoch [10/30], Loss: 1.9072
Epoch [15/30], Loss: 1.8110
Epoch [20/30], Loss: 1.7637
Epoch [25/30], Loss: 1.7521
Epoch [30/30], Loss: 1.7409
[02:26:57]     perm 30/50
Epoch [5/30], Loss: 1.9676
Epoch [10/30], Loss: 1.8715
Epoch [15/30], Loss: 1.7757
Epoch [20/30], Loss: 1.7337
Epoch [25/30], Loss: 1.7239
Epoch [30/30], Loss: 1.7138
Epoch [5/30], Loss: 1.9450
Epoch [10/30], Loss: 1.8641
Epoch [15/30], Loss: 1.7827
Epoch [20/30], Loss: 1.7401
Epoch [25/30], Loss: 1.7309
Epoch [30/30], Loss: 1.7220
Epoch [5/30], Loss: 1.9628
Epoch [10/30], Loss: 1.8738
Epoch [15/30], Loss: 1.7770
Epoch [20/30], Loss: 1.7342
Epoch [25/30], Loss: 1.7238
Epoch [30/30], Loss: 1.7140
Epoch [5/30], Loss: 1.9285
Epoch [10/30], Loss: 1.8634
Epoch [15/30], Loss: 1.7765
Epoch [20/30], Loss: 1.7350
Epoch [25/30], Loss: 1.7248
Epoch [30/30], Loss: 1.7146
Epoch [5/30], Loss: 1.9502
Epoch [10/30], Loss: 1.8628
Epoch [15/30], Loss: 1.7739
Epoch [20/30], Loss: 1.7295
Epoch [25/30], Loss: 1.7184
Epoch [30/30], Loss: 1.7085
Epoch [5/30], Loss: 1.9553
Epoch [10/30], Loss: 1.8858
Epoch [15/30], Loss: 1.8186
Epoch [20/30], Loss: 1.7617
Epoch [25/30], Loss: 1.7503
Epoch [30/30], Loss: 1.7419
Epoch [5/30], Loss: 1.9291
Epoch [10/30], Loss: 1.8465
Epoch [15/30], Loss: 1.7513
Epoch [20/30], Loss: 1.7073
Epoch [25/30], Loss: 1.6955
Epoch [30/30], Loss: 1.6862
Epoch [5/30], Loss: 1.9457
Epoch [10/30], Loss: 1.8575
Epoch [15/30], Loss: 1.7634
Epoch [20/30], Loss: 1.7228
Epoch [25/30], Loss: 1.7108
Epoch [30/30], Loss: 1.7015
Epoch [5/30], Loss: 1.9513
Epoch [10/30], Loss: 1.8794
Epoch [15/30], Loss: 1.7914
Epoch [20/30], Loss: 1.7393
Epoch [25/30], Loss: 1.7280
Epoch [30/30], Loss: 1.7172
Epoch [5/30], Loss: 1.9847
Epoch [10/30], Loss: 1.9115
Epoch [15/30], Loss: 1.8209
Epoch [20/30], Loss: 1.7725
Epoch [25/30], Loss: 1.7602
Epoch [30/30], Loss: 1.7497
Epoch [5/30], Loss: 1.9602
Epoch [10/30], Loss: 1.8768
Epoch [15/30], Loss: 1.7768
Epoch [20/30], Loss: 1.7300
Epoch [25/30], Loss: 1.7178
Epoch [30/30], Loss: 1.7076
Epoch [5/30], Loss: 1.9572
Epoch [10/30], Loss: 1.8814
Epoch [15/30], Loss: 1.8028
Epoch [20/30], Loss: 1.7580
Epoch [25/30], Loss: 1.7469
Epoch [30/30], Loss: 1.7377
Epoch [5/30], Loss: 1.9904
Epoch [10/30], Loss: 1.9263
Epoch [15/30], Loss: 1.8326
Epoch [20/30], Loss: 1.7933
Epoch [25/30], Loss: 1.7822
Epoch [30/30], Loss: 1.7701
Epoch [5/30], Loss: 1.9802
Epoch [10/30], Loss: 1.9378
Epoch [15/30], Loss: 1.8559
Epoch [20/30], Loss: 1.8210
[02:27:20] === MHC_zh / A7_d8_ep30 (certified-dimension primary) ===
[02:27:22]   [ckpt] v3_MHC_zh_A7_d8_ep30
[02:27:22] === MHC_zh / C1 duplicate-stream at d8_ep30 ===
[02:27:24]   [ckpt] v3_MHC_zh_C1dup_d8_ep30
[02:27:24] === MHC_zh / C2 split-half at d8_ep30 ===
[02:27:25]   [ckpt] v3_MHC_zh_C2half_d8_ep30
[02:27:26] === MHC_zh / A7_d16_ep30 (certified-dimension primary) ===
[02:27:28]   [ckpt] v3_MHC_zh_A7_d16_ep30
[02:27:28] === MHC_zh / C1 duplicate-stream at d16_ep30 ===
[02:27:30]   [ckpt] v3_MHC_zh_C1dup_d16_ep30
[02:27:30] === MHC_zh / C2 split-half at d16_ep30 ===
[02:27:30]   [ckpt] v3_MHC_zh_C2half_d16_ep30
[02:27:33] === HateMM / A7_d8_ep30 (certified-dimension primary) ===
Epoch [5/30], Loss: 1.0771
Epoch [10/30], Loss: 0.9802
Epoch [15/30], Loss: 0.9158
Epoch [20/30], Loss: 0.8827
Epoch [25/30], Loss: 0.8752
Epoch [30/30], Loss: 0.8693
R: 0.2680, U1: 0.0000, U2: 0.1705, S: 0.0677
Epoch [5/30], Loss: 1.0990
Epoch [10/30], Loss: 0.9944
Epoch [15/30], Loss: 0.9135
Epoch [20/30], Loss: 0.8824
Epoch [25/30], Loss: 0.8748
Epoch [30/30], Loss: 0.8678
Epoch [5/30], Loss: 1.0499
Epoch [10/30], Loss: 0.9602
Epoch [15/30], Loss: 0.8969
Epoch [20/30], Loss: 0.8637
Epoch [25/30], Loss: 0.8565
Epoch [30/30], Loss: 0.8505
Epoch [5/30], Loss: 1.0792
Epoch [10/30], Loss: 0.9864
Epoch [15/30], Loss: 0.9243
Epoch [20/30], Loss: 0.8995
Epoch [25/30], Loss: 0.8939
Epoch [30/30], Loss: 0.8880
Epoch [5/30], Loss: 1.1125
Epoch [10/30], Loss: 0.9990
Epoch [15/30], Loss: 0.9383
Epoch [20/30], Loss: 0.9068
Epoch [25/30], Loss: 0.8998
Epoch [30/30], Loss: 0.8939
Epoch [5/30], Loss: 1.0551
Epoch [10/30], Loss: 0.9544
Epoch [15/30], Loss: 0.8924
Epoch [20/30], Loss: 0.8588
Epoch [25/30], Loss: 0.8521
Epoch [30/30], Loss: 0.8459
[02:27:49]     [perm ckpt] resuming at 32/50
Epoch [5/30], Loss: 1.9904
Epoch [10/30], Loss: 1.9263
Epoch [15/30], Loss: 1.8326
Epoch [20/30], Loss: 1.7933
Epoch [25/30], Loss: 1.7822
Epoch [30/30], Loss: 1.7701
Epoch [5/30], Loss: 1.9802
Epoch [10/30], Loss: 1.9378
Epoch [15/30], Loss: 1.8559
Epoch [20/30], Loss: 1.8210
Epoch [25/30], Loss: 1.8111
Epoch [30/30], Loss: 1.8016
Epoch [5/30], Loss: 1.9568
Epoch [10/30], Loss: 1.8881
Epoch [15/30], Loss: 1.8042
Epoch [20/30], Loss: 1.7638
Epoch [25/30], Loss: 1.7534
Epoch [30/30], Loss: 1.7437
Epoch [5/30], Loss: 1.9750
Epoch [10/30], Loss: 1.9026
Epoch [15/30], Loss: 1.8102
Epoch [20/30], Loss: 1.7650
Epoch [25/30], Loss: 1.7527
Epoch [30/30], Loss: 1.7421
Epoch [5/30], Loss: 1.9625
Epoch [10/30], Loss: 1.9043
Epoch [15/30], Loss: 1.8197
Epoch [20/30], Loss: 1.7764
Epoch [25/30], Loss: 1.7653
Epoch [30/30], Loss: 1.7541
Epoch [5/30], Loss: 1.9832
Epoch [10/30], Loss: 1.9342
Epoch [15/30], Loss: 1.8386
Epoch [20/30], Loss: 1.7949
Epoch [25/30], Loss: 1.7843
Epoch [30/30], Loss: 1.7742
Epoch [5/30], Loss: 1.9670
Epoch [10/30], Loss: 1.8876
Epoch [15/30], Loss: 1.7626
Epoch [20/30], Loss: 1.7170
Epoch [25/30], Loss: 1.7028
Epoch [30/30], Loss: 1.6895
Epoch [5/30], Loss: 1.9380
Epoch [10/30], Loss: 1.8630
Epoch [15/30], Loss: 1.7655
Epoch [20/30], Loss: 1.7261
Epoch [25/30], Loss: 1.7163
Epoch [30/30], Loss: 1.7061
Epoch [5/30], Loss: 1.9330
Epoch [10/30], Loss: 1.8434
Epoch [15/30], Loss: 1.7321
Epoch [20/30], Loss: 1.6901
Epoch [25/30], Loss: 1.6787
Epoch [30/30], Loss: 1.6684
Epoch [5/30], Loss: 1.9657
Epoch [10/30], Loss: 1.8785
Epoch [15/30], Loss: 1.7692
Epoch [20/30], Loss: 1.7151
Epoch [25/30], Loss: 1.7020
Epoch [30/30], Loss: 1.6895
Epoch [5/30], Loss: 1.9541
Epoch [10/30], Loss: 1.8785
Epoch [15/30], Loss: 1.7799
Epoch [20/30], Loss: 1.7382
Epoch [25/30], Loss: 1.7260
Epoch [30/30], Loss: 1.7158
Epoch [5/30], Loss: 1.9510
Epoch [10/30], Loss: 1.8770
Epoch [15/30], Loss: 1.7804
Epoch [20/30], Loss: 1.7316
Epoch [25/30], Loss: 1.7189
Epoch [30/30], Loss: 1.7081
Epoch [5/30], Loss: 1.9367
Epoch [10/30], Loss: 1.8721
Epoch [15/30], Loss: 1.7847
Epoch [20/30], Loss: 1.7521
Epoch [25/30], Loss: 1.7411
Epoch [30/30], Loss: 1.7322
Epoch [5/30], Loss: 1.9343
Epoch [10/30], Loss: 1.8724
Epoch [15/30], Loss: 1.7959
Epoch [20/30], Loss: 1.7547
Epoch [25/30], Loss: 1.7441
Epoch [30/30], Loss: 1.7351
Epoch [5/30], Loss: 1.9856
Epoch [10/30], Loss: 1.9248
Epoch [15/30], Loss: 1.8592
Epoch [20/30], Loss: 1.8044
Epoch [25/30], Loss: 1.7937
Epoch [30/30], Loss: 1.7837
Epoch [5/30], Loss: 1.9863
Epoch [10/30], Loss: 1.9288
Epoch [15/30], Loss: 1.8277
Epoch [20/30], Loss: 1.7867
Epoch [25/30], Loss: 1.7749
Epoch [30/30], Loss: 1.7631
Epoch [5/30], Loss: 1.9572
Epoch [10/30], Loss: 1.8868
Epoch [15/30], Loss: 1.8085
Epoch [20/30], Loss: 1.7717
Epoch [25/30], Loss: 1.7628
Epoch [30/30], Loss: 1.7541
Epoch [5/30], Loss: 1.9670
Epoch [10/30], Loss: 1.9200
Epoch [15/30], Loss: 1.8621
Epoch [20/30], Loss: 1.8115
Epoch [25/30], Loss: 1.8024
Epoch [30/30], Loss: 1.7953
Epoch [5/30], Loss: 1.9536
Epoch [10/30], Loss: 1.8884
Epoch [15/30], Loss: 1.8000
Epoch [20/30], Loss: 1.7609
Epoch [25/30], Loss: 1.7506
Epoch [30/30], Loss: 1.7407
Epoch [5/30], Loss: 1.9823
Epoch [10/30], Loss: 1.9092
Epoch [15/30], Loss: 1.8191
Epoch [20/30], Loss: 1.7759
Epoch [25/30], Loss: 1.7645
Epoch [30/30], Loss: 1.7540
Epoch [5/30], Loss: 1.9734
Epoch [10/30], Loss: 1.9063
Epoch [15/30], Loss: 1.8142
Epoch [20/30], Loss: 1.7705
Epoch [25/30], Loss: 1.7592
Epoch [30/30], Loss: 1.7495
Epoch [5/30], Loss: 1.9833
Epoch [10/30], Loss: 1.9170
Epoch [15/30], Loss: 1.8167
Epoch [20/30], Loss: 1.7672
Epoch [25/30], Loss: 1.7553
Epoch [30/30], Loss: 1.7444
Epoch [5/30], Loss: 1.9550
Epoch [10/30], Loss: 1.8813
Epoch [15/30], Loss: 1.7782
Epoch [20/30], Loss: 1.7289
Epoch [25/30], Loss: 1.7156
Epoch [30/30], Loss: 1.7041
Epoch [5/30], Loss: 1.9713
Epoch [10/30], Loss: 1.8971
Epoch [15/30], Loss: 1.8085
Epoch [20/30], Loss: 1.7588
Epoch [25/30], Loss: 1.7478
Epoch [30/30], Loss: 1.7375
Epoch [5/30], Loss: 1.9736
Epoch [10/30], Loss: 1.8882
Epoch [15/30], Loss: 1.7796
Epoch [20/30], Loss: 1.7363
Epoch [25/30], Loss: 1.7249
Epoch [30/30], Loss: 1.7140
Epoch [5/30], Loss: 1.9696
Epoch [10/30], Loss: 1.8881
Epoch [15/30], Loss: 1.7968
Epoch [20/30], Loss: 1.7509
Epoch [25/30], Loss: 1.7392
Epoch [30/30], Loss: 1.7280
Epoch [5/30], Loss: 1.9582
Epoch [10/30], Loss: 1.8706
Epoch [15/30], Loss: 1.7658
Epoch [20/30], Loss: 1.7191
Epoch [25/30], Loss: 1.7068
Epoch [30/30], Loss: 1.6949
Epoch [5/30], Loss: 1.9568
Epoch [10/30], Loss: 1.8820
Epoch [15/30], Loss: 1.7908
Epoch [20/30], Loss: 1.7413
Epoch [25/30], Loss: 1.7297
Epoch [30/30], Loss: 1.7190
Epoch [5/30], Loss: 1.9655
Epoch [10/30], Loss: 1.8768
Epoch [15/30], Loss: 1.7635
Epoch [20/30], Loss: 1.7123
Epoch [25/30], Loss: 1.6983
Epoch [30/30], Loss: 1.6862
Epoch [5/30], Loss: 1.9729
Epoch [10/30], Loss: 1.8937
Epoch [15/30], Loss: 1.7903
Epoch [20/30], Loss: 1.7427
Epoch [25/30], Loss: 1.7306
Epoch [30/30], Loss: 1.7197
Epoch [5/30], Loss: 1.9567
Epoch [10/30], Loss: 1.8820
Epoch [15/30], Loss: 1.7871
Epoch [20/30], Loss: 1.7424
Epoch [25/30], Loss: 1.7296
Epoch [30/30], Loss: 1.7190
Epoch [5/30], Loss: 1.9762
Epoch [10/30], Loss: 1.9141
Epoch [15/30], Loss: 1.8111
Epoch [20/30], Loss: 1.7669
Epoch [25/30], Loss: 1.7553
Epoch [30/30], Loss: 1.7444
Epoch [5/30], Loss: 1.9694
Epoch [10/30], Loss: 1.8988
Epoch [15/30], Loss: 1.8050
Epoch [20/30], Loss: 1.7560
Epoch [25/30], Loss: 1.7444
Epoch [30/30], Loss: 1.7324
Epoch [5/30], Loss: 1.9595
Epoch [10/30], Loss: 1.8842
Epoch [15/30], Loss: 1.8034
Epoch [20/30], Loss: 1.7469
Epoch [25/30], Loss: 1.7342
Epoch [30/30], Loss: 1.7228
Epoch [5/30], Loss: 1.9401
Epoch [10/30], Loss: 1.8766
Epoch [15/30], Loss: 1.7886
Epoch [20/30], Loss: 1.7416
Epoch [25/30], Loss: 1.7304
Epoch [30/30], Loss: 1.7199
Epoch [5/30], Loss: 1.9660
Epoch [10/30], Loss: 1.8928
Epoch [15/30], Loss: 1.7891
Epoch [20/30], Loss: 1.7382
Epoch [25/30], Loss: 1.7257
Epoch [30/30], Loss: 1.7153
Epoch [5/30], Loss: 1.9565
Epoch [10/30], Loss: 1.8917
Epoch [15/30], Loss: 1.8121
Epoch [20/30], Loss: 1.7672
Epoch [25/30], Loss: 1.7570
Epoch [30/30], Loss: 1.7473
Epoch [5/30], Loss: 1.9797
Epoch [10/30], Loss: 1.9139
Epoch [15/30], Loss: 1.8309
Epoch [20/30], Loss: 1.7935
Epoch [25/30], Loss: 1.7837
Epoch [30/30], Loss: 1.7743
Epoch [5/30], Loss: 1.9532
Epoch [10/30], Loss: 1.8734
Epoch [15/30], Loss: 1.7674
Epoch [20/30], Loss: 1.7199
Epoch [25/30], Loss: 1.7076
Epoch [30/30], Loss: 1.6981
Epoch [5/30], Loss: 1.9428
Epoch [10/30], Loss: 1.8724
Epoch [15/30], Loss: 1.8014
Epoch [20/30], Loss: 1.7577
Epoch [25/30], Loss: 1.7480
Epoch [30/30], Loss: 1.7388
Epoch [5/30], Loss: 1.9675
Epoch [10/30], Loss: 1.9007
Epoch [15/30], Loss: 1.8141
Epoch [20/30], Loss: 1.7739
Epoch [25/30], Loss: 1.7637
Epoch [30/30], Loss: 1.7538
Epoch [5/30], Loss: 1.9679
Epoch [10/30], Loss: 1.9046
Epoch [15/30], Loss: 1.8294
Epoch [20/30], Loss: 1.7885
Epoch [25/30], Loss: 1.7796
Epoch [30/30], Loss: 1.7708
Epoch [5/30], Loss: 1.9571
Epoch [10/30], Loss: 1.8899
Epoch [15/30], Loss: 1.8139
Epoch [20/30], Loss: 1.7725
Epoch [25/30], Loss: 1.7627
Epoch [30/30], Loss: 1.7531
Epoch [5/30], Loss: 1.9657
Epoch [10/30], Loss: 1.9041
Epoch [15/30], Loss: 1.8206
Epoch [20/30], Loss: 1.7818
Epoch [25/30], Loss: 1.7710
Epoch [30/30], Loss: 1.7616
Epoch [5/30], Loss: 1.9844
Epoch [10/30], Loss: 1.9196
Epoch [15/30], Loss: 1.8302
Epoch [20/30], Loss: 1.7835
Epoch [25/30], Loss: 1.7720
Epoch [30/30], Loss: 1.7618
Epoch [5/30], Loss: 1.9729
Epoch [10/30], Loss: 1.9003
Epoch [15/30], Loss: 1.8200
Epoch [20/30], Loss: 1.7772
Epoch [25/30], Loss: 1.7669
Epoch [30/30], Loss: 1.7571
Epoch [5/30], Loss: 1.9602
Epoch [10/30], Loss: 1.8803
[02:29:05] === MHC_zh / A7_d8_ep30 (certified-dimension primary) ===
[02:29:07]   [ckpt] v3_MHC_zh_A7_d8_ep30
[02:29:07] === MHC_zh / C1 duplicate-stream at d8_ep30 ===
[02:29:09]   [ckpt] v3_MHC_zh_C1dup_d8_ep30
[02:29:09] === MHC_zh / C2 split-half at d8_ep30 ===
[02:29:10]   [ckpt] v3_MHC_zh_C2half_d8_ep30
[02:29:11] === MHC_zh / A7_d16_ep30 (certified-dimension primary) ===
[02:29:13]   [ckpt] v3_MHC_zh_A7_d16_ep30
[02:29:13] === MHC_zh / C1 duplicate-stream at d16_ep30 ===
[02:29:14]   [ckpt] v3_MHC_zh_C1dup_d16_ep30
[02:29:14] === MHC_zh / C2 split-half at d16_ep30 ===
[02:29:15]   [ckpt] v3_MHC_zh_C2half_d16_ep30
[02:29:17] === HateMM / A7_d8_ep30 (certified-dimension primary) ===
Epoch [5/30], Loss: 1.0771
Epoch [10/30], Loss: 0.9802
Epoch [15/30], Loss: 0.9158
Epoch [20/30], Loss: 0.8827
Epoch [25/30], Loss: 0.8752
Epoch [30/30], Loss: 0.8693
R: 0.2680, U1: 0.0000, U2: 0.1705, S: 0.0677
Epoch [5/30], Loss: 1.0990
Epoch [10/30], Loss: 0.9944
Epoch [15/30], Loss: 0.9135
Epoch [20/30], Loss: 0.8824
Epoch [25/30], Loss: 0.8748
Epoch [30/30], Loss: 0.8678
Epoch [5/30], Loss: 1.0499
Epoch [10/30], Loss: 0.9602
Epoch [15/30], Loss: 0.8969
Epoch [20/30], Loss: 0.8637
Epoch [25/30], Loss: 0.8565
Epoch [30/30], Loss: 0.8505
Epoch [5/30], Loss: 1.0792
Epoch [10/30], Loss: 0.9864
Epoch [15/30], Loss: 0.9243
Epoch [20/30], Loss: 0.8995
Epoch [25/30], Loss: 0.8939
Epoch [30/30], Loss: 0.8880
Epoch [5/30], Loss: 1.1125
Epoch [10/30], Loss: 0.9990
Epoch [15/30], Loss: 0.9383
Epoch [20/30], Loss: 0.9068
Epoch [25/30], Loss: 0.8998
Epoch [30/30], Loss: 0.8939
Epoch [5/30], Loss: 1.0551
Epoch [10/30], Loss: 0.9544
Epoch [15/30], Loss: 0.8924
Epoch [20/30], Loss: 0.8588
Epoch [25/30], Loss: 0.8521
Epoch [30/30], Loss: 0.8459
[02:29:33]     [perm ckpt] resuming at 39/50
Epoch [5/30], Loss: 1.9571
Epoch [10/30], Loss: 1.8899
Epoch [15/30], Loss: 1.8139
Epoch [20/30], Loss: 1.7725
Epoch [25/30], Loss: 1.7627
Epoch [30/30], Loss: 1.7531
Epoch [5/30], Loss: 1.9657
Epoch [10/30], Loss: 1.9041
Epoch [15/30], Loss: 1.8206
Epoch [20/30], Loss: 1.7818
Epoch [25/30], Loss: 1.7710
Epoch [30/30], Loss: 1.7616
Epoch [5/30], Loss: 1.9844
Epoch [10/30], Loss: 1.9196
Epoch [15/30], Loss: 1.8302
Epoch [20/30], Loss: 1.7835
Epoch [25/30], Loss: 1.7720
Epoch [30/30], Loss: 1.7618
Epoch [5/30], Loss: 1.9729
Epoch [10/30], Loss: 1.9003
Epoch [15/30], Loss: 1.8200
Epoch [20/30], Loss: 1.7772
Epoch [25/30], Loss: 1.7669
Epoch [30/30], Loss: 1.7571
Epoch [5/30], Loss: 1.9602
Epoch [10/30], Loss: 1.8803
Epoch [15/30], Loss: 1.7904
Epoch [20/30], Loss: 1.7463
Epoch [25/30], Loss: 1.7363
Epoch [30/30], Loss: 1.7259
Epoch [5/30], Loss: 1.9843
Epoch [10/30], Loss: 1.9267
Epoch [15/30], Loss: 1.8482
Epoch [20/30], Loss: 1.8068
Epoch [25/30], Loss: 1.7971
Epoch [30/30], Loss: 1.7891
[02:29:40]     perm 40/50
Epoch [5/30], Loss: 1.9677
Epoch [10/30], Loss: 1.9134
Epoch [15/30], Loss: 1.8275
Epoch [20/30], Loss: 1.7843
Epoch [25/30], Loss: 1.7727
Epoch [30/30], Loss: 1.7615
Epoch [5/30], Loss: 1.9976
Epoch [10/30], Loss: 1.9399
Epoch [15/30], Loss: 1.8624
Epoch [20/30], Loss: 1.8150
Epoch [25/30], Loss: 1.8043
Epoch [30/30], Loss: 1.7934
Epoch [5/30], Loss: 1.9719
Epoch [10/30], Loss: 1.9044
Epoch [15/30], Loss: 1.8083
Epoch [20/30], Loss: 1.7685
Epoch [25/30], Loss: 1.7579
Epoch [30/30], Loss: 1.7464
Epoch [5/30], Loss: 1.9592
Epoch [10/30], Loss: 1.8899
Epoch [15/30], Loss: 1.7991
Epoch [20/30], Loss: 1.7592
Epoch [25/30], Loss: 1.7483
Epoch [30/30], Loss: 1.7376
Epoch [5/30], Loss: 1.9620
Epoch [10/30], Loss: 1.8804
Epoch [15/30], Loss: 1.7691
Epoch [20/30], Loss: 1.7222
Epoch [25/30], Loss: 1.7092
Epoch [30/30], Loss: 1.6970
Epoch [5/30], Loss: 1.9842
Epoch [10/30], Loss: 1.9188
Epoch [15/30], Loss: 1.8339
Epoch [20/30], Loss: 1.7863
Epoch [25/30], Loss: 1.7744
Epoch [30/30], Loss: 1.7642
Epoch [5/30], Loss: 1.9779
Epoch [10/30], Loss: 1.9121
Epoch [15/30], Loss: 1.8161
Epoch [20/30], Loss: 1.7711
Epoch [25/30], Loss: 1.7590
Epoch [30/30], Loss: 1.7478
Epoch [5/30], Loss: 1.9523
Epoch [10/30], Loss: 1.8848
Epoch [15/30], Loss: 1.7901
Epoch [20/30], Loss: 1.7454
Epoch [25/30], Loss: 1.7331
Epoch [30/30], Loss: 1.7216
Epoch [5/30], Loss: 1.9220
Epoch [10/30], Loss: 1.8429
Epoch [15/30], Loss: 1.7469
Epoch [20/30], Loss: 1.7020
Epoch [25/30], Loss: 1.6909
Epoch [30/30], Loss: 1.6796
Epoch [5/30], Loss: 1.9865
Epoch [10/30], Loss: 1.9135
Epoch [15/30], Loss: 1.8101
Epoch [20/30], Loss: 1.7576
Epoch [25/30], Loss: 1.7445
Epoch [30/30], Loss: 1.7330
Epoch [5/30], Loss: 1.9717
Epoch [10/30], Loss: 1.8906
Epoch [15/30], Loss: 1.7836
Epoch [20/30], Loss: 1.7388
Epoch [25/30], Loss: 1.7277
Epoch [30/30], Loss: 1.7163
Epoch [5/30], Loss: 1.9666
Epoch [10/30], Loss: 1.8955
Epoch [15/30], Loss: 1.8269
Epoch [20/30], Loss: 1.7726
Epoch [25/30], Loss: 1.7618
Epoch [30/30], Loss: 1.7522
Epoch [5/30], Loss: 1.9481
Epoch [10/30], Loss: 1.8671
Epoch [15/30], Loss: 1.7712
Epoch [20/30], Loss: 1.7265
Epoch [25/30], Loss: 1.7156
Epoch [30/30], Loss: 1.7044
Epoch [5/30], Loss: 1.9697
Epoch [10/30], Loss: 1.8775
Epoch [15/30], Loss: 1.7710
Epoch [20/30], Loss: 1.7263
Epoch [25/30], Loss: 1.7140
Epoch [30/30], Loss: 1.7040
Epoch [5/30], Loss: 1.9713
Epoch [10/30], Loss: 1.8913
Epoch [15/30], Loss: 1.7910
Epoch [20/30], Loss: 1.7456
Epoch [25/30], Loss: 1.7338
Epoch [30/30], Loss: 1.7233
Epoch [5/30], Loss: 1.9606
Epoch [10/30], Loss: 1.8947
Epoch [15/30], Loss: 1.7893
Epoch [20/30], Loss: 1.7518
Epoch [25/30], Loss: 1.7411
Epoch [30/30], Loss: 1.7316
Epoch [5/30], Loss: 1.9871
Epoch [10/30], Loss: 1.8997
Epoch [15/30], Loss: 1.7957
Epoch [20/30], Loss: 1.7497
Epoch [25/30], Loss: 1.7375
Epoch [30/30], Loss: 1.7263
Epoch [5/30], Loss: 1.9802
Epoch [10/30], Loss: 1.9208
Epoch [15/30], Loss: 1.8311
Epoch [20/30], Loss: 1.7848
Epoch [25/30], Loss: 1.7736
Epoch [30/30], Loss: 1.7638
Epoch [5/30], Loss: 1.9733
Epoch [10/30], Loss: 1.9133
Epoch [15/30], Loss: 1.8196
Epoch [20/30], Loss: 1.7764
Epoch [25/30], Loss: 1.7655
Epoch [30/30], Loss: 1.7562
Epoch [5/30], Loss: 1.9926
Epoch [10/30], Loss: 1.9167
Epoch [15/30], Loss: 1.8041
Epoch [20/30], Loss: 1.7486
Epoch [25/30], Loss: 1.7346
Epoch [30/30], Loss: 1.7224
Epoch [5/30], Loss: 1.9754
Epoch [10/30], Loss: 1.9023
Epoch [15/30], Loss: 1.7914
Epoch [20/30], Loss: 1.7349
Epoch [25/30], Loss: 1.7216
Epoch [30/30], Loss: 1.7099
Epoch [5/30], Loss: 1.9498
Epoch [10/30], Loss: 1.8874
Epoch [15/30], Loss: 1.8021
Epoch [20/30], Loss: 1.7554
Epoch [25/30], Loss: 1.7445
Epoch [30/30], Loss: 1.7329
Epoch [5/30], Loss: 1.9889
Epoch [10/30], Loss: 1.9346
Epoch [15/30], Loss: 1.8274
Epoch [20/30], Loss: 1.7845
Epoch [25/30], Loss: 1.7727
Epoch [30/30], Loss: 1.7622
Epoch [5/30], Loss: 1.9803
Epoch [10/30], Loss: 1.9150
Epoch [15/30], Loss: 1.8219
Epoch [20/30], Loss: 1.7745
Epoch [25/30], Loss: 1.7625
Epoch [30/30], Loss: 1.7515
Epoch [5/30], Loss: 1.9717
Epoch [10/30], Loss: 1.9050
Epoch [15/30], Loss: 1.8154
Epoch [20/30], Loss: 1.7694
Epoch [25/30], Loss: 1.7572
Epoch [30/30], Loss: 1.7460
Epoch [5/30], Loss: 1.9699
Epoch [10/30], Loss: 1.8915
Epoch [15/30], Loss: 1.7942
Epoch [20/30], Loss: 1.7500
Epoch [25/30], Loss: 1.7354
Epoch [30/30], Loss: 1.7237
Epoch [5/30], Loss: 1.9561
Epoch [10/30], Loss: 1.8777
Epoch [15/30], Loss: 1.7717
Epoch [20/30], Loss: 1.7276
Epoch [25/30], Loss: 1.7160
Epoch [30/30], Loss: 1.7045
Epoch [5/30], Loss: 1.9479
Epoch [10/30], Loss: 1.8860
Epoch [15/30], Loss: 1.7990
Epoch [20/30], Loss: 1.7507
Epoch [25/30], Loss: 1.7393
Epoch [30/30], Loss: 1.7292
Epoch [5/30], Loss: 1.9775
Epoch [10/30], Loss: 1.9060
Epoch [15/30], Loss: 1.8004
Epoch [20/30], Loss: 1.7493
Epoch [25/30], Loss: 1.7392
Epoch [30/30], Loss: 1.7268
Epoch [5/30], Loss: 1.9727
Epoch [10/30], Loss: 1.9150
Epoch [15/30], Loss: 1.8354
Epoch [20/30], Loss: 1.7868
Epoch [25/30], Loss: 1.7754
Epoch [30/30], Loss: 1.7647
Epoch [5/30], Loss: 1.9659
Epoch [10/30], Loss: 1.9096
Epoch [15/30], Loss: 1.8112
Epoch [20/30], Loss: 1.7715
Epoch [25/30], Loss: 1.7604
Epoch [30/30], Loss: 1.7498
Epoch [5/30], Loss: 1.9646
Epoch [10/30], Loss: 1.8866
Epoch [15/30], Loss: 1.7867
Epoch [20/30], Loss: 1.7446
Epoch [25/30], Loss: 1.7336
Epoch [30/30], Loss: 1.7237
Epoch [5/30], Loss: 1.9494
Epoch [10/30], Loss: 1.8758
Epoch [15/30], Loss: 1.7895
Epoch [20/30], Loss: 1.7481
Epoch [25/30], Loss: 1.7374
Epoch [30/30], Loss: 1.7276
Epoch [5/30], Loss: 1.9660
Epoch [10/30], Loss: 1.8798
Epoch [15/30], Loss: 1.7765
Epoch [20/30], Loss: 1.7325
Epoch [25/30], Loss: 1.7217
Epoch [30/30], Loss: 1.7107
Epoch [5/30], Loss: 1.9597
Epoch [10/30], Loss: 1.8748
Epoch [15/30], Loss: 1.7729
Epoch [20/30], Loss: 1.7309
Epoch [25/30], Loss: 1.7199
Epoch [30/30], Loss: 1.7098
Epoch [5/30], Loss: 1.9671
Epoch [10/30], Loss: 1.9014
Epoch [15/30], Loss: 1.8097
Epoch [20/30], Loss: 1.7700
Epoch [25/30], Loss: 1.7607
Epoch [30/30], Loss: 1.7504
Epoch [5/30], Loss: 1.9854
Epoch [10/30], Loss: 1.9260
Epoch [15/30], Loss: 1.8459
Epoch [20/30], Loss: 1.8001
Epoch [25/30], Loss: 1.7890
Epoch [30/30], Loss: 1.7789
Epoch [5/30], Loss: 1.9730
Epoch [10/30], Loss: 1.9016
Epoch [15/30], Loss: 1.8081
Epoch [20/30], Loss: 1.7636
Epoch [25/30], Loss: 1.7518
Epoch [30/30], Loss: 1.7407
Epoch [5/30], Loss: 1.9685
Epoch [10/30], Loss: 1.9013
Epoch [15/30], Loss: 1.8060
Epoch [20/30], Loss: 1.7646
Epoch [25/30], Loss: 1.7532
Epoch [30/30], Loss: 1.7431
Epoch [5/30], Loss: 1.9651
Epoch [10/30], Loss: 1.8969
Epoch [15/30], Loss: 1.8142
Epoch [20/30], Loss: 1.7675
Epoch [25/30], Loss: 1.7554
Epoch [30/30], Loss: 1.7444
Epoch [5/30], Loss: 1.9639
Epoch [10/30], Loss: 1.8865
Epoch [15/30], Loss: 1.8023
Epoch [20/30], Loss: 1.7635
Epoch [25/30], Loss: 1.7529
Epoch [30/30], Loss: 1.7433
Epoch [5/30], Loss: 1.9754
Epoch [10/30], Loss: 1.9152
Epoch [15/30], Loss: 1.8412
Epoch [20/30], Loss: 1.7965
Epoch [25/30], Loss: 1.7871
Epoch [30/30], Loss: 1.7782
Epoch [5/30], Loss: 1.9625
Epoch [10/30], Loss: 1.8760
Epoch [15/30], Loss: 1.7707
Epoch [20/30], Loss: 1.7276
Epoch [25/30], Loss: 1.7159
Epoch [30/30], Loss: 1.7055
Epoch [5/30], Loss: 1.9283
Epoch [10/30], Loss: 1.8094
Epoch [15/30], Loss: 1.6753
Epoch [20/30], Loss: 1.6182
Epoch [25/30], Loss: 1.6044
Epoch [30/30], Loss: 1.5926
Epoch [5/30], Loss: 1.9568
Epoch [10/30], Loss: 1.8660
Epoch [15/30], Loss: 1.7601
Epoch [20/30], Loss: 1.7071
Epoch [25/30], Loss: 1.6947
Epoch [30/30], Loss: 1.6847
Epoch [5/30], Loss: 1.9350
Epoch [10/30], Loss: 1.8425
Epoch [15/30], Loss: 1.7338
Epoch [20/30], Loss: 1.6906
Epoch [25/30], Loss: 1.6792
Epoch [30/30], Loss: 1.6685
Epoch [5/30], Loss: 1.9342
Epoch [10/30], Loss: 1.8403
Epoch [15/30], Loss: 1.7271
Epoch [20/30], Loss: 1.6748
Epoch [25/30], Loss: 1.6627
Epoch [30/30], Loss: 1.6512
Epoch [5/30], Loss: 1.9580
Epoch [10/30], Loss: 1.8650
Epoch [15/30], Loss: 1.7646
Epoch [20/30], Loss: 1.7062
Epoch [25/30], Loss: 1.6949
Epoch [30/30], Loss: 1.6840
Epoch [5/30], Loss: 1.9633
Epoch [10/30], Loss: 1.8816
Epoch [15/30], Loss: 1.7834
Epoch [20/30], Loss: 1.7413
Epoch [25/30], Loss: 1.7285
Epoch [30/30], Loss: 1.7181
Epoch [5/30], Loss: 1.9587
Epoch [10/30], Loss: 1.8830
Epoch [15/30], Loss: 1.7893
Epoch [20/30], Loss: 1.7440
Epoch [25/30], Loss: 1.7329
Epoch [30/30], Loss: 1.7220
Epoch [5/30], Loss: 1.9705
Epoch [10/30], Loss: 1.9015
Epoch [15/30], Loss: 1.8083
Epoch [20/30], Loss: 1.7679
Epoch [25/30], Loss: 1.7569
Epoch [30/30], Loss: 1.7471
Epoch [5/30], Loss: 1.9656
Epoch [10/30], Loss: 1.8953
Epoch [15/30], Loss: 1.7922
Epoch [20/30], Loss: 1.7439
Epoch [25/30], Loss: 1.7319
Epoch [30/30], Loss: 1.7204
Epoch [5/30], Loss: 1.9755
Epoch [10/30], Loss: 1.8965
Epoch [15/30], Loss: 1.7990
Epoch [20/30], Loss: 1.7553
Epoch [25/30], Loss: 1.7435
Epoch [30/30], Loss: 1.7332
Epoch [5/30], Loss: 1.9736
Epoch [10/30], Loss: 1.9048
Epoch [15/30], Loss: 1.8115
Epoch [20/30], Loss: 1.7623
Epoch [25/30], Loss: 1.7513
Epoch [30/30], Loss: 1.7394
Epoch [5/30], Loss: 1.9291
Epoch [10/30], Loss: 1.8405
Epoch [15/30], Loss: 1.7452
Epoch [20/30], Loss: 1.7009
Epoch [25/30], Loss: 1.6897
Epoch [30/30], Loss: 1.6787
Epoch [5/30], Loss: 1.9281
Epoch [10/30], Loss: 1.8515
Epoch [15/30], Loss: 1.7566
Epoch [20/30], Loss: 1.7187
Epoch [25/30], Loss: 1.7083
Epoch [30/30], Loss: 1.6984
Epoch [5/30], Loss: 1.9704
Epoch [10/30], Loss: 1.8933
Epoch [15/30], Loss: 1.7964
Epoch [20/30], Loss: 1.7540
Epoch [25/30], Loss: 1.7430
Epoch [30/30], Loss: 1.7323
Epoch [5/30], Loss: 1.9537
Epoch [10/30], Loss: 1.8825
Epoch [15/30], Loss: 1.7935
Epoch [20/30], Loss: 1.7547
Epoch [25/30], Loss: 1.7446
Epoch [30/30], Loss: 1.7346
Epoch [5/30], Loss: 1.9574
Epoch [10/30], Loss: 1.8854
Epoch [15/30], Loss: 1.8013
Epoch [20/30], Loss: 1.7590
Epoch [25/30], Loss: 1.7485
Epoch [30/30], Loss: 1.7385
Epoch [5/30], Loss: 1.9506
Epoch [10/30], Loss: 1.8855
Epoch [15/30], Loss: 1.8035
Epoch [20/30], Loss: 1.7601
Epoch [25/30], Loss: 1.7506
Epoch [30/30], Loss: 1.7394
[02:30:47]     perm 50/50
[02:30:47]   [done] v3_HateMM_A7_d8_ep30 89.0s  CF: S=-0.0164 I12=0.3592 share=-0.04573111335853844 accs=0.754/0.878/0.870
[02:30:47] === HateMM / C1 duplicate-stream at d8_ep30 ===
Epoch [5/30], Loss: 1.4449
Epoch [10/30], Loss: 1.3739
Epoch [15/30], Loss: 1.3274
Epoch [20/30], Loss: 1.2915
Epoch [25/30], Loss: 1.2850
Epoch [30/30], Loss: 1.2809
Epoch [5/30], Loss: 1.4612
Epoch [10/30], Loss: 1.3738
Epoch [15/30], Loss: 1.3216
Epoch [20/30], Loss: 1.2907
Epoch [25/30], Loss: 1.2844
Epoch [30/30], Loss: 1.2790
Epoch [5/30], Loss: 1.4178
Epoch [10/30], Loss: 1.3374
Epoch [15/30], Loss: 1.2802
Epoch [20/30], Loss: 1.2460
Epoch [25/30], Loss: 1.2392
Epoch [30/30], Loss: 1.2334
Epoch [5/30], Loss: 1.4702
Epoch [10/30], Loss: 1.3975
Epoch [15/30], Loss: 1.3443
Epoch [20/30], Loss: 1.3199
Epoch [25/30], Loss: 1.3138
Epoch [30/30], Loss: 1.3085
Epoch [5/30], Loss: 1.4953
Epoch [10/30], Loss: 1.3989
Epoch [15/30], Loss: 1.3428
Epoch [20/30], Loss: 1.3182
Epoch [25/30], Loss: 1.3125
Epoch [30/30], Loss: 1.3073
Epoch [5/30], Loss: 1.4368
Epoch [10/30], Loss: 1.3646
Epoch [15/30], Loss: 1.3011
Epoch [20/30], Loss: 1.2685
Epoch [25/30], Loss: 1.2625
Epoch [30/30], Loss: 1.2574
[02:31:02]   [done] v3_HateMM_C1dup_d8_ep30 13.3s  CF: S=0.0000 I12=0.1675 share=1.7820347852277785e-17 accs=0.754/0.758/0.751
[02:31:02] === HateMM / C2 split-half at d8_ep30 ===
Epoch [5/30], Loss: 1.4557
Epoch [10/30], Loss: 1.3644
Epoch [15/30], Loss: 1.3029
Epoch [20/30], Loss: 1.2686
Epoch [25/30], Loss: 1.2618
Epoch [30/30], Loss: 1.2567
Epoch [5/30], Loss: 1.4886
Epoch [10/30], Loss: 1.3850
Epoch [15/30], Loss: 1.3217
Epoch [20/30], Loss: 1.2884
Epoch [25/30], Loss: 1.2815
Epoch [30/30], Loss: 1.2752
Epoch [5/30], Loss: 1.4111
Epoch [10/30], Loss: 1.3213
Epoch [15/30], Loss: 1.2559
Epoch [20/30], Loss: 1.2206
Epoch [25/30], Loss: 1.2135
Epoch [30/30], Loss: 1.2074
Epoch [5/30], Loss: 1.4688
Epoch [10/30], Loss: 1.3748
Epoch [15/30], Loss: 1.3108
Epoch [20/30], Loss: 1.2802
Epoch [25/30], Loss: 1.2735
Epoch [30/30], Loss: 1.2671
Epoch [5/30], Loss: 1.4984
Epoch [10/30], Loss: 1.3644
Epoch [15/30], Loss: 1.2826
Epoch [20/30], Loss: 1.2507
Epoch [25/30], Loss: 1.2423
Epoch [30/30], Loss: 1.2351
Epoch [5/30], Loss: 1.4461
Epoch [10/30], Loss: 1.3465
Epoch [15/30], Loss: 1.2655
Epoch [20/30], Loss: 1.2281
Epoch [25/30], Loss: 1.2201
Epoch [30/30], Loss: 1.2134
[02:31:17]   [done] v3_HateMM_C2half_d8_ep30 13.3s  CF: S=-0.0000 I12=0.1769 share=-3.5430294140736747e-17 accs=0.773/0.747/0.784
[02:31:18] === HateMM / A7_d16_ep30 (certified-dimension primary) ===
Epoch [5/30], Loss: 0.9865
Epoch [10/30], Loss: 0.8214
Epoch [15/30], Loss: 0.7080
Epoch [20/30], Loss: 0.6540
Epoch [25/30], Loss: 0.6415
Epoch [30/30], Loss: 0.6300
R: 0.3385, U1: -0.0000, U2: 0.1830, S: 0.0716
Epoch [5/30], Loss: 1.0152
Epoch [10/30], Loss: 0.8429
Epoch [15/30], Loss: 0.7108
Epoch [20/30], Loss: 0.6630
Epoch [25/30], Loss: 0.6493
Epoch [30/30], Loss: 0.6370
Epoch [5/30], Loss: 0.9556
Epoch [10/30], Loss: 0.7657
Epoch [15/30], Loss: 0.6404
Epoch [20/30], Loss: 0.5919
Epoch [25/30], Loss: 0.5789
Epoch [30/30], Loss: 0.5668
Epoch [5/30], Loss: 1.0377
Epoch [10/30], Loss: 0.8433
Epoch [15/30], Loss: 0.7034
Epoch [20/30], Loss: 0.6575
Epoch [25/30], Loss: 0.6440
Epoch [30/30], Loss: 0.6308
Epoch [5/30], Loss: 1.0300
Epoch [10/30], Loss: 0.8101
Epoch [15/30], Loss: 0.6560
Epoch [20/30], Loss: 0.6043
Epoch [25/30], Loss: 0.5895
Epoch [30/30], Loss: 0.5763
Epoch [5/30], Loss: 0.9986
Epoch [10/30], Loss: 0.7829
Epoch [15/30], Loss: 0.6440
Epoch [20/30], Loss: 0.5924
Epoch [25/30], Loss: 0.5791
Epoch [30/30], Loss: 0.5669
Epoch [5/30], Loss: 1.9274
Epoch [10/30], Loss: 1.7698
Epoch [15/30], Loss: 1.5658
Epoch [20/30], Loss: 1.4662
Epoch [25/30], Loss: 1.4415
Epoch [30/30], Loss: 1.4192
Epoch [5/30], Loss: 1.9105
Epoch [10/30], Loss: 1.7765
Epoch [15/30], Loss: 1.5805
Epoch [20/30], Loss: 1.4978
Epoch [25/30], Loss: 1.4729
Epoch [30/30], Loss: 1.4501
Epoch [5/30], Loss: 1.9152
Epoch [10/30], Loss: 1.7523
Epoch [15/30], Loss: 1.5432
Epoch [20/30], Loss: 1.4551
Epoch [25/30], Loss: 1.4317
Epoch [30/30], Loss: 1.4091
Epoch [5/30], Loss: 1.9152
Epoch [10/30], Loss: 1.7438
Epoch [15/30], Loss: 1.5294
Epoch [20/30], Loss: 1.4379
Epoch [25/30], Loss: 1.4141
Epoch [30/30], Loss: 1.3923
Epoch [5/30], Loss: 1.9172
Epoch [10/30], Loss: 1.7668
Epoch [15/30], Loss: 1.5555
Epoch [20/30], Loss: 1.4717
Epoch [25/30], Loss: 1.4497
Epoch [30/30], Loss: 1.4279
Epoch [5/30], Loss: 1.9260
Epoch [10/30], Loss: 1.7942
Epoch [15/30], Loss: 1.5985
Epoch [20/30], Loss: 1.5143
Epoch [25/30], Loss: 1.4898
Epoch [30/30], Loss: 1.4686
Epoch [5/30], Loss: 1.8894
Epoch [10/30], Loss: 1.7470
Epoch [15/30], Loss: 1.5341
Epoch [20/30], Loss: 1.4474
Epoch [25/30], Loss: 1.4241
Epoch [30/30], Loss: 1.4010
Epoch [5/30], Loss: 1.9462
Epoch [10/30], Loss: 1.7854
Epoch [15/30], Loss: 1.5794
Epoch [20/30], Loss: 1.4950
Epoch [25/30], Loss: 1.4716
Epoch [30/30], Loss: 1.4500
Epoch [5/30], Loss: 1.8613
Epoch [10/30], Loss: 1.6896
Epoch [15/30], Loss: 1.4852
Epoch [20/30], Loss: 1.3940
Epoch [25/30], Loss: 1.3711
Epoch [30/30], Loss: 1.3493
Epoch [5/30], Loss: 1.9079
Epoch [10/30], Loss: 1.7561
Epoch [15/30], Loss: 1.5505
Epoch [20/30], Loss: 1.4680
Epoch [25/30], Loss: 1.4449
Epoch [30/30], Loss: 1.4209
Epoch [5/30], Loss: 1.9024
Epoch [10/30], Loss: 1.7270
Epoch [15/30], Loss: 1.4938
Epoch [20/30], Loss: 1.4120
Epoch [25/30], Loss: 1.3861
Epoch [30/30], Loss: 1.3626
Epoch [5/30], Loss: 1.9053
Epoch [10/30], Loss: 1.7622
Epoch [15/30], Loss: 1.5582
Epoch [20/30], Loss: 1.4697
Epoch [25/30], Loss: 1.4475
Epoch [30/30], Loss: 1.4266
Epoch [5/30], Loss: 1.9195
Epoch [10/30], Loss: 1.7605
Epoch [15/30], Loss: 1.5449
Epoch [20/30], Loss: 1.4538
Epoch [25/30], Loss: 1.4270
Epoch [30/30], Loss: 1.4022
Epoch [5/30], Loss: 1.9520
Epoch [10/30], Loss: 1.7971
Epoch [15/30], Loss: 1.5642
Epoch [20/30], Loss: 1.4717
Epoch [25/30], Loss: 1.4458
Epoch [30/30], Loss: 1.4217
Epoch [5/30], Loss: 1.9244
Epoch [10/30], Loss: 1.7938
Epoch [15/30], Loss: 1.5845
Epoch [20/30], Loss: 1.5039
Epoch [25/30], Loss: 1.4787
Epoch [30/30], Loss: 1.4560
Epoch [5/30], Loss: 1.9430
Epoch [10/30], Loss: 1.7999
Epoch [15/30], Loss: 1.5743
Epoch [20/30], Loss: 1.4913
Epoch [25/30], Loss: 1.4654
Epoch [30/30], Loss: 1.4403
Epoch [5/30], Loss: 1.9145
Epoch [10/30], Loss: 1.7658
Epoch [15/30], Loss: 1.5381
Epoch [20/30], Loss: 1.4408
Epoch [25/30], Loss: 1.4138
Epoch [30/30], Loss: 1.3886
Epoch [5/30], Loss: 1.9455
Epoch [10/30], Loss: 1.7933
Epoch [15/30], Loss: 1.5614
Epoch [20/30], Loss: 1.4666
Epoch [25/30], Loss: 1.4402
Epoch [30/30], Loss: 1.4162
Epoch [5/30], Loss: 1.9198
Epoch [10/30], Loss: 1.7613
Epoch [15/30], Loss: 1.5383
Epoch [20/30], Loss: 1.4457
Epoch [25/30], Loss: 1.4194
Epoch [30/30], Loss: 1.3954
Epoch [5/30], Loss: 1.9160
Epoch [10/30], Loss: 1.7642
Epoch [15/30], Loss: 1.5440
Epoch [20/30], Loss: 1.4560
Epoch [25/30], Loss: 1.4317
Epoch [30/30], Loss: 1.4085
Epoch [5/30], Loss: 1.9498
Epoch [10/30], Loss: 1.7833
Epoch [15/30], Loss: 1.5430
Epoch [20/30], Loss: 1.4554
Epoch [25/30], Loss: 1.4288
Epoch [30/30], Loss: 1.4047
Epoch [5/30], Loss: 1.9100
Epoch [10/30], Loss: 1.7411
Epoch [15/30], Loss: 1.4997
Epoch [20/30], Loss: 1.4118
Epoch [25/30], Loss: 1.3859
Epoch [30/30], Loss: 1.3617
Epoch [5/30], Loss: 1.9177
Epoch [10/30], Loss: 1.7492
Epoch [15/30], Loss: 1.5274
Epoch [20/30], Loss: 1.4348
Epoch [25/30], Loss: 1.4100
Epoch [30/30], Loss: 1.3867
Epoch [5/30], Loss: 1.9340
Epoch [10/30], Loss: 1.7819
Epoch [15/30], Loss: 1.5507
Epoch [20/30], Loss: 1.4555
Epoch [25/30], Loss: 1.4311
Epoch [30/30], Loss: 1.4095
Epoch [5/30], Loss: 1.9429
Epoch [10/30], Loss: 1.7780
Epoch [15/30], Loss: 1.5342
Epoch [20/30], Loss: 1.4443
Epoch [25/30], Loss: 1.4169
Epoch [30/30], Loss: 1.3917
Epoch [5/30], Loss: 1.9170
Epoch [10/30], Loss: 1.7579
Epoch [15/30], Loss: 1.5386
Epoch [20/30], Loss: 1.4414
Epoch [25/30], Loss: 1.4129
Epoch [30/30], Loss: 1.3874
Epoch [5/30], Loss: 1.9290
Epoch [10/30], Loss: 1.7591
Epoch [15/30], Loss: 1.5098
Epoch [20/30], Loss: 1.4168
Epoch [25/30], Loss: 1.3884
Epoch [30/30], Loss: 1.3633
Epoch [5/30], Loss: 1.9322
Epoch [10/30], Loss: 1.7612
Epoch [15/30], Loss: 1.5301
Epoch [20/30], Loss: 1.4307
Epoch [25/30], Loss: 1.4037
Epoch [30/30], Loss: 1.3784
Epoch [5/30], Loss: 1.9280
Epoch [10/30], Loss: 1.7673
Epoch [15/30], Loss: 1.5398
Epoch [20/30], Loss: 1.4389
Epoch [25/30], Loss: 1.4127
Epoch [30/30], Loss: 1.3861
Epoch [5/30], Loss: 1.9261
Epoch [10/30], Loss: 1.7801
Epoch [15/30], Loss: 1.5159
Epoch [20/30], Loss: 1.4199
Epoch [25/30], Loss: 1.3919
Epoch [30/30], Loss: 1.3656
Epoch [5/30], Loss: 1.9066
Epoch [10/30], Loss: 1.7636
Epoch [15/30], Loss: 1.5529
Epoch [20/30], Loss: 1.4621
Epoch [25/30], Loss: 1.4369
Epoch [30/30], Loss: 1.4134
Epoch [5/30], Loss: 1.9238
Epoch [10/30], Loss: 1.7731
Epoch [15/30], Loss: 1.5580
Epoch [20/30], Loss: 1.4795
Epoch [25/30], Loss: 1.4542
Epoch [30/30], Loss: 1.4306
Epoch [5/30], Loss: 1.9389
Epoch [10/30], Loss: 1.7800
Epoch [15/30], Loss: 1.5416
Epoch [20/30], Loss: 1.4529
Epoch [25/30], Loss: 1.4273
Epoch [30/30], Loss: 1.4030
Epoch [5/30], Loss: 1.9473
Epoch [10/30], Loss: 1.7917
Epoch [15/30], Loss: 1.5637
Epoch [20/30], Loss: 1.4744
Epoch [25/30], Loss: 1.4484
Epoch [30/30], Loss: 1.4240
Epoch [5/30], Loss: 1.9387
Epoch [10/30], Loss: 1.7972
Epoch [15/30], Loss: 1.5690
Epoch [20/30], Loss: 1.4864
Epoch [25/30], Loss: 1.4592
Epoch [30/30], Loss: 1.4335
Epoch [5/30], Loss: 1.9366
Epoch [10/30], Loss: 1.8093
Epoch [15/30], Loss: 1.6196
Epoch [20/30], Loss: 1.5256
Epoch [25/30], Loss: 1.5011
Epoch [30/30], Loss: 1.4770
Epoch [5/30], Loss: 1.9452
Epoch [10/30], Loss: 1.7814
Epoch [15/30], Loss: 1.5415
Epoch [20/30], Loss: 1.4502
Epoch [25/30], Loss: 1.4242
Epoch [30/30], Loss: 1.4001
Epoch [5/30], Loss: 1.9454
Epoch [10/30], Loss: 1.7687
Epoch [15/30], Loss: 1.5248
Epoch [20/30], Loss: 1.4248
Epoch [25/30], Loss: 1.3978
Epoch [30/30], Loss: 1.3735
Epoch [5/30], Loss: 1.9238
Epoch [10/30], Loss: 1.7851
Epoch [15/30], Loss: 1.5549
Epoch [20/30], Loss: 1.4620
Epoch [25/30], Loss: 1.4348
Epoch [30/30], Loss: 1.4095
Epoch [5/30], Loss: 1.9522
Epoch [10/30], Loss: 1.8183
Epoch [15/30], Loss: 1.5929
Epoch [20/30], Loss: 1.5008
Epoch [25/30], Loss: 1.4748
Epoch [30/30], Loss: 1.4497
Epoch [5/30], Loss: 1.9348
Epoch [10/30], Loss: 1.7744
Epoch [15/30], Loss: 1.5292
Epoch [20/30], Loss: 1.4289
Epoch [25/30], Loss: 1.4008
Epoch [30/30], Loss: 1.3755
Epoch [5/30], Loss: 1.9364
Epoch [10/30], Loss: 1.7597
Epoch [15/30], Loss: 1.5169
Epoch [20/30], Loss: 1.4206
Epoch [25/30], Loss: 1.3943
Epoch [30/30], Loss: 1.3696
Epoch [5/30], Loss: 1.9172
Epoch [10/30], Loss: 1.7566
Epoch [15/30], Loss: 1.5291
Epoch [20/30], Loss: 1.4479
Epoch [25/30], Loss: 1.4233
Epoch [30/30], Loss: 1.3991
Epoch [5/30], Loss: 1.9213
Epoch [10/30], Loss: 1.7500
Epoch [15/30], Loss: 1.5045
Epoch [20/30], Loss: 1.4139
Epoch [25/30], Loss: 1.3875
Epoch [30/30], Loss: 1.3629
Epoch [5/30], Loss: 1.9317
Epoch [10/30], Loss: 1.7605
Epoch [15/30], Loss: 1.5007
Epoch [20/30], Loss: 1.4100
Epoch [25/30], Loss: 1.3831
Epoch [30/30], Loss: 1.3585
Epoch [5/30], Loss: 1.9288
Epoch [10/30], Loss: 1.7718
Epoch [15/30], Loss: 1.5274
Epoch [20/30], Loss: 1.4268
Epoch [25/30], Loss: 1.3992
Epoch [30/30], Loss: 1.3740
Epoch [5/30], Loss: 1.9383
Epoch [10/30], Loss: 1.7638
Epoch [15/30], Loss: 1.4963
Epoch [20/30], Loss: 1.4012
Epoch [25/30], Loss: 1.3736
Epoch [30/30], Loss: 1.3488
Epoch [5/30], Loss: 1.9338
Epoch [10/30], Loss: 1.7671
[02:32:36] === MHC_zh / A7_d8_ep30 (certified-dimension primary) ===
[02:32:37]   [ckpt] v3_MHC_zh_A7_d8_ep30
[02:32:37] === MHC_zh / C1 duplicate-stream at d8_ep30 ===
[02:32:39]   [ckpt] v3_MHC_zh_C1dup_d8_ep30
[02:32:39] === MHC_zh / C2 split-half at d8_ep30 ===
[02:32:40]   [ckpt] v3_MHC_zh_C2half_d8_ep30
[02:32:41] === MHC_zh / A7_d16_ep30 (certified-dimension primary) ===
[02:32:43]   [ckpt] v3_MHC_zh_A7_d16_ep30
[02:32:43] === MHC_zh / C1 duplicate-stream at d16_ep30 ===
[02:32:45]   [ckpt] v3_MHC_zh_C1dup_d16_ep30
[02:32:45] === MHC_zh / C2 split-half at d16_ep30 ===
[02:32:46]   [ckpt] v3_MHC_zh_C2half_d16_ep30
[02:32:47] === HateMM / A7_d8_ep30 (certified-dimension primary) ===
[02:32:49]   [ckpt] v3_HateMM_A7_d8_ep30
[02:32:49] === HateMM / C1 duplicate-stream at d8_ep30 ===
[02:32:50]   [ckpt] v3_HateMM_C1dup_d8_ep30
[02:32:50] === HateMM / C2 split-half at d8_ep30 ===
[02:32:51]   [ckpt] v3_HateMM_C2half_d8_ep30
[02:32:53] === HateMM / A7_d16_ep30 (certified-dimension primary) ===
Epoch [5/30], Loss: 0.9865
Epoch [10/30], Loss: 0.8214
Epoch [15/30], Loss: 0.7080
Epoch [20/30], Loss: 0.6540
Epoch [25/30], Loss: 0.6415
Epoch [30/30], Loss: 0.6300
R: 0.3385, U1: -0.0000, U2: 0.1830, S: 0.0716
Epoch [5/30], Loss: 1.0152
Epoch [10/30], Loss: 0.8429
Epoch [15/30], Loss: 0.7108
Epoch [20/30], Loss: 0.6630
Epoch [25/30], Loss: 0.6493
Epoch [30/30], Loss: 0.6370
Epoch [5/30], Loss: 0.9556
Epoch [10/30], Loss: 0.7657
Epoch [15/30], Loss: 0.6404
Epoch [20/30], Loss: 0.5919
Epoch [25/30], Loss: 0.5789
Epoch [30/30], Loss: 0.5668
Epoch [5/30], Loss: 1.0377
Epoch [10/30], Loss: 0.8433
Epoch [15/30], Loss: 0.7034
Epoch [20/30], Loss: 0.6575
Epoch [25/30], Loss: 0.6440
Epoch [30/30], Loss: 0.6308
Epoch [5/30], Loss: 1.0300
Epoch [10/30], Loss: 0.8101
Epoch [15/30], Loss: 0.6560
Epoch [20/30], Loss: 0.6043
Epoch [25/30], Loss: 0.5895
Epoch [30/30], Loss: 0.5763
Epoch [5/30], Loss: 0.9986
Epoch [10/30], Loss: 0.7829
Epoch [15/30], Loss: 0.6440
Epoch [20/30], Loss: 0.5924
Epoch [25/30], Loss: 0.5791
Epoch [30/30], Loss: 0.5669
[02:33:11]     [perm ckpt] resuming at 7/50
Epoch [5/30], Loss: 1.9172
Epoch [10/30], Loss: 1.7566
Epoch [15/30], Loss: 1.5291
Epoch [20/30], Loss: 1.4479
Epoch [25/30], Loss: 1.4233
Epoch [30/30], Loss: 1.3991
Epoch [5/30], Loss: 1.9213
Epoch [10/30], Loss: 1.7500
Epoch [15/30], Loss: 1.5045
Epoch [20/30], Loss: 1.4139
Epoch [25/30], Loss: 1.3875
Epoch [30/30], Loss: 1.3629
Epoch [5/30], Loss: 1.9317
Epoch [10/30], Loss: 1.7605
Epoch [15/30], Loss: 1.5007
Epoch [20/30], Loss: 1.4100
Epoch [25/30], Loss: 1.3831
Epoch [30/30], Loss: 1.3585
Epoch [5/30], Loss: 1.9288
Epoch [10/30], Loss: 1.7718
Epoch [15/30], Loss: 1.5274
Epoch [20/30], Loss: 1.4268
Epoch [25/30], Loss: 1.3992
Epoch [30/30], Loss: 1.3740
Epoch [5/30], Loss: 1.9383
Epoch [10/30], Loss: 1.7638
Epoch [15/30], Loss: 1.4963
Epoch [20/30], Loss: 1.4012
Epoch [25/30], Loss: 1.3736
Epoch [30/30], Loss: 1.3488
Epoch [5/30], Loss: 1.9338
Epoch [10/30], Loss: 1.7671
Epoch [15/30], Loss: 1.5507
Epoch [20/30], Loss: 1.4553
Epoch [25/30], Loss: 1.4297
Epoch [30/30], Loss: 1.4072
Epoch [5/30], Loss: 1.9290
Epoch [10/30], Loss: 1.7793
Epoch [15/30], Loss: 1.5845
Epoch [20/30], Loss: 1.4944
Epoch [25/30], Loss: 1.4693
Epoch [30/30], Loss: 1.4466
Epoch [5/30], Loss: 1.9334
Epoch [10/30], Loss: 1.8061
Epoch [15/30], Loss: 1.6162
Epoch [20/30], Loss: 1.5343
Epoch [25/30], Loss: 1.5096
Epoch [30/30], Loss: 1.4868
Epoch [5/30], Loss: 1.9167
Epoch [10/30], Loss: 1.7526
Epoch [15/30], Loss: 1.5227
Epoch [20/30], Loss: 1.4359
Epoch [25/30], Loss: 1.4096
Epoch [30/30], Loss: 1.3845
Epoch [5/30], Loss: 1.9311
Epoch [10/30], Loss: 1.7914
Epoch [15/30], Loss: 1.6120
Epoch [20/30], Loss: 1.5214
Epoch [25/30], Loss: 1.4959
Epoch [30/30], Loss: 1.4726
Epoch [5/30], Loss: 1.9297
Epoch [10/30], Loss: 1.7935
Epoch [15/30], Loss: 1.5896
Epoch [20/30], Loss: 1.5084
Epoch [25/30], Loss: 1.4842
Epoch [30/30], Loss: 1.4606
Epoch [5/30], Loss: 1.9347
Epoch [10/30], Loss: 1.7888
Epoch [15/30], Loss: 1.5693
Epoch [20/30], Loss: 1.4836
Epoch [25/30], Loss: 1.4589
Epoch [30/30], Loss: 1.4368
Epoch [5/30], Loss: 1.9067
Epoch [10/30], Loss: 1.7569
Epoch [15/30], Loss: 1.5549
Epoch [20/30], Loss: 1.4768
Epoch [25/30], Loss: 1.4522
Epoch [30/30], Loss: 1.4300
Epoch [5/30], Loss: 1.9364
Epoch [10/30], Loss: 1.7837
Epoch [15/30], Loss: 1.5691
Epoch [20/30], Loss: 1.4893
Epoch [25/30], Loss: 1.4658
Epoch [30/30], Loss: 1.4437
Epoch [5/30], Loss: 1.9304
Epoch [10/30], Loss: 1.7561
Epoch [15/30], Loss: 1.5415
Epoch [20/30], Loss: 1.4548
Epoch [25/30], Loss: 1.4304
Epoch [30/30], Loss: 1.4073
Epoch [5/30], Loss: 1.9144
Epoch [10/30], Loss: 1.7629
Epoch [15/30], Loss: 1.5444
Epoch [20/30], Loss: 1.4589
Epoch [25/30], Loss: 1.4328
Epoch [30/30], Loss: 1.4088
Epoch [5/30], Loss: 1.9061
Epoch [10/30], Loss: 1.7457
Epoch [15/30], Loss: 1.5218
Epoch [20/30], Loss: 1.4357
Epoch [25/30], Loss: 1.4110
Epoch [30/30], Loss: 1.3880
Epoch [5/30], Loss: 1.9153
Epoch [10/30], Loss: 1.7636
Epoch [15/30], Loss: 1.5656
Epoch [20/30], Loss: 1.4792
Epoch [25/30], Loss: 1.4551
Epoch [30/30], Loss: 1.4344
[02:33:32]     perm 10/50
Epoch [5/30], Loss: 1.9066
Epoch [10/30], Loss: 1.7539
Epoch [15/30], Loss: 1.5465
Epoch [20/30], Loss: 1.4601
Epoch [25/30], Loss: 1.4357
Epoch [30/30], Loss: 1.4119
Epoch [5/30], Loss: 1.9115
Epoch [10/30], Loss: 1.7551
Epoch [15/30], Loss: 1.5350
Epoch [20/30], Loss: 1.4495
Epoch [25/30], Loss: 1.4236
Epoch [30/30], Loss: 1.4010
Epoch [5/30], Loss: 1.9264
Epoch [10/30], Loss: 1.7659
Epoch [15/30], Loss: 1.5371
Epoch [20/30], Loss: 1.4458
Epoch [25/30], Loss: 1.4198
Epoch [30/30], Loss: 1.3953
Epoch [5/30], Loss: 1.9235
Epoch [10/30], Loss: 1.7570
Epoch [15/30], Loss: 1.5422
Epoch [20/30], Loss: 1.4555
Epoch [25/30], Loss: 1.4307
Epoch [30/30], Loss: 1.4075
Epoch [5/30], Loss: 1.8855
Epoch [10/30], Loss: 1.7133
Epoch [15/30], Loss: 1.4985
Epoch [20/30], Loss: 1.4143
Epoch [25/30], Loss: 1.3885
Epoch [30/30], Loss: 1.3652
Epoch [5/30], Loss: 1.9171
Epoch [10/30], Loss: 1.7381
Epoch [15/30], Loss: 1.5221
Epoch [20/30], Loss: 1.4392
Epoch [25/30], Loss: 1.4131
Epoch [30/30], Loss: 1.3907
Epoch [5/30], Loss: 1.9500
Epoch [10/30], Loss: 1.8008
Epoch [15/30], Loss: 1.5468
Epoch [20/30], Loss: 1.4534
Epoch [25/30], Loss: 1.4249
Epoch [30/30], Loss: 1.3986
Epoch [5/30], Loss: 1.8959
Epoch [10/30], Loss: 1.7345
Epoch [15/30], Loss: 1.4999
Epoch [20/30], Loss: 1.4141
Epoch [25/30], Loss: 1.3886
Epoch [30/30], Loss: 1.3661
Epoch [5/30], Loss: 1.9173
Epoch [10/30], Loss: 1.7469
Epoch [15/30], Loss: 1.5184
Epoch [20/30], Loss: 1.4304
Epoch [25/30], Loss: 1.4039
Epoch [30/30], Loss: 1.3790
Epoch [5/30], Loss: 1.9330
Epoch [10/30], Loss: 1.7821
Epoch [15/30], Loss: 1.5525
Epoch [20/30], Loss: 1.4616
Epoch [25/30], Loss: 1.4369
Epoch [30/30], Loss: 1.4125
Epoch [5/30], Loss: 1.9185
Epoch [10/30], Loss: 1.7532
Epoch [15/30], Loss: 1.4975
Epoch [20/30], Loss: 1.4009
Epoch [25/30], Loss: 1.3716
Epoch [30/30], Loss: 1.3446
Epoch [5/30], Loss: 1.9263
Epoch [10/30], Loss: 1.7560
Epoch [15/30], Loss: 1.5423
Epoch [20/30], Loss: 1.4415
Epoch [25/30], Loss: 1.4174
[02:33:53] === MHC_zh / A7_d8_ep30 (certified-dimension primary) ===
[02:33:55]   [ckpt] v3_MHC_zh_A7_d8_ep30
[02:33:55] === MHC_zh / C1 duplicate-stream at d8_ep30 ===
[02:33:56]   [ckpt] v3_MHC_zh_C1dup_d8_ep30
[02:33:56] === MHC_zh / C2 split-half at d8_ep30 ===
[02:33:56]   [ckpt] v3_MHC_zh_C2half_d8_ep30
[02:33:58] === MHC_zh / A7_d16_ep30 (certified-dimension primary) ===
[02:33:59]   [ckpt] v3_MHC_zh_A7_d16_ep30
[02:33:59] === MHC_zh / C1 duplicate-stream at d16_ep30 ===
[02:34:00]   [ckpt] v3_MHC_zh_C1dup_d16_ep30
[02:34:00] === MHC_zh / C2 split-half at d16_ep30 ===
[02:34:01]   [ckpt] v3_MHC_zh_C2half_d16_ep30
[02:34:02] === HateMM / A7_d8_ep30 (certified-dimension primary) ===
[02:34:04]   [ckpt] v3_HateMM_A7_d8_ep30
[02:34:04] === HateMM / C1 duplicate-stream at d8_ep30 ===
[02:34:06]   [ckpt] v3_HateMM_C1dup_d8_ep30
[02:34:06] === HateMM / C2 split-half at d8_ep30 ===
[02:34:06]   [ckpt] v3_HateMM_C2half_d8_ep30
[02:34:08] === HateMM / A7_d16_ep30 (certified-dimension primary) ===
Epoch [5/30], Loss: 0.9865
Epoch [10/30], Loss: 0.8214
Epoch [15/30], Loss: 0.7080
Epoch [20/30], Loss: 0.6540
Epoch [25/30], Loss: 0.6415
Epoch [30/30], Loss: 0.6300
R: 0.3385, U1: -0.0000, U2: 0.1830, S: 0.0716
Epoch [5/30], Loss: 1.0152
Epoch [10/30], Loss: 0.8429
Epoch [15/30], Loss: 0.7108
Epoch [20/30], Loss: 0.6630
Epoch [25/30], Loss: 0.6493
Epoch [30/30], Loss: 0.6370
Epoch [5/30], Loss: 0.9556
Epoch [10/30], Loss: 0.7657
Epoch [15/30], Loss: 0.6404
Epoch [20/30], Loss: 0.5919
Epoch [25/30], Loss: 0.5789
Epoch [30/30], Loss: 0.5668
Epoch [5/30], Loss: 1.0377
Epoch [10/30], Loss: 0.8433
Epoch [15/30], Loss: 0.7034
Epoch [20/30], Loss: 0.6575
Epoch [25/30], Loss: 0.6440
Epoch [30/30], Loss: 0.6308
Epoch [5/30], Loss: 1.0300
Epoch [10/30], Loss: 0.8101
Epoch [15/30], Loss: 0.6560
Epoch [20/30], Loss: 0.6043
Epoch [25/30], Loss: 0.5895
Epoch [30/30], Loss: 0.5763
Epoch [5/30], Loss: 0.9986
Epoch [10/30], Loss: 0.7829
Epoch [15/30], Loss: 0.6440
Epoch [20/30], Loss: 0.5924
Epoch [25/30], Loss: 0.5791
Epoch [30/30], Loss: 0.5669
[02:34:25]     [perm ckpt] resuming at 11/50
Epoch [5/30], Loss: 1.9500
Epoch [10/30], Loss: 1.8008
Epoch [15/30], Loss: 1.5468
Epoch [20/30], Loss: 1.4534
Epoch [25/30], Loss: 1.4249
Epoch [30/30], Loss: 1.3986
Epoch [5/30], Loss: 1.8959
Epoch [10/30], Loss: 1.7345
Epoch [15/30], Loss: 1.4999
Epoch [20/30], Loss: 1.4141
Epoch [25/30], Loss: 1.3886
Epoch [30/30], Loss: 1.3661
Epoch [5/30], Loss: 1.9173
Epoch [10/30], Loss: 1.7469
Epoch [15/30], Loss: 1.5184
Epoch [20/30], Loss: 1.4304
Epoch [25/30], Loss: 1.4039
Epoch [30/30], Loss: 1.3790
Epoch [5/30], Loss: 1.9330
Epoch [10/30], Loss: 1.7821
Epoch [15/30], Loss: 1.5525
Epoch [20/30], Loss: 1.4616
Epoch [25/30], Loss: 1.4369
Epoch [30/30], Loss: 1.4125
Epoch [5/30], Loss: 1.9185
Epoch [10/30], Loss: 1.7532
Epoch [15/30], Loss: 1.4975
Epoch [20/30], Loss: 1.4009
Epoch [25/30], Loss: 1.3716
Epoch [30/30], Loss: 1.3446
Epoch [5/30], Loss: 1.9263
Epoch [10/30], Loss: 1.7560
Epoch [15/30], Loss: 1.5423
Epoch [20/30], Loss: 1.4415
Epoch [25/30], Loss: 1.4174
Epoch [30/30], Loss: 1.3947
Epoch [5/30], Loss: 1.9099
Epoch [10/30], Loss: 1.7530
Epoch [15/30], Loss: 1.5453
Epoch [20/30], Loss: 1.4563
Epoch [25/30], Loss: 1.4329
Epoch [30/30], Loss: 1.4101
Epoch [5/30], Loss: 1.9134
Epoch [10/30], Loss: 1.7509
Epoch [15/30], Loss: 1.5276
Epoch [20/30], Loss: 1.4404
Epoch [25/30], Loss: 1.4150
Epoch [30/30], Loss: 1.3923
Epoch [5/30], Loss: 1.8941
Epoch [10/30], Loss: 1.7271
Epoch [15/30], Loss: 1.4892
Epoch [20/30], Loss: 1.4077
Epoch [25/30], Loss: 1.3811
Epoch [30/30], Loss: 1.3556
Epoch [5/30], Loss: 1.9257
Epoch [10/30], Loss: 1.7811
Epoch [15/30], Loss: 1.5952
Epoch [20/30], Loss: 1.5176
Epoch [25/30], Loss: 1.4941
Epoch [30/30], Loss: 1.4719
Epoch [5/30], Loss: 1.8976
Epoch [10/30], Loss: 1.7379
Epoch [15/30], Loss: 1.5384
Epoch [20/30], Loss: 1.4551
Epoch [25/30], Loss: 1.4297
Epoch [30/30], Loss: 1.4071
Epoch [5/30], Loss: 1.9091
Epoch [10/30], Loss: 1.7591
Epoch [15/30], Loss: 1.5615
Epoch [20/30], Loss: 1.4695
Epoch [25/30], Loss: 1.4445
Epoch [30/30], Loss: 1.4225
Epoch [5/30], Loss: 1.9232
Epoch [10/30], Loss: 1.7631
Epoch [15/30], Loss: 1.5147
Epoch [20/30], Loss: 1.4247
Epoch [25/30], Loss: 1.3973
Epoch [30/30], Loss: 1.3748
Epoch [5/30], Loss: 1.9316
Epoch [10/30], Loss: 1.7495
Epoch [15/30], Loss: 1.5039
Epoch [20/30], Loss: 1.4175
Epoch [25/30], Loss: 1.3906
Epoch [30/30], Loss: 1.3664
Epoch [5/30], Loss: 1.9365
Epoch [10/30], Loss: 1.7665
Epoch [15/30], Loss: 1.5100
Epoch [20/30], Loss: 1.4159
Epoch [25/30], Loss: 1.3881
Epoch [30/30], Loss: 1.3629
Epoch [5/30], Loss: 1.9295
Epoch [10/30], Loss: 1.8008
Epoch [15/30], Loss: 1.5626
Epoch [20/30], Loss: 1.4807
Epoch [25/30], Loss: 1.4558
Epoch [30/30], Loss: 1.4317
Epoch [5/30], Loss: 1.9226
Epoch [10/30], Loss: 1.7582
Epoch [15/30], Loss: 1.5278
Epoch [20/30], Loss: 1.4394
Epoch [25/30], Loss: 1.4154
Epoch [30/30], Loss: 1.3872
Epoch [5/30], Loss: 1.9386
Epoch [10/30], Loss: 1.7911
Epoch [15/30], Loss: 1.5653
Epoch [20/30], Loss: 1.4649
Epoch [25/30], Loss: 1.4380
Epoch [30/30], Loss: 1.4145
Epoch [5/30], Loss: 1.9174
Epoch [10/30], Loss: 1.7175
Epoch [15/30], Loss: 1.4677
Epoch [20/30], Loss: 1.3770
Epoch [25/30], Loss: 1.3505
Epoch [30/30], Loss: 1.3266
Epoch [5/30], Loss: 1.9092
Epoch [10/30], Loss: 1.7508
Epoch [15/30], Loss: 1.5269
Epoch [20/30], Loss: 1.4458
Epoch [25/30], Loss: 1.4187
Epoch [30/30], Loss: 1.3951
Epoch [5/30], Loss: 1.9161
Epoch [10/30], Loss: 1.7614
Epoch [15/30], Loss: 1.5403
Epoch [20/30], Loss: 1.4575
Epoch [25/30], Loss: 1.4316
Epoch [30/30], Loss: 1.4070
Epoch [5/30], Loss: 1.9158
Epoch [10/30], Loss: 1.7277
Epoch [15/30], Loss: 1.4707
Epoch [20/30], Loss: 1.3790
Epoch [25/30], Loss: 1.3528
Epoch [30/30], Loss: 1.3259
Epoch [5/30], Loss: 1.9014
Epoch [10/30], Loss: 1.7211
Epoch [15/30], Loss: 1.4846
Epoch [20/30], Loss: 1.4005
Epoch [25/30], Loss: 1.3761
Epoch [30/30], Loss: 1.3529
Epoch [5/30], Loss: 1.9102
Epoch [10/30], Loss: 1.7527
Epoch [15/30], Loss: 1.5524
Epoch [20/30], Loss: 1.4489
Epoch [25/30], Loss: 1.4241
Epoch [30/30], Loss: 1.4019
Epoch [5/30], Loss: 1.9454
Epoch [10/30], Loss: 1.7888
Epoch [15/30], Loss: 1.5498
Epoch [20/30], Loss: 1.4600
Epoch [25/30], Loss: 1.4327
Epoch [30/30], Loss: 1.4073
Epoch [5/30], Loss: 1.9463
Epoch [10/30], Loss: 1.7894
Epoch [15/30], Loss: 1.5609
Epoch [20/30], Loss: 1.4683
Epoch [25/30], Loss: 1.4421
Epoch [30/30], Loss: 1.4198
Epoch [5/30], Loss: 1.9227
Epoch [10/30], Loss: 1.7769
Epoch [15/30], Loss: 1.5639
Epoch [20/30], Loss: 1.4673
Epoch [25/30], Loss: 1.4410
Epoch [30/30], Loss: 1.4172
Epoch [5/30], Loss: 1.9191
Epoch [10/30], Loss: 1.7594
Epoch [15/30], Loss: 1.5108
Epoch [20/30], Loss: 1.4268
Epoch [25/30], Loss: 1.3994
Epoch [30/30], Loss: 1.3753
Epoch [5/30], Loss: 1.9380
Epoch [10/30], Loss: 1.7739
Epoch [15/30], Loss: 1.5326
Epoch [20/30], Loss: 1.4443
Epoch [25/30], Loss: 1.4195
Epoch [30/30], Loss: 1.3953
Epoch [5/30], Loss: 1.9359
Epoch [10/30], Loss: 1.7757
Epoch [15/30], Loss: 1.5647
Epoch [20/30], Loss: 1.4759
Epoch [25/30], Loss: 1.4525
Epoch [30/30], Loss: 1.4281
Epoch [5/30], Loss: 1.9149
Epoch [10/30], Loss: 1.7464
Epoch [15/30], Loss: 1.5364
Epoch [20/30], Loss: 1.4457
Epoch [25/30], Loss: 1.4203
Epoch [30/30], Loss: 1.3963
Epoch [5/30], Loss: 1.9120
Epoch [10/30], Loss: 1.7379
Epoch [15/30], Loss: 1.5109
Epoch [20/30], Loss: 1.4177
Epoch [25/30], Loss: 1.3916
Epoch [30/30], Loss: 1.3698
Epoch [5/30], Loss: 1.9201
Epoch [10/30], Loss: 1.7643
Epoch [15/30], Loss: 1.5393
Epoch [20/30], Loss: 1.4471
Epoch [25/30], Loss: 1.4222
Epoch [30/30], Loss: 1.3960
Epoch [5/30], Loss: 1.8958
Epoch [10/30], Loss: 1.7052
Epoch [15/30], Loss: 1.4678
Epoch [20/30], Loss: 1.3820
Epoch [25/30], Loss: 1.3573
Epoch [30/30], Loss: 1.3336
Epoch [5/30], Loss: 1.9525
Epoch [10/30], Loss: 1.7814
Epoch [15/30], Loss: 1.5468
Epoch [20/30], Loss: 1.4647
Epoch [25/30], Loss: 1.4393
Epoch [30/30], Loss: 1.4153
Epoch [5/30], Loss: 1.9358
Epoch [10/30], Loss: 1.7773
Epoch [15/30], Loss: 1.5668
Epoch [20/30], Loss: 1.4725
Epoch [25/30], Loss: 1.4489
Epoch [30/30], Loss: 1.4251
Epoch [5/30], Loss: 1.9508
Epoch [10/30], Loss: 1.7980
Epoch [15/30], Loss: 1.5873
Epoch [20/30], Loss: 1.4951
Epoch [25/30], Loss: 1.4693
Epoch [30/30], Loss: 1.4452
Epoch [5/30], Loss: 1.9394
Epoch [10/30], Loss: 1.7931
Epoch [15/30], Loss: 1.5873
Epoch [20/30], Loss: 1.4996
Epoch [25/30], Loss: 1.4748
Epoch [30/30], Loss: 1.4523
Epoch [5/30], Loss: 1.9542
Epoch [10/30], Loss: 1.8223
Epoch [15/30], Loss: 1.6157
Epoch [20/30], Loss: 1.5259
Epoch [25/30], Loss: 1.4996
Epoch [30/30], Loss: 1.4749
Epoch [5/30], Loss: 1.9339
Epoch [10/30], Loss: 1.7711
Epoch [15/30], Loss: 1.5497
Epoch [20/30], Loss: 1.4644
Epoch [25/30], Loss: 1.4398
Epoch [30/30], Loss: 1.4165
Epoch [5/30], Loss: 1.9262
Epoch [10/30], Loss: 1.7904
Epoch [15/30], Loss: 1.5741
Epoch [20/30], Loss: 1.4956
Epoch [25/30], Loss: 1.4716
Epoch [30/30], Loss: 1.4488
Epoch [5/30], Loss: 1.9386
Epoch [10/30], Loss: 1.8005
Epoch [15/30], Loss: 1.5906
Epoch [20/30], Loss: 1.4759
Epoch [25/30], Loss: 1.4502
Epoch [30/30], Loss: 1.4264
Epoch [5/30], Loss: 1.8704
Epoch [10/30], Loss: 1.6850
Epoch [15/30], Loss: 1.4395
Epoch [20/30], Loss: 1.3514
Epoch [25/30], Loss: 1.3272
Epoch [30/30], Loss: 1.3049
Epoch [5/30], Loss: 1.9095
Epoch [10/30], Loss: 1.7239
Epoch [15/30], Loss: 1.4933
Epoch [20/30], Loss: 1.4118
Epoch [25/30], Loss: 1.3880
Epoch [30/30], Loss: 1.3629
Epoch [5/30], Loss: 1.9098
Epoch [10/30], Loss: 1.7287
Epoch [15/30], Loss: 1.4840
Epoch [20/30], Loss: 1.3837
Epoch [25/30], Loss: 1.3555
Epoch [30/30], Loss: 1.3305
Epoch [5/30], Loss: 1.8844
Epoch [10/30], Loss: 1.7156
Epoch [15/30], Loss: 1.4974
Epoch [20/30], Loss: 1.4149
Epoch [25/30], Loss: 1.3896
Epoch [30/30], Loss: 1.3665
Epoch [5/30], Loss: 1.9081
Epoch [10/30], Loss: 1.7373
Epoch [15/30], Loss: 1.5114
Epoch [20/30], Loss: 1.4106
Epoch [25/30], Loss: 1.3847
Epoch [30/30], Loss: 1.3594
Epoch [5/30], Loss: 1.8853
Epoch [10/30], Loss: 1.7077
Epoch [15/30], Loss: 1.4737
Epoch [20/30], Loss: 1.3733
Epoch [25/30], Loss: 1.3487
Epoch [30/30], Loss: 1.3257
Epoch [5/30], Loss: 1.9146
Epoch [10/30], Loss: 1.7689
Epoch [15/30], Loss: 1.5581
Epoch [20/30], Loss: 1.4579
Epoch [25/30], Loss: 1.4322
Epoch [30/30], Loss: 1.4069
Epoch [5/30], Loss: 1.9274
Epoch [10/30], Loss: 1.7876
Epoch [15/30], Loss: 1.5834
Epoch [20/30], Loss: 1.5061
Epoch [25/30], Loss: 1.4822
Epoch [30/30], Loss: 1.4603
Epoch [5/30], Loss: 1.9384
Epoch [10/30], Loss: 1.7972
Epoch [15/30], Loss: 1.5857
Epoch [20/30], Loss: 1.5038
Epoch [25/30], Loss: 1.4792
Epoch [30/30], Loss: 1.4554
Epoch [5/30], Loss: 1.9158
Epoch [10/30], Loss: 1.7677
Epoch [15/30], Loss: 1.5613
Epoch [20/30], Loss: 1.4715
Epoch [25/30], Loss: 1.4457
Epoch [30/30], Loss: 1.4222
Epoch [5/30], Loss: 1.9413
Epoch [10/30], Loss: 1.8045
Epoch [15/30], Loss: 1.6010
Epoch [20/30], Loss: 1.5001
Epoch [25/30], Loss: 1.4748
Epoch [30/30], Loss: 1.4509
Epoch [5/30], Loss: 1.9386
Epoch [10/30], Loss: 1.7984
Epoch [15/30], Loss: 1.5870
Epoch [20/30], Loss: 1.4917
Epoch [25/30], Loss: 1.4667
Epoch [30/30], Loss: 1.4433
[02:35:28]     perm 20/50
Epoch [5/30], Loss: 1.9520
Epoch [10/30], Loss: 1.7983
Epoch [15/30], Loss: 1.5710
Epoch [20/30], Loss: 1.4769
Epoch [25/30], Loss: 1.4500
Epoch [30/30], Loss: 1.4249
Epoch [5/30], Loss: 1.9183
Epoch [10/30], Loss: 1.7747
Epoch [15/30], Loss: 1.5650
Epoch [20/30], Loss: 1.4653
Epoch [25/30], Loss: 1.4394
Epoch [30/30], Loss: 1.4143
Epoch [5/30], Loss: 1.9422
Epoch [10/30], Loss: 1.7790
Epoch [15/30], Loss: 1.5522
Epoch [20/30], Loss: 1.4652
Epoch [25/30], Loss: 1.4383
Epoch [30/30], Loss: 1.4126
Epoch [5/30], Loss: 1.9397
Epoch [10/30], Loss: 1.8118
Epoch [15/30], Loss: 1.5876
Epoch [20/30], Loss: 1.5030
Epoch [25/30], Loss: 1.4766
Epoch [30/30], Loss: 1.4514
Epoch [5/30], Loss: 1.9344
Epoch [10/30], Loss: 1.7941
Epoch [15/30], Loss: 1.5716
Epoch [20/30], Loss: 1.4775
Epoch [25/30], Loss: 1.4506
Epoch [30/30], Loss: 1.4253
Epoch [5/30], Loss: 1.9405
Epoch [10/30], Loss: 1.7820
Epoch [15/30], Loss: 1.5513
Epoch [20/30], Loss: 1.4590
Epoch [25/30], Loss: 1.4330
Epoch [30/30], Loss: 1.4097
Epoch [5/30], Loss: 1.9246
Epoch [10/30], Loss: 1.7874
Epoch [15/30], Loss: 1.5782
Epoch [20/30], Loss: 1.4886
Epoch [25/30], Loss: 1.4626
Epoch [30/30], Loss: 1.4391
Epoch [5/30], Loss: 1.9537
Epoch [10/30], Loss: 1.8072
Epoch [15/30], Loss: 1.5860
Epoch [20/30], Loss: 1.4907
Epoch [25/30], Loss: 1.4647
Epoch [30/30], Loss: 1.4404
Epoch [5/30], Loss: 1.9467
Epoch [10/30], Loss: 1.8011
Epoch [15/30], Loss: 1.5719
Epoch [20/30], Loss: 1.4768
Epoch [25/30], Loss: 1.4500
Epoch [30/30], Loss: 1.4251
Epoch [5/30], Loss: 1.9261
Epoch [10/30], Loss: 1.7845
Epoch [15/30], Loss: 1.5758
Epoch [20/30], Loss: 1.4802
Epoch [25/30], Loss: 1.4533
Epoch [30/30], Loss: 1.4279
Epoch [5/30], Loss: 1.9311
Epoch [10/30], Loss: 1.7907
Epoch [15/30], Loss: 1.5725
Epoch [20/30], Loss: 1.4802
Epoch [25/30], Loss: 1.4544
Epoch [30/30], Loss: 1.4314
Epoch [5/30], Loss: 1.9628
Epoch [10/30], Loss: 1.8285
Epoch [15/30], Loss: 1.5905
Epoch [20/30], Loss: 1.4972
Epoch [25/30], Loss: 1.4706
Epoch [30/30], Loss: 1.4451
Epoch [5/30], Loss: 1.9434
Epoch [10/30], Loss: 1.7654
Epoch [15/30], Loss: 1.5215
Epoch [20/30], Loss: 1.4363
Epoch [25/30], Loss: 1.4098
Epoch [30/30], Loss: 1.3867
Epoch [5/30], Loss: 1.9145
Epoch [10/30], Loss: 1.7586
Epoch [15/30], Loss: 1.5575
Epoch [20/30], Loss: 1.4601
Epoch [25/30], Loss: 1.4337
Epoch [30/30], Loss: 1.4094
Epoch [5/30], Loss: 1.9233
Epoch [10/30], Loss: 1.7619
Epoch [15/30], Loss: 1.5304
Epoch [20/30], Loss: 1.4397
Epoch [25/30], Loss: 1.4158
Epoch [30/30], Loss: 1.3905
Epoch [5/30], Loss: 1.9354
Epoch [10/30], Loss: 1.7870
Epoch [15/30], Loss: 1.5491
Epoch [20/30], Loss: 1.4679
Epoch [25/30], Loss: 1.4400
Epoch [30/30], Loss: 1.4149
Epoch [5/30], Loss: 1.9563
Epoch [10/30], Loss: 1.8172
Epoch [15/30], Loss: 1.5827
Epoch [20/30], Loss: 1.4930
Epoch [25/30], Loss: 1.4660
Epoch [30/30], Loss: 1.4401
Epoch [5/30], Loss: 1.9498
Epoch [10/30], Loss: 1.7898
Epoch [15/30], Loss: 1.5615
Epoch [20/30], Loss: 1.4662
Epoch [25/30], Loss: 1.4405
Epoch [30/30], Loss: 1.4165
Epoch [5/30], Loss: 1.8917
Epoch [10/30], Loss: 1.7210
Epoch [15/30], Loss: 1.4934
Epoch [20/30], Loss: 1.4094
Epoch [25/30], Loss: 1.3838
Epoch [30/30], Loss: 1.3607
Epoch [5/30], Loss: 1.9324
Epoch [10/30], Loss: 1.7746
Epoch [15/30], Loss: 1.5652
Epoch [20/30], Loss: 1.4671
Epoch [25/30], Loss: 1.4423
Epoch [30/30], Loss: 1.4179
Epoch [5/30], Loss: 1.9215
Epoch [10/30], Loss: 1.7458
Epoch [15/30], Loss: 1.5049
Epoch [20/30], Loss: 1.4163
Epoch [25/30], Loss: 1.3907
Epoch [30/30], Loss: 1.3674
Epoch [5/30], Loss: 1.9363
Epoch [10/30], Loss: 1.7849
Epoch [15/30], Loss: 1.5756
Epoch [20/30], Loss: 1.4916
Epoch [25/30], Loss: 1.4656
Epoch [30/30], Loss: 1.4421
Epoch [5/30], Loss: 1.9119
Epoch [10/30], Loss: 1.7305
Epoch [15/30], Loss: 1.4805
Epoch [20/30], Loss: 1.3765
Epoch [25/30], Loss: 1.3476
Epoch [30/30], Loss: 1.3208
Epoch [5/30], Loss: 1.9268
Epoch [10/30], Loss: 1.7661
Epoch [15/30], Loss: 1.5380
Epoch [20/30], Loss: 1.4442
Epoch [25/30], Loss: 1.4188
Epoch [30/30], Loss: 1.3959
Epoch [5/30], Loss: 1.9013
Epoch [10/30], Loss: 1.7205
Epoch [15/30], Loss: 1.4793
Epoch [20/30], Loss: 1.3763
Epoch [25/30], Loss: 1.3490
Epoch [30/30], Loss: 1.3238
Epoch [5/30], Loss: 1.9380
Epoch [10/30], Loss: 1.7512
Epoch [15/30], Loss: 1.4746
Epoch [20/30], Loss: 1.3772
Epoch [25/30], Loss: 1.3488
Epoch [30/30], Loss: 1.3230
Epoch [5/30], Loss: 1.9172
Epoch [10/30], Loss: 1.7404
Epoch [15/30], Loss: 1.4781
Epoch [20/30], Loss: 1.3872
Epoch [25/30], Loss: 1.3606
Epoch [30/30], Loss: 1.3360
Epoch [5/30], Loss: 1.9388
Epoch [10/30], Loss: 1.7607
Epoch [15/30], Loss: 1.5166
Epoch [20/30], Loss: 1.4260
Epoch [25/30], Loss: 1.3985
Epoch [30/30], Loss: 1.3736
Epoch [5/30], Loss: 1.9236
Epoch [10/30], Loss: 1.7463
Epoch [15/30], Loss: 1.4982
Epoch [20/30], Loss: 1.4048
Epoch [25/30], Loss: 1.3784
Epoch [30/30], Loss: 1.3539
Epoch [5/30], Loss: 1.9364
Epoch [10/30], Loss: 1.7423
Epoch [15/30], Loss: 1.4907
Epoch [20/30], Loss: 1.3866
Epoch [25/30], Loss: 1.3595
Epoch [30/30], Loss: 1.3355
Epoch [5/30], Loss: 1.9458
Epoch [10/30], Loss: 1.8017
Epoch [15/30], Loss: 1.5561
Epoch [20/30], Loss: 1.4660
Epoch [25/30], Loss: 1.4388
Epoch [30/30], Loss: 1.4135
Epoch [5/30], Loss: 1.9267
Epoch [10/30], Loss: 1.7693
Epoch [15/30], Loss: 1.5494
Epoch [20/30], Loss: 1.4612
Epoch [25/30], Loss: 1.4370
Epoch [30/30], Loss: 1.4142
Epoch [5/30], Loss: 1.9133
Epoch [10/30], Loss: 1.7410
Epoch [15/30], Loss: 1.5077
Epoch [20/30], Loss: 1.4147
Epoch [25/30], Loss: 1.3879
Epoch [30/30], Loss: 1.3645
Epoch [5/30], Loss: 1.9316
Epoch [10/30], Loss: 1.7643
Epoch [15/30], Loss: 1.5317
Epoch [20/30], Loss: 1.4346
Epoch [25/30], Loss: 1.4078
Epoch [30/30], Loss: 1.3840
Epoch [5/30], Loss: 1.9556
Epoch [10/30], Loss: 1.8058
Epoch [15/30], Loss: 1.5951
Epoch [20/30], Loss: 1.4898
Epoch [25/30], Loss: 1.4633
Epoch [30/30], Loss: 1.4399
Epoch [5/30], Loss: 1.9328
Epoch [10/30], Loss: 1.7833
Epoch [15/30], Loss: 1.5748
Epoch [20/30], Loss: 1.4632
Epoch [25/30], Loss: 1.4372
Epoch [30/30], Loss: 1.4140
Epoch [5/30], Loss: 1.9307
Epoch [10/30], Loss: 1.7735
Epoch [15/30], Loss: 1.5388
Epoch [20/30], Loss: 1.4483
Epoch [25/30], Loss: 1.4230
Epoch [30/30], Loss: 1.3985
Epoch [5/30], Loss: 1.9357
Epoch [10/30], Loss: 1.7984
Epoch [15/30], Loss: 1.5817
Epoch [20/30], Loss: 1.4996
Epoch [25/30], Loss: 1.4746
Epoch [30/30], Loss: 1.4507
Epoch [5/30], Loss: 1.9251
Epoch [10/30], Loss: 1.7697
Epoch [15/30], Loss: 1.5508
Epoch [20/30], Loss: 1.4537
Epoch [25/30], Loss: 1.4303
Epoch [30/30], Loss: 1.4067
Epoch [5/30], Loss: 1.9093
Epoch [10/30], Loss: 1.7445
Epoch [15/30], Loss: 1.5112
Epoch [20/30], Loss: 1.4199
Epoch [25/30], Loss: 1.3943
Epoch [30/30], Loss: 1.3702
Epoch [5/30], Loss: 1.9165
Epoch [10/30], Loss: 1.7477
Epoch [15/30], Loss: 1.5230
Epoch [20/30], Loss: 1.4285
Epoch [25/30], Loss: 1.4046
Epoch [30/30], Loss: 1.3812
Epoch [5/30], Loss: 1.9413
Epoch [10/30], Loss: 1.8028
Epoch [15/30], Loss: 1.5990
Epoch [20/30], Loss: 1.4950
Epoch [25/30], Loss: 1.4718
Epoch [30/30], Loss: 1.4485
Epoch [5/30], Loss: 1.9394
Epoch [10/30], Loss: 1.7693
Epoch [15/30], Loss: 1.5467
Epoch [20/30], Loss: 1.4648
Epoch [25/30], Loss: 1.4390
Epoch [30/30], Loss: 1.4157
Epoch [5/30], Loss: 1.9371
Epoch [10/30], Loss: 1.8052
Epoch [15/30], Loss: 1.6025
Epoch [20/30], Loss: 1.5141
Epoch [25/30], Loss: 1.4885
Epoch [30/30], Loss: 1.4650
Epoch [5/30], Loss: 1.8835
Epoch [10/30], Loss: 1.7346
Epoch [15/30], Loss: 1.5522
Epoch [20/30], Loss: 1.4585
Epoch [25/30], Loss: 1.4359
Epoch [30/30], Loss: 1.4136
Epoch [5/30], Loss: 1.9345
Epoch [10/30], Loss: 1.7812
Epoch [15/30], Loss: 1.5718
Epoch [20/30], Loss: 1.4862
Epoch [25/30], Loss: 1.4624
Epoch [30/30], Loss: 1.4403
Epoch [5/30], Loss: 1.9304
Epoch [10/30], Loss: 1.7904
Epoch [15/30], Loss: 1.5803
Epoch [20/30], Loss: 1.4894
Epoch [25/30], Loss: 1.4626
Epoch [30/30], Loss: 1.4390
[02:36:30] === MHC_zh / A7_d8_ep30 (certified-dimension primary) ===
[02:36:31]   [ckpt] v3_MHC_zh_A7_d8_ep30
[02:36:32] === MHC_zh / C1 duplicate-stream at d8_ep30 ===
[02:36:33]   [ckpt] v3_MHC_zh_C1dup_d8_ep30
[02:36:33] === MHC_zh / C2 split-half at d8_ep30 ===
[02:36:34]   [ckpt] v3_MHC_zh_C2half_d8_ep30
[02:36:36] === MHC_zh / A7_d16_ep30 (certified-dimension primary) ===
[02:36:37]   [ckpt] v3_MHC_zh_A7_d16_ep30
[02:36:37] === MHC_zh / C1 duplicate-stream at d16_ep30 ===
[02:36:39]   [ckpt] v3_MHC_zh_C1dup_d16_ep30
[02:36:39] === MHC_zh / C2 split-half at d16_ep30 ===
[02:36:40]   [ckpt] v3_MHC_zh_C2half_d16_ep30
[02:36:42] === HateMM / A7_d8_ep30 (certified-dimension primary) ===
[02:36:44]   [ckpt] v3_HateMM_A7_d8_ep30
[02:36:44] === HateMM / C1 duplicate-stream at d8_ep30 ===
[02:36:46]   [ckpt] v3_HateMM_C1dup_d8_ep30
[02:36:46] === HateMM / C2 split-half at d8_ep30 ===
[02:36:47]   [ckpt] v3_HateMM_C2half_d8_ep30
[02:36:49] === HateMM / A7_d16_ep30 (certified-dimension primary) ===
Epoch [5/30], Loss: 0.9865
Epoch [10/30], Loss: 0.8214
Epoch [15/30], Loss: 0.7080
Epoch [20/30], Loss: 0.6540
Epoch [25/30], Loss: 0.6415
Epoch [30/30], Loss: 0.6300
R: 0.3385, U1: -0.0000, U2: 0.1830, S: 0.0716
Epoch [5/30], Loss: 1.0152
Epoch [10/30], Loss: 0.8429
Epoch [15/30], Loss: 0.7108
Epoch [20/30], Loss: 0.6630
Epoch [25/30], Loss: 0.6493
Epoch [30/30], Loss: 0.6370
Epoch [5/30], Loss: 0.9556
Epoch [10/30], Loss: 0.7657
Epoch [15/30], Loss: 0.6404
Epoch [20/30], Loss: 0.5919
Epoch [25/30], Loss: 0.5789
Epoch [30/30], Loss: 0.5668
Epoch [5/30], Loss: 1.0377
Epoch [10/30], Loss: 0.8433
Epoch [15/30], Loss: 0.7034
Epoch [20/30], Loss: 0.6575
Epoch [25/30], Loss: 0.6440
Epoch [30/30], Loss: 0.6308
Epoch [5/30], Loss: 1.0300
Epoch [10/30], Loss: 0.8101
Epoch [15/30], Loss: 0.6560
Epoch [20/30], Loss: 0.6043
Epoch [25/30], Loss: 0.5895
Epoch [30/30], Loss: 0.5763
Epoch [5/30], Loss: 0.9986
Epoch [10/30], Loss: 0.7829
Epoch [15/30], Loss: 0.6440
Epoch [20/30], Loss: 0.5924
Epoch [25/30], Loss: 0.5791
Epoch [30/30], Loss: 0.5669
[02:37:07]     [perm ckpt] resuming at 27/50
Epoch [5/30], Loss: 1.9394
Epoch [10/30], Loss: 1.7693
Epoch [15/30], Loss: 1.5467
Epoch [20/30], Loss: 1.4648
Epoch [25/30], Loss: 1.4390
Epoch [30/30], Loss: 1.4157
Epoch [5/30], Loss: 1.9371
Epoch [10/30], Loss: 1.8052
Epoch [15/30], Loss: 1.6025
Epoch [20/30], Loss: 1.5141
Epoch [25/30], Loss: 1.4885
Epoch [30/30], Loss: 1.4650
Epoch [5/30], Loss: 1.8835
Epoch [10/30], Loss: 1.7346
Epoch [15/30], Loss: 1.5522
Epoch [20/30], Loss: 1.4585
Epoch [25/30], Loss: 1.4359
Epoch [30/30], Loss: 1.4136
Epoch [5/30], Loss: 1.9345
Epoch [10/30], Loss: 1.7812
Epoch [15/30], Loss: 1.5718
Epoch [20/30], Loss: 1.4862
Epoch [25/30], Loss: 1.4624
Epoch [30/30], Loss: 1.4403
Epoch [5/30], Loss: 1.9304
Epoch [10/30], Loss: 1.7904
Epoch [15/30], Loss: 1.5803
Epoch [20/30], Loss: 1.4894
Epoch [25/30], Loss: 1.4626
Epoch [30/30], Loss: 1.4390
Epoch [5/30], Loss: 1.9303
Epoch [10/30], Loss: 1.8025
Epoch [15/30], Loss: 1.6091
Epoch [20/30], Loss: 1.5247
Epoch [25/30], Loss: 1.5012
Epoch [30/30], Loss: 1.4796
Epoch [5/30], Loss: 1.9094
Epoch [10/30], Loss: 1.7528
Epoch [15/30], Loss: 1.5334
Epoch [20/30], Loss: 1.4503
Epoch [25/30], Loss: 1.4248
Epoch [30/30], Loss: 1.4023
Epoch [5/30], Loss: 1.9115
Epoch [10/30], Loss: 1.7560
Epoch [15/30], Loss: 1.5622
Epoch [20/30], Loss: 1.4769
Epoch [25/30], Loss: 1.4523
Epoch [30/30], Loss: 1.4295
Epoch [5/30], Loss: 1.9316
Epoch [10/30], Loss: 1.7866
Epoch [15/30], Loss: 1.5822
Epoch [20/30], Loss: 1.4865
Epoch [25/30], Loss: 1.4606
Epoch [30/30], Loss: 1.4378
Epoch [5/30], Loss: 1.9013
Epoch [10/30], Loss: 1.7419
Epoch [15/30], Loss: 1.5260
Epoch [20/30], Loss: 1.4298
Epoch [25/30], Loss: 1.4042
Epoch [30/30], Loss: 1.3811
Epoch [5/30], Loss: 1.9305
Epoch [10/30], Loss: 1.7622
Epoch [15/30], Loss: 1.5309
Epoch [20/30], Loss: 1.4424
Epoch [25/30], Loss: 1.4166
Epoch [30/30], Loss: 1.3915
Epoch [5/30], Loss: 1.9187
Epoch [10/30], Loss: 1.7523
Epoch [15/30], Loss: 1.5474
Epoch [20/30], Loss: 1.4518
Epoch [25/30], Loss: 1.4293
Epoch [30/30], Loss: 1.4089
Epoch [5/30], Loss: 1.9512
Epoch [10/30], Loss: 1.8109
Epoch [15/30], Loss: 1.5999
Epoch [20/30], Loss: 1.5203
Epoch [25/30], Loss: 1.4968
Epoch [30/30], Loss: 1.4725
Epoch [5/30], Loss: 1.9297
Epoch [10/30], Loss: 1.7689
Epoch [15/30], Loss: 1.5588
Epoch [20/30], Loss: 1.4779
Epoch [25/30], Loss: 1.4527
Epoch [30/30], Loss: 1.4297
Epoch [5/30], Loss: 1.9172
Epoch [10/30], Loss: 1.7525
Epoch [15/30], Loss: 1.5174
Epoch [20/30], Loss: 1.4264
Epoch [25/30], Loss: 1.4002
Epoch [30/30], Loss: 1.3751
Epoch [5/30], Loss: 1.9304
Epoch [10/30], Loss: 1.7825
Epoch [15/30], Loss: 1.5584
Epoch [20/30], Loss: 1.4670
Epoch [25/30], Loss: 1.4410
Epoch [30/30], Loss: 1.4171
Epoch [5/30], Loss: 1.9257
Epoch [10/30], Loss: 1.7393
Epoch [15/30], Loss: 1.4884
Epoch [20/30], Loss: 1.4045
Epoch [25/30], Loss: 1.3786
Epoch [30/30], Loss: 1.3558
Epoch [5/30], Loss: 1.9405
Epoch [10/30], Loss: 1.7879
Epoch [15/30], Loss: 1.5629
Epoch [20/30], Loss: 1.4704
Epoch [25/30], Loss: 1.4451
Epoch [30/30], Loss: 1.4225
[02:37:28]     perm 30/50
Epoch [5/30], Loss: 1.9464
Epoch [10/30], Loss: 1.7838
Epoch [15/30], Loss: 1.5526
Epoch [20/30], Loss: 1.4714
Epoch [25/30], Loss: 1.4471
Epoch [30/30], Loss: 1.4240
Epoch [5/30], Loss: 1.9181
Epoch [10/30], Loss: 1.7588
Epoch [15/30], Loss: 1.5448
Epoch [20/30], Loss: 1.4544
Epoch [25/30], Loss: 1.4290
Epoch [30/30], Loss: 1.4053
Epoch [5/30], Loss: 1.9088
Epoch [10/30], Loss: 1.7158
Epoch [15/30], Loss: 1.4632
Epoch [20/30], Loss: 1.3675
Epoch [25/30], Loss: 1.3400
Epoch [30/30], Loss: 1.3148
Epoch [5/30], Loss: 1.8864
Epoch [10/30], Loss: 1.7129
Epoch [15/30], Loss: 1.4739
Epoch [20/30], Loss: 1.3804
Epoch [25/30], Loss: 1.3537
Epoch [30/30], Loss: 1.3283
Epoch [5/30], Loss: 1.9156
Epoch [10/30], Loss: 1.7290
Epoch [15/30], Loss: 1.5023
Epoch [20/30], Loss: 1.4126
Epoch [25/30], Loss: 1.3873
Epoch [30/30], Loss: 1.3639
Epoch [5/30], Loss: 1.9024
Epoch [10/30], Loss: 1.7227
Epoch [15/30], Loss: 1.5109
Epoch [20/30], Loss: 1.3974
Epoch [25/30], Loss: 1.3721
Epoch [30/30], Loss: 1.3496
Epoch [5/30], Loss: 1.9214
Epoch [10/30], Loss: 1.7664
Epoch [15/30], Loss: 1.5486
Epoch [20/30], Loss: 1.4601
Epoch [25/30], Loss: 1.4344
Epoch [30/30], Loss: 1.4119
Epoch [5/30], Loss: 1.9289
Epoch [10/30], Loss: 1.7587
Epoch [15/30], Loss: 1.5343
Epoch [20/30], Loss: 1.4521
Epoch [25/30], Loss: 1.4269
Epoch [30/30], Loss: 1.4044
Epoch [5/30], Loss: 1.9335
Epoch [10/30], Loss: 1.7843
Epoch [15/30], Loss: 1.5561
Epoch [20/30], Loss: 1.4528
Epoch [25/30], Loss: 1.4256
Epoch [30/30], Loss: 1.3994
Epoch [5/30], Loss: 1.9691
Epoch [10/30], Loss: 1.8240
Epoch [15/30], Loss: 1.6120
Epoch [20/30], Loss: 1.5221
Epoch [25/30], Loss: 1.4953
Epoch [30/30], Loss: 1.4714
Epoch [5/30], Loss: 1.9317
Epoch [10/30], Loss: 1.7493
Epoch [15/30], Loss: 1.4932
Epoch [20/30], Loss: 1.3975
Epoch [25/30], Loss: 1.3691
Epoch [30/30], Loss: 1.3446
Epoch [5/30], Loss: 1.9449
Epoch [10/30], Loss: 1.7956
Epoch [15/30], Loss: 1.5744
Epoch [20/30], Loss: 1.4821
[02:37:49] === MHC_zh / A7_d8_ep30 (certified-dimension primary) ===
[02:37:50]   [ckpt] v3_MHC_zh_A7_d8_ep30
[02:37:50] === MHC_zh / C1 duplicate-stream at d8_ep30 ===
[02:37:52]   [ckpt] v3_MHC_zh_C1dup_d8_ep30
[02:37:52] === MHC_zh / C2 split-half at d8_ep30 ===
[02:37:52]   [ckpt] v3_MHC_zh_C2half_d8_ep30
[02:37:53] === MHC_zh / A7_d16_ep30 (certified-dimension primary) ===
[02:37:55]   [ckpt] v3_MHC_zh_A7_d16_ep30
[02:37:55] === MHC_zh / C1 duplicate-stream at d16_ep30 ===
[02:37:56]   [ckpt] v3_MHC_zh_C1dup_d16_ep30
[02:37:56] === MHC_zh / C2 split-half at d16_ep30 ===
[02:37:57]   [ckpt] v3_MHC_zh_C2half_d16_ep30
[02:37:58] === HateMM / A7_d8_ep30 (certified-dimension primary) ===
[02:38:00]   [ckpt] v3_HateMM_A7_d8_ep30
[02:38:00] === HateMM / C1 duplicate-stream at d8_ep30 ===
[02:38:01]   [ckpt] v3_HateMM_C1dup_d8_ep30
[02:38:01] === HateMM / C2 split-half at d8_ep30 ===
[02:38:02]   [ckpt] v3_HateMM_C2half_d8_ep30
[02:38:04] === HateMM / A7_d16_ep30 (certified-dimension primary) ===
Epoch [5/30], Loss: 0.9865
Epoch [10/30], Loss: 0.8214
Epoch [15/30], Loss: 0.7080
Epoch [20/30], Loss: 0.6540
Epoch [25/30], Loss: 0.6415
Epoch [30/30], Loss: 0.6300
R: 0.3385, U1: -0.0000, U2: 0.1830, S: 0.0716
Epoch [5/30], Loss: 1.0152
Epoch [10/30], Loss: 0.8429
Epoch [15/30], Loss: 0.7108
Epoch [20/30], Loss: 0.6630
Epoch [25/30], Loss: 0.6493
Epoch [30/30], Loss: 0.6370
Epoch [5/30], Loss: 0.9556
Epoch [10/30], Loss: 0.7657
Epoch [15/30], Loss: 0.6404
Epoch [20/30], Loss: 0.5919
Epoch [25/30], Loss: 0.5789
Epoch [30/30], Loss: 0.5668
Epoch [5/30], Loss: 1.0377
Epoch [10/30], Loss: 0.8433
Epoch [15/30], Loss: 0.7034
Epoch [20/30], Loss: 0.6575
Epoch [25/30], Loss: 0.6440
Epoch [30/30], Loss: 0.6308
Epoch [5/30], Loss: 1.0300
Epoch [10/30], Loss: 0.8101
Epoch [15/30], Loss: 0.6560
Epoch [20/30], Loss: 0.6043
Epoch [25/30], Loss: 0.5895
Epoch [30/30], Loss: 0.5763
Epoch [5/30], Loss: 0.9986
Epoch [10/30], Loss: 0.7829
Epoch [15/30], Loss: 0.6440
Epoch [20/30], Loss: 0.5924
Epoch [25/30], Loss: 0.5791
Epoch [30/30], Loss: 0.5669
[02:38:21]     [perm ckpt] resuming at 31/50
Epoch [5/30], Loss: 1.9214
Epoch [10/30], Loss: 1.7664
Epoch [15/30], Loss: 1.5486
Epoch [20/30], Loss: 1.4601
Epoch [25/30], Loss: 1.4344
Epoch [30/30], Loss: 1.4119
Epoch [5/30], Loss: 1.9289
Epoch [10/30], Loss: 1.7587
Epoch [15/30], Loss: 1.5343
Epoch [20/30], Loss: 1.4521
Epoch [25/30], Loss: 1.4269
Epoch [30/30], Loss: 1.4044
Epoch [5/30], Loss: 1.9335
Epoch [10/30], Loss: 1.7843
Epoch [15/30], Loss: 1.5561
Epoch [20/30], Loss: 1.4528
Epoch [25/30], Loss: 1.4256
Epoch [30/30], Loss: 1.3994
Epoch [5/30], Loss: 1.9691
Epoch [10/30], Loss: 1.8240
Epoch [15/30], Loss: 1.6120
Epoch [20/30], Loss: 1.5221
Epoch [25/30], Loss: 1.4953
Epoch [30/30], Loss: 1.4714
Epoch [5/30], Loss: 1.9317
Epoch [10/30], Loss: 1.7493
Epoch [15/30], Loss: 1.4932
Epoch [20/30], Loss: 1.3975
Epoch [25/30], Loss: 1.3691
Epoch [30/30], Loss: 1.3446
Epoch [5/30], Loss: 1.9449
Epoch [10/30], Loss: 1.7956
Epoch [15/30], Loss: 1.5744
Epoch [20/30], Loss: 1.4821
Epoch [25/30], Loss: 1.4570
Epoch [30/30], Loss: 1.4351
Epoch [5/30], Loss: 1.9517
Epoch [10/30], Loss: 1.7996
Epoch [15/30], Loss: 1.5543
Epoch [20/30], Loss: 1.4716
Epoch [25/30], Loss: 1.4442
Epoch [30/30], Loss: 1.4190
Epoch [5/30], Loss: 1.9156
Epoch [10/30], Loss: 1.7796
Epoch [15/30], Loss: 1.5540
Epoch [20/30], Loss: 1.4698
Epoch [25/30], Loss: 1.4435
Epoch [30/30], Loss: 1.4190
Epoch [5/30], Loss: 1.9129
Epoch [10/30], Loss: 1.7536
Epoch [15/30], Loss: 1.5327
Epoch [20/30], Loss: 1.4508
Epoch [25/30], Loss: 1.4258
Epoch [30/30], Loss: 1.4023
Epoch [5/30], Loss: 1.9282
Epoch [10/30], Loss: 1.7616
Epoch [15/30], Loss: 1.5353
Epoch [20/30], Loss: 1.4476
Epoch [25/30], Loss: 1.4216
Epoch [30/30], Loss: 1.3990
Epoch [5/30], Loss: 1.9047
Epoch [10/30], Loss: 1.7385
Epoch [15/30], Loss: 1.4774
Epoch [20/30], Loss: 1.3802
Epoch [25/30], Loss: 1.3522
Epoch [30/30], Loss: 1.3249
Epoch [5/30], Loss: 1.9301
Epoch [10/30], Loss: 1.7825
Epoch [15/30], Loss: 1.5639
Epoch [20/30], Loss: 1.4750
Epoch [25/30], Loss: 1.4513
Epoch [30/30], Loss: 1.4281
Epoch [5/30], Loss: 1.9270
Epoch [10/30], Loss: 1.7504
Epoch [15/30], Loss: 1.4873
Epoch [20/30], Loss: 1.4008
Epoch [25/30], Loss: 1.3736
Epoch [30/30], Loss: 1.3492
Epoch [5/30], Loss: 1.8939
Epoch [10/30], Loss: 1.7291
Epoch [15/30], Loss: 1.5134
Epoch [20/30], Loss: 1.4308
Epoch [25/30], Loss: 1.4069
Epoch [30/30], Loss: 1.3832
Epoch [5/30], Loss: 1.8820
Epoch [10/30], Loss: 1.7022
Epoch [15/30], Loss: 1.4735
Epoch [20/30], Loss: 1.3905
Epoch [25/30], Loss: 1.3659
Epoch [30/30], Loss: 1.3427
Epoch [5/30], Loss: 1.9272
Epoch [10/30], Loss: 1.7309
Epoch [15/30], Loss: 1.4707
Epoch [20/30], Loss: 1.3710
Epoch [25/30], Loss: 1.3437
Epoch [30/30], Loss: 1.3175
Epoch [5/30], Loss: 1.9270
Epoch [10/30], Loss: 1.7556
Epoch [15/30], Loss: 1.5192
Epoch [20/30], Loss: 1.4233
Epoch [25/30], Loss: 1.3947
Epoch [30/30], Loss: 1.3699
Epoch [5/30], Loss: 1.9086
Epoch [10/30], Loss: 1.7330
Epoch [15/30], Loss: 1.5098
Epoch [20/30], Loss: 1.4154
Epoch [25/30], Loss: 1.3899
Epoch [30/30], Loss: 1.3671
Epoch [5/30], Loss: 1.9103
Epoch [10/30], Loss: 1.7694
Epoch [15/30], Loss: 1.5766
Epoch [20/30], Loss: 1.5070
Epoch [25/30], Loss: 1.4833
Epoch [30/30], Loss: 1.4626
Epoch [5/30], Loss: 1.9031
Epoch [10/30], Loss: 1.7660
Epoch [15/30], Loss: 1.5774
Epoch [20/30], Loss: 1.4907
Epoch [25/30], Loss: 1.4663
Epoch [30/30], Loss: 1.4449
Epoch [5/30], Loss: 1.9481
Epoch [10/30], Loss: 1.7986
Epoch [15/30], Loss: 1.6010
Epoch [20/30], Loss: 1.5016
Epoch [25/30], Loss: 1.4757
Epoch [30/30], Loss: 1.4519
Epoch [5/30], Loss: 1.9537
Epoch [10/30], Loss: 1.8168
Epoch [15/30], Loss: 1.5940
Epoch [20/30], Loss: 1.5079
Epoch [25/30], Loss: 1.4816
Epoch [30/30], Loss: 1.4567
Epoch [5/30], Loss: 1.9301
Epoch [10/30], Loss: 1.7805
Epoch [15/30], Loss: 1.5841
Epoch [20/30], Loss: 1.5041
Epoch [25/30], Loss: 1.4811
Epoch [30/30], Loss: 1.4596
Epoch [5/30], Loss: 1.9361
Epoch [10/30], Loss: 1.8180
Epoch [15/30], Loss: 1.6239
Epoch [20/30], Loss: 1.5304
Epoch [25/30], Loss: 1.5058
Epoch [30/30], Loss: 1.4844
Epoch [5/30], Loss: 1.8998
Epoch [10/30], Loss: 1.7537
Epoch [15/30], Loss: 1.5465
Epoch [20/30], Loss: 1.4653
Epoch [25/30], Loss: 1.4414
Epoch [30/30], Loss: 1.4186
Epoch [5/30], Loss: 1.9326
Epoch [10/30], Loss: 1.7530
Epoch [15/30], Loss: 1.5157
Epoch [20/30], Loss: 1.4272
Epoch [25/30], Loss: 1.4009
Epoch [30/30], Loss: 1.3760
Epoch [5/30], Loss: 1.9334
Epoch [10/30], Loss: 1.7794
Epoch [15/30], Loss: 1.5569
Epoch [20/30], Loss: 1.4676
Epoch [25/30], Loss: 1.4420
Epoch [30/30], Loss: 1.4184
Epoch [5/30], Loss: 1.9347
Epoch [10/30], Loss: 1.8066
Epoch [15/30], Loss: 1.6065
Epoch [20/30], Loss: 1.5180
Epoch [25/30], Loss: 1.4918
Epoch [30/30], Loss: 1.4674
Epoch [5/30], Loss: 1.9135
Epoch [10/30], Loss: 1.7326
Epoch [15/30], Loss: 1.4856
Epoch [20/30], Loss: 1.3969
Epoch [25/30], Loss: 1.3702
Epoch [30/30], Loss: 1.3461
Epoch [5/30], Loss: 1.9149
Epoch [10/30], Loss: 1.7565
Epoch [15/30], Loss: 1.5443
Epoch [20/30], Loss: 1.4530
Epoch [25/30], Loss: 1.4280
Epoch [30/30], Loss: 1.4054
Epoch [5/30], Loss: 1.9297
Epoch [10/30], Loss: 1.7477
Epoch [15/30], Loss: 1.4940
Epoch [20/30], Loss: 1.4092
Epoch [25/30], Loss: 1.3828
Epoch [30/30], Loss: 1.3580
Epoch [5/30], Loss: 1.9248
Epoch [10/30], Loss: 1.7341
Epoch [15/30], Loss: 1.5017
Epoch [20/30], Loss: 1.4121
Epoch [25/30], Loss: 1.3869
Epoch [30/30], Loss: 1.3638
Epoch [5/30], Loss: 1.9093
Epoch [10/30], Loss: 1.7366
Epoch [15/30], Loss: 1.4974
Epoch [20/30], Loss: 1.4060
Epoch [25/30], Loss: 1.3796
Epoch [30/30], Loss: 1.3550
Epoch [5/30], Loss: 1.9297
Epoch [10/30], Loss: 1.7777
Epoch [15/30], Loss: 1.5709
Epoch [20/30], Loss: 1.4875
[02:39:20] === MHC_zh / A7_d8_ep30 (certified-dimension primary) ===
[02:39:21]   [ckpt] v3_MHC_zh_A7_d8_ep30
[02:39:21] === MHC_zh / C1 duplicate-stream at d8_ep30 ===
[02:39:23]   [ckpt] v3_MHC_zh_C1dup_d8_ep30
[02:39:23] === MHC_zh / C2 split-half at d8_ep30 ===
[02:39:24]   [ckpt] v3_MHC_zh_C2half_d8_ep30
[02:39:25] === MHC_zh / A7_d16_ep30 (certified-dimension primary) ===
[02:39:27]   [ckpt] v3_MHC_zh_A7_d16_ep30
[02:39:27] === MHC_zh / C1 duplicate-stream at d16_ep30 ===
[02:39:29]   [ckpt] v3_MHC_zh_C1dup_d16_ep30
[02:39:29] === MHC_zh / C2 split-half at d16_ep30 ===
[02:39:30]   [ckpt] v3_MHC_zh_C2half_d16_ep30
[02:39:32] === HateMM / A7_d8_ep30 (certified-dimension primary) ===
[02:39:34]   [ckpt] v3_HateMM_A7_d8_ep30
[02:39:34] === HateMM / C1 duplicate-stream at d8_ep30 ===
[02:39:36]   [ckpt] v3_HateMM_C1dup_d8_ep30
[02:39:36] === HateMM / C2 split-half at d8_ep30 ===
[02:39:37]   [ckpt] v3_HateMM_C2half_d8_ep30
[02:39:39] === HateMM / A7_d16_ep30 (certified-dimension primary) ===
Epoch [5/30], Loss: 0.9865
Epoch [10/30], Loss: 0.8214
Epoch [15/30], Loss: 0.7080
Epoch [20/30], Loss: 0.6540
Epoch [25/30], Loss: 0.6415
Epoch [30/30], Loss: 0.6300
R: 0.3385, U1: -0.0000, U2: 0.1830, S: 0.0716
Epoch [5/30], Loss: 1.0152
Epoch [10/30], Loss: 0.8429
Epoch [15/30], Loss: 0.7108
Epoch [20/30], Loss: 0.6630
Epoch [25/30], Loss: 0.6493
Epoch [30/30], Loss: 0.6370
Epoch [5/30], Loss: 0.9556
Epoch [10/30], Loss: 0.7657
Epoch [15/30], Loss: 0.6404
Epoch [20/30], Loss: 0.5919
Epoch [25/30], Loss: 0.5789
Epoch [30/30], Loss: 0.5668
Epoch [5/30], Loss: 1.0377
Epoch [10/30], Loss: 0.8433
Epoch [15/30], Loss: 0.7034
Epoch [20/30], Loss: 0.6575
Epoch [25/30], Loss: 0.6440
Epoch [30/30], Loss: 0.6308
Epoch [5/30], Loss: 1.0300
Epoch [10/30], Loss: 0.8101
Epoch [15/30], Loss: 0.6560
Epoch [20/30], Loss: 0.6043
Epoch [25/30], Loss: 0.5895
Epoch [30/30], Loss: 0.5763
Epoch [5/30], Loss: 0.9986
Epoch [10/30], Loss: 0.7829
Epoch [15/30], Loss: 0.6440
Epoch [20/30], Loss: 0.5924
Epoch [25/30], Loss: 0.5791
Epoch [30/30], Loss: 0.5669
[02:39:57]     [perm ckpt] resuming at 36/50
Epoch [5/30], Loss: 1.9297
Epoch [10/30], Loss: 1.7477
Epoch [15/30], Loss: 1.4940
Epoch [20/30], Loss: 1.4092
Epoch [25/30], Loss: 1.3828
Epoch [30/30], Loss: 1.3580
Epoch [5/30], Loss: 1.9248
Epoch [10/30], Loss: 1.7341
Epoch [15/30], Loss: 1.5017
Epoch [20/30], Loss: 1.4121
Epoch [25/30], Loss: 1.3869
Epoch [30/30], Loss: 1.3638
Epoch [5/30], Loss: 1.9093
Epoch [10/30], Loss: 1.7366
Epoch [15/30], Loss: 1.4974
Epoch [20/30], Loss: 1.4060
Epoch [25/30], Loss: 1.3796
Epoch [30/30], Loss: 1.3550
Epoch [5/30], Loss: 1.9297
Epoch [10/30], Loss: 1.7777
Epoch [15/30], Loss: 1.5709
Epoch [20/30], Loss: 1.4875
Epoch [25/30], Loss: 1.4632
Epoch [30/30], Loss: 1.4411
Epoch [5/30], Loss: 1.9044
Epoch [10/30], Loss: 1.7133
Epoch [15/30], Loss: 1.4522
Epoch [20/30], Loss: 1.3621
Epoch [25/30], Loss: 1.3348
Epoch [30/30], Loss: 1.3106
Epoch [5/30], Loss: 1.9297
Epoch [10/30], Loss: 1.7698
Epoch [15/30], Loss: 1.5465
Epoch [20/30], Loss: 1.4535
Epoch [25/30], Loss: 1.4284
Epoch [30/30], Loss: 1.4063
Epoch [5/30], Loss: 1.9324
Epoch [10/30], Loss: 1.7927
Epoch [15/30], Loss: 1.5843
Epoch [20/30], Loss: 1.5011
Epoch [25/30], Loss: 1.4753
Epoch [30/30], Loss: 1.4526
Epoch [5/30], Loss: 1.9404
Epoch [10/30], Loss: 1.8110
Epoch [15/30], Loss: 1.6135
Epoch [20/30], Loss: 1.5326
Epoch [25/30], Loss: 1.5086
Epoch [30/30], Loss: 1.4854
Epoch [5/30], Loss: 1.9508
Epoch [10/30], Loss: 1.8203
Epoch [15/30], Loss: 1.6221
Epoch [20/30], Loss: 1.5373
Epoch [25/30], Loss: 1.5134
Epoch [30/30], Loss: 1.4894
Epoch [5/30], Loss: 1.9391
Epoch [10/30], Loss: 1.8059
Epoch [15/30], Loss: 1.6139
Epoch [20/30], Loss: 1.5185
Epoch [25/30], Loss: 1.4925
Epoch [30/30], Loss: 1.4675
Epoch [5/30], Loss: 1.9063
Epoch [10/30], Loss: 1.7724
Epoch [15/30], Loss: 1.5637
Epoch [20/30], Loss: 1.4724
Epoch [25/30], Loss: 1.4474
Epoch [30/30], Loss: 1.4234
Epoch [5/30], Loss: 1.9312
Epoch [10/30], Loss: 1.7934
Epoch [15/30], Loss: 1.5888
Epoch [20/30], Loss: 1.5011
Epoch [25/30], Loss: 1.4769
Epoch [30/30], Loss: 1.4562
Epoch [5/30], Loss: 1.9366
Epoch [10/30], Loss: 1.7751
Epoch [15/30], Loss: 1.5441
Epoch [20/30], Loss: 1.4469
Epoch [25/30], Loss: 1.4217
Epoch [30/30], Loss: 1.3974
Epoch [5/30], Loss: 1.9428
Epoch [10/30], Loss: 1.7892
Epoch [15/30], Loss: 1.5511
Epoch [20/30], Loss: 1.4629
Epoch [25/30], Loss: 1.4371
Epoch [30/30], Loss: 1.4130
Epoch [5/30], Loss: 1.9360
Epoch [10/30], Loss: 1.7899
Epoch [15/30], Loss: 1.5729
Epoch [20/30], Loss: 1.4841
Epoch [25/30], Loss: 1.4579
Epoch [30/30], Loss: 1.4355
Epoch [5/30], Loss: 1.9266
Epoch [10/30], Loss: 1.7682
Epoch [15/30], Loss: 1.5490
Epoch [20/30], Loss: 1.4575
Epoch [25/30], Loss: 1.4312
Epoch [30/30], Loss: 1.4064
Epoch [5/30], Loss: 1.9439
Epoch [10/30], Loss: 1.7969
Epoch [15/30], Loss: 1.5773
Epoch [20/30], Loss: 1.4917
Epoch [25/30], Loss: 1.4662
Epoch [30/30], Loss: 1.4407
Epoch [5/30], Loss: 1.9420
Epoch [10/30], Loss: 1.8137
[02:40:24] === MHC_zh / A7_d8_ep30 (certified-dimension primary) ===
[02:40:26]   [ckpt] v3_MHC_zh_A7_d8_ep30
[02:40:26] === MHC_zh / C1 duplicate-stream at d8_ep30 ===
[02:40:27]   [ckpt] v3_MHC_zh_C1dup_d8_ep30
[02:40:27] === MHC_zh / C2 split-half at d8_ep30 ===
[02:40:28]   [ckpt] v3_MHC_zh_C2half_d8_ep30
[02:40:29] === MHC_zh / A7_d16_ep30 (certified-dimension primary) ===
[02:40:30]   [ckpt] v3_MHC_zh_A7_d16_ep30
[02:40:30] === MHC_zh / C1 duplicate-stream at d16_ep30 ===
[02:40:31]   [ckpt] v3_MHC_zh_C1dup_d16_ep30
[02:40:31] === MHC_zh / C2 split-half at d16_ep30 ===
[02:40:32]   [ckpt] v3_MHC_zh_C2half_d16_ep30
[02:40:34] === HateMM / A7_d8_ep30 (certified-dimension primary) ===
[02:40:35]   [ckpt] v3_HateMM_A7_d8_ep30
[02:40:35] === HateMM / C1 duplicate-stream at d8_ep30 ===
[02:40:37]   [ckpt] v3_HateMM_C1dup_d8_ep30
[02:40:37] === HateMM / C2 split-half at d8_ep30 ===
[02:40:37]   [ckpt] v3_HateMM_C2half_d8_ep30
[02:40:39] === HateMM / A7_d16_ep30 (certified-dimension primary) ===
Epoch [5/30], Loss: 0.9865
Epoch [10/30], Loss: 0.8214
Epoch [15/30], Loss: 0.7080
Epoch [20/30], Loss: 0.6540
Epoch [25/30], Loss: 0.6415
Epoch [30/30], Loss: 0.6300
R: 0.3385, U1: -0.0000, U2: 0.1830, S: 0.0716
Epoch [5/30], Loss: 1.0152
Epoch [10/30], Loss: 0.8429
Epoch [15/30], Loss: 0.7108
Epoch [20/30], Loss: 0.6630
Epoch [25/30], Loss: 0.6493
Epoch [30/30], Loss: 0.6370
Epoch [5/30], Loss: 0.9556
Epoch [10/30], Loss: 0.7657
Epoch [15/30], Loss: 0.6404
Epoch [20/30], Loss: 0.5919
Epoch [25/30], Loss: 0.5789
Epoch [30/30], Loss: 0.5668
Epoch [5/30], Loss: 1.0377
Epoch [10/30], Loss: 0.8433
Epoch [15/30], Loss: 0.7034
Epoch [20/30], Loss: 0.6575
Epoch [25/30], Loss: 0.6440
Epoch [30/30], Loss: 0.6308
Epoch [5/30], Loss: 1.0300
Epoch [10/30], Loss: 0.8101
Epoch [15/30], Loss: 0.6560
Epoch [20/30], Loss: 0.6043
Epoch [25/30], Loss: 0.5895
Epoch [30/30], Loss: 0.5763
Epoch [5/30], Loss: 0.9986
Epoch [10/30], Loss: 0.7829
Epoch [15/30], Loss: 0.6440
Epoch [20/30], Loss: 0.5924
Epoch [25/30], Loss: 0.5791
Epoch [30/30], Loss: 0.5669
[02:40:57]     [perm ckpt] resuming at 38/50
Epoch [5/30], Loss: 1.9366
Epoch [10/30], Loss: 1.7751
Epoch [15/30], Loss: 1.5441
Epoch [20/30], Loss: 1.4469
Epoch [25/30], Loss: 1.4217
Epoch [30/30], Loss: 1.3974
Epoch [5/30], Loss: 1.9428
Epoch [10/30], Loss: 1.7892
Epoch [15/30], Loss: 1.5511
Epoch [20/30], Loss: 1.4629
Epoch [25/30], Loss: 1.4371
Epoch [30/30], Loss: 1.4130
Epoch [5/30], Loss: 1.9360
Epoch [10/30], Loss: 1.7899
Epoch [15/30], Loss: 1.5729
Epoch [20/30], Loss: 1.4841
Epoch [25/30], Loss: 1.4579
Epoch [30/30], Loss: 1.4355
Epoch [5/30], Loss: 1.9266
Epoch [10/30], Loss: 1.7682
Epoch [15/30], Loss: 1.5490
Epoch [20/30], Loss: 1.4575
Epoch [25/30], Loss: 1.4312
Epoch [30/30], Loss: 1.4064
Epoch [5/30], Loss: 1.9439
Epoch [10/30], Loss: 1.7969
Epoch [15/30], Loss: 1.5773
Epoch [20/30], Loss: 1.4917
Epoch [25/30], Loss: 1.4662
Epoch [30/30], Loss: 1.4407
Epoch [5/30], Loss: 1.9420
Epoch [10/30], Loss: 1.8137
Epoch [15/30], Loss: 1.6139
Epoch [20/30], Loss: 1.5280
Epoch [25/30], Loss: 1.5048
Epoch [30/30], Loss: 1.4822
Epoch [5/30], Loss: 1.9208
Epoch [10/30], Loss: 1.7706
Epoch [15/30], Loss: 1.5778
Epoch [20/30], Loss: 1.4982
Epoch [25/30], Loss: 1.4758
Epoch [30/30], Loss: 1.4547
Epoch [5/30], Loss: 1.9310
Epoch [10/30], Loss: 1.7870
Epoch [15/30], Loss: 1.5934
Epoch [20/30], Loss: 1.5119
Epoch [25/30], Loss: 1.4886
Epoch [30/30], Loss: 1.4677
Epoch [5/30], Loss: 1.9490
Epoch [10/30], Loss: 1.8053
Epoch [15/30], Loss: 1.5824
Epoch [20/30], Loss: 1.4936
Epoch [25/30], Loss: 1.4687
Epoch [30/30], Loss: 1.4460
Epoch [5/30], Loss: 1.9378
Epoch [10/30], Loss: 1.7933
Epoch [15/30], Loss: 1.6038
Epoch [20/30], Loss: 1.5247
Epoch [25/30], Loss: 1.5026
Epoch [30/30], Loss: 1.4807
Epoch [5/30], Loss: 1.9422
Epoch [10/30], Loss: 1.7853
Epoch [15/30], Loss: 1.5844
Epoch [20/30], Loss: 1.4946
Epoch [25/30], Loss: 1.4716
Epoch [30/30], Loss: 1.4484
Epoch [5/30], Loss: 1.9505
Epoch [10/30], Loss: 1.8165
Epoch [15/30], Loss: 1.6204
Epoch [20/30], Loss: 1.5355
Epoch [25/30], Loss: 1.5127
Epoch [30/30], Loss: 1.4923
[02:41:11]     perm 40/50
Epoch [5/30], Loss: 1.9138
Epoch [10/30], Loss: 1.7827
Epoch [15/30], Loss: 1.5736
Epoch [20/30], Loss: 1.4886
Epoch [25/30], Loss: 1.4634
Epoch [30/30], Loss: 1.4402
Epoch [5/30], Loss: 1.9427
Epoch [10/30], Loss: 1.7675
Epoch [15/30], Loss: 1.5162
Epoch [20/30], Loss: 1.4188
Epoch [25/30], Loss: 1.3928
Epoch [30/30], Loss: 1.3660
Epoch [5/30], Loss: 1.9258
Epoch [10/30], Loss: 1.7513
Epoch [15/30], Loss: 1.5091
Epoch [20/30], Loss: 1.4228
Epoch [25/30], Loss: 1.3977
Epoch [30/30], Loss: 1.3728
Epoch [5/30], Loss: 1.9163
Epoch [10/30], Loss: 1.7502
Epoch [15/30], Loss: 1.5143
Epoch [20/30], Loss: 1.4255
Epoch [25/30], Loss: 1.3998
Epoch [30/30], Loss: 1.3749
Epoch [5/30], Loss: 1.9124
Epoch [10/30], Loss: 1.7298
Epoch [15/30], Loss: 1.4889
Epoch [20/30], Loss: 1.3937
Epoch [25/30], Loss: 1.3668
Epoch [30/30], Loss: 1.3416
Epoch [5/30], Loss: 1.9347
Epoch [10/30], Loss: 1.7687
Epoch [15/30], Loss: 1.5355
Epoch [20/30], Loss: 1.4372
Epoch [25/30], Loss: 1.4103
Epoch [30/30], Loss: 1.3873
Epoch [5/30], Loss: 1.9376
Epoch [10/30], Loss: 1.7792
Epoch [15/30], Loss: 1.5595
Epoch [20/30], Loss: 1.4709
Epoch [25/30], Loss: 1.4458
Epoch [30/30], Loss: 1.4224
Epoch [5/30], Loss: 1.9220
Epoch [10/30], Loss: 1.7838
Epoch [15/30], Loss: 1.5831
Epoch [20/30], Loss: 1.5028
Epoch [25/30], Loss: 1.4783
Epoch [30/30], Loss: 1.4553
Epoch [5/30], Loss: 1.8874
Epoch [10/30], Loss: 1.7286
Epoch [15/30], Loss: 1.5177
Epoch [20/30], Loss: 1.4304
Epoch [25/30], Loss: 1.4065
Epoch [30/30], Loss: 1.3827
Epoch [5/30], Loss: 1.9482
Epoch [10/30], Loss: 1.7885
Epoch [15/30], Loss: 1.5674
Epoch [20/30], Loss: 1.4695
Epoch [25/30], Loss: 1.4426
Epoch [30/30], Loss: 1.4181
Epoch [5/30], Loss: 1.9057
Epoch [10/30], Loss: 1.7149
Epoch [15/30], Loss: 1.4838
Epoch [20/30], Loss: 1.3963
Epoch [25/30], Loss: 1.3712
Epoch [30/30], Loss: 1.3478
Epoch [5/30], Loss: 1.9293
Epoch [10/30], Loss: 1.7845
Epoch [15/30], Loss: 1.6079
Epoch [20/30], Loss: 1.5091
Epoch [25/30], Loss: 1.4851
Epoch [30/30], Loss: 1.4631
Epoch [5/30], Loss: 1.9096
Epoch [10/30], Loss: 1.7472
Epoch [15/30], Loss: 1.5125
Epoch [20/30], Loss: 1.4224
Epoch [25/30], Loss: 1.3956
Epoch [30/30], Loss: 1.3696
Epoch [5/30], Loss: 1.9327
Epoch [10/30], Loss: 1.7635
Epoch [15/30], Loss: 1.5135
Epoch [20/30], Loss: 1.4255
Epoch [25/30], Loss: 1.3980
Epoch [30/30], Loss: 1.3745
Epoch [5/30], Loss: 1.9358
Epoch [10/30], Loss: 1.7573
Epoch [15/30], Loss: 1.5017
Epoch [20/30], Loss: 1.4043
Epoch [25/30], Loss: 1.3767
Epoch [30/30], Loss: 1.3506
Epoch [5/30], Loss: 1.9319
Epoch [10/30], Loss: 1.7874
Epoch [15/30], Loss: 1.5527
Epoch [20/30], Loss: 1.4709
Epoch [25/30], Loss: 1.4450
Epoch [30/30], Loss: 1.4214
Epoch [5/30], Loss: 1.9352
Epoch [10/30], Loss: 1.7720
Epoch [15/30], Loss: 1.5517
Epoch [20/30], Loss: 1.4657
Epoch [25/30], Loss: 1.4409
Epoch [30/30], Loss: 1.4181
Epoch [5/30], Loss: 1.9260
Epoch [10/30], Loss: 1.7692
Epoch [15/30], Loss: 1.5221
Epoch [20/30], Loss: 1.4250
Epoch [25/30], Loss: 1.3988
Epoch [30/30], Loss: 1.3760
Epoch [5/30], Loss: 1.9314
Epoch [10/30], Loss: 1.7954
Epoch [15/30], Loss: 1.5999
Epoch [20/30], Loss: 1.5191
Epoch [25/30], Loss: 1.4958
Epoch [30/30], Loss: 1.4751
Epoch [5/30], Loss: 1.9639
Epoch [10/30], Loss: 1.8129
Epoch [15/30], Loss: 1.5763
[02:41:41] === MHC_zh / A7_d8_ep30 (certified-dimension primary) ===
[02:41:42]   [ckpt] v3_MHC_zh_A7_d8_ep30
[02:41:42] === MHC_zh / C1 duplicate-stream at d8_ep30 ===
[02:41:43]   [ckpt] v3_MHC_zh_C1dup_d8_ep30
[02:41:43] === MHC_zh / C2 split-half at d8_ep30 ===
[02:41:44]   [ckpt] v3_MHC_zh_C2half_d8_ep30
[02:41:45] === MHC_zh / A7_d16_ep30 (certified-dimension primary) ===
[02:41:46]   [ckpt] v3_MHC_zh_A7_d16_ep30
[02:41:46] === MHC_zh / C1 duplicate-stream at d16_ep30 ===
[02:41:48]   [ckpt] v3_MHC_zh_C1dup_d16_ep30
[02:41:48] === MHC_zh / C2 split-half at d16_ep30 ===
[02:41:48]   [ckpt] v3_MHC_zh_C2half_d16_ep30
[02:41:50] === HateMM / A7_d8_ep30 (certified-dimension primary) ===
[02:41:52]   [ckpt] v3_HateMM_A7_d8_ep30
[02:41:52] === HateMM / C1 duplicate-stream at d8_ep30 ===
[02:41:53]   [ckpt] v3_HateMM_C1dup_d8_ep30
[02:41:53] === HateMM / C2 split-half at d8_ep30 ===
[02:41:54]   [ckpt] v3_HateMM_C2half_d8_ep30
[02:41:56] === HateMM / A7_d16_ep30 (certified-dimension primary) ===
Epoch [5/30], Loss: 0.9865
Epoch [10/30], Loss: 0.8214
Epoch [15/30], Loss: 0.7080
Epoch [20/30], Loss: 0.6540
Epoch [25/30], Loss: 0.6415
Epoch [30/30], Loss: 0.6300
R: 0.3385, U1: -0.0000, U2: 0.1830, S: 0.0716
Epoch [5/30], Loss: 1.0152
Epoch [10/30], Loss: 0.8429
Epoch [15/30], Loss: 0.7108
Epoch [20/30], Loss: 0.6630
Epoch [25/30], Loss: 0.6493
Epoch [30/30], Loss: 0.6370
Epoch [5/30], Loss: 0.9556
Epoch [10/30], Loss: 0.7657
Epoch [15/30], Loss: 0.6404
Epoch [20/30], Loss: 0.5919
Epoch [25/30], Loss: 0.5789
Epoch [30/30], Loss: 0.5668
Epoch [5/30], Loss: 1.0377
Epoch [10/30], Loss: 0.8433
Epoch [15/30], Loss: 0.7034
Epoch [20/30], Loss: 0.6575
Epoch [25/30], Loss: 0.6440
Epoch [30/30], Loss: 0.6308
Epoch [5/30], Loss: 1.0300
Epoch [10/30], Loss: 0.8101
Epoch [15/30], Loss: 0.6560
Epoch [20/30], Loss: 0.6043
Epoch [25/30], Loss: 0.5895
Epoch [30/30], Loss: 0.5763
Epoch [5/30], Loss: 0.9986
Epoch [10/30], Loss: 0.7829
Epoch [15/30], Loss: 0.6440
Epoch [20/30], Loss: 0.5924
Epoch [25/30], Loss: 0.5791
Epoch [30/30], Loss: 0.5669
[02:42:13]     [perm ckpt] resuming at 43/50
Epoch [5/30], Loss: 1.9314
Epoch [10/30], Loss: 1.7954
Epoch [15/30], Loss: 1.5999
Epoch [20/30], Loss: 1.5191
Epoch [25/30], Loss: 1.4958
Epoch [30/30], Loss: 1.4751
Epoch [5/30], Loss: 1.9639
Epoch [10/30], Loss: 1.8129
Epoch [15/30], Loss: 1.5763
Epoch [20/30], Loss: 1.4816
Epoch [25/30], Loss: 1.4554
Epoch [30/30], Loss: 1.4314
Epoch [5/30], Loss: 1.9482
Epoch [10/30], Loss: 1.8026
Epoch [15/30], Loss: 1.5763
Epoch [20/30], Loss: 1.4754
Epoch [25/30], Loss: 1.4491
Epoch [30/30], Loss: 1.4254
Epoch [5/30], Loss: 1.9116
Epoch [10/30], Loss: 1.7568
Epoch [15/30], Loss: 1.5171
Epoch [20/30], Loss: 1.4229
Epoch [25/30], Loss: 1.3964
Epoch [30/30], Loss: 1.3711
Epoch [5/30], Loss: 1.9556
Epoch [10/30], Loss: 1.8264
Epoch [15/30], Loss: 1.5996
Epoch [20/30], Loss: 1.5101
Epoch [25/30], Loss: 1.4840
Epoch [30/30], Loss: 1.4603
Epoch [5/30], Loss: 1.9494
Epoch [10/30], Loss: 1.8092
Epoch [15/30], Loss: 1.6083
Epoch [20/30], Loss: 1.5194
Epoch [25/30], Loss: 1.4946
Epoch [30/30], Loss: 1.4712
Epoch [5/30], Loss: 1.9536
Epoch [10/30], Loss: 1.8018
Epoch [15/30], Loss: 1.6040
Epoch [20/30], Loss: 1.5234
Epoch [25/30], Loss: 1.4995
Epoch [30/30], Loss: 1.4771
Epoch [5/30], Loss: 1.9157
Epoch [10/30], Loss: 1.7433
Epoch [15/30], Loss: 1.5115
Epoch [20/30], Loss: 1.4198
Epoch [25/30], Loss: 1.3920
Epoch [30/30], Loss: 1.3679
Epoch [5/30], Loss: 1.9164
Epoch [10/30], Loss: 1.7434
Epoch [15/30], Loss: 1.4926
Epoch [20/30], Loss: 1.4025
Epoch [25/30], Loss: 1.3766
Epoch [30/30], Loss: 1.3523
Epoch [5/30], Loss: 1.9104
Epoch [10/30], Loss: 1.7377
Epoch [15/30], Loss: 1.4966
Epoch [20/30], Loss: 1.4025
Epoch [25/30], Loss: 1.3769
Epoch [30/30], Loss: 1.3533
Epoch [5/30], Loss: 1.9533
Epoch [10/30], Loss: 1.8033
Epoch [15/30], Loss: 1.5875
Epoch [20/30], Loss: 1.4916
Epoch [25/30], Loss: 1.4687
Epoch [30/30], Loss: 1.4444
Epoch [5/30], Loss: 1.9341
Epoch [10/30], Loss: 1.7833
Epoch [15/30], Loss: 1.5674
Epoch [20/30], Loss: 1.4668
Epoch [25/30], Loss: 1.4397
Epoch [30/30], Loss: 1.4149
Epoch [5/30], Loss: 1.9159
Epoch [10/30], Loss: 1.7663
Epoch [15/30], Loss: 1.5459
Epoch [20/30], Loss: 1.4654
Epoch [25/30], Loss: 1.4413
Epoch [30/30], Loss: 1.4186
Epoch [5/30], Loss: 1.9295
Epoch [10/30], Loss: 1.7222
Epoch [15/30], Loss: 1.4516
Epoch [20/30], Loss: 1.3597
Epoch [25/30], Loss: 1.3336
Epoch [30/30], Loss: 1.3093
Epoch [5/30], Loss: 1.9085
Epoch [10/30], Loss: 1.7502
Epoch [15/30], Loss: 1.5406
Epoch [20/30], Loss: 1.4499
Epoch [25/30], Loss: 1.4249
Epoch [30/30], Loss: 1.4018
Epoch [5/30], Loss: 1.9024
Epoch [10/30], Loss: 1.7086
Epoch [15/30], Loss: 1.4781
Epoch [20/30], Loss: 1.3885
Epoch [25/30], Loss: 1.3649
Epoch [30/30], Loss: 1.3420
Epoch [5/30], Loss: 1.9244
Epoch [10/30], Loss: 1.7523
Epoch [15/30], Loss: 1.5218
Epoch [20/30], Loss: 1.4410
Epoch [25/30], Loss: 1.4162
Epoch [30/30], Loss: 1.3938
Epoch [5/30], Loss: 1.9245
Epoch [10/30], Loss: 1.7696
Epoch [15/30], Loss: 1.5566
Epoch [20/30], Loss: 1.4727
Epoch [25/30], Loss: 1.4489
Epoch [30/30], Loss: 1.4256
Epoch [5/30], Loss: 1.9657
Epoch [10/30], Loss: 1.8232
Epoch [15/30], Loss: 1.5893
Epoch [20/30], Loss: 1.4921
Epoch [25/30], Loss: 1.4647
Epoch [30/30], Loss: 1.4399
Epoch [5/30], Loss: 1.9425
Epoch [10/30], Loss: 1.8102
Epoch [15/30], Loss: 1.6147
Epoch [20/30], Loss: 1.5388
Epoch [25/30], Loss: 1.5151
Epoch [30/30], Loss: 1.4936
Epoch [5/30], Loss: 1.9204
Epoch [10/30], Loss: 1.7491
Epoch [15/30], Loss: 1.5105
Epoch [20/30], Loss: 1.4279
Epoch [25/30], Loss: 1.4036
Epoch [30/30], Loss: 1.3804
Epoch [5/30], Loss: 1.9487
Epoch [10/30], Loss: 1.8053
Epoch [15/30], Loss: 1.5756
Epoch [20/30], Loss: 1.4822
Epoch [25/30], Loss: 1.4540
Epoch [30/30], Loss: 1.4286
Epoch [5/30], Loss: 1.9256
Epoch [10/30], Loss: 1.7612
Epoch [15/30], Loss: 1.5390
Epoch [20/30], Loss: 1.4575
Epoch [25/30], Loss: 1.4326
Epoch [30/30], Loss: 1.4091
Epoch [5/30], Loss: 1.9306
Epoch [10/30], Loss: 1.7852
Epoch [15/30], Loss: 1.5729
Epoch [20/30], Loss: 1.4815
Epoch [25/30], Loss: 1.4572
Epoch [30/30], Loss: 1.4353
Epoch [5/30], Loss: 1.9394
Epoch [10/30], Loss: 1.7965
Epoch [15/30], Loss: 1.5718
Epoch [20/30], Loss: 1.4906
Epoch [25/30], Loss: 1.4655
Epoch [30/30], Loss: 1.4417
Epoch [5/30], Loss: 1.9029
Epoch [10/30], Loss: 1.7190
Epoch [15/30], Loss: 1.4763
Epoch [20/30], Loss: 1.3880
Epoch [25/30], Loss: 1.3624
Epoch [30/30], Loss: 1.3393
Epoch [5/30], Loss: 1.9437
Epoch [10/30], Loss: 1.7727
Epoch [15/30], Loss: 1.5296
Epoch [20/30], Loss: 1.4364
Epoch [25/30], Loss: 1.4102
Epoch [30/30], Loss: 1.3876
Epoch [5/30], Loss: 1.9150
Epoch [10/30], Loss: 1.7491
Epoch [15/30], Loss: 1.5088
Epoch [20/30], Loss: 1.4144
Epoch [25/30], Loss: 1.3878
Epoch [30/30], Loss: 1.3630
Epoch [5/30], Loss: 1.9103
Epoch [10/30], Loss: 1.7430
Epoch [15/30], Loss: 1.5168
Epoch [20/30], Loss: 1.4275
Epoch [25/30], Loss: 1.4034
Epoch [30/30], Loss: 1.3806
Epoch [5/30], Loss: 1.9325
Epoch [10/30], Loss: 1.7816
Epoch [15/30], Loss: 1.5684
Epoch [20/30], Loss: 1.4618
Epoch [25/30], Loss: 1.4370
Epoch [30/30], Loss: 1.4129
Epoch [5/30], Loss: 1.9232
Epoch [10/30], Loss: 1.7624
Epoch [15/30], Loss: 1.5354
Epoch [20/30], Loss: 1.4503
Epoch [25/30], Loss: 1.4231
Epoch [30/30], Loss: 1.3989
Epoch [5/30], Loss: 1.9261
Epoch [10/30], Loss: 1.7527
Epoch [15/30], Loss: 1.5020
Epoch [20/30], Loss: 1.4047
Epoch [25/30], Loss: 1.3777
Epoch [30/30], Loss: 1.3517
Epoch [5/30], Loss: 1.9288
Epoch [10/30], Loss: 1.7662
Epoch [15/30], Loss: 1.5211
Epoch [20/30], Loss: 1.4356
Epoch [25/30], Loss: 1.4086
Epoch [30/30], Loss: 1.3844
Epoch [5/30], Loss: 1.9285
Epoch [10/30], Loss: 1.7719
Epoch [15/30], Loss: 1.5168
Epoch [20/30], Loss: 1.4227
Epoch [25/30], Loss: 1.3950
Epoch [30/30], Loss: 1.3690
Epoch [5/30], Loss: 1.9315
Epoch [10/30], Loss: 1.7615
Epoch [15/30], Loss: 1.5339
Epoch [20/30], Loss: 1.4444
Epoch [25/30], Loss: 1.4187
Epoch [30/30], Loss: 1.3945
Epoch [5/30], Loss: 1.9291
Epoch [10/30], Loss: 1.7678
Epoch [15/30], Loss: 1.5595
Epoch [20/30], Loss: 1.4585
Epoch [25/30], Loss: 1.4342
Epoch [30/30], Loss: 1.4119
Epoch [5/30], Loss: 1.8827
Epoch [10/30], Loss: 1.6980
Epoch [15/30], Loss: 1.4827
Epoch [20/30], Loss: 1.3973
Epoch [25/30], Loss: 1.3722
Epoch [30/30], Loss: 1.3491
Epoch [5/30], Loss: 1.8743
Epoch [10/30], Loss: 1.7032
Epoch [15/30], Loss: 1.4854
Epoch [20/30], Loss: 1.4049
Epoch [25/30], Loss: 1.3814
Epoch [30/30], Loss: 1.3577
Epoch [5/30], Loss: 1.9291
Epoch [10/30], Loss: 1.7616
Epoch [15/30], Loss: 1.5313
Epoch [20/30], Loss: 1.4482
Epoch [25/30], Loss: 1.4221
Epoch [30/30], Loss: 1.3972
Epoch [5/30], Loss: 1.9056
Epoch [10/30], Loss: 1.7358
Epoch [15/30], Loss: 1.4963
Epoch [20/30], Loss: 1.4101
Epoch [25/30], Loss: 1.3837
Epoch [30/30], Loss: 1.3589
Epoch [5/30], Loss: 1.9183
Epoch [10/30], Loss: 1.7611
Epoch [15/30], Loss: 1.5340
Epoch [20/30], Loss: 1.4459
Epoch [25/30], Loss: 1.4198
Epoch [30/30], Loss: 1.3953
Epoch [5/30], Loss: 1.8971
Epoch [10/30], Loss: 1.7303
Epoch [15/30], Loss: 1.4967
Epoch [20/30], Loss: 1.4097
Epoch [25/30], Loss: 1.3850
Epoch [30/30], Loss: 1.3602
[02:43:02]     perm 50/50
[02:43:02]   [done] v3_HateMM_A7_d16_ep30 64.5s  CF: S=-0.0802 I12=0.2819 share=-0.2845387555838922 accs=0.763/0.884/0.867
[02:43:02] === HateMM / C1 duplicate-stream at d16_ep30 ===
Epoch [5/30], Loss: 1.3571
Epoch [10/30], Loss: 1.2186
Epoch [15/30], Loss: 1.1118
Epoch [20/30], Loss: 1.0515
Epoch [25/30], Loss: 1.0382
Epoch [30/30], Loss: 1.0266
Epoch [5/30], Loss: 1.3713
Epoch [10/30], Loss: 1.2161
Epoch [15/30], Loss: 1.0856
Epoch [20/30], Loss: 1.0217
Epoch [25/30], Loss: 1.0065
Epoch [30/30], Loss: 0.9929
Epoch [5/30], Loss: 1.3016
Epoch [10/30], Loss: 1.1349
Epoch [15/30], Loss: 1.0091
Epoch [20/30], Loss: 0.9542
Epoch [25/30], Loss: 0.9405
Epoch [30/30], Loss: 0.9288
Epoch [5/30], Loss: 1.4217
Epoch [10/30], Loss: 1.2588
Epoch [15/30], Loss: 1.1357
Epoch [20/30], Loss: 1.0841
Epoch [25/30], Loss: 1.0704
Epoch [30/30], Loss: 1.0582
Epoch [5/30], Loss: 1.4018
Epoch [10/30], Loss: 1.2131
Epoch [15/30], Loss: 1.0663
Epoch [20/30], Loss: 1.0148
Epoch [25/30], Loss: 0.9999
Epoch [30/30], Loss: 0.9869
Epoch [5/30], Loss: 1.3362
Epoch [10/30], Loss: 1.1673
Epoch [15/30], Loss: 1.0284
Epoch [20/30], Loss: 0.9685
Epoch [25/30], Loss: 0.9541
Epoch [30/30], Loss: 0.9412
[02:43:18]   [done] v3_HateMM_C1dup_d16_ep30 14.7s  CF: S=0.0000 I12=0.1511 share=1.5797960540340347e-17 accs=0.763/0.767/0.757
[02:43:18] === HateMM / C2 split-half at d16_ep30 ===
Epoch [5/30], Loss: 1.3483
Epoch [10/30], Loss: 1.2011
Epoch [15/30], Loss: 1.0883
Epoch [20/30], Loss: 1.0238
Epoch [25/30], Loss: 1.0098
Epoch [30/30], Loss: 0.9968
Epoch [5/30], Loss: 1.3920
Epoch [10/30], Loss: 1.2307
Epoch [15/30], Loss: 1.0895
Epoch [20/30], Loss: 1.0290
Epoch [25/30], Loss: 1.0134
Epoch [30/30], Loss: 0.9990
Epoch [5/30], Loss: 1.3020
Epoch [10/30], Loss: 1.1409
Epoch [15/30], Loss: 1.0044
Epoch [20/30], Loss: 0.9457
Epoch [25/30], Loss: 0.9308
Epoch [30/30], Loss: 0.9178
Epoch [5/30], Loss: 1.4185
Epoch [10/30], Loss: 1.2401
Epoch [15/30], Loss: 1.0919
Epoch [20/30], Loss: 1.0358
Epoch [25/30], Loss: 1.0196
Epoch [30/30], Loss: 1.0045
Epoch [5/30], Loss: 1.4150
Epoch [10/30], Loss: 1.2347
Epoch [15/30], Loss: 1.0772
Epoch [20/30], Loss: 1.0231
Epoch [25/30], Loss: 1.0059
Epoch [30/30], Loss: 0.9907
Epoch [5/30], Loss: 1.3398
Epoch [10/30], Loss: 1.1735
Epoch [15/30], Loss: 1.0211
Epoch [20/30], Loss: 0.9602
Epoch [25/30], Loss: 0.9444
Epoch [30/30], Loss: 0.9302
[02:43:33]   [done] v3_HateMM_C2half_d16_ep30 14.6s  CF: S=0.0000 I12=0.1377 share=1.2133992855802757e-16 accs=0.777/0.766/0.772
[02:43:35] === MHC_en / A7_d8_ep30 (certified-dimension primary) ===
Epoch [5/30], Loss: 1.4399
Epoch [10/30], Loss: 1.3140
Epoch [15/30], Loss: 1.2154
Epoch [20/30], Loss: 1.1831
Epoch [25/30], Loss: 1.1730
Epoch [30/30], Loss: 1.1633
R: 0.1862, U1: -0.0000, U2: 0.1442, S: 0.0713
Epoch [5/30], Loss: 1.5077
Epoch [10/30], Loss: 1.3070
Epoch [15/30], Loss: 1.1921
Epoch [20/30], Loss: 1.1533
Epoch [25/30], Loss: 1.1418
Epoch [30/30], Loss: 1.1317
Epoch [5/30], Loss: 1.4361
Epoch [10/30], Loss: 1.2718
Epoch [15/30], Loss: 1.1575
Epoch [20/30], Loss: 1.1218
Epoch [25/30], Loss: 1.1105
Epoch [30/30], Loss: 1.1006
Epoch [5/30], Loss: 1.5158
Epoch [10/30], Loss: 1.3533
Epoch [15/30], Loss: 1.2574
Epoch [20/30], Loss: 1.2237
Epoch [25/30], Loss: 1.2140
Epoch [30/30], Loss: 1.2049
Epoch [5/30], Loss: 1.5244
Epoch [10/30], Loss: 1.3521
Epoch [15/30], Loss: 1.2481
Epoch [20/30], Loss: 1.2139
Epoch [25/30], Loss: 1.2025
Epoch [30/30], Loss: 1.1924
Epoch [5/30], Loss: 1.4841
Epoch [10/30], Loss: 1.2902
Epoch [15/30], Loss: 1.1899
Epoch [20/30], Loss: 1.1569
Epoch [25/30], Loss: 1.1474
Epoch [30/30], Loss: 1.1384
Epoch [5/30], Loss: 1.7773
Epoch [10/30], Loss: 1.6883
Epoch [15/30], Loss: 1.5810
Epoch [20/30], Loss: 1.5428
Epoch [25/30], Loss: 1.5305
Epoch [30/30], Loss: 1.5192
Epoch [5/30], Loss: 1.8086
Epoch [10/30], Loss: 1.7405
Epoch [15/30], Loss: 1.6348
Epoch [20/30], Loss: 1.5892
Epoch [25/30], Loss: 1.5765
Epoch [30/30], Loss: 1.5650
Epoch [5/30], Loss: 1.7690
Epoch [10/30], Loss: 1.6921
Epoch [15/30], Loss: 1.6006
Epoch [20/30], Loss: 1.5614
Epoch [25/30], Loss: 1.5494
Epoch [30/30], Loss: 1.5380
Epoch [5/30], Loss: 1.7751
Epoch [10/30], Loss: 1.7109
Epoch [15/30], Loss: 1.6276
Epoch [20/30], Loss: 1.5940
Epoch [25/30], Loss: 1.5842
Epoch [30/30], Loss: 1.5743
Epoch [5/30], Loss: 1.8097
Epoch [10/30], Loss: 1.7332
Epoch [15/30], Loss: 1.6409
Epoch [20/30], Loss: 1.5992
Epoch [25/30], Loss: 1.5879
Epoch [30/30], Loss: 1.5771
Epoch [5/30], Loss: 1.8018
Epoch [10/30], Loss: 1.7445
Epoch [15/30], Loss: 1.6670
Epoch [20/30], Loss: 1.6286
Epoch [25/30], Loss: 1.6181
Epoch [30/30], Loss: 1.6083
Epoch [5/30], Loss: 1.8082
Epoch [10/30], Loss: 1.7301
Epoch [15/30], Loss: 1.6334
Epoch [20/30], Loss: 1.5917
Epoch [25/30], Loss: 1.5794
Epoch [30/30], Loss: 1.5679
Epoch [5/30], Loss: 1.8374
Epoch [10/30], Loss: 1.7699
Epoch [15/30], Loss: 1.6757
Epoch [20/30], Loss: 1.6422
Epoch [25/30], Loss: 1.6310
Epoch [30/30], Loss: 1.6201
Epoch [5/30], Loss: 1.7393
Epoch [10/30], Loss: 1.6651
Epoch [15/30], Loss: 1.5579
Epoch [20/30], Loss: 1.5212
Epoch [25/30], Loss: 1.5078
Epoch [30/30], Loss: 1.4947
Epoch [5/30], Loss: 1.7735
Epoch [10/30], Loss: 1.6947
Epoch [15/30], Loss: 1.5890
Epoch [20/30], Loss: 1.5469
Epoch [25/30], Loss: 1.5348
Epoch [30/30], Loss: 1.5234
Epoch [5/30], Loss: 1.8301
Epoch [10/30], Loss: 1.7700
Epoch [15/30], Loss: 1.6906
Epoch [20/30], Loss: 1.6597
Epoch [25/30], Loss: 1.6498
Epoch [30/30], Loss: 1.6405
Epoch [5/30], Loss: 1.8127
Epoch [10/30], Loss: 1.7544
Epoch [15/30], Loss: 1.6741
Epoch [20/30], Loss: 1.6336
Epoch [25/30], Loss: 1.6231
Epoch [30/30], Loss: 1.6131
Epoch [5/30], Loss: 1.7809
Epoch [10/30], Loss: 1.6995
Epoch [15/30], Loss: 1.6038
Epoch [20/30], Loss: 1.5702
Epoch [25/30], Loss: 1.5601
Epoch [30/30], Loss: 1.5504
Epoch [5/30], Loss: 1.7963
Epoch [10/30], Loss: 1.7220
Epoch [15/30], Loss: 1.6264
Epoch [20/30], Loss: 1.5909
Epoch [25/30], Loss: 1.5801
Epoch [30/30], Loss: 1.5683
Epoch [5/30], Loss: 1.8223
Epoch [10/30], Loss: 1.7561
Epoch [15/30], Loss: 1.6846
Epoch [20/30], Loss: 1.6509
Epoch [25/30], Loss: 1.6418
Epoch [30/30], Loss: 1.6333
Epoch [5/30], Loss: 1.7535
Epoch [10/30], Loss: 1.6886
Epoch [15/30], Loss: 1.5971
Epoch [20/30], Loss: 1.5569
Epoch [25/30], Loss: 1.5463
Epoch [30/30], Loss: 1.5364
Epoch [5/30], Loss: 1.7906
Epoch [10/30], Loss: 1.7360
Epoch [15/30], Loss: 1.6559
Epoch [20/30], Loss: 1.6229
Epoch [25/30], Loss: 1.6126
Epoch [30/30], Loss: 1.6029
Epoch [5/30], Loss: 1.8018
Epoch [10/30], Loss: 1.7379
Epoch [15/30], Loss: 1.6652
Epoch [20/30], Loss: 1.6303
Epoch [25/30], Loss: 1.6211
Epoch [30/30], Loss: 1.6121
Epoch [5/30], Loss: 1.7614
Epoch [10/30], Loss: 1.6822
Epoch [15/30], Loss: 1.5840
Epoch [20/30], Loss: 1.5435
Epoch [25/30], Loss: 1.5308
Epoch [30/30], Loss: 1.5189
Epoch [5/30], Loss: 1.7994
Epoch [10/30], Loss: 1.7231
Epoch [15/30], Loss: 1.6216
Epoch [20/30], Loss: 1.5795
Epoch [25/30], Loss: 1.5674
Epoch [30/30], Loss: 1.5559
Epoch [5/30], Loss: 1.7675
Epoch [10/30], Loss: 1.6762
Epoch [15/30], Loss: 1.5574
Epoch [20/30], Loss: 1.5154
Epoch [25/30], Loss: 1.5025
Epoch [30/30], Loss: 1.4904
Epoch [5/30], Loss: 1.7684
Epoch [10/30], Loss: 1.6865
Epoch [15/30], Loss: 1.5736
Epoch [20/30], Loss: 1.5274
Epoch [25/30], Loss: 1.5139
Epoch [30/30], Loss: 1.5012
Epoch [5/30], Loss: 1.7543
Epoch [10/30], Loss: 1.6567
Epoch [15/30], Loss: 1.5308
Epoch [20/30], Loss: 1.4793
[02:44:12] === MHC_zh / A7_d8_ep30 (certified-dimension primary) ===
[02:44:13]   [ckpt] v3_MHC_zh_A7_d8_ep30
[02:44:13] === MHC_zh / C1 duplicate-stream at d8_ep30 ===
[02:44:15]   [ckpt] v3_MHC_zh_C1dup_d8_ep30
[02:44:15] === MHC_zh / C2 split-half at d8_ep30 ===
[02:44:16]   [ckpt] v3_MHC_zh_C2half_d8_ep30
[02:44:17] === MHC_zh / A7_d16_ep30 (certified-dimension primary) ===
[02:44:18]   [ckpt] v3_MHC_zh_A7_d16_ep30
[02:44:18] === MHC_zh / C1 duplicate-stream at d16_ep30 ===
[02:44:19]   [ckpt] v3_MHC_zh_C1dup_d16_ep30
[02:44:19] === MHC_zh / C2 split-half at d16_ep30 ===
[02:44:20]   [ckpt] v3_MHC_zh_C2half_d16_ep30
[02:44:21] === HateMM / A7_d8_ep30 (certified-dimension primary) ===
[02:44:23]   [ckpt] v3_HateMM_A7_d8_ep30
[02:44:23] === HateMM / C1 duplicate-stream at d8_ep30 ===
[02:44:24]   [ckpt] v3_HateMM_C1dup_d8_ep30
[02:44:24] === HateMM / C2 split-half at d8_ep30 ===
[02:44:25]   [ckpt] v3_HateMM_C2half_d8_ep30
[02:44:27] === HateMM / A7_d16_ep30 (certified-dimension primary) ===
[02:44:28]   [ckpt] v3_HateMM_A7_d16_ep30
[02:44:28] === HateMM / C1 duplicate-stream at d16_ep30 ===
[02:44:30]   [ckpt] v3_HateMM_C1dup_d16_ep30
[02:44:30] === HateMM / C2 split-half at d16_ep30 ===
[02:44:31]   [ckpt] v3_HateMM_C2half_d16_ep30
[02:44:32] === MHC_en / A7_d8_ep30 (certified-dimension primary) ===
Epoch [5/30], Loss: 1.4399
Epoch [10/30], Loss: 1.3140
Epoch [15/30], Loss: 1.2154
Epoch [20/30], Loss: 1.1831
Epoch [25/30], Loss: 1.1730
Epoch [30/30], Loss: 1.1633
R: 0.1862, U1: -0.0000, U2: 0.1442, S: 0.0713
Epoch [5/30], Loss: 1.5077
Epoch [10/30], Loss: 1.3070
Epoch [15/30], Loss: 1.1921
Epoch [20/30], Loss: 1.1533
Epoch [25/30], Loss: 1.1418
Epoch [30/30], Loss: 1.1317
Epoch [5/30], Loss: 1.4361
Epoch [10/30], Loss: 1.2718
Epoch [15/30], Loss: 1.1575
Epoch [20/30], Loss: 1.1218
Epoch [25/30], Loss: 1.1105
Epoch [30/30], Loss: 1.1006
Epoch [5/30], Loss: 1.5158
Epoch [10/30], Loss: 1.3533
Epoch [15/30], Loss: 1.2574
Epoch [20/30], Loss: 1.2237
Epoch [25/30], Loss: 1.2140
Epoch [30/30], Loss: 1.2049
Epoch [5/30], Loss: 1.5244
Epoch [10/30], Loss: 1.3521
Epoch [15/30], Loss: 1.2481
Epoch [20/30], Loss: 1.2139
Epoch [25/30], Loss: 1.2025
Epoch [30/30], Loss: 1.1924
Epoch [5/30], Loss: 1.4841
Epoch [10/30], Loss: 1.2902
Epoch [15/30], Loss: 1.1899
Epoch [20/30], Loss: 1.1569
Epoch [25/30], Loss: 1.1474
Epoch [30/30], Loss: 1.1384
[02:44:44]     [perm ckpt] resuming at 3/50
Epoch [5/30], Loss: 1.7614
Epoch [10/30], Loss: 1.6822
Epoch [15/30], Loss: 1.5840
Epoch [20/30], Loss: 1.5435
Epoch [25/30], Loss: 1.5308
Epoch [30/30], Loss: 1.5189
Epoch [5/30], Loss: 1.7994
Epoch [10/30], Loss: 1.7231
Epoch [15/30], Loss: 1.6216
Epoch [20/30], Loss: 1.5795
Epoch [25/30], Loss: 1.5674
Epoch [30/30], Loss: 1.5559
Epoch [5/30], Loss: 1.7675
Epoch [10/30], Loss: 1.6762
Epoch [15/30], Loss: 1.5574
Epoch [20/30], Loss: 1.5154
Epoch [25/30], Loss: 1.5025
Epoch [30/30], Loss: 1.4904
Epoch [5/30], Loss: 1.7684
Epoch [10/30], Loss: 1.6865
Epoch [15/30], Loss: 1.5736
Epoch [20/30], Loss: 1.5274
Epoch [25/30], Loss: 1.5139
Epoch [30/30], Loss: 1.5012
Epoch [5/30], Loss: 1.7543
Epoch [10/30], Loss: 1.6567
Epoch [15/30], Loss: 1.5308
Epoch [20/30], Loss: 1.4793
Epoch [25/30], Loss: 1.4648
Epoch [30/30], Loss: 1.4505
Epoch [5/30], Loss: 1.7766
Epoch [10/30], Loss: 1.7076
Epoch [15/30], Loss: 1.6210
Epoch [20/30], Loss: 1.5726
Epoch [25/30], Loss: 1.5599
Epoch [30/30], Loss: 1.5470
Epoch [5/30], Loss: 1.8108
Epoch [10/30], Loss: 1.7294
Epoch [15/30], Loss: 1.6160
Epoch [20/30], Loss: 1.5721
Epoch [25/30], Loss: 1.5586
Epoch [30/30], Loss: 1.5456
Epoch [5/30], Loss: 1.8049
Epoch [10/30], Loss: 1.7236
Epoch [15/30], Loss: 1.6160
Epoch [20/30], Loss: 1.5790
Epoch [25/30], Loss: 1.5668
Epoch [30/30], Loss: 1.5546
Epoch [5/30], Loss: 1.7925
Epoch [10/30], Loss: 1.7125
Epoch [15/30], Loss: 1.5995
Epoch [20/30], Loss: 1.5522
Epoch [25/30], Loss: 1.5383
Epoch [30/30], Loss: 1.5247
Epoch [5/30], Loss: 1.7716
Epoch [10/30], Loss: 1.6928
Epoch [15/30], Loss: 1.5931
Epoch [20/30], Loss: 1.5572
Epoch [25/30], Loss: 1.5449
Epoch [30/30], Loss: 1.5334
Epoch [5/30], Loss: 1.8205
Epoch [10/30], Loss: 1.7235
Epoch [15/30], Loss: 1.5931
Epoch [20/30], Loss: 1.5516
Epoch [25/30], Loss: 1.5369
Epoch [30/30], Loss: 1.5235
Epoch [5/30], Loss: 1.8099
Epoch [10/30], Loss: 1.7350
Epoch [15/30], Loss: 1.6226
Epoch [20/30], Loss: 1.5822
Epoch [25/30], Loss: 1.5695
Epoch [30/30], Loss: 1.5593
Epoch [5/30], Loss: 1.7300
Epoch [10/30], Loss: 1.6468
Epoch [15/30], Loss: 1.5550
Epoch [20/30], Loss: 1.5220
Epoch [25/30], Loss: 1.5110
Epoch [30/30], Loss: 1.5004
Epoch [5/30], Loss: 1.8053
Epoch [10/30], Loss: 1.7205
Epoch [15/30], Loss: 1.6294
Epoch [20/30], Loss: 1.5889
Epoch [25/30], Loss: 1.5781
Epoch [30/30], Loss: 1.5683
Epoch [5/30], Loss: 1.8283
Epoch [10/30], Loss: 1.7304
Epoch [15/30], Loss: 1.6220
Epoch [20/30], Loss: 1.5873
Epoch [25/30], Loss: 1.5733
Epoch [30/30], Loss: 1.5629
Epoch [5/30], Loss: 1.8287
Epoch [10/30], Loss: 1.7467
Epoch [15/30], Loss: 1.6458
Epoch [20/30], Loss: 1.6002
Epoch [25/30], Loss: 1.5879
Epoch [30/30], Loss: 1.5763
Epoch [5/30], Loss: 1.7958
Epoch [10/30], Loss: 1.7311
Epoch [15/30], Loss: 1.6356
Epoch [20/30], Loss: 1.6041
Epoch [25/30], Loss: 1.5938
Epoch [30/30], Loss: 1.5832
Epoch [5/30], Loss: 1.8183
Epoch [10/30], Loss: 1.7539
Epoch [15/30], Loss: 1.6670
Epoch [20/30], Loss: 1.6320
Epoch [25/30], Loss: 1.6210
Epoch [30/30], Loss: 1.6111
Epoch [5/30], Loss: 1.8193
Epoch [10/30], Loss: 1.7422
Epoch [15/30], Loss: 1.6502
Epoch [20/30], Loss: 1.6039
Epoch [25/30], Loss: 1.5916
Epoch [30/30], Loss: 1.5796
Epoch [5/30], Loss: 1.7932
Epoch [10/30], Loss: 1.7202
Epoch [15/30], Loss: 1.6261
Epoch [20/30], Loss: 1.5794
Epoch [25/30], Loss: 1.5661
Epoch [30/30], Loss: 1.5535
Epoch [5/30], Loss: 1.7985
Epoch [10/30], Loss: 1.7272
Epoch [15/30], Loss: 1.6260
Epoch [20/30], Loss: 1.5849
Epoch [25/30], Loss: 1.5733
Epoch [30/30], Loss: 1.5616
Epoch [5/30], Loss: 1.8019
Epoch [10/30], Loss: 1.7292
Epoch [15/30], Loss: 1.6278
Epoch [20/30], Loss: 1.5897
Epoch [25/30], Loss: 1.5773
Epoch [30/30], Loss: 1.5657
Epoch [5/30], Loss: 1.8240
Epoch [10/30], Loss: 1.7479
Epoch [15/30], Loss: 1.6527
Epoch [20/30], Loss: 1.6176
Epoch [25/30], Loss: 1.6058
Epoch [30/30], Loss: 1.5954
Epoch [5/30], Loss: 1.8115
Epoch [10/30], Loss: 1.7439
Epoch [15/30], Loss: 1.6578
Epoch [20/30], Loss: 1.6151
Epoch [25/30], Loss: 1.6029
Epoch [30/30], Loss: 1.5916
Epoch [5/30], Loss: 1.8100
Epoch [10/30], Loss: 1.7452
Epoch [15/30], Loss: 1.6566
Epoch [20/30], Loss: 1.6233
Epoch [25/30], Loss: 1.6118
Epoch [30/30], Loss: 1.6010
Epoch [5/30], Loss: 1.8136
Epoch [10/30], Loss: 1.7380
Epoch [15/30], Loss: 1.6423
Epoch [20/30], Loss: 1.6029
Epoch [25/30], Loss: 1.5908
Epoch [30/30], Loss: 1.5798
Epoch [5/30], Loss: 1.7817
Epoch [10/30], Loss: 1.7162
Epoch [15/30], Loss: 1.6311
Epoch [20/30], Loss: 1.5962
Epoch [25/30], Loss: 1.5854
Epoch [30/30], Loss: 1.5750
Epoch [5/30], Loss: 1.7871
Epoch [10/30], Loss: 1.7207
Epoch [15/30], Loss: 1.6260
Epoch [20/30], Loss: 1.5890
Epoch [25/30], Loss: 1.5780
Epoch [30/30], Loss: 1.5669
Epoch [5/30], Loss: 1.7647
Epoch [10/30], Loss: 1.6878
Epoch [15/30], Loss: 1.5948
Epoch [20/30], Loss: 1.5618
Epoch [25/30], Loss: 1.5510
Epoch [30/30], Loss: 1.5412
Epoch [5/30], Loss: 1.8056
Epoch [10/30], Loss: 1.7546
Epoch [15/30], Loss: 1.6855
Epoch [20/30], Loss: 1.6537
Epoch [25/30], Loss: 1.6448
Epoch [30/30], Loss: 1.6359
Epoch [5/30], Loss: 1.7631
Epoch [10/30], Loss: 1.6855
Epoch [15/30], Loss: 1.5923
Epoch [20/30], Loss: 1.5498
Epoch [25/30], Loss: 1.5380
Epoch [30/30], Loss: 1.5279
Epoch [5/30], Loss: 1.7684
Epoch [10/30], Loss: 1.6959
Epoch [15/30], Loss: 1.6083
Epoch [20/30], Loss: 1.5732
Epoch [25/30], Loss: 1.5625
Epoch [30/30], Loss: 1.5526
Epoch [5/30], Loss: 1.7980
Epoch [10/30], Loss: 1.7311
Epoch [15/30], Loss: 1.6429
Epoch [20/30], Loss: 1.6103
Epoch [25/30], Loss: 1.5993
Epoch [30/30], Loss: 1.5891
Epoch [5/30], Loss: 1.8369
Epoch [10/30], Loss: 1.7524
Epoch [15/30], Loss: 1.6532
Epoch [20/30], Loss: 1.6151
Epoch [25/30], Loss: 1.6038
Epoch [30/30], Loss: 1.5927
Epoch [5/30], Loss: 1.7721
Epoch [10/30], Loss: 1.7093
Epoch [15/30], Loss: 1.6219
Epoch [20/30], Loss: 1.5876
Epoch [25/30], Loss: 1.5774
Epoch [30/30], Loss: 1.5677
Epoch [5/30], Loss: 1.7887
Epoch [10/30], Loss: 1.7161
Epoch [15/30], Loss: 1.6330
Epoch [20/30], Loss: 1.5874
Epoch [25/30], Loss: 1.5763
Epoch [30/30], Loss: 1.5660
Epoch [5/30], Loss: 1.7732
Epoch [10/30], Loss: 1.6960
Epoch [15/30], Loss: 1.5980
Epoch [20/30], Loss: 1.5570
Epoch [25/30], Loss: 1.5449
Epoch [30/30], Loss: 1.5339
Epoch [5/30], Loss: 1.7795
Epoch [10/30], Loss: 1.7104
Epoch [15/30], Loss: 1.6232
Epoch [20/30], Loss: 1.5932
Epoch [25/30], Loss: 1.5834
Epoch [30/30], Loss: 1.5743
Epoch [5/30], Loss: 1.8109
Epoch [10/30], Loss: 1.7405
Epoch [15/30], Loss: 1.6565
Epoch [20/30], Loss: 1.6139
Epoch [25/30], Loss: 1.6029
Epoch [30/30], Loss: 1.5924
Epoch [5/30], Loss: 1.8481
Epoch [10/30], Loss: 1.7774
Epoch [15/30], Loss: 1.6867
Epoch [20/30], Loss: 1.6452
Epoch [25/30], Loss: 1.6342
Epoch [30/30], Loss: 1.6236
Epoch [5/30], Loss: 1.7497
Epoch [10/30], Loss: 1.6776
Epoch [15/30], Loss: 1.5983
Epoch [20/30], Loss: 1.5683
Epoch [25/30], Loss: 1.5589
Epoch [30/30], Loss: 1.5496
Epoch [5/30], Loss: 1.7971
Epoch [10/30], Loss: 1.7319
Epoch [15/30], Loss: 1.6451
Epoch [20/30], Loss: 1.6096
Epoch [25/30], Loss: 1.5991
Epoch [30/30], Loss: 1.5899
[02:45:21]     perm 10/50
Epoch [5/30], Loss: 1.8031
Epoch [10/30], Loss: 1.7300
Epoch [15/30], Loss: 1.6385
Epoch [20/30], Loss: 1.5964
Epoch [25/30], Loss: 1.5849
Epoch [30/30], Loss: 1.5741
Epoch [5/30], Loss: 1.7520
Epoch [10/30], Loss: 1.6825
Epoch [15/30], Loss: 1.5976
Epoch [20/30], Loss: 1.5629
Epoch [25/30], Loss: 1.5529
Epoch [30/30], Loss: 1.5432
Epoch [5/30], Loss: 1.8231
Epoch [10/30], Loss: 1.7569
Epoch [15/30], Loss: 1.6553
Epoch [20/30], Loss: 1.6196
Epoch [25/30], Loss: 1.6080
Epoch [30/30], Loss: 1.5957
Epoch [5/30], Loss: 1.8414
Epoch [10/30], Loss: 1.7597
Epoch [15/30], Loss: 1.6478
Epoch [20/30], Loss: 1.6073
Epoch [25/30], Loss: 1.5946
Epoch [30/30], Loss: 1.5826
Epoch [5/30], Loss: 1.7988
Epoch [10/30], Loss: 1.7246
Epoch [15/30], Loss: 1.6340
Epoch [20/30], Loss: 1.6007
Epoch [25/30], Loss: 1.5897
Epoch [30/30], Loss: 1.5793
Epoch [5/30], Loss: 1.8102
Epoch [10/30], Loss: 1.7485
Epoch [15/30], Loss: 1.6737
Epoch [20/30], Loss: 1.6340
Epoch [25/30], Loss: 1.6243
Epoch [30/30], Loss: 1.6144
Epoch [5/30], Loss: 1.8312
Epoch [10/30], Loss: 1.7484
Epoch [15/30], Loss: 1.6465
Epoch [20/30], Loss: 1.5984
Epoch [25/30], Loss: 1.5847
Epoch [30/30], Loss: 1.5730
Epoch [5/30], Loss: 1.7559
Epoch [10/30], Loss: 1.6831
Epoch [15/30], Loss: 1.5914
Epoch [20/30], Loss: 1.5570
Epoch [25/30], Loss: 1.5454
Epoch [30/30], Loss: 1.5350
Epoch [5/30], Loss: 1.7867
Epoch [10/30], Loss: 1.7071
Epoch [15/30], Loss: 1.6121
Epoch [20/30], Loss: 1.5761
Epoch [25/30], Loss: 1.5655
Epoch [30/30], Loss: 1.5549
Epoch [5/30], Loss: 1.7982
Epoch [10/30], Loss: 1.7301
Epoch [15/30], Loss: 1.6452
Epoch [20/30], Loss: 1.6079
Epoch [25/30], Loss: 1.5970
Epoch [30/30], Loss: 1.5865
Epoch [5/30], Loss: 1.8247
Epoch [10/30], Loss: 1.7342
Epoch [15/30], Loss: 1.6261
Epoch [20/30], Loss: 1.5868
Epoch [25/30], Loss: 1.5745
Epoch [30/30], Loss: 1.5617
Epoch [5/30], Loss: 1.8121
Epoch [10/30], Loss: 1.7395
Epoch [15/30], Loss: 1.6640
Epoch [20/30], Loss: 1.6268
Epoch [25/30], Loss: 1.6163
Epoch [30/30], Loss: 1.6071
Epoch [5/30], Loss: 1.8198
Epoch [10/30], Loss: 1.7466
Epoch [15/30], Loss: 1.6541
Epoch [20/30], Loss: 1.6159
Epoch [25/30], Loss: 1.6041
Epoch [30/30], Loss: 1.5918
Epoch [5/30], Loss: 1.8020
Epoch [10/30], Loss: 1.7131
Epoch [15/30], Loss: 1.6059
Epoch [20/30], Loss: 1.5673
Epoch [25/30], Loss: 1.5554
Epoch [30/30], Loss: 1.5438
Epoch [5/30], Loss: 1.8135
Epoch [10/30], Loss: 1.7316
Epoch [15/30], Loss: 1.6266
Epoch [20/30], Loss: 1.5838
Epoch [25/30], Loss: 1.5724
Epoch [30/30], Loss: 1.5618
Epoch [5/30], Loss: 1.7990
Epoch [10/30], Loss: 1.7293
Epoch [15/30], Loss: 1.6435
Epoch [20/30], Loss: 1.6078
Epoch [25/30], Loss: 1.5970
Epoch [30/30], Loss: 1.5871
Epoch [5/30], Loss: 1.7657
Epoch [10/30], Loss: 1.6831
Epoch [15/30], Loss: 1.5822
Epoch [20/30], Loss: 1.5438
Epoch [25/30], Loss: 1.5322
Epoch [30/30], Loss: 1.5210
Epoch [5/30], Loss: 1.8143
Epoch [10/30], Loss: 1.7483
Epoch [15/30], Loss: 1.6639
Epoch [20/30], Loss: 1.6233
Epoch [25/30], Loss: 1.6129
Epoch [30/30], Loss: 1.6019
Epoch [5/30], Loss: 1.7707
Epoch [10/30], Loss: 1.6850
Epoch [15/30], Loss: 1.5798
Epoch [20/30], Loss: 1.5423
Epoch [25/30], Loss: 1.5304
Epoch [30/30], Loss: 1.5189
Epoch [5/30], Loss: 1.8126
Epoch [10/30], Loss: 1.7288
Epoch [15/30], Loss: 1.6285
Epoch [20/30], Loss: 1.5882
Epoch [25/30], Loss: 1.5761
Epoch [30/30], Loss: 1.5646
Epoch [5/30], Loss: 1.7741
Epoch [10/30], Loss: 1.6886
Epoch [15/30], Loss: 1.5893
Epoch [20/30], Loss: 1.5502
Epoch [25/30], Loss: 1.5392
Epoch [30/30], Loss: 1.5269
Epoch [5/30], Loss: 1.7970
Epoch [10/30], Loss: 1.7204
Epoch [15/30], Loss: 1.6165
Epoch [20/30], Loss: 1.5760
Epoch [25/30], Loss: 1.5628
Epoch [30/30], Loss: 1.5508
Epoch [5/30], Loss: 1.7910
Epoch [10/30], Loss: 1.7098
Epoch [15/30], Loss: 1.6126
Epoch [20/30], Loss: 1.5750
Epoch [25/30], Loss: 1.5638
Epoch [30/30], Loss: 1.5531
Epoch [5/30], Loss: 1.8016
Epoch [10/30], Loss: 1.7369
Epoch [15/30], Loss: 1.6568
Epoch [20/30], Loss: 1.6193
Epoch [25/30], Loss: 1.6072
Epoch [30/30], Loss: 1.5966
Epoch [5/30], Loss: 1.7764
Epoch [10/30], Loss: 1.7060
Epoch [15/30], Loss: 1.6241
Epoch [20/30], Loss: 1.5918
Epoch [25/30], Loss: 1.5815
Epoch [30/30], Loss: 1.5719
Epoch [5/30], Loss: 1.7451
Epoch [10/30], Loss: 1.6747
Epoch [15/30], Loss: 1.5917
Epoch [20/30], Loss: 1.5628
Epoch [25/30], Loss: 1.5528
Epoch [30/30], Loss: 1.5427
Epoch [5/30], Loss: 1.8442
Epoch [10/30], Loss: 1.7807
Epoch [15/30], Loss: 1.6922
Epoch [20/30], Loss: 1.6599
Epoch [25/30], Loss: 1.6491
Epoch [30/30], Loss: 1.6385
Epoch [5/30], Loss: 1.8293
Epoch [10/30], Loss: 1.7707
Epoch [15/30], Loss: 1.6962
Epoch [20/30], Loss: 1.6656
Epoch [25/30], Loss: 1.6560
Epoch [30/30], Loss: 1.6469
Epoch [5/30], Loss: 1.8203
Epoch [10/30], Loss: 1.7575
Epoch [15/30], Loss: 1.6682
Epoch [20/30], Loss: 1.6367
Epoch [25/30], Loss: 1.6265
Epoch [30/30], Loss: 1.6162
Epoch [5/30], Loss: 1.8092
Epoch [10/30], Loss: 1.7653
Epoch [15/30], Loss: 1.6884
Epoch [20/30], Loss: 1.6572
Epoch [25/30], Loss: 1.6474
Epoch [30/30], Loss: 1.6380
Epoch [5/30], Loss: 1.7605
Epoch [10/30], Loss: 1.6716
Epoch [15/30], Loss: 1.5750
Epoch [20/30], Loss: 1.5372
Epoch [25/30], Loss: 1.5254
Epoch [30/30], Loss: 1.5142
Epoch [5/30], Loss: 1.7927
Epoch [10/30], Loss: 1.6961
Epoch [15/30], Loss: 1.5875
Epoch [20/30], Loss: 1.5388
Epoch [25/30], Loss: 1.5275
Epoch [30/30], Loss: 1.5145
Epoch [5/30], Loss: 1.8300
Epoch [10/30], Loss: 1.7413
Epoch [15/30], Loss: 1.6169
Epoch [20/30], Loss: 1.5758
Epoch [25/30], Loss: 1.5616
Epoch [30/30], Loss: 1.5482
Epoch [5/30], Loss: 1.7856
Epoch [10/30], Loss: 1.7129
Epoch [15/30], Loss: 1.6331
Epoch [20/30], Loss: 1.5943
Epoch [25/30], Loss: 1.5837
Epoch [30/30], Loss: 1.5735
Epoch [5/30], Loss: 1.7549
Epoch [10/30], Loss: 1.6616
Epoch [15/30], Loss: 1.5550
Epoch [20/30], Loss: 1.5078
Epoch [25/30], Loss: 1.4958
Epoch [30/30], Loss: 1.4839
Epoch [5/30], Loss: 1.8002
Epoch [10/30], Loss: 1.7229
Epoch [15/30], Loss: 1.6199
Epoch [20/30], Loss: 1.5793
Epoch [25/30], Loss: 1.5654
Epoch [30/30], Loss: 1.5537
Epoch [5/30], Loss: 1.7821
Epoch [10/30], Loss: 1.7036
Epoch [15/30], Loss: 1.5970
Epoch [20/30], Loss: 1.5531
Epoch [25/30], Loss: 1.5395
Epoch [30/30], Loss: 1.5270
Epoch [5/30], Loss: 1.8160
Epoch [10/30], Loss: 1.7473
Epoch [15/30], Loss: 1.6720
Epoch [20/30], Loss: 1.6406
Epoch [25/30], Loss: 1.6304
Epoch [30/30], Loss: 1.6213
Epoch [5/30], Loss: 1.8378
Epoch [10/30], Loss: 1.7622
Epoch [15/30], Loss: 1.6616
Epoch [20/30], Loss: 1.6201
Epoch [25/30], Loss: 1.6075
Epoch [30/30], Loss: 1.5955
Epoch [5/30], Loss: 1.7852
Epoch [10/30], Loss: 1.7232
Epoch [15/30], Loss: 1.6474
Epoch [20/30], Loss: 1.6143
Epoch [25/30], Loss: 1.6043
Epoch [30/30], Loss: 1.5944
Epoch [5/30], Loss: 1.7815
Epoch [10/30], Loss: 1.7013
Epoch [15/30], Loss: 1.5913
Epoch [20/30], Loss: 1.5522
Epoch [25/30], Loss: 1.5401
Epoch [30/30], Loss: 1.5273
Epoch [5/30], Loss: 1.8057
Epoch [10/30], Loss: 1.7411
Epoch [15/30], Loss: 1.6613
Epoch [20/30], Loss: 1.6235
Epoch [25/30], Loss: 1.6125
Epoch [30/30], Loss: 1.6014
Epoch [5/30], Loss: 1.7397
Epoch [10/30], Loss: 1.6628
Epoch [15/30], Loss: 1.5568
Epoch [20/30], Loss: 1.5202
Epoch [25/30], Loss: 1.5075
Epoch [30/30], Loss: 1.4963
Epoch [5/30], Loss: 1.8360
Epoch [10/30], Loss: 1.7427
Epoch [15/30], Loss: 1.6277
Epoch [20/30], Loss: 1.5860
Epoch [25/30], Loss: 1.5734
Epoch [30/30], Loss: 1.5610
Epoch [5/30], Loss: 1.7851
Epoch [10/30], Loss: 1.6893
Epoch [15/30], Loss: 1.5624
Epoch [20/30], Loss: 1.5161
Epoch [25/30], Loss: 1.5013
Epoch [30/30], Loss: 1.4874
Epoch [5/30], Loss: 1.8367
Epoch [10/30], Loss: 1.7625
Epoch [15/30], Loss: 1.6571
Epoch [20/30], Loss: 1.6211
Epoch [25/30], Loss: 1.6085
Epoch [30/30], Loss: 1.5968
Epoch [5/30], Loss: 1.7837
Epoch [10/30], Loss: 1.6798
Epoch [15/30], Loss: 1.5473
Epoch [20/30], Loss: 1.4981
Epoch [25/30], Loss: 1.4841
Epoch [30/30], Loss: 1.4702
Epoch [5/30], Loss: 1.8018
Epoch [10/30], Loss: 1.7146
Epoch [15/30], Loss: 1.6197
Epoch [20/30], Loss: 1.5649
Epoch [25/30], Loss: 1.5527
Epoch [30/30], Loss: 1.5398
Epoch [5/30], Loss: 1.7854
Epoch [10/30], Loss: 1.7132
Epoch [15/30], Loss: 1.6149
Epoch [20/30], Loss: 1.5792
Epoch [25/30], Loss: 1.5675
Epoch [30/30], Loss: 1.5571
Epoch [5/30], Loss: 1.7945
Epoch [10/30], Loss: 1.7149
Epoch [15/30], Loss: 1.6199
Epoch [20/30], Loss: 1.5851
Epoch [25/30], Loss: 1.5737
Epoch [30/30], Loss: 1.5639
Epoch [5/30], Loss: 1.7596
Epoch [10/30], Loss: 1.6739
Epoch [15/30], Loss: 1.5812
Epoch [20/30], Loss: 1.5398
Epoch [25/30], Loss: 1.5286
Epoch [30/30], Loss: 1.5181
Epoch [5/30], Loss: 1.7779
Epoch [10/30], Loss: 1.7044
Epoch [15/30], Loss: 1.6158
Epoch [20/30], Loss: 1.5776
Epoch [25/30], Loss: 1.5664
Epoch [30/30], Loss: 1.5556
Epoch [5/30], Loss: 1.8081
Epoch [10/30], Loss: 1.7308
Epoch [15/30], Loss: 1.6468
Epoch [20/30], Loss: 1.6126
Epoch [25/30], Loss: 1.6019
Epoch [30/30], Loss: 1.5924
Epoch [5/30], Loss: 1.7959
Epoch [10/30], Loss: 1.7361
Epoch [15/30], Loss: 1.6674
Epoch [20/30], Loss: 1.6303
Epoch [25/30], Loss: 1.6207
Epoch [30/30], Loss: 1.6110
Epoch [5/30], Loss: 1.7609
Epoch [10/30], Loss: 1.6772
Epoch [15/30], Loss: 1.5789
Epoch [20/30], Loss: 1.5380
Epoch [25/30], Loss: 1.5256
Epoch [30/30], Loss: 1.5139
Epoch [5/30], Loss: 1.7798
Epoch [10/30], Loss: 1.7066
Epoch [15/30], Loss: 1.5902
Epoch [20/30], Loss: 1.5496
Epoch [25/30], Loss: 1.5372
Epoch [30/30], Loss: 1.5254
Epoch [5/30], Loss: 1.7876
Epoch [10/30], Loss: 1.6956
Epoch [15/30], Loss: 1.5856
Epoch [20/30], Loss: 1.5430
Epoch [25/30], Loss: 1.5305
Epoch [30/30], Loss: 1.5193
Epoch [5/30], Loss: 1.7473
Epoch [10/30], Loss: 1.6411
Epoch [15/30], Loss: 1.5220
Epoch [20/30], Loss: 1.4806
Epoch [25/30], Loss: 1.4677
Epoch [30/30], Loss: 1.4557
Epoch [5/30], Loss: 1.7449
Epoch [10/30], Loss: 1.6380
Epoch [15/30], Loss: 1.5088
Epoch [20/30], Loss: 1.4691
Epoch [25/30], Loss: 1.4569
Epoch [30/30], Loss: 1.4456
Epoch [5/30], Loss: 1.7796
Epoch [10/30], Loss: 1.6948
Epoch [15/30], Loss: 1.5880
Epoch [20/30], Loss: 1.5483
Epoch [25/30], Loss: 1.5359
Epoch [30/30], Loss: 1.5243
[02:46:12]     perm 20/50
Epoch [5/30], Loss: 1.8165
Epoch [10/30], Loss: 1.7292
Epoch [15/30], Loss: 1.6256
Epoch [20/30], Loss: 1.5785
Epoch [25/30], Loss: 1.5653
Epoch [30/30], Loss: 1.5529
Epoch [5/30], Loss: 1.8195
Epoch [10/30], Loss: 1.7528
Epoch [15/30], Loss: 1.6587
Epoch [20/30], Loss: 1.6225
Epoch [25/30], Loss: 1.6104
Epoch [30/30], Loss: 1.5986
Epoch [5/30], Loss: 1.7891
Epoch [10/30], Loss: 1.7208
Epoch [15/30], Loss: 1.6440
Epoch [20/30], Loss: 1.6125
Epoch [25/30], Loss: 1.6027
Epoch [30/30], Loss: 1.5930
Epoch [5/30], Loss: 1.8037
Epoch [10/30], Loss: 1.7236
Epoch [15/30], Loss: 1.6244
Epoch [20/30], Loss: 1.5880
Epoch [25/30], Loss: 1.5762
Epoch [30/30], Loss: 1.5644
Epoch [5/30], Loss: 1.8045
Epoch [10/30], Loss: 1.7357
Epoch [15/30], Loss: 1.6418
Epoch [20/30], Loss: 1.6027
Epoch [25/30], Loss: 1.5902
Epoch [30/30], Loss: 1.5788
Epoch [5/30], Loss: 1.8098
Epoch [10/30], Loss: 1.7486
Epoch [15/30], Loss: 1.6701
Epoch [20/30], Loss: 1.6271
Epoch [25/30], Loss: 1.6164
Epoch [30/30], Loss: 1.6065
Epoch [5/30], Loss: 1.7898
Epoch [10/30], Loss: 1.6883
Epoch [15/30], Loss: 1.5434
Epoch [20/30], Loss: 1.4977
Epoch [25/30], Loss: 1.4823
Epoch [30/30], Loss: 1.4682
Epoch [5/30], Loss: 1.7883
Epoch [10/30], Loss: 1.6896
Epoch [15/30], Loss: 1.5544
Epoch [20/30], Loss: 1.5077
Epoch [25/30], Loss: 1.4934
Epoch [30/30], Loss: 1.4807
Epoch [5/30], Loss: 1.7463
Epoch [10/30], Loss: 1.6619
Epoch [15/30], Loss: 1.5378
Epoch [20/30], Loss: 1.4925
Epoch [25/30], Loss: 1.4783
Epoch [30/30], Loss: 1.4657
Epoch [5/30], Loss: 1.8171
Epoch [10/30], Loss: 1.7273
Epoch [15/30], Loss: 1.6106
Epoch [20/30], Loss: 1.5664
Epoch [25/30], Loss: 1.5533
Epoch [30/30], Loss: 1.5401
Epoch [5/30], Loss: 1.7885
Epoch [10/30], Loss: 1.7038
Epoch [15/30], Loss: 1.6075
Epoch [20/30], Loss: 1.5708
Epoch [25/30], Loss: 1.5586
Epoch [30/30], Loss: 1.5470
Epoch [5/30], Loss: 1.7823
Epoch [10/30], Loss: 1.6816
Epoch [15/30], Loss: 1.5658
Epoch [20/30], Loss: 1.5244
Epoch [25/30], Loss: 1.5120
Epoch [30/30], Loss: 1.5001
Epoch [5/30], Loss: 1.7985
Epoch [10/30], Loss: 1.7287
Epoch [15/30], Loss: 1.6454
Epoch [20/30], Loss: 1.6113
Epoch [25/30], Loss: 1.6011
Epoch [30/30], Loss: 1.5913
Epoch [5/30], Loss: 1.8039
Epoch [10/30], Loss: 1.7393
Epoch [15/30], Loss: 1.6570
Epoch [20/30], Loss: 1.6202
Epoch [25/30], Loss: 1.6091
Epoch [30/30], Loss: 1.5987
Epoch [5/30], Loss: 1.8296
Epoch [10/30], Loss: 1.7539
Epoch [15/30], Loss: 1.6624
Epoch [20/30], Loss: 1.6319
Epoch [25/30], Loss: 1.6205
Epoch [30/30], Loss: 1.6106
Epoch [5/30], Loss: 1.7978
Epoch [10/30], Loss: 1.7352
Epoch [15/30], Loss: 1.6499
Epoch [20/30], Loss: 1.6155
Epoch [25/30], Loss: 1.6024
Epoch [30/30], Loss: 1.5911
Epoch [5/30], Loss: 1.7830
Epoch [10/30], Loss: 1.7070
Epoch [15/30], Loss: 1.6175
Epoch [20/30], Loss: 1.5829
Epoch [25/30], Loss: 1.5719
Epoch [30/30], Loss: 1.5616
Epoch [5/30], Loss: 1.8020
Epoch [10/30], Loss: 1.7378
Epoch [15/30], Loss: 1.6654
Epoch [20/30], Loss: 1.6144
Epoch [25/30], Loss: 1.6033
Epoch [30/30], Loss: 1.5930
Epoch [5/30], Loss: 1.7681
Epoch [10/30], Loss: 1.6973
Epoch [15/30], Loss: 1.6033
Epoch [20/30], Loss: 1.5655
Epoch [25/30], Loss: 1.5533
Epoch [30/30], Loss: 1.5421
Epoch [5/30], Loss: 1.8045
Epoch [10/30], Loss: 1.7271
Epoch [15/30], Loss: 1.6355
Epoch [20/30], Loss: 1.5970
Epoch [25/30], Loss: 1.5855
Epoch [30/30], Loss: 1.5749
Epoch [5/30], Loss: 1.7693
Epoch [10/30], Loss: 1.6806
Epoch [15/30], Loss: 1.5648
Epoch [20/30], Loss: 1.5251
Epoch [25/30], Loss: 1.5130
Epoch [30/30], Loss: 1.5011
Epoch [5/30], Loss: 1.7758
Epoch [10/30], Loss: 1.6978
Epoch [15/30], Loss: 1.5878
Epoch [20/30], Loss: 1.5489
Epoch [25/30], Loss: 1.5360
Epoch [30/30], Loss: 1.5239
Epoch [5/30], Loss: 1.8116
Epoch [10/30], Loss: 1.7438
Epoch [15/30], Loss: 1.6513
Epoch [20/30], Loss: 1.6193
Epoch [25/30], Loss: 1.6089
Epoch [30/30], Loss: 1.5994
Epoch [5/30], Loss: 1.7892
Epoch [10/30], Loss: 1.7206
Epoch [15/30], Loss: 1.6430
Epoch [20/30], Loss: 1.6069
Epoch [25/30], Loss: 1.5960
Epoch [30/30], Loss: 1.5859
Epoch [5/30], Loss: 1.7541
Epoch [10/30], Loss: 1.6757
Epoch [15/30], Loss: 1.5761
Epoch [20/30], Loss: 1.5348
Epoch [25/30], Loss: 1.5214
Epoch [30/30], Loss: 1.5093
Epoch [5/30], Loss: 1.7897
Epoch [10/30], Loss: 1.7128
Epoch [15/30], Loss: 1.6215
Epoch [20/30], Loss: 1.5858
Epoch [25/30], Loss: 1.5741
Epoch [30/30], Loss: 1.5631
Epoch [5/30], Loss: 1.7680
Epoch [10/30], Loss: 1.6881
Epoch [15/30], Loss: 1.5915
Epoch [20/30], Loss: 1.5523
Epoch [25/30], Loss: 1.5406
Epoch [30/30], Loss: 1.5299
Epoch [5/30], Loss: 1.8357
Epoch [10/30], Loss: 1.7652
Epoch [15/30], Loss: 1.6691
Epoch [20/30], Loss: 1.6358
Epoch [25/30], Loss: 1.6247
Epoch [30/30], Loss: 1.6130
Epoch [5/30], Loss: 1.7973
Epoch [10/30], Loss: 1.7264
Epoch [15/30], Loss: 1.6223
Epoch [20/30], Loss: 1.5837
Epoch [25/30], Loss: 1.5711
Epoch [30/30], Loss: 1.5581
Epoch [5/30], Loss: 1.7965
Epoch [10/30], Loss: 1.7435
Epoch [15/30], Loss: 1.6581
Epoch [20/30], Loss: 1.6266
Epoch [25/30], Loss: 1.6152
Epoch [30/30], Loss: 1.6050
Epoch [5/30], Loss: 1.8129
Epoch [10/30], Loss: 1.7503
Epoch [15/30], Loss: 1.6446
Epoch [20/30], Loss: 1.6091
Epoch [25/30], Loss: 1.5972
Epoch [30/30], Loss: 1.5858
Epoch [5/30], Loss: 1.7821
Epoch [10/30], Loss: 1.7170
Epoch [15/30], Loss: 1.6304
Epoch [20/30], Loss: 1.5987
Epoch [25/30], Loss: 1.5872
Epoch [30/30], Loss: 1.5755
Epoch [5/30], Loss: 1.7859
Epoch [10/30], Loss: 1.7207
Epoch [15/30], Loss: 1.6181
Epoch [20/30], Loss: 1.5818
Epoch [25/30], Loss: 1.5706
Epoch [30/30], Loss: 1.5604
Epoch [5/30], Loss: 1.7989
Epoch [10/30], Loss: 1.7223
Epoch [15/30], Loss: 1.6175
Epoch [20/30], Loss: 1.5782
Epoch [25/30], Loss: 1.5657
Epoch [30/30], Loss: 1.5533
Epoch [5/30], Loss: 1.8163
Epoch [10/30], Loss: 1.7342
Epoch [15/30], Loss: 1.6302
Epoch [20/30], Loss: 1.5892
Epoch [25/30], Loss: 1.5770
Epoch [30/30], Loss: 1.5653
Epoch [5/30], Loss: 1.8152
Epoch [10/30], Loss: 1.7490
Epoch [15/30], Loss: 1.6648
Epoch [20/30], Loss: 1.6306
Epoch [25/30], Loss: 1.6196
Epoch [30/30], Loss: 1.6096
Epoch [5/30], Loss: 1.8317
Epoch [10/30], Loss: 1.7562
Epoch [15/30], Loss: 1.6570
Epoch [20/30], Loss: 1.6203
Epoch [25/30], Loss: 1.6089
Epoch [30/30], Loss: 1.5979
Epoch [5/30], Loss: 1.7724
Epoch [10/30], Loss: 1.7011
Epoch [15/30], Loss: 1.6162
Epoch [20/30], Loss: 1.5814
Epoch [25/30], Loss: 1.5708
Epoch [30/30], Loss: 1.5605
Epoch [5/30], Loss: 1.8240
Epoch [10/30], Loss: 1.7439
Epoch [15/30], Loss: 1.6334
Epoch [20/30], Loss: 1.5885
Epoch [25/30], Loss: 1.5759
Epoch [30/30], Loss: 1.5643
Epoch [5/30], Loss: 1.8300
Epoch [10/30], Loss: 1.7524
Epoch [15/30], Loss: 1.6436
Epoch [20/30], Loss: 1.6065
Epoch [25/30], Loss: 1.5937
Epoch [30/30], Loss: 1.5816
Epoch [5/30], Loss: 1.7182
Epoch [10/30], Loss: 1.6541
Epoch [15/30], Loss: 1.5630
Epoch [20/30], Loss: 1.5283
Epoch [25/30], Loss: 1.5168
Epoch [30/30], Loss: 1.5058
Epoch [5/30], Loss: 1.8005
Epoch [10/30], Loss: 1.7235
Epoch [15/30], Loss: 1.6309
Epoch [20/30], Loss: 1.5908
Epoch [25/30], Loss: 1.5781
Epoch [30/30], Loss: 1.5666
Epoch [5/30], Loss: 1.7853
Epoch [10/30], Loss: 1.6832
Epoch [15/30], Loss: 1.5658
Epoch [20/30], Loss: 1.5223
Epoch [25/30], Loss: 1.5098
Epoch [30/30], Loss: 1.4990
Epoch [5/30], Loss: 1.8403
Epoch [10/30], Loss: 1.7708
Epoch [15/30], Loss: 1.6807
Epoch [20/30], Loss: 1.6457
Epoch [25/30], Loss: 1.6348
Epoch [30/30], Loss: 1.6237
Epoch [5/30], Loss: 1.7688
Epoch [10/30], Loss: 1.6946
Epoch [15/30], Loss: 1.6013
Epoch [20/30], Loss: 1.5659
Epoch [25/30], Loss: 1.5553
Epoch [30/30], Loss: 1.5448
Epoch [5/30], Loss: 1.8028
Epoch [10/30], Loss: 1.7151
Epoch [15/30], Loss: 1.6059
Epoch [20/30], Loss: 1.5615
Epoch [25/30], Loss: 1.5490
Epoch [30/30], Loss: 1.5383
Epoch [5/30], Loss: 1.7268
Epoch [10/30], Loss: 1.6387
Epoch [15/30], Loss: 1.5449
Epoch [20/30], Loss: 1.5108
Epoch [25/30], Loss: 1.5002
Epoch [30/30], Loss: 1.4897
Epoch [5/30], Loss: 1.7904
Epoch [10/30], Loss: 1.7247
Epoch [15/30], Loss: 1.6380
Epoch [20/30], Loss: 1.6021
Epoch [25/30], Loss: 1.5908
Epoch [30/30], Loss: 1.5815
Epoch [5/30], Loss: 1.7891
Epoch [10/30], Loss: 1.7187
Epoch [15/30], Loss: 1.6309
Epoch [20/30], Loss: 1.5901
Epoch [25/30], Loss: 1.5781
Epoch [30/30], Loss: 1.5670
Epoch [5/30], Loss: 1.8058
Epoch [10/30], Loss: 1.7206
Epoch [15/30], Loss: 1.5950
Epoch [20/30], Loss: 1.5559
Epoch [25/30], Loss: 1.5416
Epoch [30/30], Loss: 1.5289
Epoch [5/30], Loss: 1.7905
Epoch [10/30], Loss: 1.7245
Epoch [15/30], Loss: 1.6273
Epoch [20/30], Loss: 1.5907
Epoch [25/30], Loss: 1.5792
Epoch [30/30], Loss: 1.5679
Epoch [5/30], Loss: 1.8192
Epoch [10/30], Loss: 1.7517
Epoch [15/30], Loss: 1.6591
Epoch [20/30], Loss: 1.6187
Epoch [25/30], Loss: 1.6072
Epoch [30/30], Loss: 1.5958
Epoch [5/30], Loss: 1.8207
Epoch [10/30], Loss: 1.7375
Epoch [15/30], Loss: 1.6279
Epoch [20/30], Loss: 1.5758
Epoch [25/30], Loss: 1.5619
Epoch [30/30], Loss: 1.5483
Epoch [5/30], Loss: 1.8168
Epoch [10/30], Loss: 1.7491
Epoch [15/30], Loss: 1.6620
Epoch [20/30], Loss: 1.6212
Epoch [25/30], Loss: 1.6097
Epoch [30/30], Loss: 1.5985
Epoch [5/30], Loss: 1.8156
Epoch [10/30], Loss: 1.7398
Epoch [15/30], Loss: 1.6655
Epoch [20/30], Loss: 1.6211
Epoch [25/30], Loss: 1.6101
Epoch [30/30], Loss: 1.6005
Epoch [5/30], Loss: 1.7634
Epoch [10/30], Loss: 1.6838
Epoch [15/30], Loss: 1.5785
Epoch [20/30], Loss: 1.5375
Epoch [25/30], Loss: 1.5249
Epoch [30/30], Loss: 1.5132
Epoch [5/30], Loss: 1.7649
Epoch [10/30], Loss: 1.6929
Epoch [15/30], Loss: 1.5984
Epoch [20/30], Loss: 1.5651
Epoch [25/30], Loss: 1.5547
Epoch [30/30], Loss: 1.5451
Epoch [5/30], Loss: 1.7718
Epoch [10/30], Loss: 1.6896
Epoch [15/30], Loss: 1.5974
Epoch [20/30], Loss: 1.5626
Epoch [25/30], Loss: 1.5519
Epoch [30/30], Loss: 1.5409
Epoch [5/30], Loss: 1.7696
Epoch [10/30], Loss: 1.6917
Epoch [15/30], Loss: 1.6021
Epoch [20/30], Loss: 1.5691
Epoch [25/30], Loss: 1.5587
Epoch [30/30], Loss: 1.5491
Epoch [5/30], Loss: 1.7826
Epoch [10/30], Loss: 1.7171
Epoch [15/30], Loss: 1.6414
Epoch [20/30], Loss: 1.6059
Epoch [25/30], Loss: 1.5964
Epoch [30/30], Loss: 1.5870
[02:47:03]     perm 30/50
Epoch [5/30], Loss: 1.7530
Epoch [10/30], Loss: 1.6848
Epoch [15/30], Loss: 1.5969
Epoch [20/30], Loss: 1.5628
Epoch [25/30], Loss: 1.5520
Epoch [30/30], Loss: 1.5415
Epoch [5/30], Loss: 1.7811
Epoch [10/30], Loss: 1.6942
Epoch [15/30], Loss: 1.6032
Epoch [20/30], Loss: 1.5605
Epoch [25/30], Loss: 1.5490
Epoch [30/30], Loss: 1.5386
Epoch [5/30], Loss: 1.8228
Epoch [10/30], Loss: 1.7468
Epoch [15/30], Loss: 1.6426
Epoch [20/30], Loss: 1.6040
Epoch [25/30], Loss: 1.5917
Epoch [30/30], Loss: 1.5806
Epoch [5/30], Loss: 1.7503
Epoch [10/30], Loss: 1.6670
Epoch [15/30], Loss: 1.5539
Epoch [20/30], Loss: 1.5084
Epoch [25/30], Loss: 1.4944
Epoch [30/30], Loss: 1.4814
Epoch [5/30], Loss: 1.7779
Epoch [10/30], Loss: 1.7008
Epoch [15/30], Loss: 1.6035
Epoch [20/30], Loss: 1.5655
Epoch [25/30], Loss: 1.5522
Epoch [30/30], Loss: 1.5412
Epoch [5/30], Loss: 1.7802
Epoch [10/30], Loss: 1.7105
Epoch [15/30], Loss: 1.6282
Epoch [20/30], Loss: 1.5893
Epoch [25/30], Loss: 1.5779
Epoch [30/30], Loss: 1.5670
Epoch [5/30], Loss: 1.7867
Epoch [10/30], Loss: 1.7288
Epoch [15/30], Loss: 1.6351
Epoch [20/30], Loss: 1.5996
Epoch [25/30], Loss: 1.5881
Epoch [30/30], Loss: 1.5770
Epoch [5/30], Loss: 1.7742
Epoch [10/30], Loss: 1.6965
Epoch [15/30], Loss: 1.5920
Epoch [20/30], Loss: 1.5517
Epoch [25/30], Loss: 1.5398
Epoch [30/30], Loss: 1.5270
Epoch [5/30], Loss: 1.7932
Epoch [10/30], Loss: 1.7256
Epoch [15/30], Loss: 1.6336
Epoch [20/30], Loss: 1.5986
Epoch [25/30], Loss: 1.5873
Epoch [30/30], Loss: 1.5769
Epoch [5/30], Loss: 1.8000
Epoch [10/30], Loss: 1.7333
Epoch [15/30], Loss: 1.6378
Epoch [20/30], Loss: 1.6047
Epoch [25/30], Loss: 1.5932
Epoch [30/30], Loss: 1.5839
Epoch [5/30], Loss: 1.8417
Epoch [10/30], Loss: 1.7637
Epoch [15/30], Loss: 1.6646
Epoch [20/30], Loss: 1.6196
Epoch [25/30], Loss: 1.6063
Epoch [30/30], Loss: 1.5949
Epoch [5/30], Loss: 1.8043
Epoch [10/30], Loss: 1.7376
Epoch [15/30], Loss: 1.6476
Epoch [20/30], Loss: 1.6115
Epoch [25/30], Loss: 1.6007
Epoch [30/30], Loss: 1.5901
Epoch [5/30], Loss: 1.7831
Epoch [10/30], Loss: 1.6689
Epoch [15/30], Loss: 1.5561
Epoch [20/30], Loss: 1.4965
Epoch [25/30], Loss: 1.4830
Epoch [30/30], Loss: 1.4700
Epoch [5/30], Loss: 1.7535
Epoch [10/30], Loss: 1.6558
Epoch [15/30], Loss: 1.5537
Epoch [20/30], Loss: 1.5203
Epoch [25/30], Loss: 1.5091
Epoch [30/30], Loss: 1.4979
Epoch [5/30], Loss: 1.7213
Epoch [10/30], Loss: 1.6134
Epoch [15/30], Loss: 1.4975
Epoch [20/30], Loss: 1.4579
Epoch [25/30], Loss: 1.4444
Epoch [30/30], Loss: 1.4324
Epoch [5/30], Loss: 1.7850
Epoch [10/30], Loss: 1.6909
Epoch [15/30], Loss: 1.5756
Epoch [20/30], Loss: 1.5373
Epoch [25/30], Loss: 1.5250
Epoch [30/30], Loss: 1.5140
Epoch [5/30], Loss: 1.7706
Epoch [10/30], Loss: 1.6570
Epoch [15/30], Loss: 1.5393
Epoch [20/30], Loss: 1.4936
Epoch [25/30], Loss: 1.4803
Epoch [30/30], Loss: 1.4682
Epoch [5/30], Loss: 1.7709
Epoch [10/30], Loss: 1.6748
Epoch [15/30], Loss: 1.5603
Epoch [20/30], Loss: 1.5146
Epoch [25/30], Loss: 1.5017
Epoch [30/30], Loss: 1.4895
Epoch [5/30], Loss: 1.7981
Epoch [10/30], Loss: 1.7116
Epoch [15/30], Loss: 1.6117
Epoch [20/30], Loss: 1.5698
Epoch [25/30], Loss: 1.5580
Epoch [30/30], Loss: 1.5459
Epoch [5/30], Loss: 1.7768
Epoch [10/30], Loss: 1.6975
Epoch [15/30], Loss: 1.5971
Epoch [20/30], Loss: 1.5595
Epoch [25/30], Loss: 1.5481
Epoch [30/30], Loss: 1.5370
Epoch [5/30], Loss: 1.7710
Epoch [10/30], Loss: 1.6979
Epoch [15/30], Loss: 1.6095
Epoch [20/30], Loss: 1.5758
Epoch [25/30], Loss: 1.5648
Epoch [30/30], Loss: 1.5540
Epoch [5/30], Loss: 1.7846
Epoch [10/30], Loss: 1.7082
Epoch [15/30], Loss: 1.6119
Epoch [20/30], Loss: 1.5788
Epoch [25/30], Loss: 1.5683
Epoch [30/30], Loss: 1.5566
Epoch [5/30], Loss: 1.7523
Epoch [10/30], Loss: 1.6589
Epoch [15/30], Loss: 1.5590
Epoch [20/30], Loss: 1.5135
Epoch [25/30], Loss: 1.5019
Epoch [30/30], Loss: 1.4907
Epoch [5/30], Loss: 1.7764
Epoch [10/30], Loss: 1.7004
Epoch [15/30], Loss: 1.6114
Epoch [20/30], Loss: 1.5719
Epoch [25/30], Loss: 1.5601
Epoch [30/30], Loss: 1.5498
Epoch [5/30], Loss: 1.7847
Epoch [10/30], Loss: 1.7138
Epoch [15/30], Loss: 1.6161
Epoch [20/30], Loss: 1.5758
Epoch [25/30], Loss: 1.5642
Epoch [30/30], Loss: 1.5526
Epoch [5/30], Loss: 1.7833
Epoch [10/30], Loss: 1.7110
Epoch [15/30], Loss: 1.6153
Epoch [20/30], Loss: 1.5719
Epoch [25/30], Loss: 1.5598
Epoch [30/30], Loss: 1.5487
Epoch [5/30], Loss: 1.7819
Epoch [10/30], Loss: 1.7136
Epoch [15/30], Loss: 1.6202
Epoch [20/30], Loss: 1.5840
Epoch [25/30], Loss: 1.5725
Epoch [30/30], Loss: 1.5614
Epoch [5/30], Loss: 1.8217
Epoch [10/30], Loss: 1.7465
Epoch [15/30], Loss: 1.6512
Epoch [20/30], Loss: 1.6194
Epoch [25/30], Loss: 1.6077
Epoch [30/30], Loss: 1.5968
Epoch [5/30], Loss: 1.7888
Epoch [10/30], Loss: 1.7116
Epoch [15/30], Loss: 1.6056
Epoch [20/30], Loss: 1.5678
Epoch [25/30], Loss: 1.5549
Epoch [30/30], Loss: 1.5430
Epoch [5/30], Loss: 1.8015
Epoch [10/30], Loss: 1.7329
Epoch [15/30], Loss: 1.6512
Epoch [20/30], Loss: 1.6120
Epoch [25/30], Loss: 1.6007
Epoch [30/30], Loss: 1.5906
Epoch [5/30], Loss: 1.8001
Epoch [10/30], Loss: 1.7409
Epoch [15/30], Loss: 1.6512
Epoch [20/30], Loss: 1.6191
Epoch [25/30], Loss: 1.6075
Epoch [30/30], Loss: 1.5975
Epoch [5/30], Loss: 1.8106
Epoch [10/30], Loss: 1.7366
Epoch [15/30], Loss: 1.6347
Epoch [20/30], Loss: 1.5993
Epoch [25/30], Loss: 1.5871
Epoch [30/30], Loss: 1.5756
Epoch [5/30], Loss: 1.7665
Epoch [10/30], Loss: 1.6996
Epoch [15/30], Loss: 1.6086
Epoch [20/30], Loss: 1.5740
Epoch [25/30], Loss: 1.5629
Epoch [30/30], Loss: 1.5527
Epoch [5/30], Loss: 1.8326
Epoch [10/30], Loss: 1.7660
Epoch [15/30], Loss: 1.6679
Epoch [20/30], Loss: 1.6341
Epoch [25/30], Loss: 1.6223
Epoch [30/30], Loss: 1.6111
Epoch [5/30], Loss: 1.8059
Epoch [10/30], Loss: 1.7304
Epoch [15/30], Loss: 1.6415
Epoch [20/30], Loss: 1.5952
Epoch [25/30], Loss: 1.5833
Epoch [30/30], Loss: 1.5722
Epoch [5/30], Loss: 1.8077
Epoch [10/30], Loss: 1.7394
Epoch [15/30], Loss: 1.6537
Epoch [20/30], Loss: 1.6192
Epoch [25/30], Loss: 1.6049
Epoch [30/30], Loss: 1.5937
Epoch [5/30], Loss: 1.7396
Epoch [10/30], Loss: 1.6504
Epoch [15/30], Loss: 1.5548
Epoch [20/30], Loss: 1.5163
Epoch [25/30], Loss: 1.5047
Epoch [30/30], Loss: 1.4947
Epoch [5/30], Loss: 1.7978
Epoch [10/30], Loss: 1.7178
Epoch [15/30], Loss: 1.6122
Epoch [20/30], Loss: 1.5744
Epoch [25/30], Loss: 1.5621
Epoch [30/30], Loss: 1.5498
Epoch [5/30], Loss: 1.7933
Epoch [10/30], Loss: 1.7126
Epoch [15/30], Loss: 1.6168
Epoch [20/30], Loss: 1.5828
Epoch [25/30], Loss: 1.5719
Epoch [30/30], Loss: 1.5616
Epoch [5/30], Loss: 1.7756
Epoch [10/30], Loss: 1.7080
Epoch [15/30], Loss: 1.6268
Epoch [20/30], Loss: 1.5947
Epoch [25/30], Loss: 1.5834
Epoch [30/30], Loss: 1.5733
Epoch [5/30], Loss: 1.7672
Epoch [10/30], Loss: 1.6692
Epoch [15/30], Loss: 1.5502
Epoch [20/30], Loss: 1.5133
Epoch [25/30], Loss: 1.5004
Epoch [30/30], Loss: 1.4889
Epoch [5/30], Loss: 1.7814
Epoch [10/30], Loss: 1.7052
Epoch [15/30], Loss: 1.6123
Epoch [20/30], Loss: 1.5693
Epoch [25/30], Loss: 1.5581
Epoch [30/30], Loss: 1.5473
Epoch [5/30], Loss: 1.7463
Epoch [10/30], Loss: 1.6740
Epoch [15/30], Loss: 1.5713
Epoch [20/30], Loss: 1.5350
Epoch [25/30], Loss: 1.5249
Epoch [30/30], Loss: 1.5135
Epoch [5/30], Loss: 1.8021
Epoch [10/30], Loss: 1.7352
Epoch [15/30], Loss: 1.6186
Epoch [20/30], Loss: 1.5761
Epoch [25/30], Loss: 1.5629
Epoch [30/30], Loss: 1.5502
Epoch [5/30], Loss: 1.7962
Epoch [10/30], Loss: 1.7337
Epoch [15/30], Loss: 1.6308
Epoch [20/30], Loss: 1.5949
Epoch [25/30], Loss: 1.5831
Epoch [30/30], Loss: 1.5722
Epoch [5/30], Loss: 1.7894
Epoch [10/30], Loss: 1.7179
Epoch [15/30], Loss: 1.6269
Epoch [20/30], Loss: 1.5911
Epoch [25/30], Loss: 1.5804
Epoch [30/30], Loss: 1.5705
Epoch [5/30], Loss: 1.8247
Epoch [10/30], Loss: 1.7470
Epoch [15/30], Loss: 1.6471
Epoch [20/30], Loss: 1.6092
Epoch [25/30], Loss: 1.5976
Epoch [30/30], Loss: 1.5864
Epoch [5/30], Loss: 1.8013
Epoch [10/30], Loss: 1.7375
Epoch [15/30], Loss: 1.6507
Epoch [20/30], Loss: 1.6113
Epoch [25/30], Loss: 1.6004
Epoch [30/30], Loss: 1.5897
Epoch [5/30], Loss: 1.7867
Epoch [10/30], Loss: 1.7232
Epoch [15/30], Loss: 1.6338
Epoch [20/30], Loss: 1.5981
Epoch [25/30], Loss: 1.5870
Epoch [30/30], Loss: 1.5764
Epoch [5/30], Loss: 1.7833
Epoch [10/30], Loss: 1.7324
Epoch [15/30], Loss: 1.6489
Epoch [20/30], Loss: 1.6142
Epoch [25/30], Loss: 1.6037
Epoch [30/30], Loss: 1.5936
Epoch [5/30], Loss: 1.7577
Epoch [10/30], Loss: 1.6942
Epoch [15/30], Loss: 1.5992
Epoch [20/30], Loss: 1.5610
Epoch [25/30], Loss: 1.5486
Epoch [30/30], Loss: 1.5365
Epoch [5/30], Loss: 1.8203
Epoch [10/30], Loss: 1.7396
Epoch [15/30], Loss: 1.6431
Epoch [20/30], Loss: 1.6056
Epoch [25/30], Loss: 1.5936
Epoch [30/30], Loss: 1.5825
Epoch [5/30], Loss: 1.8325
Epoch [10/30], Loss: 1.7709
Epoch [15/30], Loss: 1.6815
Epoch [20/30], Loss: 1.6464
Epoch [25/30], Loss: 1.6357
Epoch [30/30], Loss: 1.6240
Epoch [5/30], Loss: 1.8032
Epoch [10/30], Loss: 1.7426
Epoch [15/30], Loss: 1.6546
Epoch [20/30], Loss: 1.6195
Epoch [25/30], Loss: 1.6088
Epoch [30/30], Loss: 1.5975
Epoch [5/30], Loss: 1.8079
Epoch [10/30], Loss: 1.7463
Epoch [15/30], Loss: 1.6563
Epoch [20/30], Loss: 1.6137
Epoch [25/30], Loss: 1.6036
Epoch [30/30], Loss: 1.5931
Epoch [5/30], Loss: 1.7571
Epoch [10/30], Loss: 1.6671
Epoch [15/30], Loss: 1.5626
Epoch [20/30], Loss: 1.5243
Epoch [25/30], Loss: 1.5128
Epoch [30/30], Loss: 1.5010
Epoch [5/30], Loss: 1.7901
Epoch [10/30], Loss: 1.7225
Epoch [15/30], Loss: 1.6301
Epoch [20/30], Loss: 1.5917
Epoch [25/30], Loss: 1.5803
Epoch [30/30], Loss: 1.5701
Epoch [5/30], Loss: 1.7996
Epoch [10/30], Loss: 1.7072
Epoch [15/30], Loss: 1.5966
Epoch [20/30], Loss: 1.5486
Epoch [25/30], Loss: 1.5353
Epoch [30/30], Loss: 1.5228
Epoch [5/30], Loss: 1.7912
Epoch [10/30], Loss: 1.7229
Epoch [15/30], Loss: 1.6263
Epoch [20/30], Loss: 1.5921
Epoch [25/30], Loss: 1.5812
Epoch [30/30], Loss: 1.5706
Epoch [5/30], Loss: 1.7964
Epoch [10/30], Loss: 1.7289
Epoch [15/30], Loss: 1.6619
Epoch [20/30], Loss: 1.6207
Epoch [25/30], Loss: 1.6105
Epoch [30/30], Loss: 1.6011
[02:47:54]     perm 40/50
Epoch [5/30], Loss: 1.7881
Epoch [10/30], Loss: 1.7261
Epoch [15/30], Loss: 1.6457
Epoch [20/30], Loss: 1.6085
Epoch [25/30], Loss: 1.5985
Epoch [30/30], Loss: 1.5879
Epoch [5/30], Loss: 1.8318
Epoch [10/30], Loss: 1.7698
Epoch [15/30], Loss: 1.6952
Epoch [20/30], Loss: 1.6579
Epoch [25/30], Loss: 1.6472
Epoch [30/30], Loss: 1.6367
Epoch [5/30], Loss: 1.8117
Epoch [10/30], Loss: 1.7311
Epoch [15/30], Loss: 1.6206
Epoch [20/30], Loss: 1.5852
Epoch [25/30], Loss: 1.5721
Epoch [30/30], Loss: 1.5606
Epoch [5/30], Loss: 1.7807
Epoch [10/30], Loss: 1.7244
Epoch [15/30], Loss: 1.6372
Epoch [20/30], Loss: 1.5979
Epoch [25/30], Loss: 1.5853
Epoch [30/30], Loss: 1.5739
Epoch [5/30], Loss: 1.8266
Epoch [10/30], Loss: 1.7556
Epoch [15/30], Loss: 1.6563
Epoch [20/30], Loss: 1.6206
Epoch [25/30], Loss: 1.6084
Epoch [30/30], Loss: 1.5967
Epoch [5/30], Loss: 1.8080
Epoch [10/30], Loss: 1.7514
Epoch [15/30], Loss: 1.6639
Epoch [20/30], Loss: 1.6324
Epoch [25/30], Loss: 1.6206
Epoch [30/30], Loss: 1.6106
Epoch [5/30], Loss: 1.7925
Epoch [10/30], Loss: 1.7040
Epoch [15/30], Loss: 1.5985
Epoch [20/30], Loss: 1.5581
Epoch [25/30], Loss: 1.5455
Epoch [30/30], Loss: 1.5338
Epoch [5/30], Loss: 1.7509
Epoch [10/30], Loss: 1.6646
Epoch [15/30], Loss: 1.5627
Epoch [20/30], Loss: 1.5259
Epoch [25/30], Loss: 1.5145
Epoch [30/30], Loss: 1.5032
Epoch [5/30], Loss: 1.7836
Epoch [10/30], Loss: 1.6980
Epoch [15/30], Loss: 1.5945
Epoch [20/30], Loss: 1.5546
Epoch [25/30], Loss: 1.5424
Epoch [30/30], Loss: 1.5314
Epoch [5/30], Loss: 1.7592
Epoch [10/30], Loss: 1.6811
Epoch [15/30], Loss: 1.5785
Epoch [20/30], Loss: 1.5417
Epoch [25/30], Loss: 1.5302
Epoch [30/30], Loss: 1.5183
Epoch [5/30], Loss: 1.7804
Epoch [10/30], Loss: 1.7059
Epoch [15/30], Loss: 1.6091
Epoch [20/30], Loss: 1.5776
Epoch [25/30], Loss: 1.5671
Epoch [30/30], Loss: 1.5565
Epoch [5/30], Loss: 1.7735
Epoch [10/30], Loss: 1.6941
Epoch [15/30], Loss: 1.6106
Epoch [20/30], Loss: 1.5687
Epoch [25/30], Loss: 1.5580
Epoch [30/30], Loss: 1.5477
Epoch [5/30], Loss: 1.7809
Epoch [10/30], Loss: 1.7008
Epoch [15/30], Loss: 1.6129
Epoch [20/30], Loss: 1.5725
Epoch [25/30], Loss: 1.5610
Epoch [30/30], Loss: 1.5505
Epoch [5/30], Loss: 1.7921
Epoch [10/30], Loss: 1.7067
Epoch [15/30], Loss: 1.5978
Epoch [20/30], Loss: 1.5636
Epoch [25/30], Loss: 1.5512
Epoch [30/30], Loss: 1.5404
Epoch [5/30], Loss: 1.8214
Epoch [10/30], Loss: 1.7418
Epoch [15/30], Loss: 1.6427
Epoch [20/30], Loss: 1.6041
Epoch [25/30], Loss: 1.5920
Epoch [30/30], Loss: 1.5809
Epoch [5/30], Loss: 1.7486
Epoch [10/30], Loss: 1.6677
Epoch [15/30], Loss: 1.5802
Epoch [20/30], Loss: 1.5406
Epoch [25/30], Loss: 1.5299
Epoch [30/30], Loss: 1.5193
Epoch [5/30], Loss: 1.8370
Epoch [10/30], Loss: 1.7591
Epoch [15/30], Loss: 1.6629
Epoch [20/30], Loss: 1.6163
Epoch [25/30], Loss: 1.6046
Epoch [30/30], Loss: 1.5922
Epoch [5/30], Loss: 1.8132
Epoch [10/30], Loss: 1.7496
Epoch [15/30], Loss: 1.6775
Epoch [20/30], Loss: 1.6312
Epoch [25/30], Loss: 1.6203
Epoch [30/30], Loss: 1.6100
Epoch [5/30], Loss: 1.7777
Epoch [10/30], Loss: 1.7035
Epoch [15/30], Loss: 1.5940
Epoch [20/30], Loss: 1.5566
Epoch [25/30], Loss: 1.5445
Epoch [30/30], Loss: 1.5334
Epoch [5/30], Loss: 1.7863
Epoch [10/30], Loss: 1.7100
Epoch [15/30], Loss: 1.6094
Epoch [20/30], Loss: 1.5674
Epoch [25/30], Loss: 1.5538
Epoch [30/30], Loss: 1.5413
Epoch [5/30], Loss: 1.7734
Epoch [10/30], Loss: 1.6944
Epoch [15/30], Loss: 1.5870
Epoch [20/30], Loss: 1.5481
Epoch [25/30], Loss: 1.5356
Epoch [30/30], Loss: 1.5226
Epoch [5/30], Loss: 1.7709
Epoch [10/30], Loss: 1.6860
Epoch [15/30], Loss: 1.5738
Epoch [20/30], Loss: 1.5329
Epoch [25/30], Loss: 1.5192
Epoch [30/30], Loss: 1.5064
Epoch [5/30], Loss: 1.7935
Epoch [10/30], Loss: 1.7157
Epoch [15/30], Loss: 1.6194
Epoch [20/30], Loss: 1.5854
Epoch [25/30], Loss: 1.5743
Epoch [30/30], Loss: 1.5637
Epoch [5/30], Loss: 1.7898
Epoch [10/30], Loss: 1.7121
Epoch [15/30], Loss: 1.6039
Epoch [20/30], Loss: 1.5702
Epoch [25/30], Loss: 1.5579
Epoch [30/30], Loss: 1.5462
Epoch [5/30], Loss: 1.7934
Epoch [10/30], Loss: 1.7324
Epoch [15/30], Loss: 1.6372
Epoch [20/30], Loss: 1.6042
Epoch [25/30], Loss: 1.5924
Epoch [30/30], Loss: 1.5816
Epoch [5/30], Loss: 1.8101
Epoch [10/30], Loss: 1.7244
Epoch [15/30], Loss: 1.6119
Epoch [20/30], Loss: 1.5734
Epoch [25/30], Loss: 1.5606
Epoch [30/30], Loss: 1.5490
Epoch [5/30], Loss: 1.8155
Epoch [10/30], Loss: 1.7373
Epoch [15/30], Loss: 1.6310
Epoch [20/30], Loss: 1.5879
Epoch [25/30], Loss: 1.5757
Epoch [30/30], Loss: 1.5629
Epoch [5/30], Loss: 1.7973
Epoch [10/30], Loss: 1.7282
Epoch [15/30], Loss: 1.6391
Epoch [20/30], Loss: 1.6042
Epoch [25/30], Loss: 1.5938
Epoch [30/30], Loss: 1.5827
Epoch [5/30], Loss: 1.8197
Epoch [10/30], Loss: 1.7350
Epoch [15/30], Loss: 1.6241
Epoch [20/30], Loss: 1.5780
Epoch [25/30], Loss: 1.5639
Epoch [30/30], Loss: 1.5505
Epoch [5/30], Loss: 1.8118
Epoch [10/30], Loss: 1.7480
Epoch [15/30], Loss: 1.6570
Epoch [20/30], Loss: 1.6184
Epoch [25/30], Loss: 1.6073
Epoch [30/30], Loss: 1.5966
Epoch [5/30], Loss: 1.8181
Epoch [10/30], Loss: 1.7386
Epoch [15/30], Loss: 1.6411
Epoch [20/30], Loss: 1.6038
Epoch [25/30], Loss: 1.5924
Epoch [30/30], Loss: 1.5810
Epoch [5/30], Loss: 1.7748
Epoch [10/30], Loss: 1.6960
Epoch [15/30], Loss: 1.5886
Epoch [20/30], Loss: 1.5492
Epoch [25/30], Loss: 1.5362
Epoch [30/30], Loss: 1.5242
Epoch [5/30], Loss: 1.8248
Epoch [10/30], Loss: 1.7399
Epoch [15/30], Loss: 1.6347
Epoch [20/30], Loss: 1.5920
Epoch [25/30], Loss: 1.5795
Epoch [30/30], Loss: 1.5675
Epoch [5/30], Loss: 1.7437
Epoch [10/30], Loss: 1.6642
Epoch [15/30], Loss: 1.5785
Epoch [20/30], Loss: 1.5499
Epoch [25/30], Loss: 1.5398
Epoch [30/30], Loss: 1.5303
Epoch [5/30], Loss: 1.8112
Epoch [10/30], Loss: 1.7508
Epoch [15/30], Loss: 1.6542
Epoch [20/30], Loss: 1.6220
Epoch [25/30], Loss: 1.6107
Epoch [30/30], Loss: 1.6000
Epoch [5/30], Loss: 1.8008
Epoch [10/30], Loss: 1.7458
Epoch [15/30], Loss: 1.6586
Epoch [20/30], Loss: 1.6281
Epoch [25/30], Loss: 1.6179
Epoch [30/30], Loss: 1.6080
Epoch [5/30], Loss: 1.7998
Epoch [10/30], Loss: 1.7198
Epoch [15/30], Loss: 1.6029
Epoch [20/30], Loss: 1.5622
Epoch [25/30], Loss: 1.5485
Epoch [30/30], Loss: 1.5355
Epoch [5/30], Loss: 1.7583
Epoch [10/30], Loss: 1.6909
Epoch [15/30], Loss: 1.5870
Epoch [20/30], Loss: 1.5541
Epoch [25/30], Loss: 1.5431
Epoch [30/30], Loss: 1.5321
Epoch [5/30], Loss: 1.8142
Epoch [10/30], Loss: 1.7314
Epoch [15/30], Loss: 1.6240
Epoch [20/30], Loss: 1.5832
Epoch [25/30], Loss: 1.5705
Epoch [30/30], Loss: 1.5590
Epoch [5/30], Loss: 1.8154
Epoch [10/30], Loss: 1.7448
Epoch [15/30], Loss: 1.6471
Epoch [20/30], Loss: 1.6086
Epoch [25/30], Loss: 1.5961
Epoch [30/30], Loss: 1.5843
Epoch [5/30], Loss: 1.7928
Epoch [10/30], Loss: 1.7144
Epoch [15/30], Loss: 1.6139
Epoch [20/30], Loss: 1.5784
Epoch [25/30], Loss: 1.5660
Epoch [30/30], Loss: 1.5553
Epoch [5/30], Loss: 1.8129
Epoch [10/30], Loss: 1.7410
Epoch [15/30], Loss: 1.6526
Epoch [20/30], Loss: 1.6164
Epoch [25/30], Loss: 1.6042
Epoch [30/30], Loss: 1.5943
Epoch [5/30], Loss: 1.7758
Epoch [10/30], Loss: 1.7020
Epoch [15/30], Loss: 1.6058
Epoch [20/30], Loss: 1.5653
Epoch [25/30], Loss: 1.5543
Epoch [30/30], Loss: 1.5435
Epoch [5/30], Loss: 1.7498
Epoch [10/30], Loss: 1.6801
Epoch [15/30], Loss: 1.5957
Epoch [20/30], Loss: 1.5539
Epoch [25/30], Loss: 1.5422
Epoch [30/30], Loss: 1.5312
Epoch [5/30], Loss: 1.7803
Epoch [10/30], Loss: 1.6989
Epoch [15/30], Loss: 1.6000
Epoch [20/30], Loss: 1.5670
Epoch [25/30], Loss: 1.5559
Epoch [30/30], Loss: 1.5453
Epoch [5/30], Loss: 1.8274
Epoch [10/30], Loss: 1.7518
Epoch [15/30], Loss: 1.6576
Epoch [20/30], Loss: 1.6176
Epoch [25/30], Loss: 1.6056
Epoch [30/30], Loss: 1.5944
Epoch [5/30], Loss: 1.8080
Epoch [10/30], Loss: 1.7318
Epoch [15/30], Loss: 1.6419
Epoch [20/30], Loss: 1.6027
Epoch [25/30], Loss: 1.5912
Epoch [30/30], Loss: 1.5804
Epoch [5/30], Loss: 1.7997
Epoch [10/30], Loss: 1.7401
Epoch [15/30], Loss: 1.6581
Epoch [20/30], Loss: 1.6169
Epoch [25/30], Loss: 1.6058
Epoch [30/30], Loss: 1.5962
Epoch [5/30], Loss: 1.7645
Epoch [10/30], Loss: 1.6924
Epoch [15/30], Loss: 1.5919
Epoch [20/30], Loss: 1.5558
Epoch [25/30], Loss: 1.5436
Epoch [30/30], Loss: 1.5325
Epoch [5/30], Loss: 1.8013
Epoch [10/30], Loss: 1.7243
Epoch [15/30], Loss: 1.6257
Epoch [20/30], Loss: 1.5862
Epoch [25/30], Loss: 1.5748
Epoch [30/30], Loss: 1.5639
Epoch [5/30], Loss: 1.8438
Epoch [10/30], Loss: 1.7752
Epoch [15/30], Loss: 1.6807
Epoch [20/30], Loss: 1.6461
Epoch [25/30], Loss: 1.6351
Epoch [30/30], Loss: 1.6242
Epoch [5/30], Loss: 1.7847
Epoch [10/30], Loss: 1.7127
Epoch [15/30], Loss: 1.6176
Epoch [20/30], Loss: 1.5703
Epoch [25/30], Loss: 1.5582
Epoch [30/30], Loss: 1.5469
Epoch [5/30], Loss: 1.8178
Epoch [10/30], Loss: 1.7391
Epoch [15/30], Loss: 1.6434
Epoch [20/30], Loss: 1.6051
Epoch [25/30], Loss: 1.5935
Epoch [30/30], Loss: 1.5820
Epoch [5/30], Loss: 1.8064
Epoch [10/30], Loss: 1.7342
Epoch [15/30], Loss: 1.6336
Epoch [20/30], Loss: 1.5950
Epoch [25/30], Loss: 1.5831
Epoch [30/30], Loss: 1.5712
Epoch [5/30], Loss: 1.7837
Epoch [10/30], Loss: 1.6845
Epoch [15/30], Loss: 1.5670
Epoch [20/30], Loss: 1.5275
Epoch [25/30], Loss: 1.5135
Epoch [30/30], Loss: 1.5012
Epoch [5/30], Loss: 1.8363
Epoch [10/30], Loss: 1.7607
Epoch [15/30], Loss: 1.6533
Epoch [20/30], Loss: 1.6123
Epoch [25/30], Loss: 1.5996
Epoch [30/30], Loss: 1.5878
Epoch [5/30], Loss: 1.7524
Epoch [10/30], Loss: 1.6854
Epoch [15/30], Loss: 1.5931
Epoch [20/30], Loss: 1.5567
Epoch [25/30], Loss: 1.5455
Epoch [30/30], Loss: 1.5349
Epoch [5/30], Loss: 1.7934
Epoch [10/30], Loss: 1.7241
Epoch [15/30], Loss: 1.6422
Epoch [20/30], Loss: 1.6048
Epoch [25/30], Loss: 1.5934
Epoch [30/30], Loss: 1.5830
Epoch [5/30], Loss: 1.8206
Epoch [10/30], Loss: 1.7524
Epoch [15/30], Loss: 1.6655
Epoch [20/30], Loss: 1.6173
Epoch [25/30], Loss: 1.6049
Epoch [30/30], Loss: 1.5933
Epoch [5/30], Loss: 1.8014
Epoch [10/30], Loss: 1.7395
Epoch [15/30], Loss: 1.6628
Epoch [20/30], Loss: 1.6272
Epoch [25/30], Loss: 1.6172
Epoch [30/30], Loss: 1.6076
[02:48:45]     perm 50/50
[02:48:45]   [done] v3_MHC_en_A7_d8_ep30 252.4s  CF: S=-0.0201 I12=0.2152 share=-0.09360793296218843 accs=0.676/0.783/0.761
[02:48:45] === MHC_en / C1 duplicate-stream at d8_ep30 ===
Epoch [5/30], Loss: 1.7578
Epoch [10/30], Loss: 1.6658
Epoch [15/30], Loss: 1.5706
Epoch [20/30], Loss: 1.5352
Epoch [25/30], Loss: 1.5244
Epoch [30/30], Loss: 1.5145
Epoch [5/30], Loss: 1.7631
Epoch [10/30], Loss: 1.6505
Epoch [15/30], Loss: 1.5275
Epoch [20/30], Loss: 1.4858
Epoch [25/30], Loss: 1.4734
Epoch [30/30], Loss: 1.4619
Epoch [5/30], Loss: 1.7386
Epoch [10/30], Loss: 1.6447
Epoch [15/30], Loss: 1.5462
Epoch [20/30], Loss: 1.5043
Epoch [25/30], Loss: 1.4921
Epoch [30/30], Loss: 1.4817
Epoch [5/30], Loss: 1.7875
Epoch [10/30], Loss: 1.7069
Epoch [15/30], Loss: 1.6171
Epoch [20/30], Loss: 1.5839
Epoch [25/30], Loss: 1.5735
Epoch [30/30], Loss: 1.5641
Epoch [5/30], Loss: 1.7642
Epoch [10/30], Loss: 1.6807
Epoch [15/30], Loss: 1.5883
Epoch [20/30], Loss: 1.5534
Epoch [25/30], Loss: 1.5422
Epoch [30/30], Loss: 1.5327
Epoch [5/30], Loss: 1.7768
Epoch [10/30], Loss: 1.6910
Epoch [15/30], Loss: 1.5850
Epoch [20/30], Loss: 1.5478
Epoch [25/30], Loss: 1.5359
Epoch [30/30], Loss: 1.5254
[02:48:57]   [done] v3_MHC_en_C1dup_d8_ep30 10.1s  CF: S=-0.0000 I12=0.0548 share=-1.1442412474284975e-16 accs=0.676/0.685/0.674
[02:48:57] === MHC_en / C2 split-half at d8_ep30 ===
Epoch [5/30], Loss: 1.7504
Epoch [10/30], Loss: 1.6361
Epoch [15/30], Loss: 1.5213
Epoch [20/30], Loss: 1.4804
Epoch [25/30], Loss: 1.4677
Epoch [30/30], Loss: 1.4566
Epoch [5/30], Loss: 1.7488
Epoch [10/30], Loss: 1.6245
Epoch [15/30], Loss: 1.4958
Epoch [20/30], Loss: 1.4508
Epoch [25/30], Loss: 1.4375
Epoch [30/30], Loss: 1.4258
Epoch [5/30], Loss: 1.7096
Epoch [10/30], Loss: 1.5961
Epoch [15/30], Loss: 1.4759
Epoch [20/30], Loss: 1.4328
Epoch [25/30], Loss: 1.4193
Epoch [30/30], Loss: 1.4078
Epoch [5/30], Loss: 1.7659
Epoch [10/30], Loss: 1.6586
Epoch [15/30], Loss: 1.5368
Epoch [20/30], Loss: 1.4984
Epoch [25/30], Loss: 1.4853
Epoch [30/30], Loss: 1.4735
Epoch [5/30], Loss: 1.7569
Epoch [10/30], Loss: 1.6551
Epoch [15/30], Loss: 1.5316
Epoch [20/30], Loss: 1.4877
Epoch [25/30], Loss: 1.4728
Epoch [30/30], Loss: 1.4599
Epoch [5/30], Loss: 1.7355
Epoch [10/30], Loss: 1.6195
Epoch [15/30], Loss: 1.4980
Epoch [20/30], Loss: 1.4595
Epoch [25/30], Loss: 1.4463
Epoch [30/30], Loss: 1.4350
[02:49:07]   [done] v3_MHC_en_C2half_d8_ep30 10.1s  CF: S=-0.0000 I12=0.0565 share=-3.147537457732633e-16 accs=0.692/0.681/0.669
[02:49:43] === MHC_zh / A7_d8_ep30 (certified-dimension primary) ===
[02:49:43]   [ckpt] v3_MHC_zh_A7_d8_ep30
[02:49:43] === MHC_zh / C1 duplicate-stream at d8_ep30 ===
[02:49:45]   [ckpt] v3_MHC_zh_C1dup_d8_ep30
[02:49:45] === MHC_zh / C2 split-half at d8_ep30 ===
[02:49:45]   [ckpt] v3_MHC_zh_C2half_d8_ep30
[02:49:47] === MHC_zh / A7_d16_ep30 (certified-dimension primary) ===
[02:49:48]   [ckpt] v3_MHC_zh_A7_d16_ep30
[02:49:48] === MHC_zh / C1 duplicate-stream at d16_ep30 ===
[02:49:49]   [ckpt] v3_MHC_zh_C1dup_d16_ep30
[02:49:49] === MHC_zh / C2 split-half at d16_ep30 ===
[02:49:50]   [ckpt] v3_MHC_zh_C2half_d16_ep30
[02:49:51] === HateMM / A7_d8_ep30 (certified-dimension primary) ===
[02:49:53]   [ckpt] v3_HateMM_A7_d8_ep30
[02:49:53] === HateMM / C1 duplicate-stream at d8_ep30 ===
[02:49:55]   [ckpt] v3_HateMM_C1dup_d8_ep30
[02:49:55] === HateMM / C2 split-half at d8_ep30 ===
[02:49:55]   [ckpt] v3_HateMM_C2half_d8_ep30
[02:49:57] === HateMM / A7_d16_ep30 (certified-dimension primary) ===
[02:49:59]   [ckpt] v3_HateMM_A7_d16_ep30
[02:49:59] === HateMM / C1 duplicate-stream at d16_ep30 ===
[02:50:00]   [ckpt] v3_HateMM_C1dup_d16_ep30
[02:50:00] === HateMM / C2 split-half at d16_ep30 ===
[02:50:01]   [ckpt] v3_HateMM_C2half_d16_ep30
[02:50:02] === MHC_en / A7_d8_ep30 (certified-dimension primary) ===
[02:50:03]   [ckpt] v3_MHC_en_A7_d8_ep30
[02:50:03] === MHC_en / C1 duplicate-stream at d8_ep30 ===
[02:50:05]   [ckpt] v3_MHC_en_C1dup_d8_ep30
[02:50:05] === MHC_en / C2 split-half at d8_ep30 ===
[02:50:05]   [ckpt] v3_MHC_en_C2half_d8_ep30
[02:50:06] === MHC_en / A7_d16_ep30 (certified-dimension primary) ===
Epoch [5/30], Loss: 1.3881
Epoch [10/30], Loss: 1.1343
Epoch [15/30], Loss: 0.9512
Epoch [20/30], Loss: 0.8926
Epoch [25/30], Loss: 0.8732
Epoch [30/30], Loss: 0.8557
R: 0.2719, U1: 0.0000, U2: 0.1396, S: 0.1328
Epoch [5/30], Loss: 1.4622
Epoch [10/30], Loss: 1.1537
Epoch [15/30], Loss: 0.9652
Epoch [20/30], Loss: 0.8976
Epoch [25/30], Loss: 0.8770
Epoch [30/30], Loss: 0.8573
Epoch [5/30], Loss: 1.4183
Epoch [10/30], Loss: 1.1063
Epoch [15/30], Loss: 0.9172
Epoch [20/30], Loss: 0.8619
Epoch [25/30], Loss: 0.8425
Epoch [30/30], Loss: 0.8246
Epoch [5/30], Loss: 1.4620
Epoch [10/30], Loss: 1.1822
Epoch [15/30], Loss: 0.9806
Epoch [20/30], Loss: 0.9234
Epoch [25/30], Loss: 0.9038
Epoch [30/30], Loss: 0.8853
Epoch [5/30], Loss: 1.4775
Epoch [10/30], Loss: 1.1754
Epoch [15/30], Loss: 0.9708
Epoch [20/30], Loss: 0.9099
Epoch [25/30], Loss: 0.8877
Epoch [30/30], Loss: 0.8666
Epoch [5/30], Loss: 1.4933
Epoch [10/30], Loss: 1.1299
Epoch [15/30], Loss: 0.9100
Epoch [20/30], Loss: 0.8493
Epoch [25/30], Loss: 0.8287
Epoch [30/30], Loss: 0.8090
Epoch [5/30], Loss: 1.7437
Epoch [10/30], Loss: 1.5984
Epoch [15/30], Loss: 1.3869
Epoch [20/30], Loss: 1.3155
Epoch [25/30], Loss: 1.2891
Epoch [30/30], Loss: 1.2645
Epoch [5/30], Loss: 1.7698
Epoch [10/30], Loss: 1.6404
Epoch [15/30], Loss: 1.4334
Epoch [20/30], Loss: 1.3572
Epoch [25/30], Loss: 1.3314
Epoch [30/30], Loss: 1.3071
Epoch [5/30], Loss: 1.7338
Epoch [10/30], Loss: 1.5820
Epoch [15/30], Loss: 1.3748
Epoch [20/30], Loss: 1.3016
Epoch [25/30], Loss: 1.2758
Epoch [30/30], Loss: 1.2504
Epoch [5/30], Loss: 1.7485
Epoch [10/30], Loss: 1.6063
Epoch [15/30], Loss: 1.3908
Epoch [20/30], Loss: 1.3190
Epoch [25/30], Loss: 1.2950
Epoch [30/30], Loss: 1.2713
Epoch [5/30], Loss: 1.7680
Epoch [10/30], Loss: 1.6072
Epoch [15/30], Loss: 1.3908
Epoch [20/30], Loss: 1.3143
Epoch [25/30], Loss: 1.2894
Epoch [30/30], Loss: 1.2653
Epoch [5/30], Loss: 1.7692
Epoch [10/30], Loss: 1.6421
Epoch [15/30], Loss: 1.4501
Epoch [20/30], Loss: 1.3766
Epoch [25/30], Loss: 1.3519
Epoch [30/30], Loss: 1.3292
Epoch [5/30], Loss: 1.7801
Epoch [10/30], Loss: 1.6438
Epoch [15/30], Loss: 1.4518
Epoch [20/30], Loss: 1.3789
Epoch [25/30], Loss: 1.3545
Epoch [30/30], Loss: 1.3319
Epoch [5/30], Loss: 1.8024
Epoch [10/30], Loss: 1.6704
Epoch [15/30], Loss: 1.4550
Epoch [20/30], Loss: 1.3777
Epoch [25/30], Loss: 1.3512
Epoch [30/30], Loss: 1.3258
Epoch [5/30], Loss: 1.6969
Epoch [10/30], Loss: 1.5680
Epoch [15/30], Loss: 1.3828
Epoch [20/30], Loss: 1.3176
Epoch [25/30], Loss: 1.2943
Epoch [30/30], Loss: 1.2708
Epoch [5/30], Loss: 1.7488
Epoch [10/30], Loss: 1.6107
Epoch [15/30], Loss: 1.3957
Epoch [20/30], Loss: 1.3191
Epoch [25/30], Loss: 1.2944
Epoch [30/30], Loss: 1.2709
Epoch [5/30], Loss: 1.7922
Epoch [10/30], Loss: 1.6565
Epoch [15/30], Loss: 1.4445
Epoch [20/30], Loss: 1.3758
Epoch [25/30], Loss: 1.3509
Epoch [30/30], Loss: 1.3276
Epoch [5/30], Loss: 1.7892
Epoch [10/30], Loss: 1.6702
Epoch [15/30], Loss: 1.5039
Epoch [20/30], Loss: 1.4260
Epoch [25/30], Loss: 1.4020
Epoch [30/30], Loss: 1.3797
Epoch [5/30], Loss: 1.7588
Epoch [10/30], Loss: 1.6235
Epoch [15/30], Loss: 1.4135
Epoch [20/30], Loss: 1.3412
Epoch [25/30], Loss: 1.3152
Epoch [30/30], Loss: 1.2903
Epoch [5/30], Loss: 1.7749
Epoch [10/30], Loss: 1.6418
Epoch [15/30], Loss: 1.4381
Epoch [20/30], Loss: 1.3645
Epoch [25/30], Loss: 1.3386
Epoch [30/30], Loss: 1.3130
Epoch [5/30], Loss: 1.8026
Epoch [10/30], Loss: 1.6639
Epoch [15/30], Loss: 1.4562
Epoch [20/30], Loss: 1.3860
Epoch [25/30], Loss: 1.3620
Epoch [30/30], Loss: 1.3389
Epoch [5/30], Loss: 1.7316
Epoch [10/30], Loss: 1.5972
Epoch [15/30], Loss: 1.3951
Epoch [20/30], Loss: 1.3167
Epoch [25/30], Loss: 1.2918
Epoch [30/30], Loss: 1.2676
Epoch [5/30], Loss: 1.7675
Epoch [10/30], Loss: 1.6490
Epoch [15/30], Loss: 1.4458
Epoch [20/30], Loss: 1.3751
Epoch [25/30], Loss: 1.3500
Epoch [30/30], Loss: 1.3265
Epoch [5/30], Loss: 1.7801
Epoch [10/30], Loss: 1.6634
Epoch [15/30], Loss: 1.4967
Epoch [20/30], Loss: 1.4261
Epoch [25/30], Loss: 1.4034
Epoch [30/30], Loss: 1.3817
Epoch [5/30], Loss: 1.7311
Epoch [10/30], Loss: 1.5736
Epoch [15/30], Loss: 1.3644
Epoch [20/30], Loss: 1.2867
Epoch [25/30], Loss: 1.2611
Epoch [30/30], Loss: 1.2370
Epoch [5/30], Loss: 1.7911
Epoch [10/30], Loss: 1.6551
Epoch [15/30], Loss: 1.4425
Epoch [20/30], Loss: 1.3622
Epoch [25/30], Loss: 1.3356
Epoch [30/30], Loss: 1.3100
Epoch [5/30], Loss: 1.7506
Epoch [10/30], Loss: 1.5772
Epoch [15/30], Loss: 1.3310
Epoch [20/30], Loss: 1.2503
Epoch [25/30], Loss: 1.2235
Epoch [30/30], Loss: 1.1980
Epoch [5/30], Loss: 1.7609
Epoch [10/30], Loss: 1.6088
Epoch [15/30], Loss: 1.3913
Epoch [20/30], Loss: 1.3072
Epoch [25/30], Loss: 1.2811
Epoch [30/30], Loss: 1.2565
Epoch [5/30], Loss: 1.7358
Epoch [10/30], Loss: 1.5912
Epoch [15/30], Loss: 1.3751
Epoch [20/30], Loss: 1.2967
Epoch [25/30], Loss: 1.2699
Epoch [30/30], Loss: 1.2441
Epoch [5/30], Loss: 1.7488
Epoch [10/30], Loss: 1.6239
Epoch [15/30], Loss: 1.4331
Epoch [20/30], Loss: 1.3499
Epoch [25/30], Loss: 1.3250
Epoch [30/30], Loss: 1.2999
Epoch [5/30], Loss: 1.7542
Epoch [10/30], Loss: 1.5913
Epoch [15/30], Loss: 1.3533
Epoch [20/30], Loss: 1.2745
Epoch [25/30], Loss: 1.2480
Epoch [30/30], Loss: 1.2230
Epoch [5/30], Loss: 1.7717
Epoch [10/30], Loss: 1.6212
Epoch [15/30], Loss: 1.3930
Epoch [20/30], Loss: 1.3212
Epoch [25/30], Loss: 1.2943
Epoch [30/30], Loss: 1.2682
Epoch [5/30], Loss: 1.7553
Epoch [10/30], Loss: 1.6027
Epoch [15/30], Loss: 1.3677
Epoch [20/30], Loss: 1.2833
Epoch [25/30], Loss: 1.2550
Epoch [30/30], Loss: 1.2282
Epoch [5/30], Loss: 1.7366
Epoch [10/30], Loss: 1.5918
Epoch [15/30], Loss: 1.3708
Epoch [20/30], Loss: 1.2954
Epoch [25/30], Loss: 1.2683
Epoch [30/30], Loss: 1.2426
Epoch [5/30], Loss: 1.7921
Epoch [10/30], Loss: 1.6391
Epoch [15/30], Loss: 1.4056
Epoch [20/30], Loss: 1.3310
Epoch [25/30], Loss: 1.3046
Epoch [30/30], Loss: 1.2792
Epoch [5/30], Loss: 1.7696
Epoch [10/30], Loss: 1.6374
Epoch [15/30], Loss: 1.4217
Epoch [20/30], Loss: 1.3450
Epoch [25/30], Loss: 1.3196
Epoch [30/30], Loss: 1.2979
Epoch [5/30], Loss: 1.6967
Epoch [10/30], Loss: 1.5614
Epoch [15/30], Loss: 1.3840
Epoch [20/30], Loss: 1.3249
Epoch [25/30], Loss: 1.3036
Epoch [30/30], Loss: 1.2829
Epoch [5/30], Loss: 1.8042
Epoch [10/30], Loss: 1.6568
Epoch [15/30], Loss: 1.4602
Epoch [20/30], Loss: 1.3823
Epoch [25/30], Loss: 1.3589
Epoch [30/30], Loss: 1.3362
Epoch [5/30], Loss: 1.7893
Epoch [10/30], Loss: 1.6218
Epoch [15/30], Loss: 1.3859
Epoch [20/30], Loss: 1.3136
Epoch [25/30], Loss: 1.2859
Epoch [30/30], Loss: 1.2632
Epoch [5/30], Loss: 1.8113
Epoch [10/30], Loss: 1.6717
Epoch [15/30], Loss: 1.4770
Epoch [20/30], Loss: 1.4004
Epoch [25/30], Loss: 1.3761
Epoch [30/30], Loss: 1.3535
Epoch [5/30], Loss: 1.7770
Epoch [10/30], Loss: 1.6491
Epoch [15/30], Loss: 1.4367
Epoch [20/30], Loss: 1.3661
Epoch [25/30], Loss: 1.3400
Epoch [30/30], Loss: 1.3146
Epoch [5/30], Loss: 1.7875
Epoch [10/30], Loss: 1.6618
Epoch [15/30], Loss: 1.4750
Epoch [20/30], Loss: 1.4048
Epoch [25/30], Loss: 1.3805
Epoch [30/30], Loss: 1.3582
Epoch [5/30], Loss: 1.7856
Epoch [10/30], Loss: 1.6399
Epoch [15/30], Loss: 1.4460
Epoch [20/30], Loss: 1.3751
Epoch [25/30], Loss: 1.3515
Epoch [30/30], Loss: 1.3285
Epoch [5/30], Loss: 1.7647
Epoch [10/30], Loss: 1.6473
Epoch [15/30], Loss: 1.4845
Epoch [20/30], Loss: 1.4137
Epoch [25/30], Loss: 1.3906
Epoch [30/30], Loss: 1.3681
Epoch [5/30], Loss: 1.7801
Epoch [10/30], Loss: 1.6475
Epoch [15/30], Loss: 1.4296
Epoch [20/30], Loss: 1.3530
Epoch [25/30], Loss: 1.3269
Epoch [30/30], Loss: 1.3010
Epoch [5/30], Loss: 1.7679
Epoch [10/30], Loss: 1.6285
Epoch [15/30], Loss: 1.4058
Epoch [20/30], Loss: 1.3308
Epoch [25/30], Loss: 1.3034
Epoch [30/30], Loss: 1.2777
Epoch [5/30], Loss: 1.8010
Epoch [10/30], Loss: 1.6754
Epoch [15/30], Loss: 1.4897
Epoch [20/30], Loss: 1.4243
Epoch [25/30], Loss: 1.4009
Epoch [30/30], Loss: 1.3789
Epoch [5/30], Loss: 1.7929
Epoch [10/30], Loss: 1.6760
Epoch [15/30], Loss: 1.4906
Epoch [20/30], Loss: 1.4180
Epoch [25/30], Loss: 1.3936
Epoch [30/30], Loss: 1.3712
Epoch [5/30], Loss: 1.7802
Epoch [10/30], Loss: 1.6455
Epoch [15/30], Loss: 1.4456
Epoch [20/30], Loss: 1.3771
Epoch [25/30], Loss: 1.3528
Epoch [30/30], Loss: 1.3303
Epoch [5/30], Loss: 1.7840
Epoch [10/30], Loss: 1.6493
Epoch [15/30], Loss: 1.4496
Epoch [20/30], Loss: 1.3682
Epoch [25/30], Loss: 1.3413
Epoch [30/30], Loss: 1.3160
Epoch [5/30], Loss: 1.7535
Epoch [10/30], Loss: 1.6129
Epoch [15/30], Loss: 1.4030
Epoch [20/30], Loss: 1.3298
Epoch [25/30], Loss: 1.3056
Epoch [30/30], Loss: 1.2820
Epoch [5/30], Loss: 1.7632
Epoch [10/30], Loss: 1.6140
Epoch [15/30], Loss: 1.3873
Epoch [20/30], Loss: 1.3136
Epoch [25/30], Loss: 1.2877
Epoch [30/30], Loss: 1.2627
Epoch [5/30], Loss: 1.7502
Epoch [10/30], Loss: 1.6181
Epoch [15/30], Loss: 1.4198
Epoch [20/30], Loss: 1.3507
Epoch [25/30], Loss: 1.3265
Epoch [30/30], Loss: 1.3039
Epoch [5/30], Loss: 1.7596
Epoch [10/30], Loss: 1.6437
Epoch [15/30], Loss: 1.4626
Epoch [20/30], Loss: 1.3893
Epoch [25/30], Loss: 1.3659
Epoch [30/30], Loss: 1.3438
Epoch [5/30], Loss: 1.7389
Epoch [10/30], Loss: 1.5795
Epoch [15/30], Loss: 1.3713
Epoch [20/30], Loss: 1.2975
Epoch [25/30], Loss: 1.2726
Epoch [30/30], Loss: 1.2500
Epoch [5/30], Loss: 1.7363
Epoch [10/30], Loss: 1.5915
Epoch [15/30], Loss: 1.3841
Epoch [20/30], Loss: 1.3177
Epoch [25/30], Loss: 1.2936
Epoch [30/30], Loss: 1.2705
Epoch [5/30], Loss: 1.7532
Epoch [10/30], Loss: 1.6071
Epoch [15/30], Loss: 1.3902
Epoch [20/30], Loss: 1.3149
Epoch [25/30], Loss: 1.2886
Epoch [30/30], Loss: 1.2629
Epoch [5/30], Loss: 1.7909
Epoch [10/30], Loss: 1.6320
Epoch [15/30], Loss: 1.4164
Epoch [20/30], Loss: 1.3411
Epoch [25/30], Loss: 1.3159
Epoch [30/30], Loss: 1.2917
Epoch [5/30], Loss: 1.7356
Epoch [10/30], Loss: 1.5876
Epoch [15/30], Loss: 1.3749
Epoch [20/30], Loss: 1.3044
Epoch [25/30], Loss: 1.2807
Epoch [30/30], Loss: 1.2586
Epoch [5/30], Loss: 1.7678
Epoch [10/30], Loss: 1.6285
Epoch [15/30], Loss: 1.4389
Epoch [20/30], Loss: 1.3553
Epoch [25/30], Loss: 1.3314
Epoch [30/30], Loss: 1.3097
Epoch [5/30], Loss: 1.7455
Epoch [10/30], Loss: 1.5926
Epoch [15/30], Loss: 1.3676
Epoch [20/30], Loss: 1.2901
Epoch [25/30], Loss: 1.2645
Epoch [30/30], Loss: 1.2408
Epoch [5/30], Loss: 1.7416
Epoch [10/30], Loss: 1.6037
Epoch [15/30], Loss: 1.4138
Epoch [20/30], Loss: 1.3458
Epoch [25/30], Loss: 1.3222
Epoch [30/30], Loss: 1.3001
Epoch [5/30], Loss: 1.7660
Epoch [10/30], Loss: 1.6304
Epoch [15/30], Loss: 1.4296
Epoch [20/30], Loss: 1.3544
Epoch [25/30], Loss: 1.3298
Epoch [30/30], Loss: 1.3060
Epoch [5/30], Loss: 1.8242
Epoch [10/30], Loss: 1.6794
Epoch [15/30], Loss: 1.4578
Epoch [20/30], Loss: 1.3794
Epoch [25/30], Loss: 1.3533
Epoch [30/30], Loss: 1.3287
Epoch [5/30], Loss: 1.7221
Epoch [10/30], Loss: 1.5811
Epoch [15/30], Loss: 1.3844
Epoch [20/30], Loss: 1.3159
Epoch [25/30], Loss: 1.2919
Epoch [30/30], Loss: 1.2695
Epoch [5/30], Loss: 1.7736
Epoch [10/30], Loss: 1.6373
Epoch [15/30], Loss: 1.4380
Epoch [20/30], Loss: 1.3632
Epoch [25/30], Loss: 1.3390
Epoch [30/30], Loss: 1.3163
[02:51:10]     perm 10/50
Epoch [5/30], Loss: 1.7684
Epoch [10/30], Loss: 1.6290
Epoch [15/30], Loss: 1.4208
Epoch [20/30], Loss: 1.3388
Epoch [25/30], Loss: 1.3130
Epoch [30/30], Loss: 1.2879
Epoch [5/30], Loss: 1.7375
Epoch [10/30], Loss: 1.6138
Epoch [15/30], Loss: 1.4145
Epoch [20/30], Loss: 1.3376
Epoch [25/30], Loss: 1.3131
Epoch [30/30], Loss: 1.2880
Epoch [5/30], Loss: 1.7871
Epoch [10/30], Loss: 1.6326
Epoch [15/30], Loss: 1.4068
Epoch [20/30], Loss: 1.3332
Epoch [25/30], Loss: 1.3081
Epoch [30/30], Loss: 1.2827
Epoch [5/30], Loss: 1.8057
Epoch [10/30], Loss: 1.6493
Epoch [15/30], Loss: 1.4008
Epoch [20/30], Loss: 1.3173
Epoch [25/30], Loss: 1.2881
Epoch [30/30], Loss: 1.2610
Epoch [5/30], Loss: 1.7464
Epoch [10/30], Loss: 1.5943
Epoch [15/30], Loss: 1.3816
Epoch [20/30], Loss: 1.3088
Epoch [25/30], Loss: 1.2828
Epoch [30/30], Loss: 1.2588
Epoch [5/30], Loss: 1.7781
Epoch [10/30], Loss: 1.6501
Epoch [15/30], Loss: 1.4578
Epoch [20/30], Loss: 1.3842
Epoch [25/30], Loss: 1.3613
Epoch [30/30], Loss: 1.3384
Epoch [5/30], Loss: 1.8063
Epoch [10/30], Loss: 1.6701
Epoch [15/30], Loss: 1.4743
Epoch [20/30], Loss: 1.3985
Epoch [25/30], Loss: 1.3732
Epoch [30/30], Loss: 1.3501
Epoch [5/30], Loss: 1.7327
Epoch [10/30], Loss: 1.6063
Epoch [15/30], Loss: 1.4114
Epoch [20/30], Loss: 1.3404
Epoch [25/30], Loss: 1.3154
Epoch [30/30], Loss: 1.2916
Epoch [5/30], Loss: 1.7469
Epoch [10/30], Loss: 1.5931
Epoch [15/30], Loss: 1.3640
Epoch [20/30], Loss: 1.2885
Epoch [25/30], Loss: 1.2622
Epoch [30/30], Loss: 1.2364
Epoch [5/30], Loss: 1.7577
Epoch [10/30], Loss: 1.6118
Epoch [15/30], Loss: 1.4166
Epoch [20/30], Loss: 1.3459
Epoch [25/30], Loss: 1.3216
Epoch [30/30], Loss: 1.2985
Epoch [5/30], Loss: 1.7810
Epoch [10/30], Loss: 1.6165
Epoch [15/30], Loss: 1.4057
Epoch [20/30], Loss: 1.3308
Epoch [25/30], Loss: 1.3060
Epoch [30/30], Loss: 1.2818
Epoch [5/30], Loss: 1.7737
Epoch [10/30], Loss: 1.6426
Epoch [15/30], Loss: 1.4639
Epoch [20/30], Loss: 1.3851
Epoch [25/30], Loss: 1.3604
Epoch [30/30], Loss: 1.3381
Epoch [5/30], Loss: 1.7889
Epoch [10/30], Loss: 1.6367
Epoch [15/30], Loss: 1.4178
Epoch [20/30], Loss: 1.3354
Epoch [25/30], Loss: 1.3080
Epoch [30/30], Loss: 1.2812
Epoch [5/30], Loss: 1.7677
Epoch [10/30], Loss: 1.6242
Epoch [15/30], Loss: 1.4260
Epoch [20/30], Loss: 1.3552
Epoch [25/30], Loss: 1.3318
Epoch [30/30], Loss: 1.3089
Epoch [5/30], Loss: 1.7937
Epoch [10/30], Loss: 1.6516
Epoch [15/30], Loss: 1.4311
Epoch [20/30], Loss: 1.3545
Epoch [25/30], Loss: 1.3298
Epoch [30/30], Loss: 1.3061
Epoch [5/30], Loss: 1.7513
Epoch [10/30], Loss: 1.6048
Epoch [15/30], Loss: 1.3903
Epoch [20/30], Loss: 1.3139
Epoch [25/30], Loss: 1.2879
Epoch [30/30], Loss: 1.2631
Epoch [5/30], Loss: 1.7323
Epoch [10/30], Loss: 1.5810
Epoch [15/30], Loss: 1.3606
Epoch [20/30], Loss: 1.2827
Epoch [25/30], Loss: 1.2560
Epoch [30/30], Loss: 1.2301
Epoch [5/30], Loss: 1.7852
Epoch [10/30], Loss: 1.6654
Epoch [15/30], Loss: 1.4921
Epoch [20/30], Loss: 1.4117
Epoch [25/30], Loss: 1.3868
Epoch [30/30], Loss: 1.3617
Epoch [5/30], Loss: 1.7323
Epoch [10/30], Loss: 1.5944
Epoch [15/30], Loss: 1.3815
Epoch [20/30], Loss: 1.3108
Epoch [25/30], Loss: 1.2861
Epoch [30/30], Loss: 1.2625
Epoch [5/30], Loss: 1.7797
Epoch [10/30], Loss: 1.6214
Epoch [15/30], Loss: 1.3983
Epoch [20/30], Loss: 1.3197
Epoch [25/30], Loss: 1.2935
Epoch [30/30], Loss: 1.2681
Epoch [5/30], Loss: 1.7562
Epoch [10/30], Loss: 1.6226
Epoch [15/30], Loss: 1.4272
Epoch [20/30], Loss: 1.3593
Epoch [25/30], Loss: 1.3356
Epoch [30/30], Loss: 1.3121
Epoch [5/30], Loss: 1.7710
Epoch [10/30], Loss: 1.6458
Epoch [15/30], Loss: 1.4536
Epoch [20/30], Loss: 1.3855
Epoch [25/30], Loss: 1.3609
Epoch [30/30], Loss: 1.3377
Epoch [5/30], Loss: 1.7663
Epoch [10/30], Loss: 1.6255
Epoch [15/30], Loss: 1.4267
Epoch [20/30], Loss: 1.3531
Epoch [25/30], Loss: 1.3275
Epoch [30/30], Loss: 1.3032
Epoch [5/30], Loss: 1.7774
Epoch [10/30], Loss: 1.6704
Epoch [15/30], Loss: 1.5082
Epoch [20/30], Loss: 1.4382
Epoch [25/30], Loss: 1.4147
Epoch [30/30], Loss: 1.3928
Epoch [5/30], Loss: 1.7495
Epoch [10/30], Loss: 1.6224
Epoch [15/30], Loss: 1.4249
Epoch [20/30], Loss: 1.3542
Epoch [25/30], Loss: 1.3285
Epoch [30/30], Loss: 1.3037
Epoch [5/30], Loss: 1.7227
Epoch [10/30], Loss: 1.5760
Epoch [15/30], Loss: 1.3736
Epoch [20/30], Loss: 1.3052
Epoch [25/30], Loss: 1.2811
Epoch [30/30], Loss: 1.2572
Epoch [5/30], Loss: 1.8126
Epoch [10/30], Loss: 1.6896
Epoch [15/30], Loss: 1.5052
Epoch [20/30], Loss: 1.4411
Epoch [25/30], Loss: 1.4171
Epoch [30/30], Loss: 1.3949
Epoch [5/30], Loss: 1.7907
Epoch [10/30], Loss: 1.6427
Epoch [15/30], Loss: 1.4226
Epoch [20/30], Loss: 1.3432
Epoch [25/30], Loss: 1.3158
Epoch [30/30], Loss: 1.2903
Epoch [5/30], Loss: 1.7924
Epoch [10/30], Loss: 1.6588
Epoch [15/30], Loss: 1.4384
Epoch [20/30], Loss: 1.3665
Epoch [25/30], Loss: 1.3399
Epoch [30/30], Loss: 1.3134
Epoch [5/30], Loss: 1.7821
Epoch [10/30], Loss: 1.6848
Epoch [15/30], Loss: 1.5020
Epoch [20/30], Loss: 1.4299
Epoch [25/30], Loss: 1.4069
Epoch [30/30], Loss: 1.3842
Epoch [5/30], Loss: 1.7305
Epoch [10/30], Loss: 1.5396
Epoch [15/30], Loss: 1.2882
Epoch [20/30], Loss: 1.2060
Epoch [25/30], Loss: 1.1781
Epoch [30/30], Loss: 1.1521
Epoch [5/30], Loss: 1.7781
Epoch [10/30], Loss: 1.6194
Epoch [15/30], Loss: 1.3892
Epoch [20/30], Loss: 1.3077
Epoch [25/30], Loss: 1.2808
Epoch [30/30], Loss: 1.2531
Epoch [5/30], Loss: 1.8039
Epoch [10/30], Loss: 1.6249
Epoch [15/30], Loss: 1.3604
Epoch [20/30], Loss: 1.2716
Epoch [25/30], Loss: 1.2421
Epoch [30/30], Loss: 1.2136
Epoch [5/30], Loss: 1.7527
Epoch [10/30], Loss: 1.5990
Epoch [15/30], Loss: 1.4016
Epoch [20/30], Loss: 1.3240
Epoch [25/30], Loss: 1.2991
Epoch [30/30], Loss: 1.2756
Epoch [5/30], Loss: 1.7466
Epoch [10/30], Loss: 1.6021
Epoch [15/30], Loss: 1.3935
Epoch [20/30], Loss: 1.3140
Epoch [25/30], Loss: 1.2890
Epoch [30/30], Loss: 1.2650
Epoch [5/30], Loss: 1.7549
Epoch [10/30], Loss: 1.6105
Epoch [15/30], Loss: 1.3956
Epoch [20/30], Loss: 1.3228
Epoch [25/30], Loss: 1.2957
Epoch [30/30], Loss: 1.2710
Epoch [5/30], Loss: 1.7451
Epoch [10/30], Loss: 1.5942
Epoch [15/30], Loss: 1.3759
Epoch [20/30], Loss: 1.2966
Epoch [25/30], Loss: 1.2694
Epoch [30/30], Loss: 1.2446
Epoch [5/30], Loss: 1.7631
Epoch [10/30], Loss: 1.6159
Epoch [15/30], Loss: 1.4167
Epoch [20/30], Loss: 1.3459
Epoch [25/30], Loss: 1.3210
Epoch [30/30], Loss: 1.2979
Epoch [5/30], Loss: 1.8029
Epoch [10/30], Loss: 1.6377
Epoch [15/30], Loss: 1.4104
Epoch [20/30], Loss: 1.3321
Epoch [25/30], Loss: 1.3058
Epoch [30/30], Loss: 1.2811
Epoch [5/30], Loss: 1.7410
Epoch [10/30], Loss: 1.5789
Epoch [15/30], Loss: 1.3386
Epoch [20/30], Loss: 1.2604
Epoch [25/30], Loss: 1.2330
Epoch [30/30], Loss: 1.2073
Epoch [5/30], Loss: 1.7282
Epoch [10/30], Loss: 1.5887
Epoch [15/30], Loss: 1.3801
Epoch [20/30], Loss: 1.3050
Epoch [25/30], Loss: 1.2787
Epoch [30/30], Loss: 1.2518
Epoch [5/30], Loss: 1.7654
Epoch [10/30], Loss: 1.6449
Epoch [15/30], Loss: 1.4696
Epoch [20/30], Loss: 1.4023
Epoch [25/30], Loss: 1.3796
Epoch [30/30], Loss: 1.3572
Epoch [5/30], Loss: 1.7117
Epoch [10/30], Loss: 1.5756
Epoch [15/30], Loss: 1.3688
Epoch [20/30], Loss: 1.2990
Epoch [25/30], Loss: 1.2739
Epoch [30/30], Loss: 1.2504
Epoch [5/30], Loss: 1.7794
Epoch [10/30], Loss: 1.6065
Epoch [15/30], Loss: 1.3621
Epoch [20/30], Loss: 1.2861
Epoch [25/30], Loss: 1.2598
Epoch [30/30], Loss: 1.2347
Epoch [5/30], Loss: 1.7566
Epoch [10/30], Loss: 1.5957
Epoch [15/30], Loss: 1.3803
Epoch [20/30], Loss: 1.3113
Epoch [25/30], Loss: 1.2857
Epoch [30/30], Loss: 1.2617
Epoch [5/30], Loss: 1.8010
Epoch [10/30], Loss: 1.6436
Epoch [15/30], Loss: 1.4087
Epoch [20/30], Loss: 1.3332
Epoch [25/30], Loss: 1.3067
Epoch [30/30], Loss: 1.2822
Epoch [5/30], Loss: 1.7628
Epoch [10/30], Loss: 1.6165
Epoch [15/30], Loss: 1.4091
Epoch [20/30], Loss: 1.3316
Epoch [25/30], Loss: 1.3068
Epoch [30/30], Loss: 1.2829
Epoch [5/30], Loss: 1.7648
Epoch [10/30], Loss: 1.6229
Epoch [15/30], Loss: 1.4423
Epoch [20/30], Loss: 1.3638
Epoch [25/30], Loss: 1.3401
Epoch [30/30], Loss: 1.3168
Epoch [5/30], Loss: 1.7745
Epoch [10/30], Loss: 1.6335
Epoch [15/30], Loss: 1.4024
Epoch [20/30], Loss: 1.3262
Epoch [25/30], Loss: 1.2992
Epoch [30/30], Loss: 1.2741
Epoch [5/30], Loss: 1.7582
Epoch [10/30], Loss: 1.5858
Epoch [15/30], Loss: 1.3464
Epoch [20/30], Loss: 1.2683
Epoch [25/30], Loss: 1.2408
Epoch [30/30], Loss: 1.2163
Epoch [5/30], Loss: 1.7246
Epoch [10/30], Loss: 1.5669
Epoch [15/30], Loss: 1.3722
Epoch [20/30], Loss: 1.3000
Epoch [25/30], Loss: 1.2767
Epoch [30/30], Loss: 1.2545
Epoch [5/30], Loss: 1.7498
Epoch [10/30], Loss: 1.5927
Epoch [15/30], Loss: 1.3873
Epoch [20/30], Loss: 1.3098
Epoch [25/30], Loss: 1.2843
Epoch [30/30], Loss: 1.2592
Epoch [5/30], Loss: 1.7658
Epoch [10/30], Loss: 1.6156
Epoch [15/30], Loss: 1.4068
Epoch [20/30], Loss: 1.3316
Epoch [25/30], Loss: 1.3068
Epoch [30/30], Loss: 1.2823
Epoch [5/30], Loss: 1.7544
Epoch [10/30], Loss: 1.6075
Epoch [15/30], Loss: 1.4141
Epoch [20/30], Loss: 1.3410
Epoch [25/30], Loss: 1.3186
Epoch [30/30], Loss: 1.2966
Epoch [5/30], Loss: 1.7408
Epoch [10/30], Loss: 1.5832
Epoch [15/30], Loss: 1.3712
Epoch [20/30], Loss: 1.2978
Epoch [25/30], Loss: 1.2735
Epoch [30/30], Loss: 1.2501
Epoch [5/30], Loss: 1.7564
Epoch [10/30], Loss: 1.6067
Epoch [15/30], Loss: 1.3700
Epoch [20/30], Loss: 1.2930
Epoch [25/30], Loss: 1.2684
Epoch [30/30], Loss: 1.2439
Epoch [5/30], Loss: 1.7511
Epoch [10/30], Loss: 1.5738
Epoch [15/30], Loss: 1.3424
Epoch [20/30], Loss: 1.2658
Epoch [25/30], Loss: 1.2407
Epoch [30/30], Loss: 1.2175
Epoch [5/30], Loss: 1.7338
Epoch [10/30], Loss: 1.5453
Epoch [15/30], Loss: 1.3001
Epoch [20/30], Loss: 1.2216
Epoch [25/30], Loss: 1.1948
Epoch [30/30], Loss: 1.1695
Epoch [5/30], Loss: 1.7119
Epoch [10/30], Loss: 1.5425
Epoch [15/30], Loss: 1.3181
Epoch [20/30], Loss: 1.2471
Epoch [25/30], Loss: 1.2225
Epoch [30/30], Loss: 1.1992
Epoch [5/30], Loss: 1.7426
Epoch [10/30], Loss: 1.5793
Epoch [15/30], Loss: 1.3607
Epoch [20/30], Loss: 1.2823
Epoch [25/30], Loss: 1.2571
Epoch [30/30], Loss: 1.2335
[02:52:01]     perm 20/50
Epoch [5/30], Loss: 1.7763
Epoch [10/30], Loss: 1.6238
Epoch [15/30], Loss: 1.4094
Epoch [20/30], Loss: 1.3316
Epoch [25/30], Loss: 1.3052
Epoch [30/30], Loss: 1.2798
Epoch [5/30], Loss: 1.8028
Epoch [10/30], Loss: 1.6838
Epoch [15/30], Loss: 1.4877
Epoch [20/30], Loss: 1.4174
Epoch [25/30], Loss: 1.3921
Epoch [30/30], Loss: 1.3680
Epoch [5/30], Loss: 1.7560
Epoch [10/30], Loss: 1.6224
Epoch [15/30], Loss: 1.4201
Epoch [20/30], Loss: 1.3480
Epoch [25/30], Loss: 1.3227
Epoch [30/30], Loss: 1.2981
Epoch [5/30], Loss: 1.7851
Epoch [10/30], Loss: 1.6426
Epoch [15/30], Loss: 1.4400
Epoch [20/30], Loss: 1.3706
Epoch [25/30], Loss: 1.3457
Epoch [30/30], Loss: 1.3217
Epoch [5/30], Loss: 1.7500
Epoch [10/30], Loss: 1.6084
Epoch [15/30], Loss: 1.3977
Epoch [20/30], Loss: 1.3183
Epoch [25/30], Loss: 1.2917
Epoch [30/30], Loss: 1.2668
Epoch [5/30], Loss: 1.7810
Epoch [10/30], Loss: 1.6375
Epoch [15/30], Loss: 1.4259
Epoch [20/30], Loss: 1.3334
Epoch [25/30], Loss: 1.3050
Epoch [30/30], Loss: 1.2785
Epoch [5/30], Loss: 1.7526
Epoch [10/30], Loss: 1.6185
Epoch [15/30], Loss: 1.3985
Epoch [20/30], Loss: 1.3201
Epoch [25/30], Loss: 1.2921
Epoch [30/30], Loss: 1.2656
Epoch [5/30], Loss: 1.7527
Epoch [10/30], Loss: 1.5932
Epoch [15/30], Loss: 1.3644
Epoch [20/30], Loss: 1.2843
Epoch [25/30], Loss: 1.2572
Epoch [30/30], Loss: 1.2323
Epoch [5/30], Loss: 1.7278
Epoch [10/30], Loss: 1.5729
Epoch [15/30], Loss: 1.3325
Epoch [20/30], Loss: 1.2497
Epoch [25/30], Loss: 1.2216
Epoch [30/30], Loss: 1.1960
Epoch [5/30], Loss: 1.7930
Epoch [10/30], Loss: 1.6254
Epoch [15/30], Loss: 1.3685
Epoch [20/30], Loss: 1.2779
Epoch [25/30], Loss: 1.2472
Epoch [30/30], Loss: 1.2173
Epoch [5/30], Loss: 1.7545
Epoch [10/30], Loss: 1.5887
Epoch [15/30], Loss: 1.3648
Epoch [20/30], Loss: 1.2887
Epoch [25/30], Loss: 1.2618
Epoch [30/30], Loss: 1.2365
Epoch [5/30], Loss: 1.7623
Epoch [10/30], Loss: 1.5988
Epoch [15/30], Loss: 1.3632
Epoch [20/30], Loss: 1.2882
Epoch [25/30], Loss: 1.2631
Epoch [30/30], Loss: 1.2396
Epoch [5/30], Loss: 1.7758
Epoch [10/30], Loss: 1.6260
Epoch [15/30], Loss: 1.4033
Epoch [20/30], Loss: 1.3293
Epoch [25/30], Loss: 1.3038
Epoch [30/30], Loss: 1.2800
Epoch [5/30], Loss: 1.7783
Epoch [10/30], Loss: 1.6284
Epoch [15/30], Loss: 1.4213
Epoch [20/30], Loss: 1.3462
Epoch [25/30], Loss: 1.3219
Epoch [30/30], Loss: 1.2983
Epoch [5/30], Loss: 1.8122
Epoch [10/30], Loss: 1.6586
Epoch [15/30], Loss: 1.4389
Epoch [20/30], Loss: 1.3630
Epoch [25/30], Loss: 1.3373
Epoch [30/30], Loss: 1.3142
Epoch [5/30], Loss: 1.7536
Epoch [10/30], Loss: 1.6137
Epoch [15/30], Loss: 1.4042
Epoch [20/30], Loss: 1.3327
Epoch [25/30], Loss: 1.3042
Epoch [30/30], Loss: 1.2783
Epoch [5/30], Loss: 1.7470
Epoch [10/30], Loss: 1.5989
Epoch [15/30], Loss: 1.3951
Epoch [20/30], Loss: 1.3239
Epoch [25/30], Loss: 1.2997
Epoch [30/30], Loss: 1.2767
Epoch [5/30], Loss: 1.7715
Epoch [10/30], Loss: 1.6246
Epoch [15/30], Loss: 1.4221
Epoch [20/30], Loss: 1.3276
Epoch [25/30], Loss: 1.3021
Epoch [30/30], Loss: 1.2783
Epoch [5/30], Loss: 1.7281
Epoch [10/30], Loss: 1.5765
Epoch [15/30], Loss: 1.3503
Epoch [20/30], Loss: 1.2756
Epoch [25/30], Loss: 1.2496
Epoch [30/30], Loss: 1.2251
Epoch [5/30], Loss: 1.7537
Epoch [10/30], Loss: 1.6033
Epoch [15/30], Loss: 1.4066
Epoch [20/30], Loss: 1.3343
Epoch [25/30], Loss: 1.3105
Epoch [30/30], Loss: 1.2878
Epoch [5/30], Loss: 1.7277
Epoch [10/30], Loss: 1.5475
Epoch [15/30], Loss: 1.3102
Epoch [20/30], Loss: 1.2337
Epoch [25/30], Loss: 1.2074
Epoch [30/30], Loss: 1.1817
Epoch [5/30], Loss: 1.7499
Epoch [10/30], Loss: 1.5982
Epoch [15/30], Loss: 1.3672
Epoch [20/30], Loss: 1.2934
Epoch [25/30], Loss: 1.2670
Epoch [30/30], Loss: 1.2417
Epoch [5/30], Loss: 1.7720
Epoch [10/30], Loss: 1.6353
Epoch [15/30], Loss: 1.4168
Epoch [20/30], Loss: 1.3416
Epoch [25/30], Loss: 1.3140
Epoch [30/30], Loss: 1.2880
Epoch [5/30], Loss: 1.7650
Epoch [10/30], Loss: 1.6117
Epoch [15/30], Loss: 1.4096
Epoch [20/30], Loss: 1.3318
Epoch [25/30], Loss: 1.3068
Epoch [30/30], Loss: 1.2831
Epoch [5/30], Loss: 1.7295
Epoch [10/30], Loss: 1.5957
Epoch [15/30], Loss: 1.3930
Epoch [20/30], Loss: 1.3242
Epoch [25/30], Loss: 1.2986
Epoch [30/30], Loss: 1.2748
Epoch [5/30], Loss: 1.7461
Epoch [10/30], Loss: 1.6007
Epoch [15/30], Loss: 1.3678
Epoch [20/30], Loss: 1.2851
Epoch [25/30], Loss: 1.2574
Epoch [30/30], Loss: 1.2314
Epoch [5/30], Loss: 1.7310
Epoch [10/30], Loss: 1.5875
Epoch [15/30], Loss: 1.3774
Epoch [20/30], Loss: 1.3020
Epoch [25/30], Loss: 1.2766
Epoch [30/30], Loss: 1.2531
Epoch [5/30], Loss: 1.8013
Epoch [10/30], Loss: 1.6691
Epoch [15/30], Loss: 1.4423
Epoch [20/30], Loss: 1.3708
Epoch [25/30], Loss: 1.3450
Epoch [30/30], Loss: 1.3181
Epoch [5/30], Loss: 1.7611
Epoch [10/30], Loss: 1.6264
Epoch [15/30], Loss: 1.4212
Epoch [20/30], Loss: 1.3486
Epoch [25/30], Loss: 1.3216
Epoch [30/30], Loss: 1.2954
Epoch [5/30], Loss: 1.7578
Epoch [10/30], Loss: 1.6317
Epoch [15/30], Loss: 1.4339
Epoch [20/30], Loss: 1.3645
Epoch [25/30], Loss: 1.3407
Epoch [30/30], Loss: 1.3191
Epoch [5/30], Loss: 1.7980
Epoch [10/30], Loss: 1.6711
Epoch [15/30], Loss: 1.4545
Epoch [20/30], Loss: 1.3872
Epoch [25/30], Loss: 1.3622
Epoch [30/30], Loss: 1.3383
Epoch [5/30], Loss: 1.7590
Epoch [10/30], Loss: 1.6123
Epoch [15/30], Loss: 1.4005
Epoch [20/30], Loss: 1.3265
Epoch [25/30], Loss: 1.3008
Epoch [30/30], Loss: 1.2765
Epoch [5/30], Loss: 1.7806
Epoch [10/30], Loss: 1.6665
Epoch [15/30], Loss: 1.4648
Epoch [20/30], Loss: 1.3928
Epoch [25/30], Loss: 1.3671
Epoch [30/30], Loss: 1.3430
Epoch [5/30], Loss: 1.7813
Epoch [10/30], Loss: 1.6350
Epoch [15/30], Loss: 1.4275
Epoch [20/30], Loss: 1.3564
Epoch [25/30], Loss: 1.3310
Epoch [30/30], Loss: 1.3062
Epoch [5/30], Loss: 1.7845
Epoch [10/30], Loss: 1.6436
Epoch [15/30], Loss: 1.4402
Epoch [20/30], Loss: 1.3618
Epoch [25/30], Loss: 1.3358
Epoch [30/30], Loss: 1.3108
Epoch [5/30], Loss: 1.7871
Epoch [10/30], Loss: 1.6622
Epoch [15/30], Loss: 1.4745
Epoch [20/30], Loss: 1.4019
Epoch [25/30], Loss: 1.3774
Epoch [30/30], Loss: 1.3548
Epoch [5/30], Loss: 1.7978
Epoch [10/30], Loss: 1.6610
Epoch [15/30], Loss: 1.4654
Epoch [20/30], Loss: 1.3945
Epoch [25/30], Loss: 1.3710
Epoch [30/30], Loss: 1.3476
Epoch [5/30], Loss: 1.7302
Epoch [10/30], Loss: 1.5981
Epoch [15/30], Loss: 1.4167
Epoch [20/30], Loss: 1.3494
Epoch [25/30], Loss: 1.3263
Epoch [30/30], Loss: 1.3038
Epoch [5/30], Loss: 1.7873
Epoch [10/30], Loss: 1.6224
Epoch [15/30], Loss: 1.3786
Epoch [20/30], Loss: 1.2956
Epoch [25/30], Loss: 1.2692
Epoch [30/30], Loss: 1.2444
Epoch [5/30], Loss: 1.7934
Epoch [10/30], Loss: 1.6509
Epoch [15/30], Loss: 1.4490
Epoch [20/30], Loss: 1.3781
Epoch [25/30], Loss: 1.3532
Epoch [30/30], Loss: 1.3295
Epoch [5/30], Loss: 1.6732
Epoch [10/30], Loss: 1.5576
Epoch [15/30], Loss: 1.3776
Epoch [20/30], Loss: 1.3088
Epoch [25/30], Loss: 1.2856
Epoch [30/30], Loss: 1.2634
Epoch [5/30], Loss: 1.7688
Epoch [10/30], Loss: 1.6430
Epoch [15/30], Loss: 1.4819
Epoch [20/30], Loss: 1.4124
Epoch [25/30], Loss: 1.3901
Epoch [30/30], Loss: 1.3689
Epoch [5/30], Loss: 1.7656
Epoch [10/30], Loss: 1.5831
Epoch [15/30], Loss: 1.3522
Epoch [20/30], Loss: 1.2722
Epoch [25/30], Loss: 1.2466
Epoch [30/30], Loss: 1.2225
Epoch [5/30], Loss: 1.7871
Epoch [10/30], Loss: 1.6246
Epoch [15/30], Loss: 1.3899
Epoch [20/30], Loss: 1.3145
Epoch [25/30], Loss: 1.2879
Epoch [30/30], Loss: 1.2629
Epoch [5/30], Loss: 1.7519
Epoch [10/30], Loss: 1.5984
Epoch [15/30], Loss: 1.3794
Epoch [20/30], Loss: 1.3022
Epoch [25/30], Loss: 1.2768
Epoch [30/30], Loss: 1.2519
Epoch [5/30], Loss: 1.7518
Epoch [10/30], Loss: 1.5908
Epoch [15/30], Loss: 1.3767
Epoch [20/30], Loss: 1.2948
Epoch [25/30], Loss: 1.2691
Epoch [30/30], Loss: 1.2456
Epoch [5/30], Loss: 1.6841
Epoch [10/30], Loss: 1.5149
Epoch [15/30], Loss: 1.2948
Epoch [20/30], Loss: 1.2209
Epoch [25/30], Loss: 1.1961
Epoch [30/30], Loss: 1.1717
Epoch [5/30], Loss: 1.7559
Epoch [10/30], Loss: 1.6267
Epoch [15/30], Loss: 1.4427
Epoch [20/30], Loss: 1.3709
Epoch [25/30], Loss: 1.3475
Epoch [30/30], Loss: 1.3272
Epoch [5/30], Loss: 1.7468
Epoch [10/30], Loss: 1.6140
Epoch [15/30], Loss: 1.4184
Epoch [20/30], Loss: 1.3500
Epoch [25/30], Loss: 1.3267
Epoch [30/30], Loss: 1.3050
Epoch [5/30], Loss: 1.7739
Epoch [10/30], Loss: 1.6338
Epoch [15/30], Loss: 1.4104
Epoch [20/30], Loss: 1.3379
Epoch [25/30], Loss: 1.3109
Epoch [30/30], Loss: 1.2856
Epoch [5/30], Loss: 1.7506
Epoch [10/30], Loss: 1.6343
Epoch [15/30], Loss: 1.4576
Epoch [20/30], Loss: 1.3940
Epoch [25/30], Loss: 1.3712
Epoch [30/30], Loss: 1.3482
Epoch [5/30], Loss: 1.7879
Epoch [10/30], Loss: 1.6494
Epoch [15/30], Loss: 1.4262
Epoch [20/30], Loss: 1.3478
Epoch [25/30], Loss: 1.3218
Epoch [30/30], Loss: 1.2964
Epoch [5/30], Loss: 1.7888
Epoch [10/30], Loss: 1.6490
Epoch [15/30], Loss: 1.4411
Epoch [20/30], Loss: 1.3521
Epoch [25/30], Loss: 1.3250
Epoch [30/30], Loss: 1.2988
Epoch [5/30], Loss: 1.7767
Epoch [10/30], Loss: 1.6597
Epoch [15/30], Loss: 1.4806
Epoch [20/30], Loss: 1.4039
Epoch [25/30], Loss: 1.3797
Epoch [30/30], Loss: 1.3567
Epoch [5/30], Loss: 1.7885
Epoch [10/30], Loss: 1.6262
Epoch [15/30], Loss: 1.4418
Epoch [20/30], Loss: 1.3570
Epoch [25/30], Loss: 1.3322
Epoch [30/30], Loss: 1.3097
Epoch [5/30], Loss: 1.7254
Epoch [10/30], Loss: 1.5692
Epoch [15/30], Loss: 1.3717
Epoch [20/30], Loss: 1.2995
Epoch [25/30], Loss: 1.2753
Epoch [30/30], Loss: 1.2520
Epoch [5/30], Loss: 1.7274
Epoch [10/30], Loss: 1.5889
Epoch [15/30], Loss: 1.3841
Epoch [20/30], Loss: 1.3130
Epoch [25/30], Loss: 1.2876
Epoch [30/30], Loss: 1.2643
Epoch [5/30], Loss: 1.7302
Epoch [10/30], Loss: 1.5607
Epoch [15/30], Loss: 1.3353
Epoch [20/30], Loss: 1.2632
Epoch [25/30], Loss: 1.2389
Epoch [30/30], Loss: 1.2153
Epoch [5/30], Loss: 1.7176
Epoch [10/30], Loss: 1.5445
Epoch [15/30], Loss: 1.3335
Epoch [20/30], Loss: 1.2589
Epoch [25/30], Loss: 1.2338
Epoch [30/30], Loss: 1.2100
Epoch [5/30], Loss: 1.7418
Epoch [10/30], Loss: 1.6054
Epoch [15/30], Loss: 1.4269
Epoch [20/30], Loss: 1.3480
Epoch [25/30], Loss: 1.3253
Epoch [30/30], Loss: 1.3030
[02:52:52]     perm 30/50
Epoch [5/30], Loss: 1.7427
Epoch [10/30], Loss: 1.6193
Epoch [15/30], Loss: 1.4423
Epoch [20/30], Loss: 1.3780
Epoch [25/30], Loss: 1.3552
Epoch [30/30], Loss: 1.3332
Epoch [5/30], Loss: 1.7544
Epoch [10/30], Loss: 1.5956
Epoch [15/30], Loss: 1.3809
Epoch [20/30], Loss: 1.3058
Epoch [25/30], Loss: 1.2806
Epoch [30/30], Loss: 1.2570
Epoch [5/30], Loss: 1.7759
Epoch [10/30], Loss: 1.6221
Epoch [15/30], Loss: 1.3987
Epoch [20/30], Loss: 1.3244
Epoch [25/30], Loss: 1.2983
Epoch [30/30], Loss: 1.2736
Epoch [5/30], Loss: 1.7222
Epoch [10/30], Loss: 1.5789
Epoch [15/30], Loss: 1.3516
Epoch [20/30], Loss: 1.2723
Epoch [25/30], Loss: 1.2438
Epoch [30/30], Loss: 1.2157
Epoch [5/30], Loss: 1.7616
Epoch [10/30], Loss: 1.6272
Epoch [15/30], Loss: 1.4073
Epoch [20/30], Loss: 1.3312
Epoch [25/30], Loss: 1.3021
Epoch [30/30], Loss: 1.2759
Epoch [5/30], Loss: 1.7464
Epoch [10/30], Loss: 1.6025
Epoch [15/30], Loss: 1.4220
Epoch [20/30], Loss: 1.3445
Epoch [25/30], Loss: 1.3209
Epoch [30/30], Loss: 1.2979
Epoch [5/30], Loss: 1.7603
Epoch [10/30], Loss: 1.6346
Epoch [15/30], Loss: 1.4099
Epoch [20/30], Loss: 1.3338
Epoch [25/30], Loss: 1.3064
Epoch [30/30], Loss: 1.2796
Epoch [5/30], Loss: 1.7483
Epoch [10/30], Loss: 1.6048
Epoch [15/30], Loss: 1.3769
Epoch [20/30], Loss: 1.2985
Epoch [25/30], Loss: 1.2720
Epoch [30/30], Loss: 1.2449
Epoch [5/30], Loss: 1.7694
Epoch [10/30], Loss: 1.6333
Epoch [15/30], Loss: 1.4212
Epoch [20/30], Loss: 1.3443
Epoch [25/30], Loss: 1.3168
Epoch [30/30], Loss: 1.2912
Epoch [5/30], Loss: 1.7896
Epoch [10/30], Loss: 1.6715
Epoch [15/30], Loss: 1.4791
Epoch [20/30], Loss: 1.4111
Epoch [25/30], Loss: 1.3863
Epoch [30/30], Loss: 1.3636
Epoch [5/30], Loss: 1.8159
Epoch [10/30], Loss: 1.6722
Epoch [15/30], Loss: 1.4600
Epoch [20/30], Loss: 1.3795
Epoch [25/30], Loss: 1.3522
Epoch [30/30], Loss: 1.3268
Epoch [5/30], Loss: 1.7887
Epoch [10/30], Loss: 1.6775
Epoch [15/30], Loss: 1.4835
Epoch [20/30], Loss: 1.4053
Epoch [25/30], Loss: 1.3804
Epoch [30/30], Loss: 1.3562
Epoch [5/30], Loss: 1.7509
Epoch [10/30], Loss: 1.5626
Epoch [15/30], Loss: 1.3277
Epoch [20/30], Loss: 1.2376
Epoch [25/30], Loss: 1.2104
Epoch [30/30], Loss: 1.1844
Epoch [5/30], Loss: 1.7211
Epoch [10/30], Loss: 1.5364
Epoch [15/30], Loss: 1.3250
Epoch [20/30], Loss: 1.2542
Epoch [25/30], Loss: 1.2293
Epoch [30/30], Loss: 1.2052
Epoch [5/30], Loss: 1.6692
Epoch [10/30], Loss: 1.4713
Epoch [15/30], Loss: 1.2492
Epoch [20/30], Loss: 1.1769
Epoch [25/30], Loss: 1.1537
Epoch [30/30], Loss: 1.1323
Epoch [5/30], Loss: 1.7781
Epoch [10/30], Loss: 1.5904
Epoch [15/30], Loss: 1.3415
Epoch [20/30], Loss: 1.2650
Epoch [25/30], Loss: 1.2379
Epoch [30/30], Loss: 1.2128
Epoch [5/30], Loss: 1.7266
Epoch [10/30], Loss: 1.5225
Epoch [15/30], Loss: 1.3084
Epoch [20/30], Loss: 1.2316
Epoch [25/30], Loss: 1.2065
Epoch [30/30], Loss: 1.1829
Epoch [5/30], Loss: 1.7318
Epoch [10/30], Loss: 1.5470
Epoch [15/30], Loss: 1.3178
Epoch [20/30], Loss: 1.2412
Epoch [25/30], Loss: 1.2182
Epoch [30/30], Loss: 1.1955
Epoch [5/30], Loss: 1.7870
Epoch [10/30], Loss: 1.6431
Epoch [15/30], Loss: 1.4186
Epoch [20/30], Loss: 1.3377
Epoch [25/30], Loss: 1.3116
Epoch [30/30], Loss: 1.2862
Epoch [5/30], Loss: 1.7685
Epoch [10/30], Loss: 1.6263
Epoch [15/30], Loss: 1.4086
Epoch [20/30], Loss: 1.3310
Epoch [25/30], Loss: 1.3049
Epoch [30/30], Loss: 1.2796
Epoch [5/30], Loss: 1.7711
Epoch [10/30], Loss: 1.6299
Epoch [15/30], Loss: 1.4247
Epoch [20/30], Loss: 1.3523
Epoch [25/30], Loss: 1.3274
Epoch [30/30], Loss: 1.3028
Epoch [5/30], Loss: 1.7859
Epoch [10/30], Loss: 1.6238
Epoch [15/30], Loss: 1.3730
Epoch [20/30], Loss: 1.2958
Epoch [25/30], Loss: 1.2683
Epoch [30/30], Loss: 1.2412
Epoch [5/30], Loss: 1.7495
Epoch [10/30], Loss: 1.5951
Epoch [15/30], Loss: 1.3888
Epoch [20/30], Loss: 1.3087
Epoch [25/30], Loss: 1.2833
Epoch [30/30], Loss: 1.2588
Epoch [5/30], Loss: 1.7639
Epoch [10/30], Loss: 1.6167
Epoch [15/30], Loss: 1.4099
Epoch [20/30], Loss: 1.3260
Epoch [25/30], Loss: 1.3003
Epoch [30/30], Loss: 1.2766
Epoch [5/30], Loss: 1.7626
Epoch [10/30], Loss: 1.6250
Epoch [15/30], Loss: 1.4156
Epoch [20/30], Loss: 1.3421
Epoch [25/30], Loss: 1.3169
Epoch [30/30], Loss: 1.2920
Epoch [5/30], Loss: 1.7438
Epoch [10/30], Loss: 1.5979
Epoch [15/30], Loss: 1.3769
Epoch [20/30], Loss: 1.2943
Epoch [25/30], Loss: 1.2674
Epoch [30/30], Loss: 1.2420
Epoch [5/30], Loss: 1.7609
Epoch [10/30], Loss: 1.6232
Epoch [15/30], Loss: 1.4178
Epoch [20/30], Loss: 1.3420
Epoch [25/30], Loss: 1.3170
Epoch [30/30], Loss: 1.2933
Epoch [5/30], Loss: 1.7992
Epoch [10/30], Loss: 1.6546
Epoch [15/30], Loss: 1.4344
Epoch [20/30], Loss: 1.3575
Epoch [25/30], Loss: 1.3286
Epoch [30/30], Loss: 1.3018
Epoch [5/30], Loss: 1.7646
Epoch [10/30], Loss: 1.6445
Epoch [15/30], Loss: 1.4606
Epoch [20/30], Loss: 1.3943
Epoch [25/30], Loss: 1.3702
Epoch [30/30], Loss: 1.3475
Epoch [5/30], Loss: 1.7780
Epoch [10/30], Loss: 1.6670
Epoch [15/30], Loss: 1.5088
Epoch [20/30], Loss: 1.4399
Epoch [25/30], Loss: 1.4172
Epoch [30/30], Loss: 1.3957
Epoch [5/30], Loss: 1.7636
Epoch [10/30], Loss: 1.6212
Epoch [15/30], Loss: 1.4143
Epoch [20/30], Loss: 1.3429
Epoch [25/30], Loss: 1.3175
Epoch [30/30], Loss: 1.2944
Epoch [5/30], Loss: 1.7784
Epoch [10/30], Loss: 1.6473
Epoch [15/30], Loss: 1.4337
Epoch [20/30], Loss: 1.3571
Epoch [25/30], Loss: 1.3303
Epoch [30/30], Loss: 1.3042
Epoch [5/30], Loss: 1.7207
Epoch [10/30], Loss: 1.5562
Epoch [15/30], Loss: 1.3312
Epoch [20/30], Loss: 1.2564
Epoch [25/30], Loss: 1.2303
Epoch [30/30], Loss: 1.2066
Epoch [5/30], Loss: 1.7878
Epoch [10/30], Loss: 1.6330
Epoch [15/30], Loss: 1.4084
Epoch [20/30], Loss: 1.3352
Epoch [25/30], Loss: 1.3095
Epoch [30/30], Loss: 1.2846
Epoch [5/30], Loss: 1.7814
Epoch [10/30], Loss: 1.6353
Epoch [15/30], Loss: 1.4246
Epoch [20/30], Loss: 1.3502
Epoch [25/30], Loss: 1.3261
Epoch [30/30], Loss: 1.3031
Epoch [5/30], Loss: 1.7528
Epoch [10/30], Loss: 1.6117
Epoch [15/30], Loss: 1.4062
Epoch [20/30], Loss: 1.3316
Epoch [25/30], Loss: 1.3055
Epoch [30/30], Loss: 1.2829
Epoch [5/30], Loss: 1.7262
Epoch [10/30], Loss: 1.5697
Epoch [15/30], Loss: 1.3704
Epoch [20/30], Loss: 1.2961
Epoch [25/30], Loss: 1.2722
Epoch [30/30], Loss: 1.2508
Epoch [5/30], Loss: 1.7611
Epoch [10/30], Loss: 1.6124
Epoch [15/30], Loss: 1.4116
Epoch [20/30], Loss: 1.3439
Epoch [25/30], Loss: 1.3195
Epoch [30/30], Loss: 1.2956
Epoch [5/30], Loss: 1.7655
Epoch [10/30], Loss: 1.5927
Epoch [15/30], Loss: 1.3642
Epoch [20/30], Loss: 1.2863
Epoch [25/30], Loss: 1.2600
Epoch [30/30], Loss: 1.2353
Epoch [5/30], Loss: 1.7365
Epoch [10/30], Loss: 1.5995
Epoch [15/30], Loss: 1.4147
Epoch [20/30], Loss: 1.3474
Epoch [25/30], Loss: 1.3237
Epoch [30/30], Loss: 1.3013
Epoch [5/30], Loss: 1.7335
Epoch [10/30], Loss: 1.5635
Epoch [15/30], Loss: 1.3501
Epoch [20/30], Loss: 1.2853
Epoch [25/30], Loss: 1.2617
Epoch [30/30], Loss: 1.2401
Epoch [5/30], Loss: 1.7546
Epoch [10/30], Loss: 1.6321
Epoch [15/30], Loss: 1.4499
Epoch [20/30], Loss: 1.3753
Epoch [25/30], Loss: 1.3525
Epoch [30/30], Loss: 1.3301
Epoch [5/30], Loss: 1.6971
Epoch [10/30], Loss: 1.5376
Epoch [15/30], Loss: 1.3158
Epoch [20/30], Loss: 1.2408
Epoch [25/30], Loss: 1.2163
Epoch [30/30], Loss: 1.1917
Epoch [5/30], Loss: 1.7596
Epoch [10/30], Loss: 1.6156
Epoch [15/30], Loss: 1.3820
Epoch [20/30], Loss: 1.3032
Epoch [25/30], Loss: 1.2770
Epoch [30/30], Loss: 1.2527
Epoch [5/30], Loss: 1.7813
Epoch [10/30], Loss: 1.6608
Epoch [15/30], Loss: 1.4519
Epoch [20/30], Loss: 1.3764
Epoch [25/30], Loss: 1.3499
Epoch [30/30], Loss: 1.3248
Epoch [5/30], Loss: 1.7661
Epoch [10/30], Loss: 1.6293
Epoch [15/30], Loss: 1.4214
Epoch [20/30], Loss: 1.3442
Epoch [25/30], Loss: 1.3187
Epoch [30/30], Loss: 1.2945
Epoch [5/30], Loss: 1.7965
Epoch [10/30], Loss: 1.6604
Epoch [15/30], Loss: 1.4527
Epoch [20/30], Loss: 1.3759
Epoch [25/30], Loss: 1.3499
Epoch [30/30], Loss: 1.3255
Epoch [5/30], Loss: 1.7601
Epoch [10/30], Loss: 1.6145
Epoch [15/30], Loss: 1.3971
Epoch [20/30], Loss: 1.3159
Epoch [25/30], Loss: 1.2906
Epoch [30/30], Loss: 1.2671
Epoch [5/30], Loss: 1.7605
Epoch [10/30], Loss: 1.6458
Epoch [15/30], Loss: 1.4796
Epoch [20/30], Loss: 1.4115
Epoch [25/30], Loss: 1.3898
Epoch [30/30], Loss: 1.3687
Epoch [5/30], Loss: 1.7551
Epoch [10/30], Loss: 1.6523
Epoch [15/30], Loss: 1.4725
Epoch [20/30], Loss: 1.4071
Epoch [25/30], Loss: 1.3848
Epoch [30/30], Loss: 1.3626
Epoch [5/30], Loss: 1.7349
Epoch [10/30], Loss: 1.6255
Epoch [15/30], Loss: 1.4491
Epoch [20/30], Loss: 1.3883
Epoch [25/30], Loss: 1.3659
Epoch [30/30], Loss: 1.3434
Epoch [5/30], Loss: 1.7914
Epoch [10/30], Loss: 1.6521
Epoch [15/30], Loss: 1.4463
Epoch [20/30], Loss: 1.3745
Epoch [25/30], Loss: 1.3490
Epoch [30/30], Loss: 1.3247
Epoch [5/30], Loss: 1.8145
Epoch [10/30], Loss: 1.7086
Epoch [15/30], Loss: 1.5445
Epoch [20/30], Loss: 1.4846
Epoch [25/30], Loss: 1.4644
Epoch [30/30], Loss: 1.4428
Epoch [5/30], Loss: 1.7782
Epoch [10/30], Loss: 1.6718
Epoch [15/30], Loss: 1.5090
Epoch [20/30], Loss: 1.4486
Epoch [25/30], Loss: 1.4270
Epoch [30/30], Loss: 1.4063
Epoch [5/30], Loss: 1.7643
Epoch [10/30], Loss: 1.6240
Epoch [15/30], Loss: 1.4292
Epoch [20/30], Loss: 1.3451
Epoch [25/30], Loss: 1.3214
Epoch [30/30], Loss: 1.2980
Epoch [5/30], Loss: 1.7348
Epoch [10/30], Loss: 1.5741
Epoch [15/30], Loss: 1.3743
Epoch [20/30], Loss: 1.3050
Epoch [25/30], Loss: 1.2817
Epoch [30/30], Loss: 1.2575
Epoch [5/30], Loss: 1.7526
Epoch [10/30], Loss: 1.6164
Epoch [15/30], Loss: 1.4006
Epoch [20/30], Loss: 1.3227
Epoch [25/30], Loss: 1.2970
Epoch [30/30], Loss: 1.2730
Epoch [5/30], Loss: 1.7439
Epoch [10/30], Loss: 1.5811
Epoch [15/30], Loss: 1.3773
Epoch [20/30], Loss: 1.2915
Epoch [25/30], Loss: 1.2658
Epoch [30/30], Loss: 1.2409
Epoch [5/30], Loss: 1.7487
Epoch [10/30], Loss: 1.6046
Epoch [15/30], Loss: 1.3743
Epoch [20/30], Loss: 1.2962
Epoch [25/30], Loss: 1.2692
Epoch [30/30], Loss: 1.2427
Epoch [5/30], Loss: 1.7639
Epoch [10/30], Loss: 1.6368
Epoch [15/30], Loss: 1.4647
Epoch [20/30], Loss: 1.3889
Epoch [25/30], Loss: 1.3657
Epoch [30/30], Loss: 1.3444
[02:53:43]     perm 40/50
Epoch [5/30], Loss: 1.7498
Epoch [10/30], Loss: 1.6320
Epoch [15/30], Loss: 1.4599
Epoch [20/30], Loss: 1.3891
Epoch [25/30], Loss: 1.3662
Epoch [30/30], Loss: 1.3434
Epoch [5/30], Loss: 1.8058
Epoch [10/30], Loss: 1.6833
Epoch [15/30], Loss: 1.4989
Epoch [20/30], Loss: 1.4239
Epoch [25/30], Loss: 1.3988
Epoch [30/30], Loss: 1.3746
Epoch [5/30], Loss: 1.7854
Epoch [10/30], Loss: 1.6268
Epoch [15/30], Loss: 1.3847
Epoch [20/30], Loss: 1.3070
Epoch [25/30], Loss: 1.2788
Epoch [30/30], Loss: 1.2530
Epoch [5/30], Loss: 1.7392
Epoch [10/30], Loss: 1.6254
Epoch [15/30], Loss: 1.4363
Epoch [20/30], Loss: 1.3654
Epoch [25/30], Loss: 1.3395
Epoch [30/30], Loss: 1.3153
Epoch [5/30], Loss: 1.7842
Epoch [10/30], Loss: 1.6442
Epoch [15/30], Loss: 1.4272
Epoch [20/30], Loss: 1.3581
Epoch [25/30], Loss: 1.3316
Epoch [30/30], Loss: 1.3063
Epoch [5/30], Loss: 1.7784
Epoch [10/30], Loss: 1.6642
Epoch [15/30], Loss: 1.4775
Epoch [20/30], Loss: 1.4088
Epoch [25/30], Loss: 1.3834
Epoch [30/30], Loss: 1.3606
Epoch [5/30], Loss: 1.7655
Epoch [10/30], Loss: 1.6146
Epoch [15/30], Loss: 1.4037
Epoch [20/30], Loss: 1.3285
Epoch [25/30], Loss: 1.3027
Epoch [30/30], Loss: 1.2786
Epoch [5/30], Loss: 1.7292
Epoch [10/30], Loss: 1.5768
Epoch [15/30], Loss: 1.3612
Epoch [20/30], Loss: 1.2889
Epoch [25/30], Loss: 1.2638
Epoch [30/30], Loss: 1.2400
Epoch [5/30], Loss: 1.7498
Epoch [10/30], Loss: 1.5728
Epoch [15/30], Loss: 1.3349
Epoch [20/30], Loss: 1.2607
Epoch [25/30], Loss: 1.2350
Epoch [30/30], Loss: 1.2108
Epoch [5/30], Loss: 1.7291
Epoch [10/30], Loss: 1.5850
Epoch [15/30], Loss: 1.3774
Epoch [20/30], Loss: 1.3073
Epoch [25/30], Loss: 1.2819
Epoch [30/30], Loss: 1.2576
Epoch [5/30], Loss: 1.7286
Epoch [10/30], Loss: 1.5742
Epoch [15/30], Loss: 1.3453
Epoch [20/30], Loss: 1.2721
Epoch [25/30], Loss: 1.2454
Epoch [30/30], Loss: 1.2197
Epoch [5/30], Loss: 1.7471
Epoch [10/30], Loss: 1.6044
Epoch [15/30], Loss: 1.4194
Epoch [20/30], Loss: 1.3366
Epoch [25/30], Loss: 1.3117
Epoch [30/30], Loss: 1.2883
Epoch [5/30], Loss: 1.7373
Epoch [10/30], Loss: 1.5904
Epoch [15/30], Loss: 1.3992
Epoch [20/30], Loss: 1.3230
Epoch [25/30], Loss: 1.2986
Epoch [30/30], Loss: 1.2753
Epoch [5/30], Loss: 1.7553
Epoch [10/30], Loss: 1.6043
Epoch [15/30], Loss: 1.3920
Epoch [20/30], Loss: 1.3249
Epoch [25/30], Loss: 1.2998
Epoch [30/30], Loss: 1.2774
Epoch [5/30], Loss: 1.8003
Epoch [10/30], Loss: 1.6488
Epoch [15/30], Loss: 1.4399
Epoch [20/30], Loss: 1.3653
Epoch [25/30], Loss: 1.3396
Epoch [30/30], Loss: 1.3153
Epoch [5/30], Loss: 1.7230
Epoch [10/30], Loss: 1.5797
Epoch [15/30], Loss: 1.3610
Epoch [20/30], Loss: 1.2786
Epoch [25/30], Loss: 1.2518
Epoch [30/30], Loss: 1.2254
Epoch [5/30], Loss: 1.7847
Epoch [10/30], Loss: 1.6407
Epoch [15/30], Loss: 1.4296
Epoch [20/30], Loss: 1.3511
Epoch [25/30], Loss: 1.3264
Epoch [30/30], Loss: 1.3020
Epoch [5/30], Loss: 1.7654
Epoch [10/30], Loss: 1.6333
Epoch [15/30], Loss: 1.4557
Epoch [20/30], Loss: 1.3720
Epoch [25/30], Loss: 1.3475
Epoch [30/30], Loss: 1.3242
Epoch [5/30], Loss: 1.7445
Epoch [10/30], Loss: 1.6037
Epoch [15/30], Loss: 1.3748
Epoch [20/30], Loss: 1.2992
Epoch [25/30], Loss: 1.2724
Epoch [30/30], Loss: 1.2472
Epoch [5/30], Loss: 1.7448
Epoch [10/30], Loss: 1.5816
Epoch [15/30], Loss: 1.3543
Epoch [20/30], Loss: 1.2750
Epoch [25/30], Loss: 1.2470
Epoch [30/30], Loss: 1.2211
Epoch [5/30], Loss: 1.7305
Epoch [10/30], Loss: 1.5625
Epoch [15/30], Loss: 1.3262
Epoch [20/30], Loss: 1.2464
Epoch [25/30], Loss: 1.2191
Epoch [30/30], Loss: 1.1914
Epoch [5/30], Loss: 1.7269
Epoch [10/30], Loss: 1.5677
Epoch [15/30], Loss: 1.3448
Epoch [20/30], Loss: 1.2693
Epoch [25/30], Loss: 1.2424
Epoch [30/30], Loss: 1.2171
Epoch [5/30], Loss: 1.7611
Epoch [10/30], Loss: 1.5992
Epoch [15/30], Loss: 1.3577
Epoch [20/30], Loss: 1.2801
Epoch [25/30], Loss: 1.2523
Epoch [30/30], Loss: 1.2259
Epoch [5/30], Loss: 1.7520
Epoch [10/30], Loss: 1.6044
Epoch [15/30], Loss: 1.3943
Epoch [20/30], Loss: 1.3256
Epoch [25/30], Loss: 1.3013
Epoch [30/30], Loss: 1.2776
Epoch [5/30], Loss: 1.7736
Epoch [10/30], Loss: 1.6516
Epoch [15/30], Loss: 1.4427
Epoch [20/30], Loss: 1.3726
Epoch [25/30], Loss: 1.3462
Epoch [30/30], Loss: 1.3212
Epoch [5/30], Loss: 1.7801
Epoch [10/30], Loss: 1.6379
Epoch [15/30], Loss: 1.4322
Epoch [20/30], Loss: 1.3597
Epoch [25/30], Loss: 1.3336
Epoch [30/30], Loss: 1.3091
Epoch [5/30], Loss: 1.7804
Epoch [10/30], Loss: 1.6603
Epoch [15/30], Loss: 1.4812
Epoch [20/30], Loss: 1.4088
Epoch [25/30], Loss: 1.3850
Epoch [30/30], Loss: 1.3615
Epoch [5/30], Loss: 1.7641
Epoch [10/30], Loss: 1.6348
Epoch [15/30], Loss: 1.4452
Epoch [20/30], Loss: 1.3780
Epoch [25/30], Loss: 1.3542
Epoch [30/30], Loss: 1.3305
Epoch [5/30], Loss: 1.7714
Epoch [10/30], Loss: 1.6202
Epoch [15/30], Loss: 1.4028
Epoch [20/30], Loss: 1.3249
Epoch [25/30], Loss: 1.2988
Epoch [30/30], Loss: 1.2741
Epoch [5/30], Loss: 1.7760
Epoch [10/30], Loss: 1.6644
Epoch [15/30], Loss: 1.4896
Epoch [20/30], Loss: 1.4191
Epoch [25/30], Loss: 1.3956
Epoch [30/30], Loss: 1.3721
Epoch [5/30], Loss: 1.7751
Epoch [10/30], Loss: 1.6334
Epoch [15/30], Loss: 1.4419
Epoch [20/30], Loss: 1.3755
Epoch [25/30], Loss: 1.3520
Epoch [30/30], Loss: 1.3297
Epoch [5/30], Loss: 1.7364
Epoch [10/30], Loss: 1.5803
Epoch [15/30], Loss: 1.3420
Epoch [20/30], Loss: 1.2680
Epoch [25/30], Loss: 1.2417
Epoch [30/30], Loss: 1.2170
Epoch [5/30], Loss: 1.7912
Epoch [10/30], Loss: 1.6440
Epoch [15/30], Loss: 1.4339
Epoch [20/30], Loss: 1.3620
Epoch [25/30], Loss: 1.3372
Epoch [30/30], Loss: 1.3137
Epoch [5/30], Loss: 1.7173
Epoch [10/30], Loss: 1.5754
Epoch [15/30], Loss: 1.3990
[02:54:19] === MHC_zh / A7_d8_ep30 (certified-dimension primary) ===
[02:54:20]   [ckpt] v3_MHC_zh_A7_d8_ep30
[02:54:20] === MHC_zh / C1 duplicate-stream at d8_ep30 ===
[02:54:21]   [ckpt] v3_MHC_zh_C1dup_d8_ep30
[02:54:21] === MHC_zh / C2 split-half at d8_ep30 ===
[02:54:22]   [ckpt] v3_MHC_zh_C2half_d8_ep30
[02:54:23] === MHC_zh / A7_d16_ep30 (certified-dimension primary) ===
[02:54:24]   [ckpt] v3_MHC_zh_A7_d16_ep30
[02:54:24] === MHC_zh / C1 duplicate-stream at d16_ep30 ===
[02:54:26]   [ckpt] v3_MHC_zh_C1dup_d16_ep30
[02:54:26] === MHC_zh / C2 split-half at d16_ep30 ===
[02:54:26]   [ckpt] v3_MHC_zh_C2half_d16_ep30
[02:54:28] === HateMM / A7_d8_ep30 (certified-dimension primary) ===
[02:54:29]   [ckpt] v3_HateMM_A7_d8_ep30
[02:54:29] === HateMM / C1 duplicate-stream at d8_ep30 ===
[02:54:31]   [ckpt] v3_HateMM_C1dup_d8_ep30
[02:54:31] === HateMM / C2 split-half at d8_ep30 ===
[02:54:32]   [ckpt] v3_HateMM_C2half_d8_ep30
[02:54:33] === HateMM / A7_d16_ep30 (certified-dimension primary) ===
[02:54:35]   [ckpt] v3_HateMM_A7_d16_ep30
[02:54:35] === HateMM / C1 duplicate-stream at d16_ep30 ===
[02:54:36]   [ckpt] v3_HateMM_C1dup_d16_ep30
[02:54:36] === HateMM / C2 split-half at d16_ep30 ===
[02:54:37]   [ckpt] v3_HateMM_C2half_d16_ep30
[02:54:38] === MHC_en / A7_d8_ep30 (certified-dimension primary) ===
[02:54:40]   [ckpt] v3_MHC_en_A7_d8_ep30
[02:54:40] === MHC_en / C1 duplicate-stream at d8_ep30 ===
[02:54:41]   [ckpt] v3_MHC_en_C1dup_d8_ep30
[02:54:41] === MHC_en / C2 split-half at d8_ep30 ===
[02:54:41]   [ckpt] v3_MHC_en_C2half_d8_ep30
[02:54:42] === MHC_en / A7_d16_ep30 (certified-dimension primary) ===
Epoch [5/30], Loss: 1.3881
Epoch [10/30], Loss: 1.1343
Epoch [15/30], Loss: 0.9512
Epoch [20/30], Loss: 0.8926
Epoch [25/30], Loss: 0.8732
Epoch [30/30], Loss: 0.8557
R: 0.2719, U1: 0.0000, U2: 0.1396, S: 0.1328
Epoch [5/30], Loss: 1.4622
Epoch [10/30], Loss: 1.1537
Epoch [15/30], Loss: 0.9652
Epoch [20/30], Loss: 0.8976
Epoch [25/30], Loss: 0.8770
Epoch [30/30], Loss: 0.8573
Epoch [5/30], Loss: 1.4183
Epoch [10/30], Loss: 1.1063
Epoch [15/30], Loss: 0.9172
Epoch [20/30], Loss: 0.8619
Epoch [25/30], Loss: 0.8425
Epoch [30/30], Loss: 0.8246
Epoch [5/30], Loss: 1.4620
Epoch [10/30], Loss: 1.1822
Epoch [15/30], Loss: 0.9806
Epoch [20/30], Loss: 0.9234
Epoch [25/30], Loss: 0.9038
Epoch [30/30], Loss: 0.8853
Epoch [5/30], Loss: 1.4775
Epoch [10/30], Loss: 1.1754
Epoch [15/30], Loss: 0.9708
Epoch [20/30], Loss: 0.9099
Epoch [25/30], Loss: 0.8877
Epoch [30/30], Loss: 0.8666
Epoch [5/30], Loss: 1.4933
Epoch [10/30], Loss: 1.1299
Epoch [15/30], Loss: 0.9100
Epoch [20/30], Loss: 0.8493
Epoch [25/30], Loss: 0.8287
Epoch [30/30], Loss: 0.8090
[02:54:56]     [perm ckpt] resuming at 45/50
Epoch [5/30], Loss: 1.7751
Epoch [10/30], Loss: 1.6334
Epoch [15/30], Loss: 1.4419
Epoch [20/30], Loss: 1.3755
Epoch [25/30], Loss: 1.3520
Epoch [30/30], Loss: 1.3297
Epoch [5/30], Loss: 1.7364
Epoch [10/30], Loss: 1.5803
Epoch [15/30], Loss: 1.3420
Epoch [20/30], Loss: 1.2680
Epoch [25/30], Loss: 1.2417
Epoch [30/30], Loss: 1.2170
Epoch [5/30], Loss: 1.7912
Epoch [10/30], Loss: 1.6440
Epoch [15/30], Loss: 1.4339
Epoch [20/30], Loss: 1.3620
Epoch [25/30], Loss: 1.3372
Epoch [30/30], Loss: 1.3137
Epoch [5/30], Loss: 1.7173
Epoch [10/30], Loss: 1.5754
Epoch [15/30], Loss: 1.3990
Epoch [20/30], Loss: 1.3380
Epoch [25/30], Loss: 1.3161
Epoch [30/30], Loss: 1.2950
Epoch [5/30], Loss: 1.7550
Epoch [10/30], Loss: 1.6066
Epoch [15/30], Loss: 1.3862
Epoch [20/30], Loss: 1.3149
Epoch [25/30], Loss: 1.2895
Epoch [30/30], Loss: 1.2655
Epoch [5/30], Loss: 1.7654
Epoch [10/30], Loss: 1.6290
Epoch [15/30], Loss: 1.4422
Epoch [20/30], Loss: 1.3737
Epoch [25/30], Loss: 1.3515
Epoch [30/30], Loss: 1.3300
Epoch [5/30], Loss: 1.7938
Epoch [10/30], Loss: 1.6695
Epoch [15/30], Loss: 1.4497
Epoch [20/30], Loss: 1.3746
Epoch [25/30], Loss: 1.3471
Epoch [30/30], Loss: 1.3208
Epoch [5/30], Loss: 1.7303
Epoch [10/30], Loss: 1.6035
Epoch [15/30], Loss: 1.3869
Epoch [20/30], Loss: 1.3103
Epoch [25/30], Loss: 1.2845
Epoch [30/30], Loss: 1.2599
Epoch [5/30], Loss: 1.7972
Epoch [10/30], Loss: 1.6694
Epoch [15/30], Loss: 1.4662
Epoch [20/30], Loss: 1.3953
Epoch [25/30], Loss: 1.3706
Epoch [30/30], Loss: 1.3472
Epoch [5/30], Loss: 1.7900
Epoch [10/30], Loss: 1.6470
Epoch [15/30], Loss: 1.4362
Epoch [20/30], Loss: 1.3588
Epoch [25/30], Loss: 1.3330
Epoch [30/30], Loss: 1.3089
Epoch [5/30], Loss: 1.7670
Epoch [10/30], Loss: 1.6338
Epoch [15/30], Loss: 1.4153
Epoch [20/30], Loss: 1.3381
Epoch [25/30], Loss: 1.3106
Epoch [30/30], Loss: 1.2853
Epoch [5/30], Loss: 1.7828
Epoch [10/30], Loss: 1.6583
Epoch [15/30], Loss: 1.4618
Epoch [20/30], Loss: 1.3858
Epoch [25/30], Loss: 1.3608
Epoch [30/30], Loss: 1.3382
Epoch [5/30], Loss: 1.7326
Epoch [10/30], Loss: 1.5863
Epoch [15/30], Loss: 1.3939
Epoch [20/30], Loss: 1.3224
Epoch [25/30], Loss: 1.2999
Epoch [30/30], Loss: 1.2785
Epoch [5/30], Loss: 1.7214
Epoch [10/30], Loss: 1.5920
Epoch [15/30], Loss: 1.4033
Epoch [20/30], Loss: 1.3243
Epoch [25/30], Loss: 1.2987
Epoch [30/30], Loss: 1.2742
Epoch [5/30], Loss: 1.7224
Epoch [10/30], Loss: 1.5580
Epoch [15/30], Loss: 1.3494
Epoch [20/30], Loss: 1.2837
Epoch [25/30], Loss: 1.2599
Epoch [30/30], Loss: 1.2367
Epoch [5/30], Loss: 1.7873
Epoch [10/30], Loss: 1.6374
Epoch [15/30], Loss: 1.4226
Epoch [20/30], Loss: 1.3438
Epoch [25/30], Loss: 1.3193
Epoch [30/30], Loss: 1.2958
Epoch [5/30], Loss: 1.7583
Epoch [10/30], Loss: 1.6144
Epoch [15/30], Loss: 1.4257
Epoch [20/30], Loss: 1.3546
Epoch [25/30], Loss: 1.3307
Epoch [30/30], Loss: 1.3085
Epoch [5/30], Loss: 1.7348
Epoch [10/30], Loss: 1.5974
Epoch [15/30], Loss: 1.4283
Epoch [20/30], Loss: 1.3568
Epoch [25/30], Loss: 1.3342
Epoch [30/30], Loss: 1.3135
Epoch [5/30], Loss: 1.7303
Epoch [10/30], Loss: 1.5777
Epoch [15/30], Loss: 1.3499
Epoch [20/30], Loss: 1.2704
Epoch [25/30], Loss: 1.2418
Epoch [30/30], Loss: 1.2165
Epoch [5/30], Loss: 1.7544
Epoch [10/30], Loss: 1.5952
Epoch [15/30], Loss: 1.3681
Epoch [20/30], Loss: 1.2889
Epoch [25/30], Loss: 1.2630
Epoch [30/30], Loss: 1.2383
Epoch [5/30], Loss: 1.8164
Epoch [10/30], Loss: 1.6825
Epoch [15/30], Loss: 1.4696
Epoch [20/30], Loss: 1.3959
Epoch [25/30], Loss: 1.3703
Epoch [30/30], Loss: 1.3455
Epoch [5/30], Loss: 1.7403
Epoch [10/30], Loss: 1.5672
Epoch [15/30], Loss: 1.3367
Epoch [20/30], Loss: 1.2517
Epoch [25/30], Loss: 1.2244
Epoch [30/30], Loss: 1.1993
Epoch [5/30], Loss: 1.7800
Epoch [10/30], Loss: 1.6187
Epoch [15/30], Loss: 1.3645
Epoch [20/30], Loss: 1.2771
Epoch [25/30], Loss: 1.2478
Epoch [30/30], Loss: 1.2191
Epoch [5/30], Loss: 1.7694
Epoch [10/30], Loss: 1.6168
Epoch [15/30], Loss: 1.3945
Epoch [20/30], Loss: 1.3139
Epoch [25/30], Loss: 1.2872
Epoch [30/30], Loss: 1.2614
Epoch [5/30], Loss: 1.7701
Epoch [10/30], Loss: 1.6149
Epoch [15/30], Loss: 1.3986
Epoch [20/30], Loss: 1.3270
Epoch [25/30], Loss: 1.3012
Epoch [30/30], Loss: 1.2775
Epoch [5/30], Loss: 1.8044
Epoch [10/30], Loss: 1.6582
Epoch [15/30], Loss: 1.4393
Epoch [20/30], Loss: 1.3609
Epoch [25/30], Loss: 1.3348
Epoch [30/30], Loss: 1.3101
Epoch [5/30], Loss: 1.7418
Epoch [10/30], Loss: 1.6169
Epoch [15/30], Loss: 1.4290
Epoch [20/30], Loss: 1.3607
Epoch [25/30], Loss: 1.3367
Epoch [30/30], Loss: 1.3137
Epoch [5/30], Loss: 1.7722
Epoch [10/30], Loss: 1.6335
Epoch [15/30], Loss: 1.4510
Epoch [20/30], Loss: 1.3823
Epoch [25/30], Loss: 1.3582
Epoch [30/30], Loss: 1.3356
Epoch [5/30], Loss: 1.7961
Epoch [10/30], Loss: 1.6821
Epoch [15/30], Loss: 1.5127
Epoch [20/30], Loss: 1.4367
Epoch [25/30], Loss: 1.4131
Epoch [30/30], Loss: 1.3913
Epoch [5/30], Loss: 1.7681
Epoch [10/30], Loss: 1.6401
Epoch [15/30], Loss: 1.4566
Epoch [20/30], Loss: 1.3851
Epoch [25/30], Loss: 1.3621
Epoch [30/30], Loss: 1.3403
[02:55:22]     perm 50/50
[02:55:22]   [done] v3_MHC_en_A7_d16_ep30 38.3s  CF: S=-0.0000 I12=0.1486 share=-1.3063067889531633e-16 accs=0.676/0.798/0.796
[02:55:22] === MHC_en / C1 duplicate-stream at d16_ep30 ===
Epoch [5/30], Loss: 1.6669
Epoch [10/30], Loss: 1.4919
Epoch [15/30], Loss: 1.3173
Epoch [20/30], Loss: 1.2503
Epoch [25/30], Loss: 1.2298
Epoch [30/30], Loss: 1.2117
Epoch [5/30], Loss: 1.6975
Epoch [10/30], Loss: 1.5020
Epoch [15/30], Loss: 1.2996
Epoch [20/30], Loss: 1.2313
Epoch [25/30], Loss: 1.2097
Epoch [30/30], Loss: 1.1900
Epoch [5/30], Loss: 1.6403
Epoch [10/30], Loss: 1.4558
Epoch [15/30], Loss: 1.2640
Epoch [20/30], Loss: 1.2006
Epoch [25/30], Loss: 1.1786
Epoch [30/30], Loss: 1.1583
Epoch [5/30], Loss: 1.7070
Epoch [10/30], Loss: 1.5238
Epoch [15/30], Loss: 1.3387
Epoch [20/30], Loss: 1.2810
Epoch [25/30], Loss: 1.2609
Epoch [30/30], Loss: 1.2420
Epoch [5/30], Loss: 1.6990
Epoch [10/30], Loss: 1.5182
Epoch [15/30], Loss: 1.3216
Epoch [20/30], Loss: 1.2576
Epoch [25/30], Loss: 1.2354
Epoch [30/30], Loss: 1.2150
Epoch [5/30], Loss: 1.6940
Epoch [10/30], Loss: 1.5003
Epoch [15/30], Loss: 1.2960
Epoch [20/30], Loss: 1.2335
Epoch [25/30], Loss: 1.2125
Epoch [30/30], Loss: 1.1930
[02:55:34]   [done] v3_MHC_en_C1dup_d16_ep30 11.1s  CF: S=-0.0000 I12=0.0281 share=None accs=0.676/0.678/0.663
[02:55:34] === MHC_en / C2 split-half at d16_ep30 ===
Epoch [5/30], Loss: 1.6517
Epoch [10/30], Loss: 1.4489
Epoch [15/30], Loss: 1.2635
Epoch [20/30], Loss: 1.1959
Epoch [25/30], Loss: 1.1743
Epoch [30/30], Loss: 1.1551
Epoch [5/30], Loss: 1.6532
Epoch [10/30], Loss: 1.4337
Epoch [15/30], Loss: 1.2097
Epoch [20/30], Loss: 1.1366
Epoch [25/30], Loss: 1.1134
Epoch [30/30], Loss: 1.0918
Epoch [5/30], Loss: 1.6209
Epoch [10/30], Loss: 1.4022
Epoch [15/30], Loss: 1.1868
Epoch [20/30], Loss: 1.1221
Epoch [25/30], Loss: 1.0994
Epoch [30/30], Loss: 1.0784
Epoch [5/30], Loss: 1.6710
Epoch [10/30], Loss: 1.4743
Epoch [15/30], Loss: 1.2760
Epoch [20/30], Loss: 1.2113
Epoch [25/30], Loss: 1.1888
Epoch [30/30], Loss: 1.1679
Epoch [5/30], Loss: 1.6800
Epoch [10/30], Loss: 1.4950
Epoch [15/30], Loss: 1.2803
Epoch [20/30], Loss: 1.2111
Epoch [25/30], Loss: 1.1871
Epoch [30/30], Loss: 1.1647
Epoch [5/30], Loss: 1.6791
Epoch [10/30], Loss: 1.4732
Epoch [15/30], Loss: 1.2526
Epoch [20/30], Loss: 1.1857
Epoch [25/30], Loss: 1.1617
Epoch [30/30], Loss: 1.1400
[02:55:46]   [done] v3_MHC_en_C2half_d16_ep30 11.0s  CF: S=-0.0000 I12=0.0193 share=None accs=0.689/0.696/0.705
[02:55:46] WROTE /data/jehc223/RGCL/refine-logs/.lsmi_out_power.json
