[00:16:16] === MHC_zh / A1: d'=64 PCA-whitened (PRIMARY) ===
Epoch [5/30], Loss: 0.9768
Epoch [10/30], Loss: 0.3338
Epoch [15/30], Loss: 0.1323
Epoch [20/30], Loss: 0.0914
Epoch [25/30], Loss: 0.0792
Epoch [30/30], Loss: 0.0692
R: 0.6477, U1: 0.0000, U2: 0.0253, S: 0.0181
Epoch [5/30], Loss: 0.9944
Epoch [10/30], Loss: 0.2982
Epoch [15/30], Loss: 0.0934
Epoch [20/30], Loss: 0.0656
Epoch [25/30], Loss: 0.0571
Epoch [30/30], Loss: 0.0497
Epoch [5/30], Loss: 1.0979
Epoch [10/30], Loss: 0.3603
Epoch [15/30], Loss: 0.1193
Epoch [20/30], Loss: 0.0816
Epoch [25/30], Loss: 0.0705
Epoch [30/30], Loss: 0.0609
Epoch [5/30], Loss: 1.0554
Epoch [10/30], Loss: 0.3427
Epoch [15/30], Loss: 0.0996
Epoch [20/30], Loss: 0.0681
Epoch [25/30], Loss: 0.0591
Epoch [30/30], Loss: 0.0511
Epoch [5/30], Loss: 1.0518
Epoch [10/30], Loss: 0.3468
Epoch [15/30], Loss: 0.1045
Epoch [20/30], Loss: 0.0723
Epoch [25/30], Loss: 0.0628
Epoch [30/30], Loss: 0.0545
Epoch [5/30], Loss: 0.9932
Epoch [10/30], Loss: 0.2896
Epoch [15/30], Loss: 0.0917
Epoch [20/30], Loss: 0.0662
Epoch [25/30], Loss: 0.0583
Epoch [30/30], Loss: 0.0514
Epoch [5/30], Loss: 1.5777
Epoch [10/30], Loss: 0.8539
Epoch [15/30], Loss: 0.3007
Epoch [20/30], Loss: 0.2090
Epoch [25/30], Loss: 0.1815
Epoch [30/30], Loss: 0.1578
Epoch [5/30], Loss: 1.5752
Epoch [10/30], Loss: 0.9162
Epoch [15/30], Loss: 0.3356
Epoch [20/30], Loss: 0.2364
Epoch [25/30], Loss: 0.2056
Epoch [30/30], Loss: 0.1779
Epoch [5/30], Loss: 1.5415
Epoch [10/30], Loss: 0.8848
Epoch [15/30], Loss: 0.3600
Epoch [20/30], Loss: 0.2627
Epoch [25/30], Loss: 0.2315
Epoch [30/30], Loss: 0.2033
Epoch [5/30], Loss: 1.5838
Epoch [10/30], Loss: 0.8822
Epoch [15/30], Loss: 0.3254
Epoch [20/30], Loss: 0.2359
Epoch [25/30], Loss: 0.2058
Epoch [30/30], Loss: 0.1792
Epoch [5/30], Loss: 1.5686
Epoch [10/30], Loss: 0.8686
Epoch [15/30], Loss: 0.3239
Epoch [20/30], Loss: 0.2260
Epoch [25/30], Loss: 0.1973
Epoch [30/30], Loss: 0.1713
Epoch [5/30], Loss: 1.5772
Epoch [10/30], Loss: 0.9835
Epoch [15/30], Loss: 0.4330
Epoch [20/30], Loss: 0.3153
Epoch [25/30], Loss: 0.2789
Epoch [30/30], Loss: 0.2485
Epoch [5/30], Loss: 1.5547
Epoch [10/30], Loss: 0.9664
Epoch [15/30], Loss: 0.4348
Epoch [20/30], Loss: 0.3219
Epoch [25/30], Loss: 0.2842
Epoch [30/30], Loss: 0.2510
Epoch [5/30], Loss: 1.5203
Epoch [10/30], Loss: 0.8773
Epoch [15/30], Loss: 0.3339
Epoch [20/30], Loss: 0.2428
Epoch [25/30], Loss: 0.2080
Epoch [30/30], Loss: 0.1806
Epoch [5/30], Loss: 1.6383
Epoch [10/30], Loss: 0.9883
Epoch [15/30], Loss: 0.3717
Epoch [20/30], Loss: 0.2647
Epoch [25/30], Loss: 0.2307
Epoch [30/30], Loss: 0.2012
Epoch [5/30], Loss: 1.6184
Epoch [10/30], Loss: 1.0279
Epoch [15/30], Loss: 0.3981
Epoch [20/30], Loss: 0.2912
Epoch [25/30], Loss: 0.2575
Epoch [30/30], Loss: 0.2276
Epoch [5/30], Loss: 1.5784
Epoch [10/30], Loss: 0.8975
Epoch [15/30], Loss: 0.3305
Epoch [20/30], Loss: 0.2323
Epoch [25/30], Loss: 0.2024
Epoch [30/30], Loss: 0.1768
Epoch [5/30], Loss: 1.6048
Epoch [10/30], Loss: 0.9964
Epoch [15/30], Loss: 0.4557
Epoch [20/30], Loss: 0.3450
Epoch [25/30], Loss: 0.3078
Epoch [30/30], Loss: 0.2759
Epoch [5/30], Loss: 1.5564
Epoch [10/30], Loss: 0.9091
Epoch [15/30], Loss: 0.3525
Epoch [20/30], Loss: 0.2499
Epoch [25/30], Loss: 0.2194
Epoch [30/30], Loss: 0.1933
Epoch [5/30], Loss: 1.5263
Epoch [10/30], Loss: 0.8777
Epoch [15/30], Loss: 0.3558
Epoch [20/30], Loss: 0.2561
Epoch [25/30], Loss: 0.2245
Epoch [30/30], Loss: 0.1973
Epoch [5/30], Loss: 1.5856
Epoch [10/30], Loss: 0.9064
Epoch [15/30], Loss: 0.3616
Epoch [20/30], Loss: 0.2613
Epoch [25/30], Loss: 0.2290
Epoch [30/30], Loss: 0.2010
Epoch [5/30], Loss: 1.6145
Epoch [10/30], Loss: 0.8835
Epoch [15/30], Loss: 0.3216
Epoch [20/30], Loss: 0.2327
Epoch [25/30], Loss: 0.2052
Epoch [30/30], Loss: 0.1807
Epoch [5/30], Loss: 1.6337
Epoch [10/30], Loss: 0.9945
Epoch [15/30], Loss: 0.4224
Epoch [20/30], Loss: 0.3059
Epoch [25/30], Loss: 0.2691
Epoch [30/30], Loss: 0.2365
Epoch [5/30], Loss: 1.6228
Epoch [10/30], Loss: 0.9644
Epoch [15/30], Loss: 0.4284
Epoch [20/30], Loss: 0.3174
Epoch [25/30], Loss: 0.2822
Epoch [30/30], Loss: 0.2518
Epoch [5/30], Loss: 1.5695
Epoch [10/30], Loss: 0.9778
Epoch [15/30], Loss: 0.3893
Epoch [20/30], Loss: 0.2877
Epoch [25/30], Loss: 0.2532
Epoch [30/30], Loss: 0.2228
Epoch [5/30], Loss: 1.5604
Epoch [10/30], Loss: 0.9808
Epoch [15/30], Loss: 0.3946
Epoch [20/30], Loss: 0.2874
Epoch [25/30], Loss: 0.2515
Epoch [30/30], Loss: 0.2202
Epoch [5/30], Loss: 1.6272
Epoch [10/30], Loss: 1.0855
Epoch [15/30], Loss: 0.4386
Epoch [20/30], Loss: 0.3197
Epoch [25/30], Loss: 0.2822
Epoch [30/30], Loss: 0.2488
Epoch [5/30], Loss: 1.5751
Epoch [10/30], Loss: 0.9173
Epoch [15/30], Loss: 0.3535
Epoch [20/30], Loss: 0.2523
Epoch [25/30], Loss: 0.2200
Epoch [30/30], Loss: 0.1916
Epoch [5/30], Loss: 1.6421
Epoch [10/30], Loss: 0.9742
Epoch [15/30], Loss: 0.3546
Epoch [20/30], Loss: 0.2460
Epoch [25/30], Loss: 0.2148
Epoch [30/30], Loss: 0.1881
Epoch [5/30], Loss: 1.6343
Epoch [10/30], Loss: 1.1145
Epoch [15/30], Loss: 0.5821
Epoch [20/30], Loss: 0.4613
Epoch [25/30], Loss: 0.4173
Epoch [30/30], Loss: 0.3778
Epoch [5/30], Loss: 1.5858
Epoch [10/30], Loss: 0.9018
Epoch [15/30], Loss: 0.3591
Epoch [20/30], Loss: 0.2630
Epoch [25/30], Loss: 0.2315
Epoch [30/30], Loss: 0.2033
Epoch [5/30], Loss: 1.5435
Epoch [10/30], Loss: 0.8539
Epoch [15/30], Loss: 0.3001
Epoch [20/30], Loss: 0.2087
Epoch [25/30], Loss: 0.1796
Epoch [30/30], Loss: 0.1544
Epoch [5/30], Loss: 1.6335
Epoch [10/30], Loss: 0.9896
Epoch [15/30], Loss: 0.4375
Epoch [20/30], Loss: 0.3224
Epoch [25/30], Loss: 0.2842
Epoch [30/30], Loss: 0.2507
Epoch [5/30], Loss: 1.5995
Epoch [10/30], Loss: 0.9269
Epoch [15/30], Loss: 0.3659
Epoch [20/30], Loss: 0.2610
Epoch [25/30], Loss: 0.2275
Epoch [30/30], Loss: 0.1981
Epoch [5/30], Loss: 1.6071
Epoch [10/30], Loss: 0.9635
Epoch [15/30], Loss: 0.3607
Epoch [20/30], Loss: 0.2590
Epoch [25/30], Loss: 0.2252
Epoch [30/30], Loss: 0.1961
Epoch [5/30], Loss: 1.5624
Epoch [10/30], Loss: 0.9585
Epoch [15/30], Loss: 0.4059
Epoch [20/30], Loss: 0.2934
Epoch [25/30], Loss: 0.2599
Epoch [30/30], Loss: 0.2308
Epoch [5/30], Loss: 1.5278
Epoch [10/30], Loss: 0.8719
Epoch [15/30], Loss: 0.3586
Epoch [20/30], Loss: 0.2592
Epoch [25/30], Loss: 0.2284
Epoch [30/30], Loss: 0.2017
Epoch [5/30], Loss: 1.5751
Epoch [10/30], Loss: 0.9230
Epoch [15/30], Loss: 0.3714
Epoch [20/30], Loss: 0.2691
Epoch [25/30], Loss: 0.2358
Epoch [30/30], Loss: 0.2066
Epoch [5/30], Loss: 1.5768
Epoch [10/30], Loss: 0.8422
Epoch [15/30], Loss: 0.3197
Epoch [20/30], Loss: 0.2257
Epoch [25/30], Loss: 0.1966
Epoch [30/30], Loss: 0.1719
Epoch [5/30], Loss: 1.5095
Epoch [10/30], Loss: 0.8079
Epoch [15/30], Loss: 0.3210
Epoch [20/30], Loss: 0.2357
Epoch [25/30], Loss: 0.2069
Epoch [30/30], Loss: 0.1819
Epoch [5/30], Loss: 1.5865
Epoch [10/30], Loss: 0.8808
Epoch [15/30], Loss: 0.3451
Epoch [20/30], Loss: 0.2486
Epoch [25/30], Loss: 0.2196
Epoch [30/30], Loss: 0.1936
Epoch [5/30], Loss: 1.6123
Epoch [10/30], Loss: 1.0352
Epoch [15/30], Loss: 0.4753
Epoch [20/30], Loss: 0.3524
Epoch [25/30], Loss: 0.3112
Epoch [30/30], Loss: 0.2775
Epoch [5/30], Loss: 1.6343
Epoch [10/30], Loss: 0.9205
Epoch [15/30], Loss: 0.3646
Epoch [20/30], Loss: 0.2652
Epoch [25/30], Loss: 0.2343
Epoch [30/30], Loss: 0.2080
Epoch [5/30], Loss: 1.5987
Epoch [10/30], Loss: 0.9792
Epoch [15/30], Loss: 0.4326
Epoch [20/30], Loss: 0.3156
Epoch [25/30], Loss: 0.2787
Epoch [30/30], Loss: 0.2459
Epoch [5/30], Loss: 1.6055
Epoch [10/30], Loss: 1.0130
Epoch [15/30], Loss: 0.4740
Epoch [20/30], Loss: 0.3598
Epoch [25/30], Loss: 0.3157
Epoch [30/30], Loss: 0.2783
Epoch [5/30], Loss: 1.5634
Epoch [10/30], Loss: 0.9456
Epoch [15/30], Loss: 0.3822
Epoch [20/30], Loss: 0.2771
Epoch [25/30], Loss: 0.2437
Epoch [30/30], Loss: 0.2137
Epoch [5/30], Loss: 1.5559
Epoch [10/30], Loss: 0.9962
Epoch [15/30], Loss: 0.4508
Epoch [20/30], Loss: 0.3397
Epoch [25/30], Loss: 0.3031
Epoch [30/30], Loss: 0.2708
Epoch [5/30], Loss: 1.6321
Epoch [10/30], Loss: 1.0987
Epoch [15/30], Loss: 0.5355
Epoch [20/30], Loss: 0.4053
Epoch [25/30], Loss: 0.3653
Epoch [30/30], Loss: 0.3300
Epoch [5/30], Loss: 1.5844
Epoch [10/30], Loss: 1.0077
Epoch [15/30], Loss: 0.4499
Epoch [20/30], Loss: 0.3416
Epoch [25/30], Loss: 0.3068
Epoch [30/30], Loss: 0.2752
Epoch [5/30], Loss: 1.6224
Epoch [10/30], Loss: 0.9308
Epoch [15/30], Loss: 0.3515
Epoch [20/30], Loss: 0.2556
Epoch [25/30], Loss: 0.2245
Epoch [30/30], Loss: 0.1969
Epoch [5/30], Loss: 1.5607
Epoch [10/30], Loss: 0.8800
Epoch [15/30], Loss: 0.3528
Epoch [20/30], Loss: 0.2562
Epoch [25/30], Loss: 0.2252
Epoch [30/30], Loss: 0.1979
Epoch [5/30], Loss: 1.5884
Epoch [10/30], Loss: 0.8945
Epoch [15/30], Loss: 0.3355
Epoch [20/30], Loss: 0.2420
Epoch [25/30], Loss: 0.2117
Epoch [30/30], Loss: 0.1853
Epoch [5/30], Loss: 1.4796
Epoch [10/30], Loss: 0.8175
Epoch [15/30], Loss: 0.3216
Epoch [20/30], Loss: 0.2267
Epoch [25/30], Loss: 0.1985
Epoch [30/30], Loss: 0.1748
Epoch [5/30], Loss: 1.5794
Epoch [10/30], Loss: 0.9904
Epoch [15/30], Loss: 0.4724
Epoch [20/30], Loss: 0.3533
Epoch [25/30], Loss: 0.3160
Epoch [30/30], Loss: 0.2834
Epoch [5/30], Loss: 1.5808
Epoch [10/30], Loss: 0.9506
Epoch [15/30], Loss: 0.3857
Epoch [20/30], Loss: 0.2822
Epoch [25/30], Loss: 0.2509
Epoch [30/30], Loss: 0.2240
Epoch [5/30], Loss: 1.5606
Epoch [10/30], Loss: 0.9156
Epoch [15/30], Loss: 0.3199
Epoch [20/30], Loss: 0.2163
Epoch [25/30], Loss: 0.1865
Epoch [30/30], Loss: 0.1610
Epoch [5/30], Loss: 1.5725
Epoch [10/30], Loss: 0.9335
Epoch [15/30], Loss: 0.4223
Epoch [20/30], Loss: 0.3138
Epoch [25/30], Loss: 0.2793
Epoch [30/30], Loss: 0.2486
Epoch [5/30], Loss: 1.6015
Epoch [10/30], Loss: 0.9959
Epoch [15/30], Loss: 0.4364
Epoch [20/30], Loss: 0.3288
Epoch [25/30], Loss: 0.2952
Epoch [30/30], Loss: 0.2644
Epoch [5/30], Loss: 1.5850
Epoch [10/30], Loss: 0.9378
Epoch [15/30], Loss: 0.3878
Epoch [20/30], Loss: 0.2894
Epoch [25/30], Loss: 0.2575
Epoch [30/30], Loss: 0.2296
Epoch [5/30], Loss: 1.6147
Epoch [10/30], Loss: 1.0473
Epoch [15/30], Loss: 0.4963
Epoch [20/30], Loss: 0.3713
Epoch [25/30], Loss: 0.3339
Epoch [30/30], Loss: 0.3007
Epoch [5/30], Loss: 1.6235
Epoch [10/30], Loss: 0.9721
Epoch [15/30], Loss: 0.3858
Epoch [20/30], Loss: 0.2807
Epoch [25/30], Loss: 0.2467
Epoch [30/30], Loss: 0.2173
Epoch [5/30], Loss: 1.5917
Epoch [10/30], Loss: 0.9808
Epoch [15/30], Loss: 0.3754
Epoch [20/30], Loss: 0.2682
Epoch [25/30], Loss: 0.2349
Epoch [30/30], Loss: 0.2056
Epoch [5/30], Loss: 1.5735
Epoch [10/30], Loss: 0.9382
Epoch [15/30], Loss: 0.4279
Epoch [20/30], Loss: 0.3176
Epoch [25/30], Loss: 0.2824
Epoch [30/30], Loss: 0.2512
Epoch [5/30], Loss: 1.5836
Epoch [10/30], Loss: 0.8950
Epoch [15/30], Loss: 0.3417
Epoch [20/30], Loss: 0.2485
Epoch [25/30], Loss: 0.2189
Epoch [30/30], Loss: 0.1927
Epoch [5/30], Loss: 1.5865
Epoch [10/30], Loss: 0.9263
Epoch [15/30], Loss: 0.3508
Epoch [20/30], Loss: 0.2471
Epoch [25/30], Loss: 0.2152
Epoch [30/30], Loss: 0.1877
Epoch [5/30], Loss: 1.6284
Epoch [10/30], Loss: 1.0540
Epoch [15/30], Loss: 0.4555
Epoch [20/30], Loss: 0.3331
Epoch [25/30], Loss: 0.2963
Epoch [30/30], Loss: 0.2639
[00:17:41]     perm 10/50
Epoch [5/30], Loss: 1.5937
Epoch [10/30], Loss: 1.0661
Epoch [15/30], Loss: 0.5315
Epoch [20/30], Loss: 0.3930
Epoch [25/30], Loss: 0.3540
Epoch [30/30], Loss: 0.3189
Epoch [5/30], Loss: 1.6076
Epoch [10/30], Loss: 0.9474
Epoch [15/30], Loss: 0.3783
Epoch [20/30], Loss: 0.2723
Epoch [25/30], Loss: 0.2389
Epoch [30/30], Loss: 0.2096
Epoch [5/30], Loss: 1.6231
Epoch [10/30], Loss: 0.9728
Epoch [15/30], Loss: 0.4004
Epoch [20/30], Loss: 0.2953
Epoch [25/30], Loss: 0.2617
Epoch [30/30], Loss: 0.2318
Epoch [5/30], Loss: 1.6087
Epoch [10/30], Loss: 0.9235
Epoch [15/30], Loss: 0.3619
Epoch [20/30], Loss: 0.2679
Epoch [25/30], Loss: 0.2389
Epoch [30/30], Loss: 0.2121
Epoch [5/30], Loss: 1.6196
Epoch [10/30], Loss: 1.0439
Epoch [15/30], Loss: 0.4627
Epoch [20/30], Loss: 0.3441
Epoch [25/30], Loss: 0.3082
Epoch [30/30], Loss: 0.2766
Epoch [5/30], Loss: 1.6184
Epoch [10/30], Loss: 1.0641
Epoch [15/30], Loss: 0.5335
Epoch [20/30], Loss: 0.4093
Epoch [25/30], Loss: 0.3705
Epoch [30/30], Loss: 0.3354
Epoch [5/30], Loss: 1.5990
Epoch [10/30], Loss: 0.9827
Epoch [15/30], Loss: 0.4205
Epoch [20/30], Loss: 0.3131
Epoch [25/30], Loss: 0.2773
Epoch [30/30], Loss: 0.2460
Epoch [5/30], Loss: 1.5799
Epoch [10/30], Loss: 0.9097
Epoch [15/30], Loss: 0.3408
Epoch [20/30], Loss: 0.2435
Epoch [25/30], Loss: 0.2126
Epoch [30/30], Loss: 0.1854
Epoch [5/30], Loss: 1.5167
Epoch [10/30], Loss: 0.9125
Epoch [15/30], Loss: 0.3880
Epoch [20/30], Loss: 0.2837
Epoch [25/30], Loss: 0.2495
Epoch [30/30], Loss: 0.2193
Epoch [5/30], Loss: 1.5215
Epoch [10/30], Loss: 0.8917
Epoch [15/30], Loss: 0.3288
Epoch [20/30], Loss: 0.2283
Epoch [25/30], Loss: 0.1992
Epoch [30/30], Loss: 0.1735
Epoch [5/30], Loss: 1.5956
Epoch [10/30], Loss: 0.9228
Epoch [15/30], Loss: 0.4078
Epoch [20/30], Loss: 0.3001
Epoch [25/30], Loss: 0.2679
Epoch [30/30], Loss: 0.2382
Epoch [5/30], Loss: 1.5777
Epoch [10/30], Loss: 0.9878
Epoch [15/30], Loss: 0.4856
Epoch [20/30], Loss: 0.3587
Epoch [25/30], Loss: 0.3227
Epoch [30/30], Loss: 0.2925
Epoch [5/30], Loss: 1.5946
Epoch [10/30], Loss: 0.9626
Epoch [15/30], Loss: 0.3822
Epoch [20/30], Loss: 0.2722
Epoch [25/30], Loss: 0.2401
Epoch [30/30], Loss: 0.2121
Epoch [5/30], Loss: 1.5722
Epoch [10/30], Loss: 0.8574
Epoch [15/30], Loss: 0.3023
Epoch [20/30], Loss: 0.2114
Epoch [25/30], Loss: 0.1825
Epoch [30/30], Loss: 0.1577
Epoch [5/30], Loss: 1.5239
Epoch [10/30], Loss: 0.8469
Epoch [15/30], Loss: 0.2951
Epoch [20/30], Loss: 0.2037
Epoch [25/30], Loss: 0.1767
Epoch [30/30], Loss: 0.1536
Epoch [5/30], Loss: 1.5600
Epoch [10/30], Loss: 0.9408
Epoch [15/30], Loss: 0.3959
Epoch [20/30], Loss: 0.2803
Epoch [25/30], Loss: 0.2472
Epoch [30/30], Loss: 0.2180
Epoch [5/30], Loss: 1.5591
Epoch [10/30], Loss: 0.8899
Epoch [15/30], Loss: 0.3145
Epoch [20/30], Loss: 0.2226
Epoch [25/30], Loss: 0.1944
Epoch [30/30], Loss: 0.1701
Epoch [5/30], Loss: 1.5908
Epoch [10/30], Loss: 1.0017
Epoch [15/30], Loss: 0.4760
Epoch [20/30], Loss: 0.3367
Epoch [25/30], Loss: 0.2994
Epoch [30/30], Loss: 0.2667
Epoch [5/30], Loss: 1.5850
Epoch [10/30], Loss: 0.9502
Epoch [15/30], Loss: 0.4006
Epoch [20/30], Loss: 0.2961
Epoch [25/30], Loss: 0.2627
Epoch [30/30], Loss: 0.2328
Epoch [5/30], Loss: 1.5704
Epoch [10/30], Loss: 0.9971
Epoch [15/30], Loss: 0.3877
Epoch [20/30], Loss: 0.2784
Epoch [25/30], Loss: 0.2433
Epoch [30/30], Loss: 0.2122
Epoch [5/30], Loss: 1.6199
Epoch [10/30], Loss: 0.9971
Epoch [15/30], Loss: 0.4207
Epoch [20/30], Loss: 0.3045
Epoch [25/30], Loss: 0.2687
Epoch [30/30], Loss: 0.2378
Epoch [5/30], Loss: 1.6174
Epoch [10/30], Loss: 0.9584
Epoch [15/30], Loss: 0.3825
Epoch [20/30], Loss: 0.2766
Epoch [25/30], Loss: 0.2449
Epoch [30/30], Loss: 0.2168
Epoch [5/30], Loss: 1.5925
Epoch [10/30], Loss: 0.9707
Epoch [15/30], Loss: 0.4275
Epoch [20/30], Loss: 0.3196
Epoch [25/30], Loss: 0.2847
Epoch [30/30], Loss: 0.2537
Epoch [5/30], Loss: 1.6553
Epoch [10/30], Loss: 1.1332
Epoch [15/30], Loss: 0.5130
Epoch [20/30], Loss: 0.3722
Epoch [25/30], Loss: 0.3311
Epoch [30/30], Loss: 0.2957
Epoch [5/30], Loss: 1.5875
Epoch [10/30], Loss: 0.9304
Epoch [15/30], Loss: 0.3173
Epoch [20/30], Loss: 0.2262
Epoch [25/30], Loss: 0.1975
Epoch [30/30], Loss: 0.1724
Epoch [5/30], Loss: 1.5267
Epoch [10/30], Loss: 0.8859
Epoch [15/30], Loss: 0.3406
Epoch [20/30], Loss: 0.2361
Epoch [25/30], Loss: 0.2056
Epoch [30/30], Loss: 0.1790
Epoch [5/30], Loss: 1.5781
Epoch [10/30], Loss: 0.9240
Epoch [15/30], Loss: 0.3489
Epoch [20/30], Loss: 0.2489
Epoch [25/30], Loss: 0.2169
Epoch [30/30], Loss: 0.1883
Epoch [5/30], Loss: 1.6078
Epoch [10/30], Loss: 0.9535
Epoch [15/30], Loss: 0.3949
Epoch [20/30], Loss: 0.2946
Epoch [25/30], Loss: 0.2611
Epoch [30/30], Loss: 0.2304
Epoch [5/30], Loss: 1.5739
Epoch [10/30], Loss: 0.8935
Epoch [15/30], Loss: 0.3459
Epoch [20/30], Loss: 0.2371
Epoch [25/30], Loss: 0.2066
Epoch [30/30], Loss: 0.1792
Epoch [5/30], Loss: 1.5573
Epoch [10/30], Loss: 0.9762
Epoch [15/30], Loss: 0.4389
Epoch [20/30], Loss: 0.3233
Epoch [25/30], Loss: 0.2872
Epoch [30/30], Loss: 0.2555
Epoch [5/30], Loss: 1.5898
Epoch [10/30], Loss: 0.9485
Epoch [15/30], Loss: 0.3926
Epoch [20/30], Loss: 0.2963
Epoch [25/30], Loss: 0.2647
Epoch [30/30], Loss: 0.2363
Epoch [5/30], Loss: 1.6409
Epoch [10/30], Loss: 1.0234
Epoch [15/30], Loss: 0.4143
Epoch [20/30], Loss: 0.2901
Epoch [25/30], Loss: 0.2559
Epoch [30/30], Loss: 0.2260
Epoch [5/30], Loss: 1.5978
Epoch [10/30], Loss: 0.9488
Epoch [15/30], Loss: 0.3406
Epoch [20/30], Loss: 0.2399
Epoch [25/30], Loss: 0.2089
Epoch [30/30], Loss: 0.1825
Epoch [5/30], Loss: 1.5759
Epoch [10/30], Loss: 0.9639
Epoch [15/30], Loss: 0.3838
Epoch [20/30], Loss: 0.2820
Epoch [25/30], Loss: 0.2511
Epoch [30/30], Loss: 0.2234
Epoch [5/30], Loss: 1.5599
Epoch [10/30], Loss: 0.9363
Epoch [15/30], Loss: 0.3994
Epoch [20/30], Loss: 0.2912
Epoch [25/30], Loss: 0.2587
Epoch [30/30], Loss: 0.2296
Epoch [5/30], Loss: 1.6046
Epoch [10/30], Loss: 1.0203
Epoch [15/30], Loss: 0.5135
Epoch [20/30], Loss: 0.3917
Epoch [25/30], Loss: 0.3525
Epoch [30/30], Loss: 0.3192
Epoch [5/30], Loss: 1.5955
Epoch [10/30], Loss: 0.9506
Epoch [15/30], Loss: 0.3944
Epoch [20/30], Loss: 0.2852
Epoch [25/30], Loss: 0.2526
Epoch [30/30], Loss: 0.2233
Epoch [5/30], Loss: 1.5918
Epoch [10/30], Loss: 0.9720
Epoch [15/30], Loss: 0.3513
Epoch [20/30], Loss: 0.2470
Epoch [25/30], Loss: 0.2141
Epoch [30/30], Loss: 0.1866
Epoch [5/30], Loss: 1.5628
Epoch [10/30], Loss: 0.9669
Epoch [15/30], Loss: 0.3131
Epoch [20/30], Loss: 0.2169
Epoch [25/30], Loss: 0.1876
Epoch [30/30], Loss: 0.1628
Epoch [5/30], Loss: 1.6243
Epoch [10/30], Loss: 0.9903
Epoch [15/30], Loss: 0.3877
Epoch [20/30], Loss: 0.2780
Epoch [25/30], Loss: 0.2438
Epoch [30/30], Loss: 0.2147
Epoch [5/30], Loss: 1.5933
Epoch [10/30], Loss: 0.9832
Epoch [15/30], Loss: 0.4039
Epoch [20/30], Loss: 0.2875
Epoch [25/30], Loss: 0.2537
Epoch [30/30], Loss: 0.2237
Epoch [5/30], Loss: 1.6129
Epoch [10/30], Loss: 1.0577
Epoch [15/30], Loss: 0.4600
Epoch [20/30], Loss: 0.3347
Epoch [25/30], Loss: 0.2962
Epoch [30/30], Loss: 0.2626
Epoch [5/30], Loss: 1.6014
Epoch [10/30], Loss: 0.9287
Epoch [15/30], Loss: 0.3264
Epoch [20/30], Loss: 0.2336
Epoch [25/30], Loss: 0.2044
Epoch [30/30], Loss: 0.1783
Epoch [5/30], Loss: 1.5594
Epoch [10/30], Loss: 0.9766
Epoch [15/30], Loss: 0.3874
Epoch [20/30], Loss: 0.2821
Epoch [25/30], Loss: 0.2480
Epoch [30/30], Loss: 0.2170
Epoch [5/30], Loss: 1.6355
Epoch [10/30], Loss: 1.0242
Epoch [15/30], Loss: 0.3945
Epoch [20/30], Loss: 0.2834
Epoch [25/30], Loss: 0.2491
Epoch [30/30], Loss: 0.2192
Epoch [5/30], Loss: 1.5726
Epoch [10/30], Loss: 0.9074
Epoch [15/30], Loss: 0.2997
Epoch [20/30], Loss: 0.2075
Epoch [25/30], Loss: 0.1790
Epoch [30/30], Loss: 0.1542
Epoch [5/30], Loss: 1.5770
Epoch [10/30], Loss: 0.9559
Epoch [15/30], Loss: 0.4498
Epoch [20/30], Loss: 0.3329
Epoch [25/30], Loss: 0.2978
Epoch [30/30], Loss: 0.2663
Epoch [5/30], Loss: 1.6499
Epoch [10/30], Loss: 1.1445
Epoch [15/30], Loss: 0.5640
Epoch [20/30], Loss: 0.4303
Epoch [25/30], Loss: 0.3900
Epoch [30/30], Loss: 0.3530
Epoch [5/30], Loss: 1.6296
Epoch [10/30], Loss: 1.0179
Epoch [15/30], Loss: 0.3978
Epoch [20/30], Loss: 0.2902
Epoch [25/30], Loss: 0.2580
Epoch [30/30], Loss: 0.2294
Epoch [5/30], Loss: 1.5895
Epoch [10/30], Loss: 0.9514
Epoch [15/30], Loss: 0.3604
Epoch [20/30], Loss: 0.2589
Epoch [25/30], Loss: 0.2259
Epoch [30/30], Loss: 0.1963
Epoch [5/30], Loss: 1.6009
Epoch [10/30], Loss: 0.9861
Epoch [15/30], Loss: 0.3483
Epoch [20/30], Loss: 0.2450
Epoch [25/30], Loss: 0.2129
Epoch [30/30], Loss: 0.1852
Epoch [5/30], Loss: 1.5698
Epoch [10/30], Loss: 1.0019
Epoch [15/30], Loss: 0.4026
Epoch [20/30], Loss: 0.2953
Epoch [25/30], Loss: 0.2613
Epoch [30/30], Loss: 0.2305
Epoch [5/30], Loss: 1.6087
Epoch [10/30], Loss: 1.0156
Epoch [15/30], Loss: 0.3899
Epoch [20/30], Loss: 0.2863
Epoch [25/30], Loss: 0.2529
Epoch [30/30], Loss: 0.2242
Epoch [5/30], Loss: 1.6337
Epoch [10/30], Loss: 1.1014
Epoch [15/30], Loss: 0.5398
Epoch [20/30], Loss: 0.4128
Epoch [25/30], Loss: 0.3715
Epoch [30/30], Loss: 0.3340
Epoch [5/30], Loss: 1.6502
Epoch [10/30], Loss: 1.0311
Epoch [15/30], Loss: 0.3861
Epoch [20/30], Loss: 0.2721
Epoch [25/30], Loss: 0.2376
Epoch [30/30], Loss: 0.2075
Epoch [5/30], Loss: 1.5803
Epoch [10/30], Loss: 0.9561
Epoch [15/30], Loss: 0.3819
Epoch [20/30], Loss: 0.2801
Epoch [25/30], Loss: 0.2465
Epoch [30/30], Loss: 0.2168
Epoch [5/30], Loss: 1.5590
Epoch [10/30], Loss: 0.9879
Epoch [15/30], Loss: 0.3966
Epoch [20/30], Loss: 0.2925
Epoch [25/30], Loss: 0.2581
Epoch [30/30], Loss: 0.2276
Epoch [5/30], Loss: 1.6072
Epoch [10/30], Loss: 0.9795
Epoch [15/30], Loss: 0.3834
Epoch [20/30], Loss: 0.2779
Epoch [25/30], Loss: 0.2430
Epoch [30/30], Loss: 0.2119
Epoch [5/30], Loss: 1.5884
Epoch [10/30], Loss: 0.9703
Epoch [15/30], Loss: 0.3864
Epoch [20/30], Loss: 0.2832
Epoch [25/30], Loss: 0.2497
Epoch [30/30], Loss: 0.2203
Epoch [5/30], Loss: 1.5897
Epoch [10/30], Loss: 0.9334
Epoch [15/30], Loss: 0.3943
Epoch [20/30], Loss: 0.2777
Epoch [25/30], Loss: 0.2418
Epoch [30/30], Loss: 0.2131
[00:18:48]     perm 20/50
Epoch [5/30], Loss: 1.5660
Epoch [10/30], Loss: 0.9417
Epoch [15/30], Loss: 0.4201
Epoch [20/30], Loss: 0.3140
Epoch [25/30], Loss: 0.2803
Epoch [30/30], Loss: 0.2503
Epoch [5/30], Loss: 1.5719
Epoch [10/30], Loss: 0.8998
Epoch [15/30], Loss: 0.3436
Epoch [20/30], Loss: 0.2447
Epoch [25/30], Loss: 0.2139
Epoch [30/30], Loss: 0.1868
Epoch [5/30], Loss: 1.6340
Epoch [10/30], Loss: 0.9720
Epoch [15/30], Loss: 0.4124
Epoch [20/30], Loss: 0.2959
Epoch [25/30], Loss: 0.2632
Epoch [30/30], Loss: 0.2345
Epoch [5/30], Loss: 1.5498
Epoch [10/30], Loss: 0.8545
Epoch [15/30], Loss: 0.3250
Epoch [20/30], Loss: 0.2322
Epoch [25/30], Loss: 0.2037
Epoch [30/30], Loss: 0.1788
Epoch [5/30], Loss: 1.5785
Epoch [10/30], Loss: 0.9239
Epoch [15/30], Loss: 0.3519
Epoch [20/30], Loss: 0.2497
Epoch [25/30], Loss: 0.2187
Epoch [30/30], Loss: 0.1919
Epoch [5/30], Loss: 1.6070
Epoch [10/30], Loss: 1.0369
Epoch [15/30], Loss: 0.5254
Epoch [20/30], Loss: 0.4074
Epoch [25/30], Loss: 0.3701
Epoch [30/30], Loss: 0.3358
Epoch [5/30], Loss: 1.5860
Epoch [10/30], Loss: 0.9127
Epoch [15/30], Loss: 0.3792
Epoch [20/30], Loss: 0.2767
Epoch [25/30], Loss: 0.2444
Epoch [30/30], Loss: 0.2167
Epoch [5/30], Loss: 1.5657
Epoch [10/30], Loss: 0.8756
Epoch [15/30], Loss: 0.3200
Epoch [20/30], Loss: 0.2263
Epoch [25/30], Loss: 0.1967
Epoch [30/30], Loss: 0.1708
Epoch [5/30], Loss: 1.5935
Epoch [10/30], Loss: 0.9062
Epoch [15/30], Loss: 0.3646
Epoch [20/30], Loss: 0.2648
Epoch [25/30], Loss: 0.2338
Epoch [30/30], Loss: 0.2069
Epoch [5/30], Loss: 1.5527
Epoch [10/30], Loss: 0.8839
Epoch [15/30], Loss: 0.3104
Epoch [20/30], Loss: 0.2195
Epoch [25/30], Loss: 0.1918
Epoch [30/30], Loss: 0.1670
Epoch [5/30], Loss: 1.5656
Epoch [10/30], Loss: 0.8820
Epoch [15/30], Loss: 0.3266
Epoch [20/30], Loss: 0.2270
Epoch [25/30], Loss: 0.1985
Epoch [30/30], Loss: 0.1732
Epoch [5/30], Loss: 1.5909
Epoch [10/30], Loss: 0.9601
Epoch [15/30], Loss: 0.4325
Epoch [20/30], Loss: 0.3206
Epoch [25/30], Loss: 0.2886
Epoch [30/30], Loss: 0.2583
Epoch [5/30], Loss: 1.4959
Epoch [10/30], Loss: 0.8426
Epoch [15/30], Loss: 0.3269
Epoch [20/30], Loss: 0.2295
Epoch [25/30], Loss: 0.1988
Epoch [30/30], Loss: 0.1720
Epoch [5/30], Loss: 1.5356
Epoch [10/30], Loss: 0.9007
Epoch [15/30], Loss: 0.3982
Epoch [20/30], Loss: 0.2913
Epoch [25/30], Loss: 0.2581
Epoch [30/30], Loss: 0.2292
Epoch [5/30], Loss: 1.5968
Epoch [10/30], Loss: 0.9094
Epoch [15/30], Loss: 0.3391
Epoch [20/30], Loss: 0.2415
Epoch [25/30], Loss: 0.2117
Epoch [30/30], Loss: 0.1851
Epoch [5/30], Loss: 1.5638
Epoch [10/30], Loss: 0.8508
Epoch [15/30], Loss: 0.3018
Epoch [20/30], Loss: 0.2153
Epoch [25/30], Loss: 0.1885
Epoch [30/30], Loss: 0.1648
Epoch [5/30], Loss: 1.5788
Epoch [10/30], Loss: 0.8921
Epoch [15/30], Loss: 0.3491
Epoch [20/30], Loss: 0.2557
Epoch [25/30], Loss: 0.2256
Epoch [30/30], Loss: 0.1989
Epoch [5/30], Loss: 1.5580
Epoch [10/30], Loss: 0.9571
Epoch [15/30], Loss: 0.4131
Epoch [20/30], Loss: 0.2994
Epoch [25/30], Loss: 0.2684
Epoch [30/30], Loss: 0.2402
Epoch [5/30], Loss: 1.6141
Epoch [10/30], Loss: 0.9834
Epoch [15/30], Loss: 0.4026
Epoch [20/30], Loss: 0.2908
Epoch [25/30], Loss: 0.2583
Epoch [30/30], Loss: 0.2284
Epoch [5/30], Loss: 1.6256
Epoch [10/30], Loss: 1.0281
Epoch [15/30], Loss: 0.4011
Epoch [20/30], Loss: 0.2841
Epoch [25/30], Loss: 0.2497
Epoch [30/30], Loss: 0.2192
Epoch [5/30], Loss: 1.5676
Epoch [10/30], Loss: 0.9304
Epoch [15/30], Loss: 0.3685
Epoch [20/30], Loss: 0.2555
Epoch [25/30], Loss: 0.2238
Epoch [30/30], Loss: 0.1961
Epoch [5/30], Loss: 1.5598
Epoch [10/30], Loss: 0.9067
Epoch [15/30], Loss: 0.3940
Epoch [20/30], Loss: 0.2926
Epoch [25/30], Loss: 0.2600
Epoch [30/30], Loss: 0.2316
Epoch [5/30], Loss: 1.5970
Epoch [10/30], Loss: 0.9813
Epoch [15/30], Loss: 0.4459
Epoch [20/30], Loss: 0.3286
Epoch [25/30], Loss: 0.2925
Epoch [30/30], Loss: 0.2599
Epoch [5/30], Loss: 1.6278
Epoch [10/30], Loss: 1.1004
Epoch [15/30], Loss: 0.5834
Epoch [20/30], Loss: 0.4610
Epoch [25/30], Loss: 0.4221
Epoch [30/30], Loss: 0.3868
Epoch [5/30], Loss: 1.6049
Epoch [10/30], Loss: 0.9517
Epoch [15/30], Loss: 0.4312
Epoch [20/30], Loss: 0.3081
Epoch [25/30], Loss: 0.2749
Epoch [30/30], Loss: 0.2456
Epoch [5/30], Loss: 1.6354
Epoch [10/30], Loss: 0.9928
Epoch [15/30], Loss: 0.4098
Epoch [20/30], Loss: 0.2894
Epoch [25/30], Loss: 0.2537
Epoch [30/30], Loss: 0.2226
Epoch [5/30], Loss: 1.5952
Epoch [10/30], Loss: 0.9505
Epoch [15/30], Loss: 0.4152
Epoch [20/30], Loss: 0.3058
Epoch [25/30], Loss: 0.2717
Epoch [30/30], Loss: 0.2407
Epoch [5/30], Loss: 1.6306
Epoch [10/30], Loss: 0.9790
Epoch [15/30], Loss: 0.4340
Epoch [20/30], Loss: 0.3259
Epoch [25/30], Loss: 0.2914
Epoch [30/30], Loss: 0.2595
Epoch [5/30], Loss: 1.5762
Epoch [10/30], Loss: 0.9325
Epoch [15/30], Loss: 0.3961
Epoch [20/30], Loss: 0.2916
Epoch [25/30], Loss: 0.2602
Epoch [30/30], Loss: 0.2310
Epoch [5/30], Loss: 1.6231
Epoch [10/30], Loss: 1.0515
Epoch [15/30], Loss: 0.5008
Epoch [20/30], Loss: 0.3788
Epoch [25/30], Loss: 0.3397
Epoch [30/30], Loss: 0.3049
Epoch [5/30], Loss: 1.5728
Epoch [10/30], Loss: 0.9509
Epoch [15/30], Loss: 0.4197
Epoch [20/30], Loss: 0.3121
Epoch [25/30], Loss: 0.2776
Epoch [30/30], Loss: 0.2472
Epoch [5/30], Loss: 1.5487
Epoch [10/30], Loss: 0.9187
Epoch [15/30], Loss: 0.4192
Epoch [20/30], Loss: 0.3094
Epoch [25/30], Loss: 0.2751
Epoch [30/30], Loss: 0.2438
Epoch [5/30], Loss: 1.5552
Epoch [10/30], Loss: 0.8868
Epoch [15/30], Loss: 0.3475
Epoch [20/30], Loss: 0.2474
Epoch [25/30], Loss: 0.2154
Epoch [30/30], Loss: 0.1884
Epoch [5/30], Loss: 1.6127
Epoch [10/30], Loss: 0.9642
Epoch [15/30], Loss: 0.3988
Epoch [20/30], Loss: 0.2895
Epoch [25/30], Loss: 0.2549
Epoch [30/30], Loss: 0.2239
Epoch [5/30], Loss: 1.5558
Epoch [10/30], Loss: 0.9180
Epoch [15/30], Loss: 0.3966
Epoch [20/30], Loss: 0.2849
Epoch [25/30], Loss: 0.2517
Epoch [30/30], Loss: 0.2221
Epoch [5/30], Loss: 1.5765
Epoch [10/30], Loss: 0.9632
Epoch [15/30], Loss: 0.4417
Epoch [20/30], Loss: 0.3269
Epoch [25/30], Loss: 0.2932
Epoch [30/30], Loss: 0.2624
Epoch [5/30], Loss: 1.5948
Epoch [10/30], Loss: 1.0038
Epoch [15/30], Loss: 0.3809
Epoch [20/30], Loss: 0.2730
Epoch [25/30], Loss: 0.2408
Epoch [30/30], Loss: 0.2123
Epoch [5/30], Loss: 1.5959
Epoch [10/30], Loss: 0.9562
Epoch [15/30], Loss: 0.3645
Epoch [20/30], Loss: 0.2579
Epoch [25/30], Loss: 0.2247
Epoch [30/30], Loss: 0.1956
Epoch [5/30], Loss: 1.5846
Epoch [10/30], Loss: 0.9309
Epoch [15/30], Loss: 0.3743
Epoch [20/30], Loss: 0.2678
Epoch [25/30], Loss: 0.2355
Epoch [30/30], Loss: 0.2063
Epoch [5/30], Loss: 1.5298
Epoch [10/30], Loss: 0.8520
Epoch [15/30], Loss: 0.3402
Epoch [20/30], Loss: 0.2491
Epoch [25/30], Loss: 0.2202
Epoch [30/30], Loss: 0.1951
Epoch [5/30], Loss: 1.5511
Epoch [10/30], Loss: 0.9790
Epoch [15/30], Loss: 0.4124
Epoch [20/30], Loss: 0.3112
Epoch [25/30], Loss: 0.2771
Epoch [30/30], Loss: 0.2473
Epoch [5/30], Loss: 1.5860
Epoch [10/30], Loss: 0.9782
Epoch [15/30], Loss: 0.3986
Epoch [20/30], Loss: 0.2880
Epoch [25/30], Loss: 0.2573
Epoch [30/30], Loss: 0.2287
Epoch [5/30], Loss: 1.5464
Epoch [10/30], Loss: 0.8695
Epoch [15/30], Loss: 0.3021
Epoch [20/30], Loss: 0.2075
Epoch [25/30], Loss: 0.1787
Epoch [30/30], Loss: 0.1543
Epoch [5/30], Loss: 1.5627
Epoch [10/30], Loss: 0.8597
Epoch [15/30], Loss: 0.3270
Epoch [20/30], Loss: 0.2335
Epoch [25/30], Loss: 0.2036
Epoch [30/30], Loss: 0.1777
Epoch [5/30], Loss: 1.5988
Epoch [10/30], Loss: 0.9399
Epoch [15/30], Loss: 0.4009
Epoch [20/30], Loss: 0.2984
Epoch [25/30], Loss: 0.2648
Epoch [30/30], Loss: 0.2349
Epoch [5/30], Loss: 1.5803
Epoch [10/30], Loss: 0.8663
Epoch [15/30], Loss: 0.3170
Epoch [20/30], Loss: 0.2242
Epoch [25/30], Loss: 0.1958
Epoch [30/30], Loss: 0.1708
Epoch [5/30], Loss: 1.5681
Epoch [10/30], Loss: 0.9148
Epoch [15/30], Loss: 0.3118
Epoch [20/30], Loss: 0.2161
Epoch [25/30], Loss: 0.1873
Epoch [30/30], Loss: 0.1621
Epoch [5/30], Loss: 1.5869
Epoch [10/30], Loss: 0.9919
Epoch [15/30], Loss: 0.4364
Epoch [20/30], Loss: 0.2979
Epoch [25/30], Loss: 0.2625
Epoch [30/30], Loss: 0.2324
Epoch [5/30], Loss: 1.6153
Epoch [10/30], Loss: 1.0278
Epoch [15/30], Loss: 0.4167
Epoch [20/30], Loss: 0.2977
Epoch [25/30], Loss: 0.2620
Epoch [30/30], Loss: 0.2317
Epoch [5/30], Loss: 1.5808
Epoch [10/30], Loss: 0.9028
Epoch [15/30], Loss: 0.3647
Epoch [20/30], Loss: 0.2624
Epoch [25/30], Loss: 0.2317
Epoch [30/30], Loss: 0.2044
Epoch [5/30], Loss: 1.6010
Epoch [10/30], Loss: 0.9683
Epoch [15/30], Loss: 0.3925
Epoch [20/30], Loss: 0.2906
Epoch [25/30], Loss: 0.2587
Epoch [30/30], Loss: 0.2307
Epoch [5/30], Loss: 1.6230
Epoch [10/30], Loss: 0.9744
Epoch [15/30], Loss: 0.3517
Epoch [20/30], Loss: 0.2460
Epoch [25/30], Loss: 0.2141
Epoch [30/30], Loss: 0.1867
Epoch [5/30], Loss: 1.6114
Epoch [10/30], Loss: 0.9024
Epoch [15/30], Loss: 0.3298
Epoch [20/30], Loss: 0.2273
Epoch [25/30], Loss: 0.1988
Epoch [30/30], Loss: 0.1738
Epoch [5/30], Loss: 1.6145
Epoch [10/30], Loss: 1.0086
Epoch [15/30], Loss: 0.4763
Epoch [20/30], Loss: 0.3450
Epoch [25/30], Loss: 0.3078
Epoch [30/30], Loss: 0.2751
Epoch [5/30], Loss: 1.6361
Epoch [10/30], Loss: 1.0821
Epoch [15/30], Loss: 0.4860
Epoch [20/30], Loss: 0.3675
Epoch [25/30], Loss: 0.3287
Epoch [30/30], Loss: 0.2939
Epoch [5/30], Loss: 1.6037
Epoch [10/30], Loss: 0.8626
Epoch [15/30], Loss: 0.2645
Epoch [20/30], Loss: 0.1796
Epoch [25/30], Loss: 0.1551
Epoch [30/30], Loss: 0.1339
Epoch [5/30], Loss: 1.5170
Epoch [10/30], Loss: 0.9245
Epoch [15/30], Loss: 0.3841
Epoch [20/30], Loss: 0.2849
Epoch [25/30], Loss: 0.2533
Epoch [30/30], Loss: 0.2253
Epoch [5/30], Loss: 1.6151
Epoch [10/30], Loss: 1.0072
Epoch [15/30], Loss: 0.3889
Epoch [20/30], Loss: 0.2772
Epoch [25/30], Loss: 0.2426
Epoch [30/30], Loss: 0.2123
Epoch [5/30], Loss: 1.5989
Epoch [10/30], Loss: 0.9272
Epoch [15/30], Loss: 0.3608
Epoch [20/30], Loss: 0.2610
Epoch [25/30], Loss: 0.2298
Epoch [30/30], Loss: 0.2024
Epoch [5/30], Loss: 1.6225
Epoch [10/30], Loss: 1.0622
Epoch [15/30], Loss: 0.5204
Epoch [20/30], Loss: 0.3909
Epoch [25/30], Loss: 0.3509
Epoch [30/30], Loss: 0.3155
[00:19:56]     perm 30/50
Epoch [5/30], Loss: 1.5570
Epoch [10/30], Loss: 0.9131
Epoch [15/30], Loss: 0.3518
Epoch [20/30], Loss: 0.2554
Epoch [25/30], Loss: 0.2241
Epoch [30/30], Loss: 0.1964
Epoch [5/30], Loss: 1.5395
Epoch [10/30], Loss: 0.8475
Epoch [15/30], Loss: 0.3306
Epoch [20/30], Loss: 0.2345
Epoch [25/30], Loss: 0.2052
Epoch [30/30], Loss: 0.1792
Epoch [5/30], Loss: 1.5309
Epoch [10/30], Loss: 0.8697
Epoch [15/30], Loss: 0.3379
Epoch [20/30], Loss: 0.2416
Epoch [25/30], Loss: 0.2119
Epoch [30/30], Loss: 0.1856
Epoch [5/30], Loss: 1.5684
Epoch [10/30], Loss: 0.8405
Epoch [15/30], Loss: 0.2923
Epoch [20/30], Loss: 0.2036
Epoch [25/30], Loss: 0.1770
Epoch [30/30], Loss: 0.1541
Epoch [5/30], Loss: 1.6301
Epoch [10/30], Loss: 0.9354
Epoch [15/30], Loss: 0.3521
Epoch [20/30], Loss: 0.2507
Epoch [25/30], Loss: 0.2198
Epoch [30/30], Loss: 0.1933
Epoch [5/30], Loss: 1.5705
Epoch [10/30], Loss: 0.9672
Epoch [15/30], Loss: 0.4176
Epoch [20/30], Loss: 0.3082
Epoch [25/30], Loss: 0.2732
Epoch [30/30], Loss: 0.2419
Epoch [5/30], Loss: 1.6491
Epoch [10/30], Loss: 1.0204
Epoch [15/30], Loss: 0.4167
Epoch [20/30], Loss: 0.2956
Epoch [25/30], Loss: 0.2603
Epoch [30/30], Loss: 0.2296
Epoch [5/30], Loss: 1.5498
Epoch [10/30], Loss: 0.8675
Epoch [15/30], Loss: 0.3108
Epoch [20/30], Loss: 0.2204
Epoch [25/30], Loss: 0.1908
Epoch [30/30], Loss: 0.1646
Epoch [5/30], Loss: 1.6151
Epoch [10/30], Loss: 0.9526
Epoch [15/30], Loss: 0.3865
Epoch [20/30], Loss: 0.2791
Epoch [25/30], Loss: 0.2465
Epoch [30/30], Loss: 0.2187
Epoch [5/30], Loss: 1.5917
Epoch [10/30], Loss: 0.9341
Epoch [15/30], Loss: 0.3867
Epoch [20/30], Loss: 0.2877
Epoch [25/30], Loss: 0.2552
Epoch [30/30], Loss: 0.2254
Epoch [5/30], Loss: 1.6041
Epoch [10/30], Loss: 0.9622
Epoch [15/30], Loss: 0.3689
Epoch [20/30], Loss: 0.2697
Epoch [25/30], Loss: 0.2385
Epoch [30/30], Loss: 0.2112
Epoch [5/30], Loss: 1.6184
Epoch [10/30], Loss: 1.0882
Epoch [15/30], Loss: 0.5091
Epoch [20/30], Loss: 0.3803
Epoch [25/30], Loss: 0.3377
Epoch [30/30], Loss: 0.3014
Epoch [5/30], Loss: 1.6017
Epoch [10/30], Loss: 0.9838
Epoch [15/30], Loss: 0.4253
Epoch [20/30], Loss: 0.3196
Epoch [25/30], Loss: 0.2852
Epoch [30/30], Loss: 0.2551
Epoch [5/30], Loss: 1.5696
Epoch [10/30], Loss: 0.9351
Epoch [15/30], Loss: 0.3615
Epoch [20/30], Loss: 0.2540
Epoch [25/30], Loss: 0.2212
Epoch [30/30], Loss: 0.1920
Epoch [5/30], Loss: 1.6214
Epoch [10/30], Loss: 1.0488
Epoch [15/30], Loss: 0.4310
Epoch [20/30], Loss: 0.3144
Epoch [25/30], Loss: 0.2780
Epoch [30/30], Loss: 0.2452
Epoch [5/30], Loss: 1.5459
Epoch [10/30], Loss: 0.8574
Epoch [15/30], Loss: 0.3350
Epoch [20/30], Loss: 0.2480
Epoch [25/30], Loss: 0.2186
Epoch [30/30], Loss: 0.1929
Epoch [5/30], Loss: 1.6013
Epoch [10/30], Loss: 0.9450
Epoch [15/30], Loss: 0.3567
Epoch [20/30], Loss: 0.2501
Epoch [25/30], Loss: 0.2191
Epoch [30/30], Loss: 0.1924
Epoch [5/30], Loss: 1.5772
Epoch [10/30], Loss: 0.9969
Epoch [15/30], Loss: 0.4977
Epoch [20/30], Loss: 0.3697
Epoch [25/30], Loss: 0.3314
Epoch [30/30], Loss: 0.2973
Epoch [5/30], Loss: 1.5643
Epoch [10/30], Loss: 0.9522
Epoch [15/30], Loss: 0.3847
Epoch [20/30], Loss: 0.2832
Epoch [25/30], Loss: 0.2515
Epoch [30/30], Loss: 0.2241
Epoch [5/30], Loss: 1.5569
Epoch [10/30], Loss: 0.8936
Epoch [15/30], Loss: 0.3300
Epoch [20/30], Loss: 0.2300
Epoch [25/30], Loss: 0.1988
Epoch [30/30], Loss: 0.1723
Epoch [5/30], Loss: 1.5240
Epoch [10/30], Loss: 0.8326
Epoch [15/30], Loss: 0.3324
Epoch [20/30], Loss: 0.2358
Epoch [25/30], Loss: 0.2065
Epoch [30/30], Loss: 0.1809
Epoch [5/30], Loss: 1.5808
Epoch [10/30], Loss: 0.8998
Epoch [15/30], Loss: 0.3906
Epoch [20/30], Loss: 0.2908
Epoch [25/30], Loss: 0.2589
Epoch [30/30], Loss: 0.2291
Epoch [5/30], Loss: 1.5892
Epoch [10/30], Loss: 0.9167
Epoch [15/30], Loss: 0.3668
Epoch [20/30], Loss: 0.2619
Epoch [25/30], Loss: 0.2310
Epoch [30/30], Loss: 0.2042
Epoch [5/30], Loss: 1.5846
Epoch [10/30], Loss: 1.0453
Epoch [15/30], Loss: 0.5724
Epoch [20/30], Loss: 0.4345
Epoch [25/30], Loss: 0.3916
Epoch [30/30], Loss: 0.3538
Epoch [5/30], Loss: 1.5812
Epoch [10/30], Loss: 0.9947
Epoch [15/30], Loss: 0.4156
Epoch [20/30], Loss: 0.2963
Epoch [25/30], Loss: 0.2604
Epoch [30/30], Loss: 0.2287
Epoch [5/30], Loss: 1.6155
Epoch [10/30], Loss: 0.9905
Epoch [15/30], Loss: 0.4380
Epoch [20/30], Loss: 0.3208
Epoch [25/30], Loss: 0.2851
Epoch [30/30], Loss: 0.2537
Epoch [5/30], Loss: 1.5554
Epoch [10/30], Loss: 0.9907
Epoch [15/30], Loss: 0.3800
Epoch [20/30], Loss: 0.2728
Epoch [25/30], Loss: 0.2402
Epoch [30/30], Loss: 0.2109
Epoch [5/30], Loss: 1.6199
Epoch [10/30], Loss: 0.9442
Epoch [15/30], Loss: 0.3581
Epoch [20/30], Loss: 0.2531
Epoch [25/30], Loss: 0.2192
Epoch [30/30], Loss: 0.1896
Epoch [5/30], Loss: 1.6283
Epoch [10/30], Loss: 0.9886
Epoch [15/30], Loss: 0.4491
Epoch [20/30], Loss: 0.3290
Epoch [25/30], Loss: 0.2908
Epoch [30/30], Loss: 0.2581
Epoch [5/30], Loss: 1.6541
Epoch [10/30], Loss: 1.1642
Epoch [15/30], Loss: 0.5992
Epoch [20/30], Loss: 0.4575
Epoch [25/30], Loss: 0.4125
Epoch [30/30], Loss: 0.3740
Epoch [5/30], Loss: 1.5573
Epoch [10/30], Loss: 0.9146
Epoch [15/30], Loss: 0.3672
Epoch [20/30], Loss: 0.2636
Epoch [25/30], Loss: 0.2342
Epoch [30/30], Loss: 0.2081
Epoch [5/30], Loss: 1.6017
Epoch [10/30], Loss: 0.9277
Epoch [15/30], Loss: 0.4062
Epoch [20/30], Loss: 0.3055
Epoch [25/30], Loss: 0.2711
Epoch [30/30], Loss: 0.2410
Epoch [5/30], Loss: 1.5842
Epoch [10/30], Loss: 0.9436
Epoch [15/30], Loss: 0.3866
Epoch [20/30], Loss: 0.2802
Epoch [25/30], Loss: 0.2470
Epoch [30/30], Loss: 0.2181
Epoch [5/30], Loss: 1.5764
Epoch [10/30], Loss: 0.9066
Epoch [15/30], Loss: 0.3685
Epoch [20/30], Loss: 0.2721
Epoch [25/30], Loss: 0.2409
Epoch [30/30], Loss: 0.2135
Epoch [5/30], Loss: 1.5220
Epoch [10/30], Loss: 0.9041
Epoch [15/30], Loss: 0.4093
Epoch [20/30], Loss: 0.3105
Epoch [25/30], Loss: 0.2769
Epoch [30/30], Loss: 0.2472
Epoch [5/30], Loss: 1.6078
Epoch [10/30], Loss: 1.0845
Epoch [15/30], Loss: 0.5388
Epoch [20/30], Loss: 0.4097
Epoch [25/30], Loss: 0.3718
Epoch [30/30], Loss: 0.3364
Epoch [5/30], Loss: 1.5601
Epoch [10/30], Loss: 0.9783
Epoch [15/30], Loss: 0.4423
Epoch [20/30], Loss: 0.3347
Epoch [25/30], Loss: 0.2986
Epoch [30/30], Loss: 0.2666
Epoch [5/30], Loss: 1.6025
Epoch [10/30], Loss: 0.9628
Epoch [15/30], Loss: 0.4216
Epoch [20/30], Loss: 0.3078
Epoch [25/30], Loss: 0.2723
Epoch [30/30], Loss: 0.2413
Epoch [5/30], Loss: 1.5587
Epoch [10/30], Loss: 0.8479
Epoch [15/30], Loss: 0.2868
Epoch [20/30], Loss: 0.2024
Epoch [25/30], Loss: 0.1770
Epoch [30/30], Loss: 0.1538
Epoch [5/30], Loss: 1.5185
Epoch [10/30], Loss: 0.8385
Epoch [15/30], Loss: 0.3155
Epoch [20/30], Loss: 0.2235
Epoch [25/30], Loss: 0.1947
Epoch [30/30], Loss: 0.1694
Epoch [5/30], Loss: 1.5735
Epoch [10/30], Loss: 0.9000
Epoch [15/30], Loss: 0.3543
Epoch [20/30], Loss: 0.2554
Epoch [25/30], Loss: 0.2264
Epoch [30/30], Loss: 0.2008
Epoch [5/30], Loss: 1.6016
Epoch [10/30], Loss: 1.0605
Epoch [15/30], Loss: 0.5231
Epoch [20/30], Loss: 0.3875
Epoch [25/30], Loss: 0.3440
Epoch [30/30], Loss: 0.3052
Epoch [5/30], Loss: 1.5936
Epoch [10/30], Loss: 0.9225
Epoch [15/30], Loss: 0.3684
Epoch [20/30], Loss: 0.2629
Epoch [25/30], Loss: 0.2298
Epoch [30/30], Loss: 0.2006
Epoch [5/30], Loss: 1.5795
Epoch [10/30], Loss: 0.9995
Epoch [15/30], Loss: 0.4269
Epoch [20/30], Loss: 0.3160
Epoch [25/30], Loss: 0.2803
Epoch [30/30], Loss: 0.2484
Epoch [5/30], Loss: 1.5770
Epoch [10/30], Loss: 0.9539
Epoch [15/30], Loss: 0.3824
Epoch [20/30], Loss: 0.2740
Epoch [25/30], Loss: 0.2388
Epoch [30/30], Loss: 0.2087
Epoch [5/30], Loss: 1.5696
Epoch [10/30], Loss: 0.9373
Epoch [15/30], Loss: 0.3408
Epoch [20/30], Loss: 0.2377
Epoch [25/30], Loss: 0.2068
Epoch [30/30], Loss: 0.1799
Epoch [5/30], Loss: 1.6148
Epoch [10/30], Loss: 0.9727
Epoch [15/30], Loss: 0.3897
Epoch [20/30], Loss: 0.2814
Epoch [25/30], Loss: 0.2483
Epoch [30/30], Loss: 0.2185
Epoch [5/30], Loss: 1.6213
Epoch [10/30], Loss: 1.0802
Epoch [15/30], Loss: 0.4885
Epoch [20/30], Loss: 0.3584
Epoch [25/30], Loss: 0.3194
Epoch [30/30], Loss: 0.2836
Epoch [5/30], Loss: 1.5509
Epoch [10/30], Loss: 0.9510
Epoch [15/30], Loss: 0.3665
Epoch [20/30], Loss: 0.2647
Epoch [25/30], Loss: 0.2335
Epoch [30/30], Loss: 0.2060
Epoch [5/30], Loss: 1.5641
Epoch [10/30], Loss: 0.8754
Epoch [15/30], Loss: 0.3554
Epoch [20/30], Loss: 0.2568
Epoch [25/30], Loss: 0.2256
Epoch [30/30], Loss: 0.1981
Epoch [5/30], Loss: 1.5783
Epoch [10/30], Loss: 0.9198
Epoch [15/30], Loss: 0.3741
Epoch [20/30], Loss: 0.2687
Epoch [25/30], Loss: 0.2359
Epoch [30/30], Loss: 0.2072
Epoch [5/30], Loss: 1.6187
Epoch [10/30], Loss: 0.9260
Epoch [15/30], Loss: 0.3353
Epoch [20/30], Loss: 0.2373
Epoch [25/30], Loss: 0.2060
Epoch [30/30], Loss: 0.1792
Epoch [5/30], Loss: 1.5607
Epoch [10/30], Loss: 0.9152
Epoch [15/30], Loss: 0.3987
Epoch [20/30], Loss: 0.3040
Epoch [25/30], Loss: 0.2721
Epoch [30/30], Loss: 0.2436
Epoch [5/30], Loss: 1.5659
Epoch [10/30], Loss: 0.9650
Epoch [15/30], Loss: 0.5017
Epoch [20/30], Loss: 0.3759
Epoch [25/30], Loss: 0.3352
Epoch [30/30], Loss: 0.3009
Epoch [5/30], Loss: 1.5746
Epoch [10/30], Loss: 0.8642
Epoch [15/30], Loss: 0.3080
Epoch [20/30], Loss: 0.2097
Epoch [25/30], Loss: 0.1823
Epoch [30/30], Loss: 0.1585
Epoch [5/30], Loss: 1.5929
Epoch [10/30], Loss: 0.9753
Epoch [15/30], Loss: 0.4182
Epoch [20/30], Loss: 0.3041
Epoch [25/30], Loss: 0.2679
Epoch [30/30], Loss: 0.2362
Epoch [5/30], Loss: 1.6168
Epoch [10/30], Loss: 0.9987
Epoch [15/30], Loss: 0.4256
Epoch [20/30], Loss: 0.3121
Epoch [25/30], Loss: 0.2746
Epoch [30/30], Loss: 0.2413
Epoch [5/30], Loss: 1.5790
Epoch [10/30], Loss: 0.9628
Epoch [15/30], Loss: 0.3927
Epoch [20/30], Loss: 0.2887
Epoch [25/30], Loss: 0.2557
Epoch [30/30], Loss: 0.2261
Epoch [5/30], Loss: 1.6367
Epoch [10/30], Loss: 1.0063
Epoch [15/30], Loss: 0.4093
Epoch [20/30], Loss: 0.2983
Epoch [25/30], Loss: 0.2625
Epoch [30/30], Loss: 0.2312
Epoch [5/30], Loss: 1.6047
Epoch [10/30], Loss: 1.0432
Epoch [15/30], Loss: 0.4581
Epoch [20/30], Loss: 0.3229
Epoch [25/30], Loss: 0.2848
Epoch [30/30], Loss: 0.2516
[00:21:03]     perm 40/50
Epoch [5/30], Loss: 1.5665
Epoch [10/30], Loss: 0.9213
Epoch [15/30], Loss: 0.3703
Epoch [20/30], Loss: 0.2650
Epoch [25/30], Loss: 0.2337
Epoch [30/30], Loss: 0.2064
Epoch [5/30], Loss: 1.5894
Epoch [10/30], Loss: 0.8862
Epoch [15/30], Loss: 0.3250
Epoch [20/30], Loss: 0.2299
Epoch [25/30], Loss: 0.1927
Epoch [30/30], Loss: 0.1670
Epoch [5/30], Loss: 1.6041
Epoch [10/30], Loss: 0.9536
Epoch [15/30], Loss: 0.3973
Epoch [20/30], Loss: 0.2926
Epoch [25/30], Loss: 0.2593
Epoch [30/30], Loss: 0.2300
Epoch [5/30], Loss: 1.6035
Epoch [10/30], Loss: 0.9394
Epoch [15/30], Loss: 0.3285
Epoch [20/30], Loss: 0.2305
Epoch [25/30], Loss: 0.1985
Epoch [30/30], Loss: 0.1711
Epoch [5/30], Loss: 1.5446
Epoch [10/30], Loss: 0.9147
Epoch [15/30], Loss: 0.3878
Epoch [20/30], Loss: 0.2873
Epoch [25/30], Loss: 0.2541
Epoch [30/30], Loss: 0.2251
Epoch [5/30], Loss: 1.5881
Epoch [10/30], Loss: 0.9979
Epoch [15/30], Loss: 0.4567
Epoch [20/30], Loss: 0.3363
Epoch [25/30], Loss: 0.3007
Epoch [30/30], Loss: 0.2668
Epoch [5/30], Loss: 1.6170
Epoch [10/30], Loss: 0.9989
Epoch [15/30], Loss: 0.3794
Epoch [20/30], Loss: 0.2682
Epoch [25/30], Loss: 0.2369
Epoch [30/30], Loss: 0.2099
Epoch [5/30], Loss: 1.6066
Epoch [10/30], Loss: 0.9691
Epoch [15/30], Loss: 0.3889
Epoch [20/30], Loss: 0.2848
Epoch [25/30], Loss: 0.2511
Epoch [30/30], Loss: 0.2208
Epoch [5/30], Loss: 1.6601
Epoch [10/30], Loss: 1.0987
Epoch [15/30], Loss: 0.4704
Epoch [20/30], Loss: 0.3446
Epoch [25/30], Loss: 0.3044
Epoch [30/30], Loss: 0.2693
Epoch [5/30], Loss: 1.6058
Epoch [10/30], Loss: 1.0326
Epoch [15/30], Loss: 0.4357
Epoch [20/30], Loss: 0.3147
Epoch [25/30], Loss: 0.2772
Epoch [30/30], Loss: 0.2441
Epoch [5/30], Loss: 1.5979
Epoch [10/30], Loss: 0.9794
Epoch [15/30], Loss: 0.3786
Epoch [20/30], Loss: 0.2718
Epoch [25/30], Loss: 0.2401
Epoch [30/30], Loss: 0.2121
Epoch [5/30], Loss: 1.6323
Epoch [10/30], Loss: 1.0597
Epoch [15/30], Loss: 0.4957
Epoch [20/30], Loss: 0.3655
Epoch [25/30], Loss: 0.3279
Epoch [30/30], Loss: 0.2914
Epoch [5/30], Loss: 1.5617
Epoch [10/30], Loss: 0.8903
Epoch [15/30], Loss: 0.3926
Epoch [20/30], Loss: 0.2919
Epoch [25/30], Loss: 0.2588
Epoch [30/30], Loss: 0.2297
Epoch [5/30], Loss: 1.5347
Epoch [10/30], Loss: 0.8761
Epoch [15/30], Loss: 0.3106
Epoch [20/30], Loss: 0.2173
Epoch [25/30], Loss: 0.1882
Epoch [30/30], Loss: 0.1631
Epoch [5/30], Loss: 1.5915
Epoch [10/30], Loss: 0.9201
Epoch [15/30], Loss: 0.3788
Epoch [20/30], Loss: 0.2672
Epoch [25/30], Loss: 0.2362
Epoch [30/30], Loss: 0.2094
Epoch [5/30], Loss: 1.5057
Epoch [10/30], Loss: 0.8378
Epoch [15/30], Loss: 0.3244
Epoch [20/30], Loss: 0.2346
Epoch [25/30], Loss: 0.2060
Epoch [30/30], Loss: 0.1803
Epoch [5/30], Loss: 1.5736
Epoch [10/30], Loss: 0.9131
Epoch [15/30], Loss: 0.3588
Epoch [20/30], Loss: 0.2612
Epoch [25/30], Loss: 0.2303
Epoch [30/30], Loss: 0.2028
Epoch [5/30], Loss: 1.5830
Epoch [10/30], Loss: 0.9796
Epoch [15/30], Loss: 0.4249
Epoch [20/30], Loss: 0.3030
Epoch [25/30], Loss: 0.2674
Epoch [30/30], Loss: 0.2370
Epoch [5/30], Loss: 1.6046
Epoch [10/30], Loss: 1.0295
Epoch [15/30], Loss: 0.4394
Epoch [20/30], Loss: 0.3278
Epoch [25/30], Loss: 0.2926
Epoch [30/30], Loss: 0.2616
Epoch [5/30], Loss: 1.6384
Epoch [10/30], Loss: 1.0425
Epoch [15/30], Loss: 0.4223
Epoch [20/30], Loss: 0.3052
Epoch [25/30], Loss: 0.2682
Epoch [30/30], Loss: 0.2352
Epoch [5/30], Loss: 1.6057
Epoch [10/30], Loss: 0.9484
Epoch [15/30], Loss: 0.3719
Epoch [20/30], Loss: 0.2660
Epoch [25/30], Loss: 0.2334
Epoch [30/30], Loss: 0.2054
Epoch [5/30], Loss: 1.6032
Epoch [10/30], Loss: 0.9300
Epoch [15/30], Loss: 0.3578
Epoch [20/30], Loss: 0.2550
Epoch [25/30], Loss: 0.2238
Epoch [30/30], Loss: 0.1962
Epoch [5/30], Loss: 1.6188
Epoch [10/30], Loss: 0.9896
Epoch [15/30], Loss: 0.3545
Epoch [20/30], Loss: 0.2478
Epoch [25/30], Loss: 0.2158
Epoch [30/30], Loss: 0.1884
Epoch [5/30], Loss: 1.6388
Epoch [10/30], Loss: 1.0960
Epoch [15/30], Loss: 0.5271
Epoch [20/30], Loss: 0.3898
Epoch [25/30], Loss: 0.3488
Epoch [30/30], Loss: 0.3138
Epoch [5/30], Loss: 1.5557
Epoch [10/30], Loss: 0.8738
Epoch [15/30], Loss: 0.3351
Epoch [20/30], Loss: 0.2343
Epoch [25/30], Loss: 0.2042
Epoch [30/30], Loss: 0.1780
Epoch [5/30], Loss: 1.5744
Epoch [10/30], Loss: 0.8960
Epoch [15/30], Loss: 0.3169
Epoch [20/30], Loss: 0.2258
Epoch [25/30], Loss: 0.1958
Epoch [30/30], Loss: 0.1702
Epoch [5/30], Loss: 1.5199
Epoch [10/30], Loss: 0.8759
Epoch [15/30], Loss: 0.3659
Epoch [20/30], Loss: 0.2680
Epoch [25/30], Loss: 0.2368
Epoch [30/30], Loss: 0.2094
Epoch [5/30], Loss: 1.5797
Epoch [10/30], Loss: 0.8920
Epoch [15/30], Loss: 0.3125
Epoch [20/30], Loss: 0.2161
Epoch [25/30], Loss: 0.1868
Epoch [30/30], Loss: 0.1618
Epoch [5/30], Loss: 1.5665
Epoch [10/30], Loss: 0.8791
Epoch [15/30], Loss: 0.3459
Epoch [20/30], Loss: 0.2501
Epoch [25/30], Loss: 0.2186
Epoch [30/30], Loss: 0.1911
Epoch [5/30], Loss: 1.6295
Epoch [10/30], Loss: 1.0450
Epoch [15/30], Loss: 0.4833
Epoch [20/30], Loss: 0.3543
Epoch [25/30], Loss: 0.3135
Epoch [30/30], Loss: 0.2776
Epoch [5/30], Loss: 1.6013
Epoch [10/30], Loss: 0.9676
Epoch [15/30], Loss: 0.4317
Epoch [20/30], Loss: 0.3069
Epoch [25/30], Loss: 0.2703
Epoch [30/30], Loss: 0.2385
Epoch [5/30], Loss: 1.6506
Epoch [10/30], Loss: 1.0844
Epoch [15/30], Loss: 0.4855
Epoch [20/30], Loss: 0.3550
Epoch [25/30], Loss: 0.3152
Epoch [30/30], Loss: 0.2803
Epoch [5/30], Loss: 1.6541
Epoch [10/30], Loss: 1.0707
Epoch [15/30], Loss: 0.4593
Epoch [20/30], Loss: 0.3401
Epoch [25/30], Loss: 0.3014
Epoch [30/30], Loss: 0.2666
Epoch [5/30], Loss: 1.5945
Epoch [10/30], Loss: 1.0007
Epoch [15/30], Loss: 0.4057
Epoch [20/30], Loss: 0.2914
Epoch [25/30], Loss: 0.2539
Epoch [30/30], Loss: 0.2215
Epoch [5/30], Loss: 1.6228
Epoch [10/30], Loss: 0.9375
Epoch [15/30], Loss: 0.3592
Epoch [20/30], Loss: 0.2559
Epoch [25/30], Loss: 0.2247
Epoch [30/30], Loss: 0.1964
Epoch [5/30], Loss: 1.6366
Epoch [10/30], Loss: 1.1061
Epoch [15/30], Loss: 0.5096
Epoch [20/30], Loss: 0.3805
Epoch [25/30], Loss: 0.3401
Epoch [30/30], Loss: 0.3042
Epoch [5/30], Loss: 1.5511
Epoch [10/30], Loss: 0.9741
Epoch [15/30], Loss: 0.4161
Epoch [20/30], Loss: 0.3104
Epoch [25/30], Loss: 0.2769
Epoch [30/30], Loss: 0.2471
Epoch [5/30], Loss: 1.5787
Epoch [10/30], Loss: 0.9629
Epoch [15/30], Loss: 0.3939
Epoch [20/30], Loss: 0.2897
Epoch [25/30], Loss: 0.2550
Epoch [30/30], Loss: 0.2242
Epoch [5/30], Loss: 1.5627
Epoch [10/30], Loss: 0.9055
Epoch [15/30], Loss: 0.3552
Epoch [20/30], Loss: 0.2571
Epoch [25/30], Loss: 0.2262
Epoch [30/30], Loss: 0.1990
Epoch [5/30], Loss: 1.5521
Epoch [10/30], Loss: 0.9040
Epoch [15/30], Loss: 0.3740
Epoch [20/30], Loss: 0.2671
Epoch [25/30], Loss: 0.2347
Epoch [30/30], Loss: 0.2063
Epoch [5/30], Loss: 1.6238
Epoch [10/30], Loss: 0.9875
Epoch [15/30], Loss: 0.4358
Epoch [20/30], Loss: 0.3275
Epoch [25/30], Loss: 0.2937
Epoch [30/30], Loss: 0.2637
Epoch [5/30], Loss: 1.6117
Epoch [10/30], Loss: 1.0785
Epoch [15/30], Loss: 0.5269
Epoch [20/30], Loss: 0.3977
Epoch [25/30], Loss: 0.3561
Epoch [30/30], Loss: 0.3208
Epoch [5/30], Loss: 1.6195
Epoch [10/30], Loss: 0.9756
Epoch [15/30], Loss: 0.4159
Epoch [20/30], Loss: 0.3090
Epoch [25/30], Loss: 0.2768
Epoch [30/30], Loss: 0.2474
Epoch [5/30], Loss: 1.6039
Epoch [10/30], Loss: 0.9765
Epoch [15/30], Loss: 0.3847
Epoch [20/30], Loss: 0.2800
Epoch [25/30], Loss: 0.2469
Epoch [30/30], Loss: 0.2171
Epoch [5/30], Loss: 1.6088
Epoch [10/30], Loss: 1.0111
Epoch [15/30], Loss: 0.3967
Epoch [20/30], Loss: 0.2803
Epoch [25/30], Loss: 0.2456
Epoch [30/30], Loss: 0.2153
Epoch [5/30], Loss: 1.5831
Epoch [10/30], Loss: 0.9379
Epoch [15/30], Loss: 0.3760
Epoch [20/30], Loss: 0.2770
Epoch [25/30], Loss: 0.2445
Epoch [30/30], Loss: 0.2157
Epoch [5/30], Loss: 1.5709
Epoch [10/30], Loss: 0.9442
Epoch [15/30], Loss: 0.3889
Epoch [20/30], Loss: 0.2911
Epoch [25/30], Loss: 0.2597
Epoch [30/30], Loss: 0.2317
Epoch [5/30], Loss: 1.6467
Epoch [10/30], Loss: 1.1558
Epoch [15/30], Loss: 0.6108
Epoch [20/30], Loss: 0.4707
Epoch [25/30], Loss: 0.4262
Epoch [30/30], Loss: 0.3870
Epoch [5/30], Loss: 1.6296
Epoch [10/30], Loss: 0.9933
Epoch [15/30], Loss: 0.3428
Epoch [20/30], Loss: 0.2402
Epoch [25/30], Loss: 0.2090
Epoch [30/30], Loss: 0.1822
Epoch [5/30], Loss: 1.6145
Epoch [10/30], Loss: 0.9551
Epoch [15/30], Loss: 0.3246
Epoch [20/30], Loss: 0.2245
Epoch [25/30], Loss: 0.1939
Epoch [30/30], Loss: 0.1679
Epoch [5/30], Loss: 1.5806
Epoch [10/30], Loss: 0.9174
Epoch [15/30], Loss: 0.3613
Epoch [20/30], Loss: 0.2610
Epoch [25/30], Loss: 0.2297
Epoch [30/30], Loss: 0.2024
Epoch [5/30], Loss: 1.5958
Epoch [10/30], Loss: 0.9434
Epoch [15/30], Loss: 0.3274
Epoch [20/30], Loss: 0.2267
Epoch [25/30], Loss: 0.1958
Epoch [30/30], Loss: 0.1683
Epoch [5/30], Loss: 1.5861
Epoch [10/30], Loss: 1.0266
Epoch [15/30], Loss: 0.4042
Epoch [20/30], Loss: 0.2966
Epoch [25/30], Loss: 0.2620
Epoch [30/30], Loss: 0.2313
Epoch [5/30], Loss: 1.5999
Epoch [10/30], Loss: 1.0154
Epoch [15/30], Loss: 0.4104
Epoch [20/30], Loss: 0.2871
Epoch [25/30], Loss: 0.2531
Epoch [30/30], Loss: 0.2229
Epoch [5/30], Loss: 1.5246
Epoch [10/30], Loss: 0.8935
Epoch [15/30], Loss: 0.4006
Epoch [20/30], Loss: 0.2903
Epoch [25/30], Loss: 0.2579
Epoch [30/30], Loss: 0.2285
Epoch [5/30], Loss: 1.5489
Epoch [10/30], Loss: 0.9102
Epoch [15/30], Loss: 0.3463
Epoch [20/30], Loss: 0.2405
Epoch [25/30], Loss: 0.2083
Epoch [30/30], Loss: 0.1803
Epoch [5/30], Loss: 1.5335
Epoch [10/30], Loss: 0.8605
Epoch [15/30], Loss: 0.3617
Epoch [20/30], Loss: 0.2689
Epoch [25/30], Loss: 0.2378
Epoch [30/30], Loss: 0.2103
Epoch [5/30], Loss: 1.5535
Epoch [10/30], Loss: 0.8543
Epoch [15/30], Loss: 0.2966
Epoch [20/30], Loss: 0.1988
Epoch [25/30], Loss: 0.1703
Epoch [30/30], Loss: 0.1459
Epoch [5/30], Loss: 1.6234
Epoch [10/30], Loss: 0.9821
Epoch [15/30], Loss: 0.4225
Epoch [20/30], Loss: 0.2991
Epoch [25/30], Loss: 0.2649
Epoch [30/30], Loss: 0.2341
Epoch [5/30], Loss: 1.6322
Epoch [10/30], Loss: 1.1705
Epoch [15/30], Loss: 0.6368
Epoch [20/30], Loss: 0.4971
Epoch [25/30], Loss: 0.4513
Epoch [30/30], Loss: 0.4091
[00:22:11]     perm 50/50
[00:22:11]   [done] v2_MHC_zh_A1 353.7s  CF: S=0.2345 I12=0.0924 share=2.536404517505422 accs=0.713/0.865/0.857
[00:22:11] === MHC_zh / A2: d'=256 PCA-whitened (dim replication) ===
Epoch [5/30], Loss: 0.4899
Epoch [10/30], Loss: 0.0357
Epoch [15/30], Loss: 0.0123
Epoch [20/30], Loss: 0.0090
Epoch [25/30], Loss: 0.0080
Epoch [30/30], Loss: 0.0072
Epoch [5/30], Loss: 0.5765
Epoch [10/30], Loss: 0.0227
Epoch [15/30], Loss: 0.0049
Epoch [20/30], Loss: 0.0040
Epoch [25/30], Loss: 0.0036
Epoch [30/30], Loss: 0.0033
Epoch [5/30], Loss: 0.6425
Epoch [10/30], Loss: 0.0226
Epoch [15/30], Loss: 0.0051
Epoch [20/30], Loss: 0.0043
Epoch [25/30], Loss: 0.0039
Epoch [30/30], Loss: 0.0035
Epoch [5/30], Loss: 0.5969
Epoch [10/30], Loss: 0.0165
Epoch [15/30], Loss: 0.0045
Epoch [20/30], Loss: 0.0038
Epoch [25/30], Loss: 0.0035
Epoch [30/30], Loss: 0.0032
Epoch [5/30], Loss: 0.5839
Epoch [10/30], Loss: 0.0158
Epoch [15/30], Loss: 0.0042
Epoch [20/30], Loss: 0.0034
Epoch [25/30], Loss: 0.0032
Epoch [30/30], Loss: 0.0029
Epoch [5/30], Loss: 0.5908
Epoch [10/30], Loss: 0.0156
Epoch [15/30], Loss: 0.0037
Epoch [20/30], Loss: 0.0030
Epoch [25/30], Loss: 0.0028
Epoch [30/30], Loss: 0.0025
[00:24:46]   [done] v2_MHC_zh_A2 152.7s  CF: S=0.7084 I12=-0.0408 share=None accs=0.667/0.801/0.746
[00:24:46] === MHC_zh / A3: d'=64 PCA common-scale (scale sensitivity) ===
Epoch [5/30], Loss: 0.8437
Epoch [10/30], Loss: 0.4433
Epoch [15/30], Loss: 0.2561
Epoch [20/30], Loss: 0.2035
Epoch [25/30], Loss: 0.1874
Epoch [30/30], Loss: 0.1735
Epoch [5/30], Loss: 0.8562
Epoch [10/30], Loss: 0.3963
Epoch [15/30], Loss: 0.1810
Epoch [20/30], Loss: 0.1367
Epoch [25/30], Loss: 0.1237
Epoch [30/30], Loss: 0.1121
Epoch [5/30], Loss: 0.9153
Epoch [10/30], Loss: 0.4712
Epoch [15/30], Loss: 0.2517
Epoch [20/30], Loss: 0.2039
Epoch [25/30], Loss: 0.1884
Epoch [30/30], Loss: 0.1743
Epoch [5/30], Loss: 0.9127
Epoch [10/30], Loss: 0.4516
Epoch [15/30], Loss: 0.2151
Epoch [20/30], Loss: 0.1664
Epoch [25/30], Loss: 0.1511
Epoch [30/30], Loss: 0.1368
Epoch [5/30], Loss: 0.9173
Epoch [10/30], Loss: 0.5018
Epoch [15/30], Loss: 0.2667
Epoch [20/30], Loss: 0.2180
Epoch [25/30], Loss: 0.2008
Epoch [30/30], Loss: 0.1850
Epoch [5/30], Loss: 0.8589
Epoch [10/30], Loss: 0.4134
Epoch [15/30], Loss: 0.1999
Epoch [20/30], Loss: 0.1573
Epoch [25/30], Loss: 0.1440
Epoch [30/30], Loss: 0.1316
[00:25:04]   [done] v2_MHC_zh_A3 16.4s  CF: S=-0.0455 I12=0.2021 share=-0.22513519242008567 accs=0.724/0.870/0.882
[00:25:04] === MHC_zh / A5: d'=64 PCA-whitened AS-SHIPPED (no zero_grad) ===
Epoch [5/30], Loss: 0.9768
Epoch [10/30], Loss: 0.3338
Epoch [15/30], Loss: 0.1323
Epoch [20/30], Loss: 0.0914
Epoch [25/30], Loss: 0.0792
Epoch [30/30], Loss: 0.0692
Epoch [5/30], Loss: 2995.9472
Epoch [10/30], Loss: 1883.6298
Epoch [15/30], Loss: 1466.1874
Epoch [20/30], Loss: 1135.6913
Epoch [25/30], Loss: 1065.1621
Epoch [30/30], Loss: 1018.8260
Epoch [5/30], Loss: 0.9944
Epoch [10/30], Loss: 0.2982
Epoch [15/30], Loss: 0.0934
Epoch [20/30], Loss: 0.0656
Epoch [25/30], Loss: 0.0571
Epoch [30/30], Loss: 0.0497
Epoch [5/30], Loss: 3307.7016
Epoch [10/30], Loss: 2176.1614
Epoch [15/30], Loss: 1630.4093
Epoch [20/30], Loss: 1297.6804
Epoch [25/30], Loss: 1234.8871
Epoch [30/30], Loss: 1194.7543
Epoch [5/30], Loss: 1.0979
Epoch [10/30], Loss: 0.3603
Epoch [15/30], Loss: 0.1193
Epoch [20/30], Loss: 0.0816
Epoch [25/30], Loss: 0.0705
Epoch [30/30], Loss: 0.0609
Epoch [5/30], Loss: 3390.8420
Epoch [10/30], Loss: 2239.3425
Epoch [15/30], Loss: 1727.3458
Epoch [20/30], Loss: 1397.0064
Epoch [25/30], Loss: 1332.1432
Epoch [30/30], Loss: 1287.9409
Epoch [5/30], Loss: 1.0554
Epoch [10/30], Loss: 0.3427
Epoch [15/30], Loss: 0.0996
Epoch [20/30], Loss: 0.0681
Epoch [25/30], Loss: 0.0591
Epoch [30/30], Loss: 0.0511
Epoch [5/30], Loss: 3489.7532
Epoch [10/30], Loss: 2224.6345
Epoch [15/30], Loss: 1678.8613
Epoch [20/30], Loss: 1383.2427
Epoch [25/30], Loss: 1327.6446
Epoch [30/30], Loss: 1287.5504
Epoch [5/30], Loss: 1.0518
Epoch [10/30], Loss: 0.3468
Epoch [15/30], Loss: 0.1045
Epoch [20/30], Loss: 0.0723
Epoch [25/30], Loss: 0.0628
Epoch [30/30], Loss: 0.0545
Epoch [5/30], Loss: 3333.2233
Epoch [10/30], Loss: 2135.8392
Epoch [15/30], Loss: 1624.9887
Epoch [20/30], Loss: 1308.0383
Epoch [25/30], Loss: 1247.4406
Epoch [30/30], Loss: 1206.5741
Epoch [5/30], Loss: 0.9932
Epoch [10/30], Loss: 0.2896
Epoch [15/30], Loss: 0.0917
Epoch [20/30], Loss: 0.0662
Epoch [25/30], Loss: 0.0583
Epoch [30/30], Loss: 0.0514
Epoch [5/30], Loss: 3122.8426
Epoch [10/30], Loss: 2112.9824
Epoch [15/30], Loss: 1613.5922
Epoch [20/30], Loss: 1270.8150
Epoch [25/30], Loss: 1205.8203
Epoch [30/30], Loss: 1165.3908
[00:25:23]   [done] v2_MHC_zh_A5 17.7s  CF: S=-0.0672 I12=0.0924 share=-0.72661169204352 accs=0.713/0.865/0.857
[00:25:23] === MHC_zh / C1 duplicate-stream control (ground truth S=0) ===
Epoch [5/30], Loss: 1.2909
Epoch [10/30], Loss: 0.6341
Epoch [15/30], Loss: 0.2643
Epoch [20/30], Loss: 0.1748
Epoch [25/30], Loss: 0.1493
Epoch [30/30], Loss: 0.1289
Epoch [5/30], Loss: 1.2425
Epoch [10/30], Loss: 0.4730
Epoch [15/30], Loss: 0.1288
Epoch [20/30], Loss: 0.0876
Epoch [25/30], Loss: 0.0757
Epoch [30/30], Loss: 0.0656
Epoch [5/30], Loss: 1.3661
Epoch [10/30], Loss: 0.5855
Epoch [15/30], Loss: 0.1624
Epoch [20/30], Loss: 0.1097
Epoch [25/30], Loss: 0.0948
Epoch [30/30], Loss: 0.0820
Epoch [5/30], Loss: 1.3641
Epoch [10/30], Loss: 0.6118
Epoch [15/30], Loss: 0.1775
Epoch [20/30], Loss: 0.1216
Epoch [25/30], Loss: 0.1051
Epoch [30/30], Loss: 0.0905
Epoch [5/30], Loss: 1.3616
Epoch [10/30], Loss: 0.6404
Epoch [15/30], Loss: 0.1813
Epoch [20/30], Loss: 0.1241
Epoch [25/30], Loss: 0.1063
Epoch [30/30], Loss: 0.0910
Epoch [5/30], Loss: 1.2741
Epoch [10/30], Loss: 0.5360
Epoch [15/30], Loss: 0.1670
Epoch [20/30], Loss: 0.1198
Epoch [25/30], Loss: 0.1049
Epoch [30/30], Loss: 0.0918
[00:25:42]   [done] v2_MHC_zh_C1dup 16.5s  CF: S=0.0838 I12=-0.5528 share=None accs=0.713/0.724/0.712
[00:25:42] === MHC_zh / C2 within-stream split-half control ===
Epoch [5/30], Loss: 1.2942
Epoch [10/30], Loss: 0.6160
Epoch [15/30], Loss: 0.2292
Epoch [20/30], Loss: 0.1512
Epoch [25/30], Loss: 0.1299
Epoch [30/30], Loss: 0.1121
Epoch [5/30], Loss: 1.2538
Epoch [10/30], Loss: 0.4775
Epoch [15/30], Loss: 0.1432
Epoch [20/30], Loss: 0.0983
Epoch [25/30], Loss: 0.0847
Epoch [30/30], Loss: 0.0733
Epoch [5/30], Loss: 1.3418
Epoch [10/30], Loss: 0.5784
Epoch [15/30], Loss: 0.1501
Epoch [20/30], Loss: 0.1016
Epoch [25/30], Loss: 0.0874
Epoch [30/30], Loss: 0.0753
Epoch [5/30], Loss: 1.3442
Epoch [10/30], Loss: 0.5939
Epoch [15/30], Loss: 0.1804
Epoch [20/30], Loss: 0.1217
Epoch [25/30], Loss: 0.1048
Epoch [30/30], Loss: 0.0900
Epoch [5/30], Loss: 1.3584
Epoch [10/30], Loss: 0.6179
Epoch [15/30], Loss: 0.1829
Epoch [20/30], Loss: 0.1268
Epoch [25/30], Loss: 0.1094
Epoch [30/30], Loss: 0.0941
Epoch [5/30], Loss: 1.2533
Epoch [10/30], Loss: 0.5031
Epoch [15/30], Loss: 0.1462
Epoch [20/30], Loss: 0.1043
Epoch [25/30], Loss: 0.0911
Epoch [30/30], Loss: 0.0795
[00:25:59]   [done] v2_MHC_zh_C2half 16.1s  CF: S=0.0381 I12=-0.5664 share=None accs=0.687/0.710/0.705
[00:25:59] === HateMM / A1: d'=64 PCA-whitened (PRIMARY) ===
Epoch [5/30], Loss: 0.7573
Epoch [10/30], Loss: 0.3130
Epoch [15/30], Loss: 0.1294
Epoch [20/30], Loss: 0.0871
Epoch [25/30], Loss: 0.0791
Epoch [30/30], Loss: 0.0721
R: 0.6540, U1: 0.0000, U2: 0.0124, S: 0.0223
Epoch [5/30], Loss: 0.8615
Epoch [10/30], Loss: 0.3257
Epoch [15/30], Loss: 0.1305
Epoch [20/30], Loss: 0.0994
Epoch [25/30], Loss: 0.0910
Epoch [30/30], Loss: 0.0825
Epoch [5/30], Loss: 0.7772
Epoch [10/30], Loss: 0.2923
Epoch [15/30], Loss: 0.1147
Epoch [20/30], Loss: 0.0820
Epoch [25/30], Loss: 0.0758
Epoch [30/30], Loss: 0.0695
Epoch [5/30], Loss: 0.8288
Epoch [10/30], Loss: 0.2850
Epoch [15/30], Loss: 0.1125
Epoch [20/30], Loss: 0.0773
Epoch [25/30], Loss: 0.0710
Epoch [30/30], Loss: 0.0656
Epoch [5/30], Loss: 0.8116
Epoch [10/30], Loss: 0.2836
Epoch [15/30], Loss: 0.1002
Epoch [20/30], Loss: 0.0716
Epoch [25/30], Loss: 0.0646
Epoch [30/30], Loss: 0.0590
Epoch [5/30], Loss: 0.7955
Epoch [10/30], Loss: 0.2828
Epoch [15/30], Loss: 0.0979
Epoch [20/30], Loss: 0.0703
Epoch [25/30], Loss: 0.0624
Epoch [30/30], Loss: 0.0556
Epoch [5/30], Loss: 1.6437
Epoch [10/30], Loss: 0.8947
Epoch [15/30], Loss: 0.3741
Epoch [20/30], Loss: 0.2642
Epoch [25/30], Loss: 0.2362
Epoch [30/30], Loss: 0.2120
Epoch [5/30], Loss: 1.6526
Epoch [10/30], Loss: 0.9134
Epoch [15/30], Loss: 0.3497
Epoch [20/30], Loss: 0.2395
Epoch [25/30], Loss: 0.2116
Epoch [30/30], Loss: 0.1878
Epoch [5/30], Loss: 1.6376
Epoch [10/30], Loss: 0.8955
Epoch [15/30], Loss: 0.3629
Epoch [20/30], Loss: 0.2504
Epoch [25/30], Loss: 0.2218
Epoch [30/30], Loss: 0.1955
Epoch [5/30], Loss: 1.6715
Epoch [10/30], Loss: 0.8579
Epoch [15/30], Loss: 0.2991
Epoch [20/30], Loss: 0.2057
Epoch [25/30], Loss: 0.1802
Epoch [30/30], Loss: 0.1581
Epoch [5/30], Loss: 1.6621
Epoch [10/30], Loss: 0.8880
Epoch [15/30], Loss: 0.3002
Epoch [20/30], Loss: 0.1989
Epoch [25/30], Loss: 0.1747
Epoch [30/30], Loss: 0.1539
Epoch [5/30], Loss: 1.6652
Epoch [10/30], Loss: 0.9380
Epoch [15/30], Loss: 0.3491
Epoch [20/30], Loss: 0.2395
Epoch [25/30], Loss: 0.2127
Epoch [30/30], Loss: 0.1896
Epoch [5/30], Loss: 1.6747
Epoch [10/30], Loss: 0.9224
Epoch [15/30], Loss: 0.3850
Epoch [20/30], Loss: 0.2704
Epoch [25/30], Loss: 0.2414
Epoch [30/30], Loss: 0.2164
Epoch [5/30], Loss: 1.7132
Epoch [10/30], Loss: 0.9517
Epoch [15/30], Loss: 0.3888
Epoch [20/30], Loss: 0.2677
Epoch [25/30], Loss: 0.2388
Epoch [30/30], Loss: 0.2133
Epoch [5/30], Loss: 1.6378
Epoch [10/30], Loss: 0.9050
Epoch [15/30], Loss: 0.3613
Epoch [20/30], Loss: 0.2495
Epoch [25/30], Loss: 0.2205
Epoch [30/30], Loss: 0.1955
Epoch [5/30], Loss: 1.6674
Epoch [10/30], Loss: 0.9283
Epoch [15/30], Loss: 0.3956
Epoch [20/30], Loss: 0.2728
Epoch [25/30], Loss: 0.2430
Epoch [30/30], Loss: 0.2170
Epoch [5/30], Loss: 1.6574
Epoch [10/30], Loss: 0.8859
Epoch [15/30], Loss: 0.3292
Epoch [20/30], Loss: 0.2242
Epoch [25/30], Loss: 0.1975
Epoch [30/30], Loss: 0.1751
Epoch [5/30], Loss: 1.6933
Epoch [10/30], Loss: 0.9996
Epoch [15/30], Loss: 0.4386
Epoch [20/30], Loss: 0.3002
Epoch [25/30], Loss: 0.2684
Epoch [30/30], Loss: 0.2424
Epoch [5/30], Loss: 1.7297
Epoch [10/30], Loss: 1.0086
Epoch [15/30], Loss: 0.4035
Epoch [20/30], Loss: 0.2905
Epoch [25/30], Loss: 0.2597
Epoch [30/30], Loss: 0.2332
Epoch [5/30], Loss: 1.7259
Epoch [10/30], Loss: 0.9991
Epoch [15/30], Loss: 0.3990
Epoch [20/30], Loss: 0.2830
Epoch [25/30], Loss: 0.2526
Epoch [30/30], Loss: 0.2258
Epoch [5/30], Loss: 1.7087
Epoch [10/30], Loss: 0.9498
Epoch [15/30], Loss: 0.3801
Epoch [20/30], Loss: 0.2542
Epoch [25/30], Loss: 0.2234
Epoch [30/30], Loss: 0.1979
Epoch [5/30], Loss: 1.7142
Epoch [10/30], Loss: 0.9920
Epoch [15/30], Loss: 0.4431
Epoch [20/30], Loss: 0.3244
Epoch [25/30], Loss: 0.2915
Epoch [30/30], Loss: 0.2618
Epoch [5/30], Loss: 1.6982
Epoch [10/30], Loss: 0.9186
Epoch [15/30], Loss: 0.3390
Epoch [20/30], Loss: 0.2367
Epoch [25/30], Loss: 0.2102
Epoch [30/30], Loss: 0.1880
Epoch [5/30], Loss: 1.7199
Epoch [10/30], Loss: 0.9648
Epoch [15/30], Loss: 0.3912
Epoch [20/30], Loss: 0.2702
Epoch [25/30], Loss: 0.2411
Epoch [30/30], Loss: 0.2162
Epoch [5/30], Loss: 1.7336
Epoch [10/30], Loss: 0.9640
Epoch [15/30], Loss: 0.3996
Epoch [20/30], Loss: 0.2878
Epoch [25/30], Loss: 0.2577
Epoch [30/30], Loss: 0.2310
Epoch [5/30], Loss: 1.6825
Epoch [10/30], Loss: 0.9045
Epoch [15/30], Loss: 0.3749
Epoch [20/30], Loss: 0.2559
Epoch [25/30], Loss: 0.2297
Epoch [30/30], Loss: 0.2058
Epoch [5/30], Loss: 1.7332
Epoch [10/30], Loss: 0.9653
Epoch [15/30], Loss: 0.3724
Epoch [20/30], Loss: 0.2498
Epoch [25/30], Loss: 0.2224
Epoch [30/30], Loss: 0.1975
Epoch [5/30], Loss: 1.6794
Epoch [10/30], Loss: 0.8959
Epoch [15/30], Loss: 0.3252
Epoch [20/30], Loss: 0.2071
Epoch [25/30], Loss: 0.1823
Epoch [30/30], Loss: 0.1617
Epoch [5/30], Loss: 1.6860
Epoch [10/30], Loss: 0.9553
Epoch [15/30], Loss: 0.4042
Epoch [20/30], Loss: 0.2825
Epoch [25/30], Loss: 0.2517
Epoch [30/30], Loss: 0.2255
Epoch [5/30], Loss: 1.7336
Epoch [10/30], Loss: 1.0276
Epoch [15/30], Loss: 0.4654
Epoch [20/30], Loss: 0.3143
Epoch [25/30], Loss: 0.2819
Epoch [30/30], Loss: 0.2513
Epoch [5/30], Loss: 1.7159
Epoch [10/30], Loss: 0.9518
Epoch [15/30], Loss: 0.3679
Epoch [20/30], Loss: 0.2466
Epoch [25/30], Loss: 0.2185
Epoch [30/30], Loss: 0.1939
Epoch [5/30], Loss: 1.7130
Epoch [10/30], Loss: 0.9529
Epoch [15/30], Loss: 0.3638
Epoch [20/30], Loss: 0.2477
Epoch [25/30], Loss: 0.2179
Epoch [30/30], Loss: 0.1939
Epoch [5/30], Loss: 1.7433
Epoch [10/30], Loss: 0.9831
Epoch [15/30], Loss: 0.3719
Epoch [20/30], Loss: 0.2624
Epoch [25/30], Loss: 0.2321
Epoch [30/30], Loss: 0.2063
Epoch [5/30], Loss: 1.7123
Epoch [10/30], Loss: 0.9096
Epoch [15/30], Loss: 0.3381
Epoch [20/30], Loss: 0.2198
Epoch [25/30], Loss: 0.1929
Epoch [30/30], Loss: 0.1701
Epoch [5/30], Loss: 1.7082
Epoch [10/30], Loss: 0.9708
Epoch [15/30], Loss: 0.4045
Epoch [20/30], Loss: 0.2836
Epoch [25/30], Loss: 0.2524
Epoch [30/30], Loss: 0.2247
Epoch [5/30], Loss: 1.7120
Epoch [10/30], Loss: 0.9511
Epoch [15/30], Loss: 0.3711
Epoch [20/30], Loss: 0.2377
Epoch [25/30], Loss: 0.2088
Epoch [30/30], Loss: 0.1837
Epoch [5/30], Loss: 1.7189
Epoch [10/30], Loss: 1.0006
Epoch [15/30], Loss: 0.4119
Epoch [20/30], Loss: 0.2918
Epoch [25/30], Loss: 0.2593
Epoch [30/30], Loss: 0.2315
Epoch [5/30], Loss: 1.7039
Epoch [10/30], Loss: 0.9803
Epoch [15/30], Loss: 0.4101
Epoch [20/30], Loss: 0.2962
Epoch [25/30], Loss: 0.2635
Epoch [30/30], Loss: 0.2348
Epoch [5/30], Loss: 1.6995
Epoch [10/30], Loss: 0.9366
Epoch [15/30], Loss: 0.3437
Epoch [20/30], Loss: 0.2380
Epoch [25/30], Loss: 0.2099
Epoch [30/30], Loss: 0.1854
Epoch [5/30], Loss: 1.6760
Epoch [10/30], Loss: 0.9121
Epoch [15/30], Loss: 0.3446
Epoch [20/30], Loss: 0.2415
Epoch [25/30], Loss: 0.2139
Epoch [30/30], Loss: 0.1898
Epoch [5/30], Loss: 1.7286
Epoch [10/30], Loss: 0.9719
Epoch [15/30], Loss: 0.3675
Epoch [20/30], Loss: 0.2579
Epoch [25/30], Loss: 0.2288
Epoch [30/30], Loss: 0.2038
Epoch [5/30], Loss: 1.7248
Epoch [10/30], Loss: 0.9702
Epoch [15/30], Loss: 0.4503
Epoch [20/30], Loss: 0.3047
Epoch [25/30], Loss: 0.2697
Epoch [30/30], Loss: 0.2411
Epoch [5/30], Loss: 1.7152
Epoch [10/30], Loss: 0.9286
Epoch [15/30], Loss: 0.3063
Epoch [20/30], Loss: 0.2066
Epoch [25/30], Loss: 0.1820
Epoch [30/30], Loss: 0.1611
Epoch [5/30], Loss: 1.7275
Epoch [10/30], Loss: 0.9319
Epoch [15/30], Loss: 0.3396
Epoch [20/30], Loss: 0.2274
Epoch [25/30], Loss: 0.1999
Epoch [30/30], Loss: 0.1772
Epoch [5/30], Loss: 1.7124
Epoch [10/30], Loss: 0.9271
Epoch [15/30], Loss: 0.3681
Epoch [20/30], Loss: 0.2530
Epoch [25/30], Loss: 0.2237
Epoch [30/30], Loss: 0.1984
Epoch [5/30], Loss: 1.7316
Epoch [10/30], Loss: 0.9624
Epoch [15/30], Loss: 0.3720
Epoch [20/30], Loss: 0.2589
Epoch [25/30], Loss: 0.2288
Epoch [30/30], Loss: 0.2034
Epoch [5/30], Loss: 1.6954
Epoch [10/30], Loss: 0.9095
Epoch [15/30], Loss: 0.3184
Epoch [20/30], Loss: 0.2037
Epoch [25/30], Loss: 0.1781
Epoch [30/30], Loss: 0.1568
Epoch [5/30], Loss: 1.7124
Epoch [10/30], Loss: 0.9193
Epoch [15/30], Loss: 0.3566
Epoch [20/30], Loss: 0.2306
Epoch [25/30], Loss: 0.2042
Epoch [30/30], Loss: 0.1806
Epoch [5/30], Loss: 1.7026
Epoch [10/30], Loss: 0.9399
Epoch [15/30], Loss: 0.3638
Epoch [20/30], Loss: 0.2537
Epoch [25/30], Loss: 0.2220
Epoch [30/30], Loss: 0.1964
Epoch [5/30], Loss: 1.7230
Epoch [10/30], Loss: 0.9596
Epoch [15/30], Loss: 0.3721
Epoch [20/30], Loss: 0.2641
Epoch [25/30], Loss: 0.2354
Epoch [30/30], Loss: 0.2100
Epoch [5/30], Loss: 1.6948
Epoch [10/30], Loss: 0.9202
Epoch [15/30], Loss: 0.3123
Epoch [20/30], Loss: 0.2129
Epoch [25/30], Loss: 0.1852
Epoch [30/30], Loss: 0.1621
Epoch [5/30], Loss: 1.7266
Epoch [10/30], Loss: 0.9117
Epoch [15/30], Loss: 0.3011
Epoch [20/30], Loss: 0.1964
Epoch [25/30], Loss: 0.1715
Epoch [30/30], Loss: 0.1501
Epoch [5/30], Loss: 1.7006
Epoch [10/30], Loss: 0.9272
Epoch [15/30], Loss: 0.3563
Epoch [20/30], Loss: 0.2397
Epoch [25/30], Loss: 0.2093
Epoch [30/30], Loss: 0.1843
Epoch [5/30], Loss: 1.7260
Epoch [10/30], Loss: 0.9548
Epoch [15/30], Loss: 0.3839
Epoch [20/30], Loss: 0.2425
Epoch [25/30], Loss: 0.2107
Epoch [30/30], Loss: 0.1863
Epoch [5/30], Loss: 1.7360
Epoch [10/30], Loss: 1.0135
Epoch [15/30], Loss: 0.4290
Epoch [20/30], Loss: 0.3058
Epoch [25/30], Loss: 0.2735
Epoch [30/30], Loss: 0.2458
Epoch [5/30], Loss: 1.7451
Epoch [10/30], Loss: 0.9956
Epoch [15/30], Loss: 0.3658
Epoch [20/30], Loss: 0.2506
Epoch [25/30], Loss: 0.2203
Epoch [30/30], Loss: 0.1948
Epoch [5/30], Loss: 1.7240
Epoch [10/30], Loss: 0.9363
Epoch [15/30], Loss: 0.3366
Epoch [20/30], Loss: 0.2332
Epoch [25/30], Loss: 0.2048
Epoch [30/30], Loss: 0.1807
Epoch [5/30], Loss: 1.7534
Epoch [10/30], Loss: 0.9767
Epoch [15/30], Loss: 0.3692
Epoch [20/30], Loss: 0.2467
Epoch [25/30], Loss: 0.2174
Epoch [30/30], Loss: 0.1916
Epoch [5/30], Loss: 1.7609
Epoch [10/30], Loss: 1.0102
Epoch [15/30], Loss: 0.3601
Epoch [20/30], Loss: 0.2383
Epoch [25/30], Loss: 0.2094
Epoch [30/30], Loss: 0.1845
Epoch [5/30], Loss: 1.7483
Epoch [10/30], Loss: 0.9772
Epoch [15/30], Loss: 0.3778
Epoch [20/30], Loss: 0.2586
Epoch [25/30], Loss: 0.2294
Epoch [30/30], Loss: 0.2047
Epoch [5/30], Loss: 1.7123
Epoch [10/30], Loss: 0.9371
Epoch [15/30], Loss: 0.3574
Epoch [20/30], Loss: 0.2475
Epoch [25/30], Loss: 0.2186
Epoch [30/30], Loss: 0.1949
Epoch [5/30], Loss: 1.7325
Epoch [10/30], Loss: 0.9518
Epoch [15/30], Loss: 0.3842
Epoch [20/30], Loss: 0.2639
Epoch [25/30], Loss: 0.2348
Epoch [30/30], Loss: 0.2095
Epoch [5/30], Loss: 1.7019
Epoch [10/30], Loss: 0.9215
Epoch [15/30], Loss: 0.3253
Epoch [20/30], Loss: 0.2208
Epoch [25/30], Loss: 0.1947
Epoch [30/30], Loss: 0.1717
Epoch [5/30], Loss: 1.7322
Epoch [10/30], Loss: 0.9830
Epoch [15/30], Loss: 0.3807
Epoch [20/30], Loss: 0.2538
Epoch [25/30], Loss: 0.2231
Epoch [30/30], Loss: 0.1964
Epoch [5/30], Loss: 1.6371
Epoch [10/30], Loss: 0.8567
Epoch [15/30], Loss: 0.3081
Epoch [20/30], Loss: 0.2080
Epoch [25/30], Loss: 0.1833
Epoch [30/30], Loss: 0.1621
Epoch [5/30], Loss: 1.6904
Epoch [10/30], Loss: 0.9456
Epoch [15/30], Loss: 0.3703
Epoch [20/30], Loss: 0.2514
Epoch [25/30], Loss: 0.2213
Epoch [30/30], Loss: 0.1966
[00:27:47]     perm 10/50
Epoch [5/30], Loss: 1.6641
Epoch [10/30], Loss: 0.9385
Epoch [15/30], Loss: 0.4132
Epoch [20/30], Loss: 0.3037
Epoch [25/30], Loss: 0.2744
Epoch [30/30], Loss: 0.2483
Epoch [5/30], Loss: 1.6650
Epoch [10/30], Loss: 0.9340
Epoch [15/30], Loss: 0.4007
Epoch [20/30], Loss: 0.2781
Epoch [25/30], Loss: 0.2486
Epoch [30/30], Loss: 0.2232
Epoch [5/30], Loss: 1.6701
Epoch [10/30], Loss: 0.9041
Epoch [15/30], Loss: 0.3577
Epoch [20/30], Loss: 0.2511
Epoch [25/30], Loss: 0.2219
Epoch [30/30], Loss: 0.1973
Epoch [5/30], Loss: 1.6591
Epoch [10/30], Loss: 0.8754
Epoch [15/30], Loss: 0.3260
Epoch [20/30], Loss: 0.2227
Epoch [25/30], Loss: 0.1977
Epoch [30/30], Loss: 0.1759
Epoch [5/30], Loss: 1.5880
Epoch [10/30], Loss: 0.8481
Epoch [15/30], Loss: 0.3660
Epoch [20/30], Loss: 0.2358
Epoch [25/30], Loss: 0.2076
Epoch [30/30], Loss: 0.1853
Epoch [5/30], Loss: 1.6298
Epoch [10/30], Loss: 0.8799
Epoch [15/30], Loss: 0.3789
Epoch [20/30], Loss: 0.2640
Epoch [25/30], Loss: 0.2375
Epoch [30/30], Loss: 0.2143
Epoch [5/30], Loss: 1.7147
Epoch [10/30], Loss: 0.9494
Epoch [15/30], Loss: 0.3329
Epoch [20/30], Loss: 0.2299
Epoch [25/30], Loss: 0.2028
Epoch [30/30], Loss: 0.1794
Epoch [5/30], Loss: 1.6919
Epoch [10/30], Loss: 0.9718
Epoch [15/30], Loss: 0.3737
Epoch [20/30], Loss: 0.2661
Epoch [25/30], Loss: 0.2367
Epoch [30/30], Loss: 0.2123
Epoch [5/30], Loss: 1.7003
Epoch [10/30], Loss: 0.9535
Epoch [15/30], Loss: 0.4234
Epoch [20/30], Loss: 0.3023
Epoch [25/30], Loss: 0.2693
Epoch [30/30], Loss: 0.2408
Epoch [5/30], Loss: 1.7156
Epoch [10/30], Loss: 0.9622
Epoch [15/30], Loss: 0.3780
Epoch [20/30], Loss: 0.2668
Epoch [25/30], Loss: 0.2369
Epoch [30/30], Loss: 0.2110
Epoch [5/30], Loss: 1.6755
Epoch [10/30], Loss: 0.8983
Epoch [15/30], Loss: 0.3502
Epoch [20/30], Loss: 0.2421
Epoch [25/30], Loss: 0.2137
Epoch [30/30], Loss: 0.1892
Epoch [5/30], Loss: 1.7336
Epoch [10/30], Loss: 1.0008
Epoch [15/30], Loss: 0.4278
Epoch [20/30], Loss: 0.2928
Epoch [25/30], Loss: 0.2611
Epoch [30/30], Loss: 0.2337
Epoch [5/30], Loss: 1.7170
Epoch [10/30], Loss: 0.9326
Epoch [15/30], Loss: 0.3674
Epoch [20/30], Loss: 0.2501
Epoch [25/30], Loss: 0.2233
Epoch [30/30], Loss: 0.1998
Epoch [5/30], Loss: 1.7166
Epoch [10/30], Loss: 0.9427
Epoch [15/30], Loss: 0.3539
Epoch [20/30], Loss: 0.2495
Epoch [25/30], Loss: 0.2226
Epoch [30/30], Loss: 0.1991
Epoch [5/30], Loss: 1.7002
Epoch [10/30], Loss: 0.9535
Epoch [15/30], Loss: 0.3706
Epoch [20/30], Loss: 0.2646
Epoch [25/30], Loss: 0.2337
Epoch [30/30], Loss: 0.2062
Epoch [5/30], Loss: 1.7573
Epoch [10/30], Loss: 1.0456
Epoch [15/30], Loss: 0.4484
Epoch [20/30], Loss: 0.3208
Epoch [25/30], Loss: 0.2867
Epoch [30/30], Loss: 0.2569
Epoch [5/30], Loss: 1.7333
Epoch [10/30], Loss: 1.0225
Epoch [15/30], Loss: 0.4151
Epoch [20/30], Loss: 0.2902
Epoch [25/30], Loss: 0.2571
Epoch [30/30], Loss: 0.2294
Epoch [5/30], Loss: 1.6897
Epoch [10/30], Loss: 0.9553
Epoch [15/30], Loss: 0.3951
Epoch [20/30], Loss: 0.2662
Epoch [25/30], Loss: 0.2376
Epoch [30/30], Loss: 0.2126
Epoch [5/30], Loss: 1.7086
Epoch [10/30], Loss: 0.9602
Epoch [15/30], Loss: 0.3577
Epoch [20/30], Loss: 0.2431
Epoch [25/30], Loss: 0.2137
Epoch [30/30], Loss: 0.1897
Epoch [5/30], Loss: 1.7211
Epoch [10/30], Loss: 0.9883
Epoch [15/30], Loss: 0.3836
Epoch [20/30], Loss: 0.2702
Epoch [25/30], Loss: 0.2390
Epoch [30/30], Loss: 0.2123
Epoch [5/30], Loss: 1.6879
Epoch [10/30], Loss: 0.9293
Epoch [15/30], Loss: 0.3507
Epoch [20/30], Loss: 0.2447
Epoch [25/30], Loss: 0.2172
Epoch [30/30], Loss: 0.1932
Epoch [5/30], Loss: 1.6753
Epoch [10/30], Loss: 0.9210
Epoch [15/30], Loss: 0.3540
Epoch [20/30], Loss: 0.2481
Epoch [25/30], Loss: 0.2205
Epoch [30/30], Loss: 0.1967
Epoch [5/30], Loss: 1.6879
Epoch [10/30], Loss: 0.9205
Epoch [15/30], Loss: 0.3428
Epoch [20/30], Loss: 0.2188
Epoch [25/30], Loss: 0.1899
Epoch [30/30], Loss: 0.1663
Epoch [5/30], Loss: 1.7147
Epoch [10/30], Loss: 0.9393
Epoch [15/30], Loss: 0.4292
Epoch [20/30], Loss: 0.2928
Epoch [25/30], Loss: 0.2569
Epoch [30/30], Loss: 0.2270
Epoch [5/30], Loss: 1.7247
Epoch [10/30], Loss: 0.9544
Epoch [15/30], Loss: 0.3451
Epoch [20/30], Loss: 0.2313
Epoch [25/30], Loss: 0.2042
Epoch [30/30], Loss: 0.1803
Epoch [5/30], Loss: 1.6553
Epoch [10/30], Loss: 0.9138
Epoch [15/30], Loss: 0.3241
Epoch [20/30], Loss: 0.2225
Epoch [25/30], Loss: 0.1950
Epoch [30/30], Loss: 0.1717
Epoch [5/30], Loss: 1.7098
Epoch [10/30], Loss: 0.9068
Epoch [15/30], Loss: 0.3299
Epoch [20/30], Loss: 0.2271
Epoch [25/30], Loss: 0.1998
Epoch [30/30], Loss: 0.1761
Epoch [5/30], Loss: 1.6731
Epoch [10/30], Loss: 0.8500
Epoch [15/30], Loss: 0.3073
Epoch [20/30], Loss: 0.2132
Epoch [25/30], Loss: 0.1873
Epoch [30/30], Loss: 0.1644
Epoch [5/30], Loss: 1.6825
Epoch [10/30], Loss: 0.9164
Epoch [15/30], Loss: 0.3608
Epoch [20/30], Loss: 0.2455
Epoch [25/30], Loss: 0.2158
Epoch [30/30], Loss: 0.1904
Epoch [5/30], Loss: 1.6769
Epoch [10/30], Loss: 0.9105
Epoch [15/30], Loss: 0.3448
Epoch [20/30], Loss: 0.2288
Epoch [25/30], Loss: 0.2027
Epoch [30/30], Loss: 0.1802
Epoch [5/30], Loss: 1.7388
Epoch [10/30], Loss: 1.0364
Epoch [15/30], Loss: 0.4271
Epoch [20/30], Loss: 0.3068
Epoch [25/30], Loss: 0.2755
Epoch [30/30], Loss: 0.2472
Epoch [5/30], Loss: 1.7470
Epoch [10/30], Loss: 1.0499
Epoch [15/30], Loss: 0.4813
Epoch [20/30], Loss: 0.3394
Epoch [25/30], Loss: 0.3056
Epoch [30/30], Loss: 0.2777
Epoch [5/30], Loss: 1.6928
Epoch [10/30], Loss: 0.9830
Epoch [15/30], Loss: 0.4053
Epoch [20/30], Loss: 0.2788
Epoch [25/30], Loss: 0.2469
Epoch [30/30], Loss: 0.2203
Epoch [5/30], Loss: 1.7092
Epoch [10/30], Loss: 1.0069
Epoch [15/30], Loss: 0.4256
Epoch [20/30], Loss: 0.3009
Epoch [25/30], Loss: 0.2669
Epoch [30/30], Loss: 0.2389
Epoch [5/30], Loss: 1.7314
Epoch [10/30], Loss: 1.0147
Epoch [15/30], Loss: 0.4277
Epoch [20/30], Loss: 0.2967
Epoch [25/30], Loss: 0.2637
Epoch [30/30], Loss: 0.2361
Epoch [5/30], Loss: 1.7421
Epoch [10/30], Loss: 1.0533
Epoch [15/30], Loss: 0.5190
Epoch [20/30], Loss: 0.3651
Epoch [25/30], Loss: 0.3296
Epoch [30/30], Loss: 0.2982
Epoch [5/30], Loss: 1.6733
Epoch [10/30], Loss: 0.8941
Epoch [15/30], Loss: 0.3522
Epoch [20/30], Loss: 0.2373
Epoch [25/30], Loss: 0.2135
Epoch [30/30], Loss: 0.1926
Epoch [5/30], Loss: 1.7052
Epoch [10/30], Loss: 0.9416
Epoch [15/30], Loss: 0.3352
Epoch [20/30], Loss: 0.2310
Epoch [25/30], Loss: 0.2051
Epoch [30/30], Loss: 0.1845
Epoch [5/30], Loss: 1.6956
Epoch [10/30], Loss: 0.9431
Epoch [15/30], Loss: 0.3689
Epoch [20/30], Loss: 0.2565
Epoch [25/30], Loss: 0.2300
Epoch [30/30], Loss: 0.2062
Epoch [5/30], Loss: 1.7079
Epoch [10/30], Loss: 0.9140
Epoch [15/30], Loss: 0.3721
Epoch [20/30], Loss: 0.2426
Epoch [25/30], Loss: 0.2154
Epoch [30/30], Loss: 0.1930
Epoch [5/30], Loss: 1.7439
Epoch [10/30], Loss: 0.9576
Epoch [15/30], Loss: 0.3787
Epoch [20/30], Loss: 0.2539
Epoch [25/30], Loss: 0.2257
Epoch [30/30], Loss: 0.2015
Epoch [5/30], Loss: 1.7255
Epoch [10/30], Loss: 0.9370
Epoch [15/30], Loss: 0.3811
Epoch [20/30], Loss: 0.2629
Epoch [25/30], Loss: 0.2355
Epoch [30/30], Loss: 0.2115
Epoch [5/30], Loss: 1.6691
Epoch [10/30], Loss: 0.8948
Epoch [15/30], Loss: 0.3201
Epoch [20/30], Loss: 0.2235
Epoch [25/30], Loss: 0.1971
Epoch [30/30], Loss: 0.1751
Epoch [5/30], Loss: 1.7179
Epoch [10/30], Loss: 0.9720
Epoch [15/30], Loss: 0.3721
Epoch [20/30], Loss: 0.2583
Epoch [25/30], Loss: 0.2281
Epoch [30/30], Loss: 0.2031
Epoch [5/30], Loss: 1.6871
Epoch [10/30], Loss: 0.9301
Epoch [15/30], Loss: 0.3628
Epoch [20/30], Loss: 0.2465
Epoch [25/30], Loss: 0.2169
Epoch [30/30], Loss: 0.1919
Epoch [5/30], Loss: 1.6811
Epoch [10/30], Loss: 0.9489
Epoch [15/30], Loss: 0.3821
Epoch [20/30], Loss: 0.2607
Epoch [25/30], Loss: 0.2298
Epoch [30/30], Loss: 0.2033
Epoch [5/30], Loss: 1.7289
Epoch [10/30], Loss: 0.9628
Epoch [15/30], Loss: 0.3533
Epoch [20/30], Loss: 0.2452
Epoch [25/30], Loss: 0.2159
Epoch [30/30], Loss: 0.1905
Epoch [5/30], Loss: 1.7165
Epoch [10/30], Loss: 0.9667
Epoch [15/30], Loss: 0.3554
Epoch [20/30], Loss: 0.2331
Epoch [25/30], Loss: 0.2055
Epoch [30/30], Loss: 0.1818
Epoch [5/30], Loss: 1.6776
Epoch [10/30], Loss: 0.9440
Epoch [15/30], Loss: 0.4025
Epoch [20/30], Loss: 0.2927
Epoch [25/30], Loss: 0.2617
Epoch [30/30], Loss: 0.2334
Epoch [5/30], Loss: 1.6864
Epoch [10/30], Loss: 0.9195
Epoch [15/30], Loss: 0.3702
Epoch [20/30], Loss: 0.2606
Epoch [25/30], Loss: 0.2297
Epoch [30/30], Loss: 0.2023
Epoch [5/30], Loss: 1.7344
Epoch [10/30], Loss: 0.9796
Epoch [15/30], Loss: 0.3860
Epoch [20/30], Loss: 0.2619
Epoch [25/30], Loss: 0.2324
Epoch [30/30], Loss: 0.2076
Epoch [5/30], Loss: 1.6765
Epoch [10/30], Loss: 0.9755
Epoch [15/30], Loss: 0.4269
Epoch [20/30], Loss: 0.3002
Epoch [25/30], Loss: 0.2667
Epoch [30/30], Loss: 0.2382
Epoch [5/30], Loss: 1.7116
Epoch [10/30], Loss: 0.9837
Epoch [15/30], Loss: 0.3971
Epoch [20/30], Loss: 0.2749
Epoch [25/30], Loss: 0.2432
Epoch [30/30], Loss: 0.2159
Epoch [5/30], Loss: 1.6732
Epoch [10/30], Loss: 0.9714
Epoch [15/30], Loss: 0.4111
Epoch [20/30], Loss: 0.2773
Epoch [25/30], Loss: 0.2465
Epoch [30/30], Loss: 0.2195
Epoch [5/30], Loss: 1.7347
Epoch [10/30], Loss: 1.0109
Epoch [15/30], Loss: 0.4221
Epoch [20/30], Loss: 0.2919
Epoch [25/30], Loss: 0.2597
Epoch [30/30], Loss: 0.2321
Epoch [5/30], Loss: 1.6899
Epoch [10/30], Loss: 0.9665
Epoch [15/30], Loss: 0.3984
Epoch [20/30], Loss: 0.2798
Epoch [25/30], Loss: 0.2496
Epoch [30/30], Loss: 0.2241
Epoch [5/30], Loss: 1.7360
Epoch [10/30], Loss: 1.0159
Epoch [15/30], Loss: 0.4043
Epoch [20/30], Loss: 0.2874
Epoch [25/30], Loss: 0.2561
Epoch [30/30], Loss: 0.2289
Epoch [5/30], Loss: 1.7140
Epoch [10/30], Loss: 0.9829
Epoch [15/30], Loss: 0.3790
Epoch [20/30], Loss: 0.2574
Epoch [25/30], Loss: 0.2260
Epoch [30/30], Loss: 0.1989
Epoch [5/30], Loss: 1.7434
Epoch [10/30], Loss: 1.0080
Epoch [15/30], Loss: 0.4113
Epoch [20/30], Loss: 0.2865
Epoch [25/30], Loss: 0.2558
Epoch [30/30], Loss: 0.2302
Epoch [5/30], Loss: 1.6958
Epoch [10/30], Loss: 0.9516
Epoch [15/30], Loss: 0.3638
Epoch [20/30], Loss: 0.2480
Epoch [25/30], Loss: 0.2208
Epoch [30/30], Loss: 0.1963
[00:29:14]     perm 20/50
Epoch [5/30], Loss: 1.7508
Epoch [10/30], Loss: 0.9949
Epoch [15/30], Loss: 0.3856
Epoch [20/30], Loss: 0.2727
Epoch [25/30], Loss: 0.2421
Epoch [30/30], Loss: 0.2159
Epoch [5/30], Loss: 1.7174
Epoch [10/30], Loss: 0.9841
Epoch [15/30], Loss: 0.3908
Epoch [20/30], Loss: 0.2622
Epoch [25/30], Loss: 0.2318
Epoch [30/30], Loss: 0.2066
Epoch [5/30], Loss: 1.7109
Epoch [10/30], Loss: 0.9603
Epoch [15/30], Loss: 0.3456
Epoch [20/30], Loss: 0.2452
Epoch [25/30], Loss: 0.2168
Epoch [30/30], Loss: 0.1915
Epoch [5/30], Loss: 1.7449
Epoch [10/30], Loss: 0.9816
Epoch [15/30], Loss: 0.4047
Epoch [20/30], Loss: 0.2785
Epoch [25/30], Loss: 0.2487
Epoch [30/30], Loss: 0.2229
Epoch [5/30], Loss: 1.7483
Epoch [10/30], Loss: 0.9965
Epoch [15/30], Loss: 0.3695
Epoch [20/30], Loss: 0.2396
Epoch [25/30], Loss: 0.2099
Epoch [30/30], Loss: 0.1866
Epoch [5/30], Loss: 1.7471
Epoch [10/30], Loss: 1.0119
Epoch [15/30], Loss: 0.4263
Epoch [20/30], Loss: 0.2926
Epoch [25/30], Loss: 0.2614
Epoch [30/30], Loss: 0.2340
Epoch [5/30], Loss: 1.7108
Epoch [10/30], Loss: 0.9908
Epoch [15/30], Loss: 0.4289
Epoch [20/30], Loss: 0.3035
Epoch [25/30], Loss: 0.2712
Epoch [30/30], Loss: 0.2429
Epoch [5/30], Loss: 1.7797
Epoch [10/30], Loss: 1.0334
Epoch [15/30], Loss: 0.4367
Epoch [20/30], Loss: 0.3075
Epoch [25/30], Loss: 0.2706
Epoch [30/30], Loss: 0.2424
Epoch [5/30], Loss: 1.7205
Epoch [10/30], Loss: 0.9728
Epoch [15/30], Loss: 0.3912
Epoch [20/30], Loss: 0.2756
Epoch [25/30], Loss: 0.2440
Epoch [30/30], Loss: 0.2167
Epoch [5/30], Loss: 1.7200
Epoch [10/30], Loss: 0.9500
Epoch [15/30], Loss: 0.3474
Epoch [20/30], Loss: 0.2375
Epoch [25/30], Loss: 0.2097
Epoch [30/30], Loss: 0.1852
Epoch [5/30], Loss: 1.7055
Epoch [10/30], Loss: 0.9277
Epoch [15/30], Loss: 0.3456
Epoch [20/30], Loss: 0.2295
Epoch [25/30], Loss: 0.2016
Epoch [30/30], Loss: 0.1784
Epoch [5/30], Loss: 1.7621
Epoch [10/30], Loss: 1.0049
Epoch [15/30], Loss: 0.4162
Epoch [20/30], Loss: 0.2884
Epoch [25/30], Loss: 0.2575
Epoch [30/30], Loss: 0.2305
Epoch [5/30], Loss: 1.7196
Epoch [10/30], Loss: 0.9576
Epoch [15/30], Loss: 0.3664
Epoch [20/30], Loss: 0.2613
Epoch [25/30], Loss: 0.2322
Epoch [30/30], Loss: 0.2063
Epoch [5/30], Loss: 1.6857
Epoch [10/30], Loss: 0.9464
Epoch [15/30], Loss: 0.3645
Epoch [20/30], Loss: 0.2492
Epoch [25/30], Loss: 0.2191
Epoch [30/30], Loss: 0.1941
Epoch [5/30], Loss: 1.7595
Epoch [10/30], Loss: 1.0243
Epoch [15/30], Loss: 0.3948
Epoch [20/30], Loss: 0.2826
Epoch [25/30], Loss: 0.2511
Epoch [30/30], Loss: 0.2226
Epoch [5/30], Loss: 1.7094
Epoch [10/30], Loss: 0.9371
Epoch [15/30], Loss: 0.3634
Epoch [20/30], Loss: 0.2579
Epoch [25/30], Loss: 0.2284
Epoch [30/30], Loss: 0.2042
Epoch [5/30], Loss: 1.7302
Epoch [10/30], Loss: 0.9591
Epoch [15/30], Loss: 0.3292
Epoch [20/30], Loss: 0.2264
Epoch [25/30], Loss: 0.1999
Epoch [30/30], Loss: 0.1767
Epoch [5/30], Loss: 1.7214
Epoch [10/30], Loss: 0.9750
Epoch [15/30], Loss: 0.4180
Epoch [20/30], Loss: 0.2866
Epoch [25/30], Loss: 0.2554
Epoch [30/30], Loss: 0.2281
Epoch [5/30], Loss: 1.7207
Epoch [10/30], Loss: 0.9583
Epoch [15/30], Loss: 0.3409
Epoch [20/30], Loss: 0.2347
Epoch [25/30], Loss: 0.2069
Epoch [30/30], Loss: 0.1836
Epoch [5/30], Loss: 1.7599
Epoch [10/30], Loss: 1.0281
Epoch [15/30], Loss: 0.3891
Epoch [20/30], Loss: 0.2744
Epoch [25/30], Loss: 0.2440
Epoch [30/30], Loss: 0.2184
Epoch [5/30], Loss: 1.7129
Epoch [10/30], Loss: 0.9578
Epoch [15/30], Loss: 0.3419
Epoch [20/30], Loss: 0.2375
Epoch [25/30], Loss: 0.2106
Epoch [30/30], Loss: 0.1870
Epoch [5/30], Loss: 1.7304
Epoch [10/30], Loss: 0.9645
Epoch [15/30], Loss: 0.3579
Epoch [20/30], Loss: 0.2535
Epoch [25/30], Loss: 0.2251
Epoch [30/30], Loss: 0.2010
Epoch [5/30], Loss: 1.7098
Epoch [10/30], Loss: 0.9511
Epoch [15/30], Loss: 0.3607
Epoch [20/30], Loss: 0.2451
Epoch [25/30], Loss: 0.2173
Epoch [30/30], Loss: 0.1931
Epoch [5/30], Loss: 1.7390
Epoch [10/30], Loss: 1.0090
Epoch [15/30], Loss: 0.4058
Epoch [20/30], Loss: 0.2698
Epoch [25/30], Loss: 0.2397
Epoch [30/30], Loss: 0.2140
Epoch [5/30], Loss: 1.6903
Epoch [10/30], Loss: 0.8969
Epoch [15/30], Loss: 0.3340
Epoch [20/30], Loss: 0.2229
Epoch [25/30], Loss: 0.1984
Epoch [30/30], Loss: 0.1784
Epoch [5/30], Loss: 1.7243
Epoch [10/30], Loss: 0.9281
Epoch [15/30], Loss: 0.3805
Epoch [20/30], Loss: 0.2734
Epoch [25/30], Loss: 0.2441
Epoch [30/30], Loss: 0.2185
Epoch [5/30], Loss: 1.7031
Epoch [10/30], Loss: 0.9565
Epoch [15/30], Loss: 0.3372
Epoch [20/30], Loss: 0.2212
Epoch [25/30], Loss: 0.1947
Epoch [30/30], Loss: 0.1719
Epoch [5/30], Loss: 1.7349
Epoch [10/30], Loss: 0.9461
Epoch [15/30], Loss: 0.3861
Epoch [20/30], Loss: 0.2717
Epoch [25/30], Loss: 0.2428
Epoch [30/30], Loss: 0.2187
Epoch [5/30], Loss: 1.7366
Epoch [10/30], Loss: 0.9321
Epoch [15/30], Loss: 0.3367
Epoch [20/30], Loss: 0.2298
Epoch [25/30], Loss: 0.2019
Epoch [30/30], Loss: 0.1788
Epoch [5/30], Loss: 1.7166
Epoch [10/30], Loss: 0.9669
Epoch [15/30], Loss: 0.4253
Epoch [20/30], Loss: 0.3004
Epoch [25/30], Loss: 0.2701
Epoch [30/30], Loss: 0.2434
Epoch [5/30], Loss: 1.7155
Epoch [10/30], Loss: 0.9591
Epoch [15/30], Loss: 0.3638
Epoch [20/30], Loss: 0.2498
Epoch [25/30], Loss: 0.2214
Epoch [30/30], Loss: 0.1975
Epoch [5/30], Loss: 1.7172
Epoch [10/30], Loss: 0.9565
Epoch [15/30], Loss: 0.3957
Epoch [20/30], Loss: 0.2663
Epoch [25/30], Loss: 0.2375
Epoch [30/30], Loss: 0.2120
Epoch [5/30], Loss: 1.7369
Epoch [10/30], Loss: 0.9873
Epoch [15/30], Loss: 0.3777
Epoch [20/30], Loss: 0.2574
Epoch [25/30], Loss: 0.2268
Epoch [30/30], Loss: 0.2008
Epoch [5/30], Loss: 1.7228
Epoch [10/30], Loss: 0.9588
Epoch [15/30], Loss: 0.3656
Epoch [20/30], Loss: 0.2505
Epoch [25/30], Loss: 0.2216
Epoch [30/30], Loss: 0.1969
Epoch [5/30], Loss: 1.7117
Epoch [10/30], Loss: 0.9777
Epoch [15/30], Loss: 0.3723
Epoch [20/30], Loss: 0.2517
Epoch [25/30], Loss: 0.2220
Epoch [30/30], Loss: 0.1964
Epoch [5/30], Loss: 1.7395
Epoch [10/30], Loss: 1.0161
Epoch [15/30], Loss: 0.4387
Epoch [20/30], Loss: 0.2958
Epoch [25/30], Loss: 0.2633
Epoch [30/30], Loss: 0.2350
Epoch [5/30], Loss: 1.7465
Epoch [10/30], Loss: 0.9679
Epoch [15/30], Loss: 0.3733
Epoch [20/30], Loss: 0.2604
Epoch [25/30], Loss: 0.2310
Epoch [30/30], Loss: 0.2069
Epoch [5/30], Loss: 1.7359
Epoch [10/30], Loss: 0.9641
Epoch [15/30], Loss: 0.3498
Epoch [20/30], Loss: 0.2444
Epoch [25/30], Loss: 0.2170
Epoch [30/30], Loss: 0.1942
Epoch [5/30], Loss: 1.7521
Epoch [10/30], Loss: 1.0243
Epoch [15/30], Loss: 0.3923
Epoch [20/30], Loss: 0.2720
Epoch [25/30], Loss: 0.2417
Epoch [30/30], Loss: 0.2156
Epoch [5/30], Loss: 1.6718
Epoch [10/30], Loss: 0.9617
Epoch [15/30], Loss: 0.3833
Epoch [20/30], Loss: 0.2735
Epoch [25/30], Loss: 0.2427
Epoch [30/30], Loss: 0.2158
Epoch [5/30], Loss: 1.6925
Epoch [10/30], Loss: 0.9295
Epoch [15/30], Loss: 0.3475
Epoch [20/30], Loss: 0.2406
Epoch [25/30], Loss: 0.2129
Epoch [30/30], Loss: 0.1897
Epoch [5/30], Loss: 1.7404
Epoch [10/30], Loss: 0.9854
Epoch [15/30], Loss: 0.3769
Epoch [20/30], Loss: 0.2486
Epoch [25/30], Loss: 0.2202
Epoch [30/30], Loss: 0.1981
Epoch [5/30], Loss: 1.6987
Epoch [10/30], Loss: 0.8987
Epoch [15/30], Loss: 0.3403
Epoch [20/30], Loss: 0.2364
Epoch [25/30], Loss: 0.2090
Epoch [30/30], Loss: 0.1856
Epoch [5/30], Loss: 1.7005
Epoch [10/30], Loss: 0.9782
Epoch [15/30], Loss: 0.4165
Epoch [20/30], Loss: 0.2975
Epoch [25/30], Loss: 0.2646
Epoch [30/30], Loss: 0.2369
Epoch [5/30], Loss: 1.6254
Epoch [10/30], Loss: 0.8971
Epoch [15/30], Loss: 0.3455
Epoch [20/30], Loss: 0.2345
Epoch [25/30], Loss: 0.2071
Epoch [30/30], Loss: 0.1827
Epoch [5/30], Loss: 1.6931
Epoch [10/30], Loss: 0.9357
Epoch [15/30], Loss: 0.3517
Epoch [20/30], Loss: 0.2471
Epoch [25/30], Loss: 0.2192
Epoch [30/30], Loss: 0.1947
Epoch [5/30], Loss: 1.7284
Epoch [10/30], Loss: 0.9390
Epoch [15/30], Loss: 0.3561
Epoch [20/30], Loss: 0.2470
Epoch [25/30], Loss: 0.2176
Epoch [30/30], Loss: 0.1934
Epoch [5/30], Loss: 1.6914
Epoch [10/30], Loss: 0.9149
Epoch [15/30], Loss: 0.3390
Epoch [20/30], Loss: 0.2313
Epoch [25/30], Loss: 0.2042
Epoch [30/30], Loss: 0.1820
Epoch [5/30], Loss: 1.6720
Epoch [10/30], Loss: 0.9327
Epoch [15/30], Loss: 0.3359
Epoch [20/30], Loss: 0.2376
Epoch [25/30], Loss: 0.2108
Epoch [30/30], Loss: 0.1873
Epoch [5/30], Loss: 1.6635
Epoch [10/30], Loss: 0.9080
Epoch [15/30], Loss: 0.3902
Epoch [20/30], Loss: 0.2799
Epoch [25/30], Loss: 0.2521
Epoch [30/30], Loss: 0.2268
Epoch [5/30], Loss: 1.6850
Epoch [10/30], Loss: 0.8831
Epoch [15/30], Loss: 0.2953
Epoch [20/30], Loss: 0.1965
Epoch [25/30], Loss: 0.1714
Epoch [30/30], Loss: 0.1507
Epoch [5/30], Loss: 1.6882
Epoch [10/30], Loss: 0.9402
Epoch [15/30], Loss: 0.3543
Epoch [20/30], Loss: 0.2432
Epoch [25/30], Loss: 0.2147
Epoch [30/30], Loss: 0.1906
Epoch [5/30], Loss: 1.7000
Epoch [10/30], Loss: 0.9242
Epoch [15/30], Loss: 0.3618
Epoch [20/30], Loss: 0.2497
Epoch [25/30], Loss: 0.2207
Epoch [30/30], Loss: 0.1954
Epoch [5/30], Loss: 1.6638
Epoch [10/30], Loss: 0.9091
Epoch [15/30], Loss: 0.3704
Epoch [20/30], Loss: 0.2445
Epoch [25/30], Loss: 0.2154
Epoch [30/30], Loss: 0.1912
Epoch [5/30], Loss: 1.7112
Epoch [10/30], Loss: 0.9618
Epoch [15/30], Loss: 0.3779
Epoch [20/30], Loss: 0.2733
Epoch [25/30], Loss: 0.2436
Epoch [30/30], Loss: 0.2176
Epoch [5/30], Loss: 1.7083
Epoch [10/30], Loss: 0.9233
Epoch [15/30], Loss: 0.3517
Epoch [20/30], Loss: 0.2452
Epoch [25/30], Loss: 0.2171
Epoch [30/30], Loss: 0.1935
Epoch [5/30], Loss: 1.6825
Epoch [10/30], Loss: 0.9756
Epoch [15/30], Loss: 0.3853
Epoch [20/30], Loss: 0.2696
Epoch [25/30], Loss: 0.2409
Epoch [30/30], Loss: 0.2153
Epoch [5/30], Loss: 1.7046
Epoch [10/30], Loss: 0.9409
Epoch [15/30], Loss: 0.3395
Epoch [20/30], Loss: 0.2297
Epoch [25/30], Loss: 0.2029
Epoch [30/30], Loss: 0.1792
Epoch [5/30], Loss: 1.6967
Epoch [10/30], Loss: 0.9168
Epoch [15/30], Loss: 0.3492
Epoch [20/30], Loss: 0.2418
Epoch [25/30], Loss: 0.2151
Epoch [30/30], Loss: 0.1915
Epoch [5/30], Loss: 1.6619
Epoch [10/30], Loss: 0.9138
Epoch [15/30], Loss: 0.3817
Epoch [20/30], Loss: 0.2480
Epoch [25/30], Loss: 0.2201
Epoch [30/30], Loss: 0.1963
[00:30:47]     perm 30/50
Epoch [5/30], Loss: 1.6950
Epoch [10/30], Loss: 0.9545
Epoch [15/30], Loss: 0.3819
Epoch [20/30], Loss: 0.2754
Epoch [25/30], Loss: 0.2455
Epoch [30/30], Loss: 0.2199
Epoch [5/30], Loss: 1.7170
Epoch [10/30], Loss: 0.9529
Epoch [15/30], Loss: 0.4008
Epoch [20/30], Loss: 0.2933
Epoch [25/30], Loss: 0.2621
Epoch [30/30], Loss: 0.2371
Epoch [5/30], Loss: 1.6755
Epoch [10/30], Loss: 0.9341
Epoch [15/30], Loss: 0.3639
Epoch [20/30], Loss: 0.2525
Epoch [25/30], Loss: 0.2231
Epoch [30/30], Loss: 0.1976
Epoch [5/30], Loss: 1.6356
Epoch [10/30], Loss: 0.8693
Epoch [15/30], Loss: 0.3373
Epoch [20/30], Loss: 0.2307
Epoch [25/30], Loss: 0.2049
Epoch [30/30], Loss: 0.1825
Epoch [5/30], Loss: 1.6895
Epoch [10/30], Loss: 0.9684
Epoch [15/30], Loss: 0.3771
Epoch [20/30], Loss: 0.2576
Epoch [25/30], Loss: 0.2275
Epoch [30/30], Loss: 0.2033
Epoch [5/30], Loss: 1.6815
Epoch [10/30], Loss: 0.9491
Epoch [15/30], Loss: 0.3726
Epoch [20/30], Loss: 0.2438
Epoch [25/30], Loss: 0.2162
Epoch [30/30], Loss: 0.1934
Epoch [5/30], Loss: 1.6942
Epoch [10/30], Loss: 0.9618
Epoch [15/30], Loss: 0.3906
Epoch [20/30], Loss: 0.2734
Epoch [25/30], Loss: 0.2411
Epoch [30/30], Loss: 0.2147
Epoch [5/30], Loss: 1.6806
Epoch [10/30], Loss: 0.9433
Epoch [15/30], Loss: 0.3976
Epoch [20/30], Loss: 0.2779
Epoch [25/30], Loss: 0.2485
Epoch [30/30], Loss: 0.2225
Epoch [5/30], Loss: 1.7123
Epoch [10/30], Loss: 0.9201
Epoch [15/30], Loss: 0.3507
Epoch [20/30], Loss: 0.2425
Epoch [25/30], Loss: 0.2149
Epoch [30/30], Loss: 0.1908
Epoch [5/30], Loss: 1.7480
Epoch [10/30], Loss: 0.9908
Epoch [15/30], Loss: 0.4097
Epoch [20/30], Loss: 0.2853
Epoch [25/30], Loss: 0.2538
Epoch [30/30], Loss: 0.2266
Epoch [5/30], Loss: 1.7539
Epoch [10/30], Loss: 0.9861
Epoch [15/30], Loss: 0.3850
Epoch [20/30], Loss: 0.2696
Epoch [25/30], Loss: 0.2407
Epoch [30/30], Loss: 0.2154
Epoch [5/30], Loss: 1.7235
Epoch [10/30], Loss: 0.9833
Epoch [15/30], Loss: 0.3768
Epoch [20/30], Loss: 0.2596
Epoch [25/30], Loss: 0.2261
Epoch [30/30], Loss: 0.2005
Epoch [5/30], Loss: 1.7286
Epoch [10/30], Loss: 0.9856
Epoch [15/30], Loss: 0.4026
Epoch [20/30], Loss: 0.2918
Epoch [25/30], Loss: 0.2608
Epoch [30/30], Loss: 0.2354
Epoch [5/30], Loss: 1.6570
Epoch [10/30], Loss: 0.8959
Epoch [15/30], Loss: 0.3205
Epoch [20/30], Loss: 0.2153
Epoch [25/30], Loss: 0.1910
Epoch [30/30], Loss: 0.1693
Epoch [5/30], Loss: 1.6728
Epoch [10/30], Loss: 0.9459
Epoch [15/30], Loss: 0.3719
Epoch [20/30], Loss: 0.2670
Epoch [25/30], Loss: 0.2370
Epoch [30/30], Loss: 0.2105
Epoch [5/30], Loss: 1.6579
Epoch [10/30], Loss: 0.8583
Epoch [15/30], Loss: 0.3096
Epoch [20/30], Loss: 0.2150
Epoch [25/30], Loss: 0.1912
Epoch [30/30], Loss: 0.1704
Epoch [5/30], Loss: 1.6403
Epoch [10/30], Loss: 0.8925
Epoch [15/30], Loss: 0.3401
Epoch [20/30], Loss: 0.2324
Epoch [25/30], Loss: 0.2058
Epoch [30/30], Loss: 0.1841
Epoch [5/30], Loss: 1.6876
Epoch [10/30], Loss: 0.9505
Epoch [15/30], Loss: 0.4063
Epoch [20/30], Loss: 0.2865
Epoch [25/30], Loss: 0.2584
Epoch [30/30], Loss: 0.2331
Epoch [5/30], Loss: 1.6757
Epoch [10/30], Loss: 0.9334
Epoch [15/30], Loss: 0.3548
Epoch [20/30], Loss: 0.2509
Epoch [25/30], Loss: 0.2222
Epoch [30/30], Loss: 0.1967
Epoch [5/30], Loss: 1.6625
Epoch [10/30], Loss: 0.8824
Epoch [15/30], Loss: 0.3190
Epoch [20/30], Loss: 0.2225
Epoch [25/30], Loss: 0.1970
Epoch [30/30], Loss: 0.1748
Epoch [5/30], Loss: 1.5984
Epoch [10/30], Loss: 0.8111
Epoch [15/30], Loss: 0.3013
Epoch [20/30], Loss: 0.2023
Epoch [25/30], Loss: 0.1779
Epoch [30/30], Loss: 0.1570
Epoch [5/30], Loss: 1.6259
Epoch [10/30], Loss: 0.8469
Epoch [15/30], Loss: 0.2844
Epoch [20/30], Loss: 0.1969
Epoch [25/30], Loss: 0.1740
Epoch [30/30], Loss: 0.1537
Epoch [5/30], Loss: 1.6770
Epoch [10/30], Loss: 0.8667
Epoch [15/30], Loss: 0.3268
Epoch [20/30], Loss: 0.2190
Epoch [25/30], Loss: 0.1930
Epoch [30/30], Loss: 0.1710
Epoch [5/30], Loss: 1.6540
Epoch [10/30], Loss: 0.8981
Epoch [15/30], Loss: 0.3556
Epoch [20/30], Loss: 0.2444
Epoch [25/30], Loss: 0.2176
Epoch [30/30], Loss: 0.1941
Epoch [5/30], Loss: 1.7091
Epoch [10/30], Loss: 0.9670
Epoch [15/30], Loss: 0.4080
Epoch [20/30], Loss: 0.2872
Epoch [25/30], Loss: 0.2567
Epoch [30/30], Loss: 0.2330
Epoch [5/30], Loss: 1.7142
Epoch [10/30], Loss: 0.9777
Epoch [15/30], Loss: 0.4009
Epoch [20/30], Loss: 0.2694
Epoch [25/30], Loss: 0.2398
Epoch [30/30], Loss: 0.2146
Epoch [5/30], Loss: 1.7386
Epoch [10/30], Loss: 0.9726
Epoch [15/30], Loss: 0.3839
Epoch [20/30], Loss: 0.2573
Epoch [25/30], Loss: 0.2280
Epoch [30/30], Loss: 0.2025
Epoch [5/30], Loss: 1.7561
Epoch [10/30], Loss: 1.0049
Epoch [15/30], Loss: 0.3988
Epoch [20/30], Loss: 0.2829
Epoch [25/30], Loss: 0.2531
Epoch [30/30], Loss: 0.2259
Epoch [5/30], Loss: 1.7074
Epoch [10/30], Loss: 1.0111
Epoch [15/30], Loss: 0.4197
Epoch [20/30], Loss: 0.2904
Epoch [25/30], Loss: 0.2582
Epoch [30/30], Loss: 0.2300
Epoch [5/30], Loss: 1.7438
Epoch [10/30], Loss: 1.0094
Epoch [15/30], Loss: 0.4075
Epoch [20/30], Loss: 0.2817
Epoch [25/30], Loss: 0.2526
Epoch [30/30], Loss: 0.2279
Epoch [5/30], Loss: 1.6948
Epoch [10/30], Loss: 0.9663
Epoch [15/30], Loss: 0.3833
Epoch [20/30], Loss: 0.2718
Epoch [25/30], Loss: 0.2428
Epoch [30/30], Loss: 0.2167
Epoch [5/30], Loss: 1.6788
Epoch [10/30], Loss: 0.8999
Epoch [15/30], Loss: 0.3573
Epoch [20/30], Loss: 0.2541
Epoch [25/30], Loss: 0.2276
Epoch [30/30], Loss: 0.2042
Epoch [5/30], Loss: 1.7201
Epoch [10/30], Loss: 0.9531
Epoch [15/30], Loss: 0.3706
Epoch [20/30], Loss: 0.2543
Epoch [25/30], Loss: 0.2247
Epoch [30/30], Loss: 0.2009
Epoch [5/30], Loss: 1.6999
Epoch [10/30], Loss: 0.9389
Epoch [15/30], Loss: 0.3743
Epoch [20/30], Loss: 0.2482
Epoch [25/30], Loss: 0.2205
Epoch [30/30], Loss: 0.1961
Epoch [5/30], Loss: 1.7132
Epoch [10/30], Loss: 0.9862
Epoch [15/30], Loss: 0.3933
Epoch [20/30], Loss: 0.2729
Epoch [25/30], Loss: 0.2420
Epoch [30/30], Loss: 0.2156
Epoch [5/30], Loss: 1.7175
Epoch [10/30], Loss: 1.0143
Epoch [15/30], Loss: 0.4504
Epoch [20/30], Loss: 0.3047
Epoch [25/30], Loss: 0.2708
Epoch [30/30], Loss: 0.2424
Epoch [5/30], Loss: 1.6946
Epoch [10/30], Loss: 0.9678
Epoch [15/30], Loss: 0.3866
Epoch [20/30], Loss: 0.2763
Epoch [25/30], Loss: 0.2472
Epoch [30/30], Loss: 0.2216
Epoch [5/30], Loss: 1.7002
Epoch [10/30], Loss: 0.9256
Epoch [15/30], Loss: 0.3608
Epoch [20/30], Loss: 0.2379
Epoch [25/30], Loss: 0.2113
Epoch [30/30], Loss: 0.1905
Epoch [5/30], Loss: 1.6759
Epoch [10/30], Loss: 0.8961
Epoch [15/30], Loss: 0.3415
Epoch [20/30], Loss: 0.2288
Epoch [25/30], Loss: 0.2037
Epoch [30/30], Loss: 0.1806
Epoch [5/30], Loss: 1.6935
Epoch [10/30], Loss: 0.9669
Epoch [15/30], Loss: 0.4004
Epoch [20/30], Loss: 0.2748
Epoch [25/30], Loss: 0.2437
Epoch [30/30], Loss: 0.2163
Epoch [5/30], Loss: 1.6920
Epoch [10/30], Loss: 0.9455
Epoch [15/30], Loss: 0.4015
Epoch [20/30], Loss: 0.2820
Epoch [25/30], Loss: 0.2526
Epoch [30/30], Loss: 0.2261
Epoch [5/30], Loss: 1.6897
Epoch [10/30], Loss: 0.9645
Epoch [15/30], Loss: 0.4173
Epoch [20/30], Loss: 0.2769
Epoch [25/30], Loss: 0.2475
Epoch [30/30], Loss: 0.2232
Epoch [5/30], Loss: 1.6901
Epoch [10/30], Loss: 0.9591
Epoch [15/30], Loss: 0.3875
Epoch [20/30], Loss: 0.2783
Epoch [25/30], Loss: 0.2483
Epoch [30/30], Loss: 0.2232
Epoch [5/30], Loss: 1.7231
Epoch [10/30], Loss: 0.9994
Epoch [15/30], Loss: 0.3953
Epoch [20/30], Loss: 0.2719
Epoch [25/30], Loss: 0.2430
Epoch [30/30], Loss: 0.2174
Epoch [5/30], Loss: 1.7164
Epoch [10/30], Loss: 0.9257
Epoch [15/30], Loss: 0.3592
Epoch [20/30], Loss: 0.2412
Epoch [25/30], Loss: 0.2142
Epoch [30/30], Loss: 0.1903
Epoch [5/30], Loss: 1.7082
Epoch [10/30], Loss: 0.9244
Epoch [15/30], Loss: 0.3659
Epoch [20/30], Loss: 0.2417
Epoch [25/30], Loss: 0.2067
Epoch [30/30], Loss: 0.1821
Epoch [5/30], Loss: 1.6605
Epoch [10/30], Loss: 0.9122
Epoch [15/30], Loss: 0.3597
Epoch [20/30], Loss: 0.2405
Epoch [25/30], Loss: 0.2133
Epoch [30/30], Loss: 0.1897
Epoch [5/30], Loss: 1.7088
Epoch [10/30], Loss: 0.9805
Epoch [15/30], Loss: 0.3997
Epoch [20/30], Loss: 0.2696
Epoch [25/30], Loss: 0.2407
Epoch [30/30], Loss: 0.2179
Epoch [5/30], Loss: 1.7013
Epoch [10/30], Loss: 0.9278
Epoch [15/30], Loss: 0.3674
Epoch [20/30], Loss: 0.2586
Epoch [25/30], Loss: 0.2311
Epoch [30/30], Loss: 0.2073
Epoch [5/30], Loss: 1.7333
Epoch [10/30], Loss: 1.0366
Epoch [15/30], Loss: 0.4704
Epoch [20/30], Loss: 0.3402
Epoch [25/30], Loss: 0.3065
Epoch [30/30], Loss: 0.2773
Epoch [5/30], Loss: 1.6699
Epoch [10/30], Loss: 0.9057
Epoch [15/30], Loss: 0.3510
Epoch [20/30], Loss: 0.2432
Epoch [25/30], Loss: 0.2168
Epoch [30/30], Loss: 0.1939
Epoch [5/30], Loss: 1.6865
Epoch [10/30], Loss: 0.9246
Epoch [15/30], Loss: 0.3450
Epoch [20/30], Loss: 0.2360
Epoch [25/30], Loss: 0.2081
Epoch [30/30], Loss: 0.1837
Epoch [5/30], Loss: 1.7042
Epoch [10/30], Loss: 0.9802
Epoch [15/30], Loss: 0.4321
Epoch [20/30], Loss: 0.3084
Epoch [25/30], Loss: 0.2752
Epoch [30/30], Loss: 0.2458
Epoch [5/30], Loss: 1.7148
Epoch [10/30], Loss: 0.9831
Epoch [15/30], Loss: 0.4187
Epoch [20/30], Loss: 0.2864
Epoch [25/30], Loss: 0.2562
Epoch [30/30], Loss: 0.2308
Epoch [5/30], Loss: 1.7422
Epoch [10/30], Loss: 1.0430
Epoch [15/30], Loss: 0.4292
Epoch [20/30], Loss: 0.3120
Epoch [25/30], Loss: 0.2803
Epoch [30/30], Loss: 0.2532
Epoch [5/30], Loss: 1.7166
Epoch [10/30], Loss: 0.9743
Epoch [15/30], Loss: 0.4063
Epoch [20/30], Loss: 0.2897
Epoch [25/30], Loss: 0.2582
Epoch [30/30], Loss: 0.2317
Epoch [5/30], Loss: 1.7614
Epoch [10/30], Loss: 1.0376
Epoch [15/30], Loss: 0.4125
Epoch [20/30], Loss: 0.2916
Epoch [25/30], Loss: 0.2592
Epoch [30/30], Loss: 0.2310
Epoch [5/30], Loss: 1.7634
Epoch [10/30], Loss: 1.0121
Epoch [15/30], Loss: 0.3972
Epoch [20/30], Loss: 0.2819
Epoch [25/30], Loss: 0.2513
Epoch [30/30], Loss: 0.2257
Epoch [5/30], Loss: 1.6938
Epoch [10/30], Loss: 0.9655
Epoch [15/30], Loss: 0.4099
Epoch [20/30], Loss: 0.2745
Epoch [25/30], Loss: 0.2424
Epoch [30/30], Loss: 0.2155
Epoch [5/30], Loss: 1.7774
Epoch [10/30], Loss: 1.0706
Epoch [15/30], Loss: 0.4241
Epoch [20/30], Loss: 0.2949
Epoch [25/30], Loss: 0.2643
Epoch [30/30], Loss: 0.2379
[00:32:12]     perm 40/50
Epoch [5/30], Loss: 1.6348
Epoch [10/30], Loss: 0.8911
Epoch [15/30], Loss: 0.3553
Epoch [20/30], Loss: 0.2475
Epoch [25/30], Loss: 0.2227
Epoch [30/30], Loss: 0.2004
Epoch [5/30], Loss: 1.6720
Epoch [10/30], Loss: 0.8873
Epoch [15/30], Loss: 0.3591
Epoch [20/30], Loss: 0.2540
Epoch [25/30], Loss: 0.2275
Epoch [30/30], Loss: 0.2043
Epoch [5/30], Loss: 1.6733
Epoch [10/30], Loss: 0.8633
Epoch [15/30], Loss: 0.3151
Epoch [20/30], Loss: 0.2176
Epoch [25/30], Loss: 0.1944
Epoch [30/30], Loss: 0.1736
Epoch [5/30], Loss: 1.6762
Epoch [10/30], Loss: 0.8759
Epoch [15/30], Loss: 0.3113
Epoch [20/30], Loss: 0.2148
Epoch [25/30], Loss: 0.1910
Epoch [30/30], Loss: 0.1691
Epoch [5/30], Loss: 1.6226
Epoch [10/30], Loss: 0.8657
Epoch [15/30], Loss: 0.3643
Epoch [20/30], Loss: 0.2601
Epoch [25/30], Loss: 0.2331
Epoch [30/30], Loss: 0.2088
Epoch [5/30], Loss: 1.6662
Epoch [10/30], Loss: 0.9850
Epoch [15/30], Loss: 0.4367
Epoch [20/30], Loss: 0.2937
Epoch [25/30], Loss: 0.2598
Epoch [30/30], Loss: 0.2320
Epoch [5/30], Loss: 1.6860
Epoch [10/30], Loss: 0.9112
Epoch [15/30], Loss: 0.3703
Epoch [20/30], Loss: 0.2581
Epoch [25/30], Loss: 0.2316
Epoch [30/30], Loss: 0.2085
Epoch [5/30], Loss: 1.7202
Epoch [10/30], Loss: 1.0153
Epoch [15/30], Loss: 0.4475
Epoch [20/30], Loss: 0.3312
Epoch [25/30], Loss: 0.2970
Epoch [30/30], Loss: 0.2688
Epoch [5/30], Loss: 1.6814
Epoch [10/30], Loss: 0.8969
Epoch [15/30], Loss: 0.3288
Epoch [20/30], Loss: 0.2255
Epoch [25/30], Loss: 0.2006
Epoch [30/30], Loss: 0.1789
Epoch [5/30], Loss: 1.7275
Epoch [10/30], Loss: 0.9523
Epoch [15/30], Loss: 0.3578
Epoch [20/30], Loss: 0.2424
Epoch [25/30], Loss: 0.2145
Epoch [30/30], Loss: 0.1900
Epoch [5/30], Loss: 1.6811
Epoch [10/30], Loss: 0.9514
Epoch [15/30], Loss: 0.3985
Epoch [20/30], Loss: 0.2781
Epoch [25/30], Loss: 0.2473
Epoch [30/30], Loss: 0.2201
Epoch [5/30], Loss: 1.6972
Epoch [10/30], Loss: 0.9638
Epoch [15/30], Loss: 0.3877
Epoch [20/30], Loss: 0.2617
Epoch [25/30], Loss: 0.2333
Epoch [30/30], Loss: 0.2091
Epoch [5/30], Loss: 1.6651
Epoch [10/30], Loss: 0.8864
Epoch [15/30], Loss: 0.3399
Epoch [20/30], Loss: 0.2333
Epoch [25/30], Loss: 0.2073
Epoch [30/30], Loss: 0.1845
Epoch [5/30], Loss: 1.6699
Epoch [10/30], Loss: 0.9045
Epoch [15/30], Loss: 0.3669
Epoch [20/30], Loss: 0.2628
Epoch [25/30], Loss: 0.2342
Epoch [30/30], Loss: 0.2094
Epoch [5/30], Loss: 1.6967
Epoch [10/30], Loss: 0.9135
Epoch [15/30], Loss: 0.3442
Epoch [20/30], Loss: 0.2336
Epoch [25/30], Loss: 0.2050
Epoch [30/30], Loss: 0.1805
Epoch [5/30], Loss: 1.6342
Epoch [10/30], Loss: 0.9082
Epoch [15/30], Loss: 0.3608
Epoch [20/30], Loss: 0.2461
Epoch [25/30], Loss: 0.2185
Epoch [30/30], Loss: 0.1942
Epoch [5/30], Loss: 1.6981
Epoch [10/30], Loss: 0.9530
Epoch [15/30], Loss: 0.3765
Epoch [20/30], Loss: 0.2545
Epoch [25/30], Loss: 0.2255
Epoch [30/30], Loss: 0.2001
Epoch [5/30], Loss: 1.6898
Epoch [10/30], Loss: 0.9481
Epoch [15/30], Loss: 0.3674
Epoch [20/30], Loss: 0.2457
Epoch [25/30], Loss: 0.2183
Epoch [30/30], Loss: 0.1943
Epoch [5/30], Loss: 1.7194
Epoch [10/30], Loss: 0.9903
Epoch [15/30], Loss: 0.4006
Epoch [20/30], Loss: 0.2848
Epoch [25/30], Loss: 0.2554
Epoch [30/30], Loss: 0.2296
Epoch [5/30], Loss: 1.7150
Epoch [10/30], Loss: 0.9417
Epoch [15/30], Loss: 0.3857
Epoch [20/30], Loss: 0.2640
Epoch [25/30], Loss: 0.2348
Epoch [30/30], Loss: 0.2085
Epoch [5/30], Loss: 1.7001
Epoch [10/30], Loss: 0.9696
Epoch [15/30], Loss: 0.3914
Epoch [20/30], Loss: 0.2706
Epoch [25/30], Loss: 0.2404
Epoch [30/30], Loss: 0.2138
Epoch [5/30], Loss: 1.6577
Epoch [10/30], Loss: 0.9333
Epoch [15/30], Loss: 0.3811
Epoch [20/30], Loss: 0.2625
Epoch [25/30], Loss: 0.2322
Epoch [30/30], Loss: 0.2062
Epoch [5/30], Loss: 1.7199
Epoch [10/30], Loss: 0.9932
Epoch [15/30], Loss: 0.4122
Epoch [20/30], Loss: 0.2891
Epoch [25/30], Loss: 0.2567
Epoch [30/30], Loss: 0.2293
Epoch [5/30], Loss: 1.6868
Epoch [10/30], Loss: 0.9622
Epoch [15/30], Loss: 0.4299
Epoch [20/30], Loss: 0.3007
Epoch [25/30], Loss: 0.2701
Epoch [30/30], Loss: 0.2422
Epoch [5/30], Loss: 1.7131
Epoch [10/30], Loss: 0.9309
Epoch [15/30], Loss: 0.3019
Epoch [20/30], Loss: 0.2007
Epoch [25/30], Loss: 0.1759
Epoch [30/30], Loss: 0.1550
Epoch [5/30], Loss: 1.7099
Epoch [10/30], Loss: 0.9238
Epoch [15/30], Loss: 0.3482
Epoch [20/30], Loss: 0.2371
Epoch [25/30], Loss: 0.2108
Epoch [30/30], Loss: 0.1878
Epoch [5/30], Loss: 1.7581
Epoch [10/30], Loss: 0.9802
Epoch [15/30], Loss: 0.3984
Epoch [20/30], Loss: 0.2773
Epoch [25/30], Loss: 0.2463
Epoch [30/30], Loss: 0.2193
Epoch [5/30], Loss: 1.6679
Epoch [10/30], Loss: 0.9167
Epoch [15/30], Loss: 0.3627
Epoch [20/30], Loss: 0.2356
Epoch [25/30], Loss: 0.2091
Epoch [30/30], Loss: 0.1854
Epoch [5/30], Loss: 1.7578
Epoch [10/30], Loss: 0.9738
Epoch [15/30], Loss: 0.3989
Epoch [20/30], Loss: 0.2726
Epoch [25/30], Loss: 0.2416
Epoch [30/30], Loss: 0.2144
Epoch [5/30], Loss: 1.7099
Epoch [10/30], Loss: 0.9165
Epoch [15/30], Loss: 0.3561
Epoch [20/30], Loss: 0.2326
Epoch [25/30], Loss: 0.2065
Epoch [30/30], Loss: 0.1835
Epoch [5/30], Loss: 1.6871
Epoch [10/30], Loss: 0.9275
Epoch [15/30], Loss: 0.4002
Epoch [20/30], Loss: 0.2834
Epoch [25/30], Loss: 0.2531
Epoch [30/30], Loss: 0.2269
Epoch [5/30], Loss: 1.7081
Epoch [10/30], Loss: 0.9205
Epoch [15/30], Loss: 0.3234
Epoch [20/30], Loss: 0.2265
Epoch [25/30], Loss: 0.2000
Epoch [30/30], Loss: 0.1777
Epoch [5/30], Loss: 1.6812
Epoch [10/30], Loss: 0.9422
Epoch [15/30], Loss: 0.3692
Epoch [20/30], Loss: 0.2583
Epoch [25/30], Loss: 0.2288
Epoch [30/30], Loss: 0.2032
Epoch [5/30], Loss: 1.6321
Epoch [10/30], Loss: 0.8786
Epoch [15/30], Loss: 0.3575
Epoch [20/30], Loss: 0.2496
Epoch [25/30], Loss: 0.2206
Epoch [30/30], Loss: 0.1959
Epoch [5/30], Loss: 1.6742
Epoch [10/30], Loss: 0.8767
Epoch [15/30], Loss: 0.3313
Epoch [20/30], Loss: 0.2292
Epoch [25/30], Loss: 0.2027
Epoch [30/30], Loss: 0.1807
Epoch [5/30], Loss: 1.6631
Epoch [10/30], Loss: 0.9030
Epoch [15/30], Loss: 0.3475
Epoch [20/30], Loss: 0.2340
Epoch [25/30], Loss: 0.2082
Epoch [30/30], Loss: 0.1854
Epoch [5/30], Loss: 1.7489
Epoch [10/30], Loss: 1.0313
Epoch [15/30], Loss: 0.4190
Epoch [20/30], Loss: 0.2936
Epoch [25/30], Loss: 0.2618
Epoch [30/30], Loss: 0.2327
Epoch [5/30], Loss: 1.6700
Epoch [10/30], Loss: 0.9619
Epoch [15/30], Loss: 0.4409
Epoch [20/30], Loss: 0.3034
Epoch [25/30], Loss: 0.2713
Epoch [30/30], Loss: 0.2431
Epoch [5/30], Loss: 1.7153
Epoch [10/30], Loss: 0.9221
Epoch [15/30], Loss: 0.3541
Epoch [20/30], Loss: 0.2526
Epoch [25/30], Loss: 0.2253
Epoch [30/30], Loss: 0.2013
Epoch [5/30], Loss: 1.7103
Epoch [10/30], Loss: 0.9757
Epoch [15/30], Loss: 0.3926
Epoch [20/30], Loss: 0.2725
Epoch [25/30], Loss: 0.2398
Epoch [30/30], Loss: 0.2127
Epoch [5/30], Loss: 1.6571
Epoch [10/30], Loss: 0.9174
Epoch [15/30], Loss: 0.3897
Epoch [20/30], Loss: 0.2684
Epoch [25/30], Loss: 0.2390
Epoch [30/30], Loss: 0.2134
Epoch [5/30], Loss: 1.7109
Epoch [10/30], Loss: 0.9698
Epoch [15/30], Loss: 0.4262
Epoch [20/30], Loss: 0.2799
Epoch [25/30], Loss: 0.2428
Epoch [30/30], Loss: 0.2110
Epoch [5/30], Loss: 1.6583
Epoch [10/30], Loss: 0.8981
Epoch [15/30], Loss: 0.3910
Epoch [20/30], Loss: 0.2871
Epoch [25/30], Loss: 0.2579
Epoch [30/30], Loss: 0.2313
Epoch [5/30], Loss: 1.6879
Epoch [10/30], Loss: 0.8930
Epoch [15/30], Loss: 0.3056
Epoch [20/30], Loss: 0.2113
Epoch [25/30], Loss: 0.1882
Epoch [30/30], Loss: 0.1675
Epoch [5/30], Loss: 1.7154
Epoch [10/30], Loss: 0.9418
Epoch [15/30], Loss: 0.3521
Epoch [20/30], Loss: 0.2497
Epoch [25/30], Loss: 0.2211
Epoch [30/30], Loss: 0.1965
Epoch [5/30], Loss: 1.6573
Epoch [10/30], Loss: 0.8433
Epoch [15/30], Loss: 0.2943
Epoch [20/30], Loss: 0.1950
Epoch [25/30], Loss: 0.1712
Epoch [30/30], Loss: 0.1508
Epoch [5/30], Loss: 1.7025
Epoch [10/30], Loss: 0.9728
Epoch [15/30], Loss: 0.4088
Epoch [20/30], Loss: 0.2872
Epoch [25/30], Loss: 0.2560
Epoch [30/30], Loss: 0.2280
Epoch [5/30], Loss: 1.6909
Epoch [10/30], Loss: 0.9879
Epoch [15/30], Loss: 0.4098
Epoch [20/30], Loss: 0.2760
Epoch [25/30], Loss: 0.2453
Epoch [30/30], Loss: 0.2184
Epoch [5/30], Loss: 1.7317
Epoch [10/30], Loss: 1.0027
Epoch [15/30], Loss: 0.3961
Epoch [20/30], Loss: 0.2875
Epoch [25/30], Loss: 0.2576
Epoch [30/30], Loss: 0.2314
Epoch [5/30], Loss: 1.7175
Epoch [10/30], Loss: 0.9401
Epoch [15/30], Loss: 0.3516
Epoch [20/30], Loss: 0.2362
Epoch [25/30], Loss: 0.2084
Epoch [30/30], Loss: 0.1852
Epoch [5/30], Loss: 1.7137
Epoch [10/30], Loss: 0.9752
Epoch [15/30], Loss: 0.3421
Epoch [20/30], Loss: 0.2355
Epoch [25/30], Loss: 0.2070
Epoch [30/30], Loss: 0.1830
Epoch [5/30], Loss: 1.7743
Epoch [10/30], Loss: 1.0644
Epoch [15/30], Loss: 0.4311
Epoch [20/30], Loss: 0.2987
Epoch [25/30], Loss: 0.2652
Epoch [30/30], Loss: 0.2374
Epoch [5/30], Loss: 1.7031
Epoch [10/30], Loss: 0.9301
Epoch [15/30], Loss: 0.3591
Epoch [20/30], Loss: 0.2472
Epoch [25/30], Loss: 0.2188
Epoch [30/30], Loss: 0.1942
Epoch [5/30], Loss: 1.7434
Epoch [10/30], Loss: 0.9737
Epoch [15/30], Loss: 0.3810
Epoch [20/30], Loss: 0.2589
Epoch [25/30], Loss: 0.2297
Epoch [30/30], Loss: 0.2059
Epoch [5/30], Loss: 1.6530
Epoch [10/30], Loss: 0.8909
Epoch [15/30], Loss: 0.3411
Epoch [20/30], Loss: 0.2296
Epoch [25/30], Loss: 0.2038
Epoch [30/30], Loss: 0.1802
Epoch [5/30], Loss: 1.6555
Epoch [10/30], Loss: 0.9113
Epoch [15/30], Loss: 0.3305
Epoch [20/30], Loss: 0.2338
Epoch [25/30], Loss: 0.2065
Epoch [30/30], Loss: 0.1826
Epoch [5/30], Loss: 1.7289
Epoch [10/30], Loss: 0.9470
Epoch [15/30], Loss: 0.3736
Epoch [20/30], Loss: 0.2570
Epoch [25/30], Loss: 0.2266
Epoch [30/30], Loss: 0.1998
Epoch [5/30], Loss: 1.7266
Epoch [10/30], Loss: 0.9639
Epoch [15/30], Loss: 0.3326
Epoch [20/30], Loss: 0.2322
Epoch [25/30], Loss: 0.2048
Epoch [30/30], Loss: 0.1812
Epoch [5/30], Loss: 1.7726
Epoch [10/30], Loss: 1.0717
Epoch [15/30], Loss: 0.4558
Epoch [20/30], Loss: 0.3242
Epoch [25/30], Loss: 0.2872
Epoch [30/30], Loss: 0.2546
Epoch [5/30], Loss: 1.7287
Epoch [10/30], Loss: 0.9844
Epoch [15/30], Loss: 0.3583
Epoch [20/30], Loss: 0.2368
Epoch [25/30], Loss: 0.2079
Epoch [30/30], Loss: 0.1833
[00:33:41]     perm 50/50
[00:33:41]   [done] v2_HateMM_A1 459.8s  CF: S=-0.1517 I12=0.0100 share=None accs=0.734/0.859/0.836
[00:33:41] === HateMM / A2: d'=256 PCA-whitened (dim replication) ===
Epoch [5/30], Loss: 0.2844
Epoch [10/30], Loss: 0.0360
Epoch [15/30], Loss: 0.0261
Epoch [20/30], Loss: 0.0223
Epoch [25/30], Loss: 0.0221
Epoch [30/30], Loss: 0.0217
Epoch [5/30], Loss: 0.3595
Epoch [10/30], Loss: 0.0397
Epoch [15/30], Loss: 0.0304
Epoch [20/30], Loss: 0.0269
Epoch [25/30], Loss: 0.0270
Epoch [30/30], Loss: 0.0261
Epoch [5/30], Loss: 0.3237
Epoch [10/30], Loss: 0.0361
Epoch [15/30], Loss: 0.0315
Epoch [20/30], Loss: 0.0243
Epoch [25/30], Loss: 0.0242
Epoch [30/30], Loss: 0.0238
Epoch [5/30], Loss: 0.3136
Epoch [10/30], Loss: 0.0329
Epoch [15/30], Loss: 0.0335
Epoch [20/30], Loss: 0.0233
Epoch [25/30], Loss: 0.0231
Epoch [30/30], Loss: 0.0229
Epoch [5/30], Loss: 0.2951
Epoch [10/30], Loss: 0.0388
Epoch [15/30], Loss: 0.0298
Epoch [20/30], Loss: 0.0231
Epoch [25/30], Loss: 0.0224
Epoch [30/30], Loss: 0.0221
Epoch [5/30], Loss: 0.3221
Epoch [10/30], Loss: 0.0177
Epoch [15/30], Loss: 0.0085
Epoch [20/30], Loss: 0.0071
Epoch [25/30], Loss: 0.0068
Epoch [30/30], Loss: 0.0067
[00:37:18]   [done] v2_HateMM_A2 215.3s  CF: S=0.5494 I12=-0.0036 share=None accs=0.692/0.808/0.776
[00:37:18] === HateMM / A3: d'=64 PCA common-scale (scale sensitivity) ===
Epoch [5/30], Loss: 0.7984
Epoch [10/30], Loss: 0.4936
Epoch [15/30], Loss: 0.3064
Epoch [20/30], Loss: 0.2443
Epoch [25/30], Loss: 0.2284
Epoch [30/30], Loss: 0.2131
Epoch [5/30], Loss: 0.8305
Epoch [10/30], Loss: 0.5030
Epoch [15/30], Loss: 0.2798
Epoch [20/30], Loss: 0.2332
Epoch [25/30], Loss: 0.2184
Epoch [30/30], Loss: 0.2042
Epoch [5/30], Loss: 0.7664
Epoch [10/30], Loss: 0.4568
Epoch [15/30], Loss: 0.2749
Epoch [20/30], Loss: 0.2228
Epoch [25/30], Loss: 0.2084
Epoch [30/30], Loss: 0.1947
Epoch [5/30], Loss: 0.8137
Epoch [10/30], Loss: 0.4855
Epoch [15/30], Loss: 0.2905
Epoch [20/30], Loss: 0.2388
Epoch [25/30], Loss: 0.2240
Epoch [30/30], Loss: 0.2103
Epoch [5/30], Loss: 0.8330
Epoch [10/30], Loss: 0.4709
Epoch [15/30], Loss: 0.2671
Epoch [20/30], Loss: 0.2163
Epoch [25/30], Loss: 0.2005
Epoch [30/30], Loss: 0.1865
Epoch [5/30], Loss: 0.7654
Epoch [10/30], Loss: 0.4398
Epoch [15/30], Loss: 0.2542
Epoch [20/30], Loss: 0.2053
Epoch [25/30], Loss: 0.1916
Epoch [30/30], Loss: 0.1796
[00:37:46]   [done] v2_HateMM_A3 25.3s  CF: S=-0.1786 I12=0.0817 share=-2.1863423617579696 accs=0.754/0.871/0.859
[00:37:46] === HateMM / A5: d'=64 PCA-whitened AS-SHIPPED (no zero_grad) ===
Epoch [5/30], Loss: 0.7573
Epoch [10/30], Loss: 0.3130
Epoch [15/30], Loss: 0.1294
Epoch [20/30], Loss: 0.0871
Epoch [25/30], Loss: 0.0791
Epoch [30/30], Loss: 0.0721
Epoch [5/30], Loss: 2565.6070
Epoch [10/30], Loss: 1589.4449
Epoch [15/30], Loss: 1181.1616
Epoch [20/30], Loss: 829.2881
Epoch [25/30], Loss: 770.9708
Epoch [30/30], Loss: 734.3927
Epoch [5/30], Loss: 0.8615
Epoch [10/30], Loss: 0.3257
Epoch [15/30], Loss: 0.1305
Epoch [20/30], Loss: 0.0994
Epoch [25/30], Loss: 0.0910
Epoch [30/30], Loss: 0.0825
Epoch [5/30], Loss: 3008.8061
Epoch [10/30], Loss: 1886.6610
Epoch [15/30], Loss: 1404.4986
Epoch [20/30], Loss: 1066.2379
Epoch [25/30], Loss: 1002.5664
Epoch [30/30], Loss: 962.0068
Epoch [5/30], Loss: 0.7772
Epoch [10/30], Loss: 0.2923
Epoch [15/30], Loss: 0.1147
Epoch [20/30], Loss: 0.0820
Epoch [25/30], Loss: 0.0758
Epoch [30/30], Loss: 0.0695
Epoch [5/30], Loss: 2996.4170
Epoch [10/30], Loss: 1913.2984
Epoch [15/30], Loss: 1442.7047
Epoch [20/30], Loss: 1091.9340
Epoch [25/30], Loss: 1022.9530
Epoch [30/30], Loss: 978.2492
Epoch [5/30], Loss: 0.8288
Epoch [10/30], Loss: 0.2850
Epoch [15/30], Loss: 0.1125
Epoch [20/30], Loss: 0.0773
Epoch [25/30], Loss: 0.0710
Epoch [30/30], Loss: 0.0656
Epoch [5/30], Loss: 3103.8333
Epoch [10/30], Loss: 1910.1186
Epoch [15/30], Loss: 1459.3065
Epoch [20/30], Loss: 1158.1575
Epoch [25/30], Loss: 1093.7606
Epoch [30/30], Loss: 1048.6889
Epoch [5/30], Loss: 0.8116
Epoch [10/30], Loss: 0.2836
Epoch [15/30], Loss: 0.1002
Epoch [20/30], Loss: 0.0716
Epoch [25/30], Loss: 0.0646
Epoch [30/30], Loss: 0.0590
Epoch [5/30], Loss: 2945.8716
Epoch [10/30], Loss: 1817.4858
Epoch [15/30], Loss: 1351.8264
Epoch [20/30], Loss: 1022.7738
Epoch [25/30], Loss: 957.9033
Epoch [30/30], Loss: 915.5864
Epoch [5/30], Loss: 0.7955
Epoch [10/30], Loss: 0.2828
Epoch [15/30], Loss: 0.0979
Epoch [20/30], Loss: 0.0703
Epoch [25/30], Loss: 0.0624
Epoch [30/30], Loss: 0.0556
Epoch [5/30], Loss: 2759.4136
Epoch [10/30], Loss: 1792.6758
Epoch [15/30], Loss: 1327.3503
Epoch [20/30], Loss: 964.5468
Epoch [25/30], Loss: 903.7220
Epoch [30/30], Loss: 868.0994
[00:38:10]   [done] v2_HateMM_A5 21.5s  CF: S=0.1152 I12=0.0100 share=None accs=0.734/0.859/0.836
[00:38:10] === HateMM / C1 duplicate-stream control (ground truth S=0) ===
Epoch [5/30], Loss: 1.0997
Epoch [10/30], Loss: 0.5529
Epoch [15/30], Loss: 0.2019
Epoch [20/30], Loss: 0.1307
Epoch [25/30], Loss: 0.1170
Epoch [30/30], Loss: 0.1055
Epoch [5/30], Loss: 1.1105
Epoch [10/30], Loss: 0.5672
Epoch [15/30], Loss: 0.2176
Epoch [20/30], Loss: 0.1573
Epoch [25/30], Loss: 0.1438
Epoch [30/30], Loss: 0.1290
Epoch [5/30], Loss: 1.0713
Epoch [10/30], Loss: 0.5425
Epoch [15/30], Loss: 0.2142
Epoch [20/30], Loss: 0.1422
Epoch [25/30], Loss: 0.1290
Epoch [30/30], Loss: 0.1177
Epoch [5/30], Loss: 1.0993
Epoch [10/30], Loss: 0.5104
Epoch [15/30], Loss: 0.1723
Epoch [20/30], Loss: 0.1209
Epoch [25/30], Loss: 0.1107
Epoch [30/30], Loss: 0.1030
Epoch [5/30], Loss: 1.1397
Epoch [10/30], Loss: 0.5179
Epoch [15/30], Loss: 0.1555
Epoch [20/30], Loss: 0.1136
Epoch [25/30], Loss: 0.1032
Epoch [30/30], Loss: 0.0951
Epoch [5/30], Loss: 1.0778
Epoch [10/30], Loss: 0.4892
Epoch [15/30], Loss: 0.1439
Epoch [20/30], Loss: 0.0978
Epoch [25/30], Loss: 0.0863
Epoch [30/30], Loss: 0.0773
[00:38:34]   [done] v2_HateMM_C1dup 20.7s  CF: S=0.1516 I12=-0.4187 share=None accs=0.734/0.716/0.732
[00:38:34] === HateMM / C2 within-stream split-half control ===
Epoch [5/30], Loss: 1.0989
Epoch [10/30], Loss: 0.5257
Epoch [15/30], Loss: 0.1974
Epoch [20/30], Loss: 0.1291
Epoch [25/30], Loss: 0.1158
Epoch [30/30], Loss: 0.1046
Epoch [5/30], Loss: 1.0995
Epoch [10/30], Loss: 0.5476
Epoch [15/30], Loss: 0.2109
Epoch [20/30], Loss: 0.1545
Epoch [25/30], Loss: 0.1418
Epoch [30/30], Loss: 0.1277
Epoch [5/30], Loss: 1.0639
Epoch [10/30], Loss: 0.4640
Epoch [15/30], Loss: 0.1687
Epoch [20/30], Loss: 0.1125
Epoch [25/30], Loss: 0.1036
Epoch [30/30], Loss: 0.0959
Epoch [5/30], Loss: 1.1266
Epoch [10/30], Loss: 0.4969
Epoch [15/30], Loss: 0.1778
Epoch [20/30], Loss: 0.1263
Epoch [25/30], Loss: 0.1153
Epoch [30/30], Loss: 0.1061
Epoch [5/30], Loss: 1.1167
Epoch [10/30], Loss: 0.4680
Epoch [15/30], Loss: 0.1505
Epoch [20/30], Loss: 0.1103
Epoch [25/30], Loss: 0.1008
Epoch [30/30], Loss: 0.0932
Epoch [5/30], Loss: 1.0653
Epoch [10/30], Loss: 0.4878
Epoch [15/30], Loss: 0.1457
Epoch [20/30], Loss: 0.0986
Epoch [25/30], Loss: 0.0863
Epoch [30/30], Loss: 0.0768
[00:38:55]   [done] v2_HateMM_C2half 20.7s  CF: S=0.0898 I12=-0.4238 share=None accs=0.728/0.746/0.718
[00:38:55] === MHC_en / A1: d'=64 PCA-whitened (PRIMARY) ===
Epoch [5/30], Loss: 1.2259
Epoch [10/30], Loss: 0.5148
Epoch [15/30], Loss: 0.1704
Epoch [20/30], Loss: 0.1149
Epoch [25/30], Loss: 0.0988
Epoch [30/30], Loss: 0.0844
R: 0.6431, U1: -0.0000, U2: 0.0210, S: 0.0259
Epoch [5/30], Loss: 1.3101
Epoch [10/30], Loss: 0.4977
Epoch [15/30], Loss: 0.1400
Epoch [20/30], Loss: 0.1001
Epoch [25/30], Loss: 0.0867
Epoch [30/30], Loss: 0.0751
Epoch [5/30], Loss: 1.2675
Epoch [10/30], Loss: 0.4518
Epoch [15/30], Loss: 0.1062
Epoch [20/30], Loss: 0.0745
Epoch [25/30], Loss: 0.0643
Epoch [30/30], Loss: 0.0554
Epoch [5/30], Loss: 1.3145
Epoch [10/30], Loss: 0.4809
Epoch [15/30], Loss: 0.1287
Epoch [20/30], Loss: 0.0882
Epoch [25/30], Loss: 0.0761
Epoch [30/30], Loss: 0.0657
Epoch [5/30], Loss: 1.3031
Epoch [10/30], Loss: 0.4825
Epoch [15/30], Loss: 0.1574
Epoch [20/30], Loss: 0.1099
Epoch [25/30], Loss: 0.0951
Epoch [30/30], Loss: 0.0824
Epoch [5/30], Loss: 1.2784
Epoch [10/30], Loss: 0.4980
Epoch [15/30], Loss: 0.1581
Epoch [20/30], Loss: 0.1106
Epoch [25/30], Loss: 0.0961
Epoch [30/30], Loss: 0.0835
Epoch [5/30], Loss: 1.5635
Epoch [10/30], Loss: 0.8802
Epoch [15/30], Loss: 0.2931
Epoch [20/30], Loss: 0.2051
Epoch [25/30], Loss: 0.1768
Epoch [30/30], Loss: 0.1523
Epoch [5/30], Loss: 1.6062
Epoch [10/30], Loss: 1.0237
Epoch [15/30], Loss: 0.3675
Epoch [20/30], Loss: 0.2609
Epoch [25/30], Loss: 0.2262
Epoch [30/30], Loss: 0.1964
Epoch [5/30], Loss: 1.5779
Epoch [10/30], Loss: 0.9629
Epoch [15/30], Loss: 0.3514
Epoch [20/30], Loss: 0.2505
Epoch [25/30], Loss: 0.2178
Epoch [30/30], Loss: 0.1887
Epoch [5/30], Loss: 1.5881
Epoch [10/30], Loss: 0.9418
Epoch [15/30], Loss: 0.3157
Epoch [20/30], Loss: 0.2198
Epoch [25/30], Loss: 0.1897
Epoch [30/30], Loss: 0.1635
Epoch [5/30], Loss: 1.5992
Epoch [10/30], Loss: 0.8847
Epoch [15/30], Loss: 0.2882
Epoch [20/30], Loss: 0.1995
Epoch [25/30], Loss: 0.1721
Epoch [30/30], Loss: 0.1484
Epoch [5/30], Loss: 1.6004
Epoch [10/30], Loss: 0.9866
Epoch [15/30], Loss: 0.3540
Epoch [20/30], Loss: 0.2459
Epoch [25/30], Loss: 0.2120
Epoch [30/30], Loss: 0.1830
Epoch [5/30], Loss: 1.5967
Epoch [10/30], Loss: 0.9559
Epoch [15/30], Loss: 0.4032
Epoch [20/30], Loss: 0.2933
Epoch [25/30], Loss: 0.2564
Epoch [30/30], Loss: 0.2238
Epoch [5/30], Loss: 1.5976
Epoch [10/30], Loss: 0.9067
Epoch [15/30], Loss: 0.3125
Epoch [20/30], Loss: 0.2171
Epoch [25/30], Loss: 0.1879
Epoch [30/30], Loss: 0.1627
Epoch [5/30], Loss: 1.5094
Epoch [10/30], Loss: 0.8648
Epoch [15/30], Loss: 0.2969
Epoch [20/30], Loss: 0.2083
Epoch [25/30], Loss: 0.1799
Epoch [30/30], Loss: 0.1546
Epoch [5/30], Loss: 1.5941
Epoch [10/30], Loss: 0.9947
Epoch [15/30], Loss: 0.4088
Epoch [20/30], Loss: 0.3027
Epoch [25/30], Loss: 0.2656
Epoch [30/30], Loss: 0.2322
Epoch [5/30], Loss: 1.5482
Epoch [10/30], Loss: 0.8551
Epoch [15/30], Loss: 0.3332
Epoch [20/30], Loss: 0.2373
Epoch [25/30], Loss: 0.2059
Epoch [30/30], Loss: 0.1786
Epoch [5/30], Loss: 1.6023
Epoch [10/30], Loss: 1.0009
Epoch [15/30], Loss: 0.4304
Epoch [20/30], Loss: 0.3076
Epoch [25/30], Loss: 0.2699
Epoch [30/30], Loss: 0.2366
Epoch [5/30], Loss: 1.5846
Epoch [10/30], Loss: 0.9930
Epoch [15/30], Loss: 0.3738
Epoch [20/30], Loss: 0.2663
Epoch [25/30], Loss: 0.2312
Epoch [30/30], Loss: 0.2007
Epoch [5/30], Loss: 1.6038
Epoch [10/30], Loss: 0.9616
Epoch [15/30], Loss: 0.3832
Epoch [20/30], Loss: 0.2739
Epoch [25/30], Loss: 0.2388
Epoch [30/30], Loss: 0.2082
Epoch [5/30], Loss: 1.6218
Epoch [10/30], Loss: 1.0177
Epoch [15/30], Loss: 0.4620
Epoch [20/30], Loss: 0.3408
Epoch [25/30], Loss: 0.3002
Epoch [30/30], Loss: 0.2639
Epoch [5/30], Loss: 1.5552
Epoch [10/30], Loss: 0.9129
Epoch [15/30], Loss: 0.3547
Epoch [20/30], Loss: 0.2486
Epoch [25/30], Loss: 0.2153
Epoch [30/30], Loss: 0.1866
Epoch [5/30], Loss: 1.6085
Epoch [10/30], Loss: 1.0191
Epoch [15/30], Loss: 0.3848
Epoch [20/30], Loss: 0.2719
Epoch [25/30], Loss: 0.2349
Epoch [30/30], Loss: 0.2026
Epoch [5/30], Loss: 1.6226
Epoch [10/30], Loss: 0.9900
Epoch [15/30], Loss: 0.3881
Epoch [20/30], Loss: 0.2690
Epoch [25/30], Loss: 0.2338
Epoch [30/30], Loss: 0.2026
Epoch [5/30], Loss: 1.5556
Epoch [10/30], Loss: 0.9160
Epoch [15/30], Loss: 0.3834
Epoch [20/30], Loss: 0.2806
Epoch [25/30], Loss: 0.2463
Epoch [30/30], Loss: 0.2156
Epoch [5/30], Loss: 1.5864
Epoch [10/30], Loss: 0.9378
Epoch [15/30], Loss: 0.3807
Epoch [20/30], Loss: 0.2699
Epoch [25/30], Loss: 0.2350
Epoch [30/30], Loss: 0.2040
Epoch [5/30], Loss: 1.5447
Epoch [10/30], Loss: 0.8999
Epoch [15/30], Loss: 0.3159
Epoch [20/30], Loss: 0.2249
Epoch [25/30], Loss: 0.1954
Epoch [30/30], Loss: 0.1699
Epoch [5/30], Loss: 1.5662
Epoch [10/30], Loss: 0.8492
Epoch [15/30], Loss: 0.3077
Epoch [20/30], Loss: 0.2113
Epoch [25/30], Loss: 0.1823
Epoch [30/30], Loss: 0.1573
Epoch [5/30], Loss: 1.5154
Epoch [10/30], Loss: 0.8195
Epoch [15/30], Loss: 0.2664
Epoch [20/30], Loss: 0.1766
Epoch [25/30], Loss: 0.1507
Epoch [30/30], Loss: 0.1288
Epoch [5/30], Loss: 1.5682
Epoch [10/30], Loss: 0.9032
Epoch [15/30], Loss: 0.3579
Epoch [20/30], Loss: 0.2492
Epoch [25/30], Loss: 0.2159
Epoch [30/30], Loss: 0.1880
Epoch [5/30], Loss: 1.5812
Epoch [10/30], Loss: 0.9493
Epoch [15/30], Loss: 0.3821
Epoch [20/30], Loss: 0.2697
Epoch [25/30], Loss: 0.2342
Epoch [30/30], Loss: 0.2028
Epoch [5/30], Loss: 1.6178
Epoch [10/30], Loss: 1.0211
Epoch [15/30], Loss: 0.4049
Epoch [20/30], Loss: 0.2985
Epoch [25/30], Loss: 0.2613
Epoch [30/30], Loss: 0.2282
Epoch [5/30], Loss: 1.5654
Epoch [10/30], Loss: 0.9063
Epoch [15/30], Loss: 0.3318
Epoch [20/30], Loss: 0.2334
Epoch [25/30], Loss: 0.2027
Epoch [30/30], Loss: 0.1757
Epoch [5/30], Loss: 1.5307
Epoch [10/30], Loss: 0.8954
Epoch [15/30], Loss: 0.3677
Epoch [20/30], Loss: 0.2603
Epoch [25/30], Loss: 0.2276
Epoch [30/30], Loss: 0.1992
Epoch [5/30], Loss: 1.5978
Epoch [10/30], Loss: 0.9686
Epoch [15/30], Loss: 0.4074
Epoch [20/30], Loss: 0.3018
Epoch [25/30], Loss: 0.2673
Epoch [30/30], Loss: 0.2364
Epoch [5/30], Loss: 1.5580
Epoch [10/30], Loss: 0.9828
Epoch [15/30], Loss: 0.3917
Epoch [20/30], Loss: 0.2812
Epoch [25/30], Loss: 0.2452
Epoch [30/30], Loss: 0.2153
Epoch [5/30], Loss: 1.5457
Epoch [10/30], Loss: 0.9069
Epoch [15/30], Loss: 0.3247
Epoch [20/30], Loss: 0.2260
Epoch [25/30], Loss: 0.1946
Epoch [30/30], Loss: 0.1671
Epoch [5/30], Loss: 1.6390
Epoch [10/30], Loss: 1.0538
Epoch [15/30], Loss: 0.4715
Epoch [20/30], Loss: 0.3427
Epoch [25/30], Loss: 0.3040
Epoch [30/30], Loss: 0.2703
Epoch [5/30], Loss: 1.6115
Epoch [10/30], Loss: 0.9275
Epoch [15/30], Loss: 0.3449
Epoch [20/30], Loss: 0.2438
Epoch [25/30], Loss: 0.2132
Epoch [30/30], Loss: 0.1874
Epoch [5/30], Loss: 1.5977
Epoch [10/30], Loss: 0.9023
Epoch [15/30], Loss: 0.3774
Epoch [20/30], Loss: 0.2748
Epoch [25/30], Loss: 0.2423
Epoch [30/30], Loss: 0.2133
Epoch [5/30], Loss: 1.5892
Epoch [10/30], Loss: 0.9844
Epoch [15/30], Loss: 0.4047
Epoch [20/30], Loss: 0.2976
Epoch [25/30], Loss: 0.2608
Epoch [30/30], Loss: 0.2282
Epoch [5/30], Loss: 1.6116
Epoch [10/30], Loss: 1.0527
Epoch [15/30], Loss: 0.4607
Epoch [20/30], Loss: 0.3328
Epoch [25/30], Loss: 0.2939
Epoch [30/30], Loss: 0.2609
Epoch [5/30], Loss: 1.6476
Epoch [10/30], Loss: 1.0178
Epoch [15/30], Loss: 0.3708
Epoch [20/30], Loss: 0.2643
Epoch [25/30], Loss: 0.2303
Epoch [30/30], Loss: 0.2006
Epoch [5/30], Loss: 1.5859
Epoch [10/30], Loss: 0.9536
Epoch [15/30], Loss: 0.3902
Epoch [20/30], Loss: 0.2845
Epoch [25/30], Loss: 0.2493
Epoch [30/30], Loss: 0.2182
Epoch [5/30], Loss: 1.5954
Epoch [10/30], Loss: 0.9385
Epoch [15/30], Loss: 0.3827
Epoch [20/30], Loss: 0.2702
Epoch [25/30], Loss: 0.2338
Epoch [30/30], Loss: 0.2020
Epoch [5/30], Loss: 1.6130
Epoch [10/30], Loss: 0.9766
Epoch [15/30], Loss: 0.3737
Epoch [20/30], Loss: 0.2680
Epoch [25/30], Loss: 0.2332
Epoch [30/30], Loss: 0.2030
Epoch [5/30], Loss: 1.6180
Epoch [10/30], Loss: 0.9891
Epoch [15/30], Loss: 0.3913
Epoch [20/30], Loss: 0.2841
Epoch [25/30], Loss: 0.2494
Epoch [30/30], Loss: 0.2191
Epoch [5/30], Loss: 1.6185
Epoch [10/30], Loss: 1.0247
Epoch [15/30], Loss: 0.4535
Epoch [20/30], Loss: 0.3372
Epoch [25/30], Loss: 0.2990
Epoch [30/30], Loss: 0.2658
Epoch [5/30], Loss: 1.6015
Epoch [10/30], Loss: 0.9417
Epoch [15/30], Loss: 0.3627
Epoch [20/30], Loss: 0.2624
Epoch [25/30], Loss: 0.2298
Epoch [30/30], Loss: 0.2014
Epoch [5/30], Loss: 1.5831
Epoch [10/30], Loss: 0.9252
Epoch [15/30], Loss: 0.3457
Epoch [20/30], Loss: 0.2422
Epoch [25/30], Loss: 0.2092
Epoch [30/30], Loss: 0.1806
Epoch [5/30], Loss: 1.5630
Epoch [10/30], Loss: 0.8956
Epoch [15/30], Loss: 0.3430
Epoch [20/30], Loss: 0.2391
Epoch [25/30], Loss: 0.2064
Epoch [30/30], Loss: 0.1774
Epoch [5/30], Loss: 1.5912
Epoch [10/30], Loss: 0.8712
Epoch [15/30], Loss: 0.2850
Epoch [20/30], Loss: 0.1969
Epoch [25/30], Loss: 0.1691
Epoch [30/30], Loss: 0.1448
Epoch [5/30], Loss: 1.5421
Epoch [10/30], Loss: 0.8827
Epoch [15/30], Loss: 0.3543
Epoch [20/30], Loss: 0.2582
Epoch [25/30], Loss: 0.2262
Epoch [30/30], Loss: 0.1976
Epoch [5/30], Loss: 1.5868
Epoch [10/30], Loss: 0.9726
Epoch [15/30], Loss: 0.4142
Epoch [20/30], Loss: 0.2958
Epoch [25/30], Loss: 0.2574
Epoch [30/30], Loss: 0.2244
Epoch [5/30], Loss: 1.5297
Epoch [10/30], Loss: 0.8866
Epoch [15/30], Loss: 0.3645
Epoch [20/30], Loss: 0.2568
Epoch [25/30], Loss: 0.2239
Epoch [30/30], Loss: 0.1949
Epoch [5/30], Loss: 1.5552
Epoch [10/30], Loss: 0.8742
Epoch [15/30], Loss: 0.3150
Epoch [20/30], Loss: 0.2230
Epoch [25/30], Loss: 0.1932
Epoch [30/30], Loss: 0.1671
Epoch [5/30], Loss: 1.5492
Epoch [10/30], Loss: 0.8897
Epoch [15/30], Loss: 0.3617
Epoch [20/30], Loss: 0.2576
Epoch [25/30], Loss: 0.2240
Epoch [30/30], Loss: 0.1940
Epoch [5/30], Loss: 1.5654
Epoch [10/30], Loss: 0.8869
Epoch [15/30], Loss: 0.3671
Epoch [20/30], Loss: 0.2712
Epoch [25/30], Loss: 0.2394
Epoch [30/30], Loss: 0.2109
Epoch [5/30], Loss: 1.5532
Epoch [10/30], Loss: 0.8983
Epoch [15/30], Loss: 0.3571
Epoch [20/30], Loss: 0.2586
Epoch [25/30], Loss: 0.2270
Epoch [30/30], Loss: 0.1990
Epoch [5/30], Loss: 1.5834
Epoch [10/30], Loss: 0.9279
Epoch [15/30], Loss: 0.3561
Epoch [20/30], Loss: 0.2454
Epoch [25/30], Loss: 0.2132
Epoch [30/30], Loss: 0.1849
Epoch [5/30], Loss: 1.5630
Epoch [10/30], Loss: 0.9079
Epoch [15/30], Loss: 0.3782
Epoch [20/30], Loss: 0.2787
Epoch [25/30], Loss: 0.2458
Epoch [30/30], Loss: 0.2167
Epoch [5/30], Loss: 1.5264
Epoch [10/30], Loss: 0.8384
Epoch [15/30], Loss: 0.3141
Epoch [20/30], Loss: 0.2278
Epoch [25/30], Loss: 0.1999
Epoch [30/30], Loss: 0.1756
Epoch [5/30], Loss: 1.5619
Epoch [10/30], Loss: 0.8937
Epoch [15/30], Loss: 0.3420
Epoch [20/30], Loss: 0.2437
Epoch [25/30], Loss: 0.2130
Epoch [30/30], Loss: 0.1857
Epoch [5/30], Loss: 1.6009
Epoch [10/30], Loss: 0.8749
Epoch [15/30], Loss: 0.3214
Epoch [20/30], Loss: 0.2274
Epoch [25/30], Loss: 0.1967
Epoch [30/30], Loss: 0.1702
Epoch [5/30], Loss: 1.4986
Epoch [10/30], Loss: 0.8112
Epoch [15/30], Loss: 0.2848
Epoch [20/30], Loss: 0.1968
Epoch [25/30], Loss: 0.1695
Epoch [30/30], Loss: 0.1459
Epoch [5/30], Loss: 1.5778
Epoch [10/30], Loss: 0.9574
Epoch [15/30], Loss: 0.3703
Epoch [20/30], Loss: 0.2554
Epoch [25/30], Loss: 0.2218
Epoch [30/30], Loss: 0.1923
[00:40:24]     perm 10/50
Epoch [5/30], Loss: 1.5764
Epoch [10/30], Loss: 0.9804
Epoch [15/30], Loss: 0.4160
Epoch [20/30], Loss: 0.3082
Epoch [25/30], Loss: 0.2727
Epoch [30/30], Loss: 0.2412
Epoch [5/30], Loss: 1.5762
Epoch [10/30], Loss: 0.9760
Epoch [15/30], Loss: 0.3660
Epoch [20/30], Loss: 0.2587
Epoch [25/30], Loss: 0.2250
Epoch [30/30], Loss: 0.1954
Epoch [5/30], Loss: 1.6295
Epoch [10/30], Loss: 0.9209
Epoch [15/30], Loss: 0.3292
Epoch [20/30], Loss: 0.2346
Epoch [25/30], Loss: 0.2041
Epoch [30/30], Loss: 0.1773
Epoch [5/30], Loss: 1.6384
Epoch [10/30], Loss: 0.9194
Epoch [15/30], Loss: 0.3384
Epoch [20/30], Loss: 0.2363
Epoch [25/30], Loss: 0.2050
Epoch [30/30], Loss: 0.1782
Epoch [5/30], Loss: 1.5631
Epoch [10/30], Loss: 0.8867
Epoch [15/30], Loss: 0.3301
Epoch [20/30], Loss: 0.2401
Epoch [25/30], Loss: 0.2094
Epoch [30/30], Loss: 0.1828
Epoch [5/30], Loss: 1.6027
Epoch [10/30], Loss: 0.9592
Epoch [15/30], Loss: 0.3727
Epoch [20/30], Loss: 0.2581
Epoch [25/30], Loss: 0.2255
Epoch [30/30], Loss: 0.1969
Epoch [5/30], Loss: 1.6248
Epoch [10/30], Loss: 0.9563
Epoch [15/30], Loss: 0.3640
Epoch [20/30], Loss: 0.2648
Epoch [25/30], Loss: 0.2313
Epoch [30/30], Loss: 0.2021
Epoch [5/30], Loss: 1.6001
Epoch [10/30], Loss: 1.0141
Epoch [15/30], Loss: 0.4019
Epoch [20/30], Loss: 0.2892
Epoch [25/30], Loss: 0.2517
Epoch [30/30], Loss: 0.2186
Epoch [5/30], Loss: 1.5616
Epoch [10/30], Loss: 0.8950
Epoch [15/30], Loss: 0.3544
Epoch [20/30], Loss: 0.2597
Epoch [25/30], Loss: 0.2280
Epoch [30/30], Loss: 0.2002
Epoch [5/30], Loss: 1.5399
Epoch [10/30], Loss: 0.8648
Epoch [15/30], Loss: 0.3613
Epoch [20/30], Loss: 0.2652
Epoch [25/30], Loss: 0.2327
Epoch [30/30], Loss: 0.2037
Epoch [5/30], Loss: 1.6108
Epoch [10/30], Loss: 0.9087
Epoch [15/30], Loss: 0.3709
Epoch [20/30], Loss: 0.2680
Epoch [25/30], Loss: 0.2352
Epoch [30/30], Loss: 0.2058
Epoch [5/30], Loss: 1.5854
Epoch [10/30], Loss: 0.9864
Epoch [15/30], Loss: 0.4741
Epoch [20/30], Loss: 0.3504
Epoch [25/30], Loss: 0.3119
Epoch [30/30], Loss: 0.2775
Epoch [5/30], Loss: 1.5791
Epoch [10/30], Loss: 0.9081
Epoch [15/30], Loss: 0.3540
Epoch [20/30], Loss: 0.2540
Epoch [25/30], Loss: 0.2220
Epoch [30/30], Loss: 0.1938
Epoch [5/30], Loss: 1.5369
Epoch [10/30], Loss: 0.8479
Epoch [15/30], Loss: 0.3066
Epoch [20/30], Loss: 0.2178
Epoch [25/30], Loss: 0.1889
Epoch [30/30], Loss: 0.1632
Epoch [5/30], Loss: 1.5863
Epoch [10/30], Loss: 0.9363
Epoch [15/30], Loss: 0.3444
Epoch [20/30], Loss: 0.2450
Epoch [25/30], Loss: 0.2138
Epoch [30/30], Loss: 0.1863
Epoch [5/30], Loss: 1.5720
Epoch [10/30], Loss: 0.9624
Epoch [15/30], Loss: 0.4150
Epoch [20/30], Loss: 0.3074
Epoch [25/30], Loss: 0.2720
Epoch [30/30], Loss: 0.2403
Epoch [5/30], Loss: 1.5574
Epoch [10/30], Loss: 0.9107
Epoch [15/30], Loss: 0.3257
Epoch [20/30], Loss: 0.2285
Epoch [25/30], Loss: 0.1973
Epoch [30/30], Loss: 0.1703
Epoch [5/30], Loss: 1.5819
Epoch [10/30], Loss: 0.9550
Epoch [15/30], Loss: 0.4221
Epoch [20/30], Loss: 0.3060
Epoch [25/30], Loss: 0.2704
Epoch [30/30], Loss: 0.2387
Epoch [5/30], Loss: 1.5606
Epoch [10/30], Loss: 0.9441
Epoch [15/30], Loss: 0.3941
Epoch [20/30], Loss: 0.2925
Epoch [25/30], Loss: 0.2587
Epoch [30/30], Loss: 0.2282
Epoch [5/30], Loss: 1.5815
Epoch [10/30], Loss: 0.8673
Epoch [15/30], Loss: 0.2940
Epoch [20/30], Loss: 0.2071
Epoch [25/30], Loss: 0.1793
Epoch [30/30], Loss: 0.1555
Epoch [5/30], Loss: 1.5851
Epoch [10/30], Loss: 0.9441
Epoch [15/30], Loss: 0.3487
Epoch [20/30], Loss: 0.2493
Epoch [25/30], Loss: 0.2162
Epoch [30/30], Loss: 0.1872
Epoch [5/30], Loss: 1.5792
Epoch [10/30], Loss: 0.9195
Epoch [15/30], Loss: 0.3118
Epoch [20/30], Loss: 0.2189
Epoch [25/30], Loss: 0.1897
Epoch [30/30], Loss: 0.1643
Epoch [5/30], Loss: 1.5918
Epoch [10/30], Loss: 0.9688
Epoch [15/30], Loss: 0.3860
Epoch [20/30], Loss: 0.2825
Epoch [25/30], Loss: 0.2487
Epoch [30/30], Loss: 0.2187
Epoch [5/30], Loss: 1.5900
Epoch [10/30], Loss: 0.9805
Epoch [15/30], Loss: 0.4024
Epoch [20/30], Loss: 0.2892
Epoch [25/30], Loss: 0.2521
Epoch [30/30], Loss: 0.2205
Epoch [5/30], Loss: 1.5753
Epoch [10/30], Loss: 0.9805
Epoch [15/30], Loss: 0.3588
Epoch [20/30], Loss: 0.2517
Epoch [25/30], Loss: 0.2177
Epoch [30/30], Loss: 0.1884
Epoch [5/30], Loss: 1.5525
Epoch [10/30], Loss: 0.9108
Epoch [15/30], Loss: 0.3617
Epoch [20/30], Loss: 0.2644
Epoch [25/30], Loss: 0.2316
Epoch [30/30], Loss: 0.2021
Epoch [5/30], Loss: 1.6215
Epoch [10/30], Loss: 0.9482
Epoch [15/30], Loss: 0.3320
Epoch [20/30], Loss: 0.2313
Epoch [25/30], Loss: 0.1996
Epoch [30/30], Loss: 0.1718
Epoch [5/30], Loss: 1.6089
Epoch [10/30], Loss: 0.9599
Epoch [15/30], Loss: 0.3793
Epoch [20/30], Loss: 0.2808
Epoch [25/30], Loss: 0.2487
Epoch [30/30], Loss: 0.2198
Epoch [5/30], Loss: 1.5638
Epoch [10/30], Loss: 0.8758
Epoch [15/30], Loss: 0.3205
Epoch [20/30], Loss: 0.2288
Epoch [25/30], Loss: 0.1984
Epoch [30/30], Loss: 0.1716
Epoch [5/30], Loss: 1.6067
Epoch [10/30], Loss: 1.0404
Epoch [15/30], Loss: 0.4405
Epoch [20/30], Loss: 0.3112
Epoch [25/30], Loss: 0.2710
Epoch [30/30], Loss: 0.2354
Epoch [5/30], Loss: 1.5296
Epoch [10/30], Loss: 0.8172
Epoch [15/30], Loss: 0.2782
Epoch [20/30], Loss: 0.1876
Epoch [25/30], Loss: 0.1605
Epoch [30/30], Loss: 0.1368
Epoch [5/30], Loss: 1.5748
Epoch [10/30], Loss: 0.8817
Epoch [15/30], Loss: 0.2872
Epoch [20/30], Loss: 0.1933
Epoch [25/30], Loss: 0.1668
Epoch [30/30], Loss: 0.1437
Epoch [5/30], Loss: 1.5836
Epoch [10/30], Loss: 0.8302
Epoch [15/30], Loss: 0.2656
Epoch [20/30], Loss: 0.1766
Epoch [25/30], Loss: 0.1527
Epoch [30/30], Loss: 0.1321
Epoch [5/30], Loss: 1.5496
Epoch [10/30], Loss: 0.8803
Epoch [15/30], Loss: 0.3597
Epoch [20/30], Loss: 0.2615
Epoch [25/30], Loss: 0.2296
Epoch [30/30], Loss: 0.2015
Epoch [5/30], Loss: 1.5543
Epoch [10/30], Loss: 0.8812
Epoch [15/30], Loss: 0.2804
Epoch [20/30], Loss: 0.1913
Epoch [25/30], Loss: 0.1638
Epoch [30/30], Loss: 0.1404
Epoch [5/30], Loss: 1.5388
Epoch [10/30], Loss: 0.9011
Epoch [15/30], Loss: 0.3726
Epoch [20/30], Loss: 0.2656
Epoch [25/30], Loss: 0.2321
Epoch [30/30], Loss: 0.2025
Epoch [5/30], Loss: 1.5535
Epoch [10/30], Loss: 0.8575
Epoch [15/30], Loss: 0.3257
Epoch [20/30], Loss: 0.2278
Epoch [25/30], Loss: 0.1977
Epoch [30/30], Loss: 0.1711
Epoch [5/30], Loss: 1.6010
Epoch [10/30], Loss: 0.9916
Epoch [15/30], Loss: 0.3887
Epoch [20/30], Loss: 0.2796
Epoch [25/30], Loss: 0.2442
Epoch [30/30], Loss: 0.2137
Epoch [5/30], Loss: 1.6037
Epoch [10/30], Loss: 0.9580
Epoch [15/30], Loss: 0.3356
Epoch [20/30], Loss: 0.2345
Epoch [25/30], Loss: 0.2036
Epoch [30/30], Loss: 0.1761
Epoch [5/30], Loss: 1.5307
Epoch [10/30], Loss: 0.8476
Epoch [15/30], Loss: 0.2861
Epoch [20/30], Loss: 0.1975
Epoch [25/30], Loss: 0.1702
Epoch [30/30], Loss: 0.1465
Epoch [5/30], Loss: 1.5587
Epoch [10/30], Loss: 0.8989
Epoch [15/30], Loss: 0.3390
Epoch [20/30], Loss: 0.2412
Epoch [25/30], Loss: 0.2099
Epoch [30/30], Loss: 0.1822
Epoch [5/30], Loss: 1.5546
Epoch [10/30], Loss: 0.9046
Epoch [15/30], Loss: 0.3605
Epoch [20/30], Loss: 0.2563
Epoch [25/30], Loss: 0.2246
Epoch [30/30], Loss: 0.1964
Epoch [5/30], Loss: 1.5409
Epoch [10/30], Loss: 0.9148
Epoch [15/30], Loss: 0.3252
Epoch [20/30], Loss: 0.2288
Epoch [25/30], Loss: 0.1981
Epoch [30/30], Loss: 0.1720
Epoch [5/30], Loss: 1.6222
Epoch [10/30], Loss: 0.9364
Epoch [15/30], Loss: 0.3190
Epoch [20/30], Loss: 0.2190
Epoch [25/30], Loss: 0.1883
Epoch [30/30], Loss: 0.1626
Epoch [5/30], Loss: 1.5677
Epoch [10/30], Loss: 0.9439
Epoch [15/30], Loss: 0.3746
Epoch [20/30], Loss: 0.2712
Epoch [25/30], Loss: 0.2379
Epoch [30/30], Loss: 0.2093
Epoch [5/30], Loss: 1.6276
Epoch [10/30], Loss: 0.9478
Epoch [15/30], Loss: 0.3233
Epoch [20/30], Loss: 0.2182
Epoch [25/30], Loss: 0.1884
Epoch [30/30], Loss: 0.1633
Epoch [5/30], Loss: 1.5266
Epoch [10/30], Loss: 0.8302
Epoch [15/30], Loss: 0.3152
Epoch [20/30], Loss: 0.2200
Epoch [25/30], Loss: 0.1908
Epoch [30/30], Loss: 0.1653
Epoch [5/30], Loss: 1.6086
Epoch [10/30], Loss: 0.9934
Epoch [15/30], Loss: 0.3788
Epoch [20/30], Loss: 0.2632
Epoch [25/30], Loss: 0.2301
Epoch [30/30], Loss: 0.2013
Epoch [5/30], Loss: 1.5751
Epoch [10/30], Loss: 0.9284
Epoch [15/30], Loss: 0.3789
Epoch [20/30], Loss: 0.2767
Epoch [25/30], Loss: 0.2441
Epoch [30/30], Loss: 0.2148
Epoch [5/30], Loss: 1.5779
Epoch [10/30], Loss: 0.8955
Epoch [15/30], Loss: 0.3764
Epoch [20/30], Loss: 0.2759
Epoch [25/30], Loss: 0.2430
Epoch [30/30], Loss: 0.2139
Epoch [5/30], Loss: 1.5033
Epoch [10/30], Loss: 0.8333
Epoch [15/30], Loss: 0.2585
Epoch [20/30], Loss: 0.1809
Epoch [25/30], Loss: 0.1558
Epoch [30/30], Loss: 0.1340
Epoch [5/30], Loss: 1.5344
Epoch [10/30], Loss: 0.8527
Epoch [15/30], Loss: 0.2978
Epoch [20/30], Loss: 0.2086
Epoch [25/30], Loss: 0.1794
Epoch [30/30], Loss: 0.1543
Epoch [5/30], Loss: 1.5905
Epoch [10/30], Loss: 0.9457
Epoch [15/30], Loss: 0.3410
Epoch [20/30], Loss: 0.2427
Epoch [25/30], Loss: 0.2111
Epoch [30/30], Loss: 0.1836
Epoch [5/30], Loss: 1.5508
Epoch [10/30], Loss: 0.8736
Epoch [15/30], Loss: 0.3521
Epoch [20/30], Loss: 0.2399
Epoch [25/30], Loss: 0.2054
Epoch [30/30], Loss: 0.1774
Epoch [5/30], Loss: 1.5711
Epoch [10/30], Loss: 0.9149
Epoch [15/30], Loss: 0.3283
Epoch [20/30], Loss: 0.2341
Epoch [25/30], Loss: 0.2036
Epoch [30/30], Loss: 0.1766
Epoch [5/30], Loss: 1.5702
Epoch [10/30], Loss: 0.8460
Epoch [15/30], Loss: 0.3045
Epoch [20/30], Loss: 0.2129
Epoch [25/30], Loss: 0.1837
Epoch [30/30], Loss: 0.1583
Epoch [5/30], Loss: 1.5784
Epoch [10/30], Loss: 0.9641
Epoch [15/30], Loss: 0.3788
Epoch [20/30], Loss: 0.2721
Epoch [25/30], Loss: 0.2372
Epoch [30/30], Loss: 0.2067
Epoch [5/30], Loss: 1.5659
Epoch [10/30], Loss: 0.8437
Epoch [15/30], Loss: 0.2868
Epoch [20/30], Loss: 0.1977
Epoch [25/30], Loss: 0.1705
Epoch [30/30], Loss: 0.1471
Epoch [5/30], Loss: 1.5373
Epoch [10/30], Loss: 0.8900
Epoch [15/30], Loss: 0.3363
Epoch [20/30], Loss: 0.2384
Epoch [25/30], Loss: 0.2056
Epoch [30/30], Loss: 0.1775
Epoch [5/30], Loss: 1.5447
Epoch [10/30], Loss: 0.8999
Epoch [15/30], Loss: 0.3729
Epoch [20/30], Loss: 0.2697
Epoch [25/30], Loss: 0.2371
Epoch [30/30], Loss: 0.2083
[00:41:26]     perm 20/50
Epoch [5/30], Loss: 1.6094
Epoch [10/30], Loss: 0.9491
Epoch [15/30], Loss: 0.3946
Epoch [20/30], Loss: 0.2918
Epoch [25/30], Loss: 0.2581
Epoch [30/30], Loss: 0.2275
Epoch [5/30], Loss: 1.6273
Epoch [10/30], Loss: 1.0485
Epoch [15/30], Loss: 0.4554
Epoch [20/30], Loss: 0.3461
Epoch [25/30], Loss: 0.3090
Epoch [30/30], Loss: 0.2754
Epoch [5/30], Loss: 1.5847
Epoch [10/30], Loss: 0.9753
Epoch [15/30], Loss: 0.3349
Epoch [20/30], Loss: 0.2307
Epoch [25/30], Loss: 0.2001
Epoch [30/30], Loss: 0.1736
Epoch [5/30], Loss: 1.5952
Epoch [10/30], Loss: 0.9589
Epoch [15/30], Loss: 0.3595
Epoch [20/30], Loss: 0.2535
Epoch [25/30], Loss: 0.2204
Epoch [30/30], Loss: 0.1920
Epoch [5/30], Loss: 1.5963
Epoch [10/30], Loss: 0.9923
Epoch [15/30], Loss: 0.4117
Epoch [20/30], Loss: 0.3020
Epoch [25/30], Loss: 0.2650
Epoch [30/30], Loss: 0.2325
Epoch [5/30], Loss: 1.6136
Epoch [10/30], Loss: 1.0259
Epoch [15/30], Loss: 0.4633
Epoch [20/30], Loss: 0.3349
Epoch [25/30], Loss: 0.2947
Epoch [30/30], Loss: 0.2601
Epoch [5/30], Loss: 1.5590
Epoch [10/30], Loss: 0.8521
Epoch [15/30], Loss: 0.3139
Epoch [20/30], Loss: 0.2251
Epoch [25/30], Loss: 0.1960
Epoch [30/30], Loss: 0.1709
Epoch [5/30], Loss: 1.5687
Epoch [10/30], Loss: 0.8878
Epoch [15/30], Loss: 0.3261
Epoch [20/30], Loss: 0.2271
Epoch [25/30], Loss: 0.1958
Epoch [30/30], Loss: 0.1689
Epoch [5/30], Loss: 1.5362
Epoch [10/30], Loss: 0.8727
Epoch [15/30], Loss: 0.3391
Epoch [20/30], Loss: 0.2471
Epoch [25/30], Loss: 0.2163
Epoch [30/30], Loss: 0.1891
Epoch [5/30], Loss: 1.5661
Epoch [10/30], Loss: 0.8749
Epoch [15/30], Loss: 0.3282
Epoch [20/30], Loss: 0.2332
Epoch [25/30], Loss: 0.2025
Epoch [30/30], Loss: 0.1753
Epoch [5/30], Loss: 1.5626
Epoch [10/30], Loss: 0.8962
Epoch [15/30], Loss: 0.2815
Epoch [20/30], Loss: 0.1931
Epoch [25/30], Loss: 0.1663
Epoch [30/30], Loss: 0.1434
Epoch [5/30], Loss: 1.5573
Epoch [10/30], Loss: 0.8622
Epoch [15/30], Loss: 0.3361
Epoch [20/30], Loss: 0.2354
Epoch [25/30], Loss: 0.2045
Epoch [30/30], Loss: 0.1778
Epoch [5/30], Loss: 1.5580
Epoch [10/30], Loss: 0.8695
Epoch [15/30], Loss: 0.2884
Epoch [20/30], Loss: 0.2013
Epoch [25/30], Loss: 0.1742
Epoch [30/30], Loss: 0.1509
Epoch [5/30], Loss: 1.5976
Epoch [10/30], Loss: 0.9950
Epoch [15/30], Loss: 0.4129
Epoch [20/30], Loss: 0.3019
Epoch [25/30], Loss: 0.2647
Epoch [30/30], Loss: 0.2320
Epoch [5/30], Loss: 1.6248
Epoch [10/30], Loss: 0.9751
Epoch [15/30], Loss: 0.3549
Epoch [20/30], Loss: 0.2488
Epoch [25/30], Loss: 0.2160
Epoch [30/30], Loss: 0.1874
Epoch [5/30], Loss: 1.5380
Epoch [10/30], Loss: 0.8563
Epoch [15/30], Loss: 0.3193
Epoch [20/30], Loss: 0.2237
Epoch [25/30], Loss: 0.1940
Epoch [30/30], Loss: 0.1683
Epoch [5/30], Loss: 1.5849
Epoch [10/30], Loss: 0.9657
Epoch [15/30], Loss: 0.3516
Epoch [20/30], Loss: 0.2541
Epoch [25/30], Loss: 0.2218
Epoch [30/30], Loss: 0.1934
Epoch [5/30], Loss: 1.5513
Epoch [10/30], Loss: 0.8926
Epoch [15/30], Loss: 0.3447
Epoch [20/30], Loss: 0.2376
Epoch [25/30], Loss: 0.2071
Epoch [30/30], Loss: 0.1808
Epoch [5/30], Loss: 1.5337
Epoch [10/30], Loss: 0.8500
Epoch [15/30], Loss: 0.3164
Epoch [20/30], Loss: 0.2178
Epoch [25/30], Loss: 0.1875
Epoch [30/30], Loss: 0.1608
Epoch [5/30], Loss: 1.5715
Epoch [10/30], Loss: 0.9460
Epoch [15/30], Loss: 0.3614
Epoch [20/30], Loss: 0.2602
Epoch [25/30], Loss: 0.2282
Epoch [30/30], Loss: 0.2000
Epoch [5/30], Loss: 1.5387
Epoch [10/30], Loss: 0.8052
Epoch [15/30], Loss: 0.3008
Epoch [20/30], Loss: 0.2180
Epoch [25/30], Loss: 0.1897
Epoch [30/30], Loss: 0.1654
Epoch [5/30], Loss: 1.5222
Epoch [10/30], Loss: 0.8117
Epoch [15/30], Loss: 0.3009
Epoch [20/30], Loss: 0.2115
Epoch [25/30], Loss: 0.1832
Epoch [30/30], Loss: 0.1583
Epoch [5/30], Loss: 1.5787
Epoch [10/30], Loss: 0.9103
Epoch [15/30], Loss: 0.3249
Epoch [20/30], Loss: 0.2270
Epoch [25/30], Loss: 0.1958
Epoch [30/30], Loss: 0.1685
Epoch [5/30], Loss: 1.5357
Epoch [10/30], Loss: 0.9207
Epoch [15/30], Loss: 0.3762
Epoch [20/30], Loss: 0.2672
Epoch [25/30], Loss: 0.2338
Epoch [30/30], Loss: 0.2046
Epoch [5/30], Loss: 1.5470
Epoch [10/30], Loss: 0.8598
Epoch [15/30], Loss: 0.2704
Epoch [20/30], Loss: 0.1772
Epoch [25/30], Loss: 0.1505
Epoch [30/30], Loss: 0.1285
Epoch [5/30], Loss: 1.6032
Epoch [10/30], Loss: 0.9723
Epoch [15/30], Loss: 0.3463
Epoch [20/30], Loss: 0.2389
Epoch [25/30], Loss: 0.2061
Epoch [30/30], Loss: 0.1778
Epoch [5/30], Loss: 1.5692
Epoch [10/30], Loss: 0.9393
Epoch [15/30], Loss: 0.3217
Epoch [20/30], Loss: 0.2232
Epoch [25/30], Loss: 0.1924
Epoch [30/30], Loss: 0.1661
Epoch [5/30], Loss: 1.6395
Epoch [10/30], Loss: 0.9850
Epoch [15/30], Loss: 0.3808
Epoch [20/30], Loss: 0.2777
Epoch [25/30], Loss: 0.2432
Epoch [30/30], Loss: 0.2123
Epoch [5/30], Loss: 1.5880
Epoch [10/30], Loss: 0.9635
Epoch [15/30], Loss: 0.3551
Epoch [20/30], Loss: 0.2481
Epoch [25/30], Loss: 0.2145
Epoch [30/30], Loss: 0.1853
Epoch [5/30], Loss: 1.5907
Epoch [10/30], Loss: 1.0010
Epoch [15/30], Loss: 0.4259
Epoch [20/30], Loss: 0.2967
Epoch [25/30], Loss: 0.2577
Epoch [30/30], Loss: 0.2238
Epoch [5/30], Loss: 1.6394
Epoch [10/30], Loss: 1.0163
Epoch [15/30], Loss: 0.3761
Epoch [20/30], Loss: 0.2771
Epoch [25/30], Loss: 0.2449
Epoch [30/30], Loss: 0.2157
Epoch [5/30], Loss: 1.5485
Epoch [10/30], Loss: 0.9100
Epoch [15/30], Loss: 0.3375
Epoch [20/30], Loss: 0.2374
Epoch [25/30], Loss: 0.2057
Epoch [30/30], Loss: 0.1779
Epoch [5/30], Loss: 1.5630
Epoch [10/30], Loss: 0.8920
Epoch [15/30], Loss: 0.3198
Epoch [20/30], Loss: 0.2221
Epoch [25/30], Loss: 0.1921
Epoch [30/30], Loss: 0.1660
Epoch [5/30], Loss: 1.5809
Epoch [10/30], Loss: 0.8963
Epoch [15/30], Loss: 0.3507
Epoch [20/30], Loss: 0.2538
Epoch [25/30], Loss: 0.2210
Epoch [30/30], Loss: 0.1923
Epoch [5/30], Loss: 1.5578
Epoch [10/30], Loss: 0.8765
Epoch [15/30], Loss: 0.3508
Epoch [20/30], Loss: 0.2504
Epoch [25/30], Loss: 0.2188
Epoch [30/30], Loss: 0.1899
Epoch [5/30], Loss: 1.6161
Epoch [10/30], Loss: 1.0166
Epoch [15/30], Loss: 0.4707
Epoch [20/30], Loss: 0.3485
Epoch [25/30], Loss: 0.3087
Epoch [30/30], Loss: 0.2744
Epoch [5/30], Loss: 1.6063
Epoch [10/30], Loss: 0.9402
Epoch [15/30], Loss: 0.3141
Epoch [20/30], Loss: 0.2166
Epoch [25/30], Loss: 0.1878
Epoch [30/30], Loss: 0.1628
Epoch [5/30], Loss: 1.5395
Epoch [10/30], Loss: 0.8891
Epoch [15/30], Loss: 0.3213
Epoch [20/30], Loss: 0.2245
Epoch [25/30], Loss: 0.1946
Epoch [30/30], Loss: 0.1683
Epoch [5/30], Loss: 1.5332
Epoch [10/30], Loss: 0.8287
Epoch [15/30], Loss: 0.3152
Epoch [20/30], Loss: 0.2207
Epoch [25/30], Loss: 0.1925
Epoch [30/30], Loss: 0.1678
Epoch [5/30], Loss: 1.5769
Epoch [10/30], Loss: 0.9607
Epoch [15/30], Loss: 0.4085
Epoch [20/30], Loss: 0.3041
Epoch [25/30], Loss: 0.2689
Epoch [30/30], Loss: 0.2375
Epoch [5/30], Loss: 1.5000
Epoch [10/30], Loss: 0.9602
Epoch [15/30], Loss: 0.3870
Epoch [20/30], Loss: 0.2798
Epoch [25/30], Loss: 0.2461
Epoch [30/30], Loss: 0.2158
Epoch [5/30], Loss: 1.5732
Epoch [10/30], Loss: 0.9298
Epoch [15/30], Loss: 0.3437
Epoch [20/30], Loss: 0.2391
Epoch [25/30], Loss: 0.2081
Epoch [30/30], Loss: 0.1816
Epoch [5/30], Loss: 1.6137
Epoch [10/30], Loss: 0.9512
Epoch [15/30], Loss: 0.3433
Epoch [20/30], Loss: 0.2429
Epoch [25/30], Loss: 0.2116
Epoch [30/30], Loss: 0.1840
Epoch [5/30], Loss: 1.6363
Epoch [10/30], Loss: 0.9814
Epoch [15/30], Loss: 0.3920
Epoch [20/30], Loss: 0.2828
Epoch [25/30], Loss: 0.2474
Epoch [30/30], Loss: 0.2164
Epoch [5/30], Loss: 1.5710
Epoch [10/30], Loss: 0.9249
Epoch [15/30], Loss: 0.3558
Epoch [20/30], Loss: 0.2557
Epoch [25/30], Loss: 0.2235
Epoch [30/30], Loss: 0.1945
Epoch [5/30], Loss: 1.5702
Epoch [10/30], Loss: 0.8927
Epoch [15/30], Loss: 0.2965
Epoch [20/30], Loss: 0.2059
Epoch [25/30], Loss: 0.1779
Epoch [30/30], Loss: 0.1541
Epoch [5/30], Loss: 1.5478
Epoch [10/30], Loss: 0.9649
Epoch [15/30], Loss: 0.3887
Epoch [20/30], Loss: 0.2815
Epoch [25/30], Loss: 0.2471
Epoch [30/30], Loss: 0.2153
Epoch [5/30], Loss: 1.5887
Epoch [10/30], Loss: 0.9773
Epoch [15/30], Loss: 0.3452
Epoch [20/30], Loss: 0.2326
Epoch [25/30], Loss: 0.2024
Epoch [30/30], Loss: 0.1759
Epoch [5/30], Loss: 1.5278
Epoch [10/30], Loss: 0.8963
Epoch [15/30], Loss: 0.2968
Epoch [20/30], Loss: 0.2136
Epoch [25/30], Loss: 0.1867
Epoch [30/30], Loss: 0.1632
Epoch [5/30], Loss: 1.5953
Epoch [10/30], Loss: 0.9258
Epoch [15/30], Loss: 0.3244
Epoch [20/30], Loss: 0.2301
Epoch [25/30], Loss: 0.1988
Epoch [30/30], Loss: 0.1721
Epoch [5/30], Loss: 1.5966
Epoch [10/30], Loss: 0.9896
Epoch [15/30], Loss: 0.4436
Epoch [20/30], Loss: 0.3364
Epoch [25/30], Loss: 0.2993
Epoch [30/30], Loss: 0.2655
Epoch [5/30], Loss: 1.6156
Epoch [10/30], Loss: 0.9231
Epoch [15/30], Loss: 0.3429
Epoch [20/30], Loss: 0.2412
Epoch [25/30], Loss: 0.2097
Epoch [30/30], Loss: 0.1822
Epoch [5/30], Loss: 1.6046
Epoch [10/30], Loss: 0.9185
Epoch [15/30], Loss: 0.3338
Epoch [20/30], Loss: 0.2335
Epoch [25/30], Loss: 0.2020
Epoch [30/30], Loss: 0.1742
Epoch [5/30], Loss: 1.5981
Epoch [10/30], Loss: 0.9374
Epoch [15/30], Loss: 0.3574
Epoch [20/30], Loss: 0.2463
Epoch [25/30], Loss: 0.2149
Epoch [30/30], Loss: 0.1878
Epoch [5/30], Loss: 1.6037
Epoch [10/30], Loss: 0.9490
Epoch [15/30], Loss: 0.4080
Epoch [20/30], Loss: 0.3062
Epoch [25/30], Loss: 0.2715
Epoch [30/30], Loss: 0.2409
Epoch [5/30], Loss: 1.5414
Epoch [10/30], Loss: 0.8150
Epoch [15/30], Loss: 0.2779
Epoch [20/30], Loss: 0.1917
Epoch [25/30], Loss: 0.1652
Epoch [30/30], Loss: 0.1424
Epoch [5/30], Loss: 1.5656
Epoch [10/30], Loss: 0.9323
Epoch [15/30], Loss: 0.3786
Epoch [20/30], Loss: 0.2792
Epoch [25/30], Loss: 0.2461
Epoch [30/30], Loss: 0.2165
Epoch [5/30], Loss: 1.5448
Epoch [10/30], Loss: 0.8435
Epoch [15/30], Loss: 0.2631
Epoch [20/30], Loss: 0.1795
Epoch [25/30], Loss: 0.1541
Epoch [30/30], Loss: 0.1327
Epoch [5/30], Loss: 1.5517
Epoch [10/30], Loss: 0.8596
Epoch [15/30], Loss: 0.3176
Epoch [20/30], Loss: 0.2217
Epoch [25/30], Loss: 0.1915
Epoch [30/30], Loss: 0.1654
Epoch [5/30], Loss: 1.5288
Epoch [10/30], Loss: 0.9289
Epoch [15/30], Loss: 0.4354
Epoch [20/30], Loss: 0.3213
Epoch [25/30], Loss: 0.2858
Epoch [30/30], Loss: 0.2533
[00:42:29]     perm 30/50
Epoch [5/30], Loss: 1.5725
Epoch [10/30], Loss: 0.9489
Epoch [15/30], Loss: 0.3626
Epoch [20/30], Loss: 0.2580
Epoch [25/30], Loss: 0.2242
Epoch [30/30], Loss: 0.1943
Epoch [5/30], Loss: 1.5794
Epoch [10/30], Loss: 0.8810
Epoch [15/30], Loss: 0.3353
Epoch [20/30], Loss: 0.2360
Epoch [25/30], Loss: 0.2054
Epoch [30/30], Loss: 0.1785
Epoch [5/30], Loss: 1.6298
Epoch [10/30], Loss: 0.9655
Epoch [15/30], Loss: 0.3201
Epoch [20/30], Loss: 0.2134
Epoch [25/30], Loss: 0.1818
Epoch [30/30], Loss: 0.1549
Epoch [5/30], Loss: 1.5354
Epoch [10/30], Loss: 0.9133
Epoch [15/30], Loss: 0.3563
Epoch [20/30], Loss: 0.2608
Epoch [25/30], Loss: 0.2297
Epoch [30/30], Loss: 0.2023
Epoch [5/30], Loss: 1.5893
Epoch [10/30], Loss: 0.9289
Epoch [15/30], Loss: 0.3391
Epoch [20/30], Loss: 0.2410
Epoch [25/30], Loss: 0.2099
Epoch [30/30], Loss: 0.1831
Epoch [5/30], Loss: 1.5740
Epoch [10/30], Loss: 0.9728
Epoch [15/30], Loss: 0.3660
Epoch [20/30], Loss: 0.2492
Epoch [25/30], Loss: 0.2156
Epoch [30/30], Loss: 0.1863
Epoch [5/30], Loss: 1.5228
Epoch [10/30], Loss: 0.8481
Epoch [15/30], Loss: 0.3238
Epoch [20/30], Loss: 0.2285
Epoch [25/30], Loss: 0.1982
Epoch [30/30], Loss: 0.1716
Epoch [5/30], Loss: 1.5729
Epoch [10/30], Loss: 0.9178
Epoch [15/30], Loss: 0.3304
Epoch [20/30], Loss: 0.2292
Epoch [25/30], Loss: 0.1973
Epoch [30/30], Loss: 0.1696
Epoch [5/30], Loss: 1.5593
Epoch [10/30], Loss: 0.9126
Epoch [15/30], Loss: 0.4101
Epoch [20/30], Loss: 0.3076
Epoch [25/30], Loss: 0.2729
Epoch [30/30], Loss: 0.2413
Epoch [5/30], Loss: 1.5893
Epoch [10/30], Loss: 0.9253
Epoch [15/30], Loss: 0.3454
Epoch [20/30], Loss: 0.2576
Epoch [25/30], Loss: 0.2208
Epoch [30/30], Loss: 0.1932
Epoch [5/30], Loss: 1.6335
Epoch [10/30], Loss: 0.9457
Epoch [15/30], Loss: 0.2888
Epoch [20/30], Loss: 0.2011
Epoch [25/30], Loss: 0.1742
Epoch [30/30], Loss: 0.1509
Epoch [5/30], Loss: 1.5778
Epoch [10/30], Loss: 0.9907
Epoch [15/30], Loss: 0.4001
Epoch [20/30], Loss: 0.2784
Epoch [25/30], Loss: 0.2425
Epoch [30/30], Loss: 0.2106
Epoch [5/30], Loss: 1.6071
Epoch [10/30], Loss: 0.8781
Epoch [15/30], Loss: 0.3230
Epoch [20/30], Loss: 0.2243
Epoch [25/30], Loss: 0.1944
Epoch [30/30], Loss: 0.1683
Epoch [5/30], Loss: 1.5758
Epoch [10/30], Loss: 0.8721
Epoch [15/30], Loss: 0.3101
Epoch [20/30], Loss: 0.2095
Epoch [25/30], Loss: 0.1797
Epoch [30/30], Loss: 0.1544
Epoch [5/30], Loss: 1.5082
Epoch [10/30], Loss: 0.8417
Epoch [15/30], Loss: 0.3175
Epoch [20/30], Loss: 0.2278
Epoch [25/30], Loss: 0.1981
Epoch [30/30], Loss: 0.1720
Epoch [5/30], Loss: 1.5858
Epoch [10/30], Loss: 0.8547
Epoch [15/30], Loss: 0.2787
Epoch [20/30], Loss: 0.1883
Epoch [25/30], Loss: 0.1622
Epoch [30/30], Loss: 0.1397
Epoch [5/30], Loss: 1.5349
Epoch [10/30], Loss: 0.7898
Epoch [15/30], Loss: 0.2733
Epoch [20/30], Loss: 0.1896
Epoch [25/30], Loss: 0.1636
Epoch [30/30], Loss: 0.1412
Epoch [5/30], Loss: 1.5893
Epoch [10/30], Loss: 0.9058
Epoch [15/30], Loss: 0.3540
Epoch [20/30], Loss: 0.2427
Epoch [25/30], Loss: 0.2095
Epoch [30/30], Loss: 0.1806
Epoch [5/30], Loss: 1.6174
Epoch [10/30], Loss: 0.9653
Epoch [15/30], Loss: 0.3503
Epoch [20/30], Loss: 0.2485
Epoch [25/30], Loss: 0.2164
Epoch [30/30], Loss: 0.1880
Epoch [5/30], Loss: 1.6109
Epoch [10/30], Loss: 0.9314
Epoch [15/30], Loss: 0.2869
Epoch [20/30], Loss: 0.1900
Epoch [25/30], Loss: 0.1608
Epoch [30/30], Loss: 0.1365
Epoch [5/30], Loss: 1.5741
Epoch [10/30], Loss: 0.8764
Epoch [15/30], Loss: 0.3104
Epoch [20/30], Loss: 0.2176
Epoch [25/30], Loss: 0.1880
Epoch [30/30], Loss: 0.1621
Epoch [5/30], Loss: 1.6144
Epoch [10/30], Loss: 0.9260
Epoch [15/30], Loss: 0.3416
Epoch [20/30], Loss: 0.2420
Epoch [25/30], Loss: 0.2102
Epoch [30/30], Loss: 0.1826
Epoch [5/30], Loss: 1.5428
Epoch [10/30], Loss: 0.8394
Epoch [15/30], Loss: 0.2803
Epoch [20/30], Loss: 0.1915
Epoch [25/30], Loss: 0.1652
Epoch [30/30], Loss: 0.1425
Epoch [5/30], Loss: 1.5667
Epoch [10/30], Loss: 0.9322
Epoch [15/30], Loss: 0.3314
Epoch [20/30], Loss: 0.2244
Epoch [25/30], Loss: 0.1920
Epoch [30/30], Loss: 0.1649
Epoch [5/30], Loss: 1.5724
Epoch [10/30], Loss: 0.9641
Epoch [15/30], Loss: 0.3485
Epoch [20/30], Loss: 0.2428
Epoch [25/30], Loss: 0.2091
Epoch [30/30], Loss: 0.1799
Epoch [5/30], Loss: 1.5449
Epoch [10/30], Loss: 0.8966
Epoch [15/30], Loss: 0.3533
Epoch [20/30], Loss: 0.2549
Epoch [25/30], Loss: 0.2228
Epoch [30/30], Loss: 0.1943
Epoch [5/30], Loss: 1.5918
Epoch [10/30], Loss: 0.9869
Epoch [15/30], Loss: 0.4348
Epoch [20/30], Loss: 0.3307
Epoch [25/30], Loss: 0.2941
Epoch [30/30], Loss: 0.2609
Epoch [5/30], Loss: 1.6564
Epoch [10/30], Loss: 1.0342
Epoch [15/30], Loss: 0.3956
Epoch [20/30], Loss: 0.2832
Epoch [25/30], Loss: 0.2475
Epoch [30/30], Loss: 0.2170
Epoch [5/30], Loss: 1.5934
Epoch [10/30], Loss: 0.9820
Epoch [15/30], Loss: 0.3941
Epoch [20/30], Loss: 0.2933
Epoch [25/30], Loss: 0.2586
Epoch [30/30], Loss: 0.2278
Epoch [5/30], Loss: 1.6259
Epoch [10/30], Loss: 1.0198
Epoch [15/30], Loss: 0.3877
Epoch [20/30], Loss: 0.2740
Epoch [25/30], Loss: 0.2390
Epoch [30/30], Loss: 0.2080
Epoch [5/30], Loss: 1.5434
Epoch [10/30], Loss: 0.8594
Epoch [15/30], Loss: 0.3114
Epoch [20/30], Loss: 0.2206
Epoch [25/30], Loss: 0.1917
Epoch [30/30], Loss: 0.1666
Epoch [5/30], Loss: 1.5631
Epoch [10/30], Loss: 0.9008
Epoch [15/30], Loss: 0.3588
Epoch [20/30], Loss: 0.2578
Epoch [25/30], Loss: 0.2248
Epoch [30/30], Loss: 0.1952
Epoch [5/30], Loss: 1.5332
Epoch [10/30], Loss: 0.8682
Epoch [15/30], Loss: 0.3137
Epoch [20/30], Loss: 0.2207
Epoch [25/30], Loss: 0.1909
Epoch [30/30], Loss: 0.1649
Epoch [5/30], Loss: 1.6210
Epoch [10/30], Loss: 0.9051
Epoch [15/30], Loss: 0.3003
Epoch [20/30], Loss: 0.2063
Epoch [25/30], Loss: 0.1771
Epoch [30/30], Loss: 0.1521
Epoch [5/30], Loss: 1.5381
Epoch [10/30], Loss: 0.8688
Epoch [15/30], Loss: 0.2873
Epoch [20/30], Loss: 0.1996
Epoch [25/30], Loss: 0.1717
Epoch [30/30], Loss: 0.1480
Epoch [5/30], Loss: 1.5496
Epoch [10/30], Loss: 0.9007
Epoch [15/30], Loss: 0.3076
Epoch [20/30], Loss: 0.2108
Epoch [25/30], Loss: 0.1811
Epoch [30/30], Loss: 0.1560
Epoch [5/30], Loss: 1.5518
Epoch [10/30], Loss: 0.9133
Epoch [15/30], Loss: 0.3253
Epoch [20/30], Loss: 0.2310
Epoch [25/30], Loss: 0.2012
Epoch [30/30], Loss: 0.1757
Epoch [5/30], Loss: 1.6128
Epoch [10/30], Loss: 1.0040
Epoch [15/30], Loss: 0.3544
Epoch [20/30], Loss: 0.2495
Epoch [25/30], Loss: 0.2162
Epoch [30/30], Loss: 0.1874
Epoch [5/30], Loss: 1.6103
Epoch [10/30], Loss: 0.9564
Epoch [15/30], Loss: 0.3613
Epoch [20/30], Loss: 0.2609
Epoch [25/30], Loss: 0.2286
Epoch [30/30], Loss: 0.1998
Epoch [5/30], Loss: 1.5597
Epoch [10/30], Loss: 0.8867
Epoch [15/30], Loss: 0.3613
Epoch [20/30], Loss: 0.2606
Epoch [25/30], Loss: 0.2292
Epoch [30/30], Loss: 0.2014
Epoch [5/30], Loss: 1.5677
Epoch [10/30], Loss: 0.8995
Epoch [15/30], Loss: 0.3192
Epoch [20/30], Loss: 0.2246
Epoch [25/30], Loss: 0.1944
Epoch [30/30], Loss: 0.1685
Epoch [5/30], Loss: 1.5879
Epoch [10/30], Loss: 0.9668
Epoch [15/30], Loss: 0.3736
Epoch [20/30], Loss: 0.2597
Epoch [25/30], Loss: 0.2252
Epoch [30/30], Loss: 0.1956
Epoch [5/30], Loss: 1.4989
Epoch [10/30], Loss: 0.8062
Epoch [15/30], Loss: 0.2683
Epoch [20/30], Loss: 0.1842
Epoch [25/30], Loss: 0.1586
Epoch [30/30], Loss: 0.1360
Epoch [5/30], Loss: 1.5664
Epoch [10/30], Loss: 0.9348
Epoch [15/30], Loss: 0.3474
Epoch [20/30], Loss: 0.2485
Epoch [25/30], Loss: 0.2165
Epoch [30/30], Loss: 0.1887
Epoch [5/30], Loss: 1.5817
Epoch [10/30], Loss: 0.9568
Epoch [15/30], Loss: 0.3650
Epoch [20/30], Loss: 0.2634
Epoch [25/30], Loss: 0.2306
Epoch [30/30], Loss: 0.2015
Epoch [5/30], Loss: 1.5609
Epoch [10/30], Loss: 0.8517
Epoch [15/30], Loss: 0.3195
Epoch [20/30], Loss: 0.2223
Epoch [25/30], Loss: 0.1924
Epoch [30/30], Loss: 0.1663
Epoch [5/30], Loss: 1.5695
Epoch [10/30], Loss: 0.8261
Epoch [15/30], Loss: 0.2917
Epoch [20/30], Loss: 0.1984
Epoch [25/30], Loss: 0.1706
Epoch [30/30], Loss: 0.1469
Epoch [5/30], Loss: 1.5534
Epoch [10/30], Loss: 0.9127
Epoch [15/30], Loss: 0.3374
Epoch [20/30], Loss: 0.2266
Epoch [25/30], Loss: 0.1930
Epoch [30/30], Loss: 0.1658
Epoch [5/30], Loss: 1.5689
Epoch [10/30], Loss: 0.9402
Epoch [15/30], Loss: 0.3352
Epoch [20/30], Loss: 0.2324
Epoch [25/30], Loss: 0.2014
Epoch [30/30], Loss: 0.1743
Epoch [5/30], Loss: 1.5677
Epoch [10/30], Loss: 0.9364
Epoch [15/30], Loss: 0.3342
Epoch [20/30], Loss: 0.2337
Epoch [25/30], Loss: 0.2028
Epoch [30/30], Loss: 0.1760
Epoch [5/30], Loss: 1.5415
Epoch [10/30], Loss: 0.9224
Epoch [15/30], Loss: 0.3399
Epoch [20/30], Loss: 0.2481
Epoch [25/30], Loss: 0.2164
Epoch [30/30], Loss: 0.1887
Epoch [5/30], Loss: 1.6603
Epoch [10/30], Loss: 1.0656
Epoch [15/30], Loss: 0.3726
Epoch [20/30], Loss: 0.2599
Epoch [25/30], Loss: 0.2236
Epoch [30/30], Loss: 0.1914
Epoch [5/30], Loss: 1.6708
Epoch [10/30], Loss: 1.0718
Epoch [15/30], Loss: 0.4364
Epoch [20/30], Loss: 0.3221
Epoch [25/30], Loss: 0.2840
Epoch [30/30], Loss: 0.2490
Epoch [5/30], Loss: 1.6154
Epoch [10/30], Loss: 0.9946
Epoch [15/30], Loss: 0.3988
Epoch [20/30], Loss: 0.2808
Epoch [25/30], Loss: 0.2448
Epoch [30/30], Loss: 0.2135
Epoch [5/30], Loss: 1.5907
Epoch [10/30], Loss: 0.9462
Epoch [15/30], Loss: 0.3492
Epoch [20/30], Loss: 0.2419
Epoch [25/30], Loss: 0.2095
Epoch [30/30], Loss: 0.1817
Epoch [5/30], Loss: 1.5787
Epoch [10/30], Loss: 0.9140
Epoch [15/30], Loss: 0.3156
Epoch [20/30], Loss: 0.2198
Epoch [25/30], Loss: 0.1899
Epoch [30/30], Loss: 0.1636
Epoch [5/30], Loss: 1.5299
Epoch [10/30], Loss: 0.9045
Epoch [15/30], Loss: 0.3551
Epoch [20/30], Loss: 0.2518
Epoch [25/30], Loss: 0.2187
Epoch [30/30], Loss: 0.1902
Epoch [5/30], Loss: 1.6091
Epoch [10/30], Loss: 0.9351
Epoch [15/30], Loss: 0.3089
Epoch [20/30], Loss: 0.2065
Epoch [25/30], Loss: 0.1776
Epoch [30/30], Loss: 0.1529
Epoch [5/30], Loss: 1.5720
Epoch [10/30], Loss: 0.9229
Epoch [15/30], Loss: 0.3403
Epoch [20/30], Loss: 0.2436
Epoch [25/30], Loss: 0.2117
Epoch [30/30], Loss: 0.1833
Epoch [5/30], Loss: 1.6068
Epoch [10/30], Loss: 0.9992
Epoch [15/30], Loss: 0.4031
Epoch [20/30], Loss: 0.2853
Epoch [25/30], Loss: 0.2489
Epoch [30/30], Loss: 0.2188
[00:43:33]     perm 40/50
Epoch [5/30], Loss: 1.5583
Epoch [10/30], Loss: 0.9203
Epoch [15/30], Loss: 0.3514
Epoch [20/30], Loss: 0.2525
Epoch [25/30], Loss: 0.2204
Epoch [30/30], Loss: 0.1921
Epoch [5/30], Loss: 1.6304
Epoch [10/30], Loss: 0.9684
Epoch [15/30], Loss: 0.3590
Epoch [20/30], Loss: 0.2570
Epoch [25/30], Loss: 0.2235
Epoch [30/30], Loss: 0.1944
Epoch [5/30], Loss: 1.5962
Epoch [10/30], Loss: 0.9340
Epoch [15/30], Loss: 0.3276
Epoch [20/30], Loss: 0.2283
Epoch [25/30], Loss: 0.1968
Epoch [30/30], Loss: 0.1701
Epoch [5/30], Loss: 1.5769
Epoch [10/30], Loss: 0.9822
Epoch [15/30], Loss: 0.3735
Epoch [20/30], Loss: 0.2677
Epoch [25/30], Loss: 0.2332
Epoch [30/30], Loss: 0.2029
Epoch [5/30], Loss: 1.5910
Epoch [10/30], Loss: 0.9427
Epoch [15/30], Loss: 0.3828
Epoch [20/30], Loss: 0.2824
Epoch [25/30], Loss: 0.2493
Epoch [30/30], Loss: 0.2197
Epoch [5/30], Loss: 1.5904
Epoch [10/30], Loss: 0.9786
Epoch [15/30], Loss: 0.3681
Epoch [20/30], Loss: 0.2537
Epoch [25/30], Loss: 0.2194
Epoch [30/30], Loss: 0.1903
Epoch [5/30], Loss: 1.5873
Epoch [10/30], Loss: 0.9304
Epoch [15/30], Loss: 0.3205
Epoch [20/30], Loss: 0.2182
Epoch [25/30], Loss: 0.1869
Epoch [30/30], Loss: 0.1601
Epoch [5/30], Loss: 1.5504
Epoch [10/30], Loss: 0.8925
Epoch [15/30], Loss: 0.3306
Epoch [20/30], Loss: 0.2336
Epoch [25/30], Loss: 0.2025
Epoch [30/30], Loss: 0.1748
Epoch [5/30], Loss: 1.5906
Epoch [10/30], Loss: 0.8998
Epoch [15/30], Loss: 0.3194
Epoch [20/30], Loss: 0.2285
Epoch [25/30], Loss: 0.1975
Epoch [30/30], Loss: 0.1705
Epoch [5/30], Loss: 1.5461
Epoch [10/30], Loss: 0.9142
Epoch [15/30], Loss: 0.3613
Epoch [20/30], Loss: 0.2629
Epoch [25/30], Loss: 0.2295
Epoch [30/30], Loss: 0.2003
Epoch [5/30], Loss: 1.5853
Epoch [10/30], Loss: 0.9393
Epoch [15/30], Loss: 0.3659
Epoch [20/30], Loss: 0.2660
Epoch [25/30], Loss: 0.2331
Epoch [30/30], Loss: 0.2035
Epoch [5/30], Loss: 1.5801
Epoch [10/30], Loss: 0.9197
Epoch [15/30], Loss: 0.3504
Epoch [20/30], Loss: 0.2385
Epoch [25/30], Loss: 0.2062
Epoch [30/30], Loss: 0.1785
Epoch [5/30], Loss: 1.5451
Epoch [10/30], Loss: 0.8979
Epoch [15/30], Loss: 0.3615
Epoch [20/30], Loss: 0.2587
Epoch [25/30], Loss: 0.2251
Epoch [30/30], Loss: 0.1949
Epoch [5/30], Loss: 1.5565
Epoch [10/30], Loss: 0.8619
Epoch [15/30], Loss: 0.3017
Epoch [20/30], Loss: 0.2114
Epoch [25/30], Loss: 0.1830
Epoch [30/30], Loss: 0.1586
Epoch [5/30], Loss: 1.5627
Epoch [10/30], Loss: 0.8927
Epoch [15/30], Loss: 0.3981
Epoch [20/30], Loss: 0.2945
Epoch [25/30], Loss: 0.2604
Epoch [30/30], Loss: 0.2295
Epoch [5/30], Loss: 1.5151
Epoch [10/30], Loss: 0.9094
Epoch [15/30], Loss: 0.3310
Epoch [20/30], Loss: 0.2400
Epoch [25/30], Loss: 0.2101
Epoch [30/30], Loss: 0.1836
Epoch [5/30], Loss: 1.6136
Epoch [10/30], Loss: 0.9461
Epoch [15/30], Loss: 0.3782
Epoch [20/30], Loss: 0.2704
Epoch [25/30], Loss: 0.2362
Epoch [30/30], Loss: 0.2062
Epoch [5/30], Loss: 1.5741
Epoch [10/30], Loss: 0.9238
Epoch [15/30], Loss: 0.3425
Epoch [20/30], Loss: 0.2397
Epoch [25/30], Loss: 0.2081
Epoch [30/30], Loss: 0.1805
Epoch [5/30], Loss: 1.5670
Epoch [10/30], Loss: 0.9631
Epoch [15/30], Loss: 0.3633
Epoch [20/30], Loss: 0.2617
Epoch [25/30], Loss: 0.2280
Epoch [30/30], Loss: 0.1982
Epoch [5/30], Loss: 1.5389
Epoch [10/30], Loss: 0.8276
Epoch [15/30], Loss: 0.2740
Epoch [20/30], Loss: 0.1878
Epoch [25/30], Loss: 0.1618
Epoch [30/30], Loss: 0.1392
Epoch [5/30], Loss: 1.5225
Epoch [10/30], Loss: 0.7917
Epoch [15/30], Loss: 0.2499
Epoch [20/30], Loss: 0.1706
Epoch [25/30], Loss: 0.1462
Epoch [30/30], Loss: 0.1251
Epoch [5/30], Loss: 1.4998
Epoch [10/30], Loss: 0.8174
Epoch [15/30], Loss: 0.3108
Epoch [20/30], Loss: 0.2187
Epoch [25/30], Loss: 0.1900
Epoch [30/30], Loss: 0.1650
Epoch [5/30], Loss: 1.5622
Epoch [10/30], Loss: 0.8772
Epoch [15/30], Loss: 0.3291
Epoch [20/30], Loss: 0.2313
Epoch [25/30], Loss: 0.2005
Epoch [30/30], Loss: 0.1740
Epoch [5/30], Loss: 1.5358
Epoch [10/30], Loss: 0.8622
Epoch [15/30], Loss: 0.3322
Epoch [20/30], Loss: 0.2269
Epoch [25/30], Loss: 0.1973
Epoch [30/30], Loss: 0.1723
Epoch [5/30], Loss: 1.5641
Epoch [10/30], Loss: 0.9160
Epoch [15/30], Loss: 0.3433
Epoch [20/30], Loss: 0.2436
Epoch [25/30], Loss: 0.2109
Epoch [30/30], Loss: 0.1824
Epoch [5/30], Loss: 1.5652
Epoch [10/30], Loss: 0.9098
Epoch [15/30], Loss: 0.3718
Epoch [20/30], Loss: 0.2690
Epoch [25/30], Loss: 0.2355
Epoch [30/30], Loss: 0.2062
Epoch [5/30], Loss: 1.5894
Epoch [10/30], Loss: 0.9513
Epoch [15/30], Loss: 0.4000
Epoch [20/30], Loss: 0.2940
Epoch [25/30], Loss: 0.2607
Epoch [30/30], Loss: 0.2306
Epoch [5/30], Loss: 1.5499
Epoch [10/30], Loss: 0.8682
Epoch [15/30], Loss: 0.2999
Epoch [20/30], Loss: 0.2085
Epoch [25/30], Loss: 0.1810
Epoch [30/30], Loss: 0.1570
Epoch [5/30], Loss: 1.5748
Epoch [10/30], Loss: 0.9386
Epoch [15/30], Loss: 0.3782
Epoch [20/30], Loss: 0.2739
Epoch [25/30], Loss: 0.2383
Epoch [30/30], Loss: 0.2064
Epoch [5/30], Loss: 1.5616
Epoch [10/30], Loss: 0.9189
Epoch [15/30], Loss: 0.3560
Epoch [20/30], Loss: 0.2498
Epoch [25/30], Loss: 0.2166
Epoch [30/30], Loss: 0.1889
Epoch [5/30], Loss: 1.5851
Epoch [10/30], Loss: 0.9167
Epoch [15/30], Loss: 0.3905
Epoch [20/30], Loss: 0.2908
Epoch [25/30], Loss: 0.2571
Epoch [30/30], Loss: 0.2267
Epoch [5/30], Loss: 1.5324
Epoch [10/30], Loss: 0.8734
Epoch [15/30], Loss: 0.3563
Epoch [20/30], Loss: 0.2556
Epoch [25/30], Loss: 0.2244
Epoch [30/30], Loss: 0.1971
Epoch [5/30], Loss: 1.5764
Epoch [10/30], Loss: 0.8772
Epoch [15/30], Loss: 0.3176
Epoch [20/30], Loss: 0.2220
Epoch [25/30], Loss: 0.1941
Epoch [30/30], Loss: 0.1705
Epoch [5/30], Loss: 1.5534
Epoch [10/30], Loss: 0.9171
Epoch [15/30], Loss: 0.3493
Epoch [20/30], Loss: 0.2481
Epoch [25/30], Loss: 0.2159
Epoch [30/30], Loss: 0.1880
Epoch [5/30], Loss: 1.5537
Epoch [10/30], Loss: 0.8406
Epoch [15/30], Loss: 0.3128
Epoch [20/30], Loss: 0.2208
Epoch [25/30], Loss: 0.1918
Epoch [30/30], Loss: 0.1659
Epoch [5/30], Loss: 1.5877
Epoch [10/30], Loss: 0.9275
Epoch [15/30], Loss: 0.3723
Epoch [20/30], Loss: 0.2715
Epoch [25/30], Loss: 0.2393
Epoch [30/30], Loss: 0.2117
Epoch [5/30], Loss: 1.5930
Epoch [10/30], Loss: 0.9708
Epoch [15/30], Loss: 0.3699
Epoch [20/30], Loss: 0.2625
Epoch [25/30], Loss: 0.2284
Epoch [30/30], Loss: 0.1985
Epoch [5/30], Loss: 1.5010
Epoch [10/30], Loss: 0.8703
Epoch [15/30], Loss: 0.3076
Epoch [20/30], Loss: 0.2172
Epoch [25/30], Loss: 0.1872
Epoch [30/30], Loss: 0.1612
Epoch [5/30], Loss: 1.5851
Epoch [10/30], Loss: 0.9100
Epoch [15/30], Loss: 0.3513
Epoch [20/30], Loss: 0.2489
Epoch [25/30], Loss: 0.2171
Epoch [30/30], Loss: 0.1892
Epoch [5/30], Loss: 1.5530
Epoch [10/30], Loss: 0.8652
Epoch [15/30], Loss: 0.3136
Epoch [20/30], Loss: 0.2160
Epoch [25/30], Loss: 0.1870
Epoch [30/30], Loss: 0.1620
Epoch [5/30], Loss: 1.5965
Epoch [10/30], Loss: 0.9508
Epoch [15/30], Loss: 0.3429
Epoch [20/30], Loss: 0.2375
Epoch [25/30], Loss: 0.2052
Epoch [30/30], Loss: 0.1777
Epoch [5/30], Loss: 1.6008
Epoch [10/30], Loss: 0.9453
Epoch [15/30], Loss: 0.3427
Epoch [20/30], Loss: 0.2297
Epoch [25/30], Loss: 0.1998
Epoch [30/30], Loss: 0.1747
Epoch [5/30], Loss: 1.5192
Epoch [10/30], Loss: 0.8554
Epoch [15/30], Loss: 0.3320
Epoch [20/30], Loss: 0.2380
Epoch [25/30], Loss: 0.2090
Epoch [30/30], Loss: 0.1830
Epoch [5/30], Loss: 1.5451
Epoch [10/30], Loss: 0.9383
Epoch [15/30], Loss: 0.3088
Epoch [20/30], Loss: 0.2115
Epoch [25/30], Loss: 0.1823
Epoch [30/30], Loss: 0.1573
Epoch [5/30], Loss: 1.5829
Epoch [10/30], Loss: 0.9296
Epoch [15/30], Loss: 0.3597
Epoch [20/30], Loss: 0.2626
Epoch [25/30], Loss: 0.2297
Epoch [30/30], Loss: 0.2006
Epoch [5/30], Loss: 1.6001
Epoch [10/30], Loss: 0.8869
Epoch [15/30], Loss: 0.3037
Epoch [20/30], Loss: 0.2073
Epoch [25/30], Loss: 0.1790
Epoch [30/30], Loss: 0.1548
Epoch [5/30], Loss: 1.5717
Epoch [10/30], Loss: 0.8903
Epoch [15/30], Loss: 0.3459
Epoch [20/30], Loss: 0.2486
Epoch [25/30], Loss: 0.2173
Epoch [30/30], Loss: 0.1900
Epoch [5/30], Loss: 1.5726
Epoch [10/30], Loss: 0.9589
Epoch [15/30], Loss: 0.4010
Epoch [20/30], Loss: 0.2902
Epoch [25/30], Loss: 0.2545
Epoch [30/30], Loss: 0.2230
Epoch [5/30], Loss: 1.4955
Epoch [10/30], Loss: 0.7999
Epoch [15/30], Loss: 0.2898
Epoch [20/30], Loss: 0.2089
Epoch [25/30], Loss: 0.1811
Epoch [30/30], Loss: 0.1569
Epoch [5/30], Loss: 1.5027
Epoch [10/30], Loss: 0.8282
Epoch [15/30], Loss: 0.3176
Epoch [20/30], Loss: 0.2305
Epoch [25/30], Loss: 0.2020
Epoch [30/30], Loss: 0.1767
Epoch [5/30], Loss: 1.5802
Epoch [10/30], Loss: 0.8851
Epoch [15/30], Loss: 0.3212
Epoch [20/30], Loss: 0.2265
Epoch [25/30], Loss: 0.1955
Epoch [30/30], Loss: 0.1688
Epoch [5/30], Loss: 1.4788
Epoch [10/30], Loss: 0.7535
Epoch [15/30], Loss: 0.2538
Epoch [20/30], Loss: 0.1738
Epoch [25/30], Loss: 0.1492
Epoch [30/30], Loss: 0.1282
Epoch [5/30], Loss: 1.5694
Epoch [10/30], Loss: 0.8683
Epoch [15/30], Loss: 0.3211
Epoch [20/30], Loss: 0.2245
Epoch [25/30], Loss: 0.1939
Epoch [30/30], Loss: 0.1672
Epoch [5/30], Loss: 1.5309
Epoch [10/30], Loss: 0.8667
Epoch [15/30], Loss: 0.3438
Epoch [20/30], Loss: 0.2461
Epoch [25/30], Loss: 0.2156
Epoch [30/30], Loss: 0.1897
Epoch [5/30], Loss: 1.5644
Epoch [10/30], Loss: 0.9137
Epoch [15/30], Loss: 0.3315
Epoch [20/30], Loss: 0.2369
Epoch [25/30], Loss: 0.2055
Epoch [30/30], Loss: 0.1782
Epoch [5/30], Loss: 1.6154
Epoch [10/30], Loss: 0.9147
Epoch [15/30], Loss: 0.3358
Epoch [20/30], Loss: 0.2326
Epoch [25/30], Loss: 0.2009
Epoch [30/30], Loss: 0.1732
Epoch [5/30], Loss: 1.5074
Epoch [10/30], Loss: 0.8061
Epoch [15/30], Loss: 0.3027
Epoch [20/30], Loss: 0.2136
Epoch [25/30], Loss: 0.1860
Epoch [30/30], Loss: 0.1619
Epoch [5/30], Loss: 1.5726
Epoch [10/30], Loss: 0.9319
Epoch [15/30], Loss: 0.3639
Epoch [20/30], Loss: 0.2522
Epoch [25/30], Loss: 0.2167
Epoch [30/30], Loss: 0.1872
Epoch [5/30], Loss: 1.5941
Epoch [10/30], Loss: 0.9278
Epoch [15/30], Loss: 0.3403
Epoch [20/30], Loss: 0.2330
Epoch [25/30], Loss: 0.2019
Epoch [30/30], Loss: 0.1745
Epoch [5/30], Loss: 1.5711
Epoch [10/30], Loss: 0.9530
Epoch [15/30], Loss: 0.3692
Epoch [20/30], Loss: 0.2534
Epoch [25/30], Loss: 0.2219
Epoch [30/30], Loss: 0.1940
[00:44:36]     perm 50/50
[00:44:36]   [done] v2_MHC_en_A1 339.1s  CF: S=0.3133 I12=-0.2053 share=None accs=0.679/0.807/0.772
[00:44:36] === MHC_en / A2: d'=256 PCA-whitened (dim replication) ===
Epoch [5/30], Loss: 0.5749
Epoch [10/30], Loss: 0.0176
Epoch [15/30], Loss: 0.0049
Epoch [20/30], Loss: 0.0038
Epoch [25/30], Loss: 0.0035
Epoch [30/30], Loss: 0.0031
Epoch [5/30], Loss: 0.6087
Epoch [10/30], Loss: 0.0260
Epoch [15/30], Loss: 0.0062
Epoch [20/30], Loss: 0.0051
Epoch [25/30], Loss: 0.0047
Epoch [30/30], Loss: 0.0043
Epoch [5/30], Loss: 0.6811
Epoch [10/30], Loss: 0.0297
Epoch [15/30], Loss: 0.0055
Epoch [20/30], Loss: 0.0045
Epoch [25/30], Loss: 0.0041
Epoch [30/30], Loss: 0.0037
Epoch [5/30], Loss: 0.6515
Epoch [10/30], Loss: 0.0159
Epoch [15/30], Loss: 0.0043
Epoch [20/30], Loss: 0.0036
Epoch [25/30], Loss: 0.0033
Epoch [30/30], Loss: 0.0030
Epoch [5/30], Loss: 0.6210
Epoch [10/30], Loss: 0.0277
Epoch [15/30], Loss: 0.0057
Epoch [20/30], Loss: 0.0042
Epoch [25/30], Loss: 0.0038
Epoch [30/30], Loss: 0.0035
Epoch [5/30], Loss: 0.6887
Epoch [10/30], Loss: 0.0271
Epoch [15/30], Loss: 0.0135
Epoch [20/30], Loss: 0.0051
Epoch [25/30], Loss: 0.0046
Epoch [30/30], Loss: 0.0042
[00:47:02]   [done] v2_MHC_en_A2 138.7s  CF: S=0.8035 I12=-0.1244 share=None accs=0.669/0.761/0.729
[00:47:02] === MHC_en / A3: d'=64 PCA common-scale (scale sensitivity) ===
Epoch [5/30], Loss: 1.1633
Epoch [10/30], Loss: 0.6477
Epoch [15/30], Loss: 0.3250
Epoch [20/30], Loss: 0.2516
Epoch [25/30], Loss: 0.2290
Epoch [30/30], Loss: 0.2078
Epoch [5/30], Loss: 1.2355
Epoch [10/30], Loss: 0.6472
Epoch [15/30], Loss: 0.2781
Epoch [20/30], Loss: 0.2151
Epoch [25/30], Loss: 0.1937
Epoch [30/30], Loss: 0.1745
Epoch [5/30], Loss: 1.1900
Epoch [10/30], Loss: 0.5887
Epoch [15/30], Loss: 0.2212
Epoch [20/30], Loss: 0.1619
Epoch [25/30], Loss: 0.1425
Epoch [30/30], Loss: 0.1253
Epoch [5/30], Loss: 1.2504
Epoch [10/30], Loss: 0.6681
Epoch [15/30], Loss: 0.2985
Epoch [20/30], Loss: 0.2299
Epoch [25/30], Loss: 0.2078
Epoch [30/30], Loss: 0.1876
Epoch [5/30], Loss: 1.2305
Epoch [10/30], Loss: 0.6239
Epoch [15/30], Loss: 0.2907
Epoch [20/30], Loss: 0.2272
Epoch [25/30], Loss: 0.2059
Epoch [30/30], Loss: 0.1866
Epoch [5/30], Loss: 1.1791
Epoch [10/30], Loss: 0.6325
Epoch [15/30], Loss: 0.3154
Epoch [20/30], Loss: 0.2426
Epoch [25/30], Loss: 0.2209
Epoch [30/30], Loss: 0.2011
[00:47:19]   [done] v2_MHC_en_A3 15.3s  CF: S=0.0851 I12=-0.1851 share=None accs=0.689/0.789/0.792
[00:47:19] === MHC_en / A5: d'=64 PCA-whitened AS-SHIPPED (no zero_grad) ===
Epoch [5/30], Loss: 1.2259
Epoch [10/30], Loss: 0.5148
Epoch [15/30], Loss: 0.1704
Epoch [20/30], Loss: 0.1149
Epoch [25/30], Loss: 0.0988
Epoch [30/30], Loss: 0.0844
Epoch [5/30], Loss: 3084.9237
Epoch [10/30], Loss: 1940.1562
Epoch [15/30], Loss: 1480.7128
Epoch [20/30], Loss: 1174.6731
Epoch [25/30], Loss: 1108.7470
Epoch [30/30], Loss: 1064.1120
Epoch [5/30], Loss: 1.3101
Epoch [10/30], Loss: 0.4977
Epoch [15/30], Loss: 0.1400
Epoch [20/30], Loss: 0.1001
Epoch [25/30], Loss: 0.0867
Epoch [30/30], Loss: 0.0751
Epoch [5/30], Loss: 3462.8090
Epoch [10/30], Loss: 2307.8643
Epoch [15/30], Loss: 1733.0972
Epoch [20/30], Loss: 1404.7600
Epoch [25/30], Loss: 1347.7176
Epoch [30/30], Loss: 1308.9257
Epoch [5/30], Loss: 1.2675
Epoch [10/30], Loss: 0.4518
Epoch [15/30], Loss: 0.1062
Epoch [20/30], Loss: 0.0745
Epoch [25/30], Loss: 0.0643
Epoch [30/30], Loss: 0.0554
Epoch [5/30], Loss: 3501.6892
Epoch [10/30], Loss: 2341.1505
Epoch [15/30], Loss: 1805.0626
Epoch [20/30], Loss: 1466.2016
Epoch [25/30], Loss: 1403.4376
Epoch [30/30], Loss: 1361.5762
Epoch [5/30], Loss: 1.3145
Epoch [10/30], Loss: 0.4809
Epoch [15/30], Loss: 0.1287
Epoch [20/30], Loss: 0.0882
Epoch [25/30], Loss: 0.0761
Epoch [30/30], Loss: 0.0657
Epoch [5/30], Loss: 3603.6612
Epoch [10/30], Loss: 2347.3288
Epoch [15/30], Loss: 1765.8062
Epoch [20/30], Loss: 1465.3585
Epoch [25/30], Loss: 1411.3484
Epoch [30/30], Loss: 1371.9685
Epoch [5/30], Loss: 1.3031
Epoch [10/30], Loss: 0.4825
Epoch [15/30], Loss: 0.1574
Epoch [20/30], Loss: 0.1099
Epoch [25/30], Loss: 0.0951
Epoch [30/30], Loss: 0.0824
Epoch [5/30], Loss: 3458.5129
Epoch [10/30], Loss: 2233.3802
Epoch [15/30], Loss: 1709.3749
Epoch [20/30], Loss: 1392.4608
Epoch [25/30], Loss: 1332.1290
Epoch [30/30], Loss: 1290.6872
Epoch [5/30], Loss: 1.2784
Epoch [10/30], Loss: 0.4980
Epoch [15/30], Loss: 0.1581
Epoch [20/30], Loss: 0.1106
Epoch [25/30], Loss: 0.0961
Epoch [30/30], Loss: 0.0835
Epoch [5/30], Loss: 3128.8110
Epoch [10/30], Loss: 2139.1395
Epoch [15/30], Loss: 1659.5473
Epoch [20/30], Loss: 1345.0558
Epoch [25/30], Loss: 1282.4935
Epoch [30/30], Loss: 1241.8633
[00:47:38]   [done] v2_MHC_en_A5 15.9s  CF: S=0.3133 I12=-0.2053 share=None accs=0.679/0.807/0.772
[00:47:38] === MHC_en / C1 duplicate-stream control (ground truth S=0) ===
Epoch [5/30], Loss: 1.3971
Epoch [10/30], Loss: 0.7075
Epoch [15/30], Loss: 0.2254
Epoch [20/30], Loss: 0.1522
Epoch [25/30], Loss: 0.1321
Epoch [30/30], Loss: 0.1135
Epoch [5/30], Loss: 1.3965
Epoch [10/30], Loss: 0.6854
Epoch [15/30], Loss: 0.2169
Epoch [20/30], Loss: 0.1563
Epoch [25/30], Loss: 0.1359
Epoch [30/30], Loss: 0.1180
Epoch [5/30], Loss: 1.3691
Epoch [10/30], Loss: 0.6433
Epoch [15/30], Loss: 0.1490
Epoch [20/30], Loss: 0.1012
Epoch [25/30], Loss: 0.0864
Epoch [30/30], Loss: 0.0737
Epoch [5/30], Loss: 1.4679
Epoch [10/30], Loss: 0.7048
Epoch [15/30], Loss: 0.1914
Epoch [20/30], Loss: 0.1309
Epoch [25/30], Loss: 0.1128
Epoch [30/30], Loss: 0.0973
Epoch [5/30], Loss: 1.4392
Epoch [10/30], Loss: 0.7096
Epoch [15/30], Loss: 0.2205
Epoch [20/30], Loss: 0.1521
Epoch [25/30], Loss: 0.1313
Epoch [30/30], Loss: 0.1136
Epoch [5/30], Loss: 1.4160
Epoch [10/30], Loss: 0.6768
Epoch [15/30], Loss: 0.1917
Epoch [20/30], Loss: 0.1291
Epoch [25/30], Loss: 0.1115
Epoch [30/30], Loss: 0.0964
[00:48:01]   [done] v2_MHC_en_C1dup 22.1s  CF: S=0.2240 I12=-0.7252 share=None accs=0.679/0.687/0.672
[00:48:01] === MHC_en / C2 within-stream split-half control ===
Epoch [5/30], Loss: 1.3749
Epoch [10/30], Loss: 0.6804
Epoch [15/30], Loss: 0.2246
Epoch [20/30], Loss: 0.1467
Epoch [25/30], Loss: 0.1266
Epoch [30/30], Loss: 0.1083
Epoch [5/30], Loss: 1.3525
Epoch [10/30], Loss: 0.6231
Epoch [15/30], Loss: 0.1967
Epoch [20/30], Loss: 0.1426
Epoch [25/30], Loss: 0.1251
Epoch [30/30], Loss: 0.1096
Epoch [5/30], Loss: 1.3841
Epoch [10/30], Loss: 0.6387
Epoch [15/30], Loss: 0.1806
Epoch [20/30], Loss: 0.1240
Epoch [25/30], Loss: 0.1057
Epoch [30/30], Loss: 0.0899
Epoch [5/30], Loss: 1.4411
Epoch [10/30], Loss: 0.6736
Epoch [15/30], Loss: 0.1821
Epoch [20/30], Loss: 0.1228
Epoch [25/30], Loss: 0.1050
Epoch [30/30], Loss: 0.0898
Epoch [5/30], Loss: 1.4425
Epoch [10/30], Loss: 0.6551
Epoch [15/30], Loss: 0.2018
Epoch [20/30], Loss: 0.1354
Epoch [25/30], Loss: 0.1165
Epoch [30/30], Loss: 0.1006
Epoch [5/30], Loss: 1.4033
Epoch [10/30], Loss: 0.6593
Epoch [15/30], Loss: 0.2235
Epoch [20/30], Loss: 0.1508
Epoch [25/30], Loss: 0.1303
Epoch [30/30], Loss: 0.1125
[00:48:17]   [done] v2_MHC_en_C2half 15.1s  CF: S=0.2266 I12=-0.7281 share=None accs=0.663/0.665/0.698
[00:48:17] WROTE /data/jehc223/RGCL/refine-logs/.lsmi_out_main.json
