[2026-07-27 08:31:52] [disk_guard] ==== disk_guard start (dry_run=0, sourced=0) ====
[2026-07-27 08:31:52] [disk_guard] config: THRESHOLD=250G TARGET=250G RGCL_ROOT=/data/jehc223/RGCL B2_PREFIX=b2:junyi-data/RGCL_video
[2026-07-27 08:31:52] [disk_guard] log file: /data/jehc223/RGCL/slurm/logs/disk_guard.log
[2026-07-27 08:31:52] [disk_guard] current /data usage: 287G (threshold 250G, target 250G).
[2026-07-27 08:31:52] [disk_guard] usage 287G > threshold 250G: starting reclaim.
[2026-07-27 08:31:52] [disk_guard] Step (a): rclone VFS cache purge.
[2026-07-27 08:31:52] [disk_guard]   no rclone vfs* cache dirs present (nothing to do).
[2026-07-27 08:31:52] [disk_guard]   usage now 287G still > target 250G: continuing.
[2026-07-27 08:31:52] [disk_guard] Step (b): HuggingFace cache.
[2026-07-27 08:31:52] [disk_guard]   HF cache purge skipped (conservative); needs manual review. Set DISK_GUARD_HF_PURGE=1 to allow datasets--*/.locks removal (never models--*).
[2026-07-27 08:31:52] [disk_guard]   usage now 287G still > target 250G: continuing.
[2026-07-27 08:31:52] [disk_guard] Step (c): push-verify-prune oldest logging/ checkpoints (mirrored to B2 under logs/).
[2026-07-27 08:31:52] [disk_guard]   found 204 candidate checkpoint(s), oldest-first.
[2026-07-27 08:31:52] [disk_guard]   need to free ~37.00GB to reach target 250G.
[2026-07-27 08:31:52] [disk_guard]   candidate: /data/jehc223/RGCL/logging/Retrieval/MHC_zh/RAC_video_moka_umfloor/RAC_lr0.0001_Bz64_Ep30_cosSim_triplet_drop[0.2, 0.4, 0.1]_topK20__PseudoGold_positive_1_hard_negative_1_seed0_hybrid_loss_Qwen2.5-VL-7B-Instruct-LoRA_HF-um/ckpt/epoch_model_0_0.8589743589743589.pt
[2026-07-27 08:31:52] [disk_guard]     mtime=2026-07-26 16:46:26 size=40.03MB
[2026-07-27 08:31:52] [disk_guard]     -> b2 subpath: logs/Retrieval/MHC_zh/RAC_video_moka_umfloor/RAC_lr0.0001_Bz64_Ep30_cosSim_triplet_drop[0.2, 0.4, 0.1]_topK20__PseudoGold_positive_1_hard_negative_1_seed0_hybrid_loss_Qwen2.5-VL-7B-Instruct-LoRA_HF-um/ckpt/epoch_model_0_0.8589743589743589.pt
[2026-07-27 08:31:52] [disk_guard]     pushing to B2 ...
[2026-07-27 08:32:05] [disk_guard] verify: OK sha1=024eb8bbd41599ab42b6a35da21f2ca46f0ba203 matches at b2:junyi-data/RGCL_video/logs/Retrieval/MHC_zh/RAC_video_moka_umfloor/RAC_lr0.0001_Bz64_Ep30_cosSim_triplet_drop[0.2, 0.4, 0.1]_topK20__PseudoGold_positive_1_hard_negative_1_seed0_hybrid_loss_Qwen2.5-VL-7B-Instruct-LoRA_HF-um/ckpt/epoch_model_0_0.8589743589743589.pt
[2026-07-27 08:32:05] [disk_guard]     PRUNED local (verified on B2): /data/jehc223/RGCL/logging/Retrieval/MHC_zh/RAC_video_moka_umfloor/RAC_lr0.0001_Bz64_Ep30_cosSim_triplet_drop[0.2, 0.4, 0.1]_topK20__PseudoGold_positive_1_hard_negative_1_seed0_hybrid_loss_Qwen2.5-VL-7B-Instruct-LoRA_HF-um/ckpt/epoch_model_0_0.8589743589743589.pt  (freed 40.03MB)
[2026-07-27 08:32:05] [disk_guard]   candidate: /data/jehc223/RGCL/logging/Retrieval/MHC_zh/RAC_video_moka_umfloor/RAC_lr0.0001_Bz64_Ep30_cosSim_triplet_drop[0.2, 0.4, 0.1]_topK20__PseudoGold_positive_1_hard_negative_1_seed0_hybrid_loss_Qwen2.5-VL-7B-Instruct-LoRA_HF-um/ckpt/epoch_model_1_0.8589743589743589.pt
[2026-07-27 08:32:05] [disk_guard]     mtime=2026-07-26 16:46:27 size=40.03MB
[2026-07-27 08:32:05] [disk_guard]     -> b2 subpath: logs/Retrieval/MHC_zh/RAC_video_moka_umfloor/RAC_lr0.0001_Bz64_Ep30_cosSim_triplet_drop[0.2, 0.4, 0.1]_topK20__PseudoGold_positive_1_hard_negative_1_seed0_hybrid_loss_Qwen2.5-VL-7B-Instruct-LoRA_HF-um/ckpt/epoch_model_1_0.8589743589743589.pt
[2026-07-27 08:32:05] [disk_guard]     pushing to B2 ...
[2026-07-27 08:32:15] [disk_guard] verify: OK sha1=8c470386c569852776772ca36aff5b744f22a3a8 matches at b2:junyi-data/RGCL_video/logs/Retrieval/MHC_zh/RAC_video_moka_umfloor/RAC_lr0.0001_Bz64_Ep30_cosSim_triplet_drop[0.2, 0.4, 0.1]_topK20__PseudoGold_positive_1_hard_negative_1_seed0_hybrid_loss_Qwen2.5-VL-7B-Instruct-LoRA_HF-um/ckpt/epoch_model_1_0.8589743589743589.pt
[2026-07-27 08:32:15] [disk_guard]     PRUNED local (verified on B2): /data/jehc223/RGCL/logging/Retrieval/MHC_zh/RAC_video_moka_umfloor/RAC_lr0.0001_Bz64_Ep30_cosSim_triplet_drop[0.2, 0.4, 0.1]_topK20__PseudoGold_positive_1_hard_negative_1_seed0_hybrid_loss_Qwen2.5-VL-7B-Instruct-LoRA_HF-um/ckpt/epoch_model_1_0.8589743589743589.pt  (freed 40.03MB)
[2026-07-27 08:32:15] [disk_guard]   candidate: /data/jehc223/RGCL/logging/Retrieval/MHC_zh/RAC_video_moka_umfloor/RAC_lr0.0001_Bz64_Ep30_cosSim_triplet_drop[0.2, 0.4, 0.1]_topK20__PseudoGold_positive_1_hard_negative_1_seed0_hybrid_loss_Qwen2.5-VL-7B-Instruct-LoRA_HF-um/ckpt/epoch_model_2_0.8461538461538461.pt
[2026-07-27 08:32:15] [disk_guard]     mtime=2026-07-26 16:46:28 size=40.03MB
[2026-07-27 08:32:15] [disk_guard]     -> b2 subpath: logs/Retrieval/MHC_zh/RAC_video_moka_umfloor/RAC_lr0.0001_Bz64_Ep30_cosSim_triplet_drop[0.2, 0.4, 0.1]_topK20__PseudoGold_positive_1_hard_negative_1_seed0_hybrid_loss_Qwen2.5-VL-7B-Instruct-LoRA_HF-um/ckpt/epoch_model_2_0.8461538461538461.pt
[2026-07-27 08:32:15] [disk_guard]     pushing to B2 ...
[2026-07-27 08:32:25] [disk_guard] verify: OK sha1=0ad341ec7b3c1d57e01fa0a0a6bef6d15e1dc7ae matches at b2:junyi-data/RGCL_video/logs/Retrieval/MHC_zh/RAC_video_moka_umfloor/RAC_lr0.0001_Bz64_Ep30_cosSim_triplet_drop[0.2, 0.4, 0.1]_topK20__PseudoGold_positive_1_hard_negative_1_seed0_hybrid_loss_Qwen2.5-VL-7B-Instruct-LoRA_HF-um/ckpt/epoch_model_2_0.8461538461538461.pt
[2026-07-27 08:32:25] [disk_guard]     PRUNED local (verified on B2): /data/jehc223/RGCL/logging/Retrieval/MHC_zh/RAC_video_moka_umfloor/RAC_lr0.0001_Bz64_Ep30_cosSim_triplet_drop[0.2, 0.4, 0.1]_topK20__PseudoGold_positive_1_hard_negative_1_seed0_hybrid_loss_Qwen2.5-VL-7B-Instruct-LoRA_HF-um/ckpt/epoch_model_2_0.8461538461538461.pt  (freed 40.03MB)
[2026-07-27 08:32:25] [disk_guard]   candidate: /data/jehc223/RGCL/logging/Retrieval/MHC_zh/RAC_video_moka_umfloor/RAC_lr0.0001_Bz64_Ep30_cosSim_triplet_drop[0.2, 0.4, 0.1]_topK20__PseudoGold_positive_1_hard_negative_1_seed0_hybrid_loss_Qwen2.5-VL-7B-Instruct-LoRA_HF-um/ckpt/epoch_model_3_0.8589743589743589.pt
[2026-07-27 08:32:25] [disk_guard]     mtime=2026-07-26 16:46:28 size=40.03MB
[2026-07-27 08:32:25] [disk_guard]     -> b2 subpath: logs/Retrieval/MHC_zh/RAC_video_moka_umfloor/RAC_lr0.0001_Bz64_Ep30_cosSim_triplet_drop[0.2, 0.4, 0.1]_topK20__PseudoGold_positive_1_hard_negative_1_seed0_hybrid_loss_Qwen2.5-VL-7B-Instruct-LoRA_HF-um/ckpt/epoch_model_3_0.8589743589743589.pt
[2026-07-27 08:32:25] [disk_guard]     pushing to B2 ...
[2026-07-27 08:32:36] [disk_guard] verify: OK sha1=fa04484d7359066032fcc823f5c690a416d67bb2 matches at b2:junyi-data/RGCL_video/logs/Retrieval/MHC_zh/RAC_video_moka_umfloor/RAC_lr0.0001_Bz64_Ep30_cosSim_triplet_drop[0.2, 0.4, 0.1]_topK20__PseudoGold_positive_1_hard_negative_1_seed0_hybrid_loss_Qwen2.5-VL-7B-Instruct-LoRA_HF-um/ckpt/epoch_model_3_0.8589743589743589.pt
[2026-07-27 08:32:36] [disk_guard]     PRUNED local (verified on B2): /data/jehc223/RGCL/logging/Retrieval/MHC_zh/RAC_video_moka_umfloor/RAC_lr0.0001_Bz64_Ep30_cosSim_triplet_drop[0.2, 0.4, 0.1]_topK20__PseudoGold_positive_1_hard_negative_1_seed0_hybrid_loss_Qwen2.5-VL-7B-Instruct-LoRA_HF-um/ckpt/epoch_model_3_0.8589743589743589.pt  (freed 40.03MB)
[2026-07-27 08:32:36] [disk_guard]   candidate: /data/jehc223/RGCL/logging/Retrieval/MHC_zh/RAC_video_moka_umfloor/RAC_lr0.0001_Bz64_Ep30_cosSim_triplet_drop[0.2, 0.4, 0.1]_topK20__PseudoGold_positive_1_hard_negative_1_seed0_hybrid_loss_Qwen2.5-VL-7B-Instruct-LoRA_HF-um/ckpt/epoch_model_4_0.8846153846153846.pt
[2026-07-27 08:32:36] [disk_guard]     mtime=2026-07-26 16:46:29 size=40.03MB
[2026-07-27 08:32:36] [disk_guard]     -> b2 subpath: logs/Retrieval/MHC_zh/RAC_video_moka_umfloor/RAC_lr0.0001_Bz64_Ep30_cosSim_triplet_drop[0.2, 0.4, 0.1]_topK20__PseudoGold_positive_1_hard_negative_1_seed0_hybrid_loss_Qwen2.5-VL-7B-Instruct-LoRA_HF-um/ckpt/epoch_model_4_0.8846153846153846.pt
[2026-07-27 08:32:36] [disk_guard]     pushing to B2 ...
[2026-07-27 08:32:46] [disk_guard] verify: OK sha1=0bd886a4db805e0d4212092da06d8ce2150f5245 matches at b2:junyi-data/RGCL_video/logs/Retrieval/MHC_zh/RAC_video_moka_umfloor/RAC_lr0.0001_Bz64_Ep30_cosSim_triplet_drop[0.2, 0.4, 0.1]_topK20__PseudoGold_positive_1_hard_negative_1_seed0_hybrid_loss_Qwen2.5-VL-7B-Instruct-LoRA_HF-um/ckpt/epoch_model_4_0.8846153846153846.pt
[2026-07-27 08:32:46] [disk_guard]     PRUNED local (verified on B2): /data/jehc223/RGCL/logging/Retrieval/MHC_zh/RAC_video_moka_umfloor/RAC_lr0.0001_Bz64_Ep30_cosSim_triplet_drop[0.2, 0.4, 0.1]_topK20__PseudoGold_positive_1_hard_negative_1_seed0_hybrid_loss_Qwen2.5-VL-7B-Instruct-LoRA_HF-um/ckpt/epoch_model_4_0.8846153846153846.pt  (freed 40.03MB)
[2026-07-27 08:32:46] [disk_guard]   candidate: /data/jehc223/RGCL/logging/Retrieval/MHC_zh/RAC_video_moka_umfloor/RAC_lr0.0001_Bz64_Ep30_cosSim_triplet_drop[0.2, 0.4, 0.1]_topK20__PseudoGold_positive_1_hard_negative_1_seed0_hybrid_loss_Qwen2.5-VL-7B-Instruct-LoRA_HF-um/ckpt/epoch_model_5_0.8717948717948718.pt
[2026-07-27 08:32:46] [disk_guard]     mtime=2026-07-26 16:46:30 size=40.03MB
[2026-07-27 08:32:46] [disk_guard]     -> b2 subpath: logs/Retrieval/MHC_zh/RAC_video_moka_umfloor/RAC_lr0.0001_Bz64_Ep30_cosSim_triplet_drop[0.2, 0.4, 0.1]_topK20__PseudoGold_positive_1_hard_negative_1_seed0_hybrid_loss_Qwen2.5-VL-7B-Instruct-LoRA_HF-um/ckpt/epoch_model_5_0.8717948717948718.pt
[2026-07-27 08:32:46] [disk_guard]     pushing to B2 ...
[2026-07-27 08:32:56] [disk_guard] verify: OK sha1=713cbd4874a022fe06f2071db09e9bf97a7fb8ef matches at b2:junyi-data/RGCL_video/logs/Retrieval/MHC_zh/RAC_video_moka_umfloor/RAC_lr0.0001_Bz64_Ep30_cosSim_triplet_drop[0.2, 0.4, 0.1]_topK20__PseudoGold_positive_1_hard_negative_1_seed0_hybrid_loss_Qwen2.5-VL-7B-Instruct-LoRA_HF-um/ckpt/epoch_model_5_0.8717948717948718.pt
[2026-07-27 08:32:56] [disk_guard]     PRUNED local (verified on B2): /data/jehc223/RGCL/logging/Retrieval/MHC_zh/RAC_video_moka_umfloor/RAC_lr0.0001_Bz64_Ep30_cosSim_triplet_drop[0.2, 0.4, 0.1]_topK20__PseudoGold_positive_1_hard_negative_1_seed0_hybrid_loss_Qwen2.5-VL-7B-Instruct-LoRA_HF-um/ckpt/epoch_model_5_0.8717948717948718.pt  (freed 40.03MB)
[2026-07-27 08:32:56] [disk_guard]   candidate: /data/jehc223/RGCL/logging/Retrieval/MHC_zh/RAC_video_moka_umfloor/RAC_lr0.0001_Bz64_Ep30_cosSim_triplet_drop[0.2, 0.4, 0.1]_topK20__PseudoGold_positive_1_hard_negative_1_seed0_hybrid_loss_Qwen2.5-VL-7B-Instruct-LoRA_HF-um/ckpt/best_model_5_0.8717948717948718.pt
[2026-07-27 08:32:56] [disk_guard]     mtime=2026-07-26 16:46:30 size=40.03MB
[2026-07-27 08:32:56] [disk_guard]     -> b2 subpath: logs/Retrieval/MHC_zh/RAC_video_moka_umfloor/RAC_lr0.0001_Bz64_Ep30_cosSim_triplet_drop[0.2, 0.4, 0.1]_topK20__PseudoGold_positive_1_hard_negative_1_seed0_hybrid_loss_Qwen2.5-VL-7B-Instruct-LoRA_HF-um/ckpt/best_model_5_0.8717948717948718.pt
[2026-07-27 08:32:56] [disk_guard]     pushing to B2 ...
[2026-07-27 08:33:05] [disk_guard] verify: OK sha1=6933115102bc7c58862d4f8e92317d48a4d6d070 matches at b2:junyi-data/RGCL_video/logs/Retrieval/MHC_zh/RAC_video_moka_umfloor/RAC_lr0.0001_Bz64_Ep30_cosSim_triplet_drop[0.2, 0.4, 0.1]_topK20__PseudoGold_positive_1_hard_negative_1_seed0_hybrid_loss_Qwen2.5-VL-7B-Instruct-LoRA_HF-um/ckpt/best_model_5_0.8717948717948718.pt
[2026-07-27 08:33:05] [disk_guard]     PRUNED local (verified on B2): /data/jehc223/RGCL/logging/Retrieval/MHC_zh/RAC_video_moka_umfloor/RAC_lr0.0001_Bz64_Ep30_cosSim_triplet_drop[0.2, 0.4, 0.1]_topK20__PseudoGold_positive_1_hard_negative_1_seed0_hybrid_loss_Qwen2.5-VL-7B-Instruct-LoRA_HF-um/ckpt/best_model_5_0.8717948717948718.pt  (freed 40.03MB)
[2026-07-27 08:33:05] [disk_guard]   candidate: /data/jehc223/RGCL/logging/Retrieval/MHC_zh/RAC_video_moka_umfloor/RAC_lr0.0001_Bz64_Ep30_cosSim_triplet_drop[0.2, 0.4, 0.1]_topK20__PseudoGold_positive_1_hard_negative_1_seed0_hybrid_loss_Qwen2.5-VL-7B-Instruct-LoRA_HF-um/ckpt/epoch_model_6_0.8589743589743589.pt
[2026-07-27 08:33:05] [disk_guard]     mtime=2026-07-26 16:46:31 size=40.03MB
[2026-07-27 08:33:05] [disk_guard]     -> b2 subpath: logs/Retrieval/MHC_zh/RAC_video_moka_umfloor/RAC_lr0.0001_Bz64_Ep30_cosSim_triplet_drop[0.2, 0.4, 0.1]_topK20__PseudoGold_positive_1_hard_negative_1_seed0_hybrid_loss_Qwen2.5-VL-7B-Instruct-LoRA_HF-um/ckpt/epoch_model_6_0.8589743589743589.pt
[2026-07-27 08:33:05] [disk_guard]     pushing to B2 ...
[2026-07-27 08:33:15] [disk_guard] verify: OK sha1=d86b34e471bbabd370aac2440604c5d41ba5693e matches at b2:junyi-data/RGCL_video/logs/Retrieval/MHC_zh/RAC_video_moka_umfloor/RAC_lr0.0001_Bz64_Ep30_cosSim_triplet_drop[0.2, 0.4, 0.1]_topK20__PseudoGold_positive_1_hard_negative_1_seed0_hybrid_loss_Qwen2.5-VL-7B-Instruct-LoRA_HF-um/ckpt/epoch_model_6_0.8589743589743589.pt
[2026-07-27 08:33:15] [disk_guard]     PRUNED local (verified on B2): /data/jehc223/RGCL/logging/Retrieval/MHC_zh/RAC_video_moka_umfloor/RAC_lr0.0001_Bz64_Ep30_cosSim_triplet_drop[0.2, 0.4, 0.1]_topK20__PseudoGold_positive_1_hard_negative_1_seed0_hybrid_loss_Qwen2.5-VL-7B-Instruct-LoRA_HF-um/ckpt/epoch_model_6_0.8589743589743589.pt  (freed 40.03MB)
[2026-07-27 08:33:15] [disk_guard]   candidate: /data/jehc223/RGCL/logging/Retrieval/MHC_zh/RAC_video_moka_umfloor/RAC_lr0.0001_Bz64_Ep30_cosSim_triplet_drop[0.2, 0.4, 0.1]_topK20__PseudoGold_positive_1_hard_negative_1_seed0_hybrid_loss_Qwen2.5-VL-7B-Instruct-LoRA_HF-um/ckpt/epoch_model_7_0.8589743589743589.pt
[2026-07-27 08:33:15] [disk_guard]     mtime=2026-07-26 16:46:31 size=40.03MB
[2026-07-27 08:33:15] [disk_guard]     -> b2 subpath: logs/Retrieval/MHC_zh/RAC_video_moka_umfloor/RAC_lr0.0001_Bz64_Ep30_cosSim_triplet_drop[0.2, 0.4, 0.1]_topK20__PseudoGold_positive_1_hard_negative_1_seed0_hybrid_loss_Qwen2.5-VL-7B-Instruct-LoRA_HF-um/ckpt/epoch_model_7_0.8589743589743589.pt
[2026-07-27 08:33:15] [disk_guard]     pushing to B2 ...
[2026-07-27 08:33:26] [disk_guard] verify: OK sha1=bce3c41bece1bbe2aa11ba4c9e92e9a2f6181ae3 matches at b2:junyi-data/RGCL_video/logs/Retrieval/MHC_zh/RAC_video_moka_umfloor/RAC_lr0.0001_Bz64_Ep30_cosSim_triplet_drop[0.2, 0.4, 0.1]_topK20__PseudoGold_positive_1_hard_negative_1_seed0_hybrid_loss_Qwen2.5-VL-7B-Instruct-LoRA_HF-um/ckpt/epoch_model_7_0.8589743589743589.pt
[2026-07-27 08:33:26] [disk_guard]     PRUNED local (verified on B2): /data/jehc223/RGCL/logging/Retrieval/MHC_zh/RAC_video_moka_umfloor/RAC_lr0.0001_Bz64_Ep30_cosSim_triplet_drop[0.2, 0.4, 0.1]_topK20__PseudoGold_positive_1_hard_negative_1_seed0_hybrid_loss_Qwen2.5-VL-7B-Instruct-LoRA_HF-um/ckpt/epoch_model_7_0.8589743589743589.pt  (freed 40.03MB)
[2026-07-27 08:33:26] [disk_guard]   candidate: /data/jehc223/RGCL/logging/Retrieval/MHC_zh/RAC_video_moka_umfloor/RAC_lr0.0001_Bz64_Ep30_cosSim_triplet_drop[0.2, 0.4, 0.1]_topK20__PseudoGold_positive_1_hard_negative_1_seed0_hybrid_loss_Qwen2.5-VL-7B-Instruct-LoRA_HF-um/ckpt/epoch_model_8_0.8333333333333334.pt
[2026-07-27 08:33:26] [disk_guard]     mtime=2026-07-26 16:46:32 size=40.03MB
[2026-07-27 08:33:26] [disk_guard]     -> b2 subpath: logs/Retrieval/MHC_zh/RAC_video_moka_umfloor/RAC_lr0.0001_Bz64_Ep30_cosSim_triplet_drop[0.2, 0.4, 0.1]_topK20__PseudoGold_positive_1_hard_negative_1_seed0_hybrid_loss_Qwen2.5-VL-7B-Instruct-LoRA_HF-um/ckpt/epoch_model_8_0.8333333333333334.pt
[2026-07-27 08:33:26] [disk_guard]     pushing to B2 ...
[2026-07-27 08:33:37] [disk_guard] verify: OK sha1=d0f9af20bd6a8d9d26010d92ef71e38bd5a879f2 matches at b2:junyi-data/RGCL_video/logs/Retrieval/MHC_zh/RAC_video_moka_umfloor/RAC_lr0.0001_Bz64_Ep30_cosSim_triplet_drop[0.2, 0.4, 0.1]_topK20__PseudoGold_positive_1_hard_negative_1_seed0_hybrid_loss_Qwen2.5-VL-7B-Instruct-LoRA_HF-um/ckpt/epoch_model_8_0.8333333333333334.pt
[2026-07-27 08:33:37] [disk_guard]     PRUNED local (verified on B2): /data/jehc223/RGCL/logging/Retrieval/MHC_zh/RAC_video_moka_umfloor/RAC_lr0.0001_Bz64_Ep30_cosSim_triplet_drop[0.2, 0.4, 0.1]_topK20__PseudoGold_positive_1_hard_negative_1_seed0_hybrid_loss_Qwen2.5-VL-7B-Instruct-LoRA_HF-um/ckpt/epoch_model_8_0.8333333333333334.pt  (freed 40.03MB)
[2026-07-27 08:33:37] [disk_guard]   candidate: /data/jehc223/RGCL/logging/Retrieval/MHC_zh/RAC_video_moka_umfloor/RAC_lr0.0001_Bz64_Ep30_cosSim_triplet_drop[0.2, 0.4, 0.1]_topK20__PseudoGold_positive_1_hard_negative_1_seed0_hybrid_loss_Qwen2.5-VL-7B-Instruct-LoRA_HF-um/ckpt/epoch_model_9_0.8333333333333334.pt
[2026-07-27 08:33:37] [disk_guard]     mtime=2026-07-26 16:46:33 size=40.03MB
[2026-07-27 08:33:37] [disk_guard]     -> b2 subpath: logs/Retrieval/MHC_zh/RAC_video_moka_umfloor/RAC_lr0.0001_Bz64_Ep30_cosSim_triplet_drop[0.2, 0.4, 0.1]_topK20__PseudoGold_positive_1_hard_negative_1_seed0_hybrid_loss_Qwen2.5-VL-7B-Instruct-LoRA_HF-um/ckpt/epoch_model_9_0.8333333333333334.pt
[2026-07-27 08:33:37] [disk_guard]     pushing to B2 ...
[2026-07-27 08:33:46] [disk_guard] verify: OK sha1=1238d69dcec5ee3bcc18338cfdf49a08dae1b593 matches at b2:junyi-data/RGCL_video/logs/Retrieval/MHC_zh/RAC_video_moka_umfloor/RAC_lr0.0001_Bz64_Ep30_cosSim_triplet_drop[0.2, 0.4, 0.1]_topK20__PseudoGold_positive_1_hard_negative_1_seed0_hybrid_loss_Qwen2.5-VL-7B-Instruct-LoRA_HF-um/ckpt/epoch_model_9_0.8333333333333334.pt
[2026-07-27 08:33:47] [disk_guard]     PRUNED local (verified on B2): /data/jehc223/RGCL/logging/Retrieval/MHC_zh/RAC_video_moka_umfloor/RAC_lr0.0001_Bz64_Ep30_cosSim_triplet_drop[0.2, 0.4, 0.1]_topK20__PseudoGold_positive_1_hard_negative_1_seed0_hybrid_loss_Qwen2.5-VL-7B-Instruct-LoRA_HF-um/ckpt/epoch_model_9_0.8333333333333334.pt  (freed 40.03MB)
[2026-07-27 08:33:47] [disk_guard]   candidate: /data/jehc223/RGCL/logging/Retrieval/MHC_zh/RAC_video_moka_umfloor/RAC_lr0.0001_Bz64_Ep30_cosSim_triplet_drop[0.2, 0.4, 0.1]_topK20__PseudoGold_positive_1_hard_negative_1_seed0_hybrid_loss_Qwen2.5-VL-7B-Instruct-LoRA_HF-um/ckpt/epoch_model_10_0.8333333333333334.pt
[2026-07-27 08:33:47] [disk_guard]     mtime=2026-07-26 16:46:33 size=40.03MB
[2026-07-27 08:33:47] [disk_guard]     -> b2 subpath: logs/Retrieval/MHC_zh/RAC_video_moka_umfloor/RAC_lr0.0001_Bz64_Ep30_cosSim_triplet_drop[0.2, 0.4, 0.1]_topK20__PseudoGold_positive_1_hard_negative_1_seed0_hybrid_loss_Qwen2.5-VL-7B-Instruct-LoRA_HF-um/ckpt/epoch_model_10_0.8333333333333334.pt
[2026-07-27 08:33:47] [disk_guard]     pushing to B2 ...
[2026-07-27 08:33:56] [disk_guard] verify: OK sha1=d97ba6a9b290d079397c79583741b8d17e66d54d matches at b2:junyi-data/RGCL_video/logs/Retrieval/MHC_zh/RAC_video_moka_umfloor/RAC_lr0.0001_Bz64_Ep30_cosSim_triplet_drop[0.2, 0.4, 0.1]_topK20__PseudoGold_positive_1_hard_negative_1_seed0_hybrid_loss_Qwen2.5-VL-7B-Instruct-LoRA_HF-um/ckpt/epoch_model_10_0.8333333333333334.pt
[2026-07-27 08:33:56] [disk_guard]     PRUNED local (verified on B2): /data/jehc223/RGCL/logging/Retrieval/MHC_zh/RAC_video_moka_umfloor/RAC_lr0.0001_Bz64_Ep30_cosSim_triplet_drop[0.2, 0.4, 0.1]_topK20__PseudoGold_positive_1_hard_negative_1_seed0_hybrid_loss_Qwen2.5-VL-7B-Instruct-LoRA_HF-um/ckpt/epoch_model_10_0.8333333333333334.pt  (freed 40.03MB)
[2026-07-27 08:33:56] [disk_guard]   candidate: /data/jehc223/RGCL/logging/Retrieval/MHC_zh/RAC_video_moka_umfloor/RAC_lr0.0001_Bz64_Ep30_cosSim_triplet_drop[0.2, 0.4, 0.1]_topK20__PseudoGold_positive_1_hard_negative_1_seed0_hybrid_loss_Qwen2.5-VL-7B-Instruct-LoRA_HF-um/ckpt/epoch_model_11_0.8333333333333334.pt
[2026-07-27 08:33:56] [disk_guard]     mtime=2026-07-26 16:46:34 size=40.03MB
[2026-07-27 08:33:56] [disk_guard]     -> b2 subpath: logs/Retrieval/MHC_zh/RAC_video_moka_umfloor/RAC_lr0.0001_Bz64_Ep30_cosSim_triplet_drop[0.2, 0.4, 0.1]_topK20__PseudoGold_positive_1_hard_negative_1_seed0_hybrid_loss_Qwen2.5-VL-7B-Instruct-LoRA_HF-um/ckpt/epoch_model_11_0.8333333333333334.pt
[2026-07-27 08:33:56] [disk_guard]     pushing to B2 ...
[2026-07-27 08:34:06] [disk_guard] verify: OK sha1=5a96b14cd8caa4d0f54bf58423a6e97e01030038 matches at b2:junyi-data/RGCL_video/logs/Retrieval/MHC_zh/RAC_video_moka_umfloor/RAC_lr0.0001_Bz64_Ep30_cosSim_triplet_drop[0.2, 0.4, 0.1]_topK20__PseudoGold_positive_1_hard_negative_1_seed0_hybrid_loss_Qwen2.5-VL-7B-Instruct-LoRA_HF-um/ckpt/epoch_model_11_0.8333333333333334.pt
[2026-07-27 08:34:06] [disk_guard]     PRUNED local (verified on B2): /data/jehc223/RGCL/logging/Retrieval/MHC_zh/RAC_video_moka_umfloor/RAC_lr0.0001_Bz64_Ep30_cosSim_triplet_drop[0.2, 0.4, 0.1]_topK20__PseudoGold_positive_1_hard_negative_1_seed0_hybrid_loss_Qwen2.5-VL-7B-Instruct-LoRA_HF-um/ckpt/epoch_model_11_0.8333333333333334.pt  (freed 40.03MB)
[2026-07-27 08:34:06] [disk_guard]   candidate: /data/jehc223/RGCL/logging/Retrieval/MHC_zh/RAC_video_moka_umfloor/RAC_lr0.0001_Bz64_Ep30_cosSim_triplet_drop[0.2, 0.4, 0.1]_topK20__PseudoGold_positive_1_hard_negative_1_seed0_hybrid_loss_Qwen2.5-VL-7B-Instruct-LoRA_HF-um/ckpt/epoch_model_12_0.8076923076923077.pt
[2026-07-27 08:34:06] [disk_guard]     mtime=2026-07-26 16:46:35 size=40.03MB
[2026-07-27 08:34:06] [disk_guard]     -> b2 subpath: logs/Retrieval/MHC_zh/RAC_video_moka_umfloor/RAC_lr0.0001_Bz64_Ep30_cosSim_triplet_drop[0.2, 0.4, 0.1]_topK20__PseudoGold_positive_1_hard_negative_1_seed0_hybrid_loss_Qwen2.5-VL-7B-Instruct-LoRA_HF-um/ckpt/epoch_model_12_0.8076923076923077.pt
[2026-07-27 08:34:06] [disk_guard]     pushing to B2 ...
[2026-07-27 08:34:16] [disk_guard] verify: OK sha1=ab2bfffa538ae1bd464eb6659e08ea39cd96d57a matches at b2:junyi-data/RGCL_video/logs/Retrieval/MHC_zh/RAC_video_moka_umfloor/RAC_lr0.0001_Bz64_Ep30_cosSim_triplet_drop[0.2, 0.4, 0.1]_topK20__PseudoGold_positive_1_hard_negative_1_seed0_hybrid_loss_Qwen2.5-VL-7B-Instruct-LoRA_HF-um/ckpt/epoch_model_12_0.8076923076923077.pt
[2026-07-27 08:34:16] [disk_guard]     PRUNED local (verified on B2): /data/jehc223/RGCL/logging/Retrieval/MHC_zh/RAC_video_moka_umfloor/RAC_lr0.0001_Bz64_Ep30_cosSim_triplet_drop[0.2, 0.4, 0.1]_topK20__PseudoGold_positive_1_hard_negative_1_seed0_hybrid_loss_Qwen2.5-VL-7B-Instruct-LoRA_HF-um/ckpt/epoch_model_12_0.8076923076923077.pt  (freed 40.03MB)
[2026-07-27 08:34:16] [disk_guard]   candidate: /data/jehc223/RGCL/logging/Retrieval/MHC_zh/RAC_video_moka_umfloor/RAC_lr0.0001_Bz64_Ep30_cosSim_triplet_drop[0.2, 0.4, 0.1]_topK20__PseudoGold_positive_1_hard_negative_1_seed0_hybrid_loss_Qwen2.5-VL-7B-Instruct-LoRA_HF-um/ckpt/epoch_model_13_0.8205128205128205.pt
[2026-07-27 08:34:16] [disk_guard]     mtime=2026-07-26 16:46:36 size=40.03MB
[2026-07-27 08:34:16] [disk_guard]     -> b2 subpath: logs/Retrieval/MHC_zh/RAC_video_moka_umfloor/RAC_lr0.0001_Bz64_Ep30_cosSim_triplet_drop[0.2, 0.4, 0.1]_topK20__PseudoGold_positive_1_hard_negative_1_seed0_hybrid_loss_Qwen2.5-VL-7B-Instruct-LoRA_HF-um/ckpt/epoch_model_13_0.8205128205128205.pt
[2026-07-27 08:34:16] [disk_guard]     pushing to B2 ...
[2026-07-27 08:34:26] [disk_guard] verify: OK sha1=ace380709604e724acda04c5febf0ed03ff615b6 matches at b2:junyi-data/RGCL_video/logs/Retrieval/MHC_zh/RAC_video_moka_umfloor/RAC_lr0.0001_Bz64_Ep30_cosSim_triplet_drop[0.2, 0.4, 0.1]_topK20__PseudoGold_positive_1_hard_negative_1_seed0_hybrid_loss_Qwen2.5-VL-7B-Instruct-LoRA_HF-um/ckpt/epoch_model_13_0.8205128205128205.pt
[2026-07-27 08:34:26] [disk_guard]     PRUNED local (verified on B2): /data/jehc223/RGCL/logging/Retrieval/MHC_zh/RAC_video_moka_umfloor/RAC_lr0.0001_Bz64_Ep30_cosSim_triplet_drop[0.2, 0.4, 0.1]_topK20__PseudoGold_positive_1_hard_negative_1_seed0_hybrid_loss_Qwen2.5-VL-7B-Instruct-LoRA_HF-um/ckpt/epoch_model_13_0.8205128205128205.pt  (freed 40.03MB)
[2026-07-27 08:34:26] [disk_guard]   candidate: /data/jehc223/RGCL/logging/Retrieval/MHC_zh/RAC_video_moka_umfloor/RAC_lr0.0001_Bz64_Ep30_cosSim_triplet_drop[0.2, 0.4, 0.1]_topK20__PseudoGold_positive_1_hard_negative_1_seed0_hybrid_loss_Qwen2.5-VL-7B-Instruct-LoRA_HF-um/ckpt/epoch_model_14_0.8333333333333334.pt
[2026-07-27 08:34:26] [disk_guard]     mtime=2026-07-26 16:46:36 size=40.03MB
[2026-07-27 08:34:27] [disk_guard]     -> b2 subpath: logs/Retrieval/MHC_zh/RAC_video_moka_umfloor/RAC_lr0.0001_Bz64_Ep30_cosSim_triplet_drop[0.2, 0.4, 0.1]_topK20__PseudoGold_positive_1_hard_negative_1_seed0_hybrid_loss_Qwen2.5-VL-7B-Instruct-LoRA_HF-um/ckpt/epoch_model_14_0.8333333333333334.pt
[2026-07-27 08:34:27] [disk_guard]     pushing to B2 ...
[2026-07-27 08:34:37] [disk_guard] verify: OK sha1=51f5a4877406923754eb44e40344dda9131ff651 matches at b2:junyi-data/RGCL_video/logs/Retrieval/MHC_zh/RAC_video_moka_umfloor/RAC_lr0.0001_Bz64_Ep30_cosSim_triplet_drop[0.2, 0.4, 0.1]_topK20__PseudoGold_positive_1_hard_negative_1_seed0_hybrid_loss_Qwen2.5-VL-7B-Instruct-LoRA_HF-um/ckpt/epoch_model_14_0.8333333333333334.pt
[2026-07-27 08:34:37] [disk_guard]     PRUNED local (verified on B2): /data/jehc223/RGCL/logging/Retrieval/MHC_zh/RAC_video_moka_umfloor/RAC_lr0.0001_Bz64_Ep30_cosSim_triplet_drop[0.2, 0.4, 0.1]_topK20__PseudoGold_positive_1_hard_negative_1_seed0_hybrid_loss_Qwen2.5-VL-7B-Instruct-LoRA_HF-um/ckpt/epoch_model_14_0.8333333333333334.pt  (freed 40.03MB)
[2026-07-27 08:34:37] [disk_guard]   candidate: /data/jehc223/RGCL/logging/Retrieval/MHC_zh/RAC_video_moka_umfloor/RAC_lr0.0001_Bz64_Ep30_cosSim_triplet_drop[0.2, 0.4, 0.1]_topK20__PseudoGold_positive_1_hard_negative_1_seed0_hybrid_loss_Qwen2.5-VL-7B-Instruct-LoRA_HF-um/ckpt/epoch_model_15_0.8333333333333334.pt
[2026-07-27 08:34:37] [disk_guard]     mtime=2026-07-26 16:46:37 size=40.03MB
[2026-07-27 08:34:37] [disk_guard]     -> b2 subpath: logs/Retrieval/MHC_zh/RAC_video_moka_umfloor/RAC_lr0.0001_Bz64_Ep30_cosSim_triplet_drop[0.2, 0.4, 0.1]_topK20__PseudoGold_positive_1_hard_negative_1_seed0_hybrid_loss_Qwen2.5-VL-7B-Instruct-LoRA_HF-um/ckpt/epoch_model_15_0.8333333333333334.pt
[2026-07-27 08:34:37] [disk_guard]     pushing to B2 ...
[2026-07-27 08:34:47] [disk_guard] verify: OK sha1=499fc786a0672796775b5ca9079938ace6169b41 matches at b2:junyi-data/RGCL_video/logs/Retrieval/MHC_zh/RAC_video_moka_umfloor/RAC_lr0.0001_Bz64_Ep30_cosSim_triplet_drop[0.2, 0.4, 0.1]_topK20__PseudoGold_positive_1_hard_negative_1_seed0_hybrid_loss_Qwen2.5-VL-7B-Instruct-LoRA_HF-um/ckpt/epoch_model_15_0.8333333333333334.pt
[2026-07-27 08:34:47] [disk_guard]     PRUNED local (verified on B2): /data/jehc223/RGCL/logging/Retrieval/MHC_zh/RAC_video_moka_umfloor/RAC_lr0.0001_Bz64_Ep30_cosSim_triplet_drop[0.2, 0.4, 0.1]_topK20__PseudoGold_positive_1_hard_negative_1_seed0_hybrid_loss_Qwen2.5-VL-7B-Instruct-LoRA_HF-um/ckpt/epoch_model_15_0.8333333333333334.pt  (freed 40.03MB)
[2026-07-27 08:34:47] [disk_guard]   candidate: /data/jehc223/RGCL/logging/Retrieval/MHC_zh/RAC_video_moka_umfloor/RAC_lr0.0001_Bz64_Ep30_cosSim_triplet_drop[0.2, 0.4, 0.1]_topK20__PseudoGold_positive_1_hard_negative_1_seed0_hybrid_loss_Qwen2.5-VL-7B-Instruct-LoRA_HF-um/ckpt/epoch_model_16_0.8333333333333334.pt
[2026-07-27 08:34:47] [disk_guard]     mtime=2026-07-26 16:46:38 size=40.03MB
[2026-07-27 08:34:47] [disk_guard]     -> b2 subpath: logs/Retrieval/MHC_zh/RAC_video_moka_umfloor/RAC_lr0.0001_Bz64_Ep30_cosSim_triplet_drop[0.2, 0.4, 0.1]_topK20__PseudoGold_positive_1_hard_negative_1_seed0_hybrid_loss_Qwen2.5-VL-7B-Instruct-LoRA_HF-um/ckpt/epoch_model_16_0.8333333333333334.pt
[2026-07-27 08:34:47] [disk_guard]     pushing to B2 ...
[2026-07-27 08:34:57] [disk_guard] verify: OK sha1=ac9cc7e96661d66f1006a2f677a345cbefd255ea matches at b2:junyi-data/RGCL_video/logs/Retrieval/MHC_zh/RAC_video_moka_umfloor/RAC_lr0.0001_Bz64_Ep30_cosSim_triplet_drop[0.2, 0.4, 0.1]_topK20__PseudoGold_positive_1_hard_negative_1_seed0_hybrid_loss_Qwen2.5-VL-7B-Instruct-LoRA_HF-um/ckpt/epoch_model_16_0.8333333333333334.pt
[2026-07-27 08:34:57] [disk_guard]     PRUNED local (verified on B2): /data/jehc223/RGCL/logging/Retrieval/MHC_zh/RAC_video_moka_umfloor/RAC_lr0.0001_Bz64_Ep30_cosSim_triplet_drop[0.2, 0.4, 0.1]_topK20__PseudoGold_positive_1_hard_negative_1_seed0_hybrid_loss_Qwen2.5-VL-7B-Instruct-LoRA_HF-um/ckpt/epoch_model_16_0.8333333333333334.pt  (freed 40.03MB)
[2026-07-27 08:34:57] [disk_guard]   candidate: /data/jehc223/RGCL/logging/Retrieval/MHC_zh/RAC_video_moka_umfloor/RAC_lr0.0001_Bz64_Ep30_cosSim_triplet_drop[0.2, 0.4, 0.1]_topK20__PseudoGold_positive_1_hard_negative_1_seed0_hybrid_loss_Qwen2.5-VL-7B-Instruct-LoRA_HF-um/ckpt/epoch_model_17_0.8333333333333334.pt
[2026-07-27 08:34:57] [disk_guard]     mtime=2026-07-26 16:46:39 size=40.03MB
[2026-07-27 08:34:57] [disk_guard]     -> b2 subpath: logs/Retrieval/MHC_zh/RAC_video_moka_umfloor/RAC_lr0.0001_Bz64_Ep30_cosSim_triplet_drop[0.2, 0.4, 0.1]_topK20__PseudoGold_positive_1_hard_negative_1_seed0_hybrid_loss_Qwen2.5-VL-7B-Instruct-LoRA_HF-um/ckpt/epoch_model_17_0.8333333333333334.pt
[2026-07-27 08:34:57] [disk_guard]     pushing to B2 ...
[2026-07-27 08:35:07] [disk_guard] verify: OK sha1=e07273157da8f79a44dc6c99e349bd385cf54026 matches at b2:junyi-data/RGCL_video/logs/Retrieval/MHC_zh/RAC_video_moka_umfloor/RAC_lr0.0001_Bz64_Ep30_cosSim_triplet_drop[0.2, 0.4, 0.1]_topK20__PseudoGold_positive_1_hard_negative_1_seed0_hybrid_loss_Qwen2.5-VL-7B-Instruct-LoRA_HF-um/ckpt/epoch_model_17_0.8333333333333334.pt
[2026-07-27 08:35:07] [disk_guard]     PRUNED local (verified on B2): /data/jehc223/RGCL/logging/Retrieval/MHC_zh/RAC_video_moka_umfloor/RAC_lr0.0001_Bz64_Ep30_cosSim_triplet_drop[0.2, 0.4, 0.1]_topK20__PseudoGold_positive_1_hard_negative_1_seed0_hybrid_loss_Qwen2.5-VL-7B-Instruct-LoRA_HF-um/ckpt/epoch_model_17_0.8333333333333334.pt  (freed 40.03MB)
[2026-07-27 08:35:07] [disk_guard]   candidate: /data/jehc223/RGCL/logging/Retrieval/MHC_zh/RAC_video_moka_umfloor/RAC_lr0.0001_Bz64_Ep30_cosSim_triplet_drop[0.2, 0.4, 0.1]_topK20__PseudoGold_positive_1_hard_negative_1_seed0_hybrid_loss_Qwen2.5-VL-7B-Instruct-LoRA_HF-um/ckpt/epoch_model_18_0.8461538461538461.pt
[2026-07-27 08:35:07] [disk_guard]     mtime=2026-07-26 16:46:40 size=40.03MB
[2026-07-27 08:35:07] [disk_guard]     -> b2 subpath: logs/Retrieval/MHC_zh/RAC_video_moka_umfloor/RAC_lr0.0001_Bz64_Ep30_cosSim_triplet_drop[0.2, 0.4, 0.1]_topK20__PseudoGold_positive_1_hard_negative_1_seed0_hybrid_loss_Qwen2.5-VL-7B-Instruct-LoRA_HF-um/ckpt/epoch_model_18_0.8461538461538461.pt
[2026-07-27 08:35:07] [disk_guard]     pushing to B2 ...
[2026-07-27 08:35:17] [disk_guard] verify: OK sha1=860b57375e0d7bafc53ac8b3bf57042fec8a3c99 matches at b2:junyi-data/RGCL_video/logs/Retrieval/MHC_zh/RAC_video_moka_umfloor/RAC_lr0.0001_Bz64_Ep30_cosSim_triplet_drop[0.2, 0.4, 0.1]_topK20__PseudoGold_positive_1_hard_negative_1_seed0_hybrid_loss_Qwen2.5-VL-7B-Instruct-LoRA_HF-um/ckpt/epoch_model_18_0.8461538461538461.pt
[2026-07-27 08:35:17] [disk_guard]     PRUNED local (verified on B2): /data/jehc223/RGCL/logging/Retrieval/MHC_zh/RAC_video_moka_umfloor/RAC_lr0.0001_Bz64_Ep30_cosSim_triplet_drop[0.2, 0.4, 0.1]_topK20__PseudoGold_positive_1_hard_negative_1_seed0_hybrid_loss_Qwen2.5-VL-7B-Instruct-LoRA_HF-um/ckpt/epoch_model_18_0.8461538461538461.pt  (freed 40.03MB)
[2026-07-27 08:35:17] [disk_guard]   candidate: /data/jehc223/RGCL/logging/Retrieval/MHC_zh/RAC_video_moka_umfloor/RAC_lr0.0001_Bz64_Ep30_cosSim_triplet_drop[0.2, 0.4, 0.1]_topK20__PseudoGold_positive_1_hard_negative_1_seed0_hybrid_loss_Qwen2.5-VL-7B-Instruct-LoRA_HF-um/ckpt/epoch_model_19_0.8333333333333334.pt
[2026-07-27 08:35:17] [disk_guard]     mtime=2026-07-26 16:46:40 size=40.03MB
[2026-07-27 08:35:17] [disk_guard]     -> b2 subpath: logs/Retrieval/MHC_zh/RAC_video_moka_umfloor/RAC_lr0.0001_Bz64_Ep30_cosSim_triplet_drop[0.2, 0.4, 0.1]_topK20__PseudoGold_positive_1_hard_negative_1_seed0_hybrid_loss_Qwen2.5-VL-7B-Instruct-LoRA_HF-um/ckpt/epoch_model_19_0.8333333333333334.pt
[2026-07-27 08:35:17] [disk_guard]     pushing to B2 ...
[2026-07-27 08:35:27] [disk_guard] verify: OK sha1=976d058ebe80dd7cf0becbb4a523ba3df5757c89 matches at b2:junyi-data/RGCL_video/logs/Retrieval/MHC_zh/RAC_video_moka_umfloor/RAC_lr0.0001_Bz64_Ep30_cosSim_triplet_drop[0.2, 0.4, 0.1]_topK20__PseudoGold_positive_1_hard_negative_1_seed0_hybrid_loss_Qwen2.5-VL-7B-Instruct-LoRA_HF-um/ckpt/epoch_model_19_0.8333333333333334.pt
[2026-07-27 08:35:27] [disk_guard]     PRUNED local (verified on B2): /data/jehc223/RGCL/logging/Retrieval/MHC_zh/RAC_video_moka_umfloor/RAC_lr0.0001_Bz64_Ep30_cosSim_triplet_drop[0.2, 0.4, 0.1]_topK20__PseudoGold_positive_1_hard_negative_1_seed0_hybrid_loss_Qwen2.5-VL-7B-Instruct-LoRA_HF-um/ckpt/epoch_model_19_0.8333333333333334.pt  (freed 40.03MB)
[2026-07-27 08:35:27] [disk_guard]   candidate: /data/jehc223/RGCL/logging/Retrieval/MHC_zh/RAC_video_moka_umfloor/RAC_lr0.0001_Bz64_Ep30_cosSim_triplet_drop[0.2, 0.4, 0.1]_topK20__PseudoGold_positive_1_hard_negative_1_seed0_hybrid_loss_Qwen2.5-VL-7B-Instruct-LoRA_HF-um/ckpt/epoch_model_20_0.8461538461538461.pt
[2026-07-27 08:35:27] [disk_guard]     mtime=2026-07-26 16:46:41 size=40.03MB
[2026-07-27 08:35:27] [disk_guard]     -> b2 subpath: logs/Retrieval/MHC_zh/RAC_video_moka_umfloor/RAC_lr0.0001_Bz64_Ep30_cosSim_triplet_drop[0.2, 0.4, 0.1]_topK20__PseudoGold_positive_1_hard_negative_1_seed0_hybrid_loss_Qwen2.5-VL-7B-Instruct-LoRA_HF-um/ckpt/epoch_model_20_0.8461538461538461.pt
[2026-07-27 08:35:27] [disk_guard]     pushing to B2 ...
[2026-07-27 08:35:39] [disk_guard] verify: OK sha1=fa1841a2919aaf8eb2b429711341d022bb0ef33c matches at b2:junyi-data/RGCL_video/logs/Retrieval/MHC_zh/RAC_video_moka_umfloor/RAC_lr0.0001_Bz64_Ep30_cosSim_triplet_drop[0.2, 0.4, 0.1]_topK20__PseudoGold_positive_1_hard_negative_1_seed0_hybrid_loss_Qwen2.5-VL-7B-Instruct-LoRA_HF-um/ckpt/epoch_model_20_0.8461538461538461.pt
[2026-07-27 08:35:39] [disk_guard]     PRUNED local (verified on B2): /data/jehc223/RGCL/logging/Retrieval/MHC_zh/RAC_video_moka_umfloor/RAC_lr0.0001_Bz64_Ep30_cosSim_triplet_drop[0.2, 0.4, 0.1]_topK20__PseudoGold_positive_1_hard_negative_1_seed0_hybrid_loss_Qwen2.5-VL-7B-Instruct-LoRA_HF-um/ckpt/epoch_model_20_0.8461538461538461.pt  (freed 40.03MB)
[2026-07-27 08:35:39] [disk_guard]   candidate: /data/jehc223/RGCL/logging/Retrieval/MHC_zh/RAC_video_moka_umfloor/RAC_lr0.0001_Bz64_Ep30_cosSim_triplet_drop[0.2, 0.4, 0.1]_topK20__PseudoGold_positive_1_hard_negative_1_seed0_hybrid_loss_Qwen2.5-VL-7B-Instruct-LoRA_HF-um/ckpt/epoch_model_21_0.8589743589743589.pt
[2026-07-27 08:35:39] [disk_guard]     mtime=2026-07-26 16:46:42 size=40.03MB
[2026-07-27 08:35:39] [disk_guard]     -> b2 subpath: logs/Retrieval/MHC_zh/RAC_video_moka_umfloor/RAC_lr0.0001_Bz64_Ep30_cosSim_triplet_drop[0.2, 0.4, 0.1]_topK20__PseudoGold_positive_1_hard_negative_1_seed0_hybrid_loss_Qwen2.5-VL-7B-Instruct-LoRA_HF-um/ckpt/epoch_model_21_0.8589743589743589.pt
[2026-07-27 08:35:39] [disk_guard]     pushing to B2 ...
[2026-07-27 08:35:49] [disk_guard] verify: OK sha1=a466ef88c9f12f7887b659d0c5d70ce236e2ebf6 matches at b2:junyi-data/RGCL_video/logs/Retrieval/MHC_zh/RAC_video_moka_umfloor/RAC_lr0.0001_Bz64_Ep30_cosSim_triplet_drop[0.2, 0.4, 0.1]_topK20__PseudoGold_positive_1_hard_negative_1_seed0_hybrid_loss_Qwen2.5-VL-7B-Instruct-LoRA_HF-um/ckpt/epoch_model_21_0.8589743589743589.pt
[2026-07-27 08:35:49] [disk_guard]     PRUNED local (verified on B2): /data/jehc223/RGCL/logging/Retrieval/MHC_zh/RAC_video_moka_umfloor/RAC_lr0.0001_Bz64_Ep30_cosSim_triplet_drop[0.2, 0.4, 0.1]_topK20__PseudoGold_positive_1_hard_negative_1_seed0_hybrid_loss_Qwen2.5-VL-7B-Instruct-LoRA_HF-um/ckpt/epoch_model_21_0.8589743589743589.pt  (freed 40.03MB)
[2026-07-27 08:35:49] [disk_guard]   candidate: /data/jehc223/RGCL/logging/Retrieval/MHC_zh/RAC_video_moka_umfloor/RAC_lr0.0001_Bz64_Ep30_cosSim_triplet_drop[0.2, 0.4, 0.1]_topK20__PseudoGold_positive_1_hard_negative_1_seed0_hybrid_loss_Qwen2.5-VL-7B-Instruct-LoRA_HF-um/ckpt/epoch_model_22_0.8461538461538461.pt
[2026-07-27 08:35:49] [disk_guard]     mtime=2026-07-26 16:46:43 size=40.03MB
[2026-07-27 08:35:49] [disk_guard]     -> b2 subpath: logs/Retrieval/MHC_zh/RAC_video_moka_umfloor/RAC_lr0.0001_Bz64_Ep30_cosSim_triplet_drop[0.2, 0.4, 0.1]_topK20__PseudoGold_positive_1_hard_negative_1_seed0_hybrid_loss_Qwen2.5-VL-7B-Instruct-LoRA_HF-um/ckpt/epoch_model_22_0.8461538461538461.pt
[2026-07-27 08:35:49] [disk_guard]     pushing to B2 ...
[2026-07-27 08:36:00] [disk_guard] verify: OK sha1=e19ffc1ec449357883208da177d16e009a0e936d matches at b2:junyi-data/RGCL_video/logs/Retrieval/MHC_zh/RAC_video_moka_umfloor/RAC_lr0.0001_Bz64_Ep30_cosSim_triplet_drop[0.2, 0.4, 0.1]_topK20__PseudoGold_positive_1_hard_negative_1_seed0_hybrid_loss_Qwen2.5-VL-7B-Instruct-LoRA_HF-um/ckpt/epoch_model_22_0.8461538461538461.pt
[2026-07-27 08:36:00] [disk_guard]     PRUNED local (verified on B2): /data/jehc223/RGCL/logging/Retrieval/MHC_zh/RAC_video_moka_umfloor/RAC_lr0.0001_Bz64_Ep30_cosSim_triplet_drop[0.2, 0.4, 0.1]_topK20__PseudoGold_positive_1_hard_negative_1_seed0_hybrid_loss_Qwen2.5-VL-7B-Instruct-LoRA_HF-um/ckpt/epoch_model_22_0.8461538461538461.pt  (freed 40.03MB)
[2026-07-27 08:36:00] [disk_guard]   candidate: /data/jehc223/RGCL/logging/Retrieval/MHC_zh/RAC_video_moka_umfloor/RAC_lr0.0001_Bz64_Ep30_cosSim_triplet_drop[0.2, 0.4, 0.1]_topK20__PseudoGold_positive_1_hard_negative_1_seed0_hybrid_loss_Qwen2.5-VL-7B-Instruct-LoRA_HF-um/ckpt/epoch_model_23_0.8461538461538461.pt
[2026-07-27 08:36:00] [disk_guard]     mtime=2026-07-26 16:46:44 size=40.03MB
[2026-07-27 08:36:00] [disk_guard]     -> b2 subpath: logs/Retrieval/MHC_zh/RAC_video_moka_umfloor/RAC_lr0.0001_Bz64_Ep30_cosSim_triplet_drop[0.2, 0.4, 0.1]_topK20__PseudoGold_positive_1_hard_negative_1_seed0_hybrid_loss_Qwen2.5-VL-7B-Instruct-LoRA_HF-um/ckpt/epoch_model_23_0.8461538461538461.pt
[2026-07-27 08:36:00] [disk_guard]     pushing to B2 ...
[2026-07-27 08:36:11] [disk_guard] verify: OK sha1=bd0d66b4fbd6743d6084017ce85692d562218058 matches at b2:junyi-data/RGCL_video/logs/Retrieval/MHC_zh/RAC_video_moka_umfloor/RAC_lr0.0001_Bz64_Ep30_cosSim_triplet_drop[0.2, 0.4, 0.1]_topK20__PseudoGold_positive_1_hard_negative_1_seed0_hybrid_loss_Qwen2.5-VL-7B-Instruct-LoRA_HF-um/ckpt/epoch_model_23_0.8461538461538461.pt
[2026-07-27 08:36:11] [disk_guard]     PRUNED local (verified on B2): /data/jehc223/RGCL/logging/Retrieval/MHC_zh/RAC_video_moka_umfloor/RAC_lr0.0001_Bz64_Ep30_cosSim_triplet_drop[0.2, 0.4, 0.1]_topK20__PseudoGold_positive_1_hard_negative_1_seed0_hybrid_loss_Qwen2.5-VL-7B-Instruct-LoRA_HF-um/ckpt/epoch_model_23_0.8461538461538461.pt  (freed 40.03MB)
[2026-07-27 08:36:11] [disk_guard]   candidate: /data/jehc223/RGCL/logging/Retrieval/MHC_zh/RAC_video_moka_umfloor/RAC_lr0.0001_Bz64_Ep30_cosSim_triplet_drop[0.2, 0.4, 0.1]_topK20__PseudoGold_positive_1_hard_negative_1_seed0_hybrid_loss_Qwen2.5-VL-7B-Instruct-LoRA_HF-um/ckpt/epoch_model_24_0.8717948717948718.pt
[2026-07-27 08:36:11] [disk_guard]     mtime=2026-07-26 16:46:44 size=40.03MB
[2026-07-27 08:36:11] [disk_guard]     -> b2 subpath: logs/Retrieval/MHC_zh/RAC_video_moka_umfloor/RAC_lr0.0001_Bz64_Ep30_cosSim_triplet_drop[0.2, 0.4, 0.1]_topK20__PseudoGold_positive_1_hard_negative_1_seed0_hybrid_loss_Qwen2.5-VL-7B-Instruct-LoRA_HF-um/ckpt/epoch_model_24_0.8717948717948718.pt
[2026-07-27 08:36:11] [disk_guard]     pushing to B2 ...
[2026-07-27 08:36:21] [disk_guard] verify: OK sha1=88e0bdcc9e2867fa34ed64ce9f86314a2c3ced35 matches at b2:junyi-data/RGCL_video/logs/Retrieval/MHC_zh/RAC_video_moka_umfloor/RAC_lr0.0001_Bz64_Ep30_cosSim_triplet_drop[0.2, 0.4, 0.1]_topK20__PseudoGold_positive_1_hard_negative_1_seed0_hybrid_loss_Qwen2.5-VL-7B-Instruct-LoRA_HF-um/ckpt/epoch_model_24_0.8717948717948718.pt
[2026-07-27 08:36:21] [disk_guard]     PRUNED local (verified on B2): /data/jehc223/RGCL/logging/Retrieval/MHC_zh/RAC_video_moka_umfloor/RAC_lr0.0001_Bz64_Ep30_cosSim_triplet_drop[0.2, 0.4, 0.1]_topK20__PseudoGold_positive_1_hard_negative_1_seed0_hybrid_loss_Qwen2.5-VL-7B-Instruct-LoRA_HF-um/ckpt/epoch_model_24_0.8717948717948718.pt  (freed 40.03MB)
[2026-07-27 08:36:21] [disk_guard]   candidate: /data/jehc223/RGCL/logging/Retrieval/MHC_zh/RAC_video_moka_umfloor/RAC_lr0.0001_Bz64_Ep30_cosSim_triplet_drop[0.2, 0.4, 0.1]_topK20__PseudoGold_positive_1_hard_negative_1_seed0_hybrid_loss_Qwen2.5-VL-7B-Instruct-LoRA_HF-um/ckpt/epoch_model_25_0.8589743589743589.pt
[2026-07-27 08:36:21] [disk_guard]     mtime=2026-07-26 16:46:45 size=40.03MB
[2026-07-27 08:36:21] [disk_guard]     -> b2 subpath: logs/Retrieval/MHC_zh/RAC_video_moka_umfloor/RAC_lr0.0001_Bz64_Ep30_cosSim_triplet_drop[0.2, 0.4, 0.1]_topK20__PseudoGold_positive_1_hard_negative_1_seed0_hybrid_loss_Qwen2.5-VL-7B-Instruct-LoRA_HF-um/ckpt/epoch_model_25_0.8589743589743589.pt
[2026-07-27 08:36:21] [disk_guard]     pushing to B2 ...
[2026-07-27 08:36:33] [disk_guard] verify: OK sha1=046f5268dcd02b12967743ba50ecf489f5209812 matches at b2:junyi-data/RGCL_video/logs/Retrieval/MHC_zh/RAC_video_moka_umfloor/RAC_lr0.0001_Bz64_Ep30_cosSim_triplet_drop[0.2, 0.4, 0.1]_topK20__PseudoGold_positive_1_hard_negative_1_seed0_hybrid_loss_Qwen2.5-VL-7B-Instruct-LoRA_HF-um/ckpt/epoch_model_25_0.8589743589743589.pt
[2026-07-27 08:36:33] [disk_guard]     PRUNED local (verified on B2): /data/jehc223/RGCL/logging/Retrieval/MHC_zh/RAC_video_moka_umfloor/RAC_lr0.0001_Bz64_Ep30_cosSim_triplet_drop[0.2, 0.4, 0.1]_topK20__PseudoGold_positive_1_hard_negative_1_seed0_hybrid_loss_Qwen2.5-VL-7B-Instruct-LoRA_HF-um/ckpt/epoch_model_25_0.8589743589743589.pt  (freed 40.03MB)
[2026-07-27 08:36:33] [disk_guard]   candidate: /data/jehc223/RGCL/logging/Retrieval/MHC_zh/RAC_video_moka_umfloor/RAC_lr0.0001_Bz64_Ep30_cosSim_triplet_drop[0.2, 0.4, 0.1]_topK20__PseudoGold_positive_1_hard_negative_1_seed0_hybrid_loss_Qwen2.5-VL-7B-Instruct-LoRA_HF-um/ckpt/epoch_model_26_0.8461538461538461.pt
[2026-07-27 08:36:33] [disk_guard]     mtime=2026-07-26 16:46:46 size=40.03MB
[2026-07-27 08:36:33] [disk_guard]     -> b2 subpath: logs/Retrieval/MHC_zh/RAC_video_moka_umfloor/RAC_lr0.0001_Bz64_Ep30_cosSim_triplet_drop[0.2, 0.4, 0.1]_topK20__PseudoGold_positive_1_hard_negative_1_seed0_hybrid_loss_Qwen2.5-VL-7B-Instruct-LoRA_HF-um/ckpt/epoch_model_26_0.8461538461538461.pt
[2026-07-27 08:36:33] [disk_guard]     pushing to B2 ...
[2026-07-27 08:36:42] [disk_guard] verify: OK sha1=7ed03ba93fe72c5b46d0b553376d8b4f4534a93f matches at b2:junyi-data/RGCL_video/logs/Retrieval/MHC_zh/RAC_video_moka_umfloor/RAC_lr0.0001_Bz64_Ep30_cosSim_triplet_drop[0.2, 0.4, 0.1]_topK20__PseudoGold_positive_1_hard_negative_1_seed0_hybrid_loss_Qwen2.5-VL-7B-Instruct-LoRA_HF-um/ckpt/epoch_model_26_0.8461538461538461.pt
[2026-07-27 08:36:42] [disk_guard]     PRUNED local (verified on B2): /data/jehc223/RGCL/logging/Retrieval/MHC_zh/RAC_video_moka_umfloor/RAC_lr0.0001_Bz64_Ep30_cosSim_triplet_drop[0.2, 0.4, 0.1]_topK20__PseudoGold_positive_1_hard_negative_1_seed0_hybrid_loss_Qwen2.5-VL-7B-Instruct-LoRA_HF-um/ckpt/epoch_model_26_0.8461538461538461.pt  (freed 40.03MB)
[2026-07-27 08:36:42] [disk_guard]   candidate: /data/jehc223/RGCL/logging/Retrieval/MHC_zh/RAC_video_moka_umfloor/RAC_lr0.0001_Bz64_Ep30_cosSim_triplet_drop[0.2, 0.4, 0.1]_topK20__PseudoGold_positive_1_hard_negative_1_seed0_hybrid_loss_Qwen2.5-VL-7B-Instruct-LoRA_HF-um/ckpt/epoch_model_27_0.8461538461538461.pt
[2026-07-27 08:36:42] [disk_guard]     mtime=2026-07-26 16:46:47 size=40.03MB
[2026-07-27 08:36:42] [disk_guard]     -> b2 subpath: logs/Retrieval/MHC_zh/RAC_video_moka_umfloor/RAC_lr0.0001_Bz64_Ep30_cosSim_triplet_drop[0.2, 0.4, 0.1]_topK20__PseudoGold_positive_1_hard_negative_1_seed0_hybrid_loss_Qwen2.5-VL-7B-Instruct-LoRA_HF-um/ckpt/epoch_model_27_0.8461538461538461.pt
[2026-07-27 08:36:42] [disk_guard]     pushing to B2 ...
[2026-07-27 08:36:53] [disk_guard] verify: OK sha1=8b1a81b646ef95958abb76ff2e05939fef7c1af0 matches at b2:junyi-data/RGCL_video/logs/Retrieval/MHC_zh/RAC_video_moka_umfloor/RAC_lr0.0001_Bz64_Ep30_cosSim_triplet_drop[0.2, 0.4, 0.1]_topK20__PseudoGold_positive_1_hard_negative_1_seed0_hybrid_loss_Qwen2.5-VL-7B-Instruct-LoRA_HF-um/ckpt/epoch_model_27_0.8461538461538461.pt
[2026-07-27 08:36:53] [disk_guard]     PRUNED local (verified on B2): /data/jehc223/RGCL/logging/Retrieval/MHC_zh/RAC_video_moka_umfloor/RAC_lr0.0001_Bz64_Ep30_cosSim_triplet_drop[0.2, 0.4, 0.1]_topK20__PseudoGold_positive_1_hard_negative_1_seed0_hybrid_loss_Qwen2.5-VL-7B-Instruct-LoRA_HF-um/ckpt/epoch_model_27_0.8461538461538461.pt  (freed 40.03MB)
[2026-07-27 08:36:53] [disk_guard]   candidate: /data/jehc223/RGCL/logging/Retrieval/MHC_zh/RAC_video_moka_umfloor/RAC_lr0.0001_Bz64_Ep30_cosSim_triplet_drop[0.2, 0.4, 0.1]_topK20__PseudoGold_positive_1_hard_negative_1_seed0_hybrid_loss_Qwen2.5-VL-7B-Instruct-LoRA_HF-um/ckpt/epoch_model_28_0.8461538461538461.pt
[2026-07-27 08:36:53] [disk_guard]     mtime=2026-07-26 16:46:48 size=40.03MB
[2026-07-27 08:36:53] [disk_guard]     -> b2 subpath: logs/Retrieval/MHC_zh/RAC_video_moka_umfloor/RAC_lr0.0001_Bz64_Ep30_cosSim_triplet_drop[0.2, 0.4, 0.1]_topK20__PseudoGold_positive_1_hard_negative_1_seed0_hybrid_loss_Qwen2.5-VL-7B-Instruct-LoRA_HF-um/ckpt/epoch_model_28_0.8461538461538461.pt
[2026-07-27 08:36:53] [disk_guard]     pushing to B2 ...
[2026-07-27 08:37:04] [disk_guard] verify: OK sha1=f39314904351b3d4c84c912dc82199e1cd444280 matches at b2:junyi-data/RGCL_video/logs/Retrieval/MHC_zh/RAC_video_moka_umfloor/RAC_lr0.0001_Bz64_Ep30_cosSim_triplet_drop[0.2, 0.4, 0.1]_topK20__PseudoGold_positive_1_hard_negative_1_seed0_hybrid_loss_Qwen2.5-VL-7B-Instruct-LoRA_HF-um/ckpt/epoch_model_28_0.8461538461538461.pt
[2026-07-27 08:37:04] [disk_guard]     PRUNED local (verified on B2): /data/jehc223/RGCL/logging/Retrieval/MHC_zh/RAC_video_moka_umfloor/RAC_lr0.0001_Bz64_Ep30_cosSim_triplet_drop[0.2, 0.4, 0.1]_topK20__PseudoGold_positive_1_hard_negative_1_seed0_hybrid_loss_Qwen2.5-VL-7B-Instruct-LoRA_HF-um/ckpt/epoch_model_28_0.8461538461538461.pt  (freed 40.03MB)
[2026-07-27 08:37:04] [disk_guard]   candidate: /data/jehc223/RGCL/logging/Retrieval/MHC_zh/RAC_video_moka_umfloor/RAC_lr0.0001_Bz64_Ep30_cosSim_triplet_drop[0.2, 0.4, 0.1]_topK20__PseudoGold_positive_1_hard_negative_1_seed0_hybrid_loss_Qwen2.5-VL-7B-Instruct-LoRA_HF-um/ckpt/epoch_model_29_0.8461538461538461.pt
[2026-07-27 08:37:04] [disk_guard]     mtime=2026-07-26 16:46:48 size=40.03MB
[2026-07-27 08:37:04] [disk_guard]     -> b2 subpath: logs/Retrieval/MHC_zh/RAC_video_moka_umfloor/RAC_lr0.0001_Bz64_Ep30_cosSim_triplet_drop[0.2, 0.4, 0.1]_topK20__PseudoGold_positive_1_hard_negative_1_seed0_hybrid_loss_Qwen2.5-VL-7B-Instruct-LoRA_HF-um/ckpt/epoch_model_29_0.8461538461538461.pt
[2026-07-27 08:37:04] [disk_guard]     pushing to B2 ...
[2026-07-27 08:37:14] [disk_guard] verify: OK sha1=1a90af04d05bc666b0d7fd947ef7172fdbad5c9e matches at b2:junyi-data/RGCL_video/logs/Retrieval/MHC_zh/RAC_video_moka_umfloor/RAC_lr0.0001_Bz64_Ep30_cosSim_triplet_drop[0.2, 0.4, 0.1]_topK20__PseudoGold_positive_1_hard_negative_1_seed0_hybrid_loss_Qwen2.5-VL-7B-Instruct-LoRA_HF-um/ckpt/epoch_model_29_0.8461538461538461.pt
[2026-07-27 08:37:14] [disk_guard]     PRUNED local (verified on B2): /data/jehc223/RGCL/logging/Retrieval/MHC_zh/RAC_video_moka_umfloor/RAC_lr0.0001_Bz64_Ep30_cosSim_triplet_drop[0.2, 0.4, 0.1]_topK20__PseudoGold_positive_1_hard_negative_1_seed0_hybrid_loss_Qwen2.5-VL-7B-Instruct-LoRA_HF-um/ckpt/epoch_model_29_0.8461538461538461.pt  (freed 40.03MB)
[2026-07-27 08:37:14] [disk_guard]   candidate: /data/jehc223/RGCL/logging/Retrieval/MHC_zh/RAC_video_moka_umfloor/RAC_lr0.0001_Bz64_Ep30_cosSim_triplet_drop[0.2, 0.4, 0.1]_topK20__PseudoGold_positive_1_hard_negative_1_seed0_hybrid_loss_Qwen2.5-VL-7B-Instruct-LoRA_HF-um/ckpt/last_model_29_0.8461538461538461.pt
[2026-07-27 08:37:14] [disk_guard]     mtime=2026-07-26 16:46:48 size=40.03MB
[2026-07-27 08:37:14] [disk_guard]     -> b2 subpath: logs/Retrieval/MHC_zh/RAC_video_moka_umfloor/RAC_lr0.0001_Bz64_Ep30_cosSim_triplet_drop[0.2, 0.4, 0.1]_topK20__PseudoGold_positive_1_hard_negative_1_seed0_hybrid_loss_Qwen2.5-VL-7B-Instruct-LoRA_HF-um/ckpt/last_model_29_0.8461538461538461.pt
[2026-07-27 08:37:14] [disk_guard]     pushing to B2 ...
[2026-07-27 08:37:24] [disk_guard] verify: OK sha1=51337a20ef8f097d086ef3df4f090edb2f5da638 matches at b2:junyi-data/RGCL_video/logs/Retrieval/MHC_zh/RAC_video_moka_umfloor/RAC_lr0.0001_Bz64_Ep30_cosSim_triplet_drop[0.2, 0.4, 0.1]_topK20__PseudoGold_positive_1_hard_negative_1_seed0_hybrid_loss_Qwen2.5-VL-7B-Instruct-LoRA_HF-um/ckpt/last_model_29_0.8461538461538461.pt
[2026-07-27 08:37:24] [disk_guard]     PRUNED local (verified on B2): /data/jehc223/RGCL/logging/Retrieval/MHC_zh/RAC_video_moka_umfloor/RAC_lr0.0001_Bz64_Ep30_cosSim_triplet_drop[0.2, 0.4, 0.1]_topK20__PseudoGold_positive_1_hard_negative_1_seed0_hybrid_loss_Qwen2.5-VL-7B-Instruct-LoRA_HF-um/ckpt/last_model_29_0.8461538461538461.pt  (freed 40.03MB)
[2026-07-27 08:37:24] [disk_guard]   candidate: /data/jehc223/RGCL/logging/Retrieval/MHC_zh/RAC_video_moka_umfloor/RAC_lr0.0001_Bz64_Ep30_cosSim_triplet_drop[0.2, 0.4, 0.1]_topK20__PseudoGold_positive_1_hard_negative_1_seed1_hybrid_loss_Qwen2.5-VL-7B-Instruct-LoRA_HF-um/ckpt/epoch_model_0_0.8589743589743589.pt
[2026-07-27 08:37:24] [disk_guard]     mtime=2026-07-26 16:46:57 size=40.03MB
[2026-07-27 08:37:24] [disk_guard]     -> b2 subpath: logs/Retrieval/MHC_zh/RAC_video_moka_umfloor/RAC_lr0.0001_Bz64_Ep30_cosSim_triplet_drop[0.2, 0.4, 0.1]_topK20__PseudoGold_positive_1_hard_negative_1_seed1_hybrid_loss_Qwen2.5-VL-7B-Instruct-LoRA_HF-um/ckpt/epoch_model_0_0.8589743589743589.pt
[2026-07-27 08:37:24] [disk_guard]     pushing to B2 ...
[2026-07-27 08:37:27] [disk_guard]     ERROR: push failed; NOT deleting local. Skipping.
[2026-07-27 08:37:28] [disk_guard]   candidate: /data/jehc223/RGCL/logging/Retrieval/MHC_zh/RAC_video_moka_umfloor/RAC_lr0.0001_Bz64_Ep30_cosSim_triplet_drop[0.2, 0.4, 0.1]_topK20__PseudoGold_positive_1_hard_negative_1_seed1_hybrid_loss_Qwen2.5-VL-7B-Instruct-LoRA_HF-um/ckpt/epoch_model_1_0.8589743589743589.pt
[2026-07-27 08:37:28] [disk_guard]     mtime=2026-07-26 16:46:58 size=40.03MB
[2026-07-27 08:37:28] [disk_guard]     -> b2 subpath: logs/Retrieval/MHC_zh/RAC_video_moka_umfloor/RAC_lr0.0001_Bz64_Ep30_cosSim_triplet_drop[0.2, 0.4, 0.1]_topK20__PseudoGold_positive_1_hard_negative_1_seed1_hybrid_loss_Qwen2.5-VL-7B-Instruct-LoRA_HF-um/ckpt/epoch_model_1_0.8589743589743589.pt
[2026-07-27 08:37:28] [disk_guard]     pushing to B2 ...
[2026-07-27 08:37:40] [disk_guard] verify: OK sha1=effb3f28c58b7b8255b304c1d670a2985bcffe83 matches at b2:junyi-data/RGCL_video/logs/Retrieval/MHC_zh/RAC_video_moka_umfloor/RAC_lr0.0001_Bz64_Ep30_cosSim_triplet_drop[0.2, 0.4, 0.1]_topK20__PseudoGold_positive_1_hard_negative_1_seed1_hybrid_loss_Qwen2.5-VL-7B-Instruct-LoRA_HF-um/ckpt/epoch_model_1_0.8589743589743589.pt
[2026-07-27 08:37:40] [disk_guard]     PRUNED local (verified on B2): /data/jehc223/RGCL/logging/Retrieval/MHC_zh/RAC_video_moka_umfloor/RAC_lr0.0001_Bz64_Ep30_cosSim_triplet_drop[0.2, 0.4, 0.1]_topK20__PseudoGold_positive_1_hard_negative_1_seed1_hybrid_loss_Qwen2.5-VL-7B-Instruct-LoRA_HF-um/ckpt/epoch_model_1_0.8589743589743589.pt  (freed 40.03MB)
[2026-07-27 08:37:40] [disk_guard]   candidate: /data/jehc223/RGCL/logging/Retrieval/MHC_zh/RAC_video_moka_umfloor/RAC_lr0.0001_Bz64_Ep30_cosSim_triplet_drop[0.2, 0.4, 0.1]_topK20__PseudoGold_positive_1_hard_negative_1_seed1_hybrid_loss_Qwen2.5-VL-7B-Instruct-LoRA_HF-um/ckpt/epoch_model_2_0.8461538461538461.pt
[2026-07-27 08:37:40] [disk_guard]     mtime=2026-07-26 16:46:58 size=40.03MB
[2026-07-27 08:37:40] [disk_guard]     -> b2 subpath: logs/Retrieval/MHC_zh/RAC_video_moka_umfloor/RAC_lr0.0001_Bz64_Ep30_cosSim_triplet_drop[0.2, 0.4, 0.1]_topK20__PseudoGold_positive_1_hard_negative_1_seed1_hybrid_loss_Qwen2.5-VL-7B-Instruct-LoRA_HF-um/ckpt/epoch_model_2_0.8461538461538461.pt
[2026-07-27 08:37:40] [disk_guard]     pushing to B2 ...
[2026-07-27 08:37:51] [disk_guard] verify: OK sha1=b579cc9ae4b6eebd0a8d972f3949d90a438bb5cc matches at b2:junyi-data/RGCL_video/logs/Retrieval/MHC_zh/RAC_video_moka_umfloor/RAC_lr0.0001_Bz64_Ep30_cosSim_triplet_drop[0.2, 0.4, 0.1]_topK20__PseudoGold_positive_1_hard_negative_1_seed1_hybrid_loss_Qwen2.5-VL-7B-Instruct-LoRA_HF-um/ckpt/epoch_model_2_0.8461538461538461.pt
[2026-07-27 08:37:51] [disk_guard]     PRUNED local (verified on B2): /data/jehc223/RGCL/logging/Retrieval/MHC_zh/RAC_video_moka_umfloor/RAC_lr0.0001_Bz64_Ep30_cosSim_triplet_drop[0.2, 0.4, 0.1]_topK20__PseudoGold_positive_1_hard_negative_1_seed1_hybrid_loss_Qwen2.5-VL-7B-Instruct-LoRA_HF-um/ckpt/epoch_model_2_0.8461538461538461.pt  (freed 40.03MB)
[2026-07-27 08:37:51] [disk_guard]   candidate: /data/jehc223/RGCL/logging/Retrieval/MHC_zh/RAC_video_moka_umfloor/RAC_lr0.0001_Bz64_Ep30_cosSim_triplet_drop[0.2, 0.4, 0.1]_topK20__PseudoGold_positive_1_hard_negative_1_seed1_hybrid_loss_Qwen2.5-VL-7B-Instruct-LoRA_HF-um/ckpt/epoch_model_3_0.8333333333333334.pt
[2026-07-27 08:37:51] [disk_guard]     mtime=2026-07-26 16:46:59 size=40.03MB
[2026-07-27 08:37:51] [disk_guard]     -> b2 subpath: logs/Retrieval/MHC_zh/RAC_video_moka_umfloor/RAC_lr0.0001_Bz64_Ep30_cosSim_triplet_drop[0.2, 0.4, 0.1]_topK20__PseudoGold_positive_1_hard_negative_1_seed1_hybrid_loss_Qwen2.5-VL-7B-Instruct-LoRA_HF-um/ckpt/epoch_model_3_0.8333333333333334.pt
[2026-07-27 08:37:51] [disk_guard]     pushing to B2 ...
[2026-07-27 08:38:01] [disk_guard] verify: OK sha1=f17e517a50c9284d70ad318edc80a44446aa8f01 matches at b2:junyi-data/RGCL_video/logs/Retrieval/MHC_zh/RAC_video_moka_umfloor/RAC_lr0.0001_Bz64_Ep30_cosSim_triplet_drop[0.2, 0.4, 0.1]_topK20__PseudoGold_positive_1_hard_negative_1_seed1_hybrid_loss_Qwen2.5-VL-7B-Instruct-LoRA_HF-um/ckpt/epoch_model_3_0.8333333333333334.pt
[2026-07-27 08:38:01] [disk_guard]     PRUNED local (verified on B2): /data/jehc223/RGCL/logging/Retrieval/MHC_zh/RAC_video_moka_umfloor/RAC_lr0.0001_Bz64_Ep30_cosSim_triplet_drop[0.2, 0.4, 0.1]_topK20__PseudoGold_positive_1_hard_negative_1_seed1_hybrid_loss_Qwen2.5-VL-7B-Instruct-LoRA_HF-um/ckpt/epoch_model_3_0.8333333333333334.pt  (freed 40.03MB)
[2026-07-27 08:38:01] [disk_guard]   candidate: /data/jehc223/RGCL/logging/Retrieval/MHC_zh/RAC_video_moka_umfloor/RAC_lr0.0001_Bz64_Ep30_cosSim_triplet_drop[0.2, 0.4, 0.1]_topK20__PseudoGold_positive_1_hard_negative_1_seed1_hybrid_loss_Qwen2.5-VL-7B-Instruct-LoRA_HF-um/ckpt/epoch_model_4_0.8205128205128205.pt
[2026-07-27 08:38:01] [disk_guard]     mtime=2026-07-26 16:47:00 size=40.03MB
[2026-07-27 08:38:01] [disk_guard]     -> b2 subpath: logs/Retrieval/MHC_zh/RAC_video_moka_umfloor/RAC_lr0.0001_Bz64_Ep30_cosSim_triplet_drop[0.2, 0.4, 0.1]_topK20__PseudoGold_positive_1_hard_negative_1_seed1_hybrid_loss_Qwen2.5-VL-7B-Instruct-LoRA_HF-um/ckpt/epoch_model_4_0.8205128205128205.pt
[2026-07-27 08:38:01] [disk_guard]     pushing to B2 ...
[2026-07-27 08:38:11] [disk_guard] verify: OK sha1=25fa6e2319ffaeff4bb40a8deb12db39450d6e0f matches at b2:junyi-data/RGCL_video/logs/Retrieval/MHC_zh/RAC_video_moka_umfloor/RAC_lr0.0001_Bz64_Ep30_cosSim_triplet_drop[0.2, 0.4, 0.1]_topK20__PseudoGold_positive_1_hard_negative_1_seed1_hybrid_loss_Qwen2.5-VL-7B-Instruct-LoRA_HF-um/ckpt/epoch_model_4_0.8205128205128205.pt
[2026-07-27 08:38:11] [disk_guard]     PRUNED local (verified on B2): /data/jehc223/RGCL/logging/Retrieval/MHC_zh/RAC_video_moka_umfloor/RAC_lr0.0001_Bz64_Ep30_cosSim_triplet_drop[0.2, 0.4, 0.1]_topK20__PseudoGold_positive_1_hard_negative_1_seed1_hybrid_loss_Qwen2.5-VL-7B-Instruct-LoRA_HF-um/ckpt/epoch_model_4_0.8205128205128205.pt  (freed 40.03MB)
[2026-07-27 08:38:11] [disk_guard]   candidate: /data/jehc223/RGCL/logging/Retrieval/MHC_zh/RAC_video_moka_umfloor/RAC_lr0.0001_Bz64_Ep30_cosSim_triplet_drop[0.2, 0.4, 0.1]_topK20__PseudoGold_positive_1_hard_negative_1_seed1_hybrid_loss_Qwen2.5-VL-7B-Instruct-LoRA_HF-um/ckpt/epoch_model_5_0.8333333333333334.pt
[2026-07-27 08:38:11] [disk_guard]     mtime=2026-07-26 16:47:00 size=40.03MB
[2026-07-27 08:38:11] [disk_guard]     -> b2 subpath: logs/Retrieval/MHC_zh/RAC_video_moka_umfloor/RAC_lr0.0001_Bz64_Ep30_cosSim_triplet_drop[0.2, 0.4, 0.1]_topK20__PseudoGold_positive_1_hard_negative_1_seed1_hybrid_loss_Qwen2.5-VL-7B-Instruct-LoRA_HF-um/ckpt/epoch_model_5_0.8333333333333334.pt
[2026-07-27 08:38:11] [disk_guard]     pushing to B2 ...
[2026-07-27 08:38:20] [disk_guard] verify: OK sha1=1d21229440439560a1e254a0ed7264dc5d78ad1b matches at b2:junyi-data/RGCL_video/logs/Retrieval/MHC_zh/RAC_video_moka_umfloor/RAC_lr0.0001_Bz64_Ep30_cosSim_triplet_drop[0.2, 0.4, 0.1]_topK20__PseudoGold_positive_1_hard_negative_1_seed1_hybrid_loss_Qwen2.5-VL-7B-Instruct-LoRA_HF-um/ckpt/epoch_model_5_0.8333333333333334.pt
[2026-07-27 08:38:20] [disk_guard]     PRUNED local (verified on B2): /data/jehc223/RGCL/logging/Retrieval/MHC_zh/RAC_video_moka_umfloor/RAC_lr0.0001_Bz64_Ep30_cosSim_triplet_drop[0.2, 0.4, 0.1]_topK20__PseudoGold_positive_1_hard_negative_1_seed1_hybrid_loss_Qwen2.5-VL-7B-Instruct-LoRA_HF-um/ckpt/epoch_model_5_0.8333333333333334.pt  (freed 40.03MB)
[2026-07-27 08:38:20] [disk_guard]   candidate: /data/jehc223/RGCL/logging/Retrieval/MHC_zh/RAC_video_moka_umfloor/RAC_lr0.0001_Bz64_Ep30_cosSim_triplet_drop[0.2, 0.4, 0.1]_topK20__PseudoGold_positive_1_hard_negative_1_seed1_hybrid_loss_Qwen2.5-VL-7B-Instruct-LoRA_HF-um/ckpt/best_model_5_0.8333333333333334.pt
[2026-07-27 08:38:20] [disk_guard]     mtime=2026-07-26 16:47:00 size=40.03MB
[2026-07-27 08:38:20] [disk_guard]     -> b2 subpath: logs/Retrieval/MHC_zh/RAC_video_moka_umfloor/RAC_lr0.0001_Bz64_Ep30_cosSim_triplet_drop[0.2, 0.4, 0.1]_topK20__PseudoGold_positive_1_hard_negative_1_seed1_hybrid_loss_Qwen2.5-VL-7B-Instruct-LoRA_HF-um/ckpt/best_model_5_0.8333333333333334.pt
[2026-07-27 08:38:20] [disk_guard]     pushing to B2 ...
[2026-07-27 08:38:34] [disk_guard]     ERROR: push failed; NOT deleting local. Skipping.
[2026-07-27 08:38:34] [disk_guard]   candidate: /data/jehc223/RGCL/logging/Retrieval/MHC_zh/RAC_video_moka_umfloor/RAC_lr0.0001_Bz64_Ep30_cosSim_triplet_drop[0.2, 0.4, 0.1]_topK20__PseudoGold_positive_1_hard_negative_1_seed1_hybrid_loss_Qwen2.5-VL-7B-Instruct-LoRA_HF-um/ckpt/epoch_model_6_0.8205128205128205.pt
[2026-07-27 08:38:34] [disk_guard]     mtime=2026-07-26 16:47:01 size=40.03MB
[2026-07-27 08:38:34] [disk_guard]     -> b2 subpath: logs/Retrieval/MHC_zh/RAC_video_moka_umfloor/RAC_lr0.0001_Bz64_Ep30_cosSim_triplet_drop[0.2, 0.4, 0.1]_topK20__PseudoGold_positive_1_hard_negative_1_seed1_hybrid_loss_Qwen2.5-VL-7B-Instruct-LoRA_HF-um/ckpt/epoch_model_6_0.8205128205128205.pt
[2026-07-27 08:38:34] [disk_guard]     pushing to B2 ...
[2026-07-27 08:38:44] [disk_guard] verify: OK sha1=12fdf5440d8f28b45fe97341ad5ddc82ab1dbd22 matches at b2:junyi-data/RGCL_video/logs/Retrieval/MHC_zh/RAC_video_moka_umfloor/RAC_lr0.0001_Bz64_Ep30_cosSim_triplet_drop[0.2, 0.4, 0.1]_topK20__PseudoGold_positive_1_hard_negative_1_seed1_hybrid_loss_Qwen2.5-VL-7B-Instruct-LoRA_HF-um/ckpt/epoch_model_6_0.8205128205128205.pt
[2026-07-27 08:38:44] [disk_guard]     PRUNED local (verified on B2): /data/jehc223/RGCL/logging/Retrieval/MHC_zh/RAC_video_moka_umfloor/RAC_lr0.0001_Bz64_Ep30_cosSim_triplet_drop[0.2, 0.4, 0.1]_topK20__PseudoGold_positive_1_hard_negative_1_seed1_hybrid_loss_Qwen2.5-VL-7B-Instruct-LoRA_HF-um/ckpt/epoch_model_6_0.8205128205128205.pt  (freed 40.03MB)
[2026-07-27 08:38:45] [disk_guard]   candidate: /data/jehc223/RGCL/logging/Retrieval/MHC_zh/RAC_video_moka_umfloor/RAC_lr0.0001_Bz64_Ep30_cosSim_triplet_drop[0.2, 0.4, 0.1]_topK20__PseudoGold_positive_1_hard_negative_1_seed1_hybrid_loss_Qwen2.5-VL-7B-Instruct-LoRA_HF-um/ckpt/epoch_model_7_0.8205128205128205.pt
[2026-07-27 08:38:45] [disk_guard]     mtime=2026-07-26 16:47:02 size=40.03MB
[2026-07-27 08:38:45] [disk_guard]     -> b2 subpath: logs/Retrieval/MHC_zh/RAC_video_moka_umfloor/RAC_lr0.0001_Bz64_Ep30_cosSim_triplet_drop[0.2, 0.4, 0.1]_topK20__PseudoGold_positive_1_hard_negative_1_seed1_hybrid_loss_Qwen2.5-VL-7B-Instruct-LoRA_HF-um/ckpt/epoch_model_7_0.8205128205128205.pt
[2026-07-27 08:38:45] [disk_guard]     pushing to B2 ...
[2026-07-27 08:38:54] [disk_guard]     ERROR: push failed; NOT deleting local. Skipping.
[2026-07-27 08:38:54] [disk_guard]   candidate: /data/jehc223/RGCL/logging/Retrieval/MHC_zh/RAC_video_moka_umfloor/RAC_lr0.0001_Bz64_Ep30_cosSim_triplet_drop[0.2, 0.4, 0.1]_topK20__PseudoGold_positive_1_hard_negative_1_seed1_hybrid_loss_Qwen2.5-VL-7B-Instruct-LoRA_HF-um/ckpt/epoch_model_8_0.8333333333333334.pt
[2026-07-27 08:38:54] [disk_guard]     mtime=2026-07-26 16:47:03 size=40.03MB
[2026-07-27 08:38:54] [disk_guard]     -> b2 subpath: logs/Retrieval/MHC_zh/RAC_video_moka_umfloor/RAC_lr0.0001_Bz64_Ep30_cosSim_triplet_drop[0.2, 0.4, 0.1]_topK20__PseudoGold_positive_1_hard_negative_1_seed1_hybrid_loss_Qwen2.5-VL-7B-Instruct-LoRA_HF-um/ckpt/epoch_model_8_0.8333333333333334.pt
[2026-07-27 08:38:54] [disk_guard]     pushing to B2 ...
[2026-07-27 08:39:03] [disk_guard]     ERROR: push failed; NOT deleting local. Skipping.
[2026-07-27 08:39:03] [disk_guard]   candidate: /data/jehc223/RGCL/logging/Retrieval/MHC_zh/RAC_video_moka_umfloor/RAC_lr0.0001_Bz64_Ep30_cosSim_triplet_drop[0.2, 0.4, 0.1]_topK20__PseudoGold_positive_1_hard_negative_1_seed1_hybrid_loss_Qwen2.5-VL-7B-Instruct-LoRA_HF-um/ckpt/best_model_8_0.8333333333333334.pt
[2026-07-27 08:39:03] [disk_guard]     mtime=2026-07-26 16:47:03 size=40.03MB
[2026-07-27 08:39:03] [disk_guard]     -> b2 subpath: logs/Retrieval/MHC_zh/RAC_video_moka_umfloor/RAC_lr0.0001_Bz64_Ep30_cosSim_triplet_drop[0.2, 0.4, 0.1]_topK20__PseudoGold_positive_1_hard_negative_1_seed1_hybrid_loss_Qwen2.5-VL-7B-Instruct-LoRA_HF-um/ckpt/best_model_8_0.8333333333333334.pt
[2026-07-27 08:39:03] [disk_guard]     pushing to B2 ...
[2026-07-27 08:39:13] [disk_guard] verify: OK sha1=23bdb462edcd9036c52d3ccdedfa6417307ee11d matches at b2:junyi-data/RGCL_video/logs/Retrieval/MHC_zh/RAC_video_moka_umfloor/RAC_lr0.0001_Bz64_Ep30_cosSim_triplet_drop[0.2, 0.4, 0.1]_topK20__PseudoGold_positive_1_hard_negative_1_seed1_hybrid_loss_Qwen2.5-VL-7B-Instruct-LoRA_HF-um/ckpt/best_model_8_0.8333333333333334.pt
[2026-07-27 08:39:13] [disk_guard]     PRUNED local (verified on B2): /data/jehc223/RGCL/logging/Retrieval/MHC_zh/RAC_video_moka_umfloor/RAC_lr0.0001_Bz64_Ep30_cosSim_triplet_drop[0.2, 0.4, 0.1]_topK20__PseudoGold_positive_1_hard_negative_1_seed1_hybrid_loss_Qwen2.5-VL-7B-Instruct-LoRA_HF-um/ckpt/best_model_8_0.8333333333333334.pt  (freed 40.03MB)
[2026-07-27 08:39:13] [disk_guard]   candidate: /data/jehc223/RGCL/logging/Retrieval/MHC_zh/RAC_video_moka_umfloor/RAC_lr0.0001_Bz64_Ep30_cosSim_triplet_drop[0.2, 0.4, 0.1]_topK20__PseudoGold_positive_1_hard_negative_1_seed1_hybrid_loss_Qwen2.5-VL-7B-Instruct-LoRA_HF-um/ckpt/epoch_model_9_0.8461538461538461.pt
[2026-07-27 08:39:13] [disk_guard]     mtime=2026-07-26 16:47:03 size=40.03MB
[2026-07-27 08:39:13] [disk_guard]     -> b2 subpath: logs/Retrieval/MHC_zh/RAC_video_moka_umfloor/RAC_lr0.0001_Bz64_Ep30_cosSim_triplet_drop[0.2, 0.4, 0.1]_topK20__PseudoGold_positive_1_hard_negative_1_seed1_hybrid_loss_Qwen2.5-VL-7B-Instruct-LoRA_HF-um/ckpt/epoch_model_9_0.8461538461538461.pt
[2026-07-27 08:39:13] [disk_guard]     pushing to B2 ...
[2026-07-27 08:39:22] [disk_guard] verify: OK sha1=4fd623cb3a00eb0f9860a5e94d8ef74137961443 matches at b2:junyi-data/RGCL_video/logs/Retrieval/MHC_zh/RAC_video_moka_umfloor/RAC_lr0.0001_Bz64_Ep30_cosSim_triplet_drop[0.2, 0.4, 0.1]_topK20__PseudoGold_positive_1_hard_negative_1_seed1_hybrid_loss_Qwen2.5-VL-7B-Instruct-LoRA_HF-um/ckpt/epoch_model_9_0.8461538461538461.pt
[2026-07-27 08:39:22] [disk_guard]     PRUNED local (verified on B2): /data/jehc223/RGCL/logging/Retrieval/MHC_zh/RAC_video_moka_umfloor/RAC_lr0.0001_Bz64_Ep30_cosSim_triplet_drop[0.2, 0.4, 0.1]_topK20__PseudoGold_positive_1_hard_negative_1_seed1_hybrid_loss_Qwen2.5-VL-7B-Instruct-LoRA_HF-um/ckpt/epoch_model_9_0.8461538461538461.pt  (freed 40.03MB)
[2026-07-27 08:39:22] [disk_guard]   candidate: /data/jehc223/RGCL/logging/Retrieval/MHC_zh/RAC_video_moka_umfloor/RAC_lr0.0001_Bz64_Ep30_cosSim_triplet_drop[0.2, 0.4, 0.1]_topK20__PseudoGold_positive_1_hard_negative_1_seed1_hybrid_loss_Qwen2.5-VL-7B-Instruct-LoRA_HF-um/ckpt/best_model_9_0.8461538461538461.pt
[2026-07-27 08:39:22] [disk_guard]     mtime=2026-07-26 16:47:04 size=40.03MB
[2026-07-27 08:39:22] [disk_guard]     -> b2 subpath: logs/Retrieval/MHC_zh/RAC_video_moka_umfloor/RAC_lr0.0001_Bz64_Ep30_cosSim_triplet_drop[0.2, 0.4, 0.1]_topK20__PseudoGold_positive_1_hard_negative_1_seed1_hybrid_loss_Qwen2.5-VL-7B-Instruct-LoRA_HF-um/ckpt/best_model_9_0.8461538461538461.pt
[2026-07-27 08:39:22] [disk_guard]     pushing to B2 ...
[2026-07-27 08:39:33] [disk_guard] verify: OK sha1=19c7cd36bafc07a977ec2b1a80dcf3a8c2806730 matches at b2:junyi-data/RGCL_video/logs/Retrieval/MHC_zh/RAC_video_moka_umfloor/RAC_lr0.0001_Bz64_Ep30_cosSim_triplet_drop[0.2, 0.4, 0.1]_topK20__PseudoGold_positive_1_hard_negative_1_seed1_hybrid_loss_Qwen2.5-VL-7B-Instruct-LoRA_HF-um/ckpt/best_model_9_0.8461538461538461.pt
[2026-07-27 08:39:33] [disk_guard]     PRUNED local (verified on B2): /data/jehc223/RGCL/logging/Retrieval/MHC_zh/RAC_video_moka_umfloor/RAC_lr0.0001_Bz64_Ep30_cosSim_triplet_drop[0.2, 0.4, 0.1]_topK20__PseudoGold_positive_1_hard_negative_1_seed1_hybrid_loss_Qwen2.5-VL-7B-Instruct-LoRA_HF-um/ckpt/best_model_9_0.8461538461538461.pt  (freed 40.03MB)
[2026-07-27 08:39:33] [disk_guard]   candidate: /data/jehc223/RGCL/logging/Retrieval/MHC_zh/RAC_video_moka_umfloor/RAC_lr0.0001_Bz64_Ep30_cosSim_triplet_drop[0.2, 0.4, 0.1]_topK20__PseudoGold_positive_1_hard_negative_1_seed1_hybrid_loss_Qwen2.5-VL-7B-Instruct-LoRA_HF-um/ckpt/epoch_model_10_0.8589743589743589.pt
[2026-07-27 08:39:33] [disk_guard]     mtime=2026-07-26 16:47:04 size=40.03MB
[2026-07-27 08:39:33] [disk_guard]     -> b2 subpath: logs/Retrieval/MHC_zh/RAC_video_moka_umfloor/RAC_lr0.0001_Bz64_Ep30_cosSim_triplet_drop[0.2, 0.4, 0.1]_topK20__PseudoGold_positive_1_hard_negative_1_seed1_hybrid_loss_Qwen2.5-VL-7B-Instruct-LoRA_HF-um/ckpt/epoch_model_10_0.8589743589743589.pt
[2026-07-27 08:39:33] [disk_guard]     pushing to B2 ...
[2026-07-27 08:39:44] [disk_guard] verify: OK sha1=625ffefc507b34e99e60ff69d8d95a893c0749b5 matches at b2:junyi-data/RGCL_video/logs/Retrieval/MHC_zh/RAC_video_moka_umfloor/RAC_lr0.0001_Bz64_Ep30_cosSim_triplet_drop[0.2, 0.4, 0.1]_topK20__PseudoGold_positive_1_hard_negative_1_seed1_hybrid_loss_Qwen2.5-VL-7B-Instruct-LoRA_HF-um/ckpt/epoch_model_10_0.8589743589743589.pt
[2026-07-27 08:39:44] [disk_guard]     PRUNED local (verified on B2): /data/jehc223/RGCL/logging/Retrieval/MHC_zh/RAC_video_moka_umfloor/RAC_lr0.0001_Bz64_Ep30_cosSim_triplet_drop[0.2, 0.4, 0.1]_topK20__PseudoGold_positive_1_hard_negative_1_seed1_hybrid_loss_Qwen2.5-VL-7B-Instruct-LoRA_HF-um/ckpt/epoch_model_10_0.8589743589743589.pt  (freed 40.03MB)
[2026-07-27 08:39:44] [disk_guard]   candidate: /data/jehc223/RGCL/logging/Retrieval/MHC_zh/RAC_video_moka_umfloor/RAC_lr0.0001_Bz64_Ep30_cosSim_triplet_drop[0.2, 0.4, 0.1]_topK20__PseudoGold_positive_1_hard_negative_1_seed1_hybrid_loss_Qwen2.5-VL-7B-Instruct-LoRA_HF-um/ckpt/best_model_10_0.8589743589743589.pt
[2026-07-27 08:39:44] [disk_guard]     mtime=2026-07-26 16:47:04 size=40.03MB
[2026-07-27 08:39:44] [disk_guard]     -> b2 subpath: logs/Retrieval/MHC_zh/RAC_video_moka_umfloor/RAC_lr0.0001_Bz64_Ep30_cosSim_triplet_drop[0.2, 0.4, 0.1]_topK20__PseudoGold_positive_1_hard_negative_1_seed1_hybrid_loss_Qwen2.5-VL-7B-Instruct-LoRA_HF-um/ckpt/best_model_10_0.8589743589743589.pt
[2026-07-27 08:39:44] [disk_guard]     pushing to B2 ...
[2026-07-27 08:39:54] [disk_guard] verify: OK sha1=df920273b0a80667feb26241b47d1d1411f7f8b5 matches at b2:junyi-data/RGCL_video/logs/Retrieval/MHC_zh/RAC_video_moka_umfloor/RAC_lr0.0001_Bz64_Ep30_cosSim_triplet_drop[0.2, 0.4, 0.1]_topK20__PseudoGold_positive_1_hard_negative_1_seed1_hybrid_loss_Qwen2.5-VL-7B-Instruct-LoRA_HF-um/ckpt/best_model_10_0.8589743589743589.pt
[2026-07-27 08:39:54] [disk_guard]     PRUNED local (verified on B2): /data/jehc223/RGCL/logging/Retrieval/MHC_zh/RAC_video_moka_umfloor/RAC_lr0.0001_Bz64_Ep30_cosSim_triplet_drop[0.2, 0.4, 0.1]_topK20__PseudoGold_positive_1_hard_negative_1_seed1_hybrid_loss_Qwen2.5-VL-7B-Instruct-LoRA_HF-um/ckpt/best_model_10_0.8589743589743589.pt  (freed 40.03MB)
[2026-07-27 08:39:54] [disk_guard]   candidate: /data/jehc223/RGCL/logging/Retrieval/MHC_zh/RAC_video_moka_umfloor/RAC_lr0.0001_Bz64_Ep30_cosSim_triplet_drop[0.2, 0.4, 0.1]_topK20__PseudoGold_positive_1_hard_negative_1_seed1_hybrid_loss_Qwen2.5-VL-7B-Instruct-LoRA_HF-um/ckpt/epoch_model_11_0.8717948717948718.pt
[2026-07-27 08:39:54] [disk_guard]     mtime=2026-07-26 16:47:05 size=40.03MB
[2026-07-27 08:39:54] [disk_guard]     -> b2 subpath: logs/Retrieval/MHC_zh/RAC_video_moka_umfloor/RAC_lr0.0001_Bz64_Ep30_cosSim_triplet_drop[0.2, 0.4, 0.1]_topK20__PseudoGold_positive_1_hard_negative_1_seed1_hybrid_loss_Qwen2.5-VL-7B-Instruct-LoRA_HF-um/ckpt/epoch_model_11_0.8717948717948718.pt
[2026-07-27 08:39:54] [disk_guard]     pushing to B2 ...
[2026-07-27 08:40:04] [disk_guard] verify: OK sha1=b5f8b08e8910cec1f67b1eb49178338fc7b7446c matches at b2:junyi-data/RGCL_video/logs/Retrieval/MHC_zh/RAC_video_moka_umfloor/RAC_lr0.0001_Bz64_Ep30_cosSim_triplet_drop[0.2, 0.4, 0.1]_topK20__PseudoGold_positive_1_hard_negative_1_seed1_hybrid_loss_Qwen2.5-VL-7B-Instruct-LoRA_HF-um/ckpt/epoch_model_11_0.8717948717948718.pt
[2026-07-27 08:40:04] [disk_guard]     PRUNED local (verified on B2): /data/jehc223/RGCL/logging/Retrieval/MHC_zh/RAC_video_moka_umfloor/RAC_lr0.0001_Bz64_Ep30_cosSim_triplet_drop[0.2, 0.4, 0.1]_topK20__PseudoGold_positive_1_hard_negative_1_seed1_hybrid_loss_Qwen2.5-VL-7B-Instruct-LoRA_HF-um/ckpt/epoch_model_11_0.8717948717948718.pt  (freed 40.03MB)
[2026-07-27 08:40:04] [disk_guard]   candidate: /data/jehc223/RGCL/logging/Retrieval/MHC_zh/RAC_video_moka_umfloor/RAC_lr0.0001_Bz64_Ep30_cosSim_triplet_drop[0.2, 0.4, 0.1]_topK20__PseudoGold_positive_1_hard_negative_1_seed1_hybrid_loss_Qwen2.5-VL-7B-Instruct-LoRA_HF-um/ckpt/best_model_11_0.8717948717948718.pt
[2026-07-27 08:40:04] [disk_guard]     mtime=2026-07-26 16:47:05 size=40.03MB
[2026-07-27 08:40:04] [disk_guard]     -> b2 subpath: logs/Retrieval/MHC_zh/RAC_video_moka_umfloor/RAC_lr0.0001_Bz64_Ep30_cosSim_triplet_drop[0.2, 0.4, 0.1]_topK20__PseudoGold_positive_1_hard_negative_1_seed1_hybrid_loss_Qwen2.5-VL-7B-Instruct-LoRA_HF-um/ckpt/best_model_11_0.8717948717948718.pt
[2026-07-27 08:40:04] [disk_guard]     pushing to B2 ...
[2026-07-27 08:40:14] [disk_guard] verify: OK sha1=b6f8aa8f88eaa47cb4081bac7e9db87993d1eb39 matches at b2:junyi-data/RGCL_video/logs/Retrieval/MHC_zh/RAC_video_moka_umfloor/RAC_lr0.0001_Bz64_Ep30_cosSim_triplet_drop[0.2, 0.4, 0.1]_topK20__PseudoGold_positive_1_hard_negative_1_seed1_hybrid_loss_Qwen2.5-VL-7B-Instruct-LoRA_HF-um/ckpt/best_model_11_0.8717948717948718.pt
[2026-07-27 08:40:14] [disk_guard]     PRUNED local (verified on B2): /data/jehc223/RGCL/logging/Retrieval/MHC_zh/RAC_video_moka_umfloor/RAC_lr0.0001_Bz64_Ep30_cosSim_triplet_drop[0.2, 0.4, 0.1]_topK20__PseudoGold_positive_1_hard_negative_1_seed1_hybrid_loss_Qwen2.5-VL-7B-Instruct-LoRA_HF-um/ckpt/best_model_11_0.8717948717948718.pt  (freed 40.03MB)
[2026-07-27 08:40:14] [disk_guard]   candidate: /data/jehc223/RGCL/logging/Retrieval/MHC_zh/RAC_video_moka_umfloor/RAC_lr0.0001_Bz64_Ep30_cosSim_triplet_drop[0.2, 0.4, 0.1]_topK20__PseudoGold_positive_1_hard_negative_1_seed1_hybrid_loss_Qwen2.5-VL-7B-Instruct-LoRA_HF-um/ckpt/epoch_model_12_0.8461538461538461.pt
[2026-07-27 08:40:14] [disk_guard]     mtime=2026-07-26 16:47:06 size=40.03MB
[2026-07-27 08:40:14] [disk_guard]     -> b2 subpath: logs/Retrieval/MHC_zh/RAC_video_moka_umfloor/RAC_lr0.0001_Bz64_Ep30_cosSim_triplet_drop[0.2, 0.4, 0.1]_topK20__PseudoGold_positive_1_hard_negative_1_seed1_hybrid_loss_Qwen2.5-VL-7B-Instruct-LoRA_HF-um/ckpt/epoch_model_12_0.8461538461538461.pt
[2026-07-27 08:40:14] [disk_guard]     pushing to B2 ...
[2026-07-27 08:40:24] [disk_guard] verify: OK sha1=1f26df9b05c3ffc396ecde2fe54a2321038590d8 matches at b2:junyi-data/RGCL_video/logs/Retrieval/MHC_zh/RAC_video_moka_umfloor/RAC_lr0.0001_Bz64_Ep30_cosSim_triplet_drop[0.2, 0.4, 0.1]_topK20__PseudoGold_positive_1_hard_negative_1_seed1_hybrid_loss_Qwen2.5-VL-7B-Instruct-LoRA_HF-um/ckpt/epoch_model_12_0.8461538461538461.pt
[2026-07-27 08:40:24] [disk_guard]     PRUNED local (verified on B2): /data/jehc223/RGCL/logging/Retrieval/MHC_zh/RAC_video_moka_umfloor/RAC_lr0.0001_Bz64_Ep30_cosSim_triplet_drop[0.2, 0.4, 0.1]_topK20__PseudoGold_positive_1_hard_negative_1_seed1_hybrid_loss_Qwen2.5-VL-7B-Instruct-LoRA_HF-um/ckpt/epoch_model_12_0.8461538461538461.pt  (freed 40.03MB)
[2026-07-27 08:40:24] [disk_guard]   candidate: /data/jehc223/RGCL/logging/Retrieval/MHC_zh/RAC_video_moka_umfloor/RAC_lr0.0001_Bz64_Ep30_cosSim_triplet_drop[0.2, 0.4, 0.1]_topK20__PseudoGold_positive_1_hard_negative_1_seed1_hybrid_loss_Qwen2.5-VL-7B-Instruct-LoRA_HF-um/ckpt/epoch_model_13_0.8589743589743589.pt
[2026-07-27 08:40:24] [disk_guard]     mtime=2026-07-26 16:47:07 size=40.03MB
[2026-07-27 08:40:24] [disk_guard]     -> b2 subpath: logs/Retrieval/MHC_zh/RAC_video_moka_umfloor/RAC_lr0.0001_Bz64_Ep30_cosSim_triplet_drop[0.2, 0.4, 0.1]_topK20__PseudoGold_positive_1_hard_negative_1_seed1_hybrid_loss_Qwen2.5-VL-7B-Instruct-LoRA_HF-um/ckpt/epoch_model_13_0.8589743589743589.pt
[2026-07-27 08:40:24] [disk_guard]     pushing to B2 ...
[2026-07-27 08:40:34] [disk_guard] verify: OK sha1=f55484d8837b5da16b44bf93cc3fc41afd0467b9 matches at b2:junyi-data/RGCL_video/logs/Retrieval/MHC_zh/RAC_video_moka_umfloor/RAC_lr0.0001_Bz64_Ep30_cosSim_triplet_drop[0.2, 0.4, 0.1]_topK20__PseudoGold_positive_1_hard_negative_1_seed1_hybrid_loss_Qwen2.5-VL-7B-Instruct-LoRA_HF-um/ckpt/epoch_model_13_0.8589743589743589.pt
[2026-07-27 08:40:34] [disk_guard]     PRUNED local (verified on B2): /data/jehc223/RGCL/logging/Retrieval/MHC_zh/RAC_video_moka_umfloor/RAC_lr0.0001_Bz64_Ep30_cosSim_triplet_drop[0.2, 0.4, 0.1]_topK20__PseudoGold_positive_1_hard_negative_1_seed1_hybrid_loss_Qwen2.5-VL-7B-Instruct-LoRA_HF-um/ckpt/epoch_model_13_0.8589743589743589.pt  (freed 40.03MB)
[2026-07-27 08:40:34] [disk_guard]   candidate: /data/jehc223/RGCL/logging/Retrieval/MHC_zh/RAC_video_moka_umfloor/RAC_lr0.0001_Bz64_Ep30_cosSim_triplet_drop[0.2, 0.4, 0.1]_topK20__PseudoGold_positive_1_hard_negative_1_seed1_hybrid_loss_Qwen2.5-VL-7B-Instruct-LoRA_HF-um/ckpt/epoch_model_14_0.8589743589743589.pt
[2026-07-27 08:40:34] [disk_guard]     mtime=2026-07-26 16:47:08 size=40.03MB
[2026-07-27 08:40:34] [disk_guard]     -> b2 subpath: logs/Retrieval/MHC_zh/RAC_video_moka_umfloor/RAC_lr0.0001_Bz64_Ep30_cosSim_triplet_drop[0.2, 0.4, 0.1]_topK20__PseudoGold_positive_1_hard_negative_1_seed1_hybrid_loss_Qwen2.5-VL-7B-Instruct-LoRA_HF-um/ckpt/epoch_model_14_0.8589743589743589.pt
[2026-07-27 08:40:34] [disk_guard]     pushing to B2 ...
[2026-07-27 08:40:45] [disk_guard] verify: OK sha1=a626cf3b383fd12bc88605d2737335a176cf4804 matches at b2:junyi-data/RGCL_video/logs/Retrieval/MHC_zh/RAC_video_moka_umfloor/RAC_lr0.0001_Bz64_Ep30_cosSim_triplet_drop[0.2, 0.4, 0.1]_topK20__PseudoGold_positive_1_hard_negative_1_seed1_hybrid_loss_Qwen2.5-VL-7B-Instruct-LoRA_HF-um/ckpt/epoch_model_14_0.8589743589743589.pt
[2026-07-27 08:40:45] [disk_guard]     PRUNED local (verified on B2): /data/jehc223/RGCL/logging/Retrieval/MHC_zh/RAC_video_moka_umfloor/RAC_lr0.0001_Bz64_Ep30_cosSim_triplet_drop[0.2, 0.4, 0.1]_topK20__PseudoGold_positive_1_hard_negative_1_seed1_hybrid_loss_Qwen2.5-VL-7B-Instruct-LoRA_HF-um/ckpt/epoch_model_14_0.8589743589743589.pt  (freed 40.03MB)
[2026-07-27 08:40:45] [disk_guard]   candidate: /data/jehc223/RGCL/logging/Retrieval/MHC_zh/RAC_video_moka_umfloor/RAC_lr0.0001_Bz64_Ep30_cosSim_triplet_drop[0.2, 0.4, 0.1]_topK20__PseudoGold_positive_1_hard_negative_1_seed1_hybrid_loss_Qwen2.5-VL-7B-Instruct-LoRA_HF-um/ckpt/epoch_model_15_0.8717948717948718.pt
[2026-07-27 08:40:45] [disk_guard]     mtime=2026-07-26 16:47:08 size=40.03MB
[2026-07-27 08:40:45] [disk_guard]     -> b2 subpath: logs/Retrieval/MHC_zh/RAC_video_moka_umfloor/RAC_lr0.0001_Bz64_Ep30_cosSim_triplet_drop[0.2, 0.4, 0.1]_topK20__PseudoGold_positive_1_hard_negative_1_seed1_hybrid_loss_Qwen2.5-VL-7B-Instruct-LoRA_HF-um/ckpt/epoch_model_15_0.8717948717948718.pt
[2026-07-27 08:40:45] [disk_guard]     pushing to B2 ...
[2026-07-27 08:40:55] [disk_guard] verify: OK sha1=34969caf991a88a5d7558d4b0eb73919388ba019 matches at b2:junyi-data/RGCL_video/logs/Retrieval/MHC_zh/RAC_video_moka_umfloor/RAC_lr0.0001_Bz64_Ep30_cosSim_triplet_drop[0.2, 0.4, 0.1]_topK20__PseudoGold_positive_1_hard_negative_1_seed1_hybrid_loss_Qwen2.5-VL-7B-Instruct-LoRA_HF-um/ckpt/epoch_model_15_0.8717948717948718.pt
[2026-07-27 08:40:55] [disk_guard]     PRUNED local (verified on B2): /data/jehc223/RGCL/logging/Retrieval/MHC_zh/RAC_video_moka_umfloor/RAC_lr0.0001_Bz64_Ep30_cosSim_triplet_drop[0.2, 0.4, 0.1]_topK20__PseudoGold_positive_1_hard_negative_1_seed1_hybrid_loss_Qwen2.5-VL-7B-Instruct-LoRA_HF-um/ckpt/epoch_model_15_0.8717948717948718.pt  (freed 40.03MB)
[2026-07-27 08:40:55] [disk_guard]   candidate: /data/jehc223/RGCL/logging/Retrieval/MHC_zh/RAC_video_moka_umfloor/RAC_lr0.0001_Bz64_Ep30_cosSim_triplet_drop[0.2, 0.4, 0.1]_topK20__PseudoGold_positive_1_hard_negative_1_seed1_hybrid_loss_Qwen2.5-VL-7B-Instruct-LoRA_HF-um/ckpt/epoch_model_16_0.8589743589743589.pt
[2026-07-27 08:40:55] [disk_guard]     mtime=2026-07-26 16:47:09 size=40.03MB
[2026-07-27 08:40:55] [disk_guard]     -> b2 subpath: logs/Retrieval/MHC_zh/RAC_video_moka_umfloor/RAC_lr0.0001_Bz64_Ep30_cosSim_triplet_drop[0.2, 0.4, 0.1]_topK20__PseudoGold_positive_1_hard_negative_1_seed1_hybrid_loss_Qwen2.5-VL-7B-Instruct-LoRA_HF-um/ckpt/epoch_model_16_0.8589743589743589.pt
[2026-07-27 08:40:55] [disk_guard]     pushing to B2 ...
[2026-07-27 08:41:05] [disk_guard] verify: OK sha1=963a0e2a00a85bf5de748c4bc92625e98cf1519c matches at b2:junyi-data/RGCL_video/logs/Retrieval/MHC_zh/RAC_video_moka_umfloor/RAC_lr0.0001_Bz64_Ep30_cosSim_triplet_drop[0.2, 0.4, 0.1]_topK20__PseudoGold_positive_1_hard_negative_1_seed1_hybrid_loss_Qwen2.5-VL-7B-Instruct-LoRA_HF-um/ckpt/epoch_model_16_0.8589743589743589.pt
[2026-07-27 08:41:05] [disk_guard]     PRUNED local (verified on B2): /data/jehc223/RGCL/logging/Retrieval/MHC_zh/RAC_video_moka_umfloor/RAC_lr0.0001_Bz64_Ep30_cosSim_triplet_drop[0.2, 0.4, 0.1]_topK20__PseudoGold_positive_1_hard_negative_1_seed1_hybrid_loss_Qwen2.5-VL-7B-Instruct-LoRA_HF-um/ckpt/epoch_model_16_0.8589743589743589.pt  (freed 40.03MB)
[2026-07-27 08:41:05] [disk_guard]   candidate: /data/jehc223/RGCL/logging/Retrieval/MHC_zh/RAC_video_moka_umfloor/RAC_lr0.0001_Bz64_Ep30_cosSim_triplet_drop[0.2, 0.4, 0.1]_topK20__PseudoGold_positive_1_hard_negative_1_seed1_hybrid_loss_Qwen2.5-VL-7B-Instruct-LoRA_HF-um/ckpt/epoch_model_17_0.8333333333333334.pt
[2026-07-27 08:41:05] [disk_guard]     mtime=2026-07-26 16:47:10 size=40.03MB
[2026-07-27 08:41:05] [disk_guard]     -> b2 subpath: logs/Retrieval/MHC_zh/RAC_video_moka_umfloor/RAC_lr0.0001_Bz64_Ep30_cosSim_triplet_drop[0.2, 0.4, 0.1]_topK20__PseudoGold_positive_1_hard_negative_1_seed1_hybrid_loss_Qwen2.5-VL-7B-Instruct-LoRA_HF-um/ckpt/epoch_model_17_0.8333333333333334.pt
[2026-07-27 08:41:05] [disk_guard]     pushing to B2 ...
[2026-07-27 08:41:15] [disk_guard] verify: OK sha1=701c0202c243527fd3dec67c6170611f9f31aa4f matches at b2:junyi-data/RGCL_video/logs/Retrieval/MHC_zh/RAC_video_moka_umfloor/RAC_lr0.0001_Bz64_Ep30_cosSim_triplet_drop[0.2, 0.4, 0.1]_topK20__PseudoGold_positive_1_hard_negative_1_seed1_hybrid_loss_Qwen2.5-VL-7B-Instruct-LoRA_HF-um/ckpt/epoch_model_17_0.8333333333333334.pt
[2026-07-27 08:41:15] [disk_guard]     PRUNED local (verified on B2): /data/jehc223/RGCL/logging/Retrieval/MHC_zh/RAC_video_moka_umfloor/RAC_lr0.0001_Bz64_Ep30_cosSim_triplet_drop[0.2, 0.4, 0.1]_topK20__PseudoGold_positive_1_hard_negative_1_seed1_hybrid_loss_Qwen2.5-VL-7B-Instruct-LoRA_HF-um/ckpt/epoch_model_17_0.8333333333333334.pt  (freed 40.03MB)
[2026-07-27 08:41:15] [disk_guard]   candidate: /data/jehc223/RGCL/logging/Retrieval/MHC_zh/RAC_video_moka_umfloor/RAC_lr0.0001_Bz64_Ep30_cosSim_triplet_drop[0.2, 0.4, 0.1]_topK20__PseudoGold_positive_1_hard_negative_1_seed1_hybrid_loss_Qwen2.5-VL-7B-Instruct-LoRA_HF-um/ckpt/epoch_model_18_0.8333333333333334.pt
[2026-07-27 08:41:15] [disk_guard]     mtime=2026-07-26 16:47:11 size=40.03MB
[2026-07-27 08:41:15] [disk_guard]     -> b2 subpath: logs/Retrieval/MHC_zh/RAC_video_moka_umfloor/RAC_lr0.0001_Bz64_Ep30_cosSim_triplet_drop[0.2, 0.4, 0.1]_topK20__PseudoGold_positive_1_hard_negative_1_seed1_hybrid_loss_Qwen2.5-VL-7B-Instruct-LoRA_HF-um/ckpt/epoch_model_18_0.8333333333333334.pt
[2026-07-27 08:41:15] [disk_guard]     pushing to B2 ...
[2026-07-27 08:41:25] [disk_guard] verify: OK sha1=8dd2a844652ab984e1b9ee6ffc97c244ec2fbda9 matches at b2:junyi-data/RGCL_video/logs/Retrieval/MHC_zh/RAC_video_moka_umfloor/RAC_lr0.0001_Bz64_Ep30_cosSim_triplet_drop[0.2, 0.4, 0.1]_topK20__PseudoGold_positive_1_hard_negative_1_seed1_hybrid_loss_Qwen2.5-VL-7B-Instruct-LoRA_HF-um/ckpt/epoch_model_18_0.8333333333333334.pt
[2026-07-27 08:41:25] [disk_guard]     PRUNED local (verified on B2): /data/jehc223/RGCL/logging/Retrieval/MHC_zh/RAC_video_moka_umfloor/RAC_lr0.0001_Bz64_Ep30_cosSim_triplet_drop[0.2, 0.4, 0.1]_topK20__PseudoGold_positive_1_hard_negative_1_seed1_hybrid_loss_Qwen2.5-VL-7B-Instruct-LoRA_HF-um/ckpt/epoch_model_18_0.8333333333333334.pt  (freed 40.03MB)
[2026-07-27 08:41:25] [disk_guard]   candidate: /data/jehc223/RGCL/logging/Retrieval/MHC_zh/RAC_video_moka_umfloor/RAC_lr0.0001_Bz64_Ep30_cosSim_triplet_drop[0.2, 0.4, 0.1]_topK20__PseudoGold_positive_1_hard_negative_1_seed1_hybrid_loss_Qwen2.5-VL-7B-Instruct-LoRA_HF-um/ckpt/epoch_model_19_0.8461538461538461.pt
[2026-07-27 08:41:25] [disk_guard]     mtime=2026-07-26 16:47:12 size=40.03MB
[2026-07-27 08:41:25] [disk_guard]     -> b2 subpath: logs/Retrieval/MHC_zh/RAC_video_moka_umfloor/RAC_lr0.0001_Bz64_Ep30_cosSim_triplet_drop[0.2, 0.4, 0.1]_topK20__PseudoGold_positive_1_hard_negative_1_seed1_hybrid_loss_Qwen2.5-VL-7B-Instruct-LoRA_HF-um/ckpt/epoch_model_19_0.8461538461538461.pt
[2026-07-27 08:41:25] [disk_guard]     pushing to B2 ...
[2026-07-27 08:41:35] [disk_guard] verify: OK sha1=0ab0c3149750bca3dd89728eb8b55c18f34f5c36 matches at b2:junyi-data/RGCL_video/logs/Retrieval/MHC_zh/RAC_video_moka_umfloor/RAC_lr0.0001_Bz64_Ep30_cosSim_triplet_drop[0.2, 0.4, 0.1]_topK20__PseudoGold_positive_1_hard_negative_1_seed1_hybrid_loss_Qwen2.5-VL-7B-Instruct-LoRA_HF-um/ckpt/epoch_model_19_0.8461538461538461.pt
[2026-07-27 08:41:35] [disk_guard]     PRUNED local (verified on B2): /data/jehc223/RGCL/logging/Retrieval/MHC_zh/RAC_video_moka_umfloor/RAC_lr0.0001_Bz64_Ep30_cosSim_triplet_drop[0.2, 0.4, 0.1]_topK20__PseudoGold_positive_1_hard_negative_1_seed1_hybrid_loss_Qwen2.5-VL-7B-Instruct-LoRA_HF-um/ckpt/epoch_model_19_0.8461538461538461.pt  (freed 40.03MB)
[2026-07-27 08:41:35] [disk_guard]   candidate: /data/jehc223/RGCL/logging/Retrieval/MHC_zh/RAC_video_moka_umfloor/RAC_lr0.0001_Bz64_Ep30_cosSim_triplet_drop[0.2, 0.4, 0.1]_topK20__PseudoGold_positive_1_hard_negative_1_seed1_hybrid_loss_Qwen2.5-VL-7B-Instruct-LoRA_HF-um/ckpt/epoch_model_20_0.8717948717948718.pt
[2026-07-27 08:41:35] [disk_guard]     mtime=2026-07-26 16:47:12 size=40.03MB
[2026-07-27 08:41:35] [disk_guard]     -> b2 subpath: logs/Retrieval/MHC_zh/RAC_video_moka_umfloor/RAC_lr0.0001_Bz64_Ep30_cosSim_triplet_drop[0.2, 0.4, 0.1]_topK20__PseudoGold_positive_1_hard_negative_1_seed1_hybrid_loss_Qwen2.5-VL-7B-Instruct-LoRA_HF-um/ckpt/epoch_model_20_0.8717948717948718.pt
[2026-07-27 08:41:35] [disk_guard]     pushing to B2 ...
[2026-07-27 08:41:48] [disk_guard]     ERROR: push failed; NOT deleting local. Skipping.
[2026-07-27 08:41:48] [disk_guard]   candidate: /data/jehc223/RGCL/logging/Retrieval/MHC_zh/RAC_video_moka_umfloor/RAC_lr0.0001_Bz64_Ep30_cosSim_triplet_drop[0.2, 0.4, 0.1]_topK20__PseudoGold_positive_1_hard_negative_1_seed1_hybrid_loss_Qwen2.5-VL-7B-Instruct-LoRA_HF-um/ckpt/best_model_20_0.8717948717948718.pt
[2026-07-27 08:41:48] [disk_guard]     mtime=2026-07-26 16:47:13 size=40.03MB
[2026-07-27 08:41:48] [disk_guard]     -> b2 subpath: logs/Retrieval/MHC_zh/RAC_video_moka_umfloor/RAC_lr0.0001_Bz64_Ep30_cosSim_triplet_drop[0.2, 0.4, 0.1]_topK20__PseudoGold_positive_1_hard_negative_1_seed1_hybrid_loss_Qwen2.5-VL-7B-Instruct-LoRA_HF-um/ckpt/best_model_20_0.8717948717948718.pt
[2026-07-27 08:41:48] [disk_guard]     pushing to B2 ...
[2026-07-27 08:41:56] [disk_guard]     ERROR: push failed; NOT deleting local. Skipping.
[2026-07-27 08:41:56] [disk_guard]   candidate: /data/jehc223/RGCL/logging/Retrieval/MHC_zh/RAC_video_moka_umfloor/RAC_lr0.0001_Bz64_Ep30_cosSim_triplet_drop[0.2, 0.4, 0.1]_topK20__PseudoGold_positive_1_hard_negative_1_seed1_hybrid_loss_Qwen2.5-VL-7B-Instruct-LoRA_HF-um/ckpt/epoch_model_21_0.8461538461538461.pt
[2026-07-27 08:41:56] [disk_guard]     mtime=2026-07-26 16:47:13 size=40.03MB
[2026-07-27 08:41:56] [disk_guard]     -> b2 subpath: logs/Retrieval/MHC_zh/RAC_video_moka_umfloor/RAC_lr0.0001_Bz64_Ep30_cosSim_triplet_drop[0.2, 0.4, 0.1]_topK20__PseudoGold_positive_1_hard_negative_1_seed1_hybrid_loss_Qwen2.5-VL-7B-Instruct-LoRA_HF-um/ckpt/epoch_model_21_0.8461538461538461.pt
[2026-07-27 08:41:56] [disk_guard]     pushing to B2 ...
[2026-07-27 08:42:06] [disk_guard] verify: OK sha1=43464a55d4ff018665865819cffacf3f5f247e3d matches at b2:junyi-data/RGCL_video/logs/Retrieval/MHC_zh/RAC_video_moka_umfloor/RAC_lr0.0001_Bz64_Ep30_cosSim_triplet_drop[0.2, 0.4, 0.1]_topK20__PseudoGold_positive_1_hard_negative_1_seed1_hybrid_loss_Qwen2.5-VL-7B-Instruct-LoRA_HF-um/ckpt/epoch_model_21_0.8461538461538461.pt
[2026-07-27 08:42:06] [disk_guard]     PRUNED local (verified on B2): /data/jehc223/RGCL/logging/Retrieval/MHC_zh/RAC_video_moka_umfloor/RAC_lr0.0001_Bz64_Ep30_cosSim_triplet_drop[0.2, 0.4, 0.1]_topK20__PseudoGold_positive_1_hard_negative_1_seed1_hybrid_loss_Qwen2.5-VL-7B-Instruct-LoRA_HF-um/ckpt/epoch_model_21_0.8461538461538461.pt  (freed 40.03MB)
[2026-07-27 08:42:06] [disk_guard]   candidate: /data/jehc223/RGCL/logging/Retrieval/MHC_zh/RAC_video_moka_umfloor/RAC_lr0.0001_Bz64_Ep30_cosSim_triplet_drop[0.2, 0.4, 0.1]_topK20__PseudoGold_positive_1_hard_negative_1_seed1_hybrid_loss_Qwen2.5-VL-7B-Instruct-LoRA_HF-um/ckpt/epoch_model_22_0.8717948717948718.pt
[2026-07-27 08:42:06] [disk_guard]     mtime=2026-07-26 16:47:14 size=40.03MB
[2026-07-27 08:42:06] [disk_guard]     -> b2 subpath: logs/Retrieval/MHC_zh/RAC_video_moka_umfloor/RAC_lr0.0001_Bz64_Ep30_cosSim_triplet_drop[0.2, 0.4, 0.1]_topK20__PseudoGold_positive_1_hard_negative_1_seed1_hybrid_loss_Qwen2.5-VL-7B-Instruct-LoRA_HF-um/ckpt/epoch_model_22_0.8717948717948718.pt
[2026-07-27 08:42:06] [disk_guard]     pushing to B2 ...
[2026-07-27 08:42:16] [disk_guard] verify: OK sha1=80f0acbe7186a3e5a7439a2a011cabf274a85d68 matches at b2:junyi-data/RGCL_video/logs/Retrieval/MHC_zh/RAC_video_moka_umfloor/RAC_lr0.0001_Bz64_Ep30_cosSim_triplet_drop[0.2, 0.4, 0.1]_topK20__PseudoGold_positive_1_hard_negative_1_seed1_hybrid_loss_Qwen2.5-VL-7B-Instruct-LoRA_HF-um/ckpt/epoch_model_22_0.8717948717948718.pt
[2026-07-27 08:42:16] [disk_guard]     PRUNED local (verified on B2): /data/jehc223/RGCL/logging/Retrieval/MHC_zh/RAC_video_moka_umfloor/RAC_lr0.0001_Bz64_Ep30_cosSim_triplet_drop[0.2, 0.4, 0.1]_topK20__PseudoGold_positive_1_hard_negative_1_seed1_hybrid_loss_Qwen2.5-VL-7B-Instruct-LoRA_HF-um/ckpt/epoch_model_22_0.8717948717948718.pt  (freed 40.03MB)
[2026-07-27 08:42:16] [disk_guard]   candidate: /data/jehc223/RGCL/logging/Retrieval/MHC_zh/RAC_video_moka_umfloor/RAC_lr0.0001_Bz64_Ep30_cosSim_triplet_drop[0.2, 0.4, 0.1]_topK20__PseudoGold_positive_1_hard_negative_1_seed1_hybrid_loss_Qwen2.5-VL-7B-Instruct-LoRA_HF-um/ckpt/epoch_model_23_0.8589743589743589.pt
[2026-07-27 08:42:16] [disk_guard]     mtime=2026-07-26 16:47:15 size=40.03MB
[2026-07-27 08:42:16] [disk_guard]     -> b2 subpath: logs/Retrieval/MHC_zh/RAC_video_moka_umfloor/RAC_lr0.0001_Bz64_Ep30_cosSim_triplet_drop[0.2, 0.4, 0.1]_topK20__PseudoGold_positive_1_hard_negative_1_seed1_hybrid_loss_Qwen2.5-VL-7B-Instruct-LoRA_HF-um/ckpt/epoch_model_23_0.8589743589743589.pt
[2026-07-27 08:42:16] [disk_guard]     pushing to B2 ...
[2026-07-27 08:42:26] [disk_guard] verify: OK sha1=c1079c39b9614c03de56623c0143dac2fe2de021 matches at b2:junyi-data/RGCL_video/logs/Retrieval/MHC_zh/RAC_video_moka_umfloor/RAC_lr0.0001_Bz64_Ep30_cosSim_triplet_drop[0.2, 0.4, 0.1]_topK20__PseudoGold_positive_1_hard_negative_1_seed1_hybrid_loss_Qwen2.5-VL-7B-Instruct-LoRA_HF-um/ckpt/epoch_model_23_0.8589743589743589.pt
[2026-07-27 08:42:26] [disk_guard]     PRUNED local (verified on B2): /data/jehc223/RGCL/logging/Retrieval/MHC_zh/RAC_video_moka_umfloor/RAC_lr0.0001_Bz64_Ep30_cosSim_triplet_drop[0.2, 0.4, 0.1]_topK20__PseudoGold_positive_1_hard_negative_1_seed1_hybrid_loss_Qwen2.5-VL-7B-Instruct-LoRA_HF-um/ckpt/epoch_model_23_0.8589743589743589.pt  (freed 40.03MB)
[2026-07-27 08:42:26] [disk_guard]   candidate: /data/jehc223/RGCL/logging/Retrieval/MHC_zh/RAC_video_moka_umfloor/RAC_lr0.0001_Bz64_Ep30_cosSim_triplet_drop[0.2, 0.4, 0.1]_topK20__PseudoGold_positive_1_hard_negative_1_seed1_hybrid_loss_Qwen2.5-VL-7B-Instruct-LoRA_HF-um/ckpt/epoch_model_24_0.8717948717948718.pt
[2026-07-27 08:42:26] [disk_guard]     mtime=2026-07-26 16:47:16 size=40.03MB
[2026-07-27 08:42:26] [disk_guard]     -> b2 subpath: logs/Retrieval/MHC_zh/RAC_video_moka_umfloor/RAC_lr0.0001_Bz64_Ep30_cosSim_triplet_drop[0.2, 0.4, 0.1]_topK20__PseudoGold_positive_1_hard_negative_1_seed1_hybrid_loss_Qwen2.5-VL-7B-Instruct-LoRA_HF-um/ckpt/epoch_model_24_0.8717948717948718.pt
[2026-07-27 08:42:26] [disk_guard]     pushing to B2 ...
[2026-07-27 08:42:37] [disk_guard] verify: OK sha1=feb2fa73646afd09abb423816735d2e5b0e83d55 matches at b2:junyi-data/RGCL_video/logs/Retrieval/MHC_zh/RAC_video_moka_umfloor/RAC_lr0.0001_Bz64_Ep30_cosSim_triplet_drop[0.2, 0.4, 0.1]_topK20__PseudoGold_positive_1_hard_negative_1_seed1_hybrid_loss_Qwen2.5-VL-7B-Instruct-LoRA_HF-um/ckpt/epoch_model_24_0.8717948717948718.pt
[2026-07-27 08:42:37] [disk_guard]     PRUNED local (verified on B2): /data/jehc223/RGCL/logging/Retrieval/MHC_zh/RAC_video_moka_umfloor/RAC_lr0.0001_Bz64_Ep30_cosSim_triplet_drop[0.2, 0.4, 0.1]_topK20__PseudoGold_positive_1_hard_negative_1_seed1_hybrid_loss_Qwen2.5-VL-7B-Instruct-LoRA_HF-um/ckpt/epoch_model_24_0.8717948717948718.pt  (freed 40.03MB)
[2026-07-27 08:42:37] [disk_guard]   candidate: /data/jehc223/RGCL/logging/Retrieval/MHC_zh/RAC_video_moka_umfloor/RAC_lr0.0001_Bz64_Ep30_cosSim_triplet_drop[0.2, 0.4, 0.1]_topK20__PseudoGold_positive_1_hard_negative_1_seed1_hybrid_loss_Qwen2.5-VL-7B-Instruct-LoRA_HF-um/ckpt/best_model_24_0.8717948717948718.pt
[2026-07-27 08:42:37] [disk_guard]     mtime=2026-07-26 16:47:16 size=40.03MB
[2026-07-27 08:42:37] [disk_guard]     -> b2 subpath: logs/Retrieval/MHC_zh/RAC_video_moka_umfloor/RAC_lr0.0001_Bz64_Ep30_cosSim_triplet_drop[0.2, 0.4, 0.1]_topK20__PseudoGold_positive_1_hard_negative_1_seed1_hybrid_loss_Qwen2.5-VL-7B-Instruct-LoRA_HF-um/ckpt/best_model_24_0.8717948717948718.pt
[2026-07-27 08:42:37] [disk_guard]     pushing to B2 ...
[2026-07-27 08:42:47] [disk_guard] verify: OK sha1=773a3408aa1b89f0cb1d962911900442932f8677 matches at b2:junyi-data/RGCL_video/logs/Retrieval/MHC_zh/RAC_video_moka_umfloor/RAC_lr0.0001_Bz64_Ep30_cosSim_triplet_drop[0.2, 0.4, 0.1]_topK20__PseudoGold_positive_1_hard_negative_1_seed1_hybrid_loss_Qwen2.5-VL-7B-Instruct-LoRA_HF-um/ckpt/best_model_24_0.8717948717948718.pt
[2026-07-27 08:42:47] [disk_guard]     PRUNED local (verified on B2): /data/jehc223/RGCL/logging/Retrieval/MHC_zh/RAC_video_moka_umfloor/RAC_lr0.0001_Bz64_Ep30_cosSim_triplet_drop[0.2, 0.4, 0.1]_topK20__PseudoGold_positive_1_hard_negative_1_seed1_hybrid_loss_Qwen2.5-VL-7B-Instruct-LoRA_HF-um/ckpt/best_model_24_0.8717948717948718.pt  (freed 40.03MB)
[2026-07-27 08:42:47] [disk_guard]   candidate: /data/jehc223/RGCL/logging/Retrieval/MHC_zh/RAC_video_moka_umfloor/RAC_lr0.0001_Bz64_Ep30_cosSim_triplet_drop[0.2, 0.4, 0.1]_topK20__PseudoGold_positive_1_hard_negative_1_seed1_hybrid_loss_Qwen2.5-VL-7B-Instruct-LoRA_HF-um/ckpt/epoch_model_25_0.8846153846153846.pt
[2026-07-27 08:42:47] [disk_guard]     mtime=2026-07-26 16:47:17 size=40.03MB
[2026-07-27 08:42:47] [disk_guard]     -> b2 subpath: logs/Retrieval/MHC_zh/RAC_video_moka_umfloor/RAC_lr0.0001_Bz64_Ep30_cosSim_triplet_drop[0.2, 0.4, 0.1]_topK20__PseudoGold_positive_1_hard_negative_1_seed1_hybrid_loss_Qwen2.5-VL-7B-Instruct-LoRA_HF-um/ckpt/epoch_model_25_0.8846153846153846.pt
[2026-07-27 08:42:47] [disk_guard]     pushing to B2 ...
[2026-07-27 08:42:57] [disk_guard] verify: OK sha1=34fffc5df97e6790db7fd32b4ff2d129ebc69eae matches at b2:junyi-data/RGCL_video/logs/Retrieval/MHC_zh/RAC_video_moka_umfloor/RAC_lr0.0001_Bz64_Ep30_cosSim_triplet_drop[0.2, 0.4, 0.1]_topK20__PseudoGold_positive_1_hard_negative_1_seed1_hybrid_loss_Qwen2.5-VL-7B-Instruct-LoRA_HF-um/ckpt/epoch_model_25_0.8846153846153846.pt
[2026-07-27 08:42:57] [disk_guard]     PRUNED local (verified on B2): /data/jehc223/RGCL/logging/Retrieval/MHC_zh/RAC_video_moka_umfloor/RAC_lr0.0001_Bz64_Ep30_cosSim_triplet_drop[0.2, 0.4, 0.1]_topK20__PseudoGold_positive_1_hard_negative_1_seed1_hybrid_loss_Qwen2.5-VL-7B-Instruct-LoRA_HF-um/ckpt/epoch_model_25_0.8846153846153846.pt  (freed 40.03MB)
[2026-07-27 08:42:57] [disk_guard]   candidate: /data/jehc223/RGCL/logging/Retrieval/MHC_zh/RAC_video_moka_umfloor/RAC_lr0.0001_Bz64_Ep30_cosSim_triplet_drop[0.2, 0.4, 0.1]_topK20__PseudoGold_positive_1_hard_negative_1_seed1_hybrid_loss_Qwen2.5-VL-7B-Instruct-LoRA_HF-um/ckpt/best_model_25_0.8846153846153846.pt
[2026-07-27 08:42:57] [disk_guard]     mtime=2026-07-26 16:47:17 size=40.03MB
[2026-07-27 08:42:57] [disk_guard]     -> b2 subpath: logs/Retrieval/MHC_zh/RAC_video_moka_umfloor/RAC_lr0.0001_Bz64_Ep30_cosSim_triplet_drop[0.2, 0.4, 0.1]_topK20__PseudoGold_positive_1_hard_negative_1_seed1_hybrid_loss_Qwen2.5-VL-7B-Instruct-LoRA_HF-um/ckpt/best_model_25_0.8846153846153846.pt
[2026-07-27 08:42:57] [disk_guard]     pushing to B2 ...
[2026-07-27 08:43:08] [disk_guard] verify: OK sha1=b6df2042e3798046a121e4310f0bc2a34f8cd17e matches at b2:junyi-data/RGCL_video/logs/Retrieval/MHC_zh/RAC_video_moka_umfloor/RAC_lr0.0001_Bz64_Ep30_cosSim_triplet_drop[0.2, 0.4, 0.1]_topK20__PseudoGold_positive_1_hard_negative_1_seed1_hybrid_loss_Qwen2.5-VL-7B-Instruct-LoRA_HF-um/ckpt/best_model_25_0.8846153846153846.pt
[2026-07-27 08:43:08] [disk_guard]     PRUNED local (verified on B2): /data/jehc223/RGCL/logging/Retrieval/MHC_zh/RAC_video_moka_umfloor/RAC_lr0.0001_Bz64_Ep30_cosSim_triplet_drop[0.2, 0.4, 0.1]_topK20__PseudoGold_positive_1_hard_negative_1_seed1_hybrid_loss_Qwen2.5-VL-7B-Instruct-LoRA_HF-um/ckpt/best_model_25_0.8846153846153846.pt  (freed 40.03MB)
[2026-07-27 08:43:08] [disk_guard]   candidate: /data/jehc223/RGCL/logging/Retrieval/MHC_zh/RAC_video_moka_umfloor/RAC_lr0.0001_Bz64_Ep30_cosSim_triplet_drop[0.2, 0.4, 0.1]_topK20__PseudoGold_positive_1_hard_negative_1_seed1_hybrid_loss_Qwen2.5-VL-7B-Instruct-LoRA_HF-um/ckpt/epoch_model_26_0.8846153846153846.pt
[2026-07-27 08:43:08] [disk_guard]     mtime=2026-07-26 16:47:17 size=40.03MB
[2026-07-27 08:43:08] [disk_guard]     -> b2 subpath: logs/Retrieval/MHC_zh/RAC_video_moka_umfloor/RAC_lr0.0001_Bz64_Ep30_cosSim_triplet_drop[0.2, 0.4, 0.1]_topK20__PseudoGold_positive_1_hard_negative_1_seed1_hybrid_loss_Qwen2.5-VL-7B-Instruct-LoRA_HF-um/ckpt/epoch_model_26_0.8846153846153846.pt
[2026-07-27 08:43:08] [disk_guard]     pushing to B2 ...
[2026-07-27 08:43:18] [disk_guard] verify: OK sha1=3684ef6f683210c0a3448adeb6ea6e8b99a890d2 matches at b2:junyi-data/RGCL_video/logs/Retrieval/MHC_zh/RAC_video_moka_umfloor/RAC_lr0.0001_Bz64_Ep30_cosSim_triplet_drop[0.2, 0.4, 0.1]_topK20__PseudoGold_positive_1_hard_negative_1_seed1_hybrid_loss_Qwen2.5-VL-7B-Instruct-LoRA_HF-um/ckpt/epoch_model_26_0.8846153846153846.pt
[2026-07-27 08:43:19] [disk_guard]     PRUNED local (verified on B2): /data/jehc223/RGCL/logging/Retrieval/MHC_zh/RAC_video_moka_umfloor/RAC_lr0.0001_Bz64_Ep30_cosSim_triplet_drop[0.2, 0.4, 0.1]_topK20__PseudoGold_positive_1_hard_negative_1_seed1_hybrid_loss_Qwen2.5-VL-7B-Instruct-LoRA_HF-um/ckpt/epoch_model_26_0.8846153846153846.pt  (freed 40.03MB)
[2026-07-27 08:43:19] [disk_guard]   candidate: /data/jehc223/RGCL/logging/Retrieval/MHC_zh/RAC_video_moka_umfloor/RAC_lr0.0001_Bz64_Ep30_cosSim_triplet_drop[0.2, 0.4, 0.1]_topK20__PseudoGold_positive_1_hard_negative_1_seed1_hybrid_loss_Qwen2.5-VL-7B-Instruct-LoRA_HF-um/ckpt/epoch_model_27_0.8717948717948718.pt
[2026-07-27 08:43:19] [disk_guard]     mtime=2026-07-26 16:47:18 size=40.03MB
[2026-07-27 08:43:19] [disk_guard]     -> b2 subpath: logs/Retrieval/MHC_zh/RAC_video_moka_umfloor/RAC_lr0.0001_Bz64_Ep30_cosSim_triplet_drop[0.2, 0.4, 0.1]_topK20__PseudoGold_positive_1_hard_negative_1_seed1_hybrid_loss_Qwen2.5-VL-7B-Instruct-LoRA_HF-um/ckpt/epoch_model_27_0.8717948717948718.pt
[2026-07-27 08:43:19] [disk_guard]     pushing to B2 ...
[2026-07-27 08:43:29] [disk_guard] verify: OK sha1=01fef83aadc3595ccc03cb17ae5afa85444dcbc6 matches at b2:junyi-data/RGCL_video/logs/Retrieval/MHC_zh/RAC_video_moka_umfloor/RAC_lr0.0001_Bz64_Ep30_cosSim_triplet_drop[0.2, 0.4, 0.1]_topK20__PseudoGold_positive_1_hard_negative_1_seed1_hybrid_loss_Qwen2.5-VL-7B-Instruct-LoRA_HF-um/ckpt/epoch_model_27_0.8717948717948718.pt
[2026-07-27 08:43:29] [disk_guard]     PRUNED local (verified on B2): /data/jehc223/RGCL/logging/Retrieval/MHC_zh/RAC_video_moka_umfloor/RAC_lr0.0001_Bz64_Ep30_cosSim_triplet_drop[0.2, 0.4, 0.1]_topK20__PseudoGold_positive_1_hard_negative_1_seed1_hybrid_loss_Qwen2.5-VL-7B-Instruct-LoRA_HF-um/ckpt/epoch_model_27_0.8717948717948718.pt  (freed 40.03MB)
[2026-07-27 08:43:29] [disk_guard]   candidate: /data/jehc223/RGCL/logging/Retrieval/MHC_zh/RAC_video_moka_umfloor/RAC_lr0.0001_Bz64_Ep30_cosSim_triplet_drop[0.2, 0.4, 0.1]_topK20__PseudoGold_positive_1_hard_negative_1_seed1_hybrid_loss_Qwen2.5-VL-7B-Instruct-LoRA_HF-um/ckpt/epoch_model_28_0.8717948717948718.pt
[2026-07-27 08:43:29] [disk_guard]     mtime=2026-07-26 16:47:19 size=40.03MB
[2026-07-27 08:43:29] [disk_guard]     -> b2 subpath: logs/Retrieval/MHC_zh/RAC_video_moka_umfloor/RAC_lr0.0001_Bz64_Ep30_cosSim_triplet_drop[0.2, 0.4, 0.1]_topK20__PseudoGold_positive_1_hard_negative_1_seed1_hybrid_loss_Qwen2.5-VL-7B-Instruct-LoRA_HF-um/ckpt/epoch_model_28_0.8717948717948718.pt
[2026-07-27 08:43:29] [disk_guard]     pushing to B2 ...
[2026-07-27 08:43:39] [disk_guard] verify: OK sha1=8a8baa120bed5ddc0cf94c2b00e6ef98de85a21a matches at b2:junyi-data/RGCL_video/logs/Retrieval/MHC_zh/RAC_video_moka_umfloor/RAC_lr0.0001_Bz64_Ep30_cosSim_triplet_drop[0.2, 0.4, 0.1]_topK20__PseudoGold_positive_1_hard_negative_1_seed1_hybrid_loss_Qwen2.5-VL-7B-Instruct-LoRA_HF-um/ckpt/epoch_model_28_0.8717948717948718.pt
[2026-07-27 08:43:39] [disk_guard]     PRUNED local (verified on B2): /data/jehc223/RGCL/logging/Retrieval/MHC_zh/RAC_video_moka_umfloor/RAC_lr0.0001_Bz64_Ep30_cosSim_triplet_drop[0.2, 0.4, 0.1]_topK20__PseudoGold_positive_1_hard_negative_1_seed1_hybrid_loss_Qwen2.5-VL-7B-Instruct-LoRA_HF-um/ckpt/epoch_model_28_0.8717948717948718.pt  (freed 40.03MB)
[2026-07-27 08:43:39] [disk_guard]   candidate: /data/jehc223/RGCL/logging/Retrieval/MHC_zh/RAC_video_moka_umfloor/RAC_lr0.0001_Bz64_Ep30_cosSim_triplet_drop[0.2, 0.4, 0.1]_topK20__PseudoGold_positive_1_hard_negative_1_seed1_hybrid_loss_Qwen2.5-VL-7B-Instruct-LoRA_HF-um/ckpt/epoch_model_29_0.8589743589743589.pt
[2026-07-27 08:43:39] [disk_guard]     mtime=2026-07-26 16:47:20 size=40.03MB
[2026-07-27 08:43:39] [disk_guard]     -> b2 subpath: logs/Retrieval/MHC_zh/RAC_video_moka_umfloor/RAC_lr0.0001_Bz64_Ep30_cosSim_triplet_drop[0.2, 0.4, 0.1]_topK20__PseudoGold_positive_1_hard_negative_1_seed1_hybrid_loss_Qwen2.5-VL-7B-Instruct-LoRA_HF-um/ckpt/epoch_model_29_0.8589743589743589.pt
[2026-07-27 08:43:39] [disk_guard]     pushing to B2 ...
[2026-07-27 08:43:50] [disk_guard] verify: OK sha1=117f8a5dc44d9342a3147c60f69301dd52123db4 matches at b2:junyi-data/RGCL_video/logs/Retrieval/MHC_zh/RAC_video_moka_umfloor/RAC_lr0.0001_Bz64_Ep30_cosSim_triplet_drop[0.2, 0.4, 0.1]_topK20__PseudoGold_positive_1_hard_negative_1_seed1_hybrid_loss_Qwen2.5-VL-7B-Instruct-LoRA_HF-um/ckpt/epoch_model_29_0.8589743589743589.pt
[2026-07-27 08:43:50] [disk_guard]     PRUNED local (verified on B2): /data/jehc223/RGCL/logging/Retrieval/MHC_zh/RAC_video_moka_umfloor/RAC_lr0.0001_Bz64_Ep30_cosSim_triplet_drop[0.2, 0.4, 0.1]_topK20__PseudoGold_positive_1_hard_negative_1_seed1_hybrid_loss_Qwen2.5-VL-7B-Instruct-LoRA_HF-um/ckpt/epoch_model_29_0.8589743589743589.pt  (freed 40.03MB)
[2026-07-27 08:43:50] [disk_guard]   candidate: /data/jehc223/RGCL/logging/Retrieval/MHC_zh/RAC_video_moka_umfloor/RAC_lr0.0001_Bz64_Ep30_cosSim_triplet_drop[0.2, 0.4, 0.1]_topK20__PseudoGold_positive_1_hard_negative_1_seed1_hybrid_loss_Qwen2.5-VL-7B-Instruct-LoRA_HF-um/ckpt/last_model_29_0.8589743589743589.pt
[2026-07-27 08:43:50] [disk_guard]     mtime=2026-07-26 16:47:20 size=40.03MB
[2026-07-27 08:43:50] [disk_guard]     -> b2 subpath: logs/Retrieval/MHC_zh/RAC_video_moka_umfloor/RAC_lr0.0001_Bz64_Ep30_cosSim_triplet_drop[0.2, 0.4, 0.1]_topK20__PseudoGold_positive_1_hard_negative_1_seed1_hybrid_loss_Qwen2.5-VL-7B-Instruct-LoRA_HF-um/ckpt/last_model_29_0.8589743589743589.pt
[2026-07-27 08:43:50] [disk_guard]     pushing to B2 ...
[2026-07-27 08:44:00] [disk_guard] verify: OK sha1=b5d2347ee487fee2e944ba3f59d126252e098b04 matches at b2:junyi-data/RGCL_video/logs/Retrieval/MHC_zh/RAC_video_moka_umfloor/RAC_lr0.0001_Bz64_Ep30_cosSim_triplet_drop[0.2, 0.4, 0.1]_topK20__PseudoGold_positive_1_hard_negative_1_seed1_hybrid_loss_Qwen2.5-VL-7B-Instruct-LoRA_HF-um/ckpt/last_model_29_0.8589743589743589.pt
[2026-07-27 08:44:00] [disk_guard]     PRUNED local (verified on B2): /data/jehc223/RGCL/logging/Retrieval/MHC_zh/RAC_video_moka_umfloor/RAC_lr0.0001_Bz64_Ep30_cosSim_triplet_drop[0.2, 0.4, 0.1]_topK20__PseudoGold_positive_1_hard_negative_1_seed1_hybrid_loss_Qwen2.5-VL-7B-Instruct-LoRA_HF-um/ckpt/last_model_29_0.8589743589743589.pt  (freed 40.03MB)
[2026-07-27 08:44:00] [disk_guard]   candidate: /data/jehc223/RGCL/logging/Retrieval/MHC_zh/RAC_video_moka_umfloor/RAC_lr0.0001_Bz64_Ep30_cosSim_triplet_drop[0.2, 0.4, 0.1]_topK20__PseudoGold_positive_1_hard_negative_1_seed2_hybrid_loss_Qwen2.5-VL-7B-Instruct-LoRA_HF-um/ckpt/epoch_model_0_0.8461538461538461.pt
[2026-07-27 08:44:00] [disk_guard]     mtime=2026-07-26 16:47:28 size=40.03MB
[2026-07-27 08:44:00] [disk_guard]     -> b2 subpath: logs/Retrieval/MHC_zh/RAC_video_moka_umfloor/RAC_lr0.0001_Bz64_Ep30_cosSim_triplet_drop[0.2, 0.4, 0.1]_topK20__PseudoGold_positive_1_hard_negative_1_seed2_hybrid_loss_Qwen2.5-VL-7B-Instruct-LoRA_HF-um/ckpt/epoch_model_0_0.8461538461538461.pt
[2026-07-27 08:44:00] [disk_guard]     pushing to B2 ...
[2026-07-27 08:44:18] [disk_guard]     ERROR: push failed; NOT deleting local. Skipping.
[2026-07-27 08:44:18] [disk_guard]   candidate: /data/jehc223/RGCL/logging/Retrieval/MHC_zh/RAC_video_moka_umfloor/RAC_lr0.0001_Bz64_Ep30_cosSim_triplet_drop[0.2, 0.4, 0.1]_topK20__PseudoGold_positive_1_hard_negative_1_seed2_hybrid_loss_Qwen2.5-VL-7B-Instruct-LoRA_HF-um/ckpt/epoch_model_1_0.8205128205128205.pt
[2026-07-27 08:44:18] [disk_guard]     mtime=2026-07-26 16:47:29 size=40.03MB
[2026-07-27 08:44:18] [disk_guard]     -> b2 subpath: logs/Retrieval/MHC_zh/RAC_video_moka_umfloor/RAC_lr0.0001_Bz64_Ep30_cosSim_triplet_drop[0.2, 0.4, 0.1]_topK20__PseudoGold_positive_1_hard_negative_1_seed2_hybrid_loss_Qwen2.5-VL-7B-Instruct-LoRA_HF-um/ckpt/epoch_model_1_0.8205128205128205.pt
[2026-07-27 08:44:18] [disk_guard]     pushing to B2 ...
[2026-07-27 08:44:28] [disk_guard]     ERROR: push failed; NOT deleting local. Skipping.
[2026-07-27 08:44:28] [disk_guard]   candidate: /data/jehc223/RGCL/logging/Retrieval/MHC_zh/RAC_video_moka_umfloor/RAC_lr0.0001_Bz64_Ep30_cosSim_triplet_drop[0.2, 0.4, 0.1]_topK20__PseudoGold_positive_1_hard_negative_1_seed2_hybrid_loss_Qwen2.5-VL-7B-Instruct-LoRA_HF-um/ckpt/epoch_model_2_0.8589743589743589.pt
[2026-07-27 08:44:28] [disk_guard]     mtime=2026-07-26 16:47:30 size=40.03MB
[2026-07-27 08:44:28] [disk_guard]     -> b2 subpath: logs/Retrieval/MHC_zh/RAC_video_moka_umfloor/RAC_lr0.0001_Bz64_Ep30_cosSim_triplet_drop[0.2, 0.4, 0.1]_topK20__PseudoGold_positive_1_hard_negative_1_seed2_hybrid_loss_Qwen2.5-VL-7B-Instruct-LoRA_HF-um/ckpt/epoch_model_2_0.8589743589743589.pt
[2026-07-27 08:44:28] [disk_guard]     pushing to B2 ...
[2026-07-27 08:44:35] [disk_guard]     ERROR: push failed; NOT deleting local. Skipping.
[2026-07-27 08:44:35] [disk_guard]   candidate: /data/jehc223/RGCL/logging/Retrieval/MHC_zh/RAC_video_moka_umfloor/RAC_lr0.0001_Bz64_Ep30_cosSim_triplet_drop[0.2, 0.4, 0.1]_topK20__PseudoGold_positive_1_hard_negative_1_seed2_hybrid_loss_Qwen2.5-VL-7B-Instruct-LoRA_HF-um/ckpt/epoch_model_3_0.8589743589743589.pt
[2026-07-27 08:44:35] [disk_guard]     mtime=2026-07-26 16:47:30 size=40.03MB
[2026-07-27 08:44:35] [disk_guard]     -> b2 subpath: logs/Retrieval/MHC_zh/RAC_video_moka_umfloor/RAC_lr0.0001_Bz64_Ep30_cosSim_triplet_drop[0.2, 0.4, 0.1]_topK20__PseudoGold_positive_1_hard_negative_1_seed2_hybrid_loss_Qwen2.5-VL-7B-Instruct-LoRA_HF-um/ckpt/epoch_model_3_0.8589743589743589.pt
[2026-07-27 08:44:36] [disk_guard]     pushing to B2 ...
[2026-07-27 08:44:45] [disk_guard]     ERROR: push failed; NOT deleting local. Skipping.
[2026-07-27 08:44:45] [disk_guard]   candidate: /data/jehc223/RGCL/logging/Retrieval/MHC_zh/RAC_video_moka_umfloor/RAC_lr0.0001_Bz64_Ep30_cosSim_triplet_drop[0.2, 0.4, 0.1]_topK20__PseudoGold_positive_1_hard_negative_1_seed2_hybrid_loss_Qwen2.5-VL-7B-Instruct-LoRA_HF-um/ckpt/epoch_model_4_0.8589743589743589.pt
[2026-07-27 08:44:45] [disk_guard]     mtime=2026-07-26 16:47:31 size=40.03MB
[2026-07-27 08:44:45] [disk_guard]     -> b2 subpath: logs/Retrieval/MHC_zh/RAC_video_moka_umfloor/RAC_lr0.0001_Bz64_Ep30_cosSim_triplet_drop[0.2, 0.4, 0.1]_topK20__PseudoGold_positive_1_hard_negative_1_seed2_hybrid_loss_Qwen2.5-VL-7B-Instruct-LoRA_HF-um/ckpt/epoch_model_4_0.8589743589743589.pt
[2026-07-27 08:44:45] [disk_guard]     pushing to B2 ...
[2026-07-27 08:44:55] [disk_guard] verify: OK sha1=bca085427a6f58cc49aa1540b8bac87ad5e9441a matches at b2:junyi-data/RGCL_video/logs/Retrieval/MHC_zh/RAC_video_moka_umfloor/RAC_lr0.0001_Bz64_Ep30_cosSim_triplet_drop[0.2, 0.4, 0.1]_topK20__PseudoGold_positive_1_hard_negative_1_seed2_hybrid_loss_Qwen2.5-VL-7B-Instruct-LoRA_HF-um/ckpt/epoch_model_4_0.8589743589743589.pt
[2026-07-27 08:44:55] [disk_guard]     PRUNED local (verified on B2): /data/jehc223/RGCL/logging/Retrieval/MHC_zh/RAC_video_moka_umfloor/RAC_lr0.0001_Bz64_Ep30_cosSim_triplet_drop[0.2, 0.4, 0.1]_topK20__PseudoGold_positive_1_hard_negative_1_seed2_hybrid_loss_Qwen2.5-VL-7B-Instruct-LoRA_HF-um/ckpt/epoch_model_4_0.8589743589743589.pt  (freed 40.03MB)
[2026-07-27 08:44:55] [disk_guard]   candidate: /data/jehc223/RGCL/logging/Retrieval/MHC_zh/RAC_video_moka_umfloor/RAC_lr0.0001_Bz64_Ep30_cosSim_triplet_drop[0.2, 0.4, 0.1]_topK20__PseudoGold_positive_1_hard_negative_1_seed2_hybrid_loss_Qwen2.5-VL-7B-Instruct-LoRA_HF-um/ckpt/epoch_model_5_0.8589743589743589.pt
[2026-07-27 08:44:55] [disk_guard]     mtime=2026-07-26 16:47:32 size=40.03MB
[2026-07-27 08:44:55] [disk_guard]     -> b2 subpath: logs/Retrieval/MHC_zh/RAC_video_moka_umfloor/RAC_lr0.0001_Bz64_Ep30_cosSim_triplet_drop[0.2, 0.4, 0.1]_topK20__PseudoGold_positive_1_hard_negative_1_seed2_hybrid_loss_Qwen2.5-VL-7B-Instruct-LoRA_HF-um/ckpt/epoch_model_5_0.8589743589743589.pt
[2026-07-27 08:44:55] [disk_guard]     pushing to B2 ...
[2026-07-27 08:45:05] [disk_guard] verify: OK sha1=21c87aa1f2b934b1121733e407e66b529796211e matches at b2:junyi-data/RGCL_video/logs/Retrieval/MHC_zh/RAC_video_moka_umfloor/RAC_lr0.0001_Bz64_Ep30_cosSim_triplet_drop[0.2, 0.4, 0.1]_topK20__PseudoGold_positive_1_hard_negative_1_seed2_hybrid_loss_Qwen2.5-VL-7B-Instruct-LoRA_HF-um/ckpt/epoch_model_5_0.8589743589743589.pt
[2026-07-27 08:45:05] [disk_guard]     PRUNED local (verified on B2): /data/jehc223/RGCL/logging/Retrieval/MHC_zh/RAC_video_moka_umfloor/RAC_lr0.0001_Bz64_Ep30_cosSim_triplet_drop[0.2, 0.4, 0.1]_topK20__PseudoGold_positive_1_hard_negative_1_seed2_hybrid_loss_Qwen2.5-VL-7B-Instruct-LoRA_HF-um/ckpt/epoch_model_5_0.8589743589743589.pt  (freed 40.03MB)
[2026-07-27 08:45:05] [disk_guard]   candidate: /data/jehc223/RGCL/logging/Retrieval/MHC_zh/RAC_video_moka_umfloor/RAC_lr0.0001_Bz64_Ep30_cosSim_triplet_drop[0.2, 0.4, 0.1]_topK20__PseudoGold_positive_1_hard_negative_1_seed2_hybrid_loss_Qwen2.5-VL-7B-Instruct-LoRA_HF-um/ckpt/best_model_5_0.8589743589743589.pt
[2026-07-27 08:45:05] [disk_guard]     mtime=2026-07-26 16:47:32 size=40.03MB
[2026-07-27 08:45:05] [disk_guard]     -> b2 subpath: logs/Retrieval/MHC_zh/RAC_video_moka_umfloor/RAC_lr0.0001_Bz64_Ep30_cosSim_triplet_drop[0.2, 0.4, 0.1]_topK20__PseudoGold_positive_1_hard_negative_1_seed2_hybrid_loss_Qwen2.5-VL-7B-Instruct-LoRA_HF-um/ckpt/best_model_5_0.8589743589743589.pt
[2026-07-27 08:45:05] [disk_guard]     pushing to B2 ...
[2026-07-27 08:45:14] [disk_guard] verify: OK sha1=02e7a062f56d5e1055b2d734b0287d6f7dfc1b5b matches at b2:junyi-data/RGCL_video/logs/Retrieval/MHC_zh/RAC_video_moka_umfloor/RAC_lr0.0001_Bz64_Ep30_cosSim_triplet_drop[0.2, 0.4, 0.1]_topK20__PseudoGold_positive_1_hard_negative_1_seed2_hybrid_loss_Qwen2.5-VL-7B-Instruct-LoRA_HF-um/ckpt/best_model_5_0.8589743589743589.pt
[2026-07-27 08:45:14] [disk_guard]     PRUNED local (verified on B2): /data/jehc223/RGCL/logging/Retrieval/MHC_zh/RAC_video_moka_umfloor/RAC_lr0.0001_Bz64_Ep30_cosSim_triplet_drop[0.2, 0.4, 0.1]_topK20__PseudoGold_positive_1_hard_negative_1_seed2_hybrid_loss_Qwen2.5-VL-7B-Instruct-LoRA_HF-um/ckpt/best_model_5_0.8589743589743589.pt  (freed 40.03MB)
[2026-07-27 08:45:14] [disk_guard]   candidate: /data/jehc223/RGCL/logging/Retrieval/MHC_zh/RAC_video_moka_umfloor/RAC_lr0.0001_Bz64_Ep30_cosSim_triplet_drop[0.2, 0.4, 0.1]_topK20__PseudoGold_positive_1_hard_negative_1_seed2_hybrid_loss_Qwen2.5-VL-7B-Instruct-LoRA_HF-um/ckpt/epoch_model_6_0.8461538461538461.pt
[2026-07-27 08:45:14] [disk_guard]     mtime=2026-07-26 16:47:33 size=40.03MB
[2026-07-27 08:45:14] [disk_guard]     -> b2 subpath: logs/Retrieval/MHC_zh/RAC_video_moka_umfloor/RAC_lr0.0001_Bz64_Ep30_cosSim_triplet_drop[0.2, 0.4, 0.1]_topK20__PseudoGold_positive_1_hard_negative_1_seed2_hybrid_loss_Qwen2.5-VL-7B-Instruct-LoRA_HF-um/ckpt/epoch_model_6_0.8461538461538461.pt
[2026-07-27 08:45:14] [disk_guard]     pushing to B2 ...
[2026-07-27 08:45:25] [disk_guard] verify: OK sha1=7992257a752e93d00575dd63b4da5ab4534a8ee7 matches at b2:junyi-data/RGCL_video/logs/Retrieval/MHC_zh/RAC_video_moka_umfloor/RAC_lr0.0001_Bz64_Ep30_cosSim_triplet_drop[0.2, 0.4, 0.1]_topK20__PseudoGold_positive_1_hard_negative_1_seed2_hybrid_loss_Qwen2.5-VL-7B-Instruct-LoRA_HF-um/ckpt/epoch_model_6_0.8461538461538461.pt
[2026-07-27 08:45:25] [disk_guard]     PRUNED local (verified on B2): /data/jehc223/RGCL/logging/Retrieval/MHC_zh/RAC_video_moka_umfloor/RAC_lr0.0001_Bz64_Ep30_cosSim_triplet_drop[0.2, 0.4, 0.1]_topK20__PseudoGold_positive_1_hard_negative_1_seed2_hybrid_loss_Qwen2.5-VL-7B-Instruct-LoRA_HF-um/ckpt/epoch_model_6_0.8461538461538461.pt  (freed 40.03MB)
[2026-07-27 08:45:25] [disk_guard]   candidate: /data/jehc223/RGCL/logging/Retrieval/MHC_zh/RAC_video_moka_umfloor/RAC_lr0.0001_Bz64_Ep30_cosSim_triplet_drop[0.2, 0.4, 0.1]_topK20__PseudoGold_positive_1_hard_negative_1_seed2_hybrid_loss_Qwen2.5-VL-7B-Instruct-LoRA_HF-um/ckpt/epoch_model_7_0.8333333333333334.pt
[2026-07-27 08:45:25] [disk_guard]     mtime=2026-07-26 16:47:33 size=40.03MB
[2026-07-27 08:45:25] [disk_guard]     -> b2 subpath: logs/Retrieval/MHC_zh/RAC_video_moka_umfloor/RAC_lr0.0001_Bz64_Ep30_cosSim_triplet_drop[0.2, 0.4, 0.1]_topK20__PseudoGold_positive_1_hard_negative_1_seed2_hybrid_loss_Qwen2.5-VL-7B-Instruct-LoRA_HF-um/ckpt/epoch_model_7_0.8333333333333334.pt
[2026-07-27 08:45:25] [disk_guard]     pushing to B2 ...
[2026-07-27 08:45:33] [disk_guard]     ERROR: push failed; NOT deleting local. Skipping.
[2026-07-27 08:45:33] [disk_guard]   candidate: /data/jehc223/RGCL/logging/Retrieval/MHC_zh/RAC_video_moka_umfloor/RAC_lr0.0001_Bz64_Ep30_cosSim_triplet_drop[0.2, 0.4, 0.1]_topK20__PseudoGold_positive_1_hard_negative_1_seed2_hybrid_loss_Qwen2.5-VL-7B-Instruct-LoRA_HF-um/ckpt/epoch_model_8_0.8205128205128205.pt
[2026-07-27 08:45:33] [disk_guard]     mtime=2026-07-26 16:47:34 size=40.03MB
[2026-07-27 08:45:33] [disk_guard]     -> b2 subpath: logs/Retrieval/MHC_zh/RAC_video_moka_umfloor/RAC_lr0.0001_Bz64_Ep30_cosSim_triplet_drop[0.2, 0.4, 0.1]_topK20__PseudoGold_positive_1_hard_negative_1_seed2_hybrid_loss_Qwen2.5-VL-7B-Instruct-LoRA_HF-um/ckpt/epoch_model_8_0.8205128205128205.pt
[2026-07-27 08:45:33] [disk_guard]     pushing to B2 ...
[2026-07-27 08:45:43] [disk_guard] verify: OK sha1=2a667140f604d21fe5bb7c7273c908c6af14d673 matches at b2:junyi-data/RGCL_video/logs/Retrieval/MHC_zh/RAC_video_moka_umfloor/RAC_lr0.0001_Bz64_Ep30_cosSim_triplet_drop[0.2, 0.4, 0.1]_topK20__PseudoGold_positive_1_hard_negative_1_seed2_hybrid_loss_Qwen2.5-VL-7B-Instruct-LoRA_HF-um/ckpt/epoch_model_8_0.8205128205128205.pt
[2026-07-27 08:45:43] [disk_guard]     PRUNED local (verified on B2): /data/jehc223/RGCL/logging/Retrieval/MHC_zh/RAC_video_moka_umfloor/RAC_lr0.0001_Bz64_Ep30_cosSim_triplet_drop[0.2, 0.4, 0.1]_topK20__PseudoGold_positive_1_hard_negative_1_seed2_hybrid_loss_Qwen2.5-VL-7B-Instruct-LoRA_HF-um/ckpt/epoch_model_8_0.8205128205128205.pt  (freed 40.03MB)
[2026-07-27 08:45:43] [disk_guard]   candidate: /data/jehc223/RGCL/logging/Retrieval/MHC_zh/RAC_video_moka_umfloor/RAC_lr0.0001_Bz64_Ep30_cosSim_triplet_drop[0.2, 0.4, 0.1]_topK20__PseudoGold_positive_1_hard_negative_1_seed2_hybrid_loss_Qwen2.5-VL-7B-Instruct-LoRA_HF-um/ckpt/epoch_model_9_0.7948717948717948.pt
[2026-07-27 08:45:43] [disk_guard]     mtime=2026-07-26 16:47:35 size=40.03MB
[2026-07-27 08:45:43] [disk_guard]     -> b2 subpath: logs/Retrieval/MHC_zh/RAC_video_moka_umfloor/RAC_lr0.0001_Bz64_Ep30_cosSim_triplet_drop[0.2, 0.4, 0.1]_topK20__PseudoGold_positive_1_hard_negative_1_seed2_hybrid_loss_Qwen2.5-VL-7B-Instruct-LoRA_HF-um/ckpt/epoch_model_9_0.7948717948717948.pt
[2026-07-27 08:45:43] [disk_guard]     pushing to B2 ...
[2026-07-27 08:45:53] [disk_guard] verify: OK sha1=96f2ead076e9790aa54460314ab89aa98c78d2a9 matches at b2:junyi-data/RGCL_video/logs/Retrieval/MHC_zh/RAC_video_moka_umfloor/RAC_lr0.0001_Bz64_Ep30_cosSim_triplet_drop[0.2, 0.4, 0.1]_topK20__PseudoGold_positive_1_hard_negative_1_seed2_hybrid_loss_Qwen2.5-VL-7B-Instruct-LoRA_HF-um/ckpt/epoch_model_9_0.7948717948717948.pt
[2026-07-27 08:45:53] [disk_guard]     PRUNED local (verified on B2): /data/jehc223/RGCL/logging/Retrieval/MHC_zh/RAC_video_moka_umfloor/RAC_lr0.0001_Bz64_Ep30_cosSim_triplet_drop[0.2, 0.4, 0.1]_topK20__PseudoGold_positive_1_hard_negative_1_seed2_hybrid_loss_Qwen2.5-VL-7B-Instruct-LoRA_HF-um/ckpt/epoch_model_9_0.7948717948717948.pt  (freed 40.03MB)
[2026-07-27 08:45:53] [disk_guard]   candidate: /data/jehc223/RGCL/logging/Retrieval/MHC_zh/RAC_video_moka_umfloor/RAC_lr0.0001_Bz64_Ep30_cosSim_triplet_drop[0.2, 0.4, 0.1]_topK20__PseudoGold_positive_1_hard_negative_1_seed2_hybrid_loss_Qwen2.5-VL-7B-Instruct-LoRA_HF-um/ckpt/epoch_model_10_0.8205128205128205.pt
[2026-07-27 08:45:53] [disk_guard]     mtime=2026-07-26 16:47:36 size=40.03MB
[2026-07-27 08:45:53] [disk_guard]     -> b2 subpath: logs/Retrieval/MHC_zh/RAC_video_moka_umfloor/RAC_lr0.0001_Bz64_Ep30_cosSim_triplet_drop[0.2, 0.4, 0.1]_topK20__PseudoGold_positive_1_hard_negative_1_seed2_hybrid_loss_Qwen2.5-VL-7B-Instruct-LoRA_HF-um/ckpt/epoch_model_10_0.8205128205128205.pt
[2026-07-27 08:45:53] [disk_guard]     pushing to B2 ...
[2026-07-27 08:46:03] [disk_guard] verify: OK sha1=3ebb3361e82904babcef218469e48d37308f081a matches at b2:junyi-data/RGCL_video/logs/Retrieval/MHC_zh/RAC_video_moka_umfloor/RAC_lr0.0001_Bz64_Ep30_cosSim_triplet_drop[0.2, 0.4, 0.1]_topK20__PseudoGold_positive_1_hard_negative_1_seed2_hybrid_loss_Qwen2.5-VL-7B-Instruct-LoRA_HF-um/ckpt/epoch_model_10_0.8205128205128205.pt
[2026-07-27 08:46:03] [disk_guard]     PRUNED local (verified on B2): /data/jehc223/RGCL/logging/Retrieval/MHC_zh/RAC_video_moka_umfloor/RAC_lr0.0001_Bz64_Ep30_cosSim_triplet_drop[0.2, 0.4, 0.1]_topK20__PseudoGold_positive_1_hard_negative_1_seed2_hybrid_loss_Qwen2.5-VL-7B-Instruct-LoRA_HF-um/ckpt/epoch_model_10_0.8205128205128205.pt  (freed 40.03MB)
[2026-07-27 08:46:03] [disk_guard]   candidate: /data/jehc223/RGCL/logging/Retrieval/MHC_zh/RAC_video_moka_umfloor/RAC_lr0.0001_Bz64_Ep30_cosSim_triplet_drop[0.2, 0.4, 0.1]_topK20__PseudoGold_positive_1_hard_negative_1_seed2_hybrid_loss_Qwen2.5-VL-7B-Instruct-LoRA_HF-um/ckpt/epoch_model_11_0.8076923076923077.pt
[2026-07-27 08:46:03] [disk_guard]     mtime=2026-07-26 16:47:37 size=40.03MB
[2026-07-27 08:46:03] [disk_guard]     -> b2 subpath: logs/Retrieval/MHC_zh/RAC_video_moka_umfloor/RAC_lr0.0001_Bz64_Ep30_cosSim_triplet_drop[0.2, 0.4, 0.1]_topK20__PseudoGold_positive_1_hard_negative_1_seed2_hybrid_loss_Qwen2.5-VL-7B-Instruct-LoRA_HF-um/ckpt/epoch_model_11_0.8076923076923077.pt
[2026-07-27 08:46:03] [disk_guard]     pushing to B2 ...
[2026-07-27 08:46:15] [disk_guard] verify: OK sha1=4a654b3d768cc0bde21ebe781114bee2a4ff33c4 matches at b2:junyi-data/RGCL_video/logs/Retrieval/MHC_zh/RAC_video_moka_umfloor/RAC_lr0.0001_Bz64_Ep30_cosSim_triplet_drop[0.2, 0.4, 0.1]_topK20__PseudoGold_positive_1_hard_negative_1_seed2_hybrid_loss_Qwen2.5-VL-7B-Instruct-LoRA_HF-um/ckpt/epoch_model_11_0.8076923076923077.pt
[2026-07-27 08:46:15] [disk_guard]     PRUNED local (verified on B2): /data/jehc223/RGCL/logging/Retrieval/MHC_zh/RAC_video_moka_umfloor/RAC_lr0.0001_Bz64_Ep30_cosSim_triplet_drop[0.2, 0.4, 0.1]_topK20__PseudoGold_positive_1_hard_negative_1_seed2_hybrid_loss_Qwen2.5-VL-7B-Instruct-LoRA_HF-um/ckpt/epoch_model_11_0.8076923076923077.pt  (freed 40.03MB)
[2026-07-27 08:46:15] [disk_guard]   candidate: /data/jehc223/RGCL/logging/Retrieval/MHC_zh/RAC_video_moka_umfloor/RAC_lr0.0001_Bz64_Ep30_cosSim_triplet_drop[0.2, 0.4, 0.1]_topK20__PseudoGold_positive_1_hard_negative_1_seed2_hybrid_loss_Qwen2.5-VL-7B-Instruct-LoRA_HF-um/ckpt/epoch_model_12_0.8461538461538461.pt
[2026-07-27 08:46:15] [disk_guard]     mtime=2026-07-26 16:47:37 size=40.03MB
[2026-07-27 08:46:15] [disk_guard]     -> b2 subpath: logs/Retrieval/MHC_zh/RAC_video_moka_umfloor/RAC_lr0.0001_Bz64_Ep30_cosSim_triplet_drop[0.2, 0.4, 0.1]_topK20__PseudoGold_positive_1_hard_negative_1_seed2_hybrid_loss_Qwen2.5-VL-7B-Instruct-LoRA_HF-um/ckpt/epoch_model_12_0.8461538461538461.pt
[2026-07-27 08:46:16] [disk_guard]     pushing to B2 ...
[2026-07-27 08:46:25] [disk_guard] verify: OK sha1=10ae7c7b49d122e9b2b30ec23cd68380b162d1a2 matches at b2:junyi-data/RGCL_video/logs/Retrieval/MHC_zh/RAC_video_moka_umfloor/RAC_lr0.0001_Bz64_Ep30_cosSim_triplet_drop[0.2, 0.4, 0.1]_topK20__PseudoGold_positive_1_hard_negative_1_seed2_hybrid_loss_Qwen2.5-VL-7B-Instruct-LoRA_HF-um/ckpt/epoch_model_12_0.8461538461538461.pt
[2026-07-27 08:46:25] [disk_guard]     PRUNED local (verified on B2): /data/jehc223/RGCL/logging/Retrieval/MHC_zh/RAC_video_moka_umfloor/RAC_lr0.0001_Bz64_Ep30_cosSim_triplet_drop[0.2, 0.4, 0.1]_topK20__PseudoGold_positive_1_hard_negative_1_seed2_hybrid_loss_Qwen2.5-VL-7B-Instruct-LoRA_HF-um/ckpt/epoch_model_12_0.8461538461538461.pt  (freed 40.03MB)
[2026-07-27 08:46:25] [disk_guard]   candidate: /data/jehc223/RGCL/logging/Retrieval/MHC_zh/RAC_video_moka_umfloor/RAC_lr0.0001_Bz64_Ep30_cosSim_triplet_drop[0.2, 0.4, 0.1]_topK20__PseudoGold_positive_1_hard_negative_1_seed2_hybrid_loss_Qwen2.5-VL-7B-Instruct-LoRA_HF-um/ckpt/epoch_model_13_0.8461538461538461.pt
[2026-07-27 08:46:25] [disk_guard]     mtime=2026-07-26 16:47:38 size=40.03MB
[2026-07-27 08:46:25] [disk_guard]     -> b2 subpath: logs/Retrieval/MHC_zh/RAC_video_moka_umfloor/RAC_lr0.0001_Bz64_Ep30_cosSim_triplet_drop[0.2, 0.4, 0.1]_topK20__PseudoGold_positive_1_hard_negative_1_seed2_hybrid_loss_Qwen2.5-VL-7B-Instruct-LoRA_HF-um/ckpt/epoch_model_13_0.8461538461538461.pt
[2026-07-27 08:46:25] [disk_guard]     pushing to B2 ...
[2026-07-27 08:46:35] [disk_guard] verify: OK sha1=4ac9d4748051025a4ae4e0e1d7102a22900557a2 matches at b2:junyi-data/RGCL_video/logs/Retrieval/MHC_zh/RAC_video_moka_umfloor/RAC_lr0.0001_Bz64_Ep30_cosSim_triplet_drop[0.2, 0.4, 0.1]_topK20__PseudoGold_positive_1_hard_negative_1_seed2_hybrid_loss_Qwen2.5-VL-7B-Instruct-LoRA_HF-um/ckpt/epoch_model_13_0.8461538461538461.pt
[2026-07-27 08:46:35] [disk_guard]     PRUNED local (verified on B2): /data/jehc223/RGCL/logging/Retrieval/MHC_zh/RAC_video_moka_umfloor/RAC_lr0.0001_Bz64_Ep30_cosSim_triplet_drop[0.2, 0.4, 0.1]_topK20__PseudoGold_positive_1_hard_negative_1_seed2_hybrid_loss_Qwen2.5-VL-7B-Instruct-LoRA_HF-um/ckpt/epoch_model_13_0.8461538461538461.pt  (freed 40.03MB)
[2026-07-27 08:46:36] [disk_guard]   candidate: /data/jehc223/RGCL/logging/Retrieval/MHC_zh/RAC_video_moka_umfloor/RAC_lr0.0001_Bz64_Ep30_cosSim_triplet_drop[0.2, 0.4, 0.1]_topK20__PseudoGold_positive_1_hard_negative_1_seed2_hybrid_loss_Qwen2.5-VL-7B-Instruct-LoRA_HF-um/ckpt/epoch_model_14_0.8589743589743589.pt
[2026-07-27 08:46:36] [disk_guard]     mtime=2026-07-26 16:47:39 size=40.03MB
[2026-07-27 08:46:36] [disk_guard]     -> b2 subpath: logs/Retrieval/MHC_zh/RAC_video_moka_umfloor/RAC_lr0.0001_Bz64_Ep30_cosSim_triplet_drop[0.2, 0.4, 0.1]_topK20__PseudoGold_positive_1_hard_negative_1_seed2_hybrid_loss_Qwen2.5-VL-7B-Instruct-LoRA_HF-um/ckpt/epoch_model_14_0.8589743589743589.pt
[2026-07-27 08:46:36] [disk_guard]     pushing to B2 ...
[2026-07-27 08:46:45] [disk_guard] verify: OK sha1=bbf42a650a1484ca689035408939de312615c52b matches at b2:junyi-data/RGCL_video/logs/Retrieval/MHC_zh/RAC_video_moka_umfloor/RAC_lr0.0001_Bz64_Ep30_cosSim_triplet_drop[0.2, 0.4, 0.1]_topK20__PseudoGold_positive_1_hard_negative_1_seed2_hybrid_loss_Qwen2.5-VL-7B-Instruct-LoRA_HF-um/ckpt/epoch_model_14_0.8589743589743589.pt
[2026-07-27 08:46:45] [disk_guard]     PRUNED local (verified on B2): /data/jehc223/RGCL/logging/Retrieval/MHC_zh/RAC_video_moka_umfloor/RAC_lr0.0001_Bz64_Ep30_cosSim_triplet_drop[0.2, 0.4, 0.1]_topK20__PseudoGold_positive_1_hard_negative_1_seed2_hybrid_loss_Qwen2.5-VL-7B-Instruct-LoRA_HF-um/ckpt/epoch_model_14_0.8589743589743589.pt  (freed 40.03MB)
[2026-07-27 08:46:45] [disk_guard]   candidate: /data/jehc223/RGCL/logging/Retrieval/MHC_zh/RAC_video_moka_umfloor/RAC_lr0.0001_Bz64_Ep30_cosSim_triplet_drop[0.2, 0.4, 0.1]_topK20__PseudoGold_positive_1_hard_negative_1_seed2_hybrid_loss_Qwen2.5-VL-7B-Instruct-LoRA_HF-um/ckpt/epoch_model_15_0.8461538461538461.pt
[2026-07-27 08:46:45] [disk_guard]     mtime=2026-07-26 16:47:40 size=40.03MB
[2026-07-27 08:46:45] [disk_guard]     -> b2 subpath: logs/Retrieval/MHC_zh/RAC_video_moka_umfloor/RAC_lr0.0001_Bz64_Ep30_cosSim_triplet_drop[0.2, 0.4, 0.1]_topK20__PseudoGold_positive_1_hard_negative_1_seed2_hybrid_loss_Qwen2.5-VL-7B-Instruct-LoRA_HF-um/ckpt/epoch_model_15_0.8461538461538461.pt
[2026-07-27 08:46:45] [disk_guard]     pushing to B2 ...
[2026-07-27 08:46:56] [disk_guard] verify: OK sha1=838c75c006b0b136486a71fe7c1a3adea5da947b matches at b2:junyi-data/RGCL_video/logs/Retrieval/MHC_zh/RAC_video_moka_umfloor/RAC_lr0.0001_Bz64_Ep30_cosSim_triplet_drop[0.2, 0.4, 0.1]_topK20__PseudoGold_positive_1_hard_negative_1_seed2_hybrid_loss_Qwen2.5-VL-7B-Instruct-LoRA_HF-um/ckpt/epoch_model_15_0.8461538461538461.pt
[2026-07-27 08:46:56] [disk_guard]     PRUNED local (verified on B2): /data/jehc223/RGCL/logging/Retrieval/MHC_zh/RAC_video_moka_umfloor/RAC_lr0.0001_Bz64_Ep30_cosSim_triplet_drop[0.2, 0.4, 0.1]_topK20__PseudoGold_positive_1_hard_negative_1_seed2_hybrid_loss_Qwen2.5-VL-7B-Instruct-LoRA_HF-um/ckpt/epoch_model_15_0.8461538461538461.pt  (freed 40.03MB)
[2026-07-27 08:46:56] [disk_guard]   candidate: /data/jehc223/RGCL/logging/Retrieval/MHC_zh/RAC_video_moka_umfloor/RAC_lr0.0001_Bz64_Ep30_cosSim_triplet_drop[0.2, 0.4, 0.1]_topK20__PseudoGold_positive_1_hard_negative_1_seed2_hybrid_loss_Qwen2.5-VL-7B-Instruct-LoRA_HF-um/ckpt/epoch_model_16_0.8461538461538461.pt
[2026-07-27 08:46:56] [disk_guard]     mtime=2026-07-26 16:47:41 size=40.03MB
[2026-07-27 08:46:56] [disk_guard]     -> b2 subpath: logs/Retrieval/MHC_zh/RAC_video_moka_umfloor/RAC_lr0.0001_Bz64_Ep30_cosSim_triplet_drop[0.2, 0.4, 0.1]_topK20__PseudoGold_positive_1_hard_negative_1_seed2_hybrid_loss_Qwen2.5-VL-7B-Instruct-LoRA_HF-um/ckpt/epoch_model_16_0.8461538461538461.pt
[2026-07-27 08:46:56] [disk_guard]     pushing to B2 ...
[2026-07-27 08:47:06] [disk_guard] verify: OK sha1=e389e6fb89d46fd90300e5e36031acc361aeb1a6 matches at b2:junyi-data/RGCL_video/logs/Retrieval/MHC_zh/RAC_video_moka_umfloor/RAC_lr0.0001_Bz64_Ep30_cosSim_triplet_drop[0.2, 0.4, 0.1]_topK20__PseudoGold_positive_1_hard_negative_1_seed2_hybrid_loss_Qwen2.5-VL-7B-Instruct-LoRA_HF-um/ckpt/epoch_model_16_0.8461538461538461.pt
[2026-07-27 08:47:06] [disk_guard]     PRUNED local (verified on B2): /data/jehc223/RGCL/logging/Retrieval/MHC_zh/RAC_video_moka_umfloor/RAC_lr0.0001_Bz64_Ep30_cosSim_triplet_drop[0.2, 0.4, 0.1]_topK20__PseudoGold_positive_1_hard_negative_1_seed2_hybrid_loss_Qwen2.5-VL-7B-Instruct-LoRA_HF-um/ckpt/epoch_model_16_0.8461538461538461.pt  (freed 40.03MB)
[2026-07-27 08:47:06] [disk_guard]   candidate: /data/jehc223/RGCL/logging/Retrieval/MHC_zh/RAC_video_moka_umfloor/RAC_lr0.0001_Bz64_Ep30_cosSim_triplet_drop[0.2, 0.4, 0.1]_topK20__PseudoGold_positive_1_hard_negative_1_seed2_hybrid_loss_Qwen2.5-VL-7B-Instruct-LoRA_HF-um/ckpt/epoch_model_17_0.8333333333333334.pt
[2026-07-27 08:47:06] [disk_guard]     mtime=2026-07-26 16:47:41 size=40.03MB
[2026-07-27 08:47:06] [disk_guard]     -> b2 subpath: logs/Retrieval/MHC_zh/RAC_video_moka_umfloor/RAC_lr0.0001_Bz64_Ep30_cosSim_triplet_drop[0.2, 0.4, 0.1]_topK20__PseudoGold_positive_1_hard_negative_1_seed2_hybrid_loss_Qwen2.5-VL-7B-Instruct-LoRA_HF-um/ckpt/epoch_model_17_0.8333333333333334.pt
[2026-07-27 08:47:06] [disk_guard]     pushing to B2 ...
[2026-07-27 08:47:16] [disk_guard] verify: OK sha1=253cb3c2b348d8c0a881a71410acd1aec58372cd matches at b2:junyi-data/RGCL_video/logs/Retrieval/MHC_zh/RAC_video_moka_umfloor/RAC_lr0.0001_Bz64_Ep30_cosSim_triplet_drop[0.2, 0.4, 0.1]_topK20__PseudoGold_positive_1_hard_negative_1_seed2_hybrid_loss_Qwen2.5-VL-7B-Instruct-LoRA_HF-um/ckpt/epoch_model_17_0.8333333333333334.pt
[2026-07-27 08:47:16] [disk_guard]     PRUNED local (verified on B2): /data/jehc223/RGCL/logging/Retrieval/MHC_zh/RAC_video_moka_umfloor/RAC_lr0.0001_Bz64_Ep30_cosSim_triplet_drop[0.2, 0.4, 0.1]_topK20__PseudoGold_positive_1_hard_negative_1_seed2_hybrid_loss_Qwen2.5-VL-7B-Instruct-LoRA_HF-um/ckpt/epoch_model_17_0.8333333333333334.pt  (freed 40.03MB)
[2026-07-27 08:47:16] [disk_guard]   candidate: /data/jehc223/RGCL/logging/Retrieval/MHC_zh/RAC_video_moka_umfloor/RAC_lr0.0001_Bz64_Ep30_cosSim_triplet_drop[0.2, 0.4, 0.1]_topK20__PseudoGold_positive_1_hard_negative_1_seed2_hybrid_loss_Qwen2.5-VL-7B-Instruct-LoRA_HF-um/ckpt/epoch_model_18_0.8461538461538461.pt
[2026-07-27 08:47:16] [disk_guard]     mtime=2026-07-26 16:47:42 size=40.03MB
[2026-07-27 08:47:16] [disk_guard]     -> b2 subpath: logs/Retrieval/MHC_zh/RAC_video_moka_umfloor/RAC_lr0.0001_Bz64_Ep30_cosSim_triplet_drop[0.2, 0.4, 0.1]_topK20__PseudoGold_positive_1_hard_negative_1_seed2_hybrid_loss_Qwen2.5-VL-7B-Instruct-LoRA_HF-um/ckpt/epoch_model_18_0.8461538461538461.pt
[2026-07-27 08:47:16] [disk_guard]     pushing to B2 ...
[2026-07-27 08:47:26] [disk_guard] verify: OK sha1=6a71abb0143c104742dd72f7b2bda48a3788e4c4 matches at b2:junyi-data/RGCL_video/logs/Retrieval/MHC_zh/RAC_video_moka_umfloor/RAC_lr0.0001_Bz64_Ep30_cosSim_triplet_drop[0.2, 0.4, 0.1]_topK20__PseudoGold_positive_1_hard_negative_1_seed2_hybrid_loss_Qwen2.5-VL-7B-Instruct-LoRA_HF-um/ckpt/epoch_model_18_0.8461538461538461.pt
[2026-07-27 08:47:26] [disk_guard]     PRUNED local (verified on B2): /data/jehc223/RGCL/logging/Retrieval/MHC_zh/RAC_video_moka_umfloor/RAC_lr0.0001_Bz64_Ep30_cosSim_triplet_drop[0.2, 0.4, 0.1]_topK20__PseudoGold_positive_1_hard_negative_1_seed2_hybrid_loss_Qwen2.5-VL-7B-Instruct-LoRA_HF-um/ckpt/epoch_model_18_0.8461538461538461.pt  (freed 40.03MB)
[2026-07-27 08:47:26] [disk_guard]   candidate: /data/jehc223/RGCL/logging/Retrieval/MHC_zh/RAC_video_moka_umfloor/RAC_lr0.0001_Bz64_Ep30_cosSim_triplet_drop[0.2, 0.4, 0.1]_topK20__PseudoGold_positive_1_hard_negative_1_seed2_hybrid_loss_Qwen2.5-VL-7B-Instruct-LoRA_HF-um/ckpt/epoch_model_19_0.8333333333333334.pt
[2026-07-27 08:47:26] [disk_guard]     mtime=2026-07-26 16:47:43 size=40.03MB
[2026-07-27 08:47:26] [disk_guard]     -> b2 subpath: logs/Retrieval/MHC_zh/RAC_video_moka_umfloor/RAC_lr0.0001_Bz64_Ep30_cosSim_triplet_drop[0.2, 0.4, 0.1]_topK20__PseudoGold_positive_1_hard_negative_1_seed2_hybrid_loss_Qwen2.5-VL-7B-Instruct-LoRA_HF-um/ckpt/epoch_model_19_0.8333333333333334.pt
[2026-07-27 08:47:26] [disk_guard]     pushing to B2 ...
[2026-07-27 08:47:36] [disk_guard] verify: OK sha1=f6f7bc27f6debf8e6b9521c4a8c050c07c4dd4ce matches at b2:junyi-data/RGCL_video/logs/Retrieval/MHC_zh/RAC_video_moka_umfloor/RAC_lr0.0001_Bz64_Ep30_cosSim_triplet_drop[0.2, 0.4, 0.1]_topK20__PseudoGold_positive_1_hard_negative_1_seed2_hybrid_loss_Qwen2.5-VL-7B-Instruct-LoRA_HF-um/ckpt/epoch_model_19_0.8333333333333334.pt
[2026-07-27 08:47:36] [disk_guard]     PRUNED local (verified on B2): /data/jehc223/RGCL/logging/Retrieval/MHC_zh/RAC_video_moka_umfloor/RAC_lr0.0001_Bz64_Ep30_cosSim_triplet_drop[0.2, 0.4, 0.1]_topK20__PseudoGold_positive_1_hard_negative_1_seed2_hybrid_loss_Qwen2.5-VL-7B-Instruct-LoRA_HF-um/ckpt/epoch_model_19_0.8333333333333334.pt  (freed 40.03MB)
[2026-07-27 08:47:36] [disk_guard]   candidate: /data/jehc223/RGCL/logging/Retrieval/MHC_zh/RAC_video_moka_umfloor/RAC_lr0.0001_Bz64_Ep30_cosSim_triplet_drop[0.2, 0.4, 0.1]_topK20__PseudoGold_positive_1_hard_negative_1_seed2_hybrid_loss_Qwen2.5-VL-7B-Instruct-LoRA_HF-um/ckpt/epoch_model_20_0.8333333333333334.pt
[2026-07-27 08:47:36] [disk_guard]     mtime=2026-07-26 16:47:44 size=40.03MB
[2026-07-27 08:47:36] [disk_guard]     -> b2 subpath: logs/Retrieval/MHC_zh/RAC_video_moka_umfloor/RAC_lr0.0001_Bz64_Ep30_cosSim_triplet_drop[0.2, 0.4, 0.1]_topK20__PseudoGold_positive_1_hard_negative_1_seed2_hybrid_loss_Qwen2.5-VL-7B-Instruct-LoRA_HF-um/ckpt/epoch_model_20_0.8333333333333334.pt
[2026-07-27 08:47:36] [disk_guard]     pushing to B2 ...
[2026-07-27 08:47:46] [disk_guard] verify: OK sha1=13f33b3621743926ca89cb9ba15fd79cdd89daa0 matches at b2:junyi-data/RGCL_video/logs/Retrieval/MHC_zh/RAC_video_moka_umfloor/RAC_lr0.0001_Bz64_Ep30_cosSim_triplet_drop[0.2, 0.4, 0.1]_topK20__PseudoGold_positive_1_hard_negative_1_seed2_hybrid_loss_Qwen2.5-VL-7B-Instruct-LoRA_HF-um/ckpt/epoch_model_20_0.8333333333333334.pt
[2026-07-27 08:47:46] [disk_guard]     PRUNED local (verified on B2): /data/jehc223/RGCL/logging/Retrieval/MHC_zh/RAC_video_moka_umfloor/RAC_lr0.0001_Bz64_Ep30_cosSim_triplet_drop[0.2, 0.4, 0.1]_topK20__PseudoGold_positive_1_hard_negative_1_seed2_hybrid_loss_Qwen2.5-VL-7B-Instruct-LoRA_HF-um/ckpt/epoch_model_20_0.8333333333333334.pt  (freed 40.03MB)
[2026-07-27 08:47:46] [disk_guard]   candidate: /data/jehc223/RGCL/logging/Retrieval/MHC_zh/RAC_video_moka_umfloor/RAC_lr0.0001_Bz64_Ep30_cosSim_triplet_drop[0.2, 0.4, 0.1]_topK20__PseudoGold_positive_1_hard_negative_1_seed2_hybrid_loss_Qwen2.5-VL-7B-Instruct-LoRA_HF-um/ckpt/epoch_model_21_0.8333333333333334.pt
[2026-07-27 08:47:46] [disk_guard]     mtime=2026-07-26 16:47:44 size=40.03MB
[2026-07-27 08:47:46] [disk_guard]     -> b2 subpath: logs/Retrieval/MHC_zh/RAC_video_moka_umfloor/RAC_lr0.0001_Bz64_Ep30_cosSim_triplet_drop[0.2, 0.4, 0.1]_topK20__PseudoGold_positive_1_hard_negative_1_seed2_hybrid_loss_Qwen2.5-VL-7B-Instruct-LoRA_HF-um/ckpt/epoch_model_21_0.8333333333333334.pt
[2026-07-27 08:47:46] [disk_guard]     pushing to B2 ...
[2026-07-27 08:47:56] [disk_guard] verify: OK sha1=89faa4a4948a518bfc273f06562c01de5423eb70 matches at b2:junyi-data/RGCL_video/logs/Retrieval/MHC_zh/RAC_video_moka_umfloor/RAC_lr0.0001_Bz64_Ep30_cosSim_triplet_drop[0.2, 0.4, 0.1]_topK20__PseudoGold_positive_1_hard_negative_1_seed2_hybrid_loss_Qwen2.5-VL-7B-Instruct-LoRA_HF-um/ckpt/epoch_model_21_0.8333333333333334.pt
[2026-07-27 08:47:56] [disk_guard]     PRUNED local (verified on B2): /data/jehc223/RGCL/logging/Retrieval/MHC_zh/RAC_video_moka_umfloor/RAC_lr0.0001_Bz64_Ep30_cosSim_triplet_drop[0.2, 0.4, 0.1]_topK20__PseudoGold_positive_1_hard_negative_1_seed2_hybrid_loss_Qwen2.5-VL-7B-Instruct-LoRA_HF-um/ckpt/epoch_model_21_0.8333333333333334.pt  (freed 40.03MB)
[2026-07-27 08:47:56] [disk_guard]   candidate: /data/jehc223/RGCL/logging/Retrieval/MHC_zh/RAC_video_moka_umfloor/RAC_lr0.0001_Bz64_Ep30_cosSim_triplet_drop[0.2, 0.4, 0.1]_topK20__PseudoGold_positive_1_hard_negative_1_seed2_hybrid_loss_Qwen2.5-VL-7B-Instruct-LoRA_HF-um/ckpt/epoch_model_22_0.8589743589743589.pt
[2026-07-27 08:47:56] [disk_guard]     mtime=2026-07-26 16:47:45 size=40.03MB
[2026-07-27 08:47:56] [disk_guard]     -> b2 subpath: logs/Retrieval/MHC_zh/RAC_video_moka_umfloor/RAC_lr0.0001_Bz64_Ep30_cosSim_triplet_drop[0.2, 0.4, 0.1]_topK20__PseudoGold_positive_1_hard_negative_1_seed2_hybrid_loss_Qwen2.5-VL-7B-Instruct-LoRA_HF-um/ckpt/epoch_model_22_0.8589743589743589.pt
[2026-07-27 08:47:56] [disk_guard]     pushing to B2 ...
[2026-07-27 08:48:07] [disk_guard] verify: OK sha1=8f188226c9b94efbc1d6171f8c17cf78fdc1dabf matches at b2:junyi-data/RGCL_video/logs/Retrieval/MHC_zh/RAC_video_moka_umfloor/RAC_lr0.0001_Bz64_Ep30_cosSim_triplet_drop[0.2, 0.4, 0.1]_topK20__PseudoGold_positive_1_hard_negative_1_seed2_hybrid_loss_Qwen2.5-VL-7B-Instruct-LoRA_HF-um/ckpt/epoch_model_22_0.8589743589743589.pt
[2026-07-27 08:48:07] [disk_guard]     PRUNED local (verified on B2): /data/jehc223/RGCL/logging/Retrieval/MHC_zh/RAC_video_moka_umfloor/RAC_lr0.0001_Bz64_Ep30_cosSim_triplet_drop[0.2, 0.4, 0.1]_topK20__PseudoGold_positive_1_hard_negative_1_seed2_hybrid_loss_Qwen2.5-VL-7B-Instruct-LoRA_HF-um/ckpt/epoch_model_22_0.8589743589743589.pt  (freed 40.03MB)
[2026-07-27 08:48:07] [disk_guard]   candidate: /data/jehc223/RGCL/logging/Retrieval/MHC_zh/RAC_video_moka_umfloor/RAC_lr0.0001_Bz64_Ep30_cosSim_triplet_drop[0.2, 0.4, 0.1]_topK20__PseudoGold_positive_1_hard_negative_1_seed2_hybrid_loss_Qwen2.5-VL-7B-Instruct-LoRA_HF-um/ckpt/epoch_model_23_0.8717948717948718.pt
[2026-07-27 08:48:07] [disk_guard]     mtime=2026-07-26 16:47:46 size=40.03MB
[2026-07-27 08:48:07] [disk_guard]     -> b2 subpath: logs/Retrieval/MHC_zh/RAC_video_moka_umfloor/RAC_lr0.0001_Bz64_Ep30_cosSim_triplet_drop[0.2, 0.4, 0.1]_topK20__PseudoGold_positive_1_hard_negative_1_seed2_hybrid_loss_Qwen2.5-VL-7B-Instruct-LoRA_HF-um/ckpt/epoch_model_23_0.8717948717948718.pt
[2026-07-27 08:48:07] [disk_guard]     pushing to B2 ...
[2026-07-27 08:48:17] [disk_guard] verify: OK sha1=dd8008521e7db144ef0105fe73053c56cf6a64c6 matches at b2:junyi-data/RGCL_video/logs/Retrieval/MHC_zh/RAC_video_moka_umfloor/RAC_lr0.0001_Bz64_Ep30_cosSim_triplet_drop[0.2, 0.4, 0.1]_topK20__PseudoGold_positive_1_hard_negative_1_seed2_hybrid_loss_Qwen2.5-VL-7B-Instruct-LoRA_HF-um/ckpt/epoch_model_23_0.8717948717948718.pt
[2026-07-27 08:48:17] [disk_guard]     PRUNED local (verified on B2): /data/jehc223/RGCL/logging/Retrieval/MHC_zh/RAC_video_moka_umfloor/RAC_lr0.0001_Bz64_Ep30_cosSim_triplet_drop[0.2, 0.4, 0.1]_topK20__PseudoGold_positive_1_hard_negative_1_seed2_hybrid_loss_Qwen2.5-VL-7B-Instruct-LoRA_HF-um/ckpt/epoch_model_23_0.8717948717948718.pt  (freed 40.03MB)
[2026-07-27 08:48:17] [disk_guard]   candidate: /data/jehc223/RGCL/logging/Retrieval/MHC_zh/RAC_video_moka_umfloor/RAC_lr0.0001_Bz64_Ep30_cosSim_triplet_drop[0.2, 0.4, 0.1]_topK20__PseudoGold_positive_1_hard_negative_1_seed2_hybrid_loss_Qwen2.5-VL-7B-Instruct-LoRA_HF-um/ckpt/best_model_23_0.8717948717948718.pt
[2026-07-27 08:48:17] [disk_guard]     mtime=2026-07-26 16:47:46 size=40.03MB
[2026-07-27 08:48:17] [disk_guard]     -> b2 subpath: logs/Retrieval/MHC_zh/RAC_video_moka_umfloor/RAC_lr0.0001_Bz64_Ep30_cosSim_triplet_drop[0.2, 0.4, 0.1]_topK20__PseudoGold_positive_1_hard_negative_1_seed2_hybrid_loss_Qwen2.5-VL-7B-Instruct-LoRA_HF-um/ckpt/best_model_23_0.8717948717948718.pt
[2026-07-27 08:48:17] [disk_guard]     pushing to B2 ...
[2026-07-27 08:48:27] [disk_guard] verify: OK sha1=09f2ed82aec80b2ab017d2d4612c65a0f4c15ef3 matches at b2:junyi-data/RGCL_video/logs/Retrieval/MHC_zh/RAC_video_moka_umfloor/RAC_lr0.0001_Bz64_Ep30_cosSim_triplet_drop[0.2, 0.4, 0.1]_topK20__PseudoGold_positive_1_hard_negative_1_seed2_hybrid_loss_Qwen2.5-VL-7B-Instruct-LoRA_HF-um/ckpt/best_model_23_0.8717948717948718.pt
[2026-07-27 08:48:27] [disk_guard]     PRUNED local (verified on B2): /data/jehc223/RGCL/logging/Retrieval/MHC_zh/RAC_video_moka_umfloor/RAC_lr0.0001_Bz64_Ep30_cosSim_triplet_drop[0.2, 0.4, 0.1]_topK20__PseudoGold_positive_1_hard_negative_1_seed2_hybrid_loss_Qwen2.5-VL-7B-Instruct-LoRA_HF-um/ckpt/best_model_23_0.8717948717948718.pt  (freed 40.03MB)
[2026-07-27 08:48:27] [disk_guard]   candidate: /data/jehc223/RGCL/logging/Retrieval/MHC_zh/RAC_video_moka_umfloor/RAC_lr0.0001_Bz64_Ep30_cosSim_triplet_drop[0.2, 0.4, 0.1]_topK20__PseudoGold_positive_1_hard_negative_1_seed2_hybrid_loss_Qwen2.5-VL-7B-Instruct-LoRA_HF-um/ckpt/epoch_model_24_0.8717948717948718.pt
[2026-07-27 08:48:27] [disk_guard]     mtime=2026-07-26 16:47:47 size=40.03MB
[2026-07-27 08:48:27] [disk_guard]     -> b2 subpath: logs/Retrieval/MHC_zh/RAC_video_moka_umfloor/RAC_lr0.0001_Bz64_Ep30_cosSim_triplet_drop[0.2, 0.4, 0.1]_topK20__PseudoGold_positive_1_hard_negative_1_seed2_hybrid_loss_Qwen2.5-VL-7B-Instruct-LoRA_HF-um/ckpt/epoch_model_24_0.8717948717948718.pt
[2026-07-27 08:48:27] [disk_guard]     pushing to B2 ...
[2026-07-27 08:48:37] [disk_guard] verify: OK sha1=17d3206bc964af5d25a86cac8c0ba0966660d8ee matches at b2:junyi-data/RGCL_video/logs/Retrieval/MHC_zh/RAC_video_moka_umfloor/RAC_lr0.0001_Bz64_Ep30_cosSim_triplet_drop[0.2, 0.4, 0.1]_topK20__PseudoGold_positive_1_hard_negative_1_seed2_hybrid_loss_Qwen2.5-VL-7B-Instruct-LoRA_HF-um/ckpt/epoch_model_24_0.8717948717948718.pt
[2026-07-27 08:48:37] [disk_guard]     PRUNED local (verified on B2): /data/jehc223/RGCL/logging/Retrieval/MHC_zh/RAC_video_moka_umfloor/RAC_lr0.0001_Bz64_Ep30_cosSim_triplet_drop[0.2, 0.4, 0.1]_topK20__PseudoGold_positive_1_hard_negative_1_seed2_hybrid_loss_Qwen2.5-VL-7B-Instruct-LoRA_HF-um/ckpt/epoch_model_24_0.8717948717948718.pt  (freed 40.03MB)
[2026-07-27 08:48:37] [disk_guard]   candidate: /data/jehc223/RGCL/logging/Retrieval/MHC_zh/RAC_video_moka_umfloor/RAC_lr0.0001_Bz64_Ep30_cosSim_triplet_drop[0.2, 0.4, 0.1]_topK20__PseudoGold_positive_1_hard_negative_1_seed2_hybrid_loss_Qwen2.5-VL-7B-Instruct-LoRA_HF-um/ckpt/epoch_model_25_0.8589743589743589.pt
[2026-07-27 08:48:37] [disk_guard]     mtime=2026-07-26 16:47:48 size=40.03MB
[2026-07-27 08:48:37] [disk_guard]     -> b2 subpath: logs/Retrieval/MHC_zh/RAC_video_moka_umfloor/RAC_lr0.0001_Bz64_Ep30_cosSim_triplet_drop[0.2, 0.4, 0.1]_topK20__PseudoGold_positive_1_hard_negative_1_seed2_hybrid_loss_Qwen2.5-VL-7B-Instruct-LoRA_HF-um/ckpt/epoch_model_25_0.8589743589743589.pt
[2026-07-27 08:48:37] [disk_guard]     pushing to B2 ...
[2026-07-27 08:48:47] [disk_guard] verify: OK sha1=a5db5fbfdbd7b84d26db6798e1c2c9e8a2a314cc matches at b2:junyi-data/RGCL_video/logs/Retrieval/MHC_zh/RAC_video_moka_umfloor/RAC_lr0.0001_Bz64_Ep30_cosSim_triplet_drop[0.2, 0.4, 0.1]_topK20__PseudoGold_positive_1_hard_negative_1_seed2_hybrid_loss_Qwen2.5-VL-7B-Instruct-LoRA_HF-um/ckpt/epoch_model_25_0.8589743589743589.pt
[2026-07-27 08:48:47] [disk_guard]     PRUNED local (verified on B2): /data/jehc223/RGCL/logging/Retrieval/MHC_zh/RAC_video_moka_umfloor/RAC_lr0.0001_Bz64_Ep30_cosSim_triplet_drop[0.2, 0.4, 0.1]_topK20__PseudoGold_positive_1_hard_negative_1_seed2_hybrid_loss_Qwen2.5-VL-7B-Instruct-LoRA_HF-um/ckpt/epoch_model_25_0.8589743589743589.pt  (freed 40.03MB)
[2026-07-27 08:48:47] [disk_guard]   candidate: /data/jehc223/RGCL/logging/Retrieval/MHC_zh/RAC_video_moka_umfloor/RAC_lr0.0001_Bz64_Ep30_cosSim_triplet_drop[0.2, 0.4, 0.1]_topK20__PseudoGold_positive_1_hard_negative_1_seed2_hybrid_loss_Qwen2.5-VL-7B-Instruct-LoRA_HF-um/ckpt/epoch_model_26_0.8846153846153846.pt
[2026-07-27 08:48:47] [disk_guard]     mtime=2026-07-26 16:47:48 size=40.03MB
[2026-07-27 08:48:47] [disk_guard]     -> b2 subpath: logs/Retrieval/MHC_zh/RAC_video_moka_umfloor/RAC_lr0.0001_Bz64_Ep30_cosSim_triplet_drop[0.2, 0.4, 0.1]_topK20__PseudoGold_positive_1_hard_negative_1_seed2_hybrid_loss_Qwen2.5-VL-7B-Instruct-LoRA_HF-um/ckpt/epoch_model_26_0.8846153846153846.pt
[2026-07-27 08:48:47] [disk_guard]     pushing to B2 ...
[2026-07-27 08:48:58] [disk_guard] verify: OK sha1=e9cbccc3563f82fd8897cd83df630e9dc673f87c matches at b2:junyi-data/RGCL_video/logs/Retrieval/MHC_zh/RAC_video_moka_umfloor/RAC_lr0.0001_Bz64_Ep30_cosSim_triplet_drop[0.2, 0.4, 0.1]_topK20__PseudoGold_positive_1_hard_negative_1_seed2_hybrid_loss_Qwen2.5-VL-7B-Instruct-LoRA_HF-um/ckpt/epoch_model_26_0.8846153846153846.pt
[2026-07-27 08:48:58] [disk_guard]     PRUNED local (verified on B2): /data/jehc223/RGCL/logging/Retrieval/MHC_zh/RAC_video_moka_umfloor/RAC_lr0.0001_Bz64_Ep30_cosSim_triplet_drop[0.2, 0.4, 0.1]_topK20__PseudoGold_positive_1_hard_negative_1_seed2_hybrid_loss_Qwen2.5-VL-7B-Instruct-LoRA_HF-um/ckpt/epoch_model_26_0.8846153846153846.pt  (freed 40.03MB)
[2026-07-27 08:48:58] [disk_guard]   candidate: /data/jehc223/RGCL/logging/Retrieval/MHC_zh/RAC_video_moka_umfloor/RAC_lr0.0001_Bz64_Ep30_cosSim_triplet_drop[0.2, 0.4, 0.1]_topK20__PseudoGold_positive_1_hard_negative_1_seed2_hybrid_loss_Qwen2.5-VL-7B-Instruct-LoRA_HF-um/ckpt/best_model_26_0.8846153846153846.pt
[2026-07-27 08:48:58] [disk_guard]     mtime=2026-07-26 16:47:48 size=40.03MB
[2026-07-27 08:48:58] [disk_guard]     -> b2 subpath: logs/Retrieval/MHC_zh/RAC_video_moka_umfloor/RAC_lr0.0001_Bz64_Ep30_cosSim_triplet_drop[0.2, 0.4, 0.1]_topK20__PseudoGold_positive_1_hard_negative_1_seed2_hybrid_loss_Qwen2.5-VL-7B-Instruct-LoRA_HF-um/ckpt/best_model_26_0.8846153846153846.pt
[2026-07-27 08:48:58] [disk_guard]     pushing to B2 ...
[2026-07-27 08:49:08] [disk_guard] verify: OK sha1=d3f48668f54c11d4ef86f195ce0127d70ef282db matches at b2:junyi-data/RGCL_video/logs/Retrieval/MHC_zh/RAC_video_moka_umfloor/RAC_lr0.0001_Bz64_Ep30_cosSim_triplet_drop[0.2, 0.4, 0.1]_topK20__PseudoGold_positive_1_hard_negative_1_seed2_hybrid_loss_Qwen2.5-VL-7B-Instruct-LoRA_HF-um/ckpt/best_model_26_0.8846153846153846.pt
[2026-07-27 08:49:08] [disk_guard]     PRUNED local (verified on B2): /data/jehc223/RGCL/logging/Retrieval/MHC_zh/RAC_video_moka_umfloor/RAC_lr0.0001_Bz64_Ep30_cosSim_triplet_drop[0.2, 0.4, 0.1]_topK20__PseudoGold_positive_1_hard_negative_1_seed2_hybrid_loss_Qwen2.5-VL-7B-Instruct-LoRA_HF-um/ckpt/best_model_26_0.8846153846153846.pt  (freed 40.03MB)
[2026-07-27 08:49:08] [disk_guard]   candidate: /data/jehc223/RGCL/logging/Retrieval/MHC_zh/RAC_video_moka_umfloor/RAC_lr0.0001_Bz64_Ep30_cosSim_triplet_drop[0.2, 0.4, 0.1]_topK20__PseudoGold_positive_1_hard_negative_1_seed2_hybrid_loss_Qwen2.5-VL-7B-Instruct-LoRA_HF-um/ckpt/epoch_model_27_0.8333333333333334.pt
[2026-07-27 08:49:08] [disk_guard]     mtime=2026-07-26 16:47:49 size=40.03MB
[2026-07-27 08:49:08] [disk_guard]     -> b2 subpath: logs/Retrieval/MHC_zh/RAC_video_moka_umfloor/RAC_lr0.0001_Bz64_Ep30_cosSim_triplet_drop[0.2, 0.4, 0.1]_topK20__PseudoGold_positive_1_hard_negative_1_seed2_hybrid_loss_Qwen2.5-VL-7B-Instruct-LoRA_HF-um/ckpt/epoch_model_27_0.8333333333333334.pt
[2026-07-27 08:49:08] [disk_guard]     pushing to B2 ...
[2026-07-27 08:49:19] [disk_guard] verify: OK sha1=6bd02f998d866001719ac22faa6559fa6d780979 matches at b2:junyi-data/RGCL_video/logs/Retrieval/MHC_zh/RAC_video_moka_umfloor/RAC_lr0.0001_Bz64_Ep30_cosSim_triplet_drop[0.2, 0.4, 0.1]_topK20__PseudoGold_positive_1_hard_negative_1_seed2_hybrid_loss_Qwen2.5-VL-7B-Instruct-LoRA_HF-um/ckpt/epoch_model_27_0.8333333333333334.pt
[2026-07-27 08:49:19] [disk_guard]     PRUNED local (verified on B2): /data/jehc223/RGCL/logging/Retrieval/MHC_zh/RAC_video_moka_umfloor/RAC_lr0.0001_Bz64_Ep30_cosSim_triplet_drop[0.2, 0.4, 0.1]_topK20__PseudoGold_positive_1_hard_negative_1_seed2_hybrid_loss_Qwen2.5-VL-7B-Instruct-LoRA_HF-um/ckpt/epoch_model_27_0.8333333333333334.pt  (freed 40.03MB)
[2026-07-27 08:49:19] [disk_guard]   candidate: /data/jehc223/RGCL/logging/Retrieval/MHC_zh/RAC_video_moka_umfloor/RAC_lr0.0001_Bz64_Ep30_cosSim_triplet_drop[0.2, 0.4, 0.1]_topK20__PseudoGold_positive_1_hard_negative_1_seed2_hybrid_loss_Qwen2.5-VL-7B-Instruct-LoRA_HF-um/ckpt/epoch_model_28_0.8333333333333334.pt
[2026-07-27 08:49:19] [disk_guard]     mtime=2026-07-26 16:47:50 size=40.03MB
[2026-07-27 08:49:19] [disk_guard]     -> b2 subpath: logs/Retrieval/MHC_zh/RAC_video_moka_umfloor/RAC_lr0.0001_Bz64_Ep30_cosSim_triplet_drop[0.2, 0.4, 0.1]_topK20__PseudoGold_positive_1_hard_negative_1_seed2_hybrid_loss_Qwen2.5-VL-7B-Instruct-LoRA_HF-um/ckpt/epoch_model_28_0.8333333333333334.pt
[2026-07-27 08:49:19] [disk_guard]     pushing to B2 ...
[2026-07-27 08:49:29] [disk_guard] verify: OK sha1=68470712d2ee1eb2c695316d1e5fafeb7320348a matches at b2:junyi-data/RGCL_video/logs/Retrieval/MHC_zh/RAC_video_moka_umfloor/RAC_lr0.0001_Bz64_Ep30_cosSim_triplet_drop[0.2, 0.4, 0.1]_topK20__PseudoGold_positive_1_hard_negative_1_seed2_hybrid_loss_Qwen2.5-VL-7B-Instruct-LoRA_HF-um/ckpt/epoch_model_28_0.8333333333333334.pt
[2026-07-27 08:49:29] [disk_guard]     PRUNED local (verified on B2): /data/jehc223/RGCL/logging/Retrieval/MHC_zh/RAC_video_moka_umfloor/RAC_lr0.0001_Bz64_Ep30_cosSim_triplet_drop[0.2, 0.4, 0.1]_topK20__PseudoGold_positive_1_hard_negative_1_seed2_hybrid_loss_Qwen2.5-VL-7B-Instruct-LoRA_HF-um/ckpt/epoch_model_28_0.8333333333333334.pt  (freed 40.03MB)
[2026-07-27 08:49:29] [disk_guard]   candidate: /data/jehc223/RGCL/logging/Retrieval/MHC_zh/RAC_video_moka_umfloor/RAC_lr0.0001_Bz64_Ep30_cosSim_triplet_drop[0.2, 0.4, 0.1]_topK20__PseudoGold_positive_1_hard_negative_1_seed2_hybrid_loss_Qwen2.5-VL-7B-Instruct-LoRA_HF-um/ckpt/epoch_model_29_0.8589743589743589.pt
[2026-07-27 08:49:29] [disk_guard]     mtime=2026-07-26 16:47:51 size=40.03MB
[2026-07-27 08:49:29] [disk_guard]     -> b2 subpath: logs/Retrieval/MHC_zh/RAC_video_moka_umfloor/RAC_lr0.0001_Bz64_Ep30_cosSim_triplet_drop[0.2, 0.4, 0.1]_topK20__PseudoGold_positive_1_hard_negative_1_seed2_hybrid_loss_Qwen2.5-VL-7B-Instruct-LoRA_HF-um/ckpt/epoch_model_29_0.8589743589743589.pt
[2026-07-27 08:49:29] [disk_guard]     pushing to B2 ...
[2026-07-27 08:49:39] [disk_guard] verify: OK sha1=57b151bc0ecde1b84c660fb5e9a808ab42e11b11 matches at b2:junyi-data/RGCL_video/logs/Retrieval/MHC_zh/RAC_video_moka_umfloor/RAC_lr0.0001_Bz64_Ep30_cosSim_triplet_drop[0.2, 0.4, 0.1]_topK20__PseudoGold_positive_1_hard_negative_1_seed2_hybrid_loss_Qwen2.5-VL-7B-Instruct-LoRA_HF-um/ckpt/epoch_model_29_0.8589743589743589.pt
[2026-07-27 08:49:39] [disk_guard]     PRUNED local (verified on B2): /data/jehc223/RGCL/logging/Retrieval/MHC_zh/RAC_video_moka_umfloor/RAC_lr0.0001_Bz64_Ep30_cosSim_triplet_drop[0.2, 0.4, 0.1]_topK20__PseudoGold_positive_1_hard_negative_1_seed2_hybrid_loss_Qwen2.5-VL-7B-Instruct-LoRA_HF-um/ckpt/epoch_model_29_0.8589743589743589.pt  (freed 40.03MB)
[2026-07-27 08:49:39] [disk_guard]   candidate: /data/jehc223/RGCL/logging/Retrieval/MHC_zh/RAC_video_moka_umfloor/RAC_lr0.0001_Bz64_Ep30_cosSim_triplet_drop[0.2, 0.4, 0.1]_topK20__PseudoGold_positive_1_hard_negative_1_seed2_hybrid_loss_Qwen2.5-VL-7B-Instruct-LoRA_HF-um/ckpt/last_model_29_0.8589743589743589.pt
[2026-07-27 08:49:39] [disk_guard]     mtime=2026-07-26 16:47:51 size=40.03MB
[2026-07-27 08:49:39] [disk_guard]     -> b2 subpath: logs/Retrieval/MHC_zh/RAC_video_moka_umfloor/RAC_lr0.0001_Bz64_Ep30_cosSim_triplet_drop[0.2, 0.4, 0.1]_topK20__PseudoGold_positive_1_hard_negative_1_seed2_hybrid_loss_Qwen2.5-VL-7B-Instruct-LoRA_HF-um/ckpt/last_model_29_0.8589743589743589.pt
[2026-07-27 08:49:39] [disk_guard]     pushing to B2 ...
[2026-07-27 08:49:49] [disk_guard] verify: OK sha1=422d9941c43cfe1d5ca7f9a40af5bcede4db01a7 matches at b2:junyi-data/RGCL_video/logs/Retrieval/MHC_zh/RAC_video_moka_umfloor/RAC_lr0.0001_Bz64_Ep30_cosSim_triplet_drop[0.2, 0.4, 0.1]_topK20__PseudoGold_positive_1_hard_negative_1_seed2_hybrid_loss_Qwen2.5-VL-7B-Instruct-LoRA_HF-um/ckpt/last_model_29_0.8589743589743589.pt
[2026-07-27 08:49:49] [disk_guard]     PRUNED local (verified on B2): /data/jehc223/RGCL/logging/Retrieval/MHC_zh/RAC_video_moka_umfloor/RAC_lr0.0001_Bz64_Ep30_cosSim_triplet_drop[0.2, 0.4, 0.1]_topK20__PseudoGold_positive_1_hard_negative_1_seed2_hybrid_loss_Qwen2.5-VL-7B-Instruct-LoRA_HF-um/ckpt/last_model_29_0.8589743589743589.pt  (freed 40.03MB)
[2026-07-27 08:49:49] [disk_guard]   candidate: /data/jehc223/RGCL/logging/Retrieval/MHC_zh/errpat_zh_remint_v2/RAC_lr0.0001_Bz64_Ep30_cosSim_triplet_drop[0.2, 0.4, 0.1]_topK20__PseudoGold_positive_1_hard_negative_1_seed0_hybrid_loss_Qwen2.5-VL-7B-Instruct-LoRA_HF/ckpt/epoch_model_0_0.8717948717948718.pt
[2026-07-27 08:49:49] [disk_guard]     mtime=2026-07-26 22:38:40 size=40.03MB
[2026-07-27 08:49:49] [disk_guard]     -> b2 subpath: logs/Retrieval/MHC_zh/errpat_zh_remint_v2/RAC_lr0.0001_Bz64_Ep30_cosSim_triplet_drop[0.2, 0.4, 0.1]_topK20__PseudoGold_positive_1_hard_negative_1_seed0_hybrid_loss_Qwen2.5-VL-7B-Instruct-LoRA_HF/ckpt/epoch_model_0_0.8717948717948718.pt
[2026-07-27 08:49:49] [disk_guard]     pushing to B2 ...
[2026-07-27 08:50:00] [disk_guard] verify: OK sha1=a0d7841d50f0f6ed0d7eb4932f47f484094c5184 matches at b2:junyi-data/RGCL_video/logs/Retrieval/MHC_zh/errpat_zh_remint_v2/RAC_lr0.0001_Bz64_Ep30_cosSim_triplet_drop[0.2, 0.4, 0.1]_topK20__PseudoGold_positive_1_hard_negative_1_seed0_hybrid_loss_Qwen2.5-VL-7B-Instruct-LoRA_HF/ckpt/epoch_model_0_0.8717948717948718.pt
[2026-07-27 08:50:00] [disk_guard]     PRUNED local (verified on B2): /data/jehc223/RGCL/logging/Retrieval/MHC_zh/errpat_zh_remint_v2/RAC_lr0.0001_Bz64_Ep30_cosSim_triplet_drop[0.2, 0.4, 0.1]_topK20__PseudoGold_positive_1_hard_negative_1_seed0_hybrid_loss_Qwen2.5-VL-7B-Instruct-LoRA_HF/ckpt/epoch_model_0_0.8717948717948718.pt  (freed 40.03MB)
[2026-07-27 08:50:00] [disk_guard]   candidate: /data/jehc223/RGCL/logging/Retrieval/MHC_zh/errpat_zh_remint_v2/RAC_lr0.0001_Bz64_Ep30_cosSim_triplet_drop[0.2, 0.4, 0.1]_topK20__PseudoGold_positive_1_hard_negative_1_seed0_hybrid_loss_Qwen2.5-VL-7B-Instruct-LoRA_HF/ckpt/epoch_model_1_0.8333333333333334.pt
[2026-07-27 08:50:00] [disk_guard]     mtime=2026-07-26 22:38:41 size=40.03MB
[2026-07-27 08:50:00] [disk_guard]     -> b2 subpath: logs/Retrieval/MHC_zh/errpat_zh_remint_v2/RAC_lr0.0001_Bz64_Ep30_cosSim_triplet_drop[0.2, 0.4, 0.1]_topK20__PseudoGold_positive_1_hard_negative_1_seed0_hybrid_loss_Qwen2.5-VL-7B-Instruct-LoRA_HF/ckpt/epoch_model_1_0.8333333333333334.pt
[2026-07-27 08:50:00] [disk_guard]     pushing to B2 ...
[2026-07-27 08:50:09] [disk_guard] verify: OK sha1=065b0fda3e675349ecef5f033139ae41d9e03e31 matches at b2:junyi-data/RGCL_video/logs/Retrieval/MHC_zh/errpat_zh_remint_v2/RAC_lr0.0001_Bz64_Ep30_cosSim_triplet_drop[0.2, 0.4, 0.1]_topK20__PseudoGold_positive_1_hard_negative_1_seed0_hybrid_loss_Qwen2.5-VL-7B-Instruct-LoRA_HF/ckpt/epoch_model_1_0.8333333333333334.pt
[2026-07-27 08:50:09] [disk_guard]     PRUNED local (verified on B2): /data/jehc223/RGCL/logging/Retrieval/MHC_zh/errpat_zh_remint_v2/RAC_lr0.0001_Bz64_Ep30_cosSim_triplet_drop[0.2, 0.4, 0.1]_topK20__PseudoGold_positive_1_hard_negative_1_seed0_hybrid_loss_Qwen2.5-VL-7B-Instruct-LoRA_HF/ckpt/epoch_model_1_0.8333333333333334.pt  (freed 40.03MB)
[2026-07-27 08:50:09] [disk_guard]   candidate: /data/jehc223/RGCL/logging/Retrieval/MHC_zh/errpat_zh_remint_v2/RAC_lr0.0001_Bz64_Ep30_cosSim_triplet_drop[0.2, 0.4, 0.1]_topK20__PseudoGold_positive_1_hard_negative_1_seed0_hybrid_loss_Qwen2.5-VL-7B-Instruct-LoRA_HF/ckpt/epoch_model_2_0.8461538461538461.pt
[2026-07-27 08:50:09] [disk_guard]     mtime=2026-07-26 22:38:43 size=40.03MB
[2026-07-27 08:50:09] [disk_guard]     -> b2 subpath: logs/Retrieval/MHC_zh/errpat_zh_remint_v2/RAC_lr0.0001_Bz64_Ep30_cosSim_triplet_drop[0.2, 0.4, 0.1]_topK20__PseudoGold_positive_1_hard_negative_1_seed0_hybrid_loss_Qwen2.5-VL-7B-Instruct-LoRA_HF/ckpt/epoch_model_2_0.8461538461538461.pt
[2026-07-27 08:50:09] [disk_guard]     pushing to B2 ...
[2026-07-27 08:50:19] [disk_guard] verify: OK sha1=ba8df332114bb3a3faedd3f80275c09a703b09da matches at b2:junyi-data/RGCL_video/logs/Retrieval/MHC_zh/errpat_zh_remint_v2/RAC_lr0.0001_Bz64_Ep30_cosSim_triplet_drop[0.2, 0.4, 0.1]_topK20__PseudoGold_positive_1_hard_negative_1_seed0_hybrid_loss_Qwen2.5-VL-7B-Instruct-LoRA_HF/ckpt/epoch_model_2_0.8461538461538461.pt
[2026-07-27 08:50:19] [disk_guard]     PRUNED local (verified on B2): /data/jehc223/RGCL/logging/Retrieval/MHC_zh/errpat_zh_remint_v2/RAC_lr0.0001_Bz64_Ep30_cosSim_triplet_drop[0.2, 0.4, 0.1]_topK20__PseudoGold_positive_1_hard_negative_1_seed0_hybrid_loss_Qwen2.5-VL-7B-Instruct-LoRA_HF/ckpt/epoch_model_2_0.8461538461538461.pt  (freed 40.03MB)
[2026-07-27 08:50:19] [disk_guard]   candidate: /data/jehc223/RGCL/logging/Retrieval/MHC_zh/errpat_zh_remint_v2/RAC_lr0.0001_Bz64_Ep30_cosSim_triplet_drop[0.2, 0.4, 0.1]_topK20__PseudoGold_positive_1_hard_negative_1_seed0_hybrid_loss_Qwen2.5-VL-7B-Instruct-LoRA_HF/ckpt/epoch_model_3_0.8333333333333334.pt
[2026-07-27 08:50:19] [disk_guard]     mtime=2026-07-26 22:38:44 size=40.03MB
[2026-07-27 08:50:19] [disk_guard]     -> b2 subpath: logs/Retrieval/MHC_zh/errpat_zh_remint_v2/RAC_lr0.0001_Bz64_Ep30_cosSim_triplet_drop[0.2, 0.4, 0.1]_topK20__PseudoGold_positive_1_hard_negative_1_seed0_hybrid_loss_Qwen2.5-VL-7B-Instruct-LoRA_HF/ckpt/epoch_model_3_0.8333333333333334.pt
[2026-07-27 08:50:19] [disk_guard]     pushing to B2 ...
[2026-07-27 08:50:30] [disk_guard] verify: OK sha1=197265f4c0d18301f37a9c7745c083df31decf8a matches at b2:junyi-data/RGCL_video/logs/Retrieval/MHC_zh/errpat_zh_remint_v2/RAC_lr0.0001_Bz64_Ep30_cosSim_triplet_drop[0.2, 0.4, 0.1]_topK20__PseudoGold_positive_1_hard_negative_1_seed0_hybrid_loss_Qwen2.5-VL-7B-Instruct-LoRA_HF/ckpt/epoch_model_3_0.8333333333333334.pt
[2026-07-27 08:50:30] [disk_guard]     PRUNED local (verified on B2): /data/jehc223/RGCL/logging/Retrieval/MHC_zh/errpat_zh_remint_v2/RAC_lr0.0001_Bz64_Ep30_cosSim_triplet_drop[0.2, 0.4, 0.1]_topK20__PseudoGold_positive_1_hard_negative_1_seed0_hybrid_loss_Qwen2.5-VL-7B-Instruct-LoRA_HF/ckpt/epoch_model_3_0.8333333333333334.pt  (freed 40.03MB)
[2026-07-27 08:50:30] [disk_guard]   candidate: /data/jehc223/RGCL/logging/Retrieval/MHC_zh/errpat_zh_remint_v2/RAC_lr0.0001_Bz64_Ep30_cosSim_triplet_drop[0.2, 0.4, 0.1]_topK20__PseudoGold_positive_1_hard_negative_1_seed0_hybrid_loss_Qwen2.5-VL-7B-Instruct-LoRA_HF/ckpt/epoch_model_4_0.8205128205128205.pt
[2026-07-27 08:50:30] [disk_guard]     mtime=2026-07-26 22:38:45 size=40.03MB
[2026-07-27 08:50:30] [disk_guard]     -> b2 subpath: logs/Retrieval/MHC_zh/errpat_zh_remint_v2/RAC_lr0.0001_Bz64_Ep30_cosSim_triplet_drop[0.2, 0.4, 0.1]_topK20__PseudoGold_positive_1_hard_negative_1_seed0_hybrid_loss_Qwen2.5-VL-7B-Instruct-LoRA_HF/ckpt/epoch_model_4_0.8205128205128205.pt
[2026-07-27 08:50:30] [disk_guard]     pushing to B2 ...
[2026-07-27 08:50:40] [disk_guard] verify: OK sha1=98482c4cb7b7f6fff70c5f1488be1471251390a5 matches at b2:junyi-data/RGCL_video/logs/Retrieval/MHC_zh/errpat_zh_remint_v2/RAC_lr0.0001_Bz64_Ep30_cosSim_triplet_drop[0.2, 0.4, 0.1]_topK20__PseudoGold_positive_1_hard_negative_1_seed0_hybrid_loss_Qwen2.5-VL-7B-Instruct-LoRA_HF/ckpt/epoch_model_4_0.8205128205128205.pt
[2026-07-27 08:50:40] [disk_guard]     PRUNED local (verified on B2): /data/jehc223/RGCL/logging/Retrieval/MHC_zh/errpat_zh_remint_v2/RAC_lr0.0001_Bz64_Ep30_cosSim_triplet_drop[0.2, 0.4, 0.1]_topK20__PseudoGold_positive_1_hard_negative_1_seed0_hybrid_loss_Qwen2.5-VL-7B-Instruct-LoRA_HF/ckpt/epoch_model_4_0.8205128205128205.pt  (freed 40.03MB)
[2026-07-27 08:50:40] [disk_guard]   candidate: /data/jehc223/RGCL/logging/Retrieval/MHC_zh/errpat_zh_remint_v2/RAC_lr0.0001_Bz64_Ep30_cosSim_triplet_drop[0.2, 0.4, 0.1]_topK20__PseudoGold_positive_1_hard_negative_1_seed0_hybrid_loss_Qwen2.5-VL-7B-Instruct-LoRA_HF/ckpt/epoch_model_5_0.8717948717948718.pt
[2026-07-27 08:50:40] [disk_guard]     mtime=2026-07-26 22:38:47 size=40.03MB
[2026-07-27 08:50:40] [disk_guard]     -> b2 subpath: logs/Retrieval/MHC_zh/errpat_zh_remint_v2/RAC_lr0.0001_Bz64_Ep30_cosSim_triplet_drop[0.2, 0.4, 0.1]_topK20__PseudoGold_positive_1_hard_negative_1_seed0_hybrid_loss_Qwen2.5-VL-7B-Instruct-LoRA_HF/ckpt/epoch_model_5_0.8717948717948718.pt
[2026-07-27 08:50:40] [disk_guard]     pushing to B2 ...
[2026-07-27 08:50:51] [disk_guard] verify: OK sha1=3f6677e4a1b589cbd0691faa11972cb7064c384f matches at b2:junyi-data/RGCL_video/logs/Retrieval/MHC_zh/errpat_zh_remint_v2/RAC_lr0.0001_Bz64_Ep30_cosSim_triplet_drop[0.2, 0.4, 0.1]_topK20__PseudoGold_positive_1_hard_negative_1_seed0_hybrid_loss_Qwen2.5-VL-7B-Instruct-LoRA_HF/ckpt/epoch_model_5_0.8717948717948718.pt
[2026-07-27 08:50:51] [disk_guard]     PRUNED local (verified on B2): /data/jehc223/RGCL/logging/Retrieval/MHC_zh/errpat_zh_remint_v2/RAC_lr0.0001_Bz64_Ep30_cosSim_triplet_drop[0.2, 0.4, 0.1]_topK20__PseudoGold_positive_1_hard_negative_1_seed0_hybrid_loss_Qwen2.5-VL-7B-Instruct-LoRA_HF/ckpt/epoch_model_5_0.8717948717948718.pt  (freed 40.03MB)
[2026-07-27 08:50:51] [disk_guard]   candidate: /data/jehc223/RGCL/logging/Retrieval/MHC_zh/errpat_zh_remint_v2/RAC_lr0.0001_Bz64_Ep30_cosSim_triplet_drop[0.2, 0.4, 0.1]_topK20__PseudoGold_positive_1_hard_negative_1_seed0_hybrid_loss_Qwen2.5-VL-7B-Instruct-LoRA_HF/ckpt/best_model_5_0.8717948717948718.pt
[2026-07-27 08:50:51] [disk_guard]     mtime=2026-07-26 22:38:47 size=40.03MB
[2026-07-27 08:50:51] [disk_guard]     -> b2 subpath: logs/Retrieval/MHC_zh/errpat_zh_remint_v2/RAC_lr0.0001_Bz64_Ep30_cosSim_triplet_drop[0.2, 0.4, 0.1]_topK20__PseudoGold_positive_1_hard_negative_1_seed0_hybrid_loss_Qwen2.5-VL-7B-Instruct-LoRA_HF/ckpt/best_model_5_0.8717948717948718.pt
[2026-07-27 08:50:51] [disk_guard]     pushing to B2 ...
[2026-07-27 08:51:01] [disk_guard] verify: OK sha1=7332143a1eda0aebfbfed0c5d59f4bc6c979dc9f matches at b2:junyi-data/RGCL_video/logs/Retrieval/MHC_zh/errpat_zh_remint_v2/RAC_lr0.0001_Bz64_Ep30_cosSim_triplet_drop[0.2, 0.4, 0.1]_topK20__PseudoGold_positive_1_hard_negative_1_seed0_hybrid_loss_Qwen2.5-VL-7B-Instruct-LoRA_HF/ckpt/best_model_5_0.8717948717948718.pt
[2026-07-27 08:51:01] [disk_guard]     PRUNED local (verified on B2): /data/jehc223/RGCL/logging/Retrieval/MHC_zh/errpat_zh_remint_v2/RAC_lr0.0001_Bz64_Ep30_cosSim_triplet_drop[0.2, 0.4, 0.1]_topK20__PseudoGold_positive_1_hard_negative_1_seed0_hybrid_loss_Qwen2.5-VL-7B-Instruct-LoRA_HF/ckpt/best_model_5_0.8717948717948718.pt  (freed 40.03MB)
[2026-07-27 08:51:01] [disk_guard]   candidate: /data/jehc223/RGCL/logging/Retrieval/MHC_zh/errpat_zh_remint_v2/RAC_lr0.0001_Bz64_Ep30_cosSim_triplet_drop[0.2, 0.4, 0.1]_topK20__PseudoGold_positive_1_hard_negative_1_seed0_hybrid_loss_Qwen2.5-VL-7B-Instruct-LoRA_HF/ckpt/epoch_model_6_0.8076923076923077.pt
[2026-07-27 08:51:01] [disk_guard]     mtime=2026-07-26 22:38:48 size=40.03MB
[2026-07-27 08:51:01] [disk_guard]     -> b2 subpath: logs/Retrieval/MHC_zh/errpat_zh_remint_v2/RAC_lr0.0001_Bz64_Ep30_cosSim_triplet_drop[0.2, 0.4, 0.1]_topK20__PseudoGold_positive_1_hard_negative_1_seed0_hybrid_loss_Qwen2.5-VL-7B-Instruct-LoRA_HF/ckpt/epoch_model_6_0.8076923076923077.pt
[2026-07-27 08:51:01] [disk_guard]     pushing to B2 ...
[2026-07-27 08:51:11] [disk_guard] verify: OK sha1=dd5f8934e97c7de44f2d89e25e88a27258ffdad2 matches at b2:junyi-data/RGCL_video/logs/Retrieval/MHC_zh/errpat_zh_remint_v2/RAC_lr0.0001_Bz64_Ep30_cosSim_triplet_drop[0.2, 0.4, 0.1]_topK20__PseudoGold_positive_1_hard_negative_1_seed0_hybrid_loss_Qwen2.5-VL-7B-Instruct-LoRA_HF/ckpt/epoch_model_6_0.8076923076923077.pt
[2026-07-27 08:51:11] [disk_guard]     PRUNED local (verified on B2): /data/jehc223/RGCL/logging/Retrieval/MHC_zh/errpat_zh_remint_v2/RAC_lr0.0001_Bz64_Ep30_cosSim_triplet_drop[0.2, 0.4, 0.1]_topK20__PseudoGold_positive_1_hard_negative_1_seed0_hybrid_loss_Qwen2.5-VL-7B-Instruct-LoRA_HF/ckpt/epoch_model_6_0.8076923076923077.pt  (freed 40.03MB)
[2026-07-27 08:51:11] [disk_guard]   candidate: /data/jehc223/RGCL/logging/Retrieval/MHC_zh/errpat_zh_remint_v2/RAC_lr0.0001_Bz64_Ep30_cosSim_triplet_drop[0.2, 0.4, 0.1]_topK20__PseudoGold_positive_1_hard_negative_1_seed0_hybrid_loss_Qwen2.5-VL-7B-Instruct-LoRA_HF/ckpt/epoch_model_7_0.8333333333333334.pt
[2026-07-27 08:51:11] [disk_guard]     mtime=2026-07-26 22:38:49 size=40.03MB
[2026-07-27 08:51:11] [disk_guard]     -> b2 subpath: logs/Retrieval/MHC_zh/errpat_zh_remint_v2/RAC_lr0.0001_Bz64_Ep30_cosSim_triplet_drop[0.2, 0.4, 0.1]_topK20__PseudoGold_positive_1_hard_negative_1_seed0_hybrid_loss_Qwen2.5-VL-7B-Instruct-LoRA_HF/ckpt/epoch_model_7_0.8333333333333334.pt
[2026-07-27 08:51:11] [disk_guard]     pushing to B2 ...
[2026-07-27 08:51:22] [disk_guard] verify: OK sha1=26f1be806dc39796f544f8b8619226880601d42e matches at b2:junyi-data/RGCL_video/logs/Retrieval/MHC_zh/errpat_zh_remint_v2/RAC_lr0.0001_Bz64_Ep30_cosSim_triplet_drop[0.2, 0.4, 0.1]_topK20__PseudoGold_positive_1_hard_negative_1_seed0_hybrid_loss_Qwen2.5-VL-7B-Instruct-LoRA_HF/ckpt/epoch_model_7_0.8333333333333334.pt
[2026-07-27 08:51:22] [disk_guard]     PRUNED local (verified on B2): /data/jehc223/RGCL/logging/Retrieval/MHC_zh/errpat_zh_remint_v2/RAC_lr0.0001_Bz64_Ep30_cosSim_triplet_drop[0.2, 0.4, 0.1]_topK20__PseudoGold_positive_1_hard_negative_1_seed0_hybrid_loss_Qwen2.5-VL-7B-Instruct-LoRA_HF/ckpt/epoch_model_7_0.8333333333333334.pt  (freed 40.03MB)
[2026-07-27 08:51:22] [disk_guard]   candidate: /data/jehc223/RGCL/logging/Retrieval/MHC_zh/errpat_zh_remint_v2/RAC_lr0.0001_Bz64_Ep30_cosSim_triplet_drop[0.2, 0.4, 0.1]_topK20__PseudoGold_positive_1_hard_negative_1_seed0_hybrid_loss_Qwen2.5-VL-7B-Instruct-LoRA_HF/ckpt/epoch_model_8_0.8205128205128205.pt
[2026-07-27 08:51:22] [disk_guard]     mtime=2026-07-26 22:38:50 size=40.03MB
[2026-07-27 08:51:22] [disk_guard]     -> b2 subpath: logs/Retrieval/MHC_zh/errpat_zh_remint_v2/RAC_lr0.0001_Bz64_Ep30_cosSim_triplet_drop[0.2, 0.4, 0.1]_topK20__PseudoGold_positive_1_hard_negative_1_seed0_hybrid_loss_Qwen2.5-VL-7B-Instruct-LoRA_HF/ckpt/epoch_model_8_0.8205128205128205.pt
[2026-07-27 08:51:22] [disk_guard]     pushing to B2 ...
[2026-07-27 08:51:33] [disk_guard] verify: OK sha1=341553b87244ad1da0aa6c20ae472a036aef59a8 matches at b2:junyi-data/RGCL_video/logs/Retrieval/MHC_zh/errpat_zh_remint_v2/RAC_lr0.0001_Bz64_Ep30_cosSim_triplet_drop[0.2, 0.4, 0.1]_topK20__PseudoGold_positive_1_hard_negative_1_seed0_hybrid_loss_Qwen2.5-VL-7B-Instruct-LoRA_HF/ckpt/epoch_model_8_0.8205128205128205.pt
[2026-07-27 08:51:33] [disk_guard]     PRUNED local (verified on B2): /data/jehc223/RGCL/logging/Retrieval/MHC_zh/errpat_zh_remint_v2/RAC_lr0.0001_Bz64_Ep30_cosSim_triplet_drop[0.2, 0.4, 0.1]_topK20__PseudoGold_positive_1_hard_negative_1_seed0_hybrid_loss_Qwen2.5-VL-7B-Instruct-LoRA_HF/ckpt/epoch_model_8_0.8205128205128205.pt  (freed 40.03MB)
[2026-07-27 08:51:33] [disk_guard]   candidate: /data/jehc223/RGCL/logging/Retrieval/MHC_zh/errpat_zh_remint_v2/RAC_lr0.0001_Bz64_Ep30_cosSim_triplet_drop[0.2, 0.4, 0.1]_topK20__PseudoGold_positive_1_hard_negative_1_seed0_hybrid_loss_Qwen2.5-VL-7B-Instruct-LoRA_HF/ckpt/epoch_model_9_0.8205128205128205.pt
[2026-07-27 08:51:33] [disk_guard]     mtime=2026-07-26 22:38:52 size=40.03MB
[2026-07-27 08:51:33] [disk_guard]     -> b2 subpath: logs/Retrieval/MHC_zh/errpat_zh_remint_v2/RAC_lr0.0001_Bz64_Ep30_cosSim_triplet_drop[0.2, 0.4, 0.1]_topK20__PseudoGold_positive_1_hard_negative_1_seed0_hybrid_loss_Qwen2.5-VL-7B-Instruct-LoRA_HF/ckpt/epoch_model_9_0.8205128205128205.pt
[2026-07-27 08:51:33] [disk_guard]     pushing to B2 ...
[2026-07-27 08:51:43] [disk_guard] verify: OK sha1=e09101bb4d0e3f11b4ceab3ed130bf8dd12f3102 matches at b2:junyi-data/RGCL_video/logs/Retrieval/MHC_zh/errpat_zh_remint_v2/RAC_lr0.0001_Bz64_Ep30_cosSim_triplet_drop[0.2, 0.4, 0.1]_topK20__PseudoGold_positive_1_hard_negative_1_seed0_hybrid_loss_Qwen2.5-VL-7B-Instruct-LoRA_HF/ckpt/epoch_model_9_0.8205128205128205.pt
[2026-07-27 08:51:43] [disk_guard]     PRUNED local (verified on B2): /data/jehc223/RGCL/logging/Retrieval/MHC_zh/errpat_zh_remint_v2/RAC_lr0.0001_Bz64_Ep30_cosSim_triplet_drop[0.2, 0.4, 0.1]_topK20__PseudoGold_positive_1_hard_negative_1_seed0_hybrid_loss_Qwen2.5-VL-7B-Instruct-LoRA_HF/ckpt/epoch_model_9_0.8205128205128205.pt  (freed 40.03MB)
[2026-07-27 08:51:43] [disk_guard]   candidate: /data/jehc223/RGCL/logging/Retrieval/MHC_zh/errpat_zh_remint_v2/RAC_lr0.0001_Bz64_Ep30_cosSim_triplet_drop[0.2, 0.4, 0.1]_topK20__PseudoGold_positive_1_hard_negative_1_seed0_hybrid_loss_Qwen2.5-VL-7B-Instruct-LoRA_HF/ckpt/epoch_model_10_0.8333333333333334.pt
[2026-07-27 08:51:43] [disk_guard]     mtime=2026-07-26 22:38:53 size=40.03MB
[2026-07-27 08:51:43] [disk_guard]     -> b2 subpath: logs/Retrieval/MHC_zh/errpat_zh_remint_v2/RAC_lr0.0001_Bz64_Ep30_cosSim_triplet_drop[0.2, 0.4, 0.1]_topK20__PseudoGold_positive_1_hard_negative_1_seed0_hybrid_loss_Qwen2.5-VL-7B-Instruct-LoRA_HF/ckpt/epoch_model_10_0.8333333333333334.pt
[2026-07-27 08:51:43] [disk_guard]     pushing to B2 ...
[2026-07-27 08:51:54] [disk_guard] verify: OK sha1=395c3523d9292e946868a8804e870b27a3f5b306 matches at b2:junyi-data/RGCL_video/logs/Retrieval/MHC_zh/errpat_zh_remint_v2/RAC_lr0.0001_Bz64_Ep30_cosSim_triplet_drop[0.2, 0.4, 0.1]_topK20__PseudoGold_positive_1_hard_negative_1_seed0_hybrid_loss_Qwen2.5-VL-7B-Instruct-LoRA_HF/ckpt/epoch_model_10_0.8333333333333334.pt
[2026-07-27 08:51:54] [disk_guard]     PRUNED local (verified on B2): /data/jehc223/RGCL/logging/Retrieval/MHC_zh/errpat_zh_remint_v2/RAC_lr0.0001_Bz64_Ep30_cosSim_triplet_drop[0.2, 0.4, 0.1]_topK20__PseudoGold_positive_1_hard_negative_1_seed0_hybrid_loss_Qwen2.5-VL-7B-Instruct-LoRA_HF/ckpt/epoch_model_10_0.8333333333333334.pt  (freed 40.03MB)
[2026-07-27 08:51:54] [disk_guard]   candidate: /data/jehc223/RGCL/logging/Retrieval/MHC_zh/errpat_zh_remint_v2/RAC_lr0.0001_Bz64_Ep30_cosSim_triplet_drop[0.2, 0.4, 0.1]_topK20__PseudoGold_positive_1_hard_negative_1_seed0_hybrid_loss_Qwen2.5-VL-7B-Instruct-LoRA_HF/ckpt/epoch_model_11_0.8333333333333334.pt
[2026-07-27 08:51:54] [disk_guard]     mtime=2026-07-26 22:38:54 size=40.03MB
[2026-07-27 08:51:54] [disk_guard]     -> b2 subpath: logs/Retrieval/MHC_zh/errpat_zh_remint_v2/RAC_lr0.0001_Bz64_Ep30_cosSim_triplet_drop[0.2, 0.4, 0.1]_topK20__PseudoGold_positive_1_hard_negative_1_seed0_hybrid_loss_Qwen2.5-VL-7B-Instruct-LoRA_HF/ckpt/epoch_model_11_0.8333333333333334.pt
[2026-07-27 08:51:54] [disk_guard]     pushing to B2 ...
[2026-07-27 08:52:03] [disk_guard]     ERROR: push failed; NOT deleting local. Skipping.
[2026-07-27 08:52:03] [disk_guard]   candidate: /data/jehc223/RGCL/logging/Retrieval/MHC_zh/errpat_zh_remint_v2/RAC_lr0.0001_Bz64_Ep30_cosSim_triplet_drop[0.2, 0.4, 0.1]_topK20__PseudoGold_positive_1_hard_negative_1_seed0_hybrid_loss_Qwen2.5-VL-7B-Instruct-LoRA_HF/ckpt/epoch_model_12_0.8333333333333334.pt
[2026-07-27 08:52:03] [disk_guard]     mtime=2026-07-26 22:38:56 size=40.03MB
[2026-07-27 08:52:03] [disk_guard]     -> b2 subpath: logs/Retrieval/MHC_zh/errpat_zh_remint_v2/RAC_lr0.0001_Bz64_Ep30_cosSim_triplet_drop[0.2, 0.4, 0.1]_topK20__PseudoGold_positive_1_hard_negative_1_seed0_hybrid_loss_Qwen2.5-VL-7B-Instruct-LoRA_HF/ckpt/epoch_model_12_0.8333333333333334.pt
[2026-07-27 08:52:03] [disk_guard]     pushing to B2 ...
[2026-07-27 08:52:13] [disk_guard]     ERROR: push failed; NOT deleting local. Skipping.
[2026-07-27 08:52:13] [disk_guard]   candidate: /data/jehc223/RGCL/logging/Retrieval/MHC_zh/errpat_zh_remint_v2/RAC_lr0.0001_Bz64_Ep30_cosSim_triplet_drop[0.2, 0.4, 0.1]_topK20__PseudoGold_positive_1_hard_negative_1_seed0_hybrid_loss_Qwen2.5-VL-7B-Instruct-LoRA_HF/ckpt/epoch_model_13_0.8461538461538461.pt
[2026-07-27 08:52:13] [disk_guard]     mtime=2026-07-26 22:38:57 size=40.03MB
[2026-07-27 08:52:13] [disk_guard]     -> b2 subpath: logs/Retrieval/MHC_zh/errpat_zh_remint_v2/RAC_lr0.0001_Bz64_Ep30_cosSim_triplet_drop[0.2, 0.4, 0.1]_topK20__PseudoGold_positive_1_hard_negative_1_seed0_hybrid_loss_Qwen2.5-VL-7B-Instruct-LoRA_HF/ckpt/epoch_model_13_0.8461538461538461.pt
[2026-07-27 08:52:13] [disk_guard]     pushing to B2 ...
[2026-07-27 08:52:22] [disk_guard] verify: could not hash local file: /data/jehc223/RGCL/logging/Retrieval/MHC_zh/errpat_zh_remint_v2/RAC_lr0.0001_Bz64_Ep30_cosSim_triplet_drop[0.2, 0.4, 0.1]_topK20__PseudoGold_positive_1_hard_negative_1_seed0_hybrid_loss_Qwen2.5-VL-7B-Instruct-LoRA_HF/ckpt/epoch_model_13_0.8461538461538461.pt
[2026-07-27 08:52:22] [disk_guard]     ERROR: verify failed; local kept (safe): /data/jehc223/RGCL/logging/Retrieval/MHC_zh/errpat_zh_remint_v2/RAC_lr0.0001_Bz64_Ep30_cosSim_triplet_drop[0.2, 0.4, 0.1]_topK20__PseudoGold_positive_1_hard_negative_1_seed0_hybrid_loss_Qwen2.5-VL-7B-Instruct-LoRA_HF/ckpt/epoch_model_13_0.8461538461538461.pt
[2026-07-27 08:52:22] [disk_guard]   candidate: /data/jehc223/RGCL/logging/Retrieval/MHC_zh/errpat_zh_remint_v2/RAC_lr0.0001_Bz64_Ep30_cosSim_triplet_drop[0.2, 0.4, 0.1]_topK20__PseudoGold_positive_1_hard_negative_1_seed0_hybrid_loss_Qwen2.5-VL-7B-Instruct-LoRA_HF/ckpt/epoch_model_14_0.8461538461538461.pt
[2026-07-27 08:52:22] [disk_guard]     mtime=2026-07-26 22:38:58 size=40.03MB
[2026-07-27 08:52:22] [disk_guard]     -> b2 subpath: logs/Retrieval/MHC_zh/errpat_zh_remint_v2/RAC_lr0.0001_Bz64_Ep30_cosSim_triplet_drop[0.2, 0.4, 0.1]_topK20__PseudoGold_positive_1_hard_negative_1_seed0_hybrid_loss_Qwen2.5-VL-7B-Instruct-LoRA_HF/ckpt/epoch_model_14_0.8461538461538461.pt
[2026-07-27 08:52:22] [disk_guard]     pushing to B2 ...
[2026-07-27 08:52:32] [disk_guard] verify: OK sha1=c0b5d38568c1fa0a9310f5bcd7db81e0b9f8a428 matches at b2:junyi-data/RGCL_video/logs/Retrieval/MHC_zh/errpat_zh_remint_v2/RAC_lr0.0001_Bz64_Ep30_cosSim_triplet_drop[0.2, 0.4, 0.1]_topK20__PseudoGold_positive_1_hard_negative_1_seed0_hybrid_loss_Qwen2.5-VL-7B-Instruct-LoRA_HF/ckpt/epoch_model_14_0.8461538461538461.pt
[2026-07-27 08:52:32] [disk_guard]     PRUNED local (verified on B2): /data/jehc223/RGCL/logging/Retrieval/MHC_zh/errpat_zh_remint_v2/RAC_lr0.0001_Bz64_Ep30_cosSim_triplet_drop[0.2, 0.4, 0.1]_topK20__PseudoGold_positive_1_hard_negative_1_seed0_hybrid_loss_Qwen2.5-VL-7B-Instruct-LoRA_HF/ckpt/epoch_model_14_0.8461538461538461.pt  (freed 40.03MB)
[2026-07-27 08:52:32] [disk_guard]   candidate: /data/jehc223/RGCL/logging/Retrieval/MHC_zh/errpat_zh_remint_v2/RAC_lr0.0001_Bz64_Ep30_cosSim_triplet_drop[0.2, 0.4, 0.1]_topK20__PseudoGold_positive_1_hard_negative_1_seed0_hybrid_loss_Qwen2.5-VL-7B-Instruct-LoRA_HF/ckpt/epoch_model_15_0.8589743589743589.pt
[2026-07-27 08:52:32] [disk_guard]     mtime=2026-07-26 22:39:00 size=40.03MB
[2026-07-27 08:52:32] [disk_guard]     -> b2 subpath: logs/Retrieval/MHC_zh/errpat_zh_remint_v2/RAC_lr0.0001_Bz64_Ep30_cosSim_triplet_drop[0.2, 0.4, 0.1]_topK20__PseudoGold_positive_1_hard_negative_1_seed0_hybrid_loss_Qwen2.5-VL-7B-Instruct-LoRA_HF/ckpt/epoch_model_15_0.8589743589743589.pt
[2026-07-27 08:52:32] [disk_guard]     pushing to B2 ...
[2026-07-27 08:52:42] [disk_guard] verify: OK sha1=ea791a8e3b9dc571a85387569f7271636668d493 matches at b2:junyi-data/RGCL_video/logs/Retrieval/MHC_zh/errpat_zh_remint_v2/RAC_lr0.0001_Bz64_Ep30_cosSim_triplet_drop[0.2, 0.4, 0.1]_topK20__PseudoGold_positive_1_hard_negative_1_seed0_hybrid_loss_Qwen2.5-VL-7B-Instruct-LoRA_HF/ckpt/epoch_model_15_0.8589743589743589.pt
[2026-07-27 08:52:42] [disk_guard]     PRUNED local (verified on B2): /data/jehc223/RGCL/logging/Retrieval/MHC_zh/errpat_zh_remint_v2/RAC_lr0.0001_Bz64_Ep30_cosSim_triplet_drop[0.2, 0.4, 0.1]_topK20__PseudoGold_positive_1_hard_negative_1_seed0_hybrid_loss_Qwen2.5-VL-7B-Instruct-LoRA_HF/ckpt/epoch_model_15_0.8589743589743589.pt  (freed 40.03MB)
[2026-07-27 08:52:42] [disk_guard]   candidate: /data/jehc223/RGCL/logging/Retrieval/MHC_zh/errpat_zh_remint_v2/RAC_lr0.0001_Bz64_Ep30_cosSim_triplet_drop[0.2, 0.4, 0.1]_topK20__PseudoGold_positive_1_hard_negative_1_seed0_hybrid_loss_Qwen2.5-VL-7B-Instruct-LoRA_HF/ckpt/epoch_model_16_0.8205128205128205.pt
[2026-07-27 08:52:42] [disk_guard]     mtime=2026-07-26 22:39:01 size=40.03MB
[2026-07-27 08:52:42] [disk_guard]     -> b2 subpath: logs/Retrieval/MHC_zh/errpat_zh_remint_v2/RAC_lr0.0001_Bz64_Ep30_cosSim_triplet_drop[0.2, 0.4, 0.1]_topK20__PseudoGold_positive_1_hard_negative_1_seed0_hybrid_loss_Qwen2.5-VL-7B-Instruct-LoRA_HF/ckpt/epoch_model_16_0.8205128205128205.pt
[2026-07-27 08:52:42] [disk_guard]     pushing to B2 ...
[2026-07-27 08:52:52] [disk_guard] verify: OK sha1=eb43a2d2663106ed9384e96f8d4dbbbf173d7fef matches at b2:junyi-data/RGCL_video/logs/Retrieval/MHC_zh/errpat_zh_remint_v2/RAC_lr0.0001_Bz64_Ep30_cosSim_triplet_drop[0.2, 0.4, 0.1]_topK20__PseudoGold_positive_1_hard_negative_1_seed0_hybrid_loss_Qwen2.5-VL-7B-Instruct-LoRA_HF/ckpt/epoch_model_16_0.8205128205128205.pt
[2026-07-27 08:52:52] [disk_guard]     PRUNED local (verified on B2): /data/jehc223/RGCL/logging/Retrieval/MHC_zh/errpat_zh_remint_v2/RAC_lr0.0001_Bz64_Ep30_cosSim_triplet_drop[0.2, 0.4, 0.1]_topK20__PseudoGold_positive_1_hard_negative_1_seed0_hybrid_loss_Qwen2.5-VL-7B-Instruct-LoRA_HF/ckpt/epoch_model_16_0.8205128205128205.pt  (freed 40.03MB)
[2026-07-27 08:52:52] [disk_guard]   candidate: /data/jehc223/RGCL/logging/Retrieval/MHC_zh/errpat_zh_remint_v2/RAC_lr0.0001_Bz64_Ep30_cosSim_triplet_drop[0.2, 0.4, 0.1]_topK20__PseudoGold_positive_1_hard_negative_1_seed0_hybrid_loss_Qwen2.5-VL-7B-Instruct-LoRA_HF/ckpt/epoch_model_17_0.8717948717948718.pt
[2026-07-27 08:52:52] [disk_guard]     mtime=2026-07-26 22:39:02 size=40.03MB
[2026-07-27 08:52:52] [disk_guard]     -> b2 subpath: logs/Retrieval/MHC_zh/errpat_zh_remint_v2/RAC_lr0.0001_Bz64_Ep30_cosSim_triplet_drop[0.2, 0.4, 0.1]_topK20__PseudoGold_positive_1_hard_negative_1_seed0_hybrid_loss_Qwen2.5-VL-7B-Instruct-LoRA_HF/ckpt/epoch_model_17_0.8717948717948718.pt
[2026-07-27 08:52:52] [disk_guard]     pushing to B2 ...
[2026-07-27 08:53:02] [disk_guard] verify: OK sha1=2733b60346bde9bab27f03ba7ce5bd4e2e758595 matches at b2:junyi-data/RGCL_video/logs/Retrieval/MHC_zh/errpat_zh_remint_v2/RAC_lr0.0001_Bz64_Ep30_cosSim_triplet_drop[0.2, 0.4, 0.1]_topK20__PseudoGold_positive_1_hard_negative_1_seed0_hybrid_loss_Qwen2.5-VL-7B-Instruct-LoRA_HF/ckpt/epoch_model_17_0.8717948717948718.pt
[2026-07-27 08:53:02] [disk_guard]     PRUNED local (verified on B2): /data/jehc223/RGCL/logging/Retrieval/MHC_zh/errpat_zh_remint_v2/RAC_lr0.0001_Bz64_Ep30_cosSim_triplet_drop[0.2, 0.4, 0.1]_topK20__PseudoGold_positive_1_hard_negative_1_seed0_hybrid_loss_Qwen2.5-VL-7B-Instruct-LoRA_HF/ckpt/epoch_model_17_0.8717948717948718.pt  (freed 40.03MB)
[2026-07-27 08:53:02] [disk_guard]   candidate: /data/jehc223/RGCL/logging/Retrieval/MHC_zh/errpat_zh_remint_v2/RAC_lr0.0001_Bz64_Ep30_cosSim_triplet_drop[0.2, 0.4, 0.1]_topK20__PseudoGold_positive_1_hard_negative_1_seed0_hybrid_loss_Qwen2.5-VL-7B-Instruct-LoRA_HF/ckpt/epoch_model_18_0.8717948717948718.pt
[2026-07-27 08:53:02] [disk_guard]     mtime=2026-07-26 22:39:04 size=40.03MB
[2026-07-27 08:53:02] [disk_guard]     -> b2 subpath: logs/Retrieval/MHC_zh/errpat_zh_remint_v2/RAC_lr0.0001_Bz64_Ep30_cosSim_triplet_drop[0.2, 0.4, 0.1]_topK20__PseudoGold_positive_1_hard_negative_1_seed0_hybrid_loss_Qwen2.5-VL-7B-Instruct-LoRA_HF/ckpt/epoch_model_18_0.8717948717948718.pt
[2026-07-27 08:53:02] [disk_guard]     pushing to B2 ...
[2026-07-27 08:53:11] [disk_guard] verify: OK sha1=53bc69412916544fe5b5043d8fad41e2ea8843df matches at b2:junyi-data/RGCL_video/logs/Retrieval/MHC_zh/errpat_zh_remint_v2/RAC_lr0.0001_Bz64_Ep30_cosSim_triplet_drop[0.2, 0.4, 0.1]_topK20__PseudoGold_positive_1_hard_negative_1_seed0_hybrid_loss_Qwen2.5-VL-7B-Instruct-LoRA_HF/ckpt/epoch_model_18_0.8717948717948718.pt
[2026-07-27 08:53:11] [disk_guard]     PRUNED local (verified on B2): /data/jehc223/RGCL/logging/Retrieval/MHC_zh/errpat_zh_remint_v2/RAC_lr0.0001_Bz64_Ep30_cosSim_triplet_drop[0.2, 0.4, 0.1]_topK20__PseudoGold_positive_1_hard_negative_1_seed0_hybrid_loss_Qwen2.5-VL-7B-Instruct-LoRA_HF/ckpt/epoch_model_18_0.8717948717948718.pt  (freed 40.03MB)
[2026-07-27 08:53:11] [disk_guard]   candidate: /data/jehc223/RGCL/logging/Retrieval/MHC_zh/errpat_zh_remint_v2/RAC_lr0.0001_Bz64_Ep30_cosSim_triplet_drop[0.2, 0.4, 0.1]_topK20__PseudoGold_positive_1_hard_negative_1_seed0_hybrid_loss_Qwen2.5-VL-7B-Instruct-LoRA_HF/ckpt/epoch_model_19_0.8589743589743589.pt
[2026-07-27 08:53:11] [disk_guard]     mtime=2026-07-26 22:39:05 size=40.03MB
[2026-07-27 08:53:11] [disk_guard]     -> b2 subpath: logs/Retrieval/MHC_zh/errpat_zh_remint_v2/RAC_lr0.0001_Bz64_Ep30_cosSim_triplet_drop[0.2, 0.4, 0.1]_topK20__PseudoGold_positive_1_hard_negative_1_seed0_hybrid_loss_Qwen2.5-VL-7B-Instruct-LoRA_HF/ckpt/epoch_model_19_0.8589743589743589.pt
[2026-07-27 08:53:11] [disk_guard]     pushing to B2 ...
[2026-07-27 08:53:21] [disk_guard] verify: OK sha1=ac28474fdd4ed57935b02c00aa4bbc58a17615dc matches at b2:junyi-data/RGCL_video/logs/Retrieval/MHC_zh/errpat_zh_remint_v2/RAC_lr0.0001_Bz64_Ep30_cosSim_triplet_drop[0.2, 0.4, 0.1]_topK20__PseudoGold_positive_1_hard_negative_1_seed0_hybrid_loss_Qwen2.5-VL-7B-Instruct-LoRA_HF/ckpt/epoch_model_19_0.8589743589743589.pt
[2026-07-27 08:53:21] [disk_guard]     PRUNED local (verified on B2): /data/jehc223/RGCL/logging/Retrieval/MHC_zh/errpat_zh_remint_v2/RAC_lr0.0001_Bz64_Ep30_cosSim_triplet_drop[0.2, 0.4, 0.1]_topK20__PseudoGold_positive_1_hard_negative_1_seed0_hybrid_loss_Qwen2.5-VL-7B-Instruct-LoRA_HF/ckpt/epoch_model_19_0.8589743589743589.pt  (freed 40.03MB)
[2026-07-27 08:53:21] [disk_guard]   candidate: /data/jehc223/RGCL/logging/Retrieval/MHC_zh/errpat_zh_remint_v2/RAC_lr0.0001_Bz64_Ep30_cosSim_triplet_drop[0.2, 0.4, 0.1]_topK20__PseudoGold_positive_1_hard_negative_1_seed0_hybrid_loss_Qwen2.5-VL-7B-Instruct-LoRA_HF/ckpt/epoch_model_20_0.8589743589743589.pt
[2026-07-27 08:53:21] [disk_guard]     mtime=2026-07-26 22:39:06 size=40.03MB
[2026-07-27 08:53:21] [disk_guard]     -> b2 subpath: logs/Retrieval/MHC_zh/errpat_zh_remint_v2/RAC_lr0.0001_Bz64_Ep30_cosSim_triplet_drop[0.2, 0.4, 0.1]_topK20__PseudoGold_positive_1_hard_negative_1_seed0_hybrid_loss_Qwen2.5-VL-7B-Instruct-LoRA_HF/ckpt/epoch_model_20_0.8589743589743589.pt
[2026-07-27 08:53:21] [disk_guard]     pushing to B2 ...
[2026-07-27 08:53:32] [disk_guard] verify: OK sha1=0735fb557b688e0e83743121034594b451b64b14 matches at b2:junyi-data/RGCL_video/logs/Retrieval/MHC_zh/errpat_zh_remint_v2/RAC_lr0.0001_Bz64_Ep30_cosSim_triplet_drop[0.2, 0.4, 0.1]_topK20__PseudoGold_positive_1_hard_negative_1_seed0_hybrid_loss_Qwen2.5-VL-7B-Instruct-LoRA_HF/ckpt/epoch_model_20_0.8589743589743589.pt
[2026-07-27 08:53:32] [disk_guard]     PRUNED local (verified on B2): /data/jehc223/RGCL/logging/Retrieval/MHC_zh/errpat_zh_remint_v2/RAC_lr0.0001_Bz64_Ep30_cosSim_triplet_drop[0.2, 0.4, 0.1]_topK20__PseudoGold_positive_1_hard_negative_1_seed0_hybrid_loss_Qwen2.5-VL-7B-Instruct-LoRA_HF/ckpt/epoch_model_20_0.8589743589743589.pt  (freed 40.03MB)
[2026-07-27 08:53:32] [disk_guard]   candidate: /data/jehc223/RGCL/logging/Retrieval/MHC_zh/errpat_zh_remint_v2/RAC_lr0.0001_Bz64_Ep30_cosSim_triplet_drop[0.2, 0.4, 0.1]_topK20__PseudoGold_positive_1_hard_negative_1_seed0_hybrid_loss_Qwen2.5-VL-7B-Instruct-LoRA_HF/ckpt/epoch_model_21_0.8461538461538461.pt
[2026-07-27 08:53:32] [disk_guard]     mtime=2026-07-26 22:39:08 size=40.03MB
[2026-07-27 08:53:32] [disk_guard]     -> b2 subpath: logs/Retrieval/MHC_zh/errpat_zh_remint_v2/RAC_lr0.0001_Bz64_Ep30_cosSim_triplet_drop[0.2, 0.4, 0.1]_topK20__PseudoGold_positive_1_hard_negative_1_seed0_hybrid_loss_Qwen2.5-VL-7B-Instruct-LoRA_HF/ckpt/epoch_model_21_0.8461538461538461.pt
[2026-07-27 08:53:32] [disk_guard]     pushing to B2 ...
[2026-07-27 08:53:42] [disk_guard] verify: OK sha1=c36874cb16b84fb3e3f8cabc7269a8bf69685a3f matches at b2:junyi-data/RGCL_video/logs/Retrieval/MHC_zh/errpat_zh_remint_v2/RAC_lr0.0001_Bz64_Ep30_cosSim_triplet_drop[0.2, 0.4, 0.1]_topK20__PseudoGold_positive_1_hard_negative_1_seed0_hybrid_loss_Qwen2.5-VL-7B-Instruct-LoRA_HF/ckpt/epoch_model_21_0.8461538461538461.pt
[2026-07-27 08:53:42] [disk_guard]     PRUNED local (verified on B2): /data/jehc223/RGCL/logging/Retrieval/MHC_zh/errpat_zh_remint_v2/RAC_lr0.0001_Bz64_Ep30_cosSim_triplet_drop[0.2, 0.4, 0.1]_topK20__PseudoGold_positive_1_hard_negative_1_seed0_hybrid_loss_Qwen2.5-VL-7B-Instruct-LoRA_HF/ckpt/epoch_model_21_0.8461538461538461.pt  (freed 40.03MB)
[2026-07-27 08:53:42] [disk_guard]   candidate: /data/jehc223/RGCL/logging/Retrieval/MHC_zh/errpat_zh_remint_v2/RAC_lr0.0001_Bz64_Ep30_cosSim_triplet_drop[0.2, 0.4, 0.1]_topK20__PseudoGold_positive_1_hard_negative_1_seed0_hybrid_loss_Qwen2.5-VL-7B-Instruct-LoRA_HF/ckpt/epoch_model_22_0.8717948717948718.pt
[2026-07-27 08:53:42] [disk_guard]     mtime=2026-07-26 22:39:09 size=40.03MB
[2026-07-27 08:53:42] [disk_guard]     -> b2 subpath: logs/Retrieval/MHC_zh/errpat_zh_remint_v2/RAC_lr0.0001_Bz64_Ep30_cosSim_triplet_drop[0.2, 0.4, 0.1]_topK20__PseudoGold_positive_1_hard_negative_1_seed0_hybrid_loss_Qwen2.5-VL-7B-Instruct-LoRA_HF/ckpt/epoch_model_22_0.8717948717948718.pt
[2026-07-27 08:53:42] [disk_guard]     pushing to B2 ...
[2026-07-27 08:53:51] [disk_guard] verify: OK sha1=790d8b2c5da0e15808c718cfb3fa83256fb57e37 matches at b2:junyi-data/RGCL_video/logs/Retrieval/MHC_zh/errpat_zh_remint_v2/RAC_lr0.0001_Bz64_Ep30_cosSim_triplet_drop[0.2, 0.4, 0.1]_topK20__PseudoGold_positive_1_hard_negative_1_seed0_hybrid_loss_Qwen2.5-VL-7B-Instruct-LoRA_HF/ckpt/epoch_model_22_0.8717948717948718.pt
[2026-07-27 08:53:51] [disk_guard]     PRUNED local (verified on B2): /data/jehc223/RGCL/logging/Retrieval/MHC_zh/errpat_zh_remint_v2/RAC_lr0.0001_Bz64_Ep30_cosSim_triplet_drop[0.2, 0.4, 0.1]_topK20__PseudoGold_positive_1_hard_negative_1_seed0_hybrid_loss_Qwen2.5-VL-7B-Instruct-LoRA_HF/ckpt/epoch_model_22_0.8717948717948718.pt  (freed 40.03MB)
[2026-07-27 08:53:51] [disk_guard]   candidate: /data/jehc223/RGCL/logging/Retrieval/MHC_zh/errpat_zh_remint_v2/RAC_lr0.0001_Bz64_Ep30_cosSim_triplet_drop[0.2, 0.4, 0.1]_topK20__PseudoGold_positive_1_hard_negative_1_seed0_hybrid_loss_Qwen2.5-VL-7B-Instruct-LoRA_HF/ckpt/epoch_model_23_0.8205128205128205.pt
[2026-07-27 08:53:51] [disk_guard]     mtime=2026-07-26 22:39:10 size=40.03MB
[2026-07-27 08:53:51] [disk_guard]     -> b2 subpath: logs/Retrieval/MHC_zh/errpat_zh_remint_v2/RAC_lr0.0001_Bz64_Ep30_cosSim_triplet_drop[0.2, 0.4, 0.1]_topK20__PseudoGold_positive_1_hard_negative_1_seed0_hybrid_loss_Qwen2.5-VL-7B-Instruct-LoRA_HF/ckpt/epoch_model_23_0.8205128205128205.pt
[2026-07-27 08:53:51] [disk_guard]     pushing to B2 ...
[2026-07-27 08:54:01] [disk_guard] verify: OK sha1=20643d646987b99ffea40122b03fa6b46f5e29d3 matches at b2:junyi-data/RGCL_video/logs/Retrieval/MHC_zh/errpat_zh_remint_v2/RAC_lr0.0001_Bz64_Ep30_cosSim_triplet_drop[0.2, 0.4, 0.1]_topK20__PseudoGold_positive_1_hard_negative_1_seed0_hybrid_loss_Qwen2.5-VL-7B-Instruct-LoRA_HF/ckpt/epoch_model_23_0.8205128205128205.pt
[2026-07-27 08:54:01] [disk_guard]     PRUNED local (verified on B2): /data/jehc223/RGCL/logging/Retrieval/MHC_zh/errpat_zh_remint_v2/RAC_lr0.0001_Bz64_Ep30_cosSim_triplet_drop[0.2, 0.4, 0.1]_topK20__PseudoGold_positive_1_hard_negative_1_seed0_hybrid_loss_Qwen2.5-VL-7B-Instruct-LoRA_HF/ckpt/epoch_model_23_0.8205128205128205.pt  (freed 40.03MB)
[2026-07-27 08:54:01] [disk_guard]   candidate: /data/jehc223/RGCL/logging/Retrieval/MHC_zh/errpat_zh_remint_v2/RAC_lr0.0001_Bz64_Ep30_cosSim_triplet_drop[0.2, 0.4, 0.1]_topK20__PseudoGold_positive_1_hard_negative_1_seed0_hybrid_loss_Qwen2.5-VL-7B-Instruct-LoRA_HF/ckpt/epoch_model_24_0.8205128205128205.pt
[2026-07-27 08:54:01] [disk_guard]     mtime=2026-07-26 22:39:12 size=40.03MB
[2026-07-27 08:54:01] [disk_guard]     -> b2 subpath: logs/Retrieval/MHC_zh/errpat_zh_remint_v2/RAC_lr0.0001_Bz64_Ep30_cosSim_triplet_drop[0.2, 0.4, 0.1]_topK20__PseudoGold_positive_1_hard_negative_1_seed0_hybrid_loss_Qwen2.5-VL-7B-Instruct-LoRA_HF/ckpt/epoch_model_24_0.8205128205128205.pt
[2026-07-27 08:54:01] [disk_guard]     pushing to B2 ...
[2026-07-27 08:54:12] [disk_guard] verify: OK sha1=62e751cf01280369dfaa0521225fec628e3fb38f matches at b2:junyi-data/RGCL_video/logs/Retrieval/MHC_zh/errpat_zh_remint_v2/RAC_lr0.0001_Bz64_Ep30_cosSim_triplet_drop[0.2, 0.4, 0.1]_topK20__PseudoGold_positive_1_hard_negative_1_seed0_hybrid_loss_Qwen2.5-VL-7B-Instruct-LoRA_HF/ckpt/epoch_model_24_0.8205128205128205.pt
[2026-07-27 08:54:12] [disk_guard]     PRUNED local (verified on B2): /data/jehc223/RGCL/logging/Retrieval/MHC_zh/errpat_zh_remint_v2/RAC_lr0.0001_Bz64_Ep30_cosSim_triplet_drop[0.2, 0.4, 0.1]_topK20__PseudoGold_positive_1_hard_negative_1_seed0_hybrid_loss_Qwen2.5-VL-7B-Instruct-LoRA_HF/ckpt/epoch_model_24_0.8205128205128205.pt  (freed 40.03MB)
[2026-07-27 08:54:12] [disk_guard]   candidate: /data/jehc223/RGCL/logging/Retrieval/MHC_zh/errpat_zh_remint_v2/RAC_lr0.0001_Bz64_Ep30_cosSim_triplet_drop[0.2, 0.4, 0.1]_topK20__PseudoGold_positive_1_hard_negative_1_seed0_hybrid_loss_Qwen2.5-VL-7B-Instruct-LoRA_HF/ckpt/epoch_model_25_0.8333333333333334.pt
[2026-07-27 08:54:12] [disk_guard]     mtime=2026-07-26 22:39:13 size=40.03MB
[2026-07-27 08:54:12] [disk_guard]     -> b2 subpath: logs/Retrieval/MHC_zh/errpat_zh_remint_v2/RAC_lr0.0001_Bz64_Ep30_cosSim_triplet_drop[0.2, 0.4, 0.1]_topK20__PseudoGold_positive_1_hard_negative_1_seed0_hybrid_loss_Qwen2.5-VL-7B-Instruct-LoRA_HF/ckpt/epoch_model_25_0.8333333333333334.pt
[2026-07-27 08:54:12] [disk_guard]     pushing to B2 ...
[2026-07-27 08:54:24] [disk_guard] verify: OK sha1=c27cd8a01e24632c24c5b44954ace2cd25dac714 matches at b2:junyi-data/RGCL_video/logs/Retrieval/MHC_zh/errpat_zh_remint_v2/RAC_lr0.0001_Bz64_Ep30_cosSim_triplet_drop[0.2, 0.4, 0.1]_topK20__PseudoGold_positive_1_hard_negative_1_seed0_hybrid_loss_Qwen2.5-VL-7B-Instruct-LoRA_HF/ckpt/epoch_model_25_0.8333333333333334.pt
[2026-07-27 08:54:24] [disk_guard]     PRUNED local (verified on B2): /data/jehc223/RGCL/logging/Retrieval/MHC_zh/errpat_zh_remint_v2/RAC_lr0.0001_Bz64_Ep30_cosSim_triplet_drop[0.2, 0.4, 0.1]_topK20__PseudoGold_positive_1_hard_negative_1_seed0_hybrid_loss_Qwen2.5-VL-7B-Instruct-LoRA_HF/ckpt/epoch_model_25_0.8333333333333334.pt  (freed 40.03MB)
[2026-07-27 08:54:24] [disk_guard]   candidate: /data/jehc223/RGCL/logging/Retrieval/MHC_zh/errpat_zh_remint_v2/RAC_lr0.0001_Bz64_Ep30_cosSim_triplet_drop[0.2, 0.4, 0.1]_topK20__PseudoGold_positive_1_hard_negative_1_seed0_hybrid_loss_Qwen2.5-VL-7B-Instruct-LoRA_HF/ckpt/epoch_model_26_0.8589743589743589.pt
[2026-07-27 08:54:24] [disk_guard]     mtime=2026-07-26 22:39:14 size=40.03MB
[2026-07-27 08:54:24] [disk_guard]     -> b2 subpath: logs/Retrieval/MHC_zh/errpat_zh_remint_v2/RAC_lr0.0001_Bz64_Ep30_cosSim_triplet_drop[0.2, 0.4, 0.1]_topK20__PseudoGold_positive_1_hard_negative_1_seed0_hybrid_loss_Qwen2.5-VL-7B-Instruct-LoRA_HF/ckpt/epoch_model_26_0.8589743589743589.pt
[2026-07-27 08:54:24] [disk_guard]     pushing to B2 ...
[2026-07-27 08:54:35] [disk_guard] verify: OK sha1=e8f0c7558f908708882fc32c32807a9bc80a00ed matches at b2:junyi-data/RGCL_video/logs/Retrieval/MHC_zh/errpat_zh_remint_v2/RAC_lr0.0001_Bz64_Ep30_cosSim_triplet_drop[0.2, 0.4, 0.1]_topK20__PseudoGold_positive_1_hard_negative_1_seed0_hybrid_loss_Qwen2.5-VL-7B-Instruct-LoRA_HF/ckpt/epoch_model_26_0.8589743589743589.pt
[2026-07-27 08:54:35] [disk_guard]     PRUNED local (verified on B2): /data/jehc223/RGCL/logging/Retrieval/MHC_zh/errpat_zh_remint_v2/RAC_lr0.0001_Bz64_Ep30_cosSim_triplet_drop[0.2, 0.4, 0.1]_topK20__PseudoGold_positive_1_hard_negative_1_seed0_hybrid_loss_Qwen2.5-VL-7B-Instruct-LoRA_HF/ckpt/epoch_model_26_0.8589743589743589.pt  (freed 40.03MB)
[2026-07-27 08:54:35] [disk_guard]   candidate: /data/jehc223/RGCL/logging/Retrieval/MHC_zh/errpat_zh_remint_v2/RAC_lr0.0001_Bz64_Ep30_cosSim_triplet_drop[0.2, 0.4, 0.1]_topK20__PseudoGold_positive_1_hard_negative_1_seed0_hybrid_loss_Qwen2.5-VL-7B-Instruct-LoRA_HF/ckpt/epoch_model_27_0.8589743589743589.pt
[2026-07-27 08:54:35] [disk_guard]     mtime=2026-07-26 22:39:16 size=40.03MB
[2026-07-27 08:54:35] [disk_guard]     -> b2 subpath: logs/Retrieval/MHC_zh/errpat_zh_remint_v2/RAC_lr0.0001_Bz64_Ep30_cosSim_triplet_drop[0.2, 0.4, 0.1]_topK20__PseudoGold_positive_1_hard_negative_1_seed0_hybrid_loss_Qwen2.5-VL-7B-Instruct-LoRA_HF/ckpt/epoch_model_27_0.8589743589743589.pt
[2026-07-27 08:54:35] [disk_guard]     pushing to B2 ...
[2026-07-27 08:54:44] [disk_guard]     ERROR: push failed; NOT deleting local. Skipping.
[2026-07-27 08:54:44] [disk_guard]   candidate: /data/jehc223/RGCL/logging/Retrieval/MHC_zh/errpat_zh_remint_v2/RAC_lr0.0001_Bz64_Ep30_cosSim_triplet_drop[0.2, 0.4, 0.1]_topK20__PseudoGold_positive_1_hard_negative_1_seed0_hybrid_loss_Qwen2.5-VL-7B-Instruct-LoRA_HF/ckpt/epoch_model_28_0.8589743589743589.pt
[2026-07-27 08:54:45] [disk_guard]     mtime=2026-07-26 22:39:17 size=40.03MB
[2026-07-27 08:54:45] [disk_guard]     -> b2 subpath: logs/Retrieval/MHC_zh/errpat_zh_remint_v2/RAC_lr0.0001_Bz64_Ep30_cosSim_triplet_drop[0.2, 0.4, 0.1]_topK20__PseudoGold_positive_1_hard_negative_1_seed0_hybrid_loss_Qwen2.5-VL-7B-Instruct-LoRA_HF/ckpt/epoch_model_28_0.8589743589743589.pt
[2026-07-27 08:54:45] [disk_guard]     pushing to B2 ...
[2026-07-27 08:54:54] [disk_guard] verify: OK sha1=8daf93b23bdb1e200fe9a27202fe3c0f565e989a matches at b2:junyi-data/RGCL_video/logs/Retrieval/MHC_zh/errpat_zh_remint_v2/RAC_lr0.0001_Bz64_Ep30_cosSim_triplet_drop[0.2, 0.4, 0.1]_topK20__PseudoGold_positive_1_hard_negative_1_seed0_hybrid_loss_Qwen2.5-VL-7B-Instruct-LoRA_HF/ckpt/epoch_model_28_0.8589743589743589.pt
[2026-07-27 08:54:54] [disk_guard]     PRUNED local (verified on B2): /data/jehc223/RGCL/logging/Retrieval/MHC_zh/errpat_zh_remint_v2/RAC_lr0.0001_Bz64_Ep30_cosSim_triplet_drop[0.2, 0.4, 0.1]_topK20__PseudoGold_positive_1_hard_negative_1_seed0_hybrid_loss_Qwen2.5-VL-7B-Instruct-LoRA_HF/ckpt/epoch_model_28_0.8589743589743589.pt  (freed 40.03MB)
[2026-07-27 08:54:54] [disk_guard]   candidate: /data/jehc223/RGCL/logging/Retrieval/MHC_zh/errpat_zh_remint_v2/RAC_lr0.0001_Bz64_Ep30_cosSim_triplet_drop[0.2, 0.4, 0.1]_topK20__PseudoGold_positive_1_hard_negative_1_seed0_hybrid_loss_Qwen2.5-VL-7B-Instruct-LoRA_HF/ckpt/epoch_model_29_0.8461538461538461.pt
[2026-07-27 08:54:54] [disk_guard]     mtime=2026-07-26 22:39:18 size=40.03MB
[2026-07-27 08:54:54] [disk_guard]     -> b2 subpath: logs/Retrieval/MHC_zh/errpat_zh_remint_v2/RAC_lr0.0001_Bz64_Ep30_cosSim_triplet_drop[0.2, 0.4, 0.1]_topK20__PseudoGold_positive_1_hard_negative_1_seed0_hybrid_loss_Qwen2.5-VL-7B-Instruct-LoRA_HF/ckpt/epoch_model_29_0.8461538461538461.pt
[2026-07-27 08:54:54] [disk_guard]     pushing to B2 ...
[2026-07-27 08:55:05] [disk_guard] verify: OK sha1=6d6bdf19a7ff1acff174dcf80e992ef32540cd32 matches at b2:junyi-data/RGCL_video/logs/Retrieval/MHC_zh/errpat_zh_remint_v2/RAC_lr0.0001_Bz64_Ep30_cosSim_triplet_drop[0.2, 0.4, 0.1]_topK20__PseudoGold_positive_1_hard_negative_1_seed0_hybrid_loss_Qwen2.5-VL-7B-Instruct-LoRA_HF/ckpt/epoch_model_29_0.8461538461538461.pt
[2026-07-27 08:55:05] [disk_guard]     PRUNED local (verified on B2): /data/jehc223/RGCL/logging/Retrieval/MHC_zh/errpat_zh_remint_v2/RAC_lr0.0001_Bz64_Ep30_cosSim_triplet_drop[0.2, 0.4, 0.1]_topK20__PseudoGold_positive_1_hard_negative_1_seed0_hybrid_loss_Qwen2.5-VL-7B-Instruct-LoRA_HF/ckpt/epoch_model_29_0.8461538461538461.pt  (freed 40.03MB)
[2026-07-27 08:55:05] [disk_guard]   candidate: /data/jehc223/RGCL/logging/Retrieval/MHC_zh/errpat_zh_remint_v2/RAC_lr0.0001_Bz64_Ep30_cosSim_triplet_drop[0.2, 0.4, 0.1]_topK20__PseudoGold_positive_1_hard_negative_1_seed0_hybrid_loss_Qwen2.5-VL-7B-Instruct-LoRA_HF/ckpt/last_model_29_0.8461538461538461.pt
[2026-07-27 08:55:05] [disk_guard]     mtime=2026-07-26 22:39:18 size=40.03MB
[2026-07-27 08:55:05] [disk_guard]     -> b2 subpath: logs/Retrieval/MHC_zh/errpat_zh_remint_v2/RAC_lr0.0001_Bz64_Ep30_cosSim_triplet_drop[0.2, 0.4, 0.1]_topK20__PseudoGold_positive_1_hard_negative_1_seed0_hybrid_loss_Qwen2.5-VL-7B-Instruct-LoRA_HF/ckpt/last_model_29_0.8461538461538461.pt
[2026-07-27 08:55:05] [disk_guard]     pushing to B2 ...
[2026-07-27 08:55:15] [disk_guard] verify: OK sha1=d846a0f82d2a8e1993f0a39a462b590ddc8253b9 matches at b2:junyi-data/RGCL_video/logs/Retrieval/MHC_zh/errpat_zh_remint_v2/RAC_lr0.0001_Bz64_Ep30_cosSim_triplet_drop[0.2, 0.4, 0.1]_topK20__PseudoGold_positive_1_hard_negative_1_seed0_hybrid_loss_Qwen2.5-VL-7B-Instruct-LoRA_HF/ckpt/last_model_29_0.8461538461538461.pt
[2026-07-27 08:55:15] [disk_guard]     PRUNED local (verified on B2): /data/jehc223/RGCL/logging/Retrieval/MHC_zh/errpat_zh_remint_v2/RAC_lr0.0001_Bz64_Ep30_cosSim_triplet_drop[0.2, 0.4, 0.1]_topK20__PseudoGold_positive_1_hard_negative_1_seed0_hybrid_loss_Qwen2.5-VL-7B-Instruct-LoRA_HF/ckpt/last_model_29_0.8461538461538461.pt  (freed 40.03MB)
[2026-07-27 08:55:15] [disk_guard]   candidate: /data/jehc223/RGCL/logging/Retrieval/MHC_zh/errpat_zh_remint_v2/RAC_lr0.0001_Bz64_Ep30_cosSim_triplet_drop[0.2, 0.4, 0.1]_topK20__PseudoGold_positive_1_hard_negative_1_seed1_hybrid_loss_Qwen2.5-VL-7B-Instruct-LoRA_HF/ckpt/epoch_model_0_0.8333333333333334.pt
[2026-07-27 08:55:15] [disk_guard]     mtime=2026-07-26 22:39:20 size=40.03MB
[2026-07-27 08:55:15] [disk_guard]     -> b2 subpath: logs/Retrieval/MHC_zh/errpat_zh_remint_v2/RAC_lr0.0001_Bz64_Ep30_cosSim_triplet_drop[0.2, 0.4, 0.1]_topK20__PseudoGold_positive_1_hard_negative_1_seed1_hybrid_loss_Qwen2.5-VL-7B-Instruct-LoRA_HF/ckpt/epoch_model_0_0.8333333333333334.pt
[2026-07-27 08:55:15] [disk_guard]     pushing to B2 ...
[2026-07-27 08:55:25] [disk_guard] verify: OK sha1=72274751d7726a6597370ce44302244e339a82d4 matches at b2:junyi-data/RGCL_video/logs/Retrieval/MHC_zh/errpat_zh_remint_v2/RAC_lr0.0001_Bz64_Ep30_cosSim_triplet_drop[0.2, 0.4, 0.1]_topK20__PseudoGold_positive_1_hard_negative_1_seed1_hybrid_loss_Qwen2.5-VL-7B-Instruct-LoRA_HF/ckpt/epoch_model_0_0.8333333333333334.pt
[2026-07-27 08:55:25] [disk_guard]     PRUNED local (verified on B2): /data/jehc223/RGCL/logging/Retrieval/MHC_zh/errpat_zh_remint_v2/RAC_lr0.0001_Bz64_Ep30_cosSim_triplet_drop[0.2, 0.4, 0.1]_topK20__PseudoGold_positive_1_hard_negative_1_seed1_hybrid_loss_Qwen2.5-VL-7B-Instruct-LoRA_HF/ckpt/epoch_model_0_0.8333333333333334.pt  (freed 40.03MB)
[2026-07-27 08:55:25] [disk_guard]   candidate: /data/jehc223/RGCL/logging/Retrieval/MHC_zh/errpat_zh_remint_v2/RAC_lr0.0001_Bz64_Ep30_cosSim_triplet_drop[0.2, 0.4, 0.1]_topK20__PseudoGold_positive_1_hard_negative_1_seed1_hybrid_loss_Qwen2.5-VL-7B-Instruct-LoRA_HF/ckpt/epoch_model_1_0.8076923076923077.pt
[2026-07-27 08:55:25] [disk_guard]     mtime=2026-07-26 22:39:21 size=40.03MB
[2026-07-27 08:55:25] [disk_guard]     -> b2 subpath: logs/Retrieval/MHC_zh/errpat_zh_remint_v2/RAC_lr0.0001_Bz64_Ep30_cosSim_triplet_drop[0.2, 0.4, 0.1]_topK20__PseudoGold_positive_1_hard_negative_1_seed1_hybrid_loss_Qwen2.5-VL-7B-Instruct-LoRA_HF/ckpt/epoch_model_1_0.8076923076923077.pt
[2026-07-27 08:55:25] [disk_guard]     pushing to B2 ...
[2026-07-27 08:55:35] [disk_guard]     ERROR: push failed; NOT deleting local. Skipping.
[2026-07-27 08:55:35] [disk_guard]   candidate: /data/jehc223/RGCL/logging/Retrieval/MHC_zh/errpat_zh_remint_v2/RAC_lr0.0001_Bz64_Ep30_cosSim_triplet_drop[0.2, 0.4, 0.1]_topK20__PseudoGold_positive_1_hard_negative_1_seed1_hybrid_loss_Qwen2.5-VL-7B-Instruct-LoRA_HF/ckpt/epoch_model_2_0.8461538461538461.pt
[2026-07-27 08:55:35] [disk_guard]     mtime=2026-07-26 22:39:22 size=40.03MB
[2026-07-27 08:55:35] [disk_guard]     -> b2 subpath: logs/Retrieval/MHC_zh/errpat_zh_remint_v2/RAC_lr0.0001_Bz64_Ep30_cosSim_triplet_drop[0.2, 0.4, 0.1]_topK20__PseudoGold_positive_1_hard_negative_1_seed1_hybrid_loss_Qwen2.5-VL-7B-Instruct-LoRA_HF/ckpt/epoch_model_2_0.8461538461538461.pt
[2026-07-27 08:55:35] [disk_guard]     pushing to B2 ...
[2026-07-27 08:55:44] [disk_guard] verify: OK sha1=d709d498308be7e4b6d6e9f8644d49d0a1757f0b matches at b2:junyi-data/RGCL_video/logs/Retrieval/MHC_zh/errpat_zh_remint_v2/RAC_lr0.0001_Bz64_Ep30_cosSim_triplet_drop[0.2, 0.4, 0.1]_topK20__PseudoGold_positive_1_hard_negative_1_seed1_hybrid_loss_Qwen2.5-VL-7B-Instruct-LoRA_HF/ckpt/epoch_model_2_0.8461538461538461.pt
[2026-07-27 08:55:44] [disk_guard]     PRUNED local (verified on B2): /data/jehc223/RGCL/logging/Retrieval/MHC_zh/errpat_zh_remint_v2/RAC_lr0.0001_Bz64_Ep30_cosSim_triplet_drop[0.2, 0.4, 0.1]_topK20__PseudoGold_positive_1_hard_negative_1_seed1_hybrid_loss_Qwen2.5-VL-7B-Instruct-LoRA_HF/ckpt/epoch_model_2_0.8461538461538461.pt  (freed 40.03MB)
[2026-07-27 08:55:44] [disk_guard]   candidate: /data/jehc223/RGCL/logging/Retrieval/MHC_zh/errpat_zh_remint_v2/RAC_lr0.0001_Bz64_Ep30_cosSim_triplet_drop[0.2, 0.4, 0.1]_topK20__PseudoGold_positive_1_hard_negative_1_seed1_hybrid_loss_Qwen2.5-VL-7B-Instruct-LoRA_HF/ckpt/epoch_model_3_0.8333333333333334.pt
[2026-07-27 08:55:44] [disk_guard]     mtime=2026-07-26 22:39:24 size=40.03MB
[2026-07-27 08:55:44] [disk_guard]     -> b2 subpath: logs/Retrieval/MHC_zh/errpat_zh_remint_v2/RAC_lr0.0001_Bz64_Ep30_cosSim_triplet_drop[0.2, 0.4, 0.1]_topK20__PseudoGold_positive_1_hard_negative_1_seed1_hybrid_loss_Qwen2.5-VL-7B-Instruct-LoRA_HF/ckpt/epoch_model_3_0.8333333333333334.pt
[2026-07-27 08:55:44] [disk_guard]     pushing to B2 ...
[2026-07-27 08:55:55] [disk_guard] verify: OK sha1=a4dc71641bb0c07c3c61556f1cc207e62218853f matches at b2:junyi-data/RGCL_video/logs/Retrieval/MHC_zh/errpat_zh_remint_v2/RAC_lr0.0001_Bz64_Ep30_cosSim_triplet_drop[0.2, 0.4, 0.1]_topK20__PseudoGold_positive_1_hard_negative_1_seed1_hybrid_loss_Qwen2.5-VL-7B-Instruct-LoRA_HF/ckpt/epoch_model_3_0.8333333333333334.pt
[2026-07-27 08:55:55] [disk_guard]     PRUNED local (verified on B2): /data/jehc223/RGCL/logging/Retrieval/MHC_zh/errpat_zh_remint_v2/RAC_lr0.0001_Bz64_Ep30_cosSim_triplet_drop[0.2, 0.4, 0.1]_topK20__PseudoGold_positive_1_hard_negative_1_seed1_hybrid_loss_Qwen2.5-VL-7B-Instruct-LoRA_HF/ckpt/epoch_model_3_0.8333333333333334.pt  (freed 40.03MB)
[2026-07-27 08:55:55] [disk_guard]   candidate: /data/jehc223/RGCL/logging/Retrieval/MHC_zh/errpat_zh_remint_v2/RAC_lr0.0001_Bz64_Ep30_cosSim_triplet_drop[0.2, 0.4, 0.1]_topK20__PseudoGold_positive_1_hard_negative_1_seed1_hybrid_loss_Qwen2.5-VL-7B-Instruct-LoRA_HF/ckpt/epoch_model_4_0.8461538461538461.pt
[2026-07-27 08:55:55] [disk_guard]     mtime=2026-07-26 22:39:25 size=40.03MB
[2026-07-27 08:55:55] [disk_guard]     -> b2 subpath: logs/Retrieval/MHC_zh/errpat_zh_remint_v2/RAC_lr0.0001_Bz64_Ep30_cosSim_triplet_drop[0.2, 0.4, 0.1]_topK20__PseudoGold_positive_1_hard_negative_1_seed1_hybrid_loss_Qwen2.5-VL-7B-Instruct-LoRA_HF/ckpt/epoch_model_4_0.8461538461538461.pt
[2026-07-27 08:55:55] [disk_guard]     pushing to B2 ...
[2026-07-27 08:56:07] [disk_guard] verify: OK sha1=48328fdaf936bbe19a4b60aa8f8b6ba66e37c0ff matches at b2:junyi-data/RGCL_video/logs/Retrieval/MHC_zh/errpat_zh_remint_v2/RAC_lr0.0001_Bz64_Ep30_cosSim_triplet_drop[0.2, 0.4, 0.1]_topK20__PseudoGold_positive_1_hard_negative_1_seed1_hybrid_loss_Qwen2.5-VL-7B-Instruct-LoRA_HF/ckpt/epoch_model_4_0.8461538461538461.pt
[2026-07-27 08:56:07] [disk_guard]     PRUNED local (verified on B2): /data/jehc223/RGCL/logging/Retrieval/MHC_zh/errpat_zh_remint_v2/RAC_lr0.0001_Bz64_Ep30_cosSim_triplet_drop[0.2, 0.4, 0.1]_topK20__PseudoGold_positive_1_hard_negative_1_seed1_hybrid_loss_Qwen2.5-VL-7B-Instruct-LoRA_HF/ckpt/epoch_model_4_0.8461538461538461.pt  (freed 40.03MB)
[2026-07-27 08:56:07] [disk_guard]   candidate: /data/jehc223/RGCL/logging/Retrieval/MHC_zh/errpat_zh_remint_v2/RAC_lr0.0001_Bz64_Ep30_cosSim_triplet_drop[0.2, 0.4, 0.1]_topK20__PseudoGold_positive_1_hard_negative_1_seed1_hybrid_loss_Qwen2.5-VL-7B-Instruct-LoRA_HF/ckpt/epoch_model_5_0.8589743589743589.pt
[2026-07-27 08:56:07] [disk_guard]     mtime=2026-07-26 22:39:26 size=40.03MB
[2026-07-27 08:56:07] [disk_guard]     -> b2 subpath: logs/Retrieval/MHC_zh/errpat_zh_remint_v2/RAC_lr0.0001_Bz64_Ep30_cosSim_triplet_drop[0.2, 0.4, 0.1]_topK20__PseudoGold_positive_1_hard_negative_1_seed1_hybrid_loss_Qwen2.5-VL-7B-Instruct-LoRA_HF/ckpt/epoch_model_5_0.8589743589743589.pt
[2026-07-27 08:56:07] [disk_guard]     pushing to B2 ...
[2026-07-27 08:56:18] [disk_guard] verify: OK sha1=5bfa1dc157e04c16e9a9853397cbef6b80ffaaf4 matches at b2:junyi-data/RGCL_video/logs/Retrieval/MHC_zh/errpat_zh_remint_v2/RAC_lr0.0001_Bz64_Ep30_cosSim_triplet_drop[0.2, 0.4, 0.1]_topK20__PseudoGold_positive_1_hard_negative_1_seed1_hybrid_loss_Qwen2.5-VL-7B-Instruct-LoRA_HF/ckpt/epoch_model_5_0.8589743589743589.pt
[2026-07-27 08:56:18] [disk_guard]     PRUNED local (verified on B2): /data/jehc223/RGCL/logging/Retrieval/MHC_zh/errpat_zh_remint_v2/RAC_lr0.0001_Bz64_Ep30_cosSim_triplet_drop[0.2, 0.4, 0.1]_topK20__PseudoGold_positive_1_hard_negative_1_seed1_hybrid_loss_Qwen2.5-VL-7B-Instruct-LoRA_HF/ckpt/epoch_model_5_0.8589743589743589.pt  (freed 40.03MB)
[2026-07-27 08:56:18] [disk_guard]   candidate: /data/jehc223/RGCL/logging/Retrieval/MHC_zh/errpat_zh_remint_v2/RAC_lr0.0001_Bz64_Ep30_cosSim_triplet_drop[0.2, 0.4, 0.1]_topK20__PseudoGold_positive_1_hard_negative_1_seed1_hybrid_loss_Qwen2.5-VL-7B-Instruct-LoRA_HF/ckpt/best_model_5_0.8589743589743589.pt
[2026-07-27 08:56:18] [disk_guard]     mtime=2026-07-26 22:39:26 size=40.03MB
[2026-07-27 08:56:18] [disk_guard]     -> b2 subpath: logs/Retrieval/MHC_zh/errpat_zh_remint_v2/RAC_lr0.0001_Bz64_Ep30_cosSim_triplet_drop[0.2, 0.4, 0.1]_topK20__PseudoGold_positive_1_hard_negative_1_seed1_hybrid_loss_Qwen2.5-VL-7B-Instruct-LoRA_HF/ckpt/best_model_5_0.8589743589743589.pt
[2026-07-27 08:56:18] [disk_guard]     pushing to B2 ...
[2026-07-27 08:56:28] [disk_guard] verify: OK sha1=c5f6da9b8a8aa0f170a06379a3380f4623d8eb71 matches at b2:junyi-data/RGCL_video/logs/Retrieval/MHC_zh/errpat_zh_remint_v2/RAC_lr0.0001_Bz64_Ep30_cosSim_triplet_drop[0.2, 0.4, 0.1]_topK20__PseudoGold_positive_1_hard_negative_1_seed1_hybrid_loss_Qwen2.5-VL-7B-Instruct-LoRA_HF/ckpt/best_model_5_0.8589743589743589.pt
[2026-07-27 08:56:28] [disk_guard]     PRUNED local (verified on B2): /data/jehc223/RGCL/logging/Retrieval/MHC_zh/errpat_zh_remint_v2/RAC_lr0.0001_Bz64_Ep30_cosSim_triplet_drop[0.2, 0.4, 0.1]_topK20__PseudoGold_positive_1_hard_negative_1_seed1_hybrid_loss_Qwen2.5-VL-7B-Instruct-LoRA_HF/ckpt/best_model_5_0.8589743589743589.pt  (freed 40.03MB)
[2026-07-27 08:56:28] [disk_guard]   candidate: /data/jehc223/RGCL/logging/Retrieval/MHC_zh/errpat_zh_remint_v2/RAC_lr0.0001_Bz64_Ep30_cosSim_triplet_drop[0.2, 0.4, 0.1]_topK20__PseudoGold_positive_1_hard_negative_1_seed1_hybrid_loss_Qwen2.5-VL-7B-Instruct-LoRA_HF/ckpt/epoch_model_6_0.8461538461538461.pt
[2026-07-27 08:56:28] [disk_guard]     mtime=2026-07-26 22:39:28 size=40.03MB
[2026-07-27 08:56:28] [disk_guard]     -> b2 subpath: logs/Retrieval/MHC_zh/errpat_zh_remint_v2/RAC_lr0.0001_Bz64_Ep30_cosSim_triplet_drop[0.2, 0.4, 0.1]_topK20__PseudoGold_positive_1_hard_negative_1_seed1_hybrid_loss_Qwen2.5-VL-7B-Instruct-LoRA_HF/ckpt/epoch_model_6_0.8461538461538461.pt
[2026-07-27 08:56:28] [disk_guard]     pushing to B2 ...
[2026-07-27 08:56:38] [disk_guard] verify: OK sha1=bb2c049540fef960c9bfe58de190c3362d7de2a5 matches at b2:junyi-data/RGCL_video/logs/Retrieval/MHC_zh/errpat_zh_remint_v2/RAC_lr0.0001_Bz64_Ep30_cosSim_triplet_drop[0.2, 0.4, 0.1]_topK20__PseudoGold_positive_1_hard_negative_1_seed1_hybrid_loss_Qwen2.5-VL-7B-Instruct-LoRA_HF/ckpt/epoch_model_6_0.8461538461538461.pt
[2026-07-27 08:56:38] [disk_guard]     PRUNED local (verified on B2): /data/jehc223/RGCL/logging/Retrieval/MHC_zh/errpat_zh_remint_v2/RAC_lr0.0001_Bz64_Ep30_cosSim_triplet_drop[0.2, 0.4, 0.1]_topK20__PseudoGold_positive_1_hard_negative_1_seed1_hybrid_loss_Qwen2.5-VL-7B-Instruct-LoRA_HF/ckpt/epoch_model_6_0.8461538461538461.pt  (freed 40.03MB)
[2026-07-27 08:56:38] [disk_guard]   candidate: /data/jehc223/RGCL/logging/Retrieval/MHC_zh/errpat_zh_remint_v2/RAC_lr0.0001_Bz64_Ep30_cosSim_triplet_drop[0.2, 0.4, 0.1]_topK20__PseudoGold_positive_1_hard_negative_1_seed1_hybrid_loss_Qwen2.5-VL-7B-Instruct-LoRA_HF/ckpt/epoch_model_7_0.8333333333333334.pt
[2026-07-27 08:56:39] [disk_guard]     mtime=2026-07-26 22:39:29 size=40.03MB
[2026-07-27 08:56:39] [disk_guard]     -> b2 subpath: logs/Retrieval/MHC_zh/errpat_zh_remint_v2/RAC_lr0.0001_Bz64_Ep30_cosSim_triplet_drop[0.2, 0.4, 0.1]_topK20__PseudoGold_positive_1_hard_negative_1_seed1_hybrid_loss_Qwen2.5-VL-7B-Instruct-LoRA_HF/ckpt/epoch_model_7_0.8333333333333334.pt
[2026-07-27 08:56:39] [disk_guard]     pushing to B2 ...
[2026-07-27 08:56:49] [disk_guard] verify: OK sha1=c47ca3d9aa8ad3e0f40d1cf69a167a9d4938ad80 matches at b2:junyi-data/RGCL_video/logs/Retrieval/MHC_zh/errpat_zh_remint_v2/RAC_lr0.0001_Bz64_Ep30_cosSim_triplet_drop[0.2, 0.4, 0.1]_topK20__PseudoGold_positive_1_hard_negative_1_seed1_hybrid_loss_Qwen2.5-VL-7B-Instruct-LoRA_HF/ckpt/epoch_model_7_0.8333333333333334.pt
[2026-07-27 08:56:49] [disk_guard]     PRUNED local (verified on B2): /data/jehc223/RGCL/logging/Retrieval/MHC_zh/errpat_zh_remint_v2/RAC_lr0.0001_Bz64_Ep30_cosSim_triplet_drop[0.2, 0.4, 0.1]_topK20__PseudoGold_positive_1_hard_negative_1_seed1_hybrid_loss_Qwen2.5-VL-7B-Instruct-LoRA_HF/ckpt/epoch_model_7_0.8333333333333334.pt  (freed 40.03MB)
[2026-07-27 08:56:49] [disk_guard]   candidate: /data/jehc223/RGCL/logging/Retrieval/MHC_zh/errpat_zh_remint_v2/RAC_lr0.0001_Bz64_Ep30_cosSim_triplet_drop[0.2, 0.4, 0.1]_topK20__PseudoGold_positive_1_hard_negative_1_seed1_hybrid_loss_Qwen2.5-VL-7B-Instruct-LoRA_HF/ckpt/epoch_model_8_0.8205128205128205.pt
[2026-07-27 08:56:49] [disk_guard]     mtime=2026-07-26 22:39:30 size=40.03MB
[2026-07-27 08:56:49] [disk_guard]     -> b2 subpath: logs/Retrieval/MHC_zh/errpat_zh_remint_v2/RAC_lr0.0001_Bz64_Ep30_cosSim_triplet_drop[0.2, 0.4, 0.1]_topK20__PseudoGold_positive_1_hard_negative_1_seed1_hybrid_loss_Qwen2.5-VL-7B-Instruct-LoRA_HF/ckpt/epoch_model_8_0.8205128205128205.pt
[2026-07-27 08:56:49] [disk_guard]     pushing to B2 ...
[2026-07-27 08:57:00] [disk_guard] verify: OK sha1=6e306c3066b5dac2d84471c51ed5413fa594c2f8 matches at b2:junyi-data/RGCL_video/logs/Retrieval/MHC_zh/errpat_zh_remint_v2/RAC_lr0.0001_Bz64_Ep30_cosSim_triplet_drop[0.2, 0.4, 0.1]_topK20__PseudoGold_positive_1_hard_negative_1_seed1_hybrid_loss_Qwen2.5-VL-7B-Instruct-LoRA_HF/ckpt/epoch_model_8_0.8205128205128205.pt
[2026-07-27 08:57:00] [disk_guard]     PRUNED local (verified on B2): /data/jehc223/RGCL/logging/Retrieval/MHC_zh/errpat_zh_remint_v2/RAC_lr0.0001_Bz64_Ep30_cosSim_triplet_drop[0.2, 0.4, 0.1]_topK20__PseudoGold_positive_1_hard_negative_1_seed1_hybrid_loss_Qwen2.5-VL-7B-Instruct-LoRA_HF/ckpt/epoch_model_8_0.8205128205128205.pt  (freed 40.03MB)
[2026-07-27 08:57:00] [disk_guard]   candidate: /data/jehc223/RGCL/logging/Retrieval/MHC_zh/errpat_zh_remint_v2/RAC_lr0.0001_Bz64_Ep30_cosSim_triplet_drop[0.2, 0.4, 0.1]_topK20__PseudoGold_positive_1_hard_negative_1_seed1_hybrid_loss_Qwen2.5-VL-7B-Instruct-LoRA_HF/ckpt/epoch_model_9_0.8205128205128205.pt
[2026-07-27 08:57:00] [disk_guard]     mtime=2026-07-26 22:39:32 size=40.03MB
[2026-07-27 08:57:00] [disk_guard]     -> b2 subpath: logs/Retrieval/MHC_zh/errpat_zh_remint_v2/RAC_lr0.0001_Bz64_Ep30_cosSim_triplet_drop[0.2, 0.4, 0.1]_topK20__PseudoGold_positive_1_hard_negative_1_seed1_hybrid_loss_Qwen2.5-VL-7B-Instruct-LoRA_HF/ckpt/epoch_model_9_0.8205128205128205.pt
[2026-07-27 08:57:00] [disk_guard]     pushing to B2 ...
[2026-07-27 08:57:09] [disk_guard] verify: OK sha1=53e4a3336a2bbb855fff7f89312d60b0fc44139f matches at b2:junyi-data/RGCL_video/logs/Retrieval/MHC_zh/errpat_zh_remint_v2/RAC_lr0.0001_Bz64_Ep30_cosSim_triplet_drop[0.2, 0.4, 0.1]_topK20__PseudoGold_positive_1_hard_negative_1_seed1_hybrid_loss_Qwen2.5-VL-7B-Instruct-LoRA_HF/ckpt/epoch_model_9_0.8205128205128205.pt
[2026-07-27 08:57:09] [disk_guard]     PRUNED local (verified on B2): /data/jehc223/RGCL/logging/Retrieval/MHC_zh/errpat_zh_remint_v2/RAC_lr0.0001_Bz64_Ep30_cosSim_triplet_drop[0.2, 0.4, 0.1]_topK20__PseudoGold_positive_1_hard_negative_1_seed1_hybrid_loss_Qwen2.5-VL-7B-Instruct-LoRA_HF/ckpt/epoch_model_9_0.8205128205128205.pt  (freed 40.03MB)
[2026-07-27 08:57:09] [disk_guard]   candidate: /data/jehc223/RGCL/logging/Retrieval/MHC_zh/errpat_zh_remint_v2/RAC_lr0.0001_Bz64_Ep30_cosSim_triplet_drop[0.2, 0.4, 0.1]_topK20__PseudoGold_positive_1_hard_negative_1_seed1_hybrid_loss_Qwen2.5-VL-7B-Instruct-LoRA_HF/ckpt/epoch_model_10_0.8333333333333334.pt
[2026-07-27 08:57:09] [disk_guard]     mtime=2026-07-26 22:39:33 size=40.03MB
[2026-07-27 08:57:09] [disk_guard]     -> b2 subpath: logs/Retrieval/MHC_zh/errpat_zh_remint_v2/RAC_lr0.0001_Bz64_Ep30_cosSim_triplet_drop[0.2, 0.4, 0.1]_topK20__PseudoGold_positive_1_hard_negative_1_seed1_hybrid_loss_Qwen2.5-VL-7B-Instruct-LoRA_HF/ckpt/epoch_model_10_0.8333333333333334.pt
[2026-07-27 08:57:09] [disk_guard]     pushing to B2 ...
[2026-07-27 08:57:20] [disk_guard] verify: OK sha1=dc0d17657545d91087425aa3f83747d34fc4652d matches at b2:junyi-data/RGCL_video/logs/Retrieval/MHC_zh/errpat_zh_remint_v2/RAC_lr0.0001_Bz64_Ep30_cosSim_triplet_drop[0.2, 0.4, 0.1]_topK20__PseudoGold_positive_1_hard_negative_1_seed1_hybrid_loss_Qwen2.5-VL-7B-Instruct-LoRA_HF/ckpt/epoch_model_10_0.8333333333333334.pt
[2026-07-27 08:57:20] [disk_guard]     PRUNED local (verified on B2): /data/jehc223/RGCL/logging/Retrieval/MHC_zh/errpat_zh_remint_v2/RAC_lr0.0001_Bz64_Ep30_cosSim_triplet_drop[0.2, 0.4, 0.1]_topK20__PseudoGold_positive_1_hard_negative_1_seed1_hybrid_loss_Qwen2.5-VL-7B-Instruct-LoRA_HF/ckpt/epoch_model_10_0.8333333333333334.pt  (freed 40.03MB)
[2026-07-27 08:57:20] [disk_guard]   candidate: /data/jehc223/RGCL/logging/Retrieval/MHC_zh/errpat_zh_remint_v2/RAC_lr0.0001_Bz64_Ep30_cosSim_triplet_drop[0.2, 0.4, 0.1]_topK20__PseudoGold_positive_1_hard_negative_1_seed1_hybrid_loss_Qwen2.5-VL-7B-Instruct-LoRA_HF/ckpt/epoch_model_11_0.8333333333333334.pt
[2026-07-27 08:57:20] [disk_guard]     mtime=2026-07-26 22:39:34 size=40.03MB
[2026-07-27 08:57:20] [disk_guard]     -> b2 subpath: logs/Retrieval/MHC_zh/errpat_zh_remint_v2/RAC_lr0.0001_Bz64_Ep30_cosSim_triplet_drop[0.2, 0.4, 0.1]_topK20__PseudoGold_positive_1_hard_negative_1_seed1_hybrid_loss_Qwen2.5-VL-7B-Instruct-LoRA_HF/ckpt/epoch_model_11_0.8333333333333334.pt
[2026-07-27 08:57:20] [disk_guard]     pushing to B2 ...
[2026-07-27 08:57:30] [disk_guard] verify: OK sha1=049e67834ec8bcf2c1570072a475ac68c73c9928 matches at b2:junyi-data/RGCL_video/logs/Retrieval/MHC_zh/errpat_zh_remint_v2/RAC_lr0.0001_Bz64_Ep30_cosSim_triplet_drop[0.2, 0.4, 0.1]_topK20__PseudoGold_positive_1_hard_negative_1_seed1_hybrid_loss_Qwen2.5-VL-7B-Instruct-LoRA_HF/ckpt/epoch_model_11_0.8333333333333334.pt
[2026-07-27 08:57:30] [disk_guard]     PRUNED local (verified on B2): /data/jehc223/RGCL/logging/Retrieval/MHC_zh/errpat_zh_remint_v2/RAC_lr0.0001_Bz64_Ep30_cosSim_triplet_drop[0.2, 0.4, 0.1]_topK20__PseudoGold_positive_1_hard_negative_1_seed1_hybrid_loss_Qwen2.5-VL-7B-Instruct-LoRA_HF/ckpt/epoch_model_11_0.8333333333333334.pt  (freed 40.03MB)
[2026-07-27 08:57:30] [disk_guard]   candidate: /data/jehc223/RGCL/logging/Retrieval/MHC_zh/errpat_zh_remint_v2/RAC_lr0.0001_Bz64_Ep30_cosSim_triplet_drop[0.2, 0.4, 0.1]_topK20__PseudoGold_positive_1_hard_negative_1_seed1_hybrid_loss_Qwen2.5-VL-7B-Instruct-LoRA_HF/ckpt/epoch_model_12_0.8461538461538461.pt
[2026-07-27 08:57:30] [disk_guard]     mtime=2026-07-26 22:39:36 size=40.03MB
[2026-07-27 08:57:30] [disk_guard]     -> b2 subpath: logs/Retrieval/MHC_zh/errpat_zh_remint_v2/RAC_lr0.0001_Bz64_Ep30_cosSim_triplet_drop[0.2, 0.4, 0.1]_topK20__PseudoGold_positive_1_hard_negative_1_seed1_hybrid_loss_Qwen2.5-VL-7B-Instruct-LoRA_HF/ckpt/epoch_model_12_0.8461538461538461.pt
[2026-07-27 08:57:30] [disk_guard]     pushing to B2 ...
[2026-07-27 08:57:39] [disk_guard] verify: OK sha1=36ca9ade62b94fe7fad7c033de4be1ff0f513b12 matches at b2:junyi-data/RGCL_video/logs/Retrieval/MHC_zh/errpat_zh_remint_v2/RAC_lr0.0001_Bz64_Ep30_cosSim_triplet_drop[0.2, 0.4, 0.1]_topK20__PseudoGold_positive_1_hard_negative_1_seed1_hybrid_loss_Qwen2.5-VL-7B-Instruct-LoRA_HF/ckpt/epoch_model_12_0.8461538461538461.pt
[2026-07-27 08:57:40] [disk_guard]     PRUNED local (verified on B2): /data/jehc223/RGCL/logging/Retrieval/MHC_zh/errpat_zh_remint_v2/RAC_lr0.0001_Bz64_Ep30_cosSim_triplet_drop[0.2, 0.4, 0.1]_topK20__PseudoGold_positive_1_hard_negative_1_seed1_hybrid_loss_Qwen2.5-VL-7B-Instruct-LoRA_HF/ckpt/epoch_model_12_0.8461538461538461.pt  (freed 40.03MB)
[2026-07-27 08:57:40] [disk_guard]   candidate: /data/jehc223/RGCL/logging/Retrieval/MHC_zh/errpat_zh_remint_v2/RAC_lr0.0001_Bz64_Ep30_cosSim_triplet_drop[0.2, 0.4, 0.1]_topK20__PseudoGold_positive_1_hard_negative_1_seed1_hybrid_loss_Qwen2.5-VL-7B-Instruct-LoRA_HF/ckpt/epoch_model_13_0.8461538461538461.pt
[2026-07-27 08:57:40] [disk_guard]     mtime=2026-07-26 22:39:37 size=40.03MB
[2026-07-27 08:57:40] [disk_guard]     -> b2 subpath: logs/Retrieval/MHC_zh/errpat_zh_remint_v2/RAC_lr0.0001_Bz64_Ep30_cosSim_triplet_drop[0.2, 0.4, 0.1]_topK20__PseudoGold_positive_1_hard_negative_1_seed1_hybrid_loss_Qwen2.5-VL-7B-Instruct-LoRA_HF/ckpt/epoch_model_13_0.8461538461538461.pt
[2026-07-27 08:57:40] [disk_guard]     pushing to B2 ...
[2026-07-27 08:57:50] [disk_guard] verify: OK sha1=d567897280c2bb528be4a73d579368803b364814 matches at b2:junyi-data/RGCL_video/logs/Retrieval/MHC_zh/errpat_zh_remint_v2/RAC_lr0.0001_Bz64_Ep30_cosSim_triplet_drop[0.2, 0.4, 0.1]_topK20__PseudoGold_positive_1_hard_negative_1_seed1_hybrid_loss_Qwen2.5-VL-7B-Instruct-LoRA_HF/ckpt/epoch_model_13_0.8461538461538461.pt
[2026-07-27 08:57:50] [disk_guard]     PRUNED local (verified on B2): /data/jehc223/RGCL/logging/Retrieval/MHC_zh/errpat_zh_remint_v2/RAC_lr0.0001_Bz64_Ep30_cosSim_triplet_drop[0.2, 0.4, 0.1]_topK20__PseudoGold_positive_1_hard_negative_1_seed1_hybrid_loss_Qwen2.5-VL-7B-Instruct-LoRA_HF/ckpt/epoch_model_13_0.8461538461538461.pt  (freed 40.03MB)
[2026-07-27 08:57:50] [disk_guard]   candidate: /data/jehc223/RGCL/logging/Retrieval/MHC_zh/errpat_zh_remint_v2/RAC_lr0.0001_Bz64_Ep30_cosSim_triplet_drop[0.2, 0.4, 0.1]_topK20__PseudoGold_positive_1_hard_negative_1_seed1_hybrid_loss_Qwen2.5-VL-7B-Instruct-LoRA_HF/ckpt/epoch_model_14_0.8589743589743589.pt
[2026-07-27 08:57:50] [disk_guard]     mtime=2026-07-26 22:39:38 size=40.03MB
[2026-07-27 08:57:50] [disk_guard]     -> b2 subpath: logs/Retrieval/MHC_zh/errpat_zh_remint_v2/RAC_lr0.0001_Bz64_Ep30_cosSim_triplet_drop[0.2, 0.4, 0.1]_topK20__PseudoGold_positive_1_hard_negative_1_seed1_hybrid_loss_Qwen2.5-VL-7B-Instruct-LoRA_HF/ckpt/epoch_model_14_0.8589743589743589.pt
[2026-07-27 08:57:50] [disk_guard]     pushing to B2 ...
[2026-07-27 08:58:02] [disk_guard] verify: OK sha1=c2872451d27ac228d0086163ddf5ec966bb8229c matches at b2:junyi-data/RGCL_video/logs/Retrieval/MHC_zh/errpat_zh_remint_v2/RAC_lr0.0001_Bz64_Ep30_cosSim_triplet_drop[0.2, 0.4, 0.1]_topK20__PseudoGold_positive_1_hard_negative_1_seed1_hybrid_loss_Qwen2.5-VL-7B-Instruct-LoRA_HF/ckpt/epoch_model_14_0.8589743589743589.pt
[2026-07-27 08:58:02] [disk_guard]     PRUNED local (verified on B2): /data/jehc223/RGCL/logging/Retrieval/MHC_zh/errpat_zh_remint_v2/RAC_lr0.0001_Bz64_Ep30_cosSim_triplet_drop[0.2, 0.4, 0.1]_topK20__PseudoGold_positive_1_hard_negative_1_seed1_hybrid_loss_Qwen2.5-VL-7B-Instruct-LoRA_HF/ckpt/epoch_model_14_0.8589743589743589.pt  (freed 40.03MB)
[2026-07-27 08:58:02] [disk_guard]   candidate: /data/jehc223/RGCL/logging/Retrieval/MHC_zh/errpat_zh_remint_v2/RAC_lr0.0001_Bz64_Ep30_cosSim_triplet_drop[0.2, 0.4, 0.1]_topK20__PseudoGold_positive_1_hard_negative_1_seed1_hybrid_loss_Qwen2.5-VL-7B-Instruct-LoRA_HF/ckpt/epoch_model_15_0.8589743589743589.pt
[2026-07-27 08:58:02] [disk_guard]     mtime=2026-07-26 22:39:40 size=40.03MB
[2026-07-27 08:58:02] [disk_guard]     -> b2 subpath: logs/Retrieval/MHC_zh/errpat_zh_remint_v2/RAC_lr0.0001_Bz64_Ep30_cosSim_triplet_drop[0.2, 0.4, 0.1]_topK20__PseudoGold_positive_1_hard_negative_1_seed1_hybrid_loss_Qwen2.5-VL-7B-Instruct-LoRA_HF/ckpt/epoch_model_15_0.8589743589743589.pt
[2026-07-27 08:58:02] [disk_guard]     pushing to B2 ...
[2026-07-27 08:58:11] [disk_guard] verify: OK sha1=5cf1e79a461bd73eeb6e084efa737185e84dbb05 matches at b2:junyi-data/RGCL_video/logs/Retrieval/MHC_zh/errpat_zh_remint_v2/RAC_lr0.0001_Bz64_Ep30_cosSim_triplet_drop[0.2, 0.4, 0.1]_topK20__PseudoGold_positive_1_hard_negative_1_seed1_hybrid_loss_Qwen2.5-VL-7B-Instruct-LoRA_HF/ckpt/epoch_model_15_0.8589743589743589.pt
[2026-07-27 08:58:11] [disk_guard]     PRUNED local (verified on B2): /data/jehc223/RGCL/logging/Retrieval/MHC_zh/errpat_zh_remint_v2/RAC_lr0.0001_Bz64_Ep30_cosSim_triplet_drop[0.2, 0.4, 0.1]_topK20__PseudoGold_positive_1_hard_negative_1_seed1_hybrid_loss_Qwen2.5-VL-7B-Instruct-LoRA_HF/ckpt/epoch_model_15_0.8589743589743589.pt  (freed 40.03MB)
[2026-07-27 08:58:12] [disk_guard]   candidate: /data/jehc223/RGCL/logging/Retrieval/MHC_zh/errpat_zh_remint_v2/RAC_lr0.0001_Bz64_Ep30_cosSim_triplet_drop[0.2, 0.4, 0.1]_topK20__PseudoGold_positive_1_hard_negative_1_seed1_hybrid_loss_Qwen2.5-VL-7B-Instruct-LoRA_HF/ckpt/epoch_model_16_0.8589743589743589.pt
[2026-07-27 08:58:12] [disk_guard]     mtime=2026-07-26 22:39:41 size=40.03MB
[2026-07-27 08:58:12] [disk_guard]     -> b2 subpath: logs/Retrieval/MHC_zh/errpat_zh_remint_v2/RAC_lr0.0001_Bz64_Ep30_cosSim_triplet_drop[0.2, 0.4, 0.1]_topK20__PseudoGold_positive_1_hard_negative_1_seed1_hybrid_loss_Qwen2.5-VL-7B-Instruct-LoRA_HF/ckpt/epoch_model_16_0.8589743589743589.pt
[2026-07-27 08:58:12] [disk_guard]     pushing to B2 ...
[2026-07-27 08:58:23] [disk_guard] verify: OK sha1=ef7657b8975b6a20638edb1dd6bc90fb9c65c276 matches at b2:junyi-data/RGCL_video/logs/Retrieval/MHC_zh/errpat_zh_remint_v2/RAC_lr0.0001_Bz64_Ep30_cosSim_triplet_drop[0.2, 0.4, 0.1]_topK20__PseudoGold_positive_1_hard_negative_1_seed1_hybrid_loss_Qwen2.5-VL-7B-Instruct-LoRA_HF/ckpt/epoch_model_16_0.8589743589743589.pt
[2026-07-27 08:58:23] [disk_guard]     PRUNED local (verified on B2): /data/jehc223/RGCL/logging/Retrieval/MHC_zh/errpat_zh_remint_v2/RAC_lr0.0001_Bz64_Ep30_cosSim_triplet_drop[0.2, 0.4, 0.1]_topK20__PseudoGold_positive_1_hard_negative_1_seed1_hybrid_loss_Qwen2.5-VL-7B-Instruct-LoRA_HF/ckpt/epoch_model_16_0.8589743589743589.pt  (freed 40.03MB)
[2026-07-27 08:58:23] [disk_guard]   candidate: /data/jehc223/RGCL/logging/Retrieval/MHC_zh/errpat_zh_remint_v2/RAC_lr0.0001_Bz64_Ep30_cosSim_triplet_drop[0.2, 0.4, 0.1]_topK20__PseudoGold_positive_1_hard_negative_1_seed1_hybrid_loss_Qwen2.5-VL-7B-Instruct-LoRA_HF/ckpt/epoch_model_17_0.8589743589743589.pt
[2026-07-27 08:58:23] [disk_guard]     mtime=2026-07-26 22:39:42 size=40.03MB
[2026-07-27 08:58:23] [disk_guard]     -> b2 subpath: logs/Retrieval/MHC_zh/errpat_zh_remint_v2/RAC_lr0.0001_Bz64_Ep30_cosSim_triplet_drop[0.2, 0.4, 0.1]_topK20__PseudoGold_positive_1_hard_negative_1_seed1_hybrid_loss_Qwen2.5-VL-7B-Instruct-LoRA_HF/ckpt/epoch_model_17_0.8589743589743589.pt
[2026-07-27 08:58:23] [disk_guard]     pushing to B2 ...
[2026-07-27 08:58:33] [disk_guard] verify: OK sha1=86b31fde9adfd85e18273e0b7405559dc93cf304 matches at b2:junyi-data/RGCL_video/logs/Retrieval/MHC_zh/errpat_zh_remint_v2/RAC_lr0.0001_Bz64_Ep30_cosSim_triplet_drop[0.2, 0.4, 0.1]_topK20__PseudoGold_positive_1_hard_negative_1_seed1_hybrid_loss_Qwen2.5-VL-7B-Instruct-LoRA_HF/ckpt/epoch_model_17_0.8589743589743589.pt
[2026-07-27 08:58:33] [disk_guard]     PRUNED local (verified on B2): /data/jehc223/RGCL/logging/Retrieval/MHC_zh/errpat_zh_remint_v2/RAC_lr0.0001_Bz64_Ep30_cosSim_triplet_drop[0.2, 0.4, 0.1]_topK20__PseudoGold_positive_1_hard_negative_1_seed1_hybrid_loss_Qwen2.5-VL-7B-Instruct-LoRA_HF/ckpt/epoch_model_17_0.8589743589743589.pt  (freed 40.03MB)
[2026-07-27 08:58:33] [disk_guard]   candidate: /data/jehc223/RGCL/logging/Retrieval/MHC_zh/errpat_zh_remint_v2/RAC_lr0.0001_Bz64_Ep30_cosSim_triplet_drop[0.2, 0.4, 0.1]_topK20__PseudoGold_positive_1_hard_negative_1_seed1_hybrid_loss_Qwen2.5-VL-7B-Instruct-LoRA_HF/ckpt/epoch_model_18_0.8717948717948718.pt
[2026-07-27 08:58:33] [disk_guard]     mtime=2026-07-26 22:39:44 size=40.03MB
[2026-07-27 08:58:33] [disk_guard]     -> b2 subpath: logs/Retrieval/MHC_zh/errpat_zh_remint_v2/RAC_lr0.0001_Bz64_Ep30_cosSim_triplet_drop[0.2, 0.4, 0.1]_topK20__PseudoGold_positive_1_hard_negative_1_seed1_hybrid_loss_Qwen2.5-VL-7B-Instruct-LoRA_HF/ckpt/epoch_model_18_0.8717948717948718.pt
[2026-07-27 08:58:33] [disk_guard]     pushing to B2 ...
[2026-07-27 08:58:43] [disk_guard] verify: OK sha1=5688051dd173d87f12b22ad34658fe6405f69db2 matches at b2:junyi-data/RGCL_video/logs/Retrieval/MHC_zh/errpat_zh_remint_v2/RAC_lr0.0001_Bz64_Ep30_cosSim_triplet_drop[0.2, 0.4, 0.1]_topK20__PseudoGold_positive_1_hard_negative_1_seed1_hybrid_loss_Qwen2.5-VL-7B-Instruct-LoRA_HF/ckpt/epoch_model_18_0.8717948717948718.pt
[2026-07-27 08:58:43] [disk_guard]     PRUNED local (verified on B2): /data/jehc223/RGCL/logging/Retrieval/MHC_zh/errpat_zh_remint_v2/RAC_lr0.0001_Bz64_Ep30_cosSim_triplet_drop[0.2, 0.4, 0.1]_topK20__PseudoGold_positive_1_hard_negative_1_seed1_hybrid_loss_Qwen2.5-VL-7B-Instruct-LoRA_HF/ckpt/epoch_model_18_0.8717948717948718.pt  (freed 40.03MB)
[2026-07-27 08:58:43] [disk_guard]   candidate: /data/jehc223/RGCL/logging/Retrieval/MHC_zh/errpat_zh_remint_v2/RAC_lr0.0001_Bz64_Ep30_cosSim_triplet_drop[0.2, 0.4, 0.1]_topK20__PseudoGold_positive_1_hard_negative_1_seed1_hybrid_loss_Qwen2.5-VL-7B-Instruct-LoRA_HF/ckpt/best_model_18_0.8717948717948718.pt
[2026-07-27 08:58:43] [disk_guard]     mtime=2026-07-26 22:39:44 size=40.03MB
[2026-07-27 08:58:43] [disk_guard]     -> b2 subpath: logs/Retrieval/MHC_zh/errpat_zh_remint_v2/RAC_lr0.0001_Bz64_Ep30_cosSim_triplet_drop[0.2, 0.4, 0.1]_topK20__PseudoGold_positive_1_hard_negative_1_seed1_hybrid_loss_Qwen2.5-VL-7B-Instruct-LoRA_HF/ckpt/best_model_18_0.8717948717948718.pt
[2026-07-27 08:58:43] [disk_guard]     pushing to B2 ...
[2026-07-27 08:58:58] [disk_guard]     ERROR: push failed; NOT deleting local. Skipping.
[2026-07-27 08:58:58] [disk_guard]   candidate: /data/jehc223/RGCL/logging/Retrieval/MHC_zh/errpat_zh_remint_v2/RAC_lr0.0001_Bz64_Ep30_cosSim_triplet_drop[0.2, 0.4, 0.1]_topK20__PseudoGold_positive_1_hard_negative_1_seed1_hybrid_loss_Qwen2.5-VL-7B-Instruct-LoRA_HF/ckpt/epoch_model_19_0.8717948717948718.pt
[2026-07-27 08:58:58] [disk_guard]     mtime=2026-07-26 22:39:45 size=40.03MB
[2026-07-27 08:58:58] [disk_guard]     -> b2 subpath: logs/Retrieval/MHC_zh/errpat_zh_remint_v2/RAC_lr0.0001_Bz64_Ep30_cosSim_triplet_drop[0.2, 0.4, 0.1]_topK20__PseudoGold_positive_1_hard_negative_1_seed1_hybrid_loss_Qwen2.5-VL-7B-Instruct-LoRA_HF/ckpt/epoch_model_19_0.8717948717948718.pt
[2026-07-27 08:58:58] [disk_guard]     pushing to B2 ...
[2026-07-27 08:59:06] [disk_guard]     ERROR: push failed; NOT deleting local. Skipping.
[2026-07-27 08:59:06] [disk_guard]   candidate: /data/jehc223/RGCL/logging/Retrieval/MHC_zh/errpat_zh_remint_v2/RAC_lr0.0001_Bz64_Ep30_cosSim_triplet_drop[0.2, 0.4, 0.1]_topK20__PseudoGold_positive_1_hard_negative_1_seed1_hybrid_loss_Qwen2.5-VL-7B-Instruct-LoRA_HF/ckpt/best_model_19_0.8717948717948718.pt
[2026-07-27 08:59:06] [disk_guard]     mtime=2026-07-26 22:39:45 size=40.03MB
[2026-07-27 08:59:06] [disk_guard]     -> b2 subpath: logs/Retrieval/MHC_zh/errpat_zh_remint_v2/RAC_lr0.0001_Bz64_Ep30_cosSim_triplet_drop[0.2, 0.4, 0.1]_topK20__PseudoGold_positive_1_hard_negative_1_seed1_hybrid_loss_Qwen2.5-VL-7B-Instruct-LoRA_HF/ckpt/best_model_19_0.8717948717948718.pt
[2026-07-27 08:59:06] [disk_guard]     pushing to B2 ...
[2026-07-27 08:59:14] [disk_guard]     ERROR: push failed; NOT deleting local. Skipping.
[2026-07-27 08:59:14] [disk_guard]   candidate: /data/jehc223/RGCL/logging/Retrieval/MHC_zh/errpat_zh_remint_v2/RAC_lr0.0001_Bz64_Ep30_cosSim_triplet_drop[0.2, 0.4, 0.1]_topK20__PseudoGold_positive_1_hard_negative_1_seed1_hybrid_loss_Qwen2.5-VL-7B-Instruct-LoRA_HF/ckpt/epoch_model_20_0.8717948717948718.pt
[2026-07-27 08:59:14] [disk_guard]     mtime=2026-07-26 22:39:47 size=40.03MB
[2026-07-27 08:59:14] [disk_guard]     -> b2 subpath: logs/Retrieval/MHC_zh/errpat_zh_remint_v2/RAC_lr0.0001_Bz64_Ep30_cosSim_triplet_drop[0.2, 0.4, 0.1]_topK20__PseudoGold_positive_1_hard_negative_1_seed1_hybrid_loss_Qwen2.5-VL-7B-Instruct-LoRA_HF/ckpt/epoch_model_20_0.8717948717948718.pt
[2026-07-27 08:59:14] [disk_guard]     pushing to B2 ...
[2026-07-27 08:59:25] [disk_guard] verify: OK sha1=8fc9b09d4bfc980a6fc90fc9426a23968c75db4a matches at b2:junyi-data/RGCL_video/logs/Retrieval/MHC_zh/errpat_zh_remint_v2/RAC_lr0.0001_Bz64_Ep30_cosSim_triplet_drop[0.2, 0.4, 0.1]_topK20__PseudoGold_positive_1_hard_negative_1_seed1_hybrid_loss_Qwen2.5-VL-7B-Instruct-LoRA_HF/ckpt/epoch_model_20_0.8717948717948718.pt
[2026-07-27 08:59:25] [disk_guard]     PRUNED local (verified on B2): /data/jehc223/RGCL/logging/Retrieval/MHC_zh/errpat_zh_remint_v2/RAC_lr0.0001_Bz64_Ep30_cosSim_triplet_drop[0.2, 0.4, 0.1]_topK20__PseudoGold_positive_1_hard_negative_1_seed1_hybrid_loss_Qwen2.5-VL-7B-Instruct-LoRA_HF/ckpt/epoch_model_20_0.8717948717948718.pt  (freed 40.03MB)
[2026-07-27 08:59:25] [disk_guard]   candidate: /data/jehc223/RGCL/logging/Retrieval/MHC_zh/errpat_zh_remint_v2/RAC_lr0.0001_Bz64_Ep30_cosSim_triplet_drop[0.2, 0.4, 0.1]_topK20__PseudoGold_positive_1_hard_negative_1_seed1_hybrid_loss_Qwen2.5-VL-7B-Instruct-LoRA_HF/ckpt/epoch_model_21_0.8461538461538461.pt
[2026-07-27 08:59:25] [disk_guard]     mtime=2026-07-26 22:39:48 size=40.03MB
[2026-07-27 08:59:25] [disk_guard]     -> b2 subpath: logs/Retrieval/MHC_zh/errpat_zh_remint_v2/RAC_lr0.0001_Bz64_Ep30_cosSim_triplet_drop[0.2, 0.4, 0.1]_topK20__PseudoGold_positive_1_hard_negative_1_seed1_hybrid_loss_Qwen2.5-VL-7B-Instruct-LoRA_HF/ckpt/epoch_model_21_0.8461538461538461.pt
[2026-07-27 08:59:25] [disk_guard]     pushing to B2 ...
[2026-07-27 08:59:35] [disk_guard] verify: OK sha1=e227da18d61365a813af5b0e139b4fdec22db44f matches at b2:junyi-data/RGCL_video/logs/Retrieval/MHC_zh/errpat_zh_remint_v2/RAC_lr0.0001_Bz64_Ep30_cosSim_triplet_drop[0.2, 0.4, 0.1]_topK20__PseudoGold_positive_1_hard_negative_1_seed1_hybrid_loss_Qwen2.5-VL-7B-Instruct-LoRA_HF/ckpt/epoch_model_21_0.8461538461538461.pt
[2026-07-27 08:59:35] [disk_guard]     PRUNED local (verified on B2): /data/jehc223/RGCL/logging/Retrieval/MHC_zh/errpat_zh_remint_v2/RAC_lr0.0001_Bz64_Ep30_cosSim_triplet_drop[0.2, 0.4, 0.1]_topK20__PseudoGold_positive_1_hard_negative_1_seed1_hybrid_loss_Qwen2.5-VL-7B-Instruct-LoRA_HF/ckpt/epoch_model_21_0.8461538461538461.pt  (freed 40.03MB)
[2026-07-27 08:59:35] [disk_guard]   candidate: /data/jehc223/RGCL/logging/Retrieval/MHC_zh/errpat_zh_remint_v2/RAC_lr0.0001_Bz64_Ep30_cosSim_triplet_drop[0.2, 0.4, 0.1]_topK20__PseudoGold_positive_1_hard_negative_1_seed1_hybrid_loss_Qwen2.5-VL-7B-Instruct-LoRA_HF/ckpt/epoch_model_22_0.8333333333333334.pt
[2026-07-27 08:59:35] [disk_guard]     mtime=2026-07-26 22:39:49 size=40.03MB
[2026-07-27 08:59:35] [disk_guard]     -> b2 subpath: logs/Retrieval/MHC_zh/errpat_zh_remint_v2/RAC_lr0.0001_Bz64_Ep30_cosSim_triplet_drop[0.2, 0.4, 0.1]_topK20__PseudoGold_positive_1_hard_negative_1_seed1_hybrid_loss_Qwen2.5-VL-7B-Instruct-LoRA_HF/ckpt/epoch_model_22_0.8333333333333334.pt
[2026-07-27 08:59:35] [disk_guard]     pushing to B2 ...
[2026-07-27 08:59:47] [disk_guard] verify: OK sha1=e3846210444296605b51ae74745518845aa59086 matches at b2:junyi-data/RGCL_video/logs/Retrieval/MHC_zh/errpat_zh_remint_v2/RAC_lr0.0001_Bz64_Ep30_cosSim_triplet_drop[0.2, 0.4, 0.1]_topK20__PseudoGold_positive_1_hard_negative_1_seed1_hybrid_loss_Qwen2.5-VL-7B-Instruct-LoRA_HF/ckpt/epoch_model_22_0.8333333333333334.pt
[2026-07-27 08:59:47] [disk_guard]     PRUNED local (verified on B2): /data/jehc223/RGCL/logging/Retrieval/MHC_zh/errpat_zh_remint_v2/RAC_lr0.0001_Bz64_Ep30_cosSim_triplet_drop[0.2, 0.4, 0.1]_topK20__PseudoGold_positive_1_hard_negative_1_seed1_hybrid_loss_Qwen2.5-VL-7B-Instruct-LoRA_HF/ckpt/epoch_model_22_0.8333333333333334.pt  (freed 40.03MB)
[2026-07-27 08:59:47] [disk_guard]   candidate: /data/jehc223/RGCL/logging/Retrieval/MHC_zh/errpat_zh_remint_v2/RAC_lr0.0001_Bz64_Ep30_cosSim_triplet_drop[0.2, 0.4, 0.1]_topK20__PseudoGold_positive_1_hard_negative_1_seed1_hybrid_loss_Qwen2.5-VL-7B-Instruct-LoRA_HF/ckpt/epoch_model_23_0.8333333333333334.pt
[2026-07-27 08:59:47] [disk_guard]     mtime=2026-07-26 22:39:51 size=40.03MB
[2026-07-27 08:59:47] [disk_guard]     -> b2 subpath: logs/Retrieval/MHC_zh/errpat_zh_remint_v2/RAC_lr0.0001_Bz64_Ep30_cosSim_triplet_drop[0.2, 0.4, 0.1]_topK20__PseudoGold_positive_1_hard_negative_1_seed1_hybrid_loss_Qwen2.5-VL-7B-Instruct-LoRA_HF/ckpt/epoch_model_23_0.8333333333333334.pt
[2026-07-27 08:59:47] [disk_guard]     pushing to B2 ...
[2026-07-27 08:59:57] [disk_guard] verify: OK sha1=0800f506643352f93f4bd9b6a554c4bc8a43877b matches at b2:junyi-data/RGCL_video/logs/Retrieval/MHC_zh/errpat_zh_remint_v2/RAC_lr0.0001_Bz64_Ep30_cosSim_triplet_drop[0.2, 0.4, 0.1]_topK20__PseudoGold_positive_1_hard_negative_1_seed1_hybrid_loss_Qwen2.5-VL-7B-Instruct-LoRA_HF/ckpt/epoch_model_23_0.8333333333333334.pt
[2026-07-27 08:59:57] [disk_guard]     PRUNED local (verified on B2): /data/jehc223/RGCL/logging/Retrieval/MHC_zh/errpat_zh_remint_v2/RAC_lr0.0001_Bz64_Ep30_cosSim_triplet_drop[0.2, 0.4, 0.1]_topK20__PseudoGold_positive_1_hard_negative_1_seed1_hybrid_loss_Qwen2.5-VL-7B-Instruct-LoRA_HF/ckpt/epoch_model_23_0.8333333333333334.pt  (freed 40.03MB)
[2026-07-27 08:59:57] [disk_guard]   candidate: /data/jehc223/RGCL/logging/Retrieval/MHC_zh/errpat_zh_remint_v2/RAC_lr0.0001_Bz64_Ep30_cosSim_triplet_drop[0.2, 0.4, 0.1]_topK20__PseudoGold_positive_1_hard_negative_1_seed1_hybrid_loss_Qwen2.5-VL-7B-Instruct-LoRA_HF/ckpt/epoch_model_24_0.8333333333333334.pt
[2026-07-27 08:59:57] [disk_guard]     mtime=2026-07-26 22:39:52 size=40.03MB
[2026-07-27 08:59:57] [disk_guard]     -> b2 subpath: logs/Retrieval/MHC_zh/errpat_zh_remint_v2/RAC_lr0.0001_Bz64_Ep30_cosSim_triplet_drop[0.2, 0.4, 0.1]_topK20__PseudoGold_positive_1_hard_negative_1_seed1_hybrid_loss_Qwen2.5-VL-7B-Instruct-LoRA_HF/ckpt/epoch_model_24_0.8333333333333334.pt
[2026-07-27 08:59:57] [disk_guard]     pushing to B2 ...
[2026-07-27 09:00:07] [disk_guard] verify: OK sha1=a22aa49a0acce791051c2a9d86a9c280b6a3e52d matches at b2:junyi-data/RGCL_video/logs/Retrieval/MHC_zh/errpat_zh_remint_v2/RAC_lr0.0001_Bz64_Ep30_cosSim_triplet_drop[0.2, 0.4, 0.1]_topK20__PseudoGold_positive_1_hard_negative_1_seed1_hybrid_loss_Qwen2.5-VL-7B-Instruct-LoRA_HF/ckpt/epoch_model_24_0.8333333333333334.pt
[2026-07-27 09:00:07] [disk_guard]     PRUNED local (verified on B2): /data/jehc223/RGCL/logging/Retrieval/MHC_zh/errpat_zh_remint_v2/RAC_lr0.0001_Bz64_Ep30_cosSim_triplet_drop[0.2, 0.4, 0.1]_topK20__PseudoGold_positive_1_hard_negative_1_seed1_hybrid_loss_Qwen2.5-VL-7B-Instruct-LoRA_HF/ckpt/epoch_model_24_0.8333333333333334.pt  (freed 40.03MB)
[2026-07-27 09:00:07] [disk_guard]   candidate: /data/jehc223/RGCL/logging/Retrieval/MHC_zh/errpat_zh_remint_v2/RAC_lr0.0001_Bz64_Ep30_cosSim_triplet_drop[0.2, 0.4, 0.1]_topK20__PseudoGold_positive_1_hard_negative_1_seed1_hybrid_loss_Qwen2.5-VL-7B-Instruct-LoRA_HF/ckpt/epoch_model_25_0.8333333333333334.pt
[2026-07-27 09:00:07] [disk_guard]     mtime=2026-07-26 22:39:54 size=40.03MB
[2026-07-27 09:00:07] [disk_guard]     -> b2 subpath: logs/Retrieval/MHC_zh/errpat_zh_remint_v2/RAC_lr0.0001_Bz64_Ep30_cosSim_triplet_drop[0.2, 0.4, 0.1]_topK20__PseudoGold_positive_1_hard_negative_1_seed1_hybrid_loss_Qwen2.5-VL-7B-Instruct-LoRA_HF/ckpt/epoch_model_25_0.8333333333333334.pt
[2026-07-27 09:00:07] [disk_guard]     pushing to B2 ...
[2026-07-27 09:00:17] [disk_guard] verify: OK sha1=e43f1f116f8ba3898fc953239a03d92ade79646b matches at b2:junyi-data/RGCL_video/logs/Retrieval/MHC_zh/errpat_zh_remint_v2/RAC_lr0.0001_Bz64_Ep30_cosSim_triplet_drop[0.2, 0.4, 0.1]_topK20__PseudoGold_positive_1_hard_negative_1_seed1_hybrid_loss_Qwen2.5-VL-7B-Instruct-LoRA_HF/ckpt/epoch_model_25_0.8333333333333334.pt
[2026-07-27 09:00:17] [disk_guard]     PRUNED local (verified on B2): /data/jehc223/RGCL/logging/Retrieval/MHC_zh/errpat_zh_remint_v2/RAC_lr0.0001_Bz64_Ep30_cosSim_triplet_drop[0.2, 0.4, 0.1]_topK20__PseudoGold_positive_1_hard_negative_1_seed1_hybrid_loss_Qwen2.5-VL-7B-Instruct-LoRA_HF/ckpt/epoch_model_25_0.8333333333333334.pt  (freed 40.03MB)
[2026-07-27 09:00:17] [disk_guard]   candidate: /data/jehc223/RGCL/logging/Retrieval/MHC_zh/errpat_zh_remint_v2/RAC_lr0.0001_Bz64_Ep30_cosSim_triplet_drop[0.2, 0.4, 0.1]_topK20__PseudoGold_positive_1_hard_negative_1_seed1_hybrid_loss_Qwen2.5-VL-7B-Instruct-LoRA_HF/ckpt/epoch_model_26_0.8461538461538461.pt
[2026-07-27 09:00:17] [disk_guard]     mtime=2026-07-26 22:39:55 size=40.03MB
[2026-07-27 09:00:17] [disk_guard]     -> b2 subpath: logs/Retrieval/MHC_zh/errpat_zh_remint_v2/RAC_lr0.0001_Bz64_Ep30_cosSim_triplet_drop[0.2, 0.4, 0.1]_topK20__PseudoGold_positive_1_hard_negative_1_seed1_hybrid_loss_Qwen2.5-VL-7B-Instruct-LoRA_HF/ckpt/epoch_model_26_0.8461538461538461.pt
[2026-07-27 09:00:17] [disk_guard]     pushing to B2 ...
[2026-07-27 09:00:27] [disk_guard] verify: OK sha1=15f07570ff9ab8de36ac2f68b5ca72ebada68ca4 matches at b2:junyi-data/RGCL_video/logs/Retrieval/MHC_zh/errpat_zh_remint_v2/RAC_lr0.0001_Bz64_Ep30_cosSim_triplet_drop[0.2, 0.4, 0.1]_topK20__PseudoGold_positive_1_hard_negative_1_seed1_hybrid_loss_Qwen2.5-VL-7B-Instruct-LoRA_HF/ckpt/epoch_model_26_0.8461538461538461.pt
[2026-07-27 09:00:27] [disk_guard]     PRUNED local (verified on B2): /data/jehc223/RGCL/logging/Retrieval/MHC_zh/errpat_zh_remint_v2/RAC_lr0.0001_Bz64_Ep30_cosSim_triplet_drop[0.2, 0.4, 0.1]_topK20__PseudoGold_positive_1_hard_negative_1_seed1_hybrid_loss_Qwen2.5-VL-7B-Instruct-LoRA_HF/ckpt/epoch_model_26_0.8461538461538461.pt  (freed 40.03MB)
[2026-07-27 09:00:27] [disk_guard]   candidate: /data/jehc223/RGCL/logging/Retrieval/MHC_zh/errpat_zh_remint_v2/RAC_lr0.0001_Bz64_Ep30_cosSim_triplet_drop[0.2, 0.4, 0.1]_topK20__PseudoGold_positive_1_hard_negative_1_seed1_hybrid_loss_Qwen2.5-VL-7B-Instruct-LoRA_HF/ckpt/epoch_model_27_0.8333333333333334.pt
[2026-07-27 09:00:27] [disk_guard]     mtime=2026-07-26 22:39:56 size=40.03MB
[2026-07-27 09:00:27] [disk_guard]     -> b2 subpath: logs/Retrieval/MHC_zh/errpat_zh_remint_v2/RAC_lr0.0001_Bz64_Ep30_cosSim_triplet_drop[0.2, 0.4, 0.1]_topK20__PseudoGold_positive_1_hard_negative_1_seed1_hybrid_loss_Qwen2.5-VL-7B-Instruct-LoRA_HF/ckpt/epoch_model_27_0.8333333333333334.pt
[2026-07-27 09:00:27] [disk_guard]     pushing to B2 ...
[2026-07-27 09:00:36] [disk_guard] verify: OK sha1=40e9383b7329eec24d031354ee35bd51f0a31e75 matches at b2:junyi-data/RGCL_video/logs/Retrieval/MHC_zh/errpat_zh_remint_v2/RAC_lr0.0001_Bz64_Ep30_cosSim_triplet_drop[0.2, 0.4, 0.1]_topK20__PseudoGold_positive_1_hard_negative_1_seed1_hybrid_loss_Qwen2.5-VL-7B-Instruct-LoRA_HF/ckpt/epoch_model_27_0.8333333333333334.pt
[2026-07-27 09:00:36] [disk_guard]     PRUNED local (verified on B2): /data/jehc223/RGCL/logging/Retrieval/MHC_zh/errpat_zh_remint_v2/RAC_lr0.0001_Bz64_Ep30_cosSim_triplet_drop[0.2, 0.4, 0.1]_topK20__PseudoGold_positive_1_hard_negative_1_seed1_hybrid_loss_Qwen2.5-VL-7B-Instruct-LoRA_HF/ckpt/epoch_model_27_0.8333333333333334.pt  (freed 40.03MB)
[2026-07-27 09:00:36] [disk_guard]   candidate: /data/jehc223/RGCL/logging/Retrieval/MHC_zh/errpat_zh_remint_v2/RAC_lr0.0001_Bz64_Ep30_cosSim_triplet_drop[0.2, 0.4, 0.1]_topK20__PseudoGold_positive_1_hard_negative_1_seed1_hybrid_loss_Qwen2.5-VL-7B-Instruct-LoRA_HF/ckpt/epoch_model_28_0.8333333333333334.pt
[2026-07-27 09:00:36] [disk_guard]     mtime=2026-07-26 22:39:58 size=40.03MB
[2026-07-27 09:00:36] [disk_guard]     -> b2 subpath: logs/Retrieval/MHC_zh/errpat_zh_remint_v2/RAC_lr0.0001_Bz64_Ep30_cosSim_triplet_drop[0.2, 0.4, 0.1]_topK20__PseudoGold_positive_1_hard_negative_1_seed1_hybrid_loss_Qwen2.5-VL-7B-Instruct-LoRA_HF/ckpt/epoch_model_28_0.8333333333333334.pt
[2026-07-27 09:00:36] [disk_guard]     pushing to B2 ...
[2026-07-27 09:00:49] [disk_guard] verify: OK sha1=c8fcdf2b3b700159f766f684a375d452ca62d16f matches at b2:junyi-data/RGCL_video/logs/Retrieval/MHC_zh/errpat_zh_remint_v2/RAC_lr0.0001_Bz64_Ep30_cosSim_triplet_drop[0.2, 0.4, 0.1]_topK20__PseudoGold_positive_1_hard_negative_1_seed1_hybrid_loss_Qwen2.5-VL-7B-Instruct-LoRA_HF/ckpt/epoch_model_28_0.8333333333333334.pt
[2026-07-27 09:00:49] [disk_guard]     PRUNED local (verified on B2): /data/jehc223/RGCL/logging/Retrieval/MHC_zh/errpat_zh_remint_v2/RAC_lr0.0001_Bz64_Ep30_cosSim_triplet_drop[0.2, 0.4, 0.1]_topK20__PseudoGold_positive_1_hard_negative_1_seed1_hybrid_loss_Qwen2.5-VL-7B-Instruct-LoRA_HF/ckpt/epoch_model_28_0.8333333333333334.pt  (freed 40.03MB)
[2026-07-27 09:00:49] [disk_guard]   candidate: /data/jehc223/RGCL/logging/Retrieval/MHC_zh/errpat_zh_remint_v2/RAC_lr0.0001_Bz64_Ep30_cosSim_triplet_drop[0.2, 0.4, 0.1]_topK20__PseudoGold_positive_1_hard_negative_1_seed1_hybrid_loss_Qwen2.5-VL-7B-Instruct-LoRA_HF/ckpt/epoch_model_29_0.8333333333333334.pt
[2026-07-27 09:00:49] [disk_guard]     mtime=2026-07-26 22:39:59 size=40.03MB
[2026-07-27 09:00:49] [disk_guard]     -> b2 subpath: logs/Retrieval/MHC_zh/errpat_zh_remint_v2/RAC_lr0.0001_Bz64_Ep30_cosSim_triplet_drop[0.2, 0.4, 0.1]_topK20__PseudoGold_positive_1_hard_negative_1_seed1_hybrid_loss_Qwen2.5-VL-7B-Instruct-LoRA_HF/ckpt/epoch_model_29_0.8333333333333334.pt
[2026-07-27 09:00:49] [disk_guard]     pushing to B2 ...
[2026-07-27 09:00:58] [disk_guard] verify: OK sha1=74e8b388d37629c0bba2dda10314ada3b8abbd26 matches at b2:junyi-data/RGCL_video/logs/Retrieval/MHC_zh/errpat_zh_remint_v2/RAC_lr0.0001_Bz64_Ep30_cosSim_triplet_drop[0.2, 0.4, 0.1]_topK20__PseudoGold_positive_1_hard_negative_1_seed1_hybrid_loss_Qwen2.5-VL-7B-Instruct-LoRA_HF/ckpt/epoch_model_29_0.8333333333333334.pt
[2026-07-27 09:00:58] [disk_guard]     PRUNED local (verified on B2): /data/jehc223/RGCL/logging/Retrieval/MHC_zh/errpat_zh_remint_v2/RAC_lr0.0001_Bz64_Ep30_cosSim_triplet_drop[0.2, 0.4, 0.1]_topK20__PseudoGold_positive_1_hard_negative_1_seed1_hybrid_loss_Qwen2.5-VL-7B-Instruct-LoRA_HF/ckpt/epoch_model_29_0.8333333333333334.pt  (freed 40.03MB)
[2026-07-27 09:00:58] [disk_guard]   candidate: /data/jehc223/RGCL/logging/Retrieval/MHC_zh/errpat_zh_remint_v2/RAC_lr0.0001_Bz64_Ep30_cosSim_triplet_drop[0.2, 0.4, 0.1]_topK20__PseudoGold_positive_1_hard_negative_1_seed1_hybrid_loss_Qwen2.5-VL-7B-Instruct-LoRA_HF/ckpt/last_model_29_0.8333333333333334.pt
[2026-07-27 09:00:59] [disk_guard]     mtime=2026-07-26 22:39:59 size=40.03MB
[2026-07-27 09:00:59] [disk_guard]     -> b2 subpath: logs/Retrieval/MHC_zh/errpat_zh_remint_v2/RAC_lr0.0001_Bz64_Ep30_cosSim_triplet_drop[0.2, 0.4, 0.1]_topK20__PseudoGold_positive_1_hard_negative_1_seed1_hybrid_loss_Qwen2.5-VL-7B-Instruct-LoRA_HF/ckpt/last_model_29_0.8333333333333334.pt
[2026-07-27 09:00:59] [disk_guard]     pushing to B2 ...
[2026-07-27 09:01:08] [disk_guard] verify: OK sha1=232048139a0c1414723e9cd6b36e86f22865d12f matches at b2:junyi-data/RGCL_video/logs/Retrieval/MHC_zh/errpat_zh_remint_v2/RAC_lr0.0001_Bz64_Ep30_cosSim_triplet_drop[0.2, 0.4, 0.1]_topK20__PseudoGold_positive_1_hard_negative_1_seed1_hybrid_loss_Qwen2.5-VL-7B-Instruct-LoRA_HF/ckpt/last_model_29_0.8333333333333334.pt
[2026-07-27 09:01:08] [disk_guard]     PRUNED local (verified on B2): /data/jehc223/RGCL/logging/Retrieval/MHC_zh/errpat_zh_remint_v2/RAC_lr0.0001_Bz64_Ep30_cosSim_triplet_drop[0.2, 0.4, 0.1]_topK20__PseudoGold_positive_1_hard_negative_1_seed1_hybrid_loss_Qwen2.5-VL-7B-Instruct-LoRA_HF/ckpt/last_model_29_0.8333333333333334.pt  (freed 40.03MB)
[2026-07-27 09:01:08] [disk_guard]   candidate: /data/jehc223/RGCL/logging/Retrieval/MHC_zh/errpat_zh_remint_v2/RAC_lr0.0001_Bz64_Ep30_cosSim_triplet_drop[0.2, 0.4, 0.1]_topK20__PseudoGold_positive_1_hard_negative_1_seed2_hybrid_loss_Qwen2.5-VL-7B-Instruct-LoRA_HF/ckpt/epoch_model_0_0.8076923076923077.pt
[2026-07-27 09:01:08] [disk_guard]     mtime=2026-07-26 22:40:01 size=40.03MB
[2026-07-27 09:01:08] [disk_guard]     -> b2 subpath: logs/Retrieval/MHC_zh/errpat_zh_remint_v2/RAC_lr0.0001_Bz64_Ep30_cosSim_triplet_drop[0.2, 0.4, 0.1]_topK20__PseudoGold_positive_1_hard_negative_1_seed2_hybrid_loss_Qwen2.5-VL-7B-Instruct-LoRA_HF/ckpt/epoch_model_0_0.8076923076923077.pt
[2026-07-27 09:01:08] [disk_guard]     pushing to B2 ...
[2026-07-27 09:01:18] [disk_guard] verify: OK sha1=60b4ba02cb4f997f02e6f3aeead3353d70b552d5 matches at b2:junyi-data/RGCL_video/logs/Retrieval/MHC_zh/errpat_zh_remint_v2/RAC_lr0.0001_Bz64_Ep30_cosSim_triplet_drop[0.2, 0.4, 0.1]_topK20__PseudoGold_positive_1_hard_negative_1_seed2_hybrid_loss_Qwen2.5-VL-7B-Instruct-LoRA_HF/ckpt/epoch_model_0_0.8076923076923077.pt
[2026-07-27 09:01:18] [disk_guard]     PRUNED local (verified on B2): /data/jehc223/RGCL/logging/Retrieval/MHC_zh/errpat_zh_remint_v2/RAC_lr0.0001_Bz64_Ep30_cosSim_triplet_drop[0.2, 0.4, 0.1]_topK20__PseudoGold_positive_1_hard_negative_1_seed2_hybrid_loss_Qwen2.5-VL-7B-Instruct-LoRA_HF/ckpt/epoch_model_0_0.8076923076923077.pt  (freed 40.03MB)
[2026-07-27 09:01:18] [disk_guard]   candidate: /data/jehc223/RGCL/logging/Retrieval/MHC_zh/errpat_zh_remint_v2/RAC_lr0.0001_Bz64_Ep30_cosSim_triplet_drop[0.2, 0.4, 0.1]_topK20__PseudoGold_positive_1_hard_negative_1_seed2_hybrid_loss_Qwen2.5-VL-7B-Instruct-LoRA_HF/ckpt/epoch_model_1_0.8205128205128205.pt
[2026-07-27 09:01:18] [disk_guard]     mtime=2026-07-26 22:40:02 size=40.03MB
[2026-07-27 09:01:18] [disk_guard]     -> b2 subpath: logs/Retrieval/MHC_zh/errpat_zh_remint_v2/RAC_lr0.0001_Bz64_Ep30_cosSim_triplet_drop[0.2, 0.4, 0.1]_topK20__PseudoGold_positive_1_hard_negative_1_seed2_hybrid_loss_Qwen2.5-VL-7B-Instruct-LoRA_HF/ckpt/epoch_model_1_0.8205128205128205.pt
[2026-07-27 09:01:18] [disk_guard]     pushing to B2 ...
[2026-07-27 09:01:28] [disk_guard] verify: OK sha1=ba81011ede9e6b3dff2e04a7138b44dc607ac00a matches at b2:junyi-data/RGCL_video/logs/Retrieval/MHC_zh/errpat_zh_remint_v2/RAC_lr0.0001_Bz64_Ep30_cosSim_triplet_drop[0.2, 0.4, 0.1]_topK20__PseudoGold_positive_1_hard_negative_1_seed2_hybrid_loss_Qwen2.5-VL-7B-Instruct-LoRA_HF/ckpt/epoch_model_1_0.8205128205128205.pt
[2026-07-27 09:01:28] [disk_guard]     PRUNED local (verified on B2): /data/jehc223/RGCL/logging/Retrieval/MHC_zh/errpat_zh_remint_v2/RAC_lr0.0001_Bz64_Ep30_cosSim_triplet_drop[0.2, 0.4, 0.1]_topK20__PseudoGold_positive_1_hard_negative_1_seed2_hybrid_loss_Qwen2.5-VL-7B-Instruct-LoRA_HF/ckpt/epoch_model_1_0.8205128205128205.pt  (freed 40.03MB)
[2026-07-27 09:01:28] [disk_guard]   candidate: /data/jehc223/RGCL/logging/Retrieval/MHC_zh/errpat_zh_remint_v2/RAC_lr0.0001_Bz64_Ep30_cosSim_triplet_drop[0.2, 0.4, 0.1]_topK20__PseudoGold_positive_1_hard_negative_1_seed2_hybrid_loss_Qwen2.5-VL-7B-Instruct-LoRA_HF/ckpt/epoch_model_2_0.8461538461538461.pt
[2026-07-27 09:01:28] [disk_guard]     mtime=2026-07-26 22:40:03 size=40.03MB
[2026-07-27 09:01:28] [disk_guard]     -> b2 subpath: logs/Retrieval/MHC_zh/errpat_zh_remint_v2/RAC_lr0.0001_Bz64_Ep30_cosSim_triplet_drop[0.2, 0.4, 0.1]_topK20__PseudoGold_positive_1_hard_negative_1_seed2_hybrid_loss_Qwen2.5-VL-7B-Instruct-LoRA_HF/ckpt/epoch_model_2_0.8461538461538461.pt
[2026-07-27 09:01:28] [disk_guard]     pushing to B2 ...
[2026-07-27 09:01:38] [disk_guard] verify: OK sha1=938189205cbc8a1c7a5bf473bec2d7877f1103c7 matches at b2:junyi-data/RGCL_video/logs/Retrieval/MHC_zh/errpat_zh_remint_v2/RAC_lr0.0001_Bz64_Ep30_cosSim_triplet_drop[0.2, 0.4, 0.1]_topK20__PseudoGold_positive_1_hard_negative_1_seed2_hybrid_loss_Qwen2.5-VL-7B-Instruct-LoRA_HF/ckpt/epoch_model_2_0.8461538461538461.pt
[2026-07-27 09:01:38] [disk_guard]     PRUNED local (verified on B2): /data/jehc223/RGCL/logging/Retrieval/MHC_zh/errpat_zh_remint_v2/RAC_lr0.0001_Bz64_Ep30_cosSim_triplet_drop[0.2, 0.4, 0.1]_topK20__PseudoGold_positive_1_hard_negative_1_seed2_hybrid_loss_Qwen2.5-VL-7B-Instruct-LoRA_HF/ckpt/epoch_model_2_0.8461538461538461.pt  (freed 40.03MB)
[2026-07-27 09:01:38] [disk_guard]   candidate: /data/jehc223/RGCL/logging/Retrieval/MHC_zh/errpat_zh_remint_v2/RAC_lr0.0001_Bz64_Ep30_cosSim_triplet_drop[0.2, 0.4, 0.1]_topK20__PseudoGold_positive_1_hard_negative_1_seed2_hybrid_loss_Qwen2.5-VL-7B-Instruct-LoRA_HF/ckpt/epoch_model_3_0.8333333333333334.pt
[2026-07-27 09:01:38] [disk_guard]     mtime=2026-07-26 22:40:05 size=40.03MB
[2026-07-27 09:01:38] [disk_guard]     -> b2 subpath: logs/Retrieval/MHC_zh/errpat_zh_remint_v2/RAC_lr0.0001_Bz64_Ep30_cosSim_triplet_drop[0.2, 0.4, 0.1]_topK20__PseudoGold_positive_1_hard_negative_1_seed2_hybrid_loss_Qwen2.5-VL-7B-Instruct-LoRA_HF/ckpt/epoch_model_3_0.8333333333333334.pt
[2026-07-27 09:01:38] [disk_guard]     pushing to B2 ...
[2026-07-27 09:01:47] [disk_guard] verify: OK sha1=15d8d2fe37078e84533a707c5408acf8d7643fbd matches at b2:junyi-data/RGCL_video/logs/Retrieval/MHC_zh/errpat_zh_remint_v2/RAC_lr0.0001_Bz64_Ep30_cosSim_triplet_drop[0.2, 0.4, 0.1]_topK20__PseudoGold_positive_1_hard_negative_1_seed2_hybrid_loss_Qwen2.5-VL-7B-Instruct-LoRA_HF/ckpt/epoch_model_3_0.8333333333333334.pt
[2026-07-27 09:01:47] [disk_guard]     PRUNED local (verified on B2): /data/jehc223/RGCL/logging/Retrieval/MHC_zh/errpat_zh_remint_v2/RAC_lr0.0001_Bz64_Ep30_cosSim_triplet_drop[0.2, 0.4, 0.1]_topK20__PseudoGold_positive_1_hard_negative_1_seed2_hybrid_loss_Qwen2.5-VL-7B-Instruct-LoRA_HF/ckpt/epoch_model_3_0.8333333333333334.pt  (freed 40.03MB)
[2026-07-27 09:01:47] [disk_guard]   candidate: /data/jehc223/RGCL/logging/Retrieval/MHC_zh/errpat_zh_remint_v2/RAC_lr0.0001_Bz64_Ep30_cosSim_triplet_drop[0.2, 0.4, 0.1]_topK20__PseudoGold_positive_1_hard_negative_1_seed2_hybrid_loss_Qwen2.5-VL-7B-Instruct-LoRA_HF/ckpt/epoch_model_4_0.8333333333333334.pt
[2026-07-27 09:01:47] [disk_guard]     mtime=2026-07-26 22:40:06 size=40.03MB
[2026-07-27 09:01:47] [disk_guard]     -> b2 subpath: logs/Retrieval/MHC_zh/errpat_zh_remint_v2/RAC_lr0.0001_Bz64_Ep30_cosSim_triplet_drop[0.2, 0.4, 0.1]_topK20__PseudoGold_positive_1_hard_negative_1_seed2_hybrid_loss_Qwen2.5-VL-7B-Instruct-LoRA_HF/ckpt/epoch_model_4_0.8333333333333334.pt
[2026-07-27 09:01:47] [disk_guard]     pushing to B2 ...
[2026-07-27 09:01:57] [disk_guard] verify: OK sha1=98d7e488f62ab15ec344420365222f8d0b9ea240 matches at b2:junyi-data/RGCL_video/logs/Retrieval/MHC_zh/errpat_zh_remint_v2/RAC_lr0.0001_Bz64_Ep30_cosSim_triplet_drop[0.2, 0.4, 0.1]_topK20__PseudoGold_positive_1_hard_negative_1_seed2_hybrid_loss_Qwen2.5-VL-7B-Instruct-LoRA_HF/ckpt/epoch_model_4_0.8333333333333334.pt
[2026-07-27 09:01:57] [disk_guard]     PRUNED local (verified on B2): /data/jehc223/RGCL/logging/Retrieval/MHC_zh/errpat_zh_remint_v2/RAC_lr0.0001_Bz64_Ep30_cosSim_triplet_drop[0.2, 0.4, 0.1]_topK20__PseudoGold_positive_1_hard_negative_1_seed2_hybrid_loss_Qwen2.5-VL-7B-Instruct-LoRA_HF/ckpt/epoch_model_4_0.8333333333333334.pt  (freed 40.03MB)
[2026-07-27 09:01:57] [disk_guard]   candidate: /data/jehc223/RGCL/logging/Retrieval/MHC_zh/errpat_zh_remint_v2/RAC_lr0.0001_Bz64_Ep30_cosSim_triplet_drop[0.2, 0.4, 0.1]_topK20__PseudoGold_positive_1_hard_negative_1_seed2_hybrid_loss_Qwen2.5-VL-7B-Instruct-LoRA_HF/ckpt/epoch_model_5_0.8717948717948718.pt
[2026-07-27 09:01:57] [disk_guard]     mtime=2026-07-26 22:40:08 size=40.03MB
[2026-07-27 09:01:57] [disk_guard]     -> b2 subpath: logs/Retrieval/MHC_zh/errpat_zh_remint_v2/RAC_lr0.0001_Bz64_Ep30_cosSim_triplet_drop[0.2, 0.4, 0.1]_topK20__PseudoGold_positive_1_hard_negative_1_seed2_hybrid_loss_Qwen2.5-VL-7B-Instruct-LoRA_HF/ckpt/epoch_model_5_0.8717948717948718.pt
[2026-07-27 09:01:57] [disk_guard]     pushing to B2 ...
[2026-07-27 09:02:07] [disk_guard] verify: OK sha1=ab50419ae089439a048b219556e9a76b121cb9da matches at b2:junyi-data/RGCL_video/logs/Retrieval/MHC_zh/errpat_zh_remint_v2/RAC_lr0.0001_Bz64_Ep30_cosSim_triplet_drop[0.2, 0.4, 0.1]_topK20__PseudoGold_positive_1_hard_negative_1_seed2_hybrid_loss_Qwen2.5-VL-7B-Instruct-LoRA_HF/ckpt/epoch_model_5_0.8717948717948718.pt
[2026-07-27 09:02:07] [disk_guard]     PRUNED local (verified on B2): /data/jehc223/RGCL/logging/Retrieval/MHC_zh/errpat_zh_remint_v2/RAC_lr0.0001_Bz64_Ep30_cosSim_triplet_drop[0.2, 0.4, 0.1]_topK20__PseudoGold_positive_1_hard_negative_1_seed2_hybrid_loss_Qwen2.5-VL-7B-Instruct-LoRA_HF/ckpt/epoch_model_5_0.8717948717948718.pt  (freed 40.03MB)
[2026-07-27 09:02:07] [disk_guard]   candidate: /data/jehc223/RGCL/logging/Retrieval/MHC_zh/errpat_zh_remint_v2/RAC_lr0.0001_Bz64_Ep30_cosSim_triplet_drop[0.2, 0.4, 0.1]_topK20__PseudoGold_positive_1_hard_negative_1_seed2_hybrid_loss_Qwen2.5-VL-7B-Instruct-LoRA_HF/ckpt/best_model_5_0.8717948717948718.pt
[2026-07-27 09:02:07] [disk_guard]     mtime=2026-07-26 22:40:08 size=40.03MB
[2026-07-27 09:02:07] [disk_guard]     -> b2 subpath: logs/Retrieval/MHC_zh/errpat_zh_remint_v2/RAC_lr0.0001_Bz64_Ep30_cosSim_triplet_drop[0.2, 0.4, 0.1]_topK20__PseudoGold_positive_1_hard_negative_1_seed2_hybrid_loss_Qwen2.5-VL-7B-Instruct-LoRA_HF/ckpt/best_model_5_0.8717948717948718.pt
[2026-07-27 09:02:07] [disk_guard]     pushing to B2 ...
[2026-07-27 09:02:18] [disk_guard] verify: OK sha1=d5fc37365f29d86c119dadbc09e576f8db02f708 matches at b2:junyi-data/RGCL_video/logs/Retrieval/MHC_zh/errpat_zh_remint_v2/RAC_lr0.0001_Bz64_Ep30_cosSim_triplet_drop[0.2, 0.4, 0.1]_topK20__PseudoGold_positive_1_hard_negative_1_seed2_hybrid_loss_Qwen2.5-VL-7B-Instruct-LoRA_HF/ckpt/best_model_5_0.8717948717948718.pt
[2026-07-27 09:02:18] [disk_guard]     PRUNED local (verified on B2): /data/jehc223/RGCL/logging/Retrieval/MHC_zh/errpat_zh_remint_v2/RAC_lr0.0001_Bz64_Ep30_cosSim_triplet_drop[0.2, 0.4, 0.1]_topK20__PseudoGold_positive_1_hard_negative_1_seed2_hybrid_loss_Qwen2.5-VL-7B-Instruct-LoRA_HF/ckpt/best_model_5_0.8717948717948718.pt  (freed 40.03MB)
[2026-07-27 09:02:18] [disk_guard]   candidate: /data/jehc223/RGCL/logging/Retrieval/MHC_zh/errpat_zh_remint_v2/RAC_lr0.0001_Bz64_Ep30_cosSim_triplet_drop[0.2, 0.4, 0.1]_topK20__PseudoGold_positive_1_hard_negative_1_seed2_hybrid_loss_Qwen2.5-VL-7B-Instruct-LoRA_HF/ckpt/epoch_model_6_0.8717948717948718.pt
[2026-07-27 09:02:18] [disk_guard]     mtime=2026-07-26 22:40:09 size=40.03MB
[2026-07-27 09:02:18] [disk_guard]     -> b2 subpath: logs/Retrieval/MHC_zh/errpat_zh_remint_v2/RAC_lr0.0001_Bz64_Ep30_cosSim_triplet_drop[0.2, 0.4, 0.1]_topK20__PseudoGold_positive_1_hard_negative_1_seed2_hybrid_loss_Qwen2.5-VL-7B-Instruct-LoRA_HF/ckpt/epoch_model_6_0.8717948717948718.pt
[2026-07-27 09:02:18] [disk_guard]     pushing to B2 ...
[2026-07-27 09:02:28] [disk_guard] verify: OK sha1=921ea47f65de1b28107a61a7009adf148ba976ca matches at b2:junyi-data/RGCL_video/logs/Retrieval/MHC_zh/errpat_zh_remint_v2/RAC_lr0.0001_Bz64_Ep30_cosSim_triplet_drop[0.2, 0.4, 0.1]_topK20__PseudoGold_positive_1_hard_negative_1_seed2_hybrid_loss_Qwen2.5-VL-7B-Instruct-LoRA_HF/ckpt/epoch_model_6_0.8717948717948718.pt
[2026-07-27 09:02:28] [disk_guard]     PRUNED local (verified on B2): /data/jehc223/RGCL/logging/Retrieval/MHC_zh/errpat_zh_remint_v2/RAC_lr0.0001_Bz64_Ep30_cosSim_triplet_drop[0.2, 0.4, 0.1]_topK20__PseudoGold_positive_1_hard_negative_1_seed2_hybrid_loss_Qwen2.5-VL-7B-Instruct-LoRA_HF/ckpt/epoch_model_6_0.8717948717948718.pt  (freed 40.03MB)
[2026-07-27 09:02:28] [disk_guard]   candidate: /data/jehc223/RGCL/logging/Retrieval/MHC_zh/errpat_zh_remint_v2/RAC_lr0.0001_Bz64_Ep30_cosSim_triplet_drop[0.2, 0.4, 0.1]_topK20__PseudoGold_positive_1_hard_negative_1_seed2_hybrid_loss_Qwen2.5-VL-7B-Instruct-LoRA_HF/ckpt/best_model_6_0.8717948717948718.pt
[2026-07-27 09:02:28] [disk_guard]     mtime=2026-07-26 22:40:09 size=40.03MB
[2026-07-27 09:02:28] [disk_guard]     -> b2 subpath: logs/Retrieval/MHC_zh/errpat_zh_remint_v2/RAC_lr0.0001_Bz64_Ep30_cosSim_triplet_drop[0.2, 0.4, 0.1]_topK20__PseudoGold_positive_1_hard_negative_1_seed2_hybrid_loss_Qwen2.5-VL-7B-Instruct-LoRA_HF/ckpt/best_model_6_0.8717948717948718.pt
[2026-07-27 09:02:28] [disk_guard]     pushing to B2 ...
[2026-07-27 09:02:40] [disk_guard] verify: OK sha1=46f3647992a6fa8b2b8b7bbb2ae3f5df3b66fb18 matches at b2:junyi-data/RGCL_video/logs/Retrieval/MHC_zh/errpat_zh_remint_v2/RAC_lr0.0001_Bz64_Ep30_cosSim_triplet_drop[0.2, 0.4, 0.1]_topK20__PseudoGold_positive_1_hard_negative_1_seed2_hybrid_loss_Qwen2.5-VL-7B-Instruct-LoRA_HF/ckpt/best_model_6_0.8717948717948718.pt
[2026-07-27 09:02:40] [disk_guard]     PRUNED local (verified on B2): /data/jehc223/RGCL/logging/Retrieval/MHC_zh/errpat_zh_remint_v2/RAC_lr0.0001_Bz64_Ep30_cosSim_triplet_drop[0.2, 0.4, 0.1]_topK20__PseudoGold_positive_1_hard_negative_1_seed2_hybrid_loss_Qwen2.5-VL-7B-Instruct-LoRA_HF/ckpt/best_model_6_0.8717948717948718.pt  (freed 40.03MB)
[2026-07-27 09:02:40] [disk_guard]   candidate: /data/jehc223/RGCL/logging/Retrieval/MHC_zh/errpat_zh_remint_v2/RAC_lr0.0001_Bz64_Ep30_cosSim_triplet_drop[0.2, 0.4, 0.1]_topK20__PseudoGold_positive_1_hard_negative_1_seed2_hybrid_loss_Qwen2.5-VL-7B-Instruct-LoRA_HF/ckpt/epoch_model_7_0.8205128205128205.pt
[2026-07-27 09:02:40] [disk_guard]     mtime=2026-07-26 22:40:10 size=40.03MB
[2026-07-27 09:02:40] [disk_guard]     -> b2 subpath: logs/Retrieval/MHC_zh/errpat_zh_remint_v2/RAC_lr0.0001_Bz64_Ep30_cosSim_triplet_drop[0.2, 0.4, 0.1]_topK20__PseudoGold_positive_1_hard_negative_1_seed2_hybrid_loss_Qwen2.5-VL-7B-Instruct-LoRA_HF/ckpt/epoch_model_7_0.8205128205128205.pt
[2026-07-27 09:02:40] [disk_guard]     pushing to B2 ...
[2026-07-27 09:02:50] [disk_guard] verify: OK sha1=9a65d7e996a07405700b0764f8fc3442c3395e6c matches at b2:junyi-data/RGCL_video/logs/Retrieval/MHC_zh/errpat_zh_remint_v2/RAC_lr0.0001_Bz64_Ep30_cosSim_triplet_drop[0.2, 0.4, 0.1]_topK20__PseudoGold_positive_1_hard_negative_1_seed2_hybrid_loss_Qwen2.5-VL-7B-Instruct-LoRA_HF/ckpt/epoch_model_7_0.8205128205128205.pt
[2026-07-27 09:02:50] [disk_guard]     PRUNED local (verified on B2): /data/jehc223/RGCL/logging/Retrieval/MHC_zh/errpat_zh_remint_v2/RAC_lr0.0001_Bz64_Ep30_cosSim_triplet_drop[0.2, 0.4, 0.1]_topK20__PseudoGold_positive_1_hard_negative_1_seed2_hybrid_loss_Qwen2.5-VL-7B-Instruct-LoRA_HF/ckpt/epoch_model_7_0.8205128205128205.pt  (freed 40.03MB)
[2026-07-27 09:02:50] [disk_guard]   candidate: /data/jehc223/RGCL/logging/Retrieval/MHC_zh/errpat_zh_remint_v2/RAC_lr0.0001_Bz64_Ep30_cosSim_triplet_drop[0.2, 0.4, 0.1]_topK20__PseudoGold_positive_1_hard_negative_1_seed2_hybrid_loss_Qwen2.5-VL-7B-Instruct-LoRA_HF/ckpt/epoch_model_8_0.8333333333333334.pt
[2026-07-27 09:02:50] [disk_guard]     mtime=2026-07-26 22:40:12 size=40.03MB
[2026-07-27 09:02:50] [disk_guard]     -> b2 subpath: logs/Retrieval/MHC_zh/errpat_zh_remint_v2/RAC_lr0.0001_Bz64_Ep30_cosSim_triplet_drop[0.2, 0.4, 0.1]_topK20__PseudoGold_positive_1_hard_negative_1_seed2_hybrid_loss_Qwen2.5-VL-7B-Instruct-LoRA_HF/ckpt/epoch_model_8_0.8333333333333334.pt
[2026-07-27 09:02:50] [disk_guard]     pushing to B2 ...
[2026-07-27 09:03:01] [disk_guard]     ERROR: push failed; NOT deleting local. Skipping.
[2026-07-27 09:03:01] [disk_guard]   candidate: /data/jehc223/RGCL/logging/Retrieval/MHC_zh/errpat_zh_remint_v2/RAC_lr0.0001_Bz64_Ep30_cosSim_triplet_drop[0.2, 0.4, 0.1]_topK20__PseudoGold_positive_1_hard_negative_1_seed2_hybrid_loss_Qwen2.5-VL-7B-Instruct-LoRA_HF/ckpt/epoch_model_9_0.8589743589743589.pt
[2026-07-27 09:03:01] [disk_guard]     mtime=2026-07-26 22:40:13 size=40.03MB
[2026-07-27 09:03:01] [disk_guard]     -> b2 subpath: logs/Retrieval/MHC_zh/errpat_zh_remint_v2/RAC_lr0.0001_Bz64_Ep30_cosSim_triplet_drop[0.2, 0.4, 0.1]_topK20__PseudoGold_positive_1_hard_negative_1_seed2_hybrid_loss_Qwen2.5-VL-7B-Instruct-LoRA_HF/ckpt/epoch_model_9_0.8589743589743589.pt
[2026-07-27 09:03:01] [disk_guard]     pushing to B2 ...
[2026-07-27 09:03:11] [disk_guard] verify: OK sha1=89cf1dd7ceb25f291a74103c2e6e65da9151f6e1 matches at b2:junyi-data/RGCL_video/logs/Retrieval/MHC_zh/errpat_zh_remint_v2/RAC_lr0.0001_Bz64_Ep30_cosSim_triplet_drop[0.2, 0.4, 0.1]_topK20__PseudoGold_positive_1_hard_negative_1_seed2_hybrid_loss_Qwen2.5-VL-7B-Instruct-LoRA_HF/ckpt/epoch_model_9_0.8589743589743589.pt
[2026-07-27 09:03:11] [disk_guard]     PRUNED local (verified on B2): /data/jehc223/RGCL/logging/Retrieval/MHC_zh/errpat_zh_remint_v2/RAC_lr0.0001_Bz64_Ep30_cosSim_triplet_drop[0.2, 0.4, 0.1]_topK20__PseudoGold_positive_1_hard_negative_1_seed2_hybrid_loss_Qwen2.5-VL-7B-Instruct-LoRA_HF/ckpt/epoch_model_9_0.8589743589743589.pt  (freed 40.03MB)
[2026-07-27 09:03:11] [disk_guard]   candidate: /data/jehc223/RGCL/logging/Retrieval/MHC_zh/errpat_zh_remint_v2/RAC_lr0.0001_Bz64_Ep30_cosSim_triplet_drop[0.2, 0.4, 0.1]_topK20__PseudoGold_positive_1_hard_negative_1_seed2_hybrid_loss_Qwen2.5-VL-7B-Instruct-LoRA_HF/ckpt/epoch_model_10_0.8589743589743589.pt
[2026-07-27 09:03:11] [disk_guard]     mtime=2026-07-26 22:40:14 size=40.03MB
[2026-07-27 09:03:11] [disk_guard]     -> b2 subpath: logs/Retrieval/MHC_zh/errpat_zh_remint_v2/RAC_lr0.0001_Bz64_Ep30_cosSim_triplet_drop[0.2, 0.4, 0.1]_topK20__PseudoGold_positive_1_hard_negative_1_seed2_hybrid_loss_Qwen2.5-VL-7B-Instruct-LoRA_HF/ckpt/epoch_model_10_0.8589743589743589.pt
[2026-07-27 09:03:11] [disk_guard]     pushing to B2 ...
[2026-07-27 09:03:22] [disk_guard] verify: OK sha1=1a35263dcf4d7c4fd3148ccb3f5806da35c64fe1 matches at b2:junyi-data/RGCL_video/logs/Retrieval/MHC_zh/errpat_zh_remint_v2/RAC_lr0.0001_Bz64_Ep30_cosSim_triplet_drop[0.2, 0.4, 0.1]_topK20__PseudoGold_positive_1_hard_negative_1_seed2_hybrid_loss_Qwen2.5-VL-7B-Instruct-LoRA_HF/ckpt/epoch_model_10_0.8589743589743589.pt
[2026-07-27 09:03:22] [disk_guard]     PRUNED local (verified on B2): /data/jehc223/RGCL/logging/Retrieval/MHC_zh/errpat_zh_remint_v2/RAC_lr0.0001_Bz64_Ep30_cosSim_triplet_drop[0.2, 0.4, 0.1]_topK20__PseudoGold_positive_1_hard_negative_1_seed2_hybrid_loss_Qwen2.5-VL-7B-Instruct-LoRA_HF/ckpt/epoch_model_10_0.8589743589743589.pt  (freed 40.03MB)
[2026-07-27 09:03:22] [disk_guard]   candidate: /data/jehc223/RGCL/logging/Retrieval/MHC_zh/errpat_zh_remint_v2/RAC_lr0.0001_Bz64_Ep30_cosSim_triplet_drop[0.2, 0.4, 0.1]_topK20__PseudoGold_positive_1_hard_negative_1_seed2_hybrid_loss_Qwen2.5-VL-7B-Instruct-LoRA_HF/ckpt/epoch_model_11_0.8589743589743589.pt
[2026-07-27 09:03:22] [disk_guard]     mtime=2026-07-26 22:40:16 size=40.03MB
[2026-07-27 09:03:22] [disk_guard]     -> b2 subpath: logs/Retrieval/MHC_zh/errpat_zh_remint_v2/RAC_lr0.0001_Bz64_Ep30_cosSim_triplet_drop[0.2, 0.4, 0.1]_topK20__PseudoGold_positive_1_hard_negative_1_seed2_hybrid_loss_Qwen2.5-VL-7B-Instruct-LoRA_HF/ckpt/epoch_model_11_0.8589743589743589.pt
[2026-07-27 09:03:22] [disk_guard]     pushing to B2 ...
[2026-07-27 09:03:32] [disk_guard] verify: OK sha1=16841d7623c8166a7c3918f194068ff11d2f291e matches at b2:junyi-data/RGCL_video/logs/Retrieval/MHC_zh/errpat_zh_remint_v2/RAC_lr0.0001_Bz64_Ep30_cosSim_triplet_drop[0.2, 0.4, 0.1]_topK20__PseudoGold_positive_1_hard_negative_1_seed2_hybrid_loss_Qwen2.5-VL-7B-Instruct-LoRA_HF/ckpt/epoch_model_11_0.8589743589743589.pt
[2026-07-27 09:03:32] [disk_guard]     PRUNED local (verified on B2): /data/jehc223/RGCL/logging/Retrieval/MHC_zh/errpat_zh_remint_v2/RAC_lr0.0001_Bz64_Ep30_cosSim_triplet_drop[0.2, 0.4, 0.1]_topK20__PseudoGold_positive_1_hard_negative_1_seed2_hybrid_loss_Qwen2.5-VL-7B-Instruct-LoRA_HF/ckpt/epoch_model_11_0.8589743589743589.pt  (freed 40.03MB)
[2026-07-27 09:03:32] [disk_guard]   candidate: /data/jehc223/RGCL/logging/Retrieval/MHC_zh/errpat_zh_remint_v2/RAC_lr0.0001_Bz64_Ep30_cosSim_triplet_drop[0.2, 0.4, 0.1]_topK20__PseudoGold_positive_1_hard_negative_1_seed2_hybrid_loss_Qwen2.5-VL-7B-Instruct-LoRA_HF/ckpt/epoch_model_12_0.8461538461538461.pt
[2026-07-27 09:03:32] [disk_guard]     mtime=2026-07-26 22:40:17 size=40.03MB
[2026-07-27 09:03:32] [disk_guard]     -> b2 subpath: logs/Retrieval/MHC_zh/errpat_zh_remint_v2/RAC_lr0.0001_Bz64_Ep30_cosSim_triplet_drop[0.2, 0.4, 0.1]_topK20__PseudoGold_positive_1_hard_negative_1_seed2_hybrid_loss_Qwen2.5-VL-7B-Instruct-LoRA_HF/ckpt/epoch_model_12_0.8461538461538461.pt
[2026-07-27 09:03:32] [disk_guard]     pushing to B2 ...
[2026-07-27 09:03:41] [disk_guard] verify: OK sha1=fc4a831b9a1a3c6d3f8d50af37e537dae7630fed matches at b2:junyi-data/RGCL_video/logs/Retrieval/MHC_zh/errpat_zh_remint_v2/RAC_lr0.0001_Bz64_Ep30_cosSim_triplet_drop[0.2, 0.4, 0.1]_topK20__PseudoGold_positive_1_hard_negative_1_seed2_hybrid_loss_Qwen2.5-VL-7B-Instruct-LoRA_HF/ckpt/epoch_model_12_0.8461538461538461.pt
[2026-07-27 09:03:41] [disk_guard]     PRUNED local (verified on B2): /data/jehc223/RGCL/logging/Retrieval/MHC_zh/errpat_zh_remint_v2/RAC_lr0.0001_Bz64_Ep30_cosSim_triplet_drop[0.2, 0.4, 0.1]_topK20__PseudoGold_positive_1_hard_negative_1_seed2_hybrid_loss_Qwen2.5-VL-7B-Instruct-LoRA_HF/ckpt/epoch_model_12_0.8461538461538461.pt  (freed 40.03MB)
[2026-07-27 09:03:41] [disk_guard]   candidate: /data/jehc223/RGCL/logging/Retrieval/MHC_zh/errpat_zh_remint_v2/RAC_lr0.0001_Bz64_Ep30_cosSim_triplet_drop[0.2, 0.4, 0.1]_topK20__PseudoGold_positive_1_hard_negative_1_seed2_hybrid_loss_Qwen2.5-VL-7B-Instruct-LoRA_HF/ckpt/epoch_model_13_0.8461538461538461.pt
[2026-07-27 09:03:41] [disk_guard]     mtime=2026-07-26 22:40:19 size=40.03MB
[2026-07-27 09:03:41] [disk_guard]     -> b2 subpath: logs/Retrieval/MHC_zh/errpat_zh_remint_v2/RAC_lr0.0001_Bz64_Ep30_cosSim_triplet_drop[0.2, 0.4, 0.1]_topK20__PseudoGold_positive_1_hard_negative_1_seed2_hybrid_loss_Qwen2.5-VL-7B-Instruct-LoRA_HF/ckpt/epoch_model_13_0.8461538461538461.pt
[2026-07-27 09:03:41] [disk_guard]     pushing to B2 ...
[2026-07-27 09:03:53] [disk_guard] verify: OK sha1=360678a127b4d91991b091861facf30f42706ec6 matches at b2:junyi-data/RGCL_video/logs/Retrieval/MHC_zh/errpat_zh_remint_v2/RAC_lr0.0001_Bz64_Ep30_cosSim_triplet_drop[0.2, 0.4, 0.1]_topK20__PseudoGold_positive_1_hard_negative_1_seed2_hybrid_loss_Qwen2.5-VL-7B-Instruct-LoRA_HF/ckpt/epoch_model_13_0.8461538461538461.pt
[2026-07-27 09:03:53] [disk_guard]     PRUNED local (verified on B2): /data/jehc223/RGCL/logging/Retrieval/MHC_zh/errpat_zh_remint_v2/RAC_lr0.0001_Bz64_Ep30_cosSim_triplet_drop[0.2, 0.4, 0.1]_topK20__PseudoGold_positive_1_hard_negative_1_seed2_hybrid_loss_Qwen2.5-VL-7B-Instruct-LoRA_HF/ckpt/epoch_model_13_0.8461538461538461.pt  (freed 40.03MB)
[2026-07-27 09:03:53] [disk_guard]   candidate: /data/jehc223/RGCL/logging/Retrieval/MHC_zh/errpat_zh_remint_v2/RAC_lr0.0001_Bz64_Ep30_cosSim_triplet_drop[0.2, 0.4, 0.1]_topK20__PseudoGold_positive_1_hard_negative_1_seed2_hybrid_loss_Qwen2.5-VL-7B-Instruct-LoRA_HF/ckpt/epoch_model_14_0.8205128205128205.pt
[2026-07-27 09:03:53] [disk_guard]     mtime=2026-07-26 22:40:20 size=40.03MB
[2026-07-27 09:03:53] [disk_guard]     -> b2 subpath: logs/Retrieval/MHC_zh/errpat_zh_remint_v2/RAC_lr0.0001_Bz64_Ep30_cosSim_triplet_drop[0.2, 0.4, 0.1]_topK20__PseudoGold_positive_1_hard_negative_1_seed2_hybrid_loss_Qwen2.5-VL-7B-Instruct-LoRA_HF/ckpt/epoch_model_14_0.8205128205128205.pt
[2026-07-27 09:03:53] [disk_guard]     pushing to B2 ...
[2026-07-27 09:04:03] [disk_guard] verify: OK sha1=b40d1150ac6f766d9ded15b98bc98db686b455d3 matches at b2:junyi-data/RGCL_video/logs/Retrieval/MHC_zh/errpat_zh_remint_v2/RAC_lr0.0001_Bz64_Ep30_cosSim_triplet_drop[0.2, 0.4, 0.1]_topK20__PseudoGold_positive_1_hard_negative_1_seed2_hybrid_loss_Qwen2.5-VL-7B-Instruct-LoRA_HF/ckpt/epoch_model_14_0.8205128205128205.pt
[2026-07-27 09:04:03] [disk_guard]     PRUNED local (verified on B2): /data/jehc223/RGCL/logging/Retrieval/MHC_zh/errpat_zh_remint_v2/RAC_lr0.0001_Bz64_Ep30_cosSim_triplet_drop[0.2, 0.4, 0.1]_topK20__PseudoGold_positive_1_hard_negative_1_seed2_hybrid_loss_Qwen2.5-VL-7B-Instruct-LoRA_HF/ckpt/epoch_model_14_0.8205128205128205.pt  (freed 40.03MB)
[2026-07-27 09:04:03] [disk_guard]   candidate: /data/jehc223/RGCL/logging/Retrieval/MHC_zh/errpat_zh_remint_v2/RAC_lr0.0001_Bz64_Ep30_cosSim_triplet_drop[0.2, 0.4, 0.1]_topK20__PseudoGold_positive_1_hard_negative_1_seed2_hybrid_loss_Qwen2.5-VL-7B-Instruct-LoRA_HF/ckpt/epoch_model_15_0.8461538461538461.pt
[2026-07-27 09:04:03] [disk_guard]     mtime=2026-07-26 22:40:21 size=40.03MB
[2026-07-27 09:04:03] [disk_guard]     -> b2 subpath: logs/Retrieval/MHC_zh/errpat_zh_remint_v2/RAC_lr0.0001_Bz64_Ep30_cosSim_triplet_drop[0.2, 0.4, 0.1]_topK20__PseudoGold_positive_1_hard_negative_1_seed2_hybrid_loss_Qwen2.5-VL-7B-Instruct-LoRA_HF/ckpt/epoch_model_15_0.8461538461538461.pt
[2026-07-27 09:04:03] [disk_guard]     pushing to B2 ...
[2026-07-27 09:04:14] [disk_guard] verify: OK sha1=9c81a4b337af0fcc8724852a51ffa769dba9a8af matches at b2:junyi-data/RGCL_video/logs/Retrieval/MHC_zh/errpat_zh_remint_v2/RAC_lr0.0001_Bz64_Ep30_cosSim_triplet_drop[0.2, 0.4, 0.1]_topK20__PseudoGold_positive_1_hard_negative_1_seed2_hybrid_loss_Qwen2.5-VL-7B-Instruct-LoRA_HF/ckpt/epoch_model_15_0.8461538461538461.pt
[2026-07-27 09:04:14] [disk_guard]     PRUNED local (verified on B2): /data/jehc223/RGCL/logging/Retrieval/MHC_zh/errpat_zh_remint_v2/RAC_lr0.0001_Bz64_Ep30_cosSim_triplet_drop[0.2, 0.4, 0.1]_topK20__PseudoGold_positive_1_hard_negative_1_seed2_hybrid_loss_Qwen2.5-VL-7B-Instruct-LoRA_HF/ckpt/epoch_model_15_0.8461538461538461.pt  (freed 40.03MB)
[2026-07-27 09:04:14] [disk_guard]   candidate: /data/jehc223/RGCL/logging/Retrieval/MHC_zh/errpat_zh_remint_v2/RAC_lr0.0001_Bz64_Ep30_cosSim_triplet_drop[0.2, 0.4, 0.1]_topK20__PseudoGold_positive_1_hard_negative_1_seed2_hybrid_loss_Qwen2.5-VL-7B-Instruct-LoRA_HF/ckpt/epoch_model_16_0.8333333333333334.pt
[2026-07-27 09:04:14] [disk_guard]     mtime=2026-07-26 22:40:23 size=40.03MB
[2026-07-27 09:04:14] [disk_guard]     -> b2 subpath: logs/Retrieval/MHC_zh/errpat_zh_remint_v2/RAC_lr0.0001_Bz64_Ep30_cosSim_triplet_drop[0.2, 0.4, 0.1]_topK20__PseudoGold_positive_1_hard_negative_1_seed2_hybrid_loss_Qwen2.5-VL-7B-Instruct-LoRA_HF/ckpt/epoch_model_16_0.8333333333333334.pt
[2026-07-27 09:04:14] [disk_guard]     pushing to B2 ...
[2026-07-27 09:04:24] [disk_guard] verify: OK sha1=5f407c66571892796195196d49b6a0a1731b0667 matches at b2:junyi-data/RGCL_video/logs/Retrieval/MHC_zh/errpat_zh_remint_v2/RAC_lr0.0001_Bz64_Ep30_cosSim_triplet_drop[0.2, 0.4, 0.1]_topK20__PseudoGold_positive_1_hard_negative_1_seed2_hybrid_loss_Qwen2.5-VL-7B-Instruct-LoRA_HF/ckpt/epoch_model_16_0.8333333333333334.pt
[2026-07-27 09:04:25] [disk_guard]     PRUNED local (verified on B2): /data/jehc223/RGCL/logging/Retrieval/MHC_zh/errpat_zh_remint_v2/RAC_lr0.0001_Bz64_Ep30_cosSim_triplet_drop[0.2, 0.4, 0.1]_topK20__PseudoGold_positive_1_hard_negative_1_seed2_hybrid_loss_Qwen2.5-VL-7B-Instruct-LoRA_HF/ckpt/epoch_model_16_0.8333333333333334.pt  (freed 40.03MB)
[2026-07-27 09:04:25] [disk_guard]   candidate: /data/jehc223/RGCL/logging/Retrieval/MHC_zh/errpat_zh_remint_v2/RAC_lr0.0001_Bz64_Ep30_cosSim_triplet_drop[0.2, 0.4, 0.1]_topK20__PseudoGold_positive_1_hard_negative_1_seed2_hybrid_loss_Qwen2.5-VL-7B-Instruct-LoRA_HF/ckpt/epoch_model_17_0.8333333333333334.pt
[2026-07-27 09:04:25] [disk_guard]     mtime=2026-07-26 22:40:24 size=40.03MB
[2026-07-27 09:04:25] [disk_guard]     -> b2 subpath: logs/Retrieval/MHC_zh/errpat_zh_remint_v2/RAC_lr0.0001_Bz64_Ep30_cosSim_triplet_drop[0.2, 0.4, 0.1]_topK20__PseudoGold_positive_1_hard_negative_1_seed2_hybrid_loss_Qwen2.5-VL-7B-Instruct-LoRA_HF/ckpt/epoch_model_17_0.8333333333333334.pt
[2026-07-27 09:04:25] [disk_guard]     pushing to B2 ...
[2026-07-27 09:04:34] [disk_guard] verify: OK sha1=40ead4a6da7cd6039b1e39a0aea06a83ea57f1eb matches at b2:junyi-data/RGCL_video/logs/Retrieval/MHC_zh/errpat_zh_remint_v2/RAC_lr0.0001_Bz64_Ep30_cosSim_triplet_drop[0.2, 0.4, 0.1]_topK20__PseudoGold_positive_1_hard_negative_1_seed2_hybrid_loss_Qwen2.5-VL-7B-Instruct-LoRA_HF/ckpt/epoch_model_17_0.8333333333333334.pt
[2026-07-27 09:04:34] [disk_guard]     PRUNED local (verified on B2): /data/jehc223/RGCL/logging/Retrieval/MHC_zh/errpat_zh_remint_v2/RAC_lr0.0001_Bz64_Ep30_cosSim_triplet_drop[0.2, 0.4, 0.1]_topK20__PseudoGold_positive_1_hard_negative_1_seed2_hybrid_loss_Qwen2.5-VL-7B-Instruct-LoRA_HF/ckpt/epoch_model_17_0.8333333333333334.pt  (freed 40.03MB)
[2026-07-27 09:04:34] [disk_guard]   candidate: /data/jehc223/RGCL/logging/Retrieval/MHC_zh/errpat_zh_remint_v2/RAC_lr0.0001_Bz64_Ep30_cosSim_triplet_drop[0.2, 0.4, 0.1]_topK20__PseudoGold_positive_1_hard_negative_1_seed2_hybrid_loss_Qwen2.5-VL-7B-Instruct-LoRA_HF/ckpt/epoch_model_18_0.8333333333333334.pt
[2026-07-27 09:04:34] [disk_guard]     mtime=2026-07-26 22:40:26 size=40.03MB
[2026-07-27 09:04:34] [disk_guard]     -> b2 subpath: logs/Retrieval/MHC_zh/errpat_zh_remint_v2/RAC_lr0.0001_Bz64_Ep30_cosSim_triplet_drop[0.2, 0.4, 0.1]_topK20__PseudoGold_positive_1_hard_negative_1_seed2_hybrid_loss_Qwen2.5-VL-7B-Instruct-LoRA_HF/ckpt/epoch_model_18_0.8333333333333334.pt
[2026-07-27 09:04:34] [disk_guard]     pushing to B2 ...
[2026-07-27 09:04:46] [disk_guard] verify: OK sha1=d837aa58f7342bcc8df9b9dd5bfa1b5e4f20c5f0 matches at b2:junyi-data/RGCL_video/logs/Retrieval/MHC_zh/errpat_zh_remint_v2/RAC_lr0.0001_Bz64_Ep30_cosSim_triplet_drop[0.2, 0.4, 0.1]_topK20__PseudoGold_positive_1_hard_negative_1_seed2_hybrid_loss_Qwen2.5-VL-7B-Instruct-LoRA_HF/ckpt/epoch_model_18_0.8333333333333334.pt
[2026-07-27 09:04:46] [disk_guard]     PRUNED local (verified on B2): /data/jehc223/RGCL/logging/Retrieval/MHC_zh/errpat_zh_remint_v2/RAC_lr0.0001_Bz64_Ep30_cosSim_triplet_drop[0.2, 0.4, 0.1]_topK20__PseudoGold_positive_1_hard_negative_1_seed2_hybrid_loss_Qwen2.5-VL-7B-Instruct-LoRA_HF/ckpt/epoch_model_18_0.8333333333333334.pt  (freed 40.03MB)
[2026-07-27 09:04:46] [disk_guard]   candidate: /data/jehc223/RGCL/logging/Retrieval/MHC_zh/errpat_zh_remint_v2/RAC_lr0.0001_Bz64_Ep30_cosSim_triplet_drop[0.2, 0.4, 0.1]_topK20__PseudoGold_positive_1_hard_negative_1_seed2_hybrid_loss_Qwen2.5-VL-7B-Instruct-LoRA_HF/ckpt/epoch_model_19_0.8333333333333334.pt
[2026-07-27 09:04:46] [disk_guard]     mtime=2026-07-26 22:40:27 size=40.03MB
[2026-07-27 09:04:46] [disk_guard]     -> b2 subpath: logs/Retrieval/MHC_zh/errpat_zh_remint_v2/RAC_lr0.0001_Bz64_Ep30_cosSim_triplet_drop[0.2, 0.4, 0.1]_topK20__PseudoGold_positive_1_hard_negative_1_seed2_hybrid_loss_Qwen2.5-VL-7B-Instruct-LoRA_HF/ckpt/epoch_model_19_0.8333333333333334.pt
[2026-07-27 09:04:46] [disk_guard]     pushing to B2 ...
[2026-07-27 09:04:56] [disk_guard] verify: OK sha1=a896eb1ffc904d22cb2754e4d3356d15f45c0dbd matches at b2:junyi-data/RGCL_video/logs/Retrieval/MHC_zh/errpat_zh_remint_v2/RAC_lr0.0001_Bz64_Ep30_cosSim_triplet_drop[0.2, 0.4, 0.1]_topK20__PseudoGold_positive_1_hard_negative_1_seed2_hybrid_loss_Qwen2.5-VL-7B-Instruct-LoRA_HF/ckpt/epoch_model_19_0.8333333333333334.pt
[2026-07-27 09:04:56] [disk_guard]     PRUNED local (verified on B2): /data/jehc223/RGCL/logging/Retrieval/MHC_zh/errpat_zh_remint_v2/RAC_lr0.0001_Bz64_Ep30_cosSim_triplet_drop[0.2, 0.4, 0.1]_topK20__PseudoGold_positive_1_hard_negative_1_seed2_hybrid_loss_Qwen2.5-VL-7B-Instruct-LoRA_HF/ckpt/epoch_model_19_0.8333333333333334.pt  (freed 40.03MB)
[2026-07-27 09:04:56] [disk_guard]   candidate: /data/jehc223/RGCL/logging/Retrieval/MHC_zh/errpat_zh_remint_v2/RAC_lr0.0001_Bz64_Ep30_cosSim_triplet_drop[0.2, 0.4, 0.1]_topK20__PseudoGold_positive_1_hard_negative_1_seed2_hybrid_loss_Qwen2.5-VL-7B-Instruct-LoRA_HF/ckpt/epoch_model_20_0.8461538461538461.pt
[2026-07-27 09:04:56] [disk_guard]     mtime=2026-07-26 22:40:29 size=40.03MB
[2026-07-27 09:04:56] [disk_guard]     -> b2 subpath: logs/Retrieval/MHC_zh/errpat_zh_remint_v2/RAC_lr0.0001_Bz64_Ep30_cosSim_triplet_drop[0.2, 0.4, 0.1]_topK20__PseudoGold_positive_1_hard_negative_1_seed2_hybrid_loss_Qwen2.5-VL-7B-Instruct-LoRA_HF/ckpt/epoch_model_20_0.8461538461538461.pt
[2026-07-27 09:04:56] [disk_guard]     pushing to B2 ...
[2026-07-27 09:05:06] [disk_guard] verify: OK sha1=127d0c7177ea277816875332be195419663af3de matches at b2:junyi-data/RGCL_video/logs/Retrieval/MHC_zh/errpat_zh_remint_v2/RAC_lr0.0001_Bz64_Ep30_cosSim_triplet_drop[0.2, 0.4, 0.1]_topK20__PseudoGold_positive_1_hard_negative_1_seed2_hybrid_loss_Qwen2.5-VL-7B-Instruct-LoRA_HF/ckpt/epoch_model_20_0.8461538461538461.pt
[2026-07-27 09:05:06] [disk_guard]     PRUNED local (verified on B2): /data/jehc223/RGCL/logging/Retrieval/MHC_zh/errpat_zh_remint_v2/RAC_lr0.0001_Bz64_Ep30_cosSim_triplet_drop[0.2, 0.4, 0.1]_topK20__PseudoGold_positive_1_hard_negative_1_seed2_hybrid_loss_Qwen2.5-VL-7B-Instruct-LoRA_HF/ckpt/epoch_model_20_0.8461538461538461.pt  (freed 40.03MB)
[2026-07-27 09:05:06] [disk_guard]   candidate: /data/jehc223/RGCL/logging/Retrieval/MHC_zh/errpat_zh_remint_v2/RAC_lr0.0001_Bz64_Ep30_cosSim_triplet_drop[0.2, 0.4, 0.1]_topK20__PseudoGold_positive_1_hard_negative_1_seed2_hybrid_loss_Qwen2.5-VL-7B-Instruct-LoRA_HF/ckpt/epoch_model_21_0.8461538461538461.pt
[2026-07-27 09:05:06] [disk_guard]     mtime=2026-07-26 22:40:30 size=40.03MB
[2026-07-27 09:05:06] [disk_guard]     -> b2 subpath: logs/Retrieval/MHC_zh/errpat_zh_remint_v2/RAC_lr0.0001_Bz64_Ep30_cosSim_triplet_drop[0.2, 0.4, 0.1]_topK20__PseudoGold_positive_1_hard_negative_1_seed2_hybrid_loss_Qwen2.5-VL-7B-Instruct-LoRA_HF/ckpt/epoch_model_21_0.8461538461538461.pt
[2026-07-27 09:05:06] [disk_guard]     pushing to B2 ...
[2026-07-27 09:05:17] [disk_guard] verify: OK sha1=598ed18ceb73156c659f31aa11369168cc46c2d3 matches at b2:junyi-data/RGCL_video/logs/Retrieval/MHC_zh/errpat_zh_remint_v2/RAC_lr0.0001_Bz64_Ep30_cosSim_triplet_drop[0.2, 0.4, 0.1]_topK20__PseudoGold_positive_1_hard_negative_1_seed2_hybrid_loss_Qwen2.5-VL-7B-Instruct-LoRA_HF/ckpt/epoch_model_21_0.8461538461538461.pt
[2026-07-27 09:05:17] [disk_guard]     PRUNED local (verified on B2): /data/jehc223/RGCL/logging/Retrieval/MHC_zh/errpat_zh_remint_v2/RAC_lr0.0001_Bz64_Ep30_cosSim_triplet_drop[0.2, 0.4, 0.1]_topK20__PseudoGold_positive_1_hard_negative_1_seed2_hybrid_loss_Qwen2.5-VL-7B-Instruct-LoRA_HF/ckpt/epoch_model_21_0.8461538461538461.pt  (freed 40.03MB)
[2026-07-27 09:05:17] [disk_guard]   candidate: /data/jehc223/RGCL/logging/Retrieval/MHC_zh/errpat_zh_remint_v2/RAC_lr0.0001_Bz64_Ep30_cosSim_triplet_drop[0.2, 0.4, 0.1]_topK20__PseudoGold_positive_1_hard_negative_1_seed2_hybrid_loss_Qwen2.5-VL-7B-Instruct-LoRA_HF/ckpt/epoch_model_22_0.8589743589743589.pt
[2026-07-27 09:05:17] [disk_guard]     mtime=2026-07-26 22:40:31 size=40.03MB
[2026-07-27 09:05:17] [disk_guard]     -> b2 subpath: logs/Retrieval/MHC_zh/errpat_zh_remint_v2/RAC_lr0.0001_Bz64_Ep30_cosSim_triplet_drop[0.2, 0.4, 0.1]_topK20__PseudoGold_positive_1_hard_negative_1_seed2_hybrid_loss_Qwen2.5-VL-7B-Instruct-LoRA_HF/ckpt/epoch_model_22_0.8589743589743589.pt
[2026-07-27 09:05:17] [disk_guard]     pushing to B2 ...
[2026-07-27 09:05:29] [disk_guard] verify: OK sha1=af6e395ff46ef619a32aef76634209b1cede3252 matches at b2:junyi-data/RGCL_video/logs/Retrieval/MHC_zh/errpat_zh_remint_v2/RAC_lr0.0001_Bz64_Ep30_cosSim_triplet_drop[0.2, 0.4, 0.1]_topK20__PseudoGold_positive_1_hard_negative_1_seed2_hybrid_loss_Qwen2.5-VL-7B-Instruct-LoRA_HF/ckpt/epoch_model_22_0.8589743589743589.pt
[2026-07-27 09:05:29] [disk_guard]     PRUNED local (verified on B2): /data/jehc223/RGCL/logging/Retrieval/MHC_zh/errpat_zh_remint_v2/RAC_lr0.0001_Bz64_Ep30_cosSim_triplet_drop[0.2, 0.4, 0.1]_topK20__PseudoGold_positive_1_hard_negative_1_seed2_hybrid_loss_Qwen2.5-VL-7B-Instruct-LoRA_HF/ckpt/epoch_model_22_0.8589743589743589.pt  (freed 40.03MB)
[2026-07-27 09:05:29] [disk_guard]   candidate: /data/jehc223/RGCL/logging/Retrieval/MHC_zh/errpat_zh_remint_v2/RAC_lr0.0001_Bz64_Ep30_cosSim_triplet_drop[0.2, 0.4, 0.1]_topK20__PseudoGold_positive_1_hard_negative_1_seed2_hybrid_loss_Qwen2.5-VL-7B-Instruct-LoRA_HF/ckpt/epoch_model_23_0.8589743589743589.pt
[2026-07-27 09:05:29] [disk_guard]     mtime=2026-07-26 22:40:33 size=40.03MB
[2026-07-27 09:05:29] [disk_guard]     -> b2 subpath: logs/Retrieval/MHC_zh/errpat_zh_remint_v2/RAC_lr0.0001_Bz64_Ep30_cosSim_triplet_drop[0.2, 0.4, 0.1]_topK20__PseudoGold_positive_1_hard_negative_1_seed2_hybrid_loss_Qwen2.5-VL-7B-Instruct-LoRA_HF/ckpt/epoch_model_23_0.8589743589743589.pt
[2026-07-27 09:05:29] [disk_guard]     pushing to B2 ...
[2026-07-27 09:05:39] [disk_guard] verify: OK sha1=bb9a2316d3589e84a3d7b21e2432ef7bdc83ec37 matches at b2:junyi-data/RGCL_video/logs/Retrieval/MHC_zh/errpat_zh_remint_v2/RAC_lr0.0001_Bz64_Ep30_cosSim_triplet_drop[0.2, 0.4, 0.1]_topK20__PseudoGold_positive_1_hard_negative_1_seed2_hybrid_loss_Qwen2.5-VL-7B-Instruct-LoRA_HF/ckpt/epoch_model_23_0.8589743589743589.pt
[2026-07-27 09:05:39] [disk_guard]     PRUNED local (verified on B2): /data/jehc223/RGCL/logging/Retrieval/MHC_zh/errpat_zh_remint_v2/RAC_lr0.0001_Bz64_Ep30_cosSim_triplet_drop[0.2, 0.4, 0.1]_topK20__PseudoGold_positive_1_hard_negative_1_seed2_hybrid_loss_Qwen2.5-VL-7B-Instruct-LoRA_HF/ckpt/epoch_model_23_0.8589743589743589.pt  (freed 40.03MB)
[2026-07-27 09:05:39] [disk_guard]   candidate: /data/jehc223/RGCL/logging/Retrieval/MHC_zh/errpat_zh_remint_v2/RAC_lr0.0001_Bz64_Ep30_cosSim_triplet_drop[0.2, 0.4, 0.1]_topK20__PseudoGold_positive_1_hard_negative_1_seed2_hybrid_loss_Qwen2.5-VL-7B-Instruct-LoRA_HF/ckpt/epoch_model_24_0.8589743589743589.pt
[2026-07-27 09:05:39] [disk_guard]     mtime=2026-07-26 22:40:34 size=40.03MB
[2026-07-27 09:05:39] [disk_guard]     -> b2 subpath: logs/Retrieval/MHC_zh/errpat_zh_remint_v2/RAC_lr0.0001_Bz64_Ep30_cosSim_triplet_drop[0.2, 0.4, 0.1]_topK20__PseudoGold_positive_1_hard_negative_1_seed2_hybrid_loss_Qwen2.5-VL-7B-Instruct-LoRA_HF/ckpt/epoch_model_24_0.8589743589743589.pt
[2026-07-27 09:05:39] [disk_guard]     pushing to B2 ...
[2026-07-27 09:05:50] [disk_guard] verify: OK sha1=dc91e67300c2d47cb8b59ee1ca3cc031931ed5ea matches at b2:junyi-data/RGCL_video/logs/Retrieval/MHC_zh/errpat_zh_remint_v2/RAC_lr0.0001_Bz64_Ep30_cosSim_triplet_drop[0.2, 0.4, 0.1]_topK20__PseudoGold_positive_1_hard_negative_1_seed2_hybrid_loss_Qwen2.5-VL-7B-Instruct-LoRA_HF/ckpt/epoch_model_24_0.8589743589743589.pt
[2026-07-27 09:05:50] [disk_guard]     PRUNED local (verified on B2): /data/jehc223/RGCL/logging/Retrieval/MHC_zh/errpat_zh_remint_v2/RAC_lr0.0001_Bz64_Ep30_cosSim_triplet_drop[0.2, 0.4, 0.1]_topK20__PseudoGold_positive_1_hard_negative_1_seed2_hybrid_loss_Qwen2.5-VL-7B-Instruct-LoRA_HF/ckpt/epoch_model_24_0.8589743589743589.pt  (freed 40.03MB)
[2026-07-27 09:05:50] [disk_guard]   candidate: /data/jehc223/RGCL/logging/Retrieval/MHC_zh/errpat_zh_remint_v2/RAC_lr0.0001_Bz64_Ep30_cosSim_triplet_drop[0.2, 0.4, 0.1]_topK20__PseudoGold_positive_1_hard_negative_1_seed2_hybrid_loss_Qwen2.5-VL-7B-Instruct-LoRA_HF/ckpt/epoch_model_25_0.8589743589743589.pt
[2026-07-27 09:05:50] [disk_guard]     mtime=2026-07-26 22:40:35 size=40.03MB
[2026-07-27 09:05:50] [disk_guard]     -> b2 subpath: logs/Retrieval/MHC_zh/errpat_zh_remint_v2/RAC_lr0.0001_Bz64_Ep30_cosSim_triplet_drop[0.2, 0.4, 0.1]_topK20__PseudoGold_positive_1_hard_negative_1_seed2_hybrid_loss_Qwen2.5-VL-7B-Instruct-LoRA_HF/ckpt/epoch_model_25_0.8589743589743589.pt
[2026-07-27 09:05:50] [disk_guard]     pushing to B2 ...
[2026-07-27 09:06:00] [disk_guard] verify: OK sha1=16075621413eecca47a9a448b7e3f244e4afcbd0 matches at b2:junyi-data/RGCL_video/logs/Retrieval/MHC_zh/errpat_zh_remint_v2/RAC_lr0.0001_Bz64_Ep30_cosSim_triplet_drop[0.2, 0.4, 0.1]_topK20__PseudoGold_positive_1_hard_negative_1_seed2_hybrid_loss_Qwen2.5-VL-7B-Instruct-LoRA_HF/ckpt/epoch_model_25_0.8589743589743589.pt
[2026-07-27 09:06:00] [disk_guard]     PRUNED local (verified on B2): /data/jehc223/RGCL/logging/Retrieval/MHC_zh/errpat_zh_remint_v2/RAC_lr0.0001_Bz64_Ep30_cosSim_triplet_drop[0.2, 0.4, 0.1]_topK20__PseudoGold_positive_1_hard_negative_1_seed2_hybrid_loss_Qwen2.5-VL-7B-Instruct-LoRA_HF/ckpt/epoch_model_25_0.8589743589743589.pt  (freed 40.03MB)
[2026-07-27 09:06:00] [disk_guard]   candidate: /data/jehc223/RGCL/logging/Retrieval/MHC_zh/errpat_zh_remint_v2/RAC_lr0.0001_Bz64_Ep30_cosSim_triplet_drop[0.2, 0.4, 0.1]_topK20__PseudoGold_positive_1_hard_negative_1_seed2_hybrid_loss_Qwen2.5-VL-7B-Instruct-LoRA_HF/ckpt/epoch_model_26_0.8333333333333334.pt
[2026-07-27 09:06:00] [disk_guard]     mtime=2026-07-26 22:40:37 size=40.03MB
[2026-07-27 09:06:00] [disk_guard]     -> b2 subpath: logs/Retrieval/MHC_zh/errpat_zh_remint_v2/RAC_lr0.0001_Bz64_Ep30_cosSim_triplet_drop[0.2, 0.4, 0.1]_topK20__PseudoGold_positive_1_hard_negative_1_seed2_hybrid_loss_Qwen2.5-VL-7B-Instruct-LoRA_HF/ckpt/epoch_model_26_0.8333333333333334.pt
[2026-07-27 09:06:00] [disk_guard]     pushing to B2 ...
[2026-07-27 09:06:11] [disk_guard] verify: OK sha1=7e69149b248a7de2cfe44a2fb6e1612d0810e245 matches at b2:junyi-data/RGCL_video/logs/Retrieval/MHC_zh/errpat_zh_remint_v2/RAC_lr0.0001_Bz64_Ep30_cosSim_triplet_drop[0.2, 0.4, 0.1]_topK20__PseudoGold_positive_1_hard_negative_1_seed2_hybrid_loss_Qwen2.5-VL-7B-Instruct-LoRA_HF/ckpt/epoch_model_26_0.8333333333333334.pt
[2026-07-27 09:06:11] [disk_guard]     PRUNED local (verified on B2): /data/jehc223/RGCL/logging/Retrieval/MHC_zh/errpat_zh_remint_v2/RAC_lr0.0001_Bz64_Ep30_cosSim_triplet_drop[0.2, 0.4, 0.1]_topK20__PseudoGold_positive_1_hard_negative_1_seed2_hybrid_loss_Qwen2.5-VL-7B-Instruct-LoRA_HF/ckpt/epoch_model_26_0.8333333333333334.pt  (freed 40.03MB)
[2026-07-27 09:06:11] [disk_guard]   candidate: /data/jehc223/RGCL/logging/Retrieval/MHC_zh/errpat_zh_remint_v2/RAC_lr0.0001_Bz64_Ep30_cosSim_triplet_drop[0.2, 0.4, 0.1]_topK20__PseudoGold_positive_1_hard_negative_1_seed2_hybrid_loss_Qwen2.5-VL-7B-Instruct-LoRA_HF/ckpt/epoch_model_27_0.8333333333333334.pt
[2026-07-27 09:06:11] [disk_guard]     mtime=2026-07-26 22:40:38 size=40.03MB
[2026-07-27 09:06:11] [disk_guard]     -> b2 subpath: logs/Retrieval/MHC_zh/errpat_zh_remint_v2/RAC_lr0.0001_Bz64_Ep30_cosSim_triplet_drop[0.2, 0.4, 0.1]_topK20__PseudoGold_positive_1_hard_negative_1_seed2_hybrid_loss_Qwen2.5-VL-7B-Instruct-LoRA_HF/ckpt/epoch_model_27_0.8333333333333334.pt
[2026-07-27 09:06:11] [disk_guard]     pushing to B2 ...
[2026-07-27 09:06:20] [disk_guard] verify: OK sha1=5e508825c2b7213e6328e1da24ae9742a828a620 matches at b2:junyi-data/RGCL_video/logs/Retrieval/MHC_zh/errpat_zh_remint_v2/RAC_lr0.0001_Bz64_Ep30_cosSim_triplet_drop[0.2, 0.4, 0.1]_topK20__PseudoGold_positive_1_hard_negative_1_seed2_hybrid_loss_Qwen2.5-VL-7B-Instruct-LoRA_HF/ckpt/epoch_model_27_0.8333333333333334.pt
[2026-07-27 09:06:20] [disk_guard]     PRUNED local (verified on B2): /data/jehc223/RGCL/logging/Retrieval/MHC_zh/errpat_zh_remint_v2/RAC_lr0.0001_Bz64_Ep30_cosSim_triplet_drop[0.2, 0.4, 0.1]_topK20__PseudoGold_positive_1_hard_negative_1_seed2_hybrid_loss_Qwen2.5-VL-7B-Instruct-LoRA_HF/ckpt/epoch_model_27_0.8333333333333334.pt  (freed 40.03MB)
[2026-07-27 09:06:20] [disk_guard]   candidate: /data/jehc223/RGCL/logging/Retrieval/MHC_zh/errpat_zh_remint_v2/RAC_lr0.0001_Bz64_Ep30_cosSim_triplet_drop[0.2, 0.4, 0.1]_topK20__PseudoGold_positive_1_hard_negative_1_seed2_hybrid_loss_Qwen2.5-VL-7B-Instruct-LoRA_HF/ckpt/epoch_model_28_0.8333333333333334.pt
[2026-07-27 09:06:20] [disk_guard]     mtime=2026-07-26 22:40:39 size=40.03MB
[2026-07-27 09:06:20] [disk_guard]     -> b2 subpath: logs/Retrieval/MHC_zh/errpat_zh_remint_v2/RAC_lr0.0001_Bz64_Ep30_cosSim_triplet_drop[0.2, 0.4, 0.1]_topK20__PseudoGold_positive_1_hard_negative_1_seed2_hybrid_loss_Qwen2.5-VL-7B-Instruct-LoRA_HF/ckpt/epoch_model_28_0.8333333333333334.pt
[2026-07-27 09:06:20] [disk_guard]     pushing to B2 ...
[2026-07-27 09:06:31] [disk_guard] verify: OK sha1=4f7c502a05da243d61a2e7c028207b45e6953905 matches at b2:junyi-data/RGCL_video/logs/Retrieval/MHC_zh/errpat_zh_remint_v2/RAC_lr0.0001_Bz64_Ep30_cosSim_triplet_drop[0.2, 0.4, 0.1]_topK20__PseudoGold_positive_1_hard_negative_1_seed2_hybrid_loss_Qwen2.5-VL-7B-Instruct-LoRA_HF/ckpt/epoch_model_28_0.8333333333333334.pt
[2026-07-27 09:06:31] [disk_guard]     PRUNED local (verified on B2): /data/jehc223/RGCL/logging/Retrieval/MHC_zh/errpat_zh_remint_v2/RAC_lr0.0001_Bz64_Ep30_cosSim_triplet_drop[0.2, 0.4, 0.1]_topK20__PseudoGold_positive_1_hard_negative_1_seed2_hybrid_loss_Qwen2.5-VL-7B-Instruct-LoRA_HF/ckpt/epoch_model_28_0.8333333333333334.pt  (freed 40.03MB)
[2026-07-27 09:06:31] [disk_guard]   candidate: /data/jehc223/RGCL/logging/Retrieval/MHC_zh/errpat_zh_remint_v2/RAC_lr0.0001_Bz64_Ep30_cosSim_triplet_drop[0.2, 0.4, 0.1]_topK20__PseudoGold_positive_1_hard_negative_1_seed2_hybrid_loss_Qwen2.5-VL-7B-Instruct-LoRA_HF/ckpt/epoch_model_29_0.8461538461538461.pt
[2026-07-27 09:06:31] [disk_guard]     mtime=2026-07-26 22:40:41 size=40.03MB
[2026-07-27 09:06:31] [disk_guard]     -> b2 subpath: logs/Retrieval/MHC_zh/errpat_zh_remint_v2/RAC_lr0.0001_Bz64_Ep30_cosSim_triplet_drop[0.2, 0.4, 0.1]_topK20__PseudoGold_positive_1_hard_negative_1_seed2_hybrid_loss_Qwen2.5-VL-7B-Instruct-LoRA_HF/ckpt/epoch_model_29_0.8461538461538461.pt
[2026-07-27 09:06:31] [disk_guard]     pushing to B2 ...
[2026-07-27 09:06:41] [disk_guard] verify: OK sha1=8b3f76cde59833722e20d303b25cdf53a44433f1 matches at b2:junyi-data/RGCL_video/logs/Retrieval/MHC_zh/errpat_zh_remint_v2/RAC_lr0.0001_Bz64_Ep30_cosSim_triplet_drop[0.2, 0.4, 0.1]_topK20__PseudoGold_positive_1_hard_negative_1_seed2_hybrid_loss_Qwen2.5-VL-7B-Instruct-LoRA_HF/ckpt/epoch_model_29_0.8461538461538461.pt
[2026-07-27 09:06:41] [disk_guard]     PRUNED local (verified on B2): /data/jehc223/RGCL/logging/Retrieval/MHC_zh/errpat_zh_remint_v2/RAC_lr0.0001_Bz64_Ep30_cosSim_triplet_drop[0.2, 0.4, 0.1]_topK20__PseudoGold_positive_1_hard_negative_1_seed2_hybrid_loss_Qwen2.5-VL-7B-Instruct-LoRA_HF/ckpt/epoch_model_29_0.8461538461538461.pt  (freed 40.03MB)
[2026-07-27 09:06:41] [disk_guard]   candidate: /data/jehc223/RGCL/logging/Retrieval/MHC_zh/errpat_zh_remint_v2/RAC_lr0.0001_Bz64_Ep30_cosSim_triplet_drop[0.2, 0.4, 0.1]_topK20__PseudoGold_positive_1_hard_negative_1_seed2_hybrid_loss_Qwen2.5-VL-7B-Instruct-LoRA_HF/ckpt/last_model_29_0.8461538461538461.pt
[2026-07-27 09:06:41] [disk_guard]     mtime=2026-07-26 22:40:41 size=40.03MB
[2026-07-27 09:06:41] [disk_guard]     -> b2 subpath: logs/Retrieval/MHC_zh/errpat_zh_remint_v2/RAC_lr0.0001_Bz64_Ep30_cosSim_triplet_drop[0.2, 0.4, 0.1]_topK20__PseudoGold_positive_1_hard_negative_1_seed2_hybrid_loss_Qwen2.5-VL-7B-Instruct-LoRA_HF/ckpt/last_model_29_0.8461538461538461.pt
[2026-07-27 09:06:41] [disk_guard]     pushing to B2 ...
[2026-07-27 09:06:51] [disk_guard] verify: OK sha1=1714d13d135fb22aa8df1b4bb8bc6523c210d470 matches at b2:junyi-data/RGCL_video/logs/Retrieval/MHC_zh/errpat_zh_remint_v2/RAC_lr0.0001_Bz64_Ep30_cosSim_triplet_drop[0.2, 0.4, 0.1]_topK20__PseudoGold_positive_1_hard_negative_1_seed2_hybrid_loss_Qwen2.5-VL-7B-Instruct-LoRA_HF/ckpt/last_model_29_0.8461538461538461.pt
[2026-07-27 09:06:51] [disk_guard]     PRUNED local (verified on B2): /data/jehc223/RGCL/logging/Retrieval/MHC_zh/errpat_zh_remint_v2/RAC_lr0.0001_Bz64_Ep30_cosSim_triplet_drop[0.2, 0.4, 0.1]_topK20__PseudoGold_positive_1_hard_negative_1_seed2_hybrid_loss_Qwen2.5-VL-7B-Instruct-LoRA_HF/ckpt/last_model_29_0.8461538461538461.pt  (freed 40.03MB)
[2026-07-27 09:06:51] [disk_guard]   step (c) projected/actual freed: 7.19GB.
[2026-07-27 09:06:51] [disk_guard]   usage now 281G still > target 250G: continuing.
[2026-07-27 09:06:51] [disk_guard] WARNING: still over target (usage=281G > target 250G) after all SAFE steps.
[2026-07-27 09:06:51] [disk_guard] WARNING: MANUAL INTERVENTION required — an approved larger offload (e.g. raw datasets or another project) is needed.
[2026-07-27 09:06:51] [disk_guard] WARNING: this guard will NOT touch raw datasets (Multihateclip/HateMM/ImpliHateVid) or non-project data. Stopping.
[2026-07-27 09:06:51] [disk_guard] ==== disk_guard end ====
================================================================================
host=foscsmlprd01.its.auckland.ac.nz jobid=13647 start=2026-07-26T21:06:51Z
python=/data/jehc223/miniconda3/envs/HateVideo/bin/python  cpus=8
================================================================================
preflight ok  av 17.0.0  transformers 4.49.0  torch 2.6.0+cu124  ClapModel ok
[clap-extract] model=laion/larger_clap_general tag=larger_clap_general device=cpu dtype=torch.float32 proj_pooled=1024 hidden_pooled=2048 batch_windows=8
[clap-extract][trainval] N=851 cached=0 todo=851
[clap-extract][trainval]  50/851 [195s, 3.90s/vid]
[clap-extract][trainval]  100/851 [371s, 3.71s/vid]
[clap-extract][trainval]  150/851 [537s, 3.58s/vid]
[clap-extract][trainval]  200/851 [726s, 3.63s/vid]
[clap-extract][trainval]  250/851 [898s, 3.59s/vid]
[clap-extract][trainval]  300/851 [1111s, 3.70s/vid]
[clap-extract][trainval]  350/851 [1307s, 3.73s/vid]
Invalid NAL unit size (1472 > 1168).
missing picture in access unit with size 1172
stream 0, offset 0x23cc8c9: partial file
[clap-extract][trainval]  400/851 [1506s, 3.77s/vid]
[clap-extract][trainval]  450/851 [1656s, 3.68s/vid]
[clap-extract][trainval]  500/851 [1828s, 3.66s/vid]
[clap-extract][trainval]  550/851 [2125s, 3.86s/vid]
[clap-extract][trainval]  600/851 [2288s, 3.81s/vid]
[clap-extract][trainval]  650/851 [2416s, 3.72s/vid]
[clap-extract][trainval]  700/851 [2574s, 3.68s/vid]
[clap-extract][trainval]  750/851 [2762s, 3.68s/vid]
[clap-extract][trainval]  800/851 [2902s, 3.63s/vid]
[clap-extract][trainval]  850/851 [3061s, 3.60s/vid]
[clap-extract][trainval]  851/851 [3065s, 3.60s/vid]
[clap-extract][trainval] DONE proj=(851, 1024) hidden=(851, 2048) n_zero=0 n_nan=0 windows(total=13052, med=11) status={'ok': 851} -> /data/jehc223/RGCL/data/audio/HateMM/clap_larger_clap_general_trainval.pt
[clap-extract][test] N=215 cached=0 todo=215
[clap-extract][test]  50/215 [169s, 3.37s/vid]
[clap-extract][test]  100/215 [312s, 3.12s/vid]
[clap-extract][test]  150/215 [537s, 3.58s/vid]
[clap-extract][test]  200/215 [709s, 3.54s/vid]
[clap-extract][test]  215/215 [771s, 3.59s/vid]
[clap-extract][test] DONE proj=(215, 1024) hidden=(215, 2048) n_zero=0 n_nan=0 windows(total=3034, med=12) status={'ok': 215} -> /data/jehc223/RGCL/data/audio/HateMM/clap_larger_clap_general_test.pt
[clap] elapsed 3839s
clap extraction complete jobid=13647 end=2026-07-26T22:10:58Z
