[2026-07-01 22:54:58] [disk_guard] [DRY-RUN] ==== disk_guard start (dry_run=1, sourced=0) ====
[2026-07-01 22:54:58] [disk_guard] [DRY-RUN] config: THRESHOLD=250G TARGET=250G RGCL_ROOT=/data/jehc223/RGCL B2_PREFIX=b2:junyi-data/RGCL_video
[2026-07-01 22:54:58] [disk_guard] [DRY-RUN] log file: /data/jehc223/RGCL/slurm/logs/disk_guard.log
[2026-07-01 22:54:58] [disk_guard] [DRY-RUN] current /data usage: 283G (threshold 250G, target 250G).
[2026-07-01 22:54:58] [disk_guard] [DRY-RUN] usage 283G > threshold 250G: starting reclaim.
[2026-07-01 22:54:58] [disk_guard] [DRY-RUN] Step (a): rclone VFS cache purge.
[2026-07-01 22:54:58] [disk_guard] [DRY-RUN]   would rm -rf /data/jehc223/home/.cache/rclone/vfs (size 0)
[2026-07-01 22:54:58] [disk_guard] [DRY-RUN]   would rm -rf /data/jehc223/home/.cache/rclone/vfsMeta (size 0)
[2026-07-01 22:54:58] [disk_guard] [DRY-RUN] Step (b): HuggingFace cache.
[2026-07-01 22:54:58] [disk_guard] [DRY-RUN]   HF cache purge skipped (conservative); needs manual review. Set DISK_GUARD_HF_PURGE=1 to allow datasets--*/.locks removal (never models--*).
[2026-07-01 22:54:58] [disk_guard] [DRY-RUN] Step (c): push-verify-prune oldest logging/ checkpoints (mirrored to B2 under logs/).
[2026-07-01 22:54:58] [disk_guard] [DRY-RUN]   found 51 candidate checkpoint(s), oldest-first.
[2026-07-01 22:54:58] [disk_guard] [DRY-RUN]   need to free ~33.00GB to reach target 250G.
[2026-07-01 22:54:58] [disk_guard] [DRY-RUN]   candidate: /data/jehc223/RGCL/logging/Retrieval/MHC/RAC_video/RAC_lr0.0001_Bz64_Ep2_cosSim_triplet_drop[0.2, 0.4, 0.1]_topK20__PseudoGold_positive_1_hard_negative_1_seed0_hybrid_loss/ckpt/best_model_0_tensor(0.6875).pt
[2026-07-01 22:54:58] [disk_guard] [DRY-RUN]     mtime=2026-07-01 09:41:57 size=19.03MB
[2026-07-01 22:54:58] [disk_guard] [DRY-RUN]     -> b2 subpath: logs/Retrieval/MHC/RAC_video/RAC_lr0.0001_Bz64_Ep2_cosSim_triplet_drop[0.2, 0.4, 0.1]_topK20__PseudoGold_positive_1_hard_negative_1_seed0_hybrid_loss/ckpt/best_model_0_tensor(0.6875).pt
[2026-07-01 22:54:58] [disk_guard] [DRY-RUN]     would run: b2_push.sh "/data/jehc223/RGCL/logging/Retrieval/MHC/RAC_video/RAC_lr0.0001_Bz64_Ep2_cosSim_triplet_drop[0.2, 0.4, 0.1]_topK20__PseudoGold_positive_1_hard_negative_1_seed0_hybrid_loss/ckpt/best_model_0_tensor(0.6875).pt" "logs/Retrieval/MHC/RAC_video/RAC_lr0.0001_Bz64_Ep2_cosSim_triplet_drop[0.2, 0.4, 0.1]_topK20__PseudoGold_positive_1_hard_negative_1_seed0_hybrid_loss/ckpt/best_model_0_tensor(0.6875).pt"
[2026-07-01 22:54:58] [disk_guard] [DRY-RUN]     would verify sha1(local) == sha1(b2:b2:junyi-data/RGCL_video/logs/Retrieval/MHC/RAC_video/RAC_lr0.0001_Bz64_Ep2_cosSim_triplet_drop[0.2, 0.4, 0.1]_topK20__PseudoGold_positive_1_hard_negative_1_seed0_hybrid_loss/ckpt/best_model_0_tensor(0.6875).pt)
[2026-07-01 22:54:58] [disk_guard] [DRY-RUN]     would rm "/data/jehc223/RGCL/logging/Retrieval/MHC/RAC_video/RAC_lr0.0001_Bz64_Ep2_cosSim_triplet_drop[0.2, 0.4, 0.1]_topK20__PseudoGold_positive_1_hard_negative_1_seed0_hybrid_loss/ckpt/best_model_0_tensor(0.6875).pt"  (frees 19.03MB)  IF verify passes
[2026-07-01 22:54:58] [disk_guard] [DRY-RUN]   candidate: /data/jehc223/RGCL/logging/Retrieval/MHC/RAC_video/RAC_lr0.0001_Bz64_Ep2_cosSim_triplet_drop[0.2, 0.4, 0.1]_topK20__PseudoGold_positive_1_hard_negative_1_seed0_hybrid_loss/ckpt/last_model_1_0.7125.pt
[2026-07-01 22:54:58] [disk_guard] [DRY-RUN]     mtime=2026-07-01 09:41:57 size=19.03MB
[2026-07-01 22:54:58] [disk_guard] [DRY-RUN]     -> b2 subpath: logs/Retrieval/MHC/RAC_video/RAC_lr0.0001_Bz64_Ep2_cosSim_triplet_drop[0.2, 0.4, 0.1]_topK20__PseudoGold_positive_1_hard_negative_1_seed0_hybrid_loss/ckpt/last_model_1_0.7125.pt
[2026-07-01 22:54:58] [disk_guard] [DRY-RUN]     would run: b2_push.sh "/data/jehc223/RGCL/logging/Retrieval/MHC/RAC_video/RAC_lr0.0001_Bz64_Ep2_cosSim_triplet_drop[0.2, 0.4, 0.1]_topK20__PseudoGold_positive_1_hard_negative_1_seed0_hybrid_loss/ckpt/last_model_1_0.7125.pt" "logs/Retrieval/MHC/RAC_video/RAC_lr0.0001_Bz64_Ep2_cosSim_triplet_drop[0.2, 0.4, 0.1]_topK20__PseudoGold_positive_1_hard_negative_1_seed0_hybrid_loss/ckpt/last_model_1_0.7125.pt"
[2026-07-01 22:54:58] [disk_guard] [DRY-RUN]     would verify sha1(local) == sha1(b2:b2:junyi-data/RGCL_video/logs/Retrieval/MHC/RAC_video/RAC_lr0.0001_Bz64_Ep2_cosSim_triplet_drop[0.2, 0.4, 0.1]_topK20__PseudoGold_positive_1_hard_negative_1_seed0_hybrid_loss/ckpt/last_model_1_0.7125.pt)
[2026-07-01 22:54:58] [disk_guard] [DRY-RUN]     would rm "/data/jehc223/RGCL/logging/Retrieval/MHC/RAC_video/RAC_lr0.0001_Bz64_Ep2_cosSim_triplet_drop[0.2, 0.4, 0.1]_topK20__PseudoGold_positive_1_hard_negative_1_seed0_hybrid_loss/ckpt/last_model_1_0.7125.pt"  (frees 19.03MB)  IF verify passes
[2026-07-01 22:54:58] [disk_guard] [DRY-RUN]   candidate: /data/jehc223/RGCL/logging/Retrieval/MHC/RAC_video/RAC_lr0.0001_Bz64_Ep30_cosSim_triplet_drop[0.2, 0.4, 0.1]_topK20__PseudoGold_positive_1_hard_negative_1_seed0_hybrid_loss/ckpt/best_model_0_tensor(0.6875).pt
[2026-07-01 22:54:58] [disk_guard] [DRY-RUN]     mtime=2026-07-01 09:43:10 size=19.03MB
[2026-07-01 22:54:58] [disk_guard] [DRY-RUN]     -> b2 subpath: logs/Retrieval/MHC/RAC_video/RAC_lr0.0001_Bz64_Ep30_cosSim_triplet_drop[0.2, 0.4, 0.1]_topK20__PseudoGold_positive_1_hard_negative_1_seed0_hybrid_loss/ckpt/best_model_0_tensor(0.6875).pt
[2026-07-01 22:54:58] [disk_guard] [DRY-RUN]     would run: b2_push.sh "/data/jehc223/RGCL/logging/Retrieval/MHC/RAC_video/RAC_lr0.0001_Bz64_Ep30_cosSim_triplet_drop[0.2, 0.4, 0.1]_topK20__PseudoGold_positive_1_hard_negative_1_seed0_hybrid_loss/ckpt/best_model_0_tensor(0.6875).pt" "logs/Retrieval/MHC/RAC_video/RAC_lr0.0001_Bz64_Ep30_cosSim_triplet_drop[0.2, 0.4, 0.1]_topK20__PseudoGold_positive_1_hard_negative_1_seed0_hybrid_loss/ckpt/best_model_0_tensor(0.6875).pt"
[2026-07-01 22:54:58] [disk_guard] [DRY-RUN]     would verify sha1(local) == sha1(b2:b2:junyi-data/RGCL_video/logs/Retrieval/MHC/RAC_video/RAC_lr0.0001_Bz64_Ep30_cosSim_triplet_drop[0.2, 0.4, 0.1]_topK20__PseudoGold_positive_1_hard_negative_1_seed0_hybrid_loss/ckpt/best_model_0_tensor(0.6875).pt)
[2026-07-01 22:54:58] [disk_guard] [DRY-RUN]     would rm "/data/jehc223/RGCL/logging/Retrieval/MHC/RAC_video/RAC_lr0.0001_Bz64_Ep30_cosSim_triplet_drop[0.2, 0.4, 0.1]_topK20__PseudoGold_positive_1_hard_negative_1_seed0_hybrid_loss/ckpt/best_model_0_tensor(0.6875).pt"  (frees 19.03MB)  IF verify passes
[2026-07-01 22:54:58] [disk_guard] [DRY-RUN]   candidate: /data/jehc223/RGCL/logging/Retrieval/HateMM/RAC_video/RAC_lr0.0001_Bz64_Ep30_cosSim_triplet_drop[0.2, 0.4, 0.1]_topK20__PseudoGold_positive_1_hard_negative_1_seed0_hybrid_loss/ckpt/best_model_0_tensor(0.5981).pt
[2026-07-01 22:54:58] [disk_guard] [DRY-RUN]     mtime=2026-07-01 19:12:56 size=19.03MB
[2026-07-01 22:54:58] [disk_guard] [DRY-RUN]     -> b2 subpath: logs/Retrieval/HateMM/RAC_video/RAC_lr0.0001_Bz64_Ep30_cosSim_triplet_drop[0.2, 0.4, 0.1]_topK20__PseudoGold_positive_1_hard_negative_1_seed0_hybrid_loss/ckpt/best_model_0_tensor(0.5981).pt
[2026-07-01 22:54:58] [disk_guard] [DRY-RUN]     would run: b2_push.sh "/data/jehc223/RGCL/logging/Retrieval/HateMM/RAC_video/RAC_lr0.0001_Bz64_Ep30_cosSim_triplet_drop[0.2, 0.4, 0.1]_topK20__PseudoGold_positive_1_hard_negative_1_seed0_hybrid_loss/ckpt/best_model_0_tensor(0.5981).pt" "logs/Retrieval/HateMM/RAC_video/RAC_lr0.0001_Bz64_Ep30_cosSim_triplet_drop[0.2, 0.4, 0.1]_topK20__PseudoGold_positive_1_hard_negative_1_seed0_hybrid_loss/ckpt/best_model_0_tensor(0.5981).pt"
[2026-07-01 22:54:58] [disk_guard] [DRY-RUN]     would verify sha1(local) == sha1(b2:b2:junyi-data/RGCL_video/logs/Retrieval/HateMM/RAC_video/RAC_lr0.0001_Bz64_Ep30_cosSim_triplet_drop[0.2, 0.4, 0.1]_topK20__PseudoGold_positive_1_hard_negative_1_seed0_hybrid_loss/ckpt/best_model_0_tensor(0.5981).pt)
[2026-07-01 22:54:58] [disk_guard] [DRY-RUN]     would rm "/data/jehc223/RGCL/logging/Retrieval/HateMM/RAC_video/RAC_lr0.0001_Bz64_Ep30_cosSim_triplet_drop[0.2, 0.4, 0.1]_topK20__PseudoGold_positive_1_hard_negative_1_seed0_hybrid_loss/ckpt/best_model_0_tensor(0.5981).pt"  (frees 19.03MB)  IF verify passes
[2026-07-01 22:54:58] [disk_guard] [DRY-RUN]   candidate: /data/jehc223/RGCL/logging/Retrieval/MHC_zh/RAC_video/RAC_lr0.0001_Bz64_Ep30_cosSim_triplet_drop[0.2, 0.4, 0.1]_topK20__PseudoGold_positive_1_hard_negative_1_seed0_hybrid_loss/ckpt/best_model_0_tensor(0.6410).pt
[2026-07-01 22:54:58] [disk_guard] [DRY-RUN]     mtime=2026-07-01 19:13:06 size=19.03MB
[2026-07-01 22:54:58] [disk_guard] [DRY-RUN]     -> b2 subpath: logs/Retrieval/MHC_zh/RAC_video/RAC_lr0.0001_Bz64_Ep30_cosSim_triplet_drop[0.2, 0.4, 0.1]_topK20__PseudoGold_positive_1_hard_negative_1_seed0_hybrid_loss/ckpt/best_model_0_tensor(0.6410).pt
[2026-07-01 22:54:58] [disk_guard] [DRY-RUN]     would run: b2_push.sh "/data/jehc223/RGCL/logging/Retrieval/MHC_zh/RAC_video/RAC_lr0.0001_Bz64_Ep30_cosSim_triplet_drop[0.2, 0.4, 0.1]_topK20__PseudoGold_positive_1_hard_negative_1_seed0_hybrid_loss/ckpt/best_model_0_tensor(0.6410).pt" "logs/Retrieval/MHC_zh/RAC_video/RAC_lr0.0001_Bz64_Ep30_cosSim_triplet_drop[0.2, 0.4, 0.1]_topK20__PseudoGold_positive_1_hard_negative_1_seed0_hybrid_loss/ckpt/best_model_0_tensor(0.6410).pt"
[2026-07-01 22:54:58] [disk_guard] [DRY-RUN]     would verify sha1(local) == sha1(b2:b2:junyi-data/RGCL_video/logs/Retrieval/MHC_zh/RAC_video/RAC_lr0.0001_Bz64_Ep30_cosSim_triplet_drop[0.2, 0.4, 0.1]_topK20__PseudoGold_positive_1_hard_negative_1_seed0_hybrid_loss/ckpt/best_model_0_tensor(0.6410).pt)
[2026-07-01 22:54:58] [disk_guard] [DRY-RUN]     would rm "/data/jehc223/RGCL/logging/Retrieval/MHC_zh/RAC_video/RAC_lr0.0001_Bz64_Ep30_cosSim_triplet_drop[0.2, 0.4, 0.1]_topK20__PseudoGold_positive_1_hard_negative_1_seed0_hybrid_loss/ckpt/best_model_0_tensor(0.6410).pt"  (frees 19.03MB)  IF verify passes
[2026-07-01 22:54:58] [disk_guard] [DRY-RUN]   candidate: /data/jehc223/RGCL/logging/Retrieval/HateMM/RAC_video/RAC_lr0.0001_Bz64_Ep30_cosSim_triplet_drop[0.2, 0.4, 0.1]_topK20__PseudoGold_positive_1_hard_negative_1_seed0_hybrid_loss/ckpt/best_model_20_tensor(0.6542).pt
[2026-07-01 22:54:58] [disk_guard] [DRY-RUN]     mtime=2026-07-01 19:13:12 size=19.03MB
[2026-07-01 22:54:58] [disk_guard] [DRY-RUN]     -> b2 subpath: logs/Retrieval/HateMM/RAC_video/RAC_lr0.0001_Bz64_Ep30_cosSim_triplet_drop[0.2, 0.4, 0.1]_topK20__PseudoGold_positive_1_hard_negative_1_seed0_hybrid_loss/ckpt/best_model_20_tensor(0.6542).pt
[2026-07-01 22:54:58] [disk_guard] [DRY-RUN]     would run: b2_push.sh "/data/jehc223/RGCL/logging/Retrieval/HateMM/RAC_video/RAC_lr0.0001_Bz64_Ep30_cosSim_triplet_drop[0.2, 0.4, 0.1]_topK20__PseudoGold_positive_1_hard_negative_1_seed0_hybrid_loss/ckpt/best_model_20_tensor(0.6542).pt" "logs/Retrieval/HateMM/RAC_video/RAC_lr0.0001_Bz64_Ep30_cosSim_triplet_drop[0.2, 0.4, 0.1]_topK20__PseudoGold_positive_1_hard_negative_1_seed0_hybrid_loss/ckpt/best_model_20_tensor(0.6542).pt"
[2026-07-01 22:54:58] [disk_guard] [DRY-RUN]     would verify sha1(local) == sha1(b2:b2:junyi-data/RGCL_video/logs/Retrieval/HateMM/RAC_video/RAC_lr0.0001_Bz64_Ep30_cosSim_triplet_drop[0.2, 0.4, 0.1]_topK20__PseudoGold_positive_1_hard_negative_1_seed0_hybrid_loss/ckpt/best_model_20_tensor(0.6542).pt)
[2026-07-01 22:54:58] [disk_guard] [DRY-RUN]     would rm "/data/jehc223/RGCL/logging/Retrieval/HateMM/RAC_video/RAC_lr0.0001_Bz64_Ep30_cosSim_triplet_drop[0.2, 0.4, 0.1]_topK20__PseudoGold_positive_1_hard_negative_1_seed0_hybrid_loss/ckpt/best_model_20_tensor(0.6542).pt"  (frees 19.03MB)  IF verify passes
[2026-07-01 22:54:58] [disk_guard] [DRY-RUN]   candidate: /data/jehc223/RGCL/logging/Retrieval/HateMM/RAC_video/RAC_lr0.0001_Bz64_Ep30_cosSim_triplet_drop[0.2, 0.4, 0.1]_topK20__PseudoGold_positive_1_hard_negative_1_seed0_hybrid_loss/ckpt/best_model_21_tensor(0.6729).pt
[2026-07-01 22:54:58] [disk_guard] [DRY-RUN]     mtime=2026-07-01 19:13:13 size=19.03MB
[2026-07-01 22:54:58] [disk_guard] [DRY-RUN]     -> b2 subpath: logs/Retrieval/HateMM/RAC_video/RAC_lr0.0001_Bz64_Ep30_cosSim_triplet_drop[0.2, 0.4, 0.1]_topK20__PseudoGold_positive_1_hard_negative_1_seed0_hybrid_loss/ckpt/best_model_21_tensor(0.6729).pt
[2026-07-01 22:54:58] [disk_guard] [DRY-RUN]     would run: b2_push.sh "/data/jehc223/RGCL/logging/Retrieval/HateMM/RAC_video/RAC_lr0.0001_Bz64_Ep30_cosSim_triplet_drop[0.2, 0.4, 0.1]_topK20__PseudoGold_positive_1_hard_negative_1_seed0_hybrid_loss/ckpt/best_model_21_tensor(0.6729).pt" "logs/Retrieval/HateMM/RAC_video/RAC_lr0.0001_Bz64_Ep30_cosSim_triplet_drop[0.2, 0.4, 0.1]_topK20__PseudoGold_positive_1_hard_negative_1_seed0_hybrid_loss/ckpt/best_model_21_tensor(0.6729).pt"
[2026-07-01 22:54:58] [disk_guard] [DRY-RUN]     would verify sha1(local) == sha1(b2:b2:junyi-data/RGCL_video/logs/Retrieval/HateMM/RAC_video/RAC_lr0.0001_Bz64_Ep30_cosSim_triplet_drop[0.2, 0.4, 0.1]_topK20__PseudoGold_positive_1_hard_negative_1_seed0_hybrid_loss/ckpt/best_model_21_tensor(0.6729).pt)
[2026-07-01 22:54:58] [disk_guard] [DRY-RUN]     would rm "/data/jehc223/RGCL/logging/Retrieval/HateMM/RAC_video/RAC_lr0.0001_Bz64_Ep30_cosSim_triplet_drop[0.2, 0.4, 0.1]_topK20__PseudoGold_positive_1_hard_negative_1_seed0_hybrid_loss/ckpt/best_model_21_tensor(0.6729).pt"  (frees 19.03MB)  IF verify passes
[2026-07-01 22:54:59] [disk_guard] [DRY-RUN]   candidate: /data/jehc223/RGCL/logging/Retrieval/HateMM/RAC_video/RAC_lr0.0001_Bz64_Ep30_cosSim_triplet_drop[0.2, 0.4, 0.1]_topK20__PseudoGold_positive_1_hard_negative_1_seed0_hybrid_loss/ckpt/best_model_22_tensor(0.7383).pt
[2026-07-01 22:54:59] [disk_guard] [DRY-RUN]     mtime=2026-07-01 19:13:14 size=19.03MB
[2026-07-01 22:54:59] [disk_guard] [DRY-RUN]     -> b2 subpath: logs/Retrieval/HateMM/RAC_video/RAC_lr0.0001_Bz64_Ep30_cosSim_triplet_drop[0.2, 0.4, 0.1]_topK20__PseudoGold_positive_1_hard_negative_1_seed0_hybrid_loss/ckpt/best_model_22_tensor(0.7383).pt
[2026-07-01 22:54:59] [disk_guard] [DRY-RUN]     would run: b2_push.sh "/data/jehc223/RGCL/logging/Retrieval/HateMM/RAC_video/RAC_lr0.0001_Bz64_Ep30_cosSim_triplet_drop[0.2, 0.4, 0.1]_topK20__PseudoGold_positive_1_hard_negative_1_seed0_hybrid_loss/ckpt/best_model_22_tensor(0.7383).pt" "logs/Retrieval/HateMM/RAC_video/RAC_lr0.0001_Bz64_Ep30_cosSim_triplet_drop[0.2, 0.4, 0.1]_topK20__PseudoGold_positive_1_hard_negative_1_seed0_hybrid_loss/ckpt/best_model_22_tensor(0.7383).pt"
[2026-07-01 22:54:59] [disk_guard] [DRY-RUN]     would verify sha1(local) == sha1(b2:b2:junyi-data/RGCL_video/logs/Retrieval/HateMM/RAC_video/RAC_lr0.0001_Bz64_Ep30_cosSim_triplet_drop[0.2, 0.4, 0.1]_topK20__PseudoGold_positive_1_hard_negative_1_seed0_hybrid_loss/ckpt/best_model_22_tensor(0.7383).pt)
[2026-07-01 22:54:59] [disk_guard] [DRY-RUN]     would rm "/data/jehc223/RGCL/logging/Retrieval/HateMM/RAC_video/RAC_lr0.0001_Bz64_Ep30_cosSim_triplet_drop[0.2, 0.4, 0.1]_topK20__PseudoGold_positive_1_hard_negative_1_seed0_hybrid_loss/ckpt/best_model_22_tensor(0.7383).pt"  (frees 19.03MB)  IF verify passes
[2026-07-01 22:54:59] [disk_guard] [DRY-RUN]   candidate: /data/jehc223/RGCL/logging/Retrieval/HateMM/RAC_video/RAC_lr0.0001_Bz64_Ep30_cosSim_triplet_drop[0.2, 0.4, 0.1]_topK20__PseudoGold_positive_1_hard_negative_1_seed0_hybrid_loss/ckpt/best_model_23_tensor(0.8318).pt
[2026-07-01 22:54:59] [disk_guard] [DRY-RUN]     mtime=2026-07-01 19:13:15 size=19.03MB
[2026-07-01 22:54:59] [disk_guard] [DRY-RUN]     -> b2 subpath: logs/Retrieval/HateMM/RAC_video/RAC_lr0.0001_Bz64_Ep30_cosSim_triplet_drop[0.2, 0.4, 0.1]_topK20__PseudoGold_positive_1_hard_negative_1_seed0_hybrid_loss/ckpt/best_model_23_tensor(0.8318).pt
[2026-07-01 22:54:59] [disk_guard] [DRY-RUN]     would run: b2_push.sh "/data/jehc223/RGCL/logging/Retrieval/HateMM/RAC_video/RAC_lr0.0001_Bz64_Ep30_cosSim_triplet_drop[0.2, 0.4, 0.1]_topK20__PseudoGold_positive_1_hard_negative_1_seed0_hybrid_loss/ckpt/best_model_23_tensor(0.8318).pt" "logs/Retrieval/HateMM/RAC_video/RAC_lr0.0001_Bz64_Ep30_cosSim_triplet_drop[0.2, 0.4, 0.1]_topK20__PseudoGold_positive_1_hard_negative_1_seed0_hybrid_loss/ckpt/best_model_23_tensor(0.8318).pt"
[2026-07-01 22:54:59] [disk_guard] [DRY-RUN]     would verify sha1(local) == sha1(b2:b2:junyi-data/RGCL_video/logs/Retrieval/HateMM/RAC_video/RAC_lr0.0001_Bz64_Ep30_cosSim_triplet_drop[0.2, 0.4, 0.1]_topK20__PseudoGold_positive_1_hard_negative_1_seed0_hybrid_loss/ckpt/best_model_23_tensor(0.8318).pt)
[2026-07-01 22:54:59] [disk_guard] [DRY-RUN]     would rm "/data/jehc223/RGCL/logging/Retrieval/HateMM/RAC_video/RAC_lr0.0001_Bz64_Ep30_cosSim_triplet_drop[0.2, 0.4, 0.1]_topK20__PseudoGold_positive_1_hard_negative_1_seed0_hybrid_loss/ckpt/best_model_23_tensor(0.8318).pt"  (frees 19.03MB)  IF verify passes
[2026-07-01 22:54:59] [disk_guard] [DRY-RUN]   candidate: /data/jehc223/RGCL/logging/Retrieval/MHC_zh/RAC_video/RAC_lr0.0001_Bz64_Ep30_cosSim_triplet_drop[0.2, 0.4, 0.1]_topK20__PseudoGold_positive_1_hard_negative_1_seed0_hybrid_loss/ckpt/best_model_28_tensor(0.7436).pt
[2026-07-01 22:54:59] [disk_guard] [DRY-RUN]     mtime=2026-07-01 19:13:25 size=19.03MB
[2026-07-01 22:54:59] [disk_guard] [DRY-RUN]     -> b2 subpath: logs/Retrieval/MHC_zh/RAC_video/RAC_lr0.0001_Bz64_Ep30_cosSim_triplet_drop[0.2, 0.4, 0.1]_topK20__PseudoGold_positive_1_hard_negative_1_seed0_hybrid_loss/ckpt/best_model_28_tensor(0.7436).pt
[2026-07-01 22:54:59] [disk_guard] [DRY-RUN]     would run: b2_push.sh "/data/jehc223/RGCL/logging/Retrieval/MHC_zh/RAC_video/RAC_lr0.0001_Bz64_Ep30_cosSim_triplet_drop[0.2, 0.4, 0.1]_topK20__PseudoGold_positive_1_hard_negative_1_seed0_hybrid_loss/ckpt/best_model_28_tensor(0.7436).pt" "logs/Retrieval/MHC_zh/RAC_video/RAC_lr0.0001_Bz64_Ep30_cosSim_triplet_drop[0.2, 0.4, 0.1]_topK20__PseudoGold_positive_1_hard_negative_1_seed0_hybrid_loss/ckpt/best_model_28_tensor(0.7436).pt"
[2026-07-01 22:54:59] [disk_guard] [DRY-RUN]     would verify sha1(local) == sha1(b2:b2:junyi-data/RGCL_video/logs/Retrieval/MHC_zh/RAC_video/RAC_lr0.0001_Bz64_Ep30_cosSim_triplet_drop[0.2, 0.4, 0.1]_topK20__PseudoGold_positive_1_hard_negative_1_seed0_hybrid_loss/ckpt/best_model_28_tensor(0.7436).pt)
[2026-07-01 22:54:59] [disk_guard] [DRY-RUN]     would rm "/data/jehc223/RGCL/logging/Retrieval/MHC_zh/RAC_video/RAC_lr0.0001_Bz64_Ep30_cosSim_triplet_drop[0.2, 0.4, 0.1]_topK20__PseudoGold_positive_1_hard_negative_1_seed0_hybrid_loss/ckpt/best_model_28_tensor(0.7436).pt"  (frees 19.03MB)  IF verify passes
[2026-07-01 22:54:59] [disk_guard] [DRY-RUN]   candidate: /data/jehc223/RGCL/logging/Retrieval/MHC_zh/RAC_video/RAC_lr0.0001_Bz64_Ep30_cosSim_triplet_drop[0.2, 0.4, 0.1]_topK20__PseudoGold_positive_1_hard_negative_1_seed0_hybrid_loss/ckpt/best_model_29_tensor(0.7821).pt
[2026-07-01 22:54:59] [disk_guard] [DRY-RUN]     mtime=2026-07-01 19:13:25 size=19.03MB
[2026-07-01 22:54:59] [disk_guard] [DRY-RUN]     -> b2 subpath: logs/Retrieval/MHC_zh/RAC_video/RAC_lr0.0001_Bz64_Ep30_cosSim_triplet_drop[0.2, 0.4, 0.1]_topK20__PseudoGold_positive_1_hard_negative_1_seed0_hybrid_loss/ckpt/best_model_29_tensor(0.7821).pt
[2026-07-01 22:54:59] [disk_guard] [DRY-RUN]     would run: b2_push.sh "/data/jehc223/RGCL/logging/Retrieval/MHC_zh/RAC_video/RAC_lr0.0001_Bz64_Ep30_cosSim_triplet_drop[0.2, 0.4, 0.1]_topK20__PseudoGold_positive_1_hard_negative_1_seed0_hybrid_loss/ckpt/best_model_29_tensor(0.7821).pt" "logs/Retrieval/MHC_zh/RAC_video/RAC_lr0.0001_Bz64_Ep30_cosSim_triplet_drop[0.2, 0.4, 0.1]_topK20__PseudoGold_positive_1_hard_negative_1_seed0_hybrid_loss/ckpt/best_model_29_tensor(0.7821).pt"
[2026-07-01 22:54:59] [disk_guard] [DRY-RUN]     would verify sha1(local) == sha1(b2:b2:junyi-data/RGCL_video/logs/Retrieval/MHC_zh/RAC_video/RAC_lr0.0001_Bz64_Ep30_cosSim_triplet_drop[0.2, 0.4, 0.1]_topK20__PseudoGold_positive_1_hard_negative_1_seed0_hybrid_loss/ckpt/best_model_29_tensor(0.7821).pt)
[2026-07-01 22:54:59] [disk_guard] [DRY-RUN]     would rm "/data/jehc223/RGCL/logging/Retrieval/MHC_zh/RAC_video/RAC_lr0.0001_Bz64_Ep30_cosSim_triplet_drop[0.2, 0.4, 0.1]_topK20__PseudoGold_positive_1_hard_negative_1_seed0_hybrid_loss/ckpt/best_model_29_tensor(0.7821).pt"  (frees 19.03MB)  IF verify passes
[2026-07-01 22:54:59] [disk_guard] [DRY-RUN]   candidate: /data/jehc223/RGCL/logging/Retrieval/ImpliHateVid/RAC_video/RAC_lr0.0001_Bz64_Ep30_cosSim_triplet_drop[0.2, 0.4, 0.1]_topK20__PseudoGold_positive_1_hard_negative_1_seed0_hybrid_loss/ckpt/best_model_0_tensor(0.4923).pt
[2026-07-01 22:54:59] [disk_guard] [DRY-RUN]     mtime=2026-07-01 20:07:12 size=19.03MB
[2026-07-01 22:54:59] [disk_guard] [DRY-RUN]     -> b2 subpath: logs/Retrieval/ImpliHateVid/RAC_video/RAC_lr0.0001_Bz64_Ep30_cosSim_triplet_drop[0.2, 0.4, 0.1]_topK20__PseudoGold_positive_1_hard_negative_1_seed0_hybrid_loss/ckpt/best_model_0_tensor(0.4923).pt
[2026-07-01 22:54:59] [disk_guard] [DRY-RUN]     would run: b2_push.sh "/data/jehc223/RGCL/logging/Retrieval/ImpliHateVid/RAC_video/RAC_lr0.0001_Bz64_Ep30_cosSim_triplet_drop[0.2, 0.4, 0.1]_topK20__PseudoGold_positive_1_hard_negative_1_seed0_hybrid_loss/ckpt/best_model_0_tensor(0.4923).pt" "logs/Retrieval/ImpliHateVid/RAC_video/RAC_lr0.0001_Bz64_Ep30_cosSim_triplet_drop[0.2, 0.4, 0.1]_topK20__PseudoGold_positive_1_hard_negative_1_seed0_hybrid_loss/ckpt/best_model_0_tensor(0.4923).pt"
[2026-07-01 22:54:59] [disk_guard] [DRY-RUN]     would verify sha1(local) == sha1(b2:b2:junyi-data/RGCL_video/logs/Retrieval/ImpliHateVid/RAC_video/RAC_lr0.0001_Bz64_Ep30_cosSim_triplet_drop[0.2, 0.4, 0.1]_topK20__PseudoGold_positive_1_hard_negative_1_seed0_hybrid_loss/ckpt/best_model_0_tensor(0.4923).pt)
[2026-07-01 22:54:59] [disk_guard] [DRY-RUN]     would rm "/data/jehc223/RGCL/logging/Retrieval/ImpliHateVid/RAC_video/RAC_lr0.0001_Bz64_Ep30_cosSim_triplet_drop[0.2, 0.4, 0.1]_topK20__PseudoGold_positive_1_hard_negative_1_seed0_hybrid_loss/ckpt/best_model_0_tensor(0.4923).pt"  (frees 19.03MB)  IF verify passes
[2026-07-01 22:54:59] [disk_guard] [DRY-RUN]   candidate: /data/jehc223/RGCL/logging/Retrieval/ImpliHateVid/RAC_video/RAC_lr0.0001_Bz64_Ep30_cosSim_triplet_drop[0.2, 0.4, 0.1]_topK20__PseudoGold_positive_1_hard_negative_1_seed0_hybrid_loss/ckpt/best_model_11_tensor(0.6677).pt
[2026-07-01 22:54:59] [disk_guard] [DRY-RUN]     mtime=2026-07-01 20:07:32 size=19.03MB
[2026-07-01 22:54:59] [disk_guard] [DRY-RUN]     -> b2 subpath: logs/Retrieval/ImpliHateVid/RAC_video/RAC_lr0.0001_Bz64_Ep30_cosSim_triplet_drop[0.2, 0.4, 0.1]_topK20__PseudoGold_positive_1_hard_negative_1_seed0_hybrid_loss/ckpt/best_model_11_tensor(0.6677).pt
[2026-07-01 22:54:59] [disk_guard] [DRY-RUN]     would run: b2_push.sh "/data/jehc223/RGCL/logging/Retrieval/ImpliHateVid/RAC_video/RAC_lr0.0001_Bz64_Ep30_cosSim_triplet_drop[0.2, 0.4, 0.1]_topK20__PseudoGold_positive_1_hard_negative_1_seed0_hybrid_loss/ckpt/best_model_11_tensor(0.6677).pt" "logs/Retrieval/ImpliHateVid/RAC_video/RAC_lr0.0001_Bz64_Ep30_cosSim_triplet_drop[0.2, 0.4, 0.1]_topK20__PseudoGold_positive_1_hard_negative_1_seed0_hybrid_loss/ckpt/best_model_11_tensor(0.6677).pt"
[2026-07-01 22:54:59] [disk_guard] [DRY-RUN]     would verify sha1(local) == sha1(b2:b2:junyi-data/RGCL_video/logs/Retrieval/ImpliHateVid/RAC_video/RAC_lr0.0001_Bz64_Ep30_cosSim_triplet_drop[0.2, 0.4, 0.1]_topK20__PseudoGold_positive_1_hard_negative_1_seed0_hybrid_loss/ckpt/best_model_11_tensor(0.6677).pt)
[2026-07-01 22:54:59] [disk_guard] [DRY-RUN]     would rm "/data/jehc223/RGCL/logging/Retrieval/ImpliHateVid/RAC_video/RAC_lr0.0001_Bz64_Ep30_cosSim_triplet_drop[0.2, 0.4, 0.1]_topK20__PseudoGold_positive_1_hard_negative_1_seed0_hybrid_loss/ckpt/best_model_11_tensor(0.6677).pt"  (frees 19.03MB)  IF verify passes
[2026-07-01 22:54:59] [disk_guard] [DRY-RUN]   candidate: /data/jehc223/RGCL/logging/Retrieval/ImpliHateVid/RAC_video/RAC_lr0.0001_Bz64_Ep30_cosSim_triplet_drop[0.2, 0.4, 0.1]_topK20__PseudoGold_positive_1_hard_negative_1_seed0_hybrid_loss/ckpt/best_model_12_tensor(0.8585).pt
[2026-07-01 22:54:59] [disk_guard] [DRY-RUN]     mtime=2026-07-01 20:07:34 size=19.03MB
[2026-07-01 22:54:59] [disk_guard] [DRY-RUN]     -> b2 subpath: logs/Retrieval/ImpliHateVid/RAC_video/RAC_lr0.0001_Bz64_Ep30_cosSim_triplet_drop[0.2, 0.4, 0.1]_topK20__PseudoGold_positive_1_hard_negative_1_seed0_hybrid_loss/ckpt/best_model_12_tensor(0.8585).pt
[2026-07-01 22:54:59] [disk_guard] [DRY-RUN]     would run: b2_push.sh "/data/jehc223/RGCL/logging/Retrieval/ImpliHateVid/RAC_video/RAC_lr0.0001_Bz64_Ep30_cosSim_triplet_drop[0.2, 0.4, 0.1]_topK20__PseudoGold_positive_1_hard_negative_1_seed0_hybrid_loss/ckpt/best_model_12_tensor(0.8585).pt" "logs/Retrieval/ImpliHateVid/RAC_video/RAC_lr0.0001_Bz64_Ep30_cosSim_triplet_drop[0.2, 0.4, 0.1]_topK20__PseudoGold_positive_1_hard_negative_1_seed0_hybrid_loss/ckpt/best_model_12_tensor(0.8585).pt"
[2026-07-01 22:54:59] [disk_guard] [DRY-RUN]     would verify sha1(local) == sha1(b2:b2:junyi-data/RGCL_video/logs/Retrieval/ImpliHateVid/RAC_video/RAC_lr0.0001_Bz64_Ep30_cosSim_triplet_drop[0.2, 0.4, 0.1]_topK20__PseudoGold_positive_1_hard_negative_1_seed0_hybrid_loss/ckpt/best_model_12_tensor(0.8585).pt)
[2026-07-01 22:54:59] [disk_guard] [DRY-RUN]     would rm "/data/jehc223/RGCL/logging/Retrieval/ImpliHateVid/RAC_video/RAC_lr0.0001_Bz64_Ep30_cosSim_triplet_drop[0.2, 0.4, 0.1]_topK20__PseudoGold_positive_1_hard_negative_1_seed0_hybrid_loss/ckpt/best_model_12_tensor(0.8585).pt"  (frees 19.03MB)  IF verify passes
[2026-07-01 22:54:59] [disk_guard] [DRY-RUN]   candidate: /data/jehc223/RGCL/logging/Retrieval/ImpliHateVid/RAC_video/RAC_lr0.0001_Bz64_Ep30_cosSim_triplet_drop[0.2, 0.4, 0.1]_topK20__PseudoGold_positive_1_hard_negative_1_seed0_hybrid_loss/ckpt/best_model_14_tensor(0.8800).pt
[2026-07-01 22:54:59] [disk_guard] [DRY-RUN]     mtime=2026-07-01 20:07:38 size=19.03MB
[2026-07-01 22:54:59] [disk_guard] [DRY-RUN]     -> b2 subpath: logs/Retrieval/ImpliHateVid/RAC_video/RAC_lr0.0001_Bz64_Ep30_cosSim_triplet_drop[0.2, 0.4, 0.1]_topK20__PseudoGold_positive_1_hard_negative_1_seed0_hybrid_loss/ckpt/best_model_14_tensor(0.8800).pt
[2026-07-01 22:54:59] [disk_guard] [DRY-RUN]     would run: b2_push.sh "/data/jehc223/RGCL/logging/Retrieval/ImpliHateVid/RAC_video/RAC_lr0.0001_Bz64_Ep30_cosSim_triplet_drop[0.2, 0.4, 0.1]_topK20__PseudoGold_positive_1_hard_negative_1_seed0_hybrid_loss/ckpt/best_model_14_tensor(0.8800).pt" "logs/Retrieval/ImpliHateVid/RAC_video/RAC_lr0.0001_Bz64_Ep30_cosSim_triplet_drop[0.2, 0.4, 0.1]_topK20__PseudoGold_positive_1_hard_negative_1_seed0_hybrid_loss/ckpt/best_model_14_tensor(0.8800).pt"
[2026-07-01 22:54:59] [disk_guard] [DRY-RUN]     would verify sha1(local) == sha1(b2:b2:junyi-data/RGCL_video/logs/Retrieval/ImpliHateVid/RAC_video/RAC_lr0.0001_Bz64_Ep30_cosSim_triplet_drop[0.2, 0.4, 0.1]_topK20__PseudoGold_positive_1_hard_negative_1_seed0_hybrid_loss/ckpt/best_model_14_tensor(0.8800).pt)
[2026-07-01 22:54:59] [disk_guard] [DRY-RUN]     would rm "/data/jehc223/RGCL/logging/Retrieval/ImpliHateVid/RAC_video/RAC_lr0.0001_Bz64_Ep30_cosSim_triplet_drop[0.2, 0.4, 0.1]_topK20__PseudoGold_positive_1_hard_negative_1_seed0_hybrid_loss/ckpt/best_model_14_tensor(0.8800).pt"  (frees 19.03MB)  IF verify passes
[2026-07-01 22:54:59] [disk_guard] [DRY-RUN]   candidate: /data/jehc223/RGCL/logging/Retrieval/ImpliHateVid/RAC_video/RAC_lr0.0001_Bz64_Ep30_cosSim_triplet_drop[0.2, 0.4, 0.1]_topK20__PseudoGold_positive_1_hard_negative_1_seed0_hybrid_loss/ckpt/best_model_16_tensor(0.9015).pt
[2026-07-01 22:54:59] [disk_guard] [DRY-RUN]     mtime=2026-07-01 20:07:41 size=19.03MB
[2026-07-01 22:54:59] [disk_guard] [DRY-RUN]     -> b2 subpath: logs/Retrieval/ImpliHateVid/RAC_video/RAC_lr0.0001_Bz64_Ep30_cosSim_triplet_drop[0.2, 0.4, 0.1]_topK20__PseudoGold_positive_1_hard_negative_1_seed0_hybrid_loss/ckpt/best_model_16_tensor(0.9015).pt
[2026-07-01 22:54:59] [disk_guard] [DRY-RUN]     would run: b2_push.sh "/data/jehc223/RGCL/logging/Retrieval/ImpliHateVid/RAC_video/RAC_lr0.0001_Bz64_Ep30_cosSim_triplet_drop[0.2, 0.4, 0.1]_topK20__PseudoGold_positive_1_hard_negative_1_seed0_hybrid_loss/ckpt/best_model_16_tensor(0.9015).pt" "logs/Retrieval/ImpliHateVid/RAC_video/RAC_lr0.0001_Bz64_Ep30_cosSim_triplet_drop[0.2, 0.4, 0.1]_topK20__PseudoGold_positive_1_hard_negative_1_seed0_hybrid_loss/ckpt/best_model_16_tensor(0.9015).pt"
[2026-07-01 22:54:59] [disk_guard] [DRY-RUN]     would verify sha1(local) == sha1(b2:b2:junyi-data/RGCL_video/logs/Retrieval/ImpliHateVid/RAC_video/RAC_lr0.0001_Bz64_Ep30_cosSim_triplet_drop[0.2, 0.4, 0.1]_topK20__PseudoGold_positive_1_hard_negative_1_seed0_hybrid_loss/ckpt/best_model_16_tensor(0.9015).pt)
[2026-07-01 22:54:59] [disk_guard] [DRY-RUN]     would rm "/data/jehc223/RGCL/logging/Retrieval/ImpliHateVid/RAC_video/RAC_lr0.0001_Bz64_Ep30_cosSim_triplet_drop[0.2, 0.4, 0.1]_topK20__PseudoGold_positive_1_hard_negative_1_seed0_hybrid_loss/ckpt/best_model_16_tensor(0.9015).pt"  (frees 19.03MB)  IF verify passes
[2026-07-01 22:54:59] [disk_guard] [DRY-RUN]   candidate: /data/jehc223/RGCL/logging/Retrieval/ImpliHateVid/RAC_video/RAC_lr0.0001_Bz64_Ep30_cosSim_triplet_drop[0.2, 0.4, 0.1]_topK20__PseudoGold_positive_1_hard_negative_1_seed0_hybrid_loss/ckpt/best_model_17_tensor(0.9077).pt
[2026-07-01 22:54:59] [disk_guard] [DRY-RUN]     mtime=2026-07-01 20:07:43 size=19.03MB
[2026-07-01 22:54:59] [disk_guard] [DRY-RUN]     -> b2 subpath: logs/Retrieval/ImpliHateVid/RAC_video/RAC_lr0.0001_Bz64_Ep30_cosSim_triplet_drop[0.2, 0.4, 0.1]_topK20__PseudoGold_positive_1_hard_negative_1_seed0_hybrid_loss/ckpt/best_model_17_tensor(0.9077).pt
[2026-07-01 22:54:59] [disk_guard] [DRY-RUN]     would run: b2_push.sh "/data/jehc223/RGCL/logging/Retrieval/ImpliHateVid/RAC_video/RAC_lr0.0001_Bz64_Ep30_cosSim_triplet_drop[0.2, 0.4, 0.1]_topK20__PseudoGold_positive_1_hard_negative_1_seed0_hybrid_loss/ckpt/best_model_17_tensor(0.9077).pt" "logs/Retrieval/ImpliHateVid/RAC_video/RAC_lr0.0001_Bz64_Ep30_cosSim_triplet_drop[0.2, 0.4, 0.1]_topK20__PseudoGold_positive_1_hard_negative_1_seed0_hybrid_loss/ckpt/best_model_17_tensor(0.9077).pt"
[2026-07-01 22:54:59] [disk_guard] [DRY-RUN]     would verify sha1(local) == sha1(b2:b2:junyi-data/RGCL_video/logs/Retrieval/ImpliHateVid/RAC_video/RAC_lr0.0001_Bz64_Ep30_cosSim_triplet_drop[0.2, 0.4, 0.1]_topK20__PseudoGold_positive_1_hard_negative_1_seed0_hybrid_loss/ckpt/best_model_17_tensor(0.9077).pt)
[2026-07-01 22:54:59] [disk_guard] [DRY-RUN]     would rm "/data/jehc223/RGCL/logging/Retrieval/ImpliHateVid/RAC_video/RAC_lr0.0001_Bz64_Ep30_cosSim_triplet_drop[0.2, 0.4, 0.1]_topK20__PseudoGold_positive_1_hard_negative_1_seed0_hybrid_loss/ckpt/best_model_17_tensor(0.9077).pt"  (frees 19.03MB)  IF verify passes
[2026-07-01 22:54:59] [disk_guard] [DRY-RUN]   candidate: /data/jehc223/RGCL/logging/Retrieval/ImpliHateVid/RAC_video/RAC_lr0.0001_Bz64_Ep30_cosSim_triplet_drop[0.2, 0.4, 0.1]_topK20__PseudoGold_positive_1_hard_negative_1_seed0_hybrid_loss/ckpt/best_model_18_tensor(0.9108).pt
[2026-07-01 22:54:59] [disk_guard] [DRY-RUN]     mtime=2026-07-01 20:07:45 size=19.03MB
[2026-07-01 22:54:59] [disk_guard] [DRY-RUN]     -> b2 subpath: logs/Retrieval/ImpliHateVid/RAC_video/RAC_lr0.0001_Bz64_Ep30_cosSim_triplet_drop[0.2, 0.4, 0.1]_topK20__PseudoGold_positive_1_hard_negative_1_seed0_hybrid_loss/ckpt/best_model_18_tensor(0.9108).pt
[2026-07-01 22:54:59] [disk_guard] [DRY-RUN]     would run: b2_push.sh "/data/jehc223/RGCL/logging/Retrieval/ImpliHateVid/RAC_video/RAC_lr0.0001_Bz64_Ep30_cosSim_triplet_drop[0.2, 0.4, 0.1]_topK20__PseudoGold_positive_1_hard_negative_1_seed0_hybrid_loss/ckpt/best_model_18_tensor(0.9108).pt" "logs/Retrieval/ImpliHateVid/RAC_video/RAC_lr0.0001_Bz64_Ep30_cosSim_triplet_drop[0.2, 0.4, 0.1]_topK20__PseudoGold_positive_1_hard_negative_1_seed0_hybrid_loss/ckpt/best_model_18_tensor(0.9108).pt"
[2026-07-01 22:54:59] [disk_guard] [DRY-RUN]     would verify sha1(local) == sha1(b2:b2:junyi-data/RGCL_video/logs/Retrieval/ImpliHateVid/RAC_video/RAC_lr0.0001_Bz64_Ep30_cosSim_triplet_drop[0.2, 0.4, 0.1]_topK20__PseudoGold_positive_1_hard_negative_1_seed0_hybrid_loss/ckpt/best_model_18_tensor(0.9108).pt)
[2026-07-01 22:54:59] [disk_guard] [DRY-RUN]     would rm "/data/jehc223/RGCL/logging/Retrieval/ImpliHateVid/RAC_video/RAC_lr0.0001_Bz64_Ep30_cosSim_triplet_drop[0.2, 0.4, 0.1]_topK20__PseudoGold_positive_1_hard_negative_1_seed0_hybrid_loss/ckpt/best_model_18_tensor(0.9108).pt"  (frees 19.03MB)  IF verify passes
[2026-07-01 22:54:59] [disk_guard] [DRY-RUN]   candidate: /data/jehc223/RGCL/logging/Retrieval/HateMM/RAC_video/RAC_lr0.0001_Bz64_Ep30_cosSim_triplet_drop[0.2, 0.4, 0.1]_topK20__PseudoGold_positive_1_hard_negative_1_seed0_hybrid_loss/ckpt/best_model_0_0.7476635514018691.pt
[2026-07-01 22:54:59] [disk_guard] [DRY-RUN]     mtime=2026-07-01 22:50:22 size=19.03MB
[2026-07-01 22:54:59] [disk_guard] [DRY-RUN]     -> b2 subpath: logs/Retrieval/HateMM/RAC_video/RAC_lr0.0001_Bz64_Ep30_cosSim_triplet_drop[0.2, 0.4, 0.1]_topK20__PseudoGold_positive_1_hard_negative_1_seed0_hybrid_loss/ckpt/best_model_0_0.7476635514018691.pt
[2026-07-01 22:54:59] [disk_guard] [DRY-RUN]     would run: b2_push.sh "/data/jehc223/RGCL/logging/Retrieval/HateMM/RAC_video/RAC_lr0.0001_Bz64_Ep30_cosSim_triplet_drop[0.2, 0.4, 0.1]_topK20__PseudoGold_positive_1_hard_negative_1_seed0_hybrid_loss/ckpt/best_model_0_0.7476635514018691.pt" "logs/Retrieval/HateMM/RAC_video/RAC_lr0.0001_Bz64_Ep30_cosSim_triplet_drop[0.2, 0.4, 0.1]_topK20__PseudoGold_positive_1_hard_negative_1_seed0_hybrid_loss/ckpt/best_model_0_0.7476635514018691.pt"
[2026-07-01 22:54:59] [disk_guard] [DRY-RUN]     would verify sha1(local) == sha1(b2:b2:junyi-data/RGCL_video/logs/Retrieval/HateMM/RAC_video/RAC_lr0.0001_Bz64_Ep30_cosSim_triplet_drop[0.2, 0.4, 0.1]_topK20__PseudoGold_positive_1_hard_negative_1_seed0_hybrid_loss/ckpt/best_model_0_0.7476635514018691.pt)
[2026-07-01 22:54:59] [disk_guard] [DRY-RUN]     would rm "/data/jehc223/RGCL/logging/Retrieval/HateMM/RAC_video/RAC_lr0.0001_Bz64_Ep30_cosSim_triplet_drop[0.2, 0.4, 0.1]_topK20__PseudoGold_positive_1_hard_negative_1_seed0_hybrid_loss/ckpt/best_model_0_0.7476635514018691.pt"  (frees 19.03MB)  IF verify passes
[2026-07-01 22:54:59] [disk_guard] [DRY-RUN]   candidate: /data/jehc223/RGCL/logging/Retrieval/HateMM/RAC_video/RAC_lr0.0001_Bz64_Ep30_cosSim_triplet_drop[0.2, 0.4, 0.1]_topK20__PseudoGold_positive_1_hard_negative_1_seed0_hybrid_loss/ckpt/best_model_1_0.7757009345794392.pt
[2026-07-01 22:54:59] [disk_guard] [DRY-RUN]     mtime=2026-07-01 22:50:23 size=19.03MB
[2026-07-01 22:54:59] [disk_guard] [DRY-RUN]     -> b2 subpath: logs/Retrieval/HateMM/RAC_video/RAC_lr0.0001_Bz64_Ep30_cosSim_triplet_drop[0.2, 0.4, 0.1]_topK20__PseudoGold_positive_1_hard_negative_1_seed0_hybrid_loss/ckpt/best_model_1_0.7757009345794392.pt
[2026-07-01 22:54:59] [disk_guard] [DRY-RUN]     would run: b2_push.sh "/data/jehc223/RGCL/logging/Retrieval/HateMM/RAC_video/RAC_lr0.0001_Bz64_Ep30_cosSim_triplet_drop[0.2, 0.4, 0.1]_topK20__PseudoGold_positive_1_hard_negative_1_seed0_hybrid_loss/ckpt/best_model_1_0.7757009345794392.pt" "logs/Retrieval/HateMM/RAC_video/RAC_lr0.0001_Bz64_Ep30_cosSim_triplet_drop[0.2, 0.4, 0.1]_topK20__PseudoGold_positive_1_hard_negative_1_seed0_hybrid_loss/ckpt/best_model_1_0.7757009345794392.pt"
[2026-07-01 22:54:59] [disk_guard] [DRY-RUN]     would verify sha1(local) == sha1(b2:b2:junyi-data/RGCL_video/logs/Retrieval/HateMM/RAC_video/RAC_lr0.0001_Bz64_Ep30_cosSim_triplet_drop[0.2, 0.4, 0.1]_topK20__PseudoGold_positive_1_hard_negative_1_seed0_hybrid_loss/ckpt/best_model_1_0.7757009345794392.pt)
[2026-07-01 22:54:59] [disk_guard] [DRY-RUN]     would rm "/data/jehc223/RGCL/logging/Retrieval/HateMM/RAC_video/RAC_lr0.0001_Bz64_Ep30_cosSim_triplet_drop[0.2, 0.4, 0.1]_topK20__PseudoGold_positive_1_hard_negative_1_seed0_hybrid_loss/ckpt/best_model_1_0.7757009345794392.pt"  (frees 19.03MB)  IF verify passes
[2026-07-01 22:54:59] [disk_guard] [DRY-RUN]   candidate: /data/jehc223/RGCL/logging/Retrieval/HateMM/RAC_video/RAC_lr0.0001_Bz64_Ep30_cosSim_triplet_drop[0.2, 0.4, 0.1]_topK20__PseudoGold_positive_1_hard_negative_1_seed0_hybrid_loss/ckpt/best_model_3_0.794392523364486.pt
[2026-07-01 22:54:59] [disk_guard] [DRY-RUN]     mtime=2026-07-01 22:50:24 size=19.03MB
[2026-07-01 22:54:59] [disk_guard] [DRY-RUN]     -> b2 subpath: logs/Retrieval/HateMM/RAC_video/RAC_lr0.0001_Bz64_Ep30_cosSim_triplet_drop[0.2, 0.4, 0.1]_topK20__PseudoGold_positive_1_hard_negative_1_seed0_hybrid_loss/ckpt/best_model_3_0.794392523364486.pt
[2026-07-01 22:54:59] [disk_guard] [DRY-RUN]     would run: b2_push.sh "/data/jehc223/RGCL/logging/Retrieval/HateMM/RAC_video/RAC_lr0.0001_Bz64_Ep30_cosSim_triplet_drop[0.2, 0.4, 0.1]_topK20__PseudoGold_positive_1_hard_negative_1_seed0_hybrid_loss/ckpt/best_model_3_0.794392523364486.pt" "logs/Retrieval/HateMM/RAC_video/RAC_lr0.0001_Bz64_Ep30_cosSim_triplet_drop[0.2, 0.4, 0.1]_topK20__PseudoGold_positive_1_hard_negative_1_seed0_hybrid_loss/ckpt/best_model_3_0.794392523364486.pt"
[2026-07-01 22:54:59] [disk_guard] [DRY-RUN]     would verify sha1(local) == sha1(b2:b2:junyi-data/RGCL_video/logs/Retrieval/HateMM/RAC_video/RAC_lr0.0001_Bz64_Ep30_cosSim_triplet_drop[0.2, 0.4, 0.1]_topK20__PseudoGold_positive_1_hard_negative_1_seed0_hybrid_loss/ckpt/best_model_3_0.794392523364486.pt)
[2026-07-01 22:54:59] [disk_guard] [DRY-RUN]     would rm "/data/jehc223/RGCL/logging/Retrieval/HateMM/RAC_video/RAC_lr0.0001_Bz64_Ep30_cosSim_triplet_drop[0.2, 0.4, 0.1]_topK20__PseudoGold_positive_1_hard_negative_1_seed0_hybrid_loss/ckpt/best_model_3_0.794392523364486.pt"  (frees 19.03MB)  IF verify passes
[2026-07-01 22:54:59] [disk_guard] [DRY-RUN]   candidate: /data/jehc223/RGCL/logging/Retrieval/HateMM/RAC_video/RAC_lr0.0001_Bz64_Ep30_cosSim_triplet_drop[0.2, 0.4, 0.1]_topK20__PseudoGold_positive_1_hard_negative_1_seed0_hybrid_loss/ckpt/best_model_4_0.8037383177570093.pt
[2026-07-01 22:54:59] [disk_guard] [DRY-RUN]     mtime=2026-07-01 22:50:25 size=19.03MB
[2026-07-01 22:54:59] [disk_guard] [DRY-RUN]     -> b2 subpath: logs/Retrieval/HateMM/RAC_video/RAC_lr0.0001_Bz64_Ep30_cosSim_triplet_drop[0.2, 0.4, 0.1]_topK20__PseudoGold_positive_1_hard_negative_1_seed0_hybrid_loss/ckpt/best_model_4_0.8037383177570093.pt
[2026-07-01 22:54:59] [disk_guard] [DRY-RUN]     would run: b2_push.sh "/data/jehc223/RGCL/logging/Retrieval/HateMM/RAC_video/RAC_lr0.0001_Bz64_Ep30_cosSim_triplet_drop[0.2, 0.4, 0.1]_topK20__PseudoGold_positive_1_hard_negative_1_seed0_hybrid_loss/ckpt/best_model_4_0.8037383177570093.pt" "logs/Retrieval/HateMM/RAC_video/RAC_lr0.0001_Bz64_Ep30_cosSim_triplet_drop[0.2, 0.4, 0.1]_topK20__PseudoGold_positive_1_hard_negative_1_seed0_hybrid_loss/ckpt/best_model_4_0.8037383177570093.pt"
[2026-07-01 22:54:59] [disk_guard] [DRY-RUN]     would verify sha1(local) == sha1(b2:b2:junyi-data/RGCL_video/logs/Retrieval/HateMM/RAC_video/RAC_lr0.0001_Bz64_Ep30_cosSim_triplet_drop[0.2, 0.4, 0.1]_topK20__PseudoGold_positive_1_hard_negative_1_seed0_hybrid_loss/ckpt/best_model_4_0.8037383177570093.pt)
[2026-07-01 22:54:59] [disk_guard] [DRY-RUN]     would rm "/data/jehc223/RGCL/logging/Retrieval/HateMM/RAC_video/RAC_lr0.0001_Bz64_Ep30_cosSim_triplet_drop[0.2, 0.4, 0.1]_topK20__PseudoGold_positive_1_hard_negative_1_seed0_hybrid_loss/ckpt/best_model_4_0.8037383177570093.pt"  (frees 19.03MB)  IF verify passes
[2026-07-01 22:54:59] [disk_guard] [DRY-RUN]   candidate: /data/jehc223/RGCL/logging/Retrieval/HateMM/RAC_video/RAC_lr0.0001_Bz64_Ep30_cosSim_triplet_drop[0.2, 0.4, 0.1]_topK20__PseudoGold_positive_1_hard_negative_1_seed0_hybrid_loss/ckpt/best_model_9_0.8130841121495327.pt
[2026-07-01 22:54:59] [disk_guard] [DRY-RUN]     mtime=2026-07-01 22:50:29 size=19.03MB
[2026-07-01 22:54:59] [disk_guard] [DRY-RUN]     -> b2 subpath: logs/Retrieval/HateMM/RAC_video/RAC_lr0.0001_Bz64_Ep30_cosSim_triplet_drop[0.2, 0.4, 0.1]_topK20__PseudoGold_positive_1_hard_negative_1_seed0_hybrid_loss/ckpt/best_model_9_0.8130841121495327.pt
[2026-07-01 22:54:59] [disk_guard] [DRY-RUN]     would run: b2_push.sh "/data/jehc223/RGCL/logging/Retrieval/HateMM/RAC_video/RAC_lr0.0001_Bz64_Ep30_cosSim_triplet_drop[0.2, 0.4, 0.1]_topK20__PseudoGold_positive_1_hard_negative_1_seed0_hybrid_loss/ckpt/best_model_9_0.8130841121495327.pt" "logs/Retrieval/HateMM/RAC_video/RAC_lr0.0001_Bz64_Ep30_cosSim_triplet_drop[0.2, 0.4, 0.1]_topK20__PseudoGold_positive_1_hard_negative_1_seed0_hybrid_loss/ckpt/best_model_9_0.8130841121495327.pt"
[2026-07-01 22:54:59] [disk_guard] [DRY-RUN]     would verify sha1(local) == sha1(b2:b2:junyi-data/RGCL_video/logs/Retrieval/HateMM/RAC_video/RAC_lr0.0001_Bz64_Ep30_cosSim_triplet_drop[0.2, 0.4, 0.1]_topK20__PseudoGold_positive_1_hard_negative_1_seed0_hybrid_loss/ckpt/best_model_9_0.8130841121495327.pt)
[2026-07-01 22:54:59] [disk_guard] [DRY-RUN]     would rm "/data/jehc223/RGCL/logging/Retrieval/HateMM/RAC_video/RAC_lr0.0001_Bz64_Ep30_cosSim_triplet_drop[0.2, 0.4, 0.1]_topK20__PseudoGold_positive_1_hard_negative_1_seed0_hybrid_loss/ckpt/best_model_9_0.8130841121495327.pt"  (frees 19.03MB)  IF verify passes
[2026-07-01 22:54:59] [disk_guard] [DRY-RUN]   candidate: /data/jehc223/RGCL/logging/Retrieval/HateMM/RAC_video/RAC_lr0.0001_Bz64_Ep30_cosSim_triplet_drop[0.2, 0.4, 0.1]_topK20__PseudoGold_positive_1_hard_negative_1_seed0_hybrid_loss/ckpt/best_model_20_0.8130841121495327.pt
[2026-07-01 22:54:59] [disk_guard] [DRY-RUN]     mtime=2026-07-01 22:50:38 size=19.03MB
[2026-07-01 22:54:59] [disk_guard] [DRY-RUN]     -> b2 subpath: logs/Retrieval/HateMM/RAC_video/RAC_lr0.0001_Bz64_Ep30_cosSim_triplet_drop[0.2, 0.4, 0.1]_topK20__PseudoGold_positive_1_hard_negative_1_seed0_hybrid_loss/ckpt/best_model_20_0.8130841121495327.pt
[2026-07-01 22:54:59] [disk_guard] [DRY-RUN]     would run: b2_push.sh "/data/jehc223/RGCL/logging/Retrieval/HateMM/RAC_video/RAC_lr0.0001_Bz64_Ep30_cosSim_triplet_drop[0.2, 0.4, 0.1]_topK20__PseudoGold_positive_1_hard_negative_1_seed0_hybrid_loss/ckpt/best_model_20_0.8130841121495327.pt" "logs/Retrieval/HateMM/RAC_video/RAC_lr0.0001_Bz64_Ep30_cosSim_triplet_drop[0.2, 0.4, 0.1]_topK20__PseudoGold_positive_1_hard_negative_1_seed0_hybrid_loss/ckpt/best_model_20_0.8130841121495327.pt"
[2026-07-01 22:54:59] [disk_guard] [DRY-RUN]     would verify sha1(local) == sha1(b2:b2:junyi-data/RGCL_video/logs/Retrieval/HateMM/RAC_video/RAC_lr0.0001_Bz64_Ep30_cosSim_triplet_drop[0.2, 0.4, 0.1]_topK20__PseudoGold_positive_1_hard_negative_1_seed0_hybrid_loss/ckpt/best_model_20_0.8130841121495327.pt)
[2026-07-01 22:54:59] [disk_guard] [DRY-RUN]     would rm "/data/jehc223/RGCL/logging/Retrieval/HateMM/RAC_video/RAC_lr0.0001_Bz64_Ep30_cosSim_triplet_drop[0.2, 0.4, 0.1]_topK20__PseudoGold_positive_1_hard_negative_1_seed0_hybrid_loss/ckpt/best_model_20_0.8130841121495327.pt"  (frees 19.03MB)  IF verify passes
[2026-07-01 22:55:00] [disk_guard] [DRY-RUN]   candidate: /data/jehc223/RGCL/logging/Retrieval/HateMM/RAC_video/RAC_lr0.0001_Bz64_Ep30_cosSim_triplet_drop[0.2, 0.4, 0.1]_topK20__PseudoGold_positive_1_hard_negative_1_seed0_hybrid_loss/ckpt/best_model_21_0.8317757009345794.pt
[2026-07-01 22:55:00] [disk_guard] [DRY-RUN]     mtime=2026-07-01 22:50:39 size=19.03MB
[2026-07-01 22:55:00] [disk_guard] [DRY-RUN]     -> b2 subpath: logs/Retrieval/HateMM/RAC_video/RAC_lr0.0001_Bz64_Ep30_cosSim_triplet_drop[0.2, 0.4, 0.1]_topK20__PseudoGold_positive_1_hard_negative_1_seed0_hybrid_loss/ckpt/best_model_21_0.8317757009345794.pt
[2026-07-01 22:55:00] [disk_guard] [DRY-RUN]     would run: b2_push.sh "/data/jehc223/RGCL/logging/Retrieval/HateMM/RAC_video/RAC_lr0.0001_Bz64_Ep30_cosSim_triplet_drop[0.2, 0.4, 0.1]_topK20__PseudoGold_positive_1_hard_negative_1_seed0_hybrid_loss/ckpt/best_model_21_0.8317757009345794.pt" "logs/Retrieval/HateMM/RAC_video/RAC_lr0.0001_Bz64_Ep30_cosSim_triplet_drop[0.2, 0.4, 0.1]_topK20__PseudoGold_positive_1_hard_negative_1_seed0_hybrid_loss/ckpt/best_model_21_0.8317757009345794.pt"
[2026-07-01 22:55:00] [disk_guard] [DRY-RUN]     would verify sha1(local) == sha1(b2:b2:junyi-data/RGCL_video/logs/Retrieval/HateMM/RAC_video/RAC_lr0.0001_Bz64_Ep30_cosSim_triplet_drop[0.2, 0.4, 0.1]_topK20__PseudoGold_positive_1_hard_negative_1_seed0_hybrid_loss/ckpt/best_model_21_0.8317757009345794.pt)
[2026-07-01 22:55:00] [disk_guard] [DRY-RUN]     would rm "/data/jehc223/RGCL/logging/Retrieval/HateMM/RAC_video/RAC_lr0.0001_Bz64_Ep30_cosSim_triplet_drop[0.2, 0.4, 0.1]_topK20__PseudoGold_positive_1_hard_negative_1_seed0_hybrid_loss/ckpt/best_model_21_0.8317757009345794.pt"  (frees 19.03MB)  IF verify passes
[2026-07-01 22:55:00] [disk_guard] [DRY-RUN]   candidate: /data/jehc223/RGCL/logging/Retrieval/HateMM/RAC_video/RAC_lr0.0001_Bz64_Ep30_cosSim_triplet_drop[0.2, 0.4, 0.1]_topK20__PseudoGold_positive_1_hard_negative_1_seed0_hybrid_loss/ckpt/best_model_22_0.8317757009345794.pt
[2026-07-01 22:55:00] [disk_guard] [DRY-RUN]     mtime=2026-07-01 22:50:40 size=19.03MB
[2026-07-01 22:55:00] [disk_guard] [DRY-RUN]     -> b2 subpath: logs/Retrieval/HateMM/RAC_video/RAC_lr0.0001_Bz64_Ep30_cosSim_triplet_drop[0.2, 0.4, 0.1]_topK20__PseudoGold_positive_1_hard_negative_1_seed0_hybrid_loss/ckpt/best_model_22_0.8317757009345794.pt
[2026-07-01 22:55:00] [disk_guard] [DRY-RUN]     would run: b2_push.sh "/data/jehc223/RGCL/logging/Retrieval/HateMM/RAC_video/RAC_lr0.0001_Bz64_Ep30_cosSim_triplet_drop[0.2, 0.4, 0.1]_topK20__PseudoGold_positive_1_hard_negative_1_seed0_hybrid_loss/ckpt/best_model_22_0.8317757009345794.pt" "logs/Retrieval/HateMM/RAC_video/RAC_lr0.0001_Bz64_Ep30_cosSim_triplet_drop[0.2, 0.4, 0.1]_topK20__PseudoGold_positive_1_hard_negative_1_seed0_hybrid_loss/ckpt/best_model_22_0.8317757009345794.pt"
[2026-07-01 22:55:00] [disk_guard] [DRY-RUN]     would verify sha1(local) == sha1(b2:b2:junyi-data/RGCL_video/logs/Retrieval/HateMM/RAC_video/RAC_lr0.0001_Bz64_Ep30_cosSim_triplet_drop[0.2, 0.4, 0.1]_topK20__PseudoGold_positive_1_hard_negative_1_seed0_hybrid_loss/ckpt/best_model_22_0.8317757009345794.pt)
[2026-07-01 22:55:00] [disk_guard] [DRY-RUN]     would rm "/data/jehc223/RGCL/logging/Retrieval/HateMM/RAC_video/RAC_lr0.0001_Bz64_Ep30_cosSim_triplet_drop[0.2, 0.4, 0.1]_topK20__PseudoGold_positive_1_hard_negative_1_seed0_hybrid_loss/ckpt/best_model_22_0.8317757009345794.pt"  (frees 19.03MB)  IF verify passes
[2026-07-01 22:55:00] [disk_guard] [DRY-RUN]   candidate: /data/jehc223/RGCL/logging/Retrieval/HateMM/RAC_video/RAC_lr0.0001_Bz64_Ep30_cosSim_triplet_drop[0.2, 0.4, 0.1]_topK20__PseudoGold_positive_1_hard_negative_1_seed0_hybrid_loss/ckpt/best_model_24_0.8411214953271028.pt
[2026-07-01 22:55:00] [disk_guard] [DRY-RUN]     mtime=2026-07-01 22:50:42 size=19.03MB
[2026-07-01 22:55:00] [disk_guard] [DRY-RUN]     -> b2 subpath: logs/Retrieval/HateMM/RAC_video/RAC_lr0.0001_Bz64_Ep30_cosSim_triplet_drop[0.2, 0.4, 0.1]_topK20__PseudoGold_positive_1_hard_negative_1_seed0_hybrid_loss/ckpt/best_model_24_0.8411214953271028.pt
[2026-07-01 22:55:00] [disk_guard] [DRY-RUN]     would run: b2_push.sh "/data/jehc223/RGCL/logging/Retrieval/HateMM/RAC_video/RAC_lr0.0001_Bz64_Ep30_cosSim_triplet_drop[0.2, 0.4, 0.1]_topK20__PseudoGold_positive_1_hard_negative_1_seed0_hybrid_loss/ckpt/best_model_24_0.8411214953271028.pt" "logs/Retrieval/HateMM/RAC_video/RAC_lr0.0001_Bz64_Ep30_cosSim_triplet_drop[0.2, 0.4, 0.1]_topK20__PseudoGold_positive_1_hard_negative_1_seed0_hybrid_loss/ckpt/best_model_24_0.8411214953271028.pt"
[2026-07-01 22:55:00] [disk_guard] [DRY-RUN]     would verify sha1(local) == sha1(b2:b2:junyi-data/RGCL_video/logs/Retrieval/HateMM/RAC_video/RAC_lr0.0001_Bz64_Ep30_cosSim_triplet_drop[0.2, 0.4, 0.1]_topK20__PseudoGold_positive_1_hard_negative_1_seed0_hybrid_loss/ckpt/best_model_24_0.8411214953271028.pt)
[2026-07-01 22:55:00] [disk_guard] [DRY-RUN]     would rm "/data/jehc223/RGCL/logging/Retrieval/HateMM/RAC_video/RAC_lr0.0001_Bz64_Ep30_cosSim_triplet_drop[0.2, 0.4, 0.1]_topK20__PseudoGold_positive_1_hard_negative_1_seed0_hybrid_loss/ckpt/best_model_24_0.8411214953271028.pt"  (frees 19.03MB)  IF verify passes
[2026-07-01 22:55:00] [disk_guard] [DRY-RUN]   candidate: /data/jehc223/RGCL/logging/Retrieval/HateMM/RAC_video/RAC_lr0.0001_Bz64_Ep30_cosSim_triplet_drop[0.2, 0.4, 0.1]_topK20__PseudoGold_positive_1_hard_negative_1_seed0_hybrid_loss/ckpt/last_model_29_0.794392523364486.pt
[2026-07-01 22:55:00] [disk_guard] [DRY-RUN]     mtime=2026-07-01 22:50:47 size=19.03MB
[2026-07-01 22:55:00] [disk_guard] [DRY-RUN]     -> b2 subpath: logs/Retrieval/HateMM/RAC_video/RAC_lr0.0001_Bz64_Ep30_cosSim_triplet_drop[0.2, 0.4, 0.1]_topK20__PseudoGold_positive_1_hard_negative_1_seed0_hybrid_loss/ckpt/last_model_29_0.794392523364486.pt
[2026-07-01 22:55:00] [disk_guard] [DRY-RUN]     would run: b2_push.sh "/data/jehc223/RGCL/logging/Retrieval/HateMM/RAC_video/RAC_lr0.0001_Bz64_Ep30_cosSim_triplet_drop[0.2, 0.4, 0.1]_topK20__PseudoGold_positive_1_hard_negative_1_seed0_hybrid_loss/ckpt/last_model_29_0.794392523364486.pt" "logs/Retrieval/HateMM/RAC_video/RAC_lr0.0001_Bz64_Ep30_cosSim_triplet_drop[0.2, 0.4, 0.1]_topK20__PseudoGold_positive_1_hard_negative_1_seed0_hybrid_loss/ckpt/last_model_29_0.794392523364486.pt"
[2026-07-01 22:55:00] [disk_guard] [DRY-RUN]     would verify sha1(local) == sha1(b2:b2:junyi-data/RGCL_video/logs/Retrieval/HateMM/RAC_video/RAC_lr0.0001_Bz64_Ep30_cosSim_triplet_drop[0.2, 0.4, 0.1]_topK20__PseudoGold_positive_1_hard_negative_1_seed0_hybrid_loss/ckpt/last_model_29_0.794392523364486.pt)
[2026-07-01 22:55:00] [disk_guard] [DRY-RUN]     would rm "/data/jehc223/RGCL/logging/Retrieval/HateMM/RAC_video/RAC_lr0.0001_Bz64_Ep30_cosSim_triplet_drop[0.2, 0.4, 0.1]_topK20__PseudoGold_positive_1_hard_negative_1_seed0_hybrid_loss/ckpt/last_model_29_0.794392523364486.pt"  (frees 19.03MB)  IF verify passes
[2026-07-01 22:55:00] [disk_guard] [DRY-RUN]   candidate: /data/jehc223/RGCL/logging/Retrieval/MHC/RAC_video/RAC_lr0.0001_Bz64_Ep30_cosSim_triplet_drop[0.2, 0.4, 0.1]_topK20__PseudoGold_positive_1_hard_negative_1_seed0_hybrid_loss/ckpt/best_model_0_0.75.pt
[2026-07-01 22:55:00] [disk_guard] [DRY-RUN]     mtime=2026-07-01 22:51:12 size=19.03MB
[2026-07-01 22:55:00] [disk_guard] [DRY-RUN]     -> b2 subpath: logs/Retrieval/MHC/RAC_video/RAC_lr0.0001_Bz64_Ep30_cosSim_triplet_drop[0.2, 0.4, 0.1]_topK20__PseudoGold_positive_1_hard_negative_1_seed0_hybrid_loss/ckpt/best_model_0_0.75.pt
[2026-07-01 22:55:00] [disk_guard] [DRY-RUN]     would run: b2_push.sh "/data/jehc223/RGCL/logging/Retrieval/MHC/RAC_video/RAC_lr0.0001_Bz64_Ep30_cosSim_triplet_drop[0.2, 0.4, 0.1]_topK20__PseudoGold_positive_1_hard_negative_1_seed0_hybrid_loss/ckpt/best_model_0_0.75.pt" "logs/Retrieval/MHC/RAC_video/RAC_lr0.0001_Bz64_Ep30_cosSim_triplet_drop[0.2, 0.4, 0.1]_topK20__PseudoGold_positive_1_hard_negative_1_seed0_hybrid_loss/ckpt/best_model_0_0.75.pt"
[2026-07-01 22:55:00] [disk_guard] [DRY-RUN]     would verify sha1(local) == sha1(b2:b2:junyi-data/RGCL_video/logs/Retrieval/MHC/RAC_video/RAC_lr0.0001_Bz64_Ep30_cosSim_triplet_drop[0.2, 0.4, 0.1]_topK20__PseudoGold_positive_1_hard_negative_1_seed0_hybrid_loss/ckpt/best_model_0_0.75.pt)
[2026-07-01 22:55:00] [disk_guard] [DRY-RUN]     would rm "/data/jehc223/RGCL/logging/Retrieval/MHC/RAC_video/RAC_lr0.0001_Bz64_Ep30_cosSim_triplet_drop[0.2, 0.4, 0.1]_topK20__PseudoGold_positive_1_hard_negative_1_seed0_hybrid_loss/ckpt/best_model_0_0.75.pt"  (frees 19.03MB)  IF verify passes
[2026-07-01 22:55:00] [disk_guard] [DRY-RUN]   candidate: /data/jehc223/RGCL/logging/Retrieval/MHC/RAC_video/RAC_lr0.0001_Bz64_Ep30_cosSim_triplet_drop[0.2, 0.4, 0.1]_topK20__PseudoGold_positive_1_hard_negative_1_seed0_hybrid_loss/ckpt/best_model_17_0.775.pt
[2026-07-01 22:55:00] [disk_guard] [DRY-RUN]     mtime=2026-07-01 22:51:22 size=19.03MB
[2026-07-01 22:55:00] [disk_guard] [DRY-RUN]     -> b2 subpath: logs/Retrieval/MHC/RAC_video/RAC_lr0.0001_Bz64_Ep30_cosSim_triplet_drop[0.2, 0.4, 0.1]_topK20__PseudoGold_positive_1_hard_negative_1_seed0_hybrid_loss/ckpt/best_model_17_0.775.pt
[2026-07-01 22:55:00] [disk_guard] [DRY-RUN]     would run: b2_push.sh "/data/jehc223/RGCL/logging/Retrieval/MHC/RAC_video/RAC_lr0.0001_Bz64_Ep30_cosSim_triplet_drop[0.2, 0.4, 0.1]_topK20__PseudoGold_positive_1_hard_negative_1_seed0_hybrid_loss/ckpt/best_model_17_0.775.pt" "logs/Retrieval/MHC/RAC_video/RAC_lr0.0001_Bz64_Ep30_cosSim_triplet_drop[0.2, 0.4, 0.1]_topK20__PseudoGold_positive_1_hard_negative_1_seed0_hybrid_loss/ckpt/best_model_17_0.775.pt"
[2026-07-01 22:55:00] [disk_guard] [DRY-RUN]     would verify sha1(local) == sha1(b2:b2:junyi-data/RGCL_video/logs/Retrieval/MHC/RAC_video/RAC_lr0.0001_Bz64_Ep30_cosSim_triplet_drop[0.2, 0.4, 0.1]_topK20__PseudoGold_positive_1_hard_negative_1_seed0_hybrid_loss/ckpt/best_model_17_0.775.pt)
[2026-07-01 22:55:00] [disk_guard] [DRY-RUN]     would rm "/data/jehc223/RGCL/logging/Retrieval/MHC/RAC_video/RAC_lr0.0001_Bz64_Ep30_cosSim_triplet_drop[0.2, 0.4, 0.1]_topK20__PseudoGold_positive_1_hard_negative_1_seed0_hybrid_loss/ckpt/best_model_17_0.775.pt"  (frees 19.03MB)  IF verify passes
[2026-07-01 22:55:00] [disk_guard] [DRY-RUN]   candidate: /data/jehc223/RGCL/logging/Retrieval/MHC/RAC_video/RAC_lr0.0001_Bz64_Ep30_cosSim_triplet_drop[0.2, 0.4, 0.1]_topK20__PseudoGold_positive_1_hard_negative_1_seed0_hybrid_loss/ckpt/best_model_18_0.7875.pt
[2026-07-01 22:55:00] [disk_guard] [DRY-RUN]     mtime=2026-07-01 22:51:22 size=19.03MB
[2026-07-01 22:55:00] [disk_guard] [DRY-RUN]     -> b2 subpath: logs/Retrieval/MHC/RAC_video/RAC_lr0.0001_Bz64_Ep30_cosSim_triplet_drop[0.2, 0.4, 0.1]_topK20__PseudoGold_positive_1_hard_negative_1_seed0_hybrid_loss/ckpt/best_model_18_0.7875.pt
[2026-07-01 22:55:00] [disk_guard] [DRY-RUN]     would run: b2_push.sh "/data/jehc223/RGCL/logging/Retrieval/MHC/RAC_video/RAC_lr0.0001_Bz64_Ep30_cosSim_triplet_drop[0.2, 0.4, 0.1]_topK20__PseudoGold_positive_1_hard_negative_1_seed0_hybrid_loss/ckpt/best_model_18_0.7875.pt" "logs/Retrieval/MHC/RAC_video/RAC_lr0.0001_Bz64_Ep30_cosSim_triplet_drop[0.2, 0.4, 0.1]_topK20__PseudoGold_positive_1_hard_negative_1_seed0_hybrid_loss/ckpt/best_model_18_0.7875.pt"
[2026-07-01 22:55:00] [disk_guard] [DRY-RUN]     would verify sha1(local) == sha1(b2:b2:junyi-data/RGCL_video/logs/Retrieval/MHC/RAC_video/RAC_lr0.0001_Bz64_Ep30_cosSim_triplet_drop[0.2, 0.4, 0.1]_topK20__PseudoGold_positive_1_hard_negative_1_seed0_hybrid_loss/ckpt/best_model_18_0.7875.pt)
[2026-07-01 22:55:00] [disk_guard] [DRY-RUN]     would rm "/data/jehc223/RGCL/logging/Retrieval/MHC/RAC_video/RAC_lr0.0001_Bz64_Ep30_cosSim_triplet_drop[0.2, 0.4, 0.1]_topK20__PseudoGold_positive_1_hard_negative_1_seed0_hybrid_loss/ckpt/best_model_18_0.7875.pt"  (frees 19.03MB)  IF verify passes
[2026-07-01 22:55:00] [disk_guard] [DRY-RUN]   candidate: /data/jehc223/RGCL/logging/Retrieval/MHC/RAC_video/RAC_lr0.0001_Bz64_Ep30_cosSim_triplet_drop[0.2, 0.4, 0.1]_topK20__PseudoGold_positive_1_hard_negative_1_seed0_hybrid_loss/ckpt/last_model_29_0.75.pt
[2026-07-01 22:55:00] [disk_guard] [DRY-RUN]     mtime=2026-07-01 22:51:30 size=19.03MB
[2026-07-01 22:55:00] [disk_guard] [DRY-RUN]     -> b2 subpath: logs/Retrieval/MHC/RAC_video/RAC_lr0.0001_Bz64_Ep30_cosSim_triplet_drop[0.2, 0.4, 0.1]_topK20__PseudoGold_positive_1_hard_negative_1_seed0_hybrid_loss/ckpt/last_model_29_0.75.pt
[2026-07-01 22:55:00] [disk_guard] [DRY-RUN]     would run: b2_push.sh "/data/jehc223/RGCL/logging/Retrieval/MHC/RAC_video/RAC_lr0.0001_Bz64_Ep30_cosSim_triplet_drop[0.2, 0.4, 0.1]_topK20__PseudoGold_positive_1_hard_negative_1_seed0_hybrid_loss/ckpt/last_model_29_0.75.pt" "logs/Retrieval/MHC/RAC_video/RAC_lr0.0001_Bz64_Ep30_cosSim_triplet_drop[0.2, 0.4, 0.1]_topK20__PseudoGold_positive_1_hard_negative_1_seed0_hybrid_loss/ckpt/last_model_29_0.75.pt"
[2026-07-01 22:55:00] [disk_guard] [DRY-RUN]     would verify sha1(local) == sha1(b2:b2:junyi-data/RGCL_video/logs/Retrieval/MHC/RAC_video/RAC_lr0.0001_Bz64_Ep30_cosSim_triplet_drop[0.2, 0.4, 0.1]_topK20__PseudoGold_positive_1_hard_negative_1_seed0_hybrid_loss/ckpt/last_model_29_0.75.pt)
[2026-07-01 22:55:00] [disk_guard] [DRY-RUN]     would rm "/data/jehc223/RGCL/logging/Retrieval/MHC/RAC_video/RAC_lr0.0001_Bz64_Ep30_cosSim_triplet_drop[0.2, 0.4, 0.1]_topK20__PseudoGold_positive_1_hard_negative_1_seed0_hybrid_loss/ckpt/last_model_29_0.75.pt"  (frees 19.03MB)  IF verify passes
[2026-07-01 22:55:00] [disk_guard] [DRY-RUN]   candidate: /data/jehc223/RGCL/logging/Retrieval/MHC_zh/RAC_video/RAC_lr0.0001_Bz64_Ep30_cosSim_triplet_drop[0.2, 0.4, 0.1]_topK20__PseudoGold_positive_1_hard_negative_1_seed0_hybrid_loss/ckpt/best_model_0_0.7435897435897436.pt
[2026-07-01 22:55:00] [disk_guard] [DRY-RUN]     mtime=2026-07-01 22:52:03 size=19.03MB
[2026-07-01 22:55:00] [disk_guard] [DRY-RUN]     -> b2 subpath: logs/Retrieval/MHC_zh/RAC_video/RAC_lr0.0001_Bz64_Ep30_cosSim_triplet_drop[0.2, 0.4, 0.1]_topK20__PseudoGold_positive_1_hard_negative_1_seed0_hybrid_loss/ckpt/best_model_0_0.7435897435897436.pt
[2026-07-01 22:55:00] [disk_guard] [DRY-RUN]     would run: b2_push.sh "/data/jehc223/RGCL/logging/Retrieval/MHC_zh/RAC_video/RAC_lr0.0001_Bz64_Ep30_cosSim_triplet_drop[0.2, 0.4, 0.1]_topK20__PseudoGold_positive_1_hard_negative_1_seed0_hybrid_loss/ckpt/best_model_0_0.7435897435897436.pt" "logs/Retrieval/MHC_zh/RAC_video/RAC_lr0.0001_Bz64_Ep30_cosSim_triplet_drop[0.2, 0.4, 0.1]_topK20__PseudoGold_positive_1_hard_negative_1_seed0_hybrid_loss/ckpt/best_model_0_0.7435897435897436.pt"
[2026-07-01 22:55:00] [disk_guard] [DRY-RUN]     would verify sha1(local) == sha1(b2:b2:junyi-data/RGCL_video/logs/Retrieval/MHC_zh/RAC_video/RAC_lr0.0001_Bz64_Ep30_cosSim_triplet_drop[0.2, 0.4, 0.1]_topK20__PseudoGold_positive_1_hard_negative_1_seed0_hybrid_loss/ckpt/best_model_0_0.7435897435897436.pt)
[2026-07-01 22:55:00] [disk_guard] [DRY-RUN]     would rm "/data/jehc223/RGCL/logging/Retrieval/MHC_zh/RAC_video/RAC_lr0.0001_Bz64_Ep30_cosSim_triplet_drop[0.2, 0.4, 0.1]_topK20__PseudoGold_positive_1_hard_negative_1_seed0_hybrid_loss/ckpt/best_model_0_0.7435897435897436.pt"  (frees 19.03MB)  IF verify passes
[2026-07-01 22:55:00] [disk_guard] [DRY-RUN]   candidate: /data/jehc223/RGCL/logging/Retrieval/MHC_zh/RAC_video/RAC_lr0.0001_Bz64_Ep30_cosSim_triplet_drop[0.2, 0.4, 0.1]_topK20__PseudoGold_positive_1_hard_negative_1_seed0_hybrid_loss/ckpt/best_model_16_0.7564102564102564.pt
[2026-07-01 22:55:00] [disk_guard] [DRY-RUN]     mtime=2026-07-01 22:52:12 size=19.03MB
[2026-07-01 22:55:00] [disk_guard] [DRY-RUN]     -> b2 subpath: logs/Retrieval/MHC_zh/RAC_video/RAC_lr0.0001_Bz64_Ep30_cosSim_triplet_drop[0.2, 0.4, 0.1]_topK20__PseudoGold_positive_1_hard_negative_1_seed0_hybrid_loss/ckpt/best_model_16_0.7564102564102564.pt
[2026-07-01 22:55:00] [disk_guard] [DRY-RUN]     would run: b2_push.sh "/data/jehc223/RGCL/logging/Retrieval/MHC_zh/RAC_video/RAC_lr0.0001_Bz64_Ep30_cosSim_triplet_drop[0.2, 0.4, 0.1]_topK20__PseudoGold_positive_1_hard_negative_1_seed0_hybrid_loss/ckpt/best_model_16_0.7564102564102564.pt" "logs/Retrieval/MHC_zh/RAC_video/RAC_lr0.0001_Bz64_Ep30_cosSim_triplet_drop[0.2, 0.4, 0.1]_topK20__PseudoGold_positive_1_hard_negative_1_seed0_hybrid_loss/ckpt/best_model_16_0.7564102564102564.pt"
[2026-07-01 22:55:00] [disk_guard] [DRY-RUN]     would verify sha1(local) == sha1(b2:b2:junyi-data/RGCL_video/logs/Retrieval/MHC_zh/RAC_video/RAC_lr0.0001_Bz64_Ep30_cosSim_triplet_drop[0.2, 0.4, 0.1]_topK20__PseudoGold_positive_1_hard_negative_1_seed0_hybrid_loss/ckpt/best_model_16_0.7564102564102564.pt)
[2026-07-01 22:55:00] [disk_guard] [DRY-RUN]     would rm "/data/jehc223/RGCL/logging/Retrieval/MHC_zh/RAC_video/RAC_lr0.0001_Bz64_Ep30_cosSim_triplet_drop[0.2, 0.4, 0.1]_topK20__PseudoGold_positive_1_hard_negative_1_seed0_hybrid_loss/ckpt/best_model_16_0.7564102564102564.pt"  (frees 19.03MB)  IF verify passes
[2026-07-01 22:55:00] [disk_guard] [DRY-RUN]   candidate: /data/jehc223/RGCL/logging/Retrieval/MHC_zh/RAC_video/RAC_lr0.0001_Bz64_Ep30_cosSim_triplet_drop[0.2, 0.4, 0.1]_topK20__PseudoGold_positive_1_hard_negative_1_seed0_hybrid_loss/ckpt/best_model_19_0.7692307692307693.pt
[2026-07-01 22:55:00] [disk_guard] [DRY-RUN]     mtime=2026-07-01 22:52:14 size=19.03MB
[2026-07-01 22:55:00] [disk_guard] [DRY-RUN]     -> b2 subpath: logs/Retrieval/MHC_zh/RAC_video/RAC_lr0.0001_Bz64_Ep30_cosSim_triplet_drop[0.2, 0.4, 0.1]_topK20__PseudoGold_positive_1_hard_negative_1_seed0_hybrid_loss/ckpt/best_model_19_0.7692307692307693.pt
[2026-07-01 22:55:00] [disk_guard] [DRY-RUN]     would run: b2_push.sh "/data/jehc223/RGCL/logging/Retrieval/MHC_zh/RAC_video/RAC_lr0.0001_Bz64_Ep30_cosSim_triplet_drop[0.2, 0.4, 0.1]_topK20__PseudoGold_positive_1_hard_negative_1_seed0_hybrid_loss/ckpt/best_model_19_0.7692307692307693.pt" "logs/Retrieval/MHC_zh/RAC_video/RAC_lr0.0001_Bz64_Ep30_cosSim_triplet_drop[0.2, 0.4, 0.1]_topK20__PseudoGold_positive_1_hard_negative_1_seed0_hybrid_loss/ckpt/best_model_19_0.7692307692307693.pt"
[2026-07-01 22:55:00] [disk_guard] [DRY-RUN]     would verify sha1(local) == sha1(b2:b2:junyi-data/RGCL_video/logs/Retrieval/MHC_zh/RAC_video/RAC_lr0.0001_Bz64_Ep30_cosSim_triplet_drop[0.2, 0.4, 0.1]_topK20__PseudoGold_positive_1_hard_negative_1_seed0_hybrid_loss/ckpt/best_model_19_0.7692307692307693.pt)
[2026-07-01 22:55:00] [disk_guard] [DRY-RUN]     would rm "/data/jehc223/RGCL/logging/Retrieval/MHC_zh/RAC_video/RAC_lr0.0001_Bz64_Ep30_cosSim_triplet_drop[0.2, 0.4, 0.1]_topK20__PseudoGold_positive_1_hard_negative_1_seed0_hybrid_loss/ckpt/best_model_19_0.7692307692307693.pt"  (frees 19.03MB)  IF verify passes
[2026-07-01 22:55:00] [disk_guard] [DRY-RUN]   candidate: /data/jehc223/RGCL/logging/Retrieval/MHC_zh/RAC_video/RAC_lr0.0001_Bz64_Ep30_cosSim_triplet_drop[0.2, 0.4, 0.1]_topK20__PseudoGold_positive_1_hard_negative_1_seed0_hybrid_loss/ckpt/best_model_20_0.782051282051282.pt
[2026-07-01 22:55:00] [disk_guard] [DRY-RUN]     mtime=2026-07-01 22:52:15 size=19.03MB
[2026-07-01 22:55:00] [disk_guard] [DRY-RUN]     -> b2 subpath: logs/Retrieval/MHC_zh/RAC_video/RAC_lr0.0001_Bz64_Ep30_cosSim_triplet_drop[0.2, 0.4, 0.1]_topK20__PseudoGold_positive_1_hard_negative_1_seed0_hybrid_loss/ckpt/best_model_20_0.782051282051282.pt
[2026-07-01 22:55:00] [disk_guard] [DRY-RUN]     would run: b2_push.sh "/data/jehc223/RGCL/logging/Retrieval/MHC_zh/RAC_video/RAC_lr0.0001_Bz64_Ep30_cosSim_triplet_drop[0.2, 0.4, 0.1]_topK20__PseudoGold_positive_1_hard_negative_1_seed0_hybrid_loss/ckpt/best_model_20_0.782051282051282.pt" "logs/Retrieval/MHC_zh/RAC_video/RAC_lr0.0001_Bz64_Ep30_cosSim_triplet_drop[0.2, 0.4, 0.1]_topK20__PseudoGold_positive_1_hard_negative_1_seed0_hybrid_loss/ckpt/best_model_20_0.782051282051282.pt"
[2026-07-01 22:55:00] [disk_guard] [DRY-RUN]     would verify sha1(local) == sha1(b2:b2:junyi-data/RGCL_video/logs/Retrieval/MHC_zh/RAC_video/RAC_lr0.0001_Bz64_Ep30_cosSim_triplet_drop[0.2, 0.4, 0.1]_topK20__PseudoGold_positive_1_hard_negative_1_seed0_hybrid_loss/ckpt/best_model_20_0.782051282051282.pt)
[2026-07-01 22:55:00] [disk_guard] [DRY-RUN]     would rm "/data/jehc223/RGCL/logging/Retrieval/MHC_zh/RAC_video/RAC_lr0.0001_Bz64_Ep30_cosSim_triplet_drop[0.2, 0.4, 0.1]_topK20__PseudoGold_positive_1_hard_negative_1_seed0_hybrid_loss/ckpt/best_model_20_0.782051282051282.pt"  (frees 19.03MB)  IF verify passes
[2026-07-01 22:55:00] [disk_guard] [DRY-RUN]   candidate: /data/jehc223/RGCL/logging/Retrieval/MHC_zh/RAC_video/RAC_lr0.0001_Bz64_Ep30_cosSim_triplet_drop[0.2, 0.4, 0.1]_topK20__PseudoGold_positive_1_hard_negative_1_seed0_hybrid_loss/ckpt/best_model_21_0.7948717948717948.pt
[2026-07-01 22:55:00] [disk_guard] [DRY-RUN]     mtime=2026-07-01 22:52:15 size=19.03MB
[2026-07-01 22:55:00] [disk_guard] [DRY-RUN]     -> b2 subpath: logs/Retrieval/MHC_zh/RAC_video/RAC_lr0.0001_Bz64_Ep30_cosSim_triplet_drop[0.2, 0.4, 0.1]_topK20__PseudoGold_positive_1_hard_negative_1_seed0_hybrid_loss/ckpt/best_model_21_0.7948717948717948.pt
[2026-07-01 22:55:00] [disk_guard] [DRY-RUN]     would run: b2_push.sh "/data/jehc223/RGCL/logging/Retrieval/MHC_zh/RAC_video/RAC_lr0.0001_Bz64_Ep30_cosSim_triplet_drop[0.2, 0.4, 0.1]_topK20__PseudoGold_positive_1_hard_negative_1_seed0_hybrid_loss/ckpt/best_model_21_0.7948717948717948.pt" "logs/Retrieval/MHC_zh/RAC_video/RAC_lr0.0001_Bz64_Ep30_cosSim_triplet_drop[0.2, 0.4, 0.1]_topK20__PseudoGold_positive_1_hard_negative_1_seed0_hybrid_loss/ckpt/best_model_21_0.7948717948717948.pt"
[2026-07-01 22:55:00] [disk_guard] [DRY-RUN]     would verify sha1(local) == sha1(b2:b2:junyi-data/RGCL_video/logs/Retrieval/MHC_zh/RAC_video/RAC_lr0.0001_Bz64_Ep30_cosSim_triplet_drop[0.2, 0.4, 0.1]_topK20__PseudoGold_positive_1_hard_negative_1_seed0_hybrid_loss/ckpt/best_model_21_0.7948717948717948.pt)
[2026-07-01 22:55:00] [disk_guard] [DRY-RUN]     would rm "/data/jehc223/RGCL/logging/Retrieval/MHC_zh/RAC_video/RAC_lr0.0001_Bz64_Ep30_cosSim_triplet_drop[0.2, 0.4, 0.1]_topK20__PseudoGold_positive_1_hard_negative_1_seed0_hybrid_loss/ckpt/best_model_21_0.7948717948717948.pt"  (frees 19.03MB)  IF verify passes
[2026-07-01 22:55:00] [disk_guard] [DRY-RUN]   candidate: /data/jehc223/RGCL/logging/Retrieval/MHC_zh/RAC_video/RAC_lr0.0001_Bz64_Ep30_cosSim_triplet_drop[0.2, 0.4, 0.1]_topK20__PseudoGold_positive_1_hard_negative_1_seed0_hybrid_loss/ckpt/best_model_29_0.8076923076923077.pt
[2026-07-01 22:55:00] [disk_guard] [DRY-RUN]     mtime=2026-07-01 22:52:21 size=19.03MB
[2026-07-01 22:55:00] [disk_guard] [DRY-RUN]     -> b2 subpath: logs/Retrieval/MHC_zh/RAC_video/RAC_lr0.0001_Bz64_Ep30_cosSim_triplet_drop[0.2, 0.4, 0.1]_topK20__PseudoGold_positive_1_hard_negative_1_seed0_hybrid_loss/ckpt/best_model_29_0.8076923076923077.pt
[2026-07-01 22:55:00] [disk_guard] [DRY-RUN]     would run: b2_push.sh "/data/jehc223/RGCL/logging/Retrieval/MHC_zh/RAC_video/RAC_lr0.0001_Bz64_Ep30_cosSim_triplet_drop[0.2, 0.4, 0.1]_topK20__PseudoGold_positive_1_hard_negative_1_seed0_hybrid_loss/ckpt/best_model_29_0.8076923076923077.pt" "logs/Retrieval/MHC_zh/RAC_video/RAC_lr0.0001_Bz64_Ep30_cosSim_triplet_drop[0.2, 0.4, 0.1]_topK20__PseudoGold_positive_1_hard_negative_1_seed0_hybrid_loss/ckpt/best_model_29_0.8076923076923077.pt"
[2026-07-01 22:55:00] [disk_guard] [DRY-RUN]     would verify sha1(local) == sha1(b2:b2:junyi-data/RGCL_video/logs/Retrieval/MHC_zh/RAC_video/RAC_lr0.0001_Bz64_Ep30_cosSim_triplet_drop[0.2, 0.4, 0.1]_topK20__PseudoGold_positive_1_hard_negative_1_seed0_hybrid_loss/ckpt/best_model_29_0.8076923076923077.pt)
[2026-07-01 22:55:00] [disk_guard] [DRY-RUN]     would rm "/data/jehc223/RGCL/logging/Retrieval/MHC_zh/RAC_video/RAC_lr0.0001_Bz64_Ep30_cosSim_triplet_drop[0.2, 0.4, 0.1]_topK20__PseudoGold_positive_1_hard_negative_1_seed0_hybrid_loss/ckpt/best_model_29_0.8076923076923077.pt"  (frees 19.03MB)  IF verify passes
[2026-07-01 22:55:00] [disk_guard] [DRY-RUN]   candidate: /data/jehc223/RGCL/logging/Retrieval/MHC_zh/RAC_video/RAC_lr0.0001_Bz64_Ep30_cosSim_triplet_drop[0.2, 0.4, 0.1]_topK20__PseudoGold_positive_1_hard_negative_1_seed0_hybrid_loss/ckpt/last_model_29_0.8076923076923077.pt
[2026-07-01 22:55:00] [disk_guard] [DRY-RUN]     mtime=2026-07-01 22:52:21 size=19.03MB
[2026-07-01 22:55:00] [disk_guard] [DRY-RUN]     -> b2 subpath: logs/Retrieval/MHC_zh/RAC_video/RAC_lr0.0001_Bz64_Ep30_cosSim_triplet_drop[0.2, 0.4, 0.1]_topK20__PseudoGold_positive_1_hard_negative_1_seed0_hybrid_loss/ckpt/last_model_29_0.8076923076923077.pt
[2026-07-01 22:55:00] [disk_guard] [DRY-RUN]     would run: b2_push.sh "/data/jehc223/RGCL/logging/Retrieval/MHC_zh/RAC_video/RAC_lr0.0001_Bz64_Ep30_cosSim_triplet_drop[0.2, 0.4, 0.1]_topK20__PseudoGold_positive_1_hard_negative_1_seed0_hybrid_loss/ckpt/last_model_29_0.8076923076923077.pt" "logs/Retrieval/MHC_zh/RAC_video/RAC_lr0.0001_Bz64_Ep30_cosSim_triplet_drop[0.2, 0.4, 0.1]_topK20__PseudoGold_positive_1_hard_negative_1_seed0_hybrid_loss/ckpt/last_model_29_0.8076923076923077.pt"
[2026-07-01 22:55:00] [disk_guard] [DRY-RUN]     would verify sha1(local) == sha1(b2:b2:junyi-data/RGCL_video/logs/Retrieval/MHC_zh/RAC_video/RAC_lr0.0001_Bz64_Ep30_cosSim_triplet_drop[0.2, 0.4, 0.1]_topK20__PseudoGold_positive_1_hard_negative_1_seed0_hybrid_loss/ckpt/last_model_29_0.8076923076923077.pt)
[2026-07-01 22:55:00] [disk_guard] [DRY-RUN]     would rm "/data/jehc223/RGCL/logging/Retrieval/MHC_zh/RAC_video/RAC_lr0.0001_Bz64_Ep30_cosSim_triplet_drop[0.2, 0.4, 0.1]_topK20__PseudoGold_positive_1_hard_negative_1_seed0_hybrid_loss/ckpt/last_model_29_0.8076923076923077.pt"  (frees 19.03MB)  IF verify passes
[2026-07-01 22:55:00] [disk_guard] [DRY-RUN]   candidate: /data/jehc223/RGCL/logging/Retrieval/ImpliHateVid/RAC_video/RAC_lr0.0001_Bz64_Ep30_cosSim_triplet_drop[0.2, 0.4, 0.1]_topK20__PseudoGold_positive_1_hard_negative_1_seed0_hybrid_loss/ckpt/best_model_0_0.8615384615384616.pt
[2026-07-01 22:55:00] [disk_guard] [DRY-RUN]     mtime=2026-07-01 22:52:54 size=19.03MB
[2026-07-01 22:55:00] [disk_guard] [DRY-RUN]     -> b2 subpath: logs/Retrieval/ImpliHateVid/RAC_video/RAC_lr0.0001_Bz64_Ep30_cosSim_triplet_drop[0.2, 0.4, 0.1]_topK20__PseudoGold_positive_1_hard_negative_1_seed0_hybrid_loss/ckpt/best_model_0_0.8615384615384616.pt
[2026-07-01 22:55:00] [disk_guard] [DRY-RUN]     would run: b2_push.sh "/data/jehc223/RGCL/logging/Retrieval/ImpliHateVid/RAC_video/RAC_lr0.0001_Bz64_Ep30_cosSim_triplet_drop[0.2, 0.4, 0.1]_topK20__PseudoGold_positive_1_hard_negative_1_seed0_hybrid_loss/ckpt/best_model_0_0.8615384615384616.pt" "logs/Retrieval/ImpliHateVid/RAC_video/RAC_lr0.0001_Bz64_Ep30_cosSim_triplet_drop[0.2, 0.4, 0.1]_topK20__PseudoGold_positive_1_hard_negative_1_seed0_hybrid_loss/ckpt/best_model_0_0.8615384615384616.pt"
[2026-07-01 22:55:00] [disk_guard] [DRY-RUN]     would verify sha1(local) == sha1(b2:b2:junyi-data/RGCL_video/logs/Retrieval/ImpliHateVid/RAC_video/RAC_lr0.0001_Bz64_Ep30_cosSim_triplet_drop[0.2, 0.4, 0.1]_topK20__PseudoGold_positive_1_hard_negative_1_seed0_hybrid_loss/ckpt/best_model_0_0.8615384615384616.pt)
[2026-07-01 22:55:00] [disk_guard] [DRY-RUN]     would rm "/data/jehc223/RGCL/logging/Retrieval/ImpliHateVid/RAC_video/RAC_lr0.0001_Bz64_Ep30_cosSim_triplet_drop[0.2, 0.4, 0.1]_topK20__PseudoGold_positive_1_hard_negative_1_seed0_hybrid_loss/ckpt/best_model_0_0.8615384615384616.pt"  (frees 19.03MB)  IF verify passes
[2026-07-01 22:55:00] [disk_guard] [DRY-RUN]   candidate: /data/jehc223/RGCL/logging/Retrieval/ImpliHateVid/RAC_video/RAC_lr0.0001_Bz64_Ep30_cosSim_triplet_drop[0.2, 0.4, 0.1]_topK20__PseudoGold_positive_1_hard_negative_1_seed0_hybrid_loss/ckpt/best_model_3_0.88.pt
[2026-07-01 22:55:00] [disk_guard] [DRY-RUN]     mtime=2026-07-01 22:52:59 size=19.03MB
[2026-07-01 22:55:00] [disk_guard] [DRY-RUN]     -> b2 subpath: logs/Retrieval/ImpliHateVid/RAC_video/RAC_lr0.0001_Bz64_Ep30_cosSim_triplet_drop[0.2, 0.4, 0.1]_topK20__PseudoGold_positive_1_hard_negative_1_seed0_hybrid_loss/ckpt/best_model_3_0.88.pt
[2026-07-01 22:55:00] [disk_guard] [DRY-RUN]     would run: b2_push.sh "/data/jehc223/RGCL/logging/Retrieval/ImpliHateVid/RAC_video/RAC_lr0.0001_Bz64_Ep30_cosSim_triplet_drop[0.2, 0.4, 0.1]_topK20__PseudoGold_positive_1_hard_negative_1_seed0_hybrid_loss/ckpt/best_model_3_0.88.pt" "logs/Retrieval/ImpliHateVid/RAC_video/RAC_lr0.0001_Bz64_Ep30_cosSim_triplet_drop[0.2, 0.4, 0.1]_topK20__PseudoGold_positive_1_hard_negative_1_seed0_hybrid_loss/ckpt/best_model_3_0.88.pt"
[2026-07-01 22:55:00] [disk_guard] [DRY-RUN]     would verify sha1(local) == sha1(b2:b2:junyi-data/RGCL_video/logs/Retrieval/ImpliHateVid/RAC_video/RAC_lr0.0001_Bz64_Ep30_cosSim_triplet_drop[0.2, 0.4, 0.1]_topK20__PseudoGold_positive_1_hard_negative_1_seed0_hybrid_loss/ckpt/best_model_3_0.88.pt)
[2026-07-01 22:55:00] [disk_guard] [DRY-RUN]     would rm "/data/jehc223/RGCL/logging/Retrieval/ImpliHateVid/RAC_video/RAC_lr0.0001_Bz64_Ep30_cosSim_triplet_drop[0.2, 0.4, 0.1]_topK20__PseudoGold_positive_1_hard_negative_1_seed0_hybrid_loss/ckpt/best_model_3_0.88.pt"  (frees 19.03MB)  IF verify passes
[2026-07-01 22:55:00] [disk_guard] [DRY-RUN]   candidate: /data/jehc223/RGCL/logging/Retrieval/ImpliHateVid/RAC_video/RAC_lr0.0001_Bz64_Ep30_cosSim_triplet_drop[0.2, 0.4, 0.1]_topK20__PseudoGold_positive_1_hard_negative_1_seed0_hybrid_loss/ckpt/best_model_6_0.8953846153846153.pt
[2026-07-01 22:55:00] [disk_guard] [DRY-RUN]     mtime=2026-07-01 22:53:04 size=19.03MB
[2026-07-01 22:55:00] [disk_guard] [DRY-RUN]     -> b2 subpath: logs/Retrieval/ImpliHateVid/RAC_video/RAC_lr0.0001_Bz64_Ep30_cosSim_triplet_drop[0.2, 0.4, 0.1]_topK20__PseudoGold_positive_1_hard_negative_1_seed0_hybrid_loss/ckpt/best_model_6_0.8953846153846153.pt
[2026-07-01 22:55:00] [disk_guard] [DRY-RUN]     would run: b2_push.sh "/data/jehc223/RGCL/logging/Retrieval/ImpliHateVid/RAC_video/RAC_lr0.0001_Bz64_Ep30_cosSim_triplet_drop[0.2, 0.4, 0.1]_topK20__PseudoGold_positive_1_hard_negative_1_seed0_hybrid_loss/ckpt/best_model_6_0.8953846153846153.pt" "logs/Retrieval/ImpliHateVid/RAC_video/RAC_lr0.0001_Bz64_Ep30_cosSim_triplet_drop[0.2, 0.4, 0.1]_topK20__PseudoGold_positive_1_hard_negative_1_seed0_hybrid_loss/ckpt/best_model_6_0.8953846153846153.pt"
[2026-07-01 22:55:00] [disk_guard] [DRY-RUN]     would verify sha1(local) == sha1(b2:b2:junyi-data/RGCL_video/logs/Retrieval/ImpliHateVid/RAC_video/RAC_lr0.0001_Bz64_Ep30_cosSim_triplet_drop[0.2, 0.4, 0.1]_topK20__PseudoGold_positive_1_hard_negative_1_seed0_hybrid_loss/ckpt/best_model_6_0.8953846153846153.pt)
[2026-07-01 22:55:00] [disk_guard] [DRY-RUN]     would rm "/data/jehc223/RGCL/logging/Retrieval/ImpliHateVid/RAC_video/RAC_lr0.0001_Bz64_Ep30_cosSim_triplet_drop[0.2, 0.4, 0.1]_topK20__PseudoGold_positive_1_hard_negative_1_seed0_hybrid_loss/ckpt/best_model_6_0.8953846153846153.pt"  (frees 19.03MB)  IF verify passes
[2026-07-01 22:55:01] [disk_guard] [DRY-RUN]   candidate: /data/jehc223/RGCL/logging/Retrieval/ImpliHateVid/RAC_video/RAC_lr0.0001_Bz64_Ep30_cosSim_triplet_drop[0.2, 0.4, 0.1]_topK20__PseudoGold_positive_1_hard_negative_1_seed0_hybrid_loss/ckpt/best_model_7_0.8984615384615384.pt
[2026-07-01 22:55:01] [disk_guard] [DRY-RUN]     mtime=2026-07-01 22:53:06 size=19.03MB
[2026-07-01 22:55:01] [disk_guard] [DRY-RUN]     -> b2 subpath: logs/Retrieval/ImpliHateVid/RAC_video/RAC_lr0.0001_Bz64_Ep30_cosSim_triplet_drop[0.2, 0.4, 0.1]_topK20__PseudoGold_positive_1_hard_negative_1_seed0_hybrid_loss/ckpt/best_model_7_0.8984615384615384.pt
[2026-07-01 22:55:01] [disk_guard] [DRY-RUN]     would run: b2_push.sh "/data/jehc223/RGCL/logging/Retrieval/ImpliHateVid/RAC_video/RAC_lr0.0001_Bz64_Ep30_cosSim_triplet_drop[0.2, 0.4, 0.1]_topK20__PseudoGold_positive_1_hard_negative_1_seed0_hybrid_loss/ckpt/best_model_7_0.8984615384615384.pt" "logs/Retrieval/ImpliHateVid/RAC_video/RAC_lr0.0001_Bz64_Ep30_cosSim_triplet_drop[0.2, 0.4, 0.1]_topK20__PseudoGold_positive_1_hard_negative_1_seed0_hybrid_loss/ckpt/best_model_7_0.8984615384615384.pt"
[2026-07-01 22:55:01] [disk_guard] [DRY-RUN]     would verify sha1(local) == sha1(b2:b2:junyi-data/RGCL_video/logs/Retrieval/ImpliHateVid/RAC_video/RAC_lr0.0001_Bz64_Ep30_cosSim_triplet_drop[0.2, 0.4, 0.1]_topK20__PseudoGold_positive_1_hard_negative_1_seed0_hybrid_loss/ckpt/best_model_7_0.8984615384615384.pt)
[2026-07-01 22:55:01] [disk_guard] [DRY-RUN]     would rm "/data/jehc223/RGCL/logging/Retrieval/ImpliHateVid/RAC_video/RAC_lr0.0001_Bz64_Ep30_cosSim_triplet_drop[0.2, 0.4, 0.1]_topK20__PseudoGold_positive_1_hard_negative_1_seed0_hybrid_loss/ckpt/best_model_7_0.8984615384615384.pt"  (frees 19.03MB)  IF verify passes
[2026-07-01 22:55:01] [disk_guard] [DRY-RUN]   candidate: /data/jehc223/RGCL/logging/Retrieval/ImpliHateVid/RAC_video/RAC_lr0.0001_Bz64_Ep30_cosSim_triplet_drop[0.2, 0.4, 0.1]_topK20__PseudoGold_positive_1_hard_negative_1_seed0_hybrid_loss/ckpt/best_model_8_0.9015384615384615.pt
[2026-07-01 22:55:01] [disk_guard] [DRY-RUN]     mtime=2026-07-01 22:53:08 size=19.03MB
[2026-07-01 22:55:01] [disk_guard] [DRY-RUN]     -> b2 subpath: logs/Retrieval/ImpliHateVid/RAC_video/RAC_lr0.0001_Bz64_Ep30_cosSim_triplet_drop[0.2, 0.4, 0.1]_topK20__PseudoGold_positive_1_hard_negative_1_seed0_hybrid_loss/ckpt/best_model_8_0.9015384615384615.pt
[2026-07-01 22:55:01] [disk_guard] [DRY-RUN]     would run: b2_push.sh "/data/jehc223/RGCL/logging/Retrieval/ImpliHateVid/RAC_video/RAC_lr0.0001_Bz64_Ep30_cosSim_triplet_drop[0.2, 0.4, 0.1]_topK20__PseudoGold_positive_1_hard_negative_1_seed0_hybrid_loss/ckpt/best_model_8_0.9015384615384615.pt" "logs/Retrieval/ImpliHateVid/RAC_video/RAC_lr0.0001_Bz64_Ep30_cosSim_triplet_drop[0.2, 0.4, 0.1]_topK20__PseudoGold_positive_1_hard_negative_1_seed0_hybrid_loss/ckpt/best_model_8_0.9015384615384615.pt"
[2026-07-01 22:55:01] [disk_guard] [DRY-RUN]     would verify sha1(local) == sha1(b2:b2:junyi-data/RGCL_video/logs/Retrieval/ImpliHateVid/RAC_video/RAC_lr0.0001_Bz64_Ep30_cosSim_triplet_drop[0.2, 0.4, 0.1]_topK20__PseudoGold_positive_1_hard_negative_1_seed0_hybrid_loss/ckpt/best_model_8_0.9015384615384615.pt)
[2026-07-01 22:55:01] [disk_guard] [DRY-RUN]     would rm "/data/jehc223/RGCL/logging/Retrieval/ImpliHateVid/RAC_video/RAC_lr0.0001_Bz64_Ep30_cosSim_triplet_drop[0.2, 0.4, 0.1]_topK20__PseudoGold_positive_1_hard_negative_1_seed0_hybrid_loss/ckpt/best_model_8_0.9015384615384615.pt"  (frees 19.03MB)  IF verify passes
[2026-07-01 22:55:01] [disk_guard] [DRY-RUN]   candidate: /data/jehc223/RGCL/logging/Retrieval/ImpliHateVid/RAC_video/RAC_lr0.0001_Bz64_Ep30_cosSim_triplet_drop[0.2, 0.4, 0.1]_topK20__PseudoGold_positive_1_hard_negative_1_seed0_hybrid_loss/ckpt/best_model_9_0.9015384615384615.pt
[2026-07-01 22:55:01] [disk_guard] [DRY-RUN]     mtime=2026-07-01 22:53:10 size=19.03MB
[2026-07-01 22:55:01] [disk_guard] [DRY-RUN]     -> b2 subpath: logs/Retrieval/ImpliHateVid/RAC_video/RAC_lr0.0001_Bz64_Ep30_cosSim_triplet_drop[0.2, 0.4, 0.1]_topK20__PseudoGold_positive_1_hard_negative_1_seed0_hybrid_loss/ckpt/best_model_9_0.9015384615384615.pt
[2026-07-01 22:55:01] [disk_guard] [DRY-RUN]     would run: b2_push.sh "/data/jehc223/RGCL/logging/Retrieval/ImpliHateVid/RAC_video/RAC_lr0.0001_Bz64_Ep30_cosSim_triplet_drop[0.2, 0.4, 0.1]_topK20__PseudoGold_positive_1_hard_negative_1_seed0_hybrid_loss/ckpt/best_model_9_0.9015384615384615.pt" "logs/Retrieval/ImpliHateVid/RAC_video/RAC_lr0.0001_Bz64_Ep30_cosSim_triplet_drop[0.2, 0.4, 0.1]_topK20__PseudoGold_positive_1_hard_negative_1_seed0_hybrid_loss/ckpt/best_model_9_0.9015384615384615.pt"
[2026-07-01 22:55:01] [disk_guard] [DRY-RUN]     would verify sha1(local) == sha1(b2:b2:junyi-data/RGCL_video/logs/Retrieval/ImpliHateVid/RAC_video/RAC_lr0.0001_Bz64_Ep30_cosSim_triplet_drop[0.2, 0.4, 0.1]_topK20__PseudoGold_positive_1_hard_negative_1_seed0_hybrid_loss/ckpt/best_model_9_0.9015384615384615.pt)
[2026-07-01 22:55:01] [disk_guard] [DRY-RUN]     would rm "/data/jehc223/RGCL/logging/Retrieval/ImpliHateVid/RAC_video/RAC_lr0.0001_Bz64_Ep30_cosSim_triplet_drop[0.2, 0.4, 0.1]_topK20__PseudoGold_positive_1_hard_negative_1_seed0_hybrid_loss/ckpt/best_model_9_0.9015384615384615.pt"  (frees 19.03MB)  IF verify passes
[2026-07-01 22:55:01] [disk_guard] [DRY-RUN]   candidate: /data/jehc223/RGCL/logging/Retrieval/ImpliHateVid/RAC_video/RAC_lr0.0001_Bz64_Ep30_cosSim_triplet_drop[0.2, 0.4, 0.1]_topK20__PseudoGold_positive_1_hard_negative_1_seed0_hybrid_loss/ckpt/best_model_10_0.9015384615384615.pt
[2026-07-01 22:55:01] [disk_guard] [DRY-RUN]     mtime=2026-07-01 22:53:12 size=19.03MB
[2026-07-01 22:55:01] [disk_guard] [DRY-RUN]     -> b2 subpath: logs/Retrieval/ImpliHateVid/RAC_video/RAC_lr0.0001_Bz64_Ep30_cosSim_triplet_drop[0.2, 0.4, 0.1]_topK20__PseudoGold_positive_1_hard_negative_1_seed0_hybrid_loss/ckpt/best_model_10_0.9015384615384615.pt
[2026-07-01 22:55:01] [disk_guard] [DRY-RUN]     would run: b2_push.sh "/data/jehc223/RGCL/logging/Retrieval/ImpliHateVid/RAC_video/RAC_lr0.0001_Bz64_Ep30_cosSim_triplet_drop[0.2, 0.4, 0.1]_topK20__PseudoGold_positive_1_hard_negative_1_seed0_hybrid_loss/ckpt/best_model_10_0.9015384615384615.pt" "logs/Retrieval/ImpliHateVid/RAC_video/RAC_lr0.0001_Bz64_Ep30_cosSim_triplet_drop[0.2, 0.4, 0.1]_topK20__PseudoGold_positive_1_hard_negative_1_seed0_hybrid_loss/ckpt/best_model_10_0.9015384615384615.pt"
[2026-07-01 22:55:01] [disk_guard] [DRY-RUN]     would verify sha1(local) == sha1(b2:b2:junyi-data/RGCL_video/logs/Retrieval/ImpliHateVid/RAC_video/RAC_lr0.0001_Bz64_Ep30_cosSim_triplet_drop[0.2, 0.4, 0.1]_topK20__PseudoGold_positive_1_hard_negative_1_seed0_hybrid_loss/ckpt/best_model_10_0.9015384615384615.pt)
[2026-07-01 22:55:01] [disk_guard] [DRY-RUN]     would rm "/data/jehc223/RGCL/logging/Retrieval/ImpliHateVid/RAC_video/RAC_lr0.0001_Bz64_Ep30_cosSim_triplet_drop[0.2, 0.4, 0.1]_topK20__PseudoGold_positive_1_hard_negative_1_seed0_hybrid_loss/ckpt/best_model_10_0.9015384615384615.pt"  (frees 19.03MB)  IF verify passes
[2026-07-01 22:55:01] [disk_guard] [DRY-RUN]   candidate: /data/jehc223/RGCL/logging/Retrieval/ImpliHateVid/RAC_video/RAC_lr0.0001_Bz64_Ep30_cosSim_triplet_drop[0.2, 0.4, 0.1]_topK20__PseudoGold_positive_1_hard_negative_1_seed0_hybrid_loss/ckpt/best_model_15_0.9046153846153846.pt
[2026-07-01 22:55:01] [disk_guard] [DRY-RUN]     mtime=2026-07-01 22:53:21 size=19.03MB
[2026-07-01 22:55:01] [disk_guard] [DRY-RUN]     -> b2 subpath: logs/Retrieval/ImpliHateVid/RAC_video/RAC_lr0.0001_Bz64_Ep30_cosSim_triplet_drop[0.2, 0.4, 0.1]_topK20__PseudoGold_positive_1_hard_negative_1_seed0_hybrid_loss/ckpt/best_model_15_0.9046153846153846.pt
[2026-07-01 22:55:01] [disk_guard] [DRY-RUN]     would run: b2_push.sh "/data/jehc223/RGCL/logging/Retrieval/ImpliHateVid/RAC_video/RAC_lr0.0001_Bz64_Ep30_cosSim_triplet_drop[0.2, 0.4, 0.1]_topK20__PseudoGold_positive_1_hard_negative_1_seed0_hybrid_loss/ckpt/best_model_15_0.9046153846153846.pt" "logs/Retrieval/ImpliHateVid/RAC_video/RAC_lr0.0001_Bz64_Ep30_cosSim_triplet_drop[0.2, 0.4, 0.1]_topK20__PseudoGold_positive_1_hard_negative_1_seed0_hybrid_loss/ckpt/best_model_15_0.9046153846153846.pt"
[2026-07-01 22:55:01] [disk_guard] [DRY-RUN]     would verify sha1(local) == sha1(b2:b2:junyi-data/RGCL_video/logs/Retrieval/ImpliHateVid/RAC_video/RAC_lr0.0001_Bz64_Ep30_cosSim_triplet_drop[0.2, 0.4, 0.1]_topK20__PseudoGold_positive_1_hard_negative_1_seed0_hybrid_loss/ckpt/best_model_15_0.9046153846153846.pt)
[2026-07-01 22:55:01] [disk_guard] [DRY-RUN]     would rm "/data/jehc223/RGCL/logging/Retrieval/ImpliHateVid/RAC_video/RAC_lr0.0001_Bz64_Ep30_cosSim_triplet_drop[0.2, 0.4, 0.1]_topK20__PseudoGold_positive_1_hard_negative_1_seed0_hybrid_loss/ckpt/best_model_15_0.9046153846153846.pt"  (frees 19.03MB)  IF verify passes
[2026-07-01 22:55:01] [disk_guard] [DRY-RUN]   candidate: /data/jehc223/RGCL/logging/Retrieval/ImpliHateVid/RAC_video/RAC_lr0.0001_Bz64_Ep30_cosSim_triplet_drop[0.2, 0.4, 0.1]_topK20__PseudoGold_positive_1_hard_negative_1_seed0_hybrid_loss/ckpt/best_model_16_0.9076923076923077.pt
[2026-07-01 22:55:01] [disk_guard] [DRY-RUN]     mtime=2026-07-01 22:53:22 size=19.03MB
[2026-07-01 22:55:01] [disk_guard] [DRY-RUN]     -> b2 subpath: logs/Retrieval/ImpliHateVid/RAC_video/RAC_lr0.0001_Bz64_Ep30_cosSim_triplet_drop[0.2, 0.4, 0.1]_topK20__PseudoGold_positive_1_hard_negative_1_seed0_hybrid_loss/ckpt/best_model_16_0.9076923076923077.pt
[2026-07-01 22:55:01] [disk_guard] [DRY-RUN]     would run: b2_push.sh "/data/jehc223/RGCL/logging/Retrieval/ImpliHateVid/RAC_video/RAC_lr0.0001_Bz64_Ep30_cosSim_triplet_drop[0.2, 0.4, 0.1]_topK20__PseudoGold_positive_1_hard_negative_1_seed0_hybrid_loss/ckpt/best_model_16_0.9076923076923077.pt" "logs/Retrieval/ImpliHateVid/RAC_video/RAC_lr0.0001_Bz64_Ep30_cosSim_triplet_drop[0.2, 0.4, 0.1]_topK20__PseudoGold_positive_1_hard_negative_1_seed0_hybrid_loss/ckpt/best_model_16_0.9076923076923077.pt"
[2026-07-01 22:55:01] [disk_guard] [DRY-RUN]     would verify sha1(local) == sha1(b2:b2:junyi-data/RGCL_video/logs/Retrieval/ImpliHateVid/RAC_video/RAC_lr0.0001_Bz64_Ep30_cosSim_triplet_drop[0.2, 0.4, 0.1]_topK20__PseudoGold_positive_1_hard_negative_1_seed0_hybrid_loss/ckpt/best_model_16_0.9076923076923077.pt)
[2026-07-01 22:55:01] [disk_guard] [DRY-RUN]     would rm "/data/jehc223/RGCL/logging/Retrieval/ImpliHateVid/RAC_video/RAC_lr0.0001_Bz64_Ep30_cosSim_triplet_drop[0.2, 0.4, 0.1]_topK20__PseudoGold_positive_1_hard_negative_1_seed0_hybrid_loss/ckpt/best_model_16_0.9076923076923077.pt"  (frees 19.03MB)  IF verify passes
[2026-07-01 22:55:01] [disk_guard] [DRY-RUN]   candidate: /data/jehc223/RGCL/logging/Retrieval/ImpliHateVid/RAC_video/RAC_lr0.0001_Bz64_Ep30_cosSim_triplet_drop[0.2, 0.4, 0.1]_topK20__PseudoGold_positive_1_hard_negative_1_seed0_hybrid_loss/ckpt/best_model_17_0.9107692307692308.pt
[2026-07-01 22:55:01] [disk_guard] [DRY-RUN]     mtime=2026-07-01 22:53:24 size=19.03MB
[2026-07-01 22:55:01] [disk_guard] [DRY-RUN]     -> b2 subpath: logs/Retrieval/ImpliHateVid/RAC_video/RAC_lr0.0001_Bz64_Ep30_cosSim_triplet_drop[0.2, 0.4, 0.1]_topK20__PseudoGold_positive_1_hard_negative_1_seed0_hybrid_loss/ckpt/best_model_17_0.9107692307692308.pt
[2026-07-01 22:55:01] [disk_guard] [DRY-RUN]     would run: b2_push.sh "/data/jehc223/RGCL/logging/Retrieval/ImpliHateVid/RAC_video/RAC_lr0.0001_Bz64_Ep30_cosSim_triplet_drop[0.2, 0.4, 0.1]_topK20__PseudoGold_positive_1_hard_negative_1_seed0_hybrid_loss/ckpt/best_model_17_0.9107692307692308.pt" "logs/Retrieval/ImpliHateVid/RAC_video/RAC_lr0.0001_Bz64_Ep30_cosSim_triplet_drop[0.2, 0.4, 0.1]_topK20__PseudoGold_positive_1_hard_negative_1_seed0_hybrid_loss/ckpt/best_model_17_0.9107692307692308.pt"
[2026-07-01 22:55:01] [disk_guard] [DRY-RUN]     would verify sha1(local) == sha1(b2:b2:junyi-data/RGCL_video/logs/Retrieval/ImpliHateVid/RAC_video/RAC_lr0.0001_Bz64_Ep30_cosSim_triplet_drop[0.2, 0.4, 0.1]_topK20__PseudoGold_positive_1_hard_negative_1_seed0_hybrid_loss/ckpt/best_model_17_0.9107692307692308.pt)
[2026-07-01 22:55:01] [disk_guard] [DRY-RUN]     would rm "/data/jehc223/RGCL/logging/Retrieval/ImpliHateVid/RAC_video/RAC_lr0.0001_Bz64_Ep30_cosSim_triplet_drop[0.2, 0.4, 0.1]_topK20__PseudoGold_positive_1_hard_negative_1_seed0_hybrid_loss/ckpt/best_model_17_0.9107692307692308.pt"  (frees 19.03MB)  IF verify passes
[2026-07-01 22:55:01] [disk_guard] [DRY-RUN]   candidate: /data/jehc223/RGCL/logging/Retrieval/ImpliHateVid/RAC_video/RAC_lr0.0001_Bz64_Ep30_cosSim_triplet_drop[0.2, 0.4, 0.1]_topK20__PseudoGold_positive_1_hard_negative_1_seed0_hybrid_loss/ckpt/best_model_18_0.9138461538461539.pt
[2026-07-01 22:55:01] [disk_guard] [DRY-RUN]     mtime=2026-07-01 22:53:26 size=19.03MB
[2026-07-01 22:55:01] [disk_guard] [DRY-RUN]     -> b2 subpath: logs/Retrieval/ImpliHateVid/RAC_video/RAC_lr0.0001_Bz64_Ep30_cosSim_triplet_drop[0.2, 0.4, 0.1]_topK20__PseudoGold_positive_1_hard_negative_1_seed0_hybrid_loss/ckpt/best_model_18_0.9138461538461539.pt
[2026-07-01 22:55:01] [disk_guard] [DRY-RUN]     would run: b2_push.sh "/data/jehc223/RGCL/logging/Retrieval/ImpliHateVid/RAC_video/RAC_lr0.0001_Bz64_Ep30_cosSim_triplet_drop[0.2, 0.4, 0.1]_topK20__PseudoGold_positive_1_hard_negative_1_seed0_hybrid_loss/ckpt/best_model_18_0.9138461538461539.pt" "logs/Retrieval/ImpliHateVid/RAC_video/RAC_lr0.0001_Bz64_Ep30_cosSim_triplet_drop[0.2, 0.4, 0.1]_topK20__PseudoGold_positive_1_hard_negative_1_seed0_hybrid_loss/ckpt/best_model_18_0.9138461538461539.pt"
[2026-07-01 22:55:01] [disk_guard] [DRY-RUN]     would verify sha1(local) == sha1(b2:b2:junyi-data/RGCL_video/logs/Retrieval/ImpliHateVid/RAC_video/RAC_lr0.0001_Bz64_Ep30_cosSim_triplet_drop[0.2, 0.4, 0.1]_topK20__PseudoGold_positive_1_hard_negative_1_seed0_hybrid_loss/ckpt/best_model_18_0.9138461538461539.pt)
[2026-07-01 22:55:01] [disk_guard] [DRY-RUN]     would rm "/data/jehc223/RGCL/logging/Retrieval/ImpliHateVid/RAC_video/RAC_lr0.0001_Bz64_Ep30_cosSim_triplet_drop[0.2, 0.4, 0.1]_topK20__PseudoGold_positive_1_hard_negative_1_seed0_hybrid_loss/ckpt/best_model_18_0.9138461538461539.pt"  (frees 19.03MB)  IF verify passes
[2026-07-01 22:55:01] [disk_guard] [DRY-RUN]   candidate: /data/jehc223/RGCL/logging/Retrieval/ImpliHateVid/RAC_video/RAC_lr0.0001_Bz64_Ep30_cosSim_triplet_drop[0.2, 0.4, 0.1]_topK20__PseudoGold_positive_1_hard_negative_1_seed0_hybrid_loss/ckpt/last_model_29_0.9076923076923077.pt
[2026-07-01 22:55:01] [disk_guard] [DRY-RUN]     mtime=2026-07-01 22:53:46 size=19.03MB
[2026-07-01 22:55:01] [disk_guard] [DRY-RUN]     -> b2 subpath: logs/Retrieval/ImpliHateVid/RAC_video/RAC_lr0.0001_Bz64_Ep30_cosSim_triplet_drop[0.2, 0.4, 0.1]_topK20__PseudoGold_positive_1_hard_negative_1_seed0_hybrid_loss/ckpt/last_model_29_0.9076923076923077.pt
[2026-07-01 22:55:01] [disk_guard] [DRY-RUN]     would run: b2_push.sh "/data/jehc223/RGCL/logging/Retrieval/ImpliHateVid/RAC_video/RAC_lr0.0001_Bz64_Ep30_cosSim_triplet_drop[0.2, 0.4, 0.1]_topK20__PseudoGold_positive_1_hard_negative_1_seed0_hybrid_loss/ckpt/last_model_29_0.9076923076923077.pt" "logs/Retrieval/ImpliHateVid/RAC_video/RAC_lr0.0001_Bz64_Ep30_cosSim_triplet_drop[0.2, 0.4, 0.1]_topK20__PseudoGold_positive_1_hard_negative_1_seed0_hybrid_loss/ckpt/last_model_29_0.9076923076923077.pt"
[2026-07-01 22:55:01] [disk_guard] [DRY-RUN]     would verify sha1(local) == sha1(b2:b2:junyi-data/RGCL_video/logs/Retrieval/ImpliHateVid/RAC_video/RAC_lr0.0001_Bz64_Ep30_cosSim_triplet_drop[0.2, 0.4, 0.1]_topK20__PseudoGold_positive_1_hard_negative_1_seed0_hybrid_loss/ckpt/last_model_29_0.9076923076923077.pt)
[2026-07-01 22:55:01] [disk_guard] [DRY-RUN]     would rm "/data/jehc223/RGCL/logging/Retrieval/ImpliHateVid/RAC_video/RAC_lr0.0001_Bz64_Ep30_cosSim_triplet_drop[0.2, 0.4, 0.1]_topK20__PseudoGold_positive_1_hard_negative_1_seed0_hybrid_loss/ckpt/last_model_29_0.9076923076923077.pt"  (frees 19.03MB)  IF verify passes
[2026-07-01 22:55:01] [disk_guard] [DRY-RUN]   step (c) projected/actual freed: 970.44MB.
[2026-07-01 22:55:01] [disk_guard] [DRY-RUN] (dry-run) simulation complete; see [DRY-RUN] lines above for the planned push/verify/prune actions.
[2026-07-01 22:55:01] [disk_guard] [DRY-RUN] ==== disk_guard end ====
[2026-07-01 22:55:24] [disk_guard] [DRY-RUN] ==== disk_guard start (dry_run=1, sourced=0) ====
[2026-07-01 22:55:24] [disk_guard] [DRY-RUN] config: THRESHOLD=999G TARGET=999G RGCL_ROOT=/data/jehc223/RGCL B2_PREFIX=b2:junyi-data/RGCL_video
[2026-07-01 22:55:24] [disk_guard] [DRY-RUN] log file: /data/jehc223/RGCL/slurm/logs/disk_guard.log
[2026-07-01 22:55:24] [disk_guard] [DRY-RUN] current /data usage: 283G (threshold 999G, target 999G).
[2026-07-01 22:55:24] [disk_guard] [DRY-RUN] usage 283G <= threshold 999G: nothing to reclaim. No-op.
[2026-07-01 22:55:24] [disk_guard] [DRY-RUN] ==== disk_guard end (under threshold) ====
[2026-07-01 22:55:36] [disk_guard] [DRY-RUN] ==== disk_guard start (dry_run=1, sourced=1) ====
[2026-07-01 22:55:36] [disk_guard] [DRY-RUN] config: THRESHOLD=999G TARGET=999G RGCL_ROOT=/data/jehc223/RGCL B2_PREFIX=b2:junyi-data/RGCL_video
[2026-07-01 22:55:36] [disk_guard] [DRY-RUN] log file: /data/jehc223/RGCL/slurm/logs/disk_guard.log
[2026-07-01 22:55:36] [disk_guard] [DRY-RUN] current /data usage: 283G (threshold 999G, target 999G).
[2026-07-01 22:55:36] [disk_guard] [DRY-RUN] usage 283G <= threshold 999G: nothing to reclaim. No-op.
[2026-07-01 22:55:36] [disk_guard] [DRY-RUN] ==== disk_guard end (under threshold) ====
[2026-07-01 22:55:36] [disk_guard] [DRY-RUN] ==== disk_guard start (dry_run=1, sourced=0) ====
[2026-07-01 22:55:36] [disk_guard] [DRY-RUN] config: THRESHOLD=250G TARGET=250G RGCL_ROOT=/data/jehc223/RGCL B2_PREFIX=b2:junyi-data/RGCL_video
[2026-07-01 22:55:36] [disk_guard] [DRY-RUN] log file: /data/jehc223/RGCL/slurm/logs/disk_guard.log
[2026-07-01 22:55:36] [disk_guard] [DRY-RUN] current /data usage: 283G (threshold 250G, target 250G).
[2026-07-01 22:55:36] [disk_guard] [DRY-RUN] usage 283G > threshold 250G: starting reclaim.
[2026-07-01 22:55:36] [disk_guard] [DRY-RUN] Step (a): rclone VFS cache purge.
[2026-07-01 22:55:36] [disk_guard] [DRY-RUN]   would rm -rf /data/jehc223/home/.cache/rclone/vfs (size 0)
[2026-07-01 22:55:36] [disk_guard] [DRY-RUN]   would rm -rf /data/jehc223/home/.cache/rclone/vfsMeta (size 0)
[2026-07-01 22:55:36] [disk_guard] [DRY-RUN] Step (b): HuggingFace cache.
[2026-07-01 22:55:36] [disk_guard] [DRY-RUN]   HF cache purge skipped (conservative); needs manual review. Set DISK_GUARD_HF_PURGE=1 to allow datasets--*/.locks removal (never models--*).
[2026-07-01 22:55:36] [disk_guard] [DRY-RUN] Step (c): push-verify-prune oldest logging/ checkpoints (mirrored to B2 under logs/).
[2026-07-01 22:55:36] [disk_guard] [DRY-RUN]   found 51 candidate checkpoint(s), oldest-first.
[2026-07-01 22:55:36] [disk_guard] [DRY-RUN]   need to free ~33.00GB to reach target 250G.
[2026-07-01 22:55:36] [disk_guard] [DRY-RUN]   candidate: /data/jehc223/RGCL/logging/Retrieval/MHC/RAC_video/RAC_lr0.0001_Bz64_Ep2_cosSim_triplet_drop[0.2, 0.4, 0.1]_topK20__PseudoGold_positive_1_hard_negative_1_seed0_hybrid_loss/ckpt/best_model_0_tensor(0.6875).pt
[2026-07-01 22:55:36] [disk_guard] [DRY-RUN]     mtime=2026-07-01 09:41:57 size=19.03MB
[2026-07-01 22:55:36] [disk_guard] [DRY-RUN]     -> b2 subpath: logs/Retrieval/MHC/RAC_video/RAC_lr0.0001_Bz64_Ep2_cosSim_triplet_drop[0.2, 0.4, 0.1]_topK20__PseudoGold_positive_1_hard_negative_1_seed0_hybrid_loss/ckpt/best_model_0_tensor(0.6875).pt
[2026-07-01 22:55:36] [disk_guard] [DRY-RUN]     would run: b2_push.sh "/data/jehc223/RGCL/logging/Retrieval/MHC/RAC_video/RAC_lr0.0001_Bz64_Ep2_cosSim_triplet_drop[0.2, 0.4, 0.1]_topK20__PseudoGold_positive_1_hard_negative_1_seed0_hybrid_loss/ckpt/best_model_0_tensor(0.6875).pt" "logs/Retrieval/MHC/RAC_video/RAC_lr0.0001_Bz64_Ep2_cosSim_triplet_drop[0.2, 0.4, 0.1]_topK20__PseudoGold_positive_1_hard_negative_1_seed0_hybrid_loss/ckpt/best_model_0_tensor(0.6875).pt"
[2026-07-01 22:55:36] [disk_guard] [DRY-RUN]     would verify sha1(local) == sha1 at b2:junyi-data/RGCL_video/logs/Retrieval/MHC/RAC_video/RAC_lr0.0001_Bz64_Ep2_cosSim_triplet_drop[0.2, 0.4, 0.1]_topK20__PseudoGold_positive_1_hard_negative_1_seed0_hybrid_loss/ckpt/best_model_0_tensor(0.6875).pt
[2026-07-01 22:55:36] [disk_guard] [DRY-RUN]     would rm "/data/jehc223/RGCL/logging/Retrieval/MHC/RAC_video/RAC_lr0.0001_Bz64_Ep2_cosSim_triplet_drop[0.2, 0.4, 0.1]_topK20__PseudoGold_positive_1_hard_negative_1_seed0_hybrid_loss/ckpt/best_model_0_tensor(0.6875).pt"  (frees 19.03MB)  IF verify passes
[2026-07-01 22:55:36] [disk_guard] [DRY-RUN]   candidate: /data/jehc223/RGCL/logging/Retrieval/MHC/RAC_video/RAC_lr0.0001_Bz64_Ep2_cosSim_triplet_drop[0.2, 0.4, 0.1]_topK20__PseudoGold_positive_1_hard_negative_1_seed0_hybrid_loss/ckpt/last_model_1_0.7125.pt
[2026-07-01 22:55:36] [disk_guard] [DRY-RUN]     mtime=2026-07-01 09:41:57 size=19.03MB
[2026-07-01 22:55:36] [disk_guard] [DRY-RUN]     -> b2 subpath: logs/Retrieval/MHC/RAC_video/RAC_lr0.0001_Bz64_Ep2_cosSim_triplet_drop[0.2, 0.4, 0.1]_topK20__PseudoGold_positive_1_hard_negative_1_seed0_hybrid_loss/ckpt/last_model_1_0.7125.pt
[2026-07-01 22:55:37] [disk_guard] [DRY-RUN]     would run: b2_push.sh "/data/jehc223/RGCL/logging/Retrieval/MHC/RAC_video/RAC_lr0.0001_Bz64_Ep2_cosSim_triplet_drop[0.2, 0.4, 0.1]_topK20__PseudoGold_positive_1_hard_negative_1_seed0_hybrid_loss/ckpt/last_model_1_0.7125.pt" "logs/Retrieval/MHC/RAC_video/RAC_lr0.0001_Bz64_Ep2_cosSim_triplet_drop[0.2, 0.4, 0.1]_topK20__PseudoGold_positive_1_hard_negative_1_seed0_hybrid_loss/ckpt/last_model_1_0.7125.pt"
[2026-07-01 22:55:37] [disk_guard] [DRY-RUN]     would verify sha1(local) == sha1 at b2:junyi-data/RGCL_video/logs/Retrieval/MHC/RAC_video/RAC_lr0.0001_Bz64_Ep2_cosSim_triplet_drop[0.2, 0.4, 0.1]_topK20__PseudoGold_positive_1_hard_negative_1_seed0_hybrid_loss/ckpt/last_model_1_0.7125.pt
[2026-07-01 22:55:37] [disk_guard] [DRY-RUN]     would rm "/data/jehc223/RGCL/logging/Retrieval/MHC/RAC_video/RAC_lr0.0001_Bz64_Ep2_cosSim_triplet_drop[0.2, 0.4, 0.1]_topK20__PseudoGold_positive_1_hard_negative_1_seed0_hybrid_loss/ckpt/last_model_1_0.7125.pt"  (frees 19.03MB)  IF verify passes
[2026-07-01 22:55:37] [disk_guard] [DRY-RUN]   candidate: /data/jehc223/RGCL/logging/Retrieval/MHC/RAC_video/RAC_lr0.0001_Bz64_Ep30_cosSim_triplet_drop[0.2, 0.4, 0.1]_topK20__PseudoGold_positive_1_hard_negative_1_seed0_hybrid_loss/ckpt/best_model_0_tensor(0.6875).pt
[2026-07-01 22:55:37] [disk_guard] [DRY-RUN]     mtime=2026-07-01 09:43:10 size=19.03MB
[2026-07-01 22:55:37] [disk_guard] [DRY-RUN]     -> b2 subpath: logs/Retrieval/MHC/RAC_video/RAC_lr0.0001_Bz64_Ep30_cosSim_triplet_drop[0.2, 0.4, 0.1]_topK20__PseudoGold_positive_1_hard_negative_1_seed0_hybrid_loss/ckpt/best_model_0_tensor(0.6875).pt
[2026-07-01 22:55:37] [disk_guard] [DRY-RUN]     would run: b2_push.sh "/data/jehc223/RGCL/logging/Retrieval/MHC/RAC_video/RAC_lr0.0001_Bz64_Ep30_cosSim_triplet_drop[0.2, 0.4, 0.1]_topK20__PseudoGold_positive_1_hard_negative_1_seed0_hybrid_loss/ckpt/best_model_0_tensor(0.6875).pt" "logs/Retrieval/MHC/RAC_video/RAC_lr0.0001_Bz64_Ep30_cosSim_triplet_drop[0.2, 0.4, 0.1]_topK20__PseudoGold_positive_1_hard_negative_1_seed0_hybrid_loss/ckpt/best_model_0_tensor(0.6875).pt"
[2026-07-01 22:55:37] [disk_guard] [DRY-RUN]     would verify sha1(local) == sha1 at b2:junyi-data/RGCL_video/logs/Retrieval/MHC/RAC_video/RAC_lr0.0001_Bz64_Ep30_cosSim_triplet_drop[0.2, 0.4, 0.1]_topK20__PseudoGold_positive_1_hard_negative_1_seed0_hybrid_loss/ckpt/best_model_0_tensor(0.6875).pt
[2026-07-01 22:55:37] [disk_guard] [DRY-RUN]     would rm "/data/jehc223/RGCL/logging/Retrieval/MHC/RAC_video/RAC_lr0.0001_Bz64_Ep30_cosSim_triplet_drop[0.2, 0.4, 0.1]_topK20__PseudoGold_positive_1_hard_negative_1_seed0_hybrid_loss/ckpt/best_model_0_tensor(0.6875).pt"  (frees 19.03MB)  IF verify passes
[2026-07-01 22:55:37] [disk_guard] [DRY-RUN]   candidate: /data/jehc223/RGCL/logging/Retrieval/HateMM/RAC_video/RAC_lr0.0001_Bz64_Ep30_cosSim_triplet_drop[0.2, 0.4, 0.1]_topK20__PseudoGold_positive_1_hard_negative_1_seed0_hybrid_loss/ckpt/best_model_0_tensor(0.5981).pt
[2026-07-01 22:55:37] [disk_guard] [DRY-RUN]     mtime=2026-07-01 19:12:56 size=19.03MB
[2026-07-01 22:55:37] [disk_guard] [DRY-RUN]     -> b2 subpath: logs/Retrieval/HateMM/RAC_video/RAC_lr0.0001_Bz64_Ep30_cosSim_triplet_drop[0.2, 0.4, 0.1]_topK20__PseudoGold_positive_1_hard_negative_1_seed0_hybrid_loss/ckpt/best_model_0_tensor(0.5981).pt
[2026-07-01 22:55:37] [disk_guard] [DRY-RUN]     would run: b2_push.sh "/data/jehc223/RGCL/logging/Retrieval/HateMM/RAC_video/RAC_lr0.0001_Bz64_Ep30_cosSim_triplet_drop[0.2, 0.4, 0.1]_topK20__PseudoGold_positive_1_hard_negative_1_seed0_hybrid_loss/ckpt/best_model_0_tensor(0.5981).pt" "logs/Retrieval/HateMM/RAC_video/RAC_lr0.0001_Bz64_Ep30_cosSim_triplet_drop[0.2, 0.4, 0.1]_topK20__PseudoGold_positive_1_hard_negative_1_seed0_hybrid_loss/ckpt/best_model_0_tensor(0.5981).pt"
[2026-07-01 22:55:37] [disk_guard] [DRY-RUN]     would verify sha1(local) == sha1 at b2:junyi-data/RGCL_video/logs/Retrieval/HateMM/RAC_video/RAC_lr0.0001_Bz64_Ep30_cosSim_triplet_drop[0.2, 0.4, 0.1]_topK20__PseudoGold_positive_1_hard_negative_1_seed0_hybrid_loss/ckpt/best_model_0_tensor(0.5981).pt
[2026-07-01 22:55:37] [disk_guard] [DRY-RUN]     would rm "/data/jehc223/RGCL/logging/Retrieval/HateMM/RAC_video/RAC_lr0.0001_Bz64_Ep30_cosSim_triplet_drop[0.2, 0.4, 0.1]_topK20__PseudoGold_positive_1_hard_negative_1_seed0_hybrid_loss/ckpt/best_model_0_tensor(0.5981).pt"  (frees 19.03MB)  IF verify passes
[2026-07-01 22:55:37] [disk_guard] [DRY-RUN]   candidate: /data/jehc223/RGCL/logging/Retrieval/MHC_zh/RAC_video/RAC_lr0.0001_Bz64_Ep30_cosSim_triplet_drop[0.2, 0.4, 0.1]_topK20__PseudoGold_positive_1_hard_negative_1_seed0_hybrid_loss/ckpt/best_model_0_tensor(0.6410).pt
[2026-07-01 22:55:37] [disk_guard] [DRY-RUN]     mtime=2026-07-01 19:13:06 size=19.03MB
[2026-07-01 22:55:37] [disk_guard] [DRY-RUN]     -> b2 subpath: logs/Retrieval/MHC_zh/RAC_video/RAC_lr0.0001_Bz64_Ep30_cosSim_triplet_drop[0.2, 0.4, 0.1]_topK20__PseudoGold_positive_1_hard_negative_1_seed0_hybrid_loss/ckpt/best_model_0_tensor(0.6410).pt
[2026-07-01 22:55:37] [disk_guard] [DRY-RUN]     would run: b2_push.sh "/data/jehc223/RGCL/logging/Retrieval/MHC_zh/RAC_video/RAC_lr0.0001_Bz64_Ep30_cosSim_triplet_drop[0.2, 0.4, 0.1]_topK20__PseudoGold_positive_1_hard_negative_1_seed0_hybrid_loss/ckpt/best_model_0_tensor(0.6410).pt" "logs/Retrieval/MHC_zh/RAC_video/RAC_lr0.0001_Bz64_Ep30_cosSim_triplet_drop[0.2, 0.4, 0.1]_topK20__PseudoGold_positive_1_hard_negative_1_seed0_hybrid_loss/ckpt/best_model_0_tensor(0.6410).pt"
[2026-07-01 22:55:37] [disk_guard] [DRY-RUN]     would verify sha1(local) == sha1 at b2:junyi-data/RGCL_video/logs/Retrieval/MHC_zh/RAC_video/RAC_lr0.0001_Bz64_Ep30_cosSim_triplet_drop[0.2, 0.4, 0.1]_topK20__PseudoGold_positive_1_hard_negative_1_seed0_hybrid_loss/ckpt/best_model_0_tensor(0.6410).pt
[2026-07-01 22:55:37] [disk_guard] [DRY-RUN]     would rm "/data/jehc223/RGCL/logging/Retrieval/MHC_zh/RAC_video/RAC_lr0.0001_Bz64_Ep30_cosSim_triplet_drop[0.2, 0.4, 0.1]_topK20__PseudoGold_positive_1_hard_negative_1_seed0_hybrid_loss/ckpt/best_model_0_tensor(0.6410).pt"  (frees 19.03MB)  IF verify passes
[2026-07-01 22:55:37] [disk_guard] [DRY-RUN]   candidate: /data/jehc223/RGCL/logging/Retrieval/HateMM/RAC_video/RAC_lr0.0001_Bz64_Ep30_cosSim_triplet_drop[0.2, 0.4, 0.1]_topK20__PseudoGold_positive_1_hard_negative_1_seed0_hybrid_loss/ckpt/best_model_20_tensor(0.6542).pt
[2026-07-01 22:55:37] [disk_guard] [DRY-RUN]     mtime=2026-07-01 19:13:12 size=19.03MB
[2026-07-01 22:55:37] [disk_guard] [DRY-RUN]     -> b2 subpath: logs/Retrieval/HateMM/RAC_video/RAC_lr0.0001_Bz64_Ep30_cosSim_triplet_drop[0.2, 0.4, 0.1]_topK20__PseudoGold_positive_1_hard_negative_1_seed0_hybrid_loss/ckpt/best_model_20_tensor(0.6542).pt
[2026-07-01 22:55:37] [disk_guard] [DRY-RUN]     would run: b2_push.sh "/data/jehc223/RGCL/logging/Retrieval/HateMM/RAC_video/RAC_lr0.0001_Bz64_Ep30_cosSim_triplet_drop[0.2, 0.4, 0.1]_topK20__PseudoGold_positive_1_hard_negative_1_seed0_hybrid_loss/ckpt/best_model_20_tensor(0.6542).pt" "logs/Retrieval/HateMM/RAC_video/RAC_lr0.0001_Bz64_Ep30_cosSim_triplet_drop[0.2, 0.4, 0.1]_topK20__PseudoGold_positive_1_hard_negative_1_seed0_hybrid_loss/ckpt/best_model_20_tensor(0.6542).pt"
[2026-07-01 22:55:37] [disk_guard] [DRY-RUN]     would verify sha1(local) == sha1 at b2:junyi-data/RGCL_video/logs/Retrieval/HateMM/RAC_video/RAC_lr0.0001_Bz64_Ep30_cosSim_triplet_drop[0.2, 0.4, 0.1]_topK20__PseudoGold_positive_1_hard_negative_1_seed0_hybrid_loss/ckpt/best_model_20_tensor(0.6542).pt
[2026-07-01 22:55:37] [disk_guard] [DRY-RUN]     would rm "/data/jehc223/RGCL/logging/Retrieval/HateMM/RAC_video/RAC_lr0.0001_Bz64_Ep30_cosSim_triplet_drop[0.2, 0.4, 0.1]_topK20__PseudoGold_positive_1_hard_negative_1_seed0_hybrid_loss/ckpt/best_model_20_tensor(0.6542).pt"  (frees 19.03MB)  IF verify passes
[2026-07-01 22:55:37] [disk_guard] [DRY-RUN]   candidate: /data/jehc223/RGCL/logging/Retrieval/HateMM/RAC_video/RAC_lr0.0001_Bz64_Ep30_cosSim_triplet_drop[0.2, 0.4, 0.1]_topK20__PseudoGold_positive_1_hard_negative_1_seed0_hybrid_loss/ckpt/best_model_21_tensor(0.6729).pt
[2026-07-01 22:55:37] [disk_guard] [DRY-RUN]     mtime=2026-07-01 19:13:13 size=19.03MB
[2026-07-01 22:55:37] [disk_guard] [DRY-RUN]     -> b2 subpath: logs/Retrieval/HateMM/RAC_video/RAC_lr0.0001_Bz64_Ep30_cosSim_triplet_drop[0.2, 0.4, 0.1]_topK20__PseudoGold_positive_1_hard_negative_1_seed0_hybrid_loss/ckpt/best_model_21_tensor(0.6729).pt
[2026-07-01 22:55:37] [disk_guard] [DRY-RUN]     would run: b2_push.sh "/data/jehc223/RGCL/logging/Retrieval/HateMM/RAC_video/RAC_lr0.0001_Bz64_Ep30_cosSim_triplet_drop[0.2, 0.4, 0.1]_topK20__PseudoGold_positive_1_hard_negative_1_seed0_hybrid_loss/ckpt/best_model_21_tensor(0.6729).pt" "logs/Retrieval/HateMM/RAC_video/RAC_lr0.0001_Bz64_Ep30_cosSim_triplet_drop[0.2, 0.4, 0.1]_topK20__PseudoGold_positive_1_hard_negative_1_seed0_hybrid_loss/ckpt/best_model_21_tensor(0.6729).pt"
[2026-07-01 22:55:37] [disk_guard] [DRY-RUN]     would verify sha1(local) == sha1 at b2:junyi-data/RGCL_video/logs/Retrieval/HateMM/RAC_video/RAC_lr0.0001_Bz64_Ep30_cosSim_triplet_drop[0.2, 0.4, 0.1]_topK20__PseudoGold_positive_1_hard_negative_1_seed0_hybrid_loss/ckpt/best_model_21_tensor(0.6729).pt
[2026-07-01 22:55:37] [disk_guard] [DRY-RUN]     would rm "/data/jehc223/RGCL/logging/Retrieval/HateMM/RAC_video/RAC_lr0.0001_Bz64_Ep30_cosSim_triplet_drop[0.2, 0.4, 0.1]_topK20__PseudoGold_positive_1_hard_negative_1_seed0_hybrid_loss/ckpt/best_model_21_tensor(0.6729).pt"  (frees 19.03MB)  IF verify passes
[2026-07-01 22:55:37] [disk_guard] [DRY-RUN]   candidate: /data/jehc223/RGCL/logging/Retrieval/HateMM/RAC_video/RAC_lr0.0001_Bz64_Ep30_cosSim_triplet_drop[0.2, 0.4, 0.1]_topK20__PseudoGold_positive_1_hard_negative_1_seed0_hybrid_loss/ckpt/best_model_22_tensor(0.7383).pt
[2026-07-01 22:55:37] [disk_guard] [DRY-RUN]     mtime=2026-07-01 19:13:14 size=19.03MB
[2026-07-01 22:55:37] [disk_guard] [DRY-RUN]     -> b2 subpath: logs/Retrieval/HateMM/RAC_video/RAC_lr0.0001_Bz64_Ep30_cosSim_triplet_drop[0.2, 0.4, 0.1]_topK20__PseudoGold_positive_1_hard_negative_1_seed0_hybrid_loss/ckpt/best_model_22_tensor(0.7383).pt
[2026-07-01 22:55:37] [disk_guard] [DRY-RUN]     would run: b2_push.sh "/data/jehc223/RGCL/logging/Retrieval/HateMM/RAC_video/RAC_lr0.0001_Bz64_Ep30_cosSim_triplet_drop[0.2, 0.4, 0.1]_topK20__PseudoGold_positive_1_hard_negative_1_seed0_hybrid_loss/ckpt/best_model_22_tensor(0.7383).pt" "logs/Retrieval/HateMM/RAC_video/RAC_lr0.0001_Bz64_Ep30_cosSim_triplet_drop[0.2, 0.4, 0.1]_topK20__PseudoGold_positive_1_hard_negative_1_seed0_hybrid_loss/ckpt/best_model_22_tensor(0.7383).pt"
[2026-07-01 22:55:37] [disk_guard] [DRY-RUN]     would verify sha1(local) == sha1 at b2:junyi-data/RGCL_video/logs/Retrieval/HateMM/RAC_video/RAC_lr0.0001_Bz64_Ep30_cosSim_triplet_drop[0.2, 0.4, 0.1]_topK20__PseudoGold_positive_1_hard_negative_1_seed0_hybrid_loss/ckpt/best_model_22_tensor(0.7383).pt
[2026-07-01 22:55:37] [disk_guard] [DRY-RUN]     would rm "/data/jehc223/RGCL/logging/Retrieval/HateMM/RAC_video/RAC_lr0.0001_Bz64_Ep30_cosSim_triplet_drop[0.2, 0.4, 0.1]_topK20__PseudoGold_positive_1_hard_negative_1_seed0_hybrid_loss/ckpt/best_model_22_tensor(0.7383).pt"  (frees 19.03MB)  IF verify passes
[2026-07-01 22:55:37] [disk_guard] [DRY-RUN]   candidate: /data/jehc223/RGCL/logging/Retrieval/HateMM/RAC_video/RAC_lr0.0001_Bz64_Ep30_cosSim_triplet_drop[0.2, 0.4, 0.1]_topK20__PseudoGold_positive_1_hard_negative_1_seed0_hybrid_loss/ckpt/best_model_23_tensor(0.8318).pt
[2026-07-01 22:55:37] [disk_guard] [DRY-RUN]     mtime=2026-07-01 19:13:15 size=19.03MB
[2026-07-01 22:55:37] [disk_guard] [DRY-RUN]     -> b2 subpath: logs/Retrieval/HateMM/RAC_video/RAC_lr0.0001_Bz64_Ep30_cosSim_triplet_drop[0.2, 0.4, 0.1]_topK20__PseudoGold_positive_1_hard_negative_1_seed0_hybrid_loss/ckpt/best_model_23_tensor(0.8318).pt
[2026-07-01 22:55:37] [disk_guard] [DRY-RUN]     would run: b2_push.sh "/data/jehc223/RGCL/logging/Retrieval/HateMM/RAC_video/RAC_lr0.0001_Bz64_Ep30_cosSim_triplet_drop[0.2, 0.4, 0.1]_topK20__PseudoGold_positive_1_hard_negative_1_seed0_hybrid_loss/ckpt/best_model_23_tensor(0.8318).pt" "logs/Retrieval/HateMM/RAC_video/RAC_lr0.0001_Bz64_Ep30_cosSim_triplet_drop[0.2, 0.4, 0.1]_topK20__PseudoGold_positive_1_hard_negative_1_seed0_hybrid_loss/ckpt/best_model_23_tensor(0.8318).pt"
[2026-07-01 22:55:37] [disk_guard] [DRY-RUN]     would verify sha1(local) == sha1 at b2:junyi-data/RGCL_video/logs/Retrieval/HateMM/RAC_video/RAC_lr0.0001_Bz64_Ep30_cosSim_triplet_drop[0.2, 0.4, 0.1]_topK20__PseudoGold_positive_1_hard_negative_1_seed0_hybrid_loss/ckpt/best_model_23_tensor(0.8318).pt
[2026-07-01 22:55:37] [disk_guard] [DRY-RUN]     would rm "/data/jehc223/RGCL/logging/Retrieval/HateMM/RAC_video/RAC_lr0.0001_Bz64_Ep30_cosSim_triplet_drop[0.2, 0.4, 0.1]_topK20__PseudoGold_positive_1_hard_negative_1_seed0_hybrid_loss/ckpt/best_model_23_tensor(0.8318).pt"  (frees 19.03MB)  IF verify passes
[2026-07-01 22:55:37] [disk_guard] [DRY-RUN]   candidate: /data/jehc223/RGCL/logging/Retrieval/MHC_zh/RAC_video/RAC_lr0.0001_Bz64_Ep30_cosSim_triplet_drop[0.2, 0.4, 0.1]_topK20__PseudoGold_positive_1_hard_negative_1_seed0_hybrid_loss/ckpt/best_model_28_tensor(0.7436).pt
[2026-07-01 22:55:37] [disk_guard] [DRY-RUN]     mtime=2026-07-01 19:13:25 size=19.03MB
[2026-07-01 22:55:37] [disk_guard] [DRY-RUN]     -> b2 subpath: logs/Retrieval/MHC_zh/RAC_video/RAC_lr0.0001_Bz64_Ep30_cosSim_triplet_drop[0.2, 0.4, 0.1]_topK20__PseudoGold_positive_1_hard_negative_1_seed0_hybrid_loss/ckpt/best_model_28_tensor(0.7436).pt
[2026-07-01 22:55:37] [disk_guard] [DRY-RUN]     would run: b2_push.sh "/data/jehc223/RGCL/logging/Retrieval/MHC_zh/RAC_video/RAC_lr0.0001_Bz64_Ep30_cosSim_triplet_drop[0.2, 0.4, 0.1]_topK20__PseudoGold_positive_1_hard_negative_1_seed0_hybrid_loss/ckpt/best_model_28_tensor(0.7436).pt" "logs/Retrieval/MHC_zh/RAC_video/RAC_lr0.0001_Bz64_Ep30_cosSim_triplet_drop[0.2, 0.4, 0.1]_topK20__PseudoGold_positive_1_hard_negative_1_seed0_hybrid_loss/ckpt/best_model_28_tensor(0.7436).pt"
[2026-07-01 22:55:37] [disk_guard] [DRY-RUN]     would verify sha1(local) == sha1 at b2:junyi-data/RGCL_video/logs/Retrieval/MHC_zh/RAC_video/RAC_lr0.0001_Bz64_Ep30_cosSim_triplet_drop[0.2, 0.4, 0.1]_topK20__PseudoGold_positive_1_hard_negative_1_seed0_hybrid_loss/ckpt/best_model_28_tensor(0.7436).pt
[2026-07-01 22:55:37] [disk_guard] [DRY-RUN]     would rm "/data/jehc223/RGCL/logging/Retrieval/MHC_zh/RAC_video/RAC_lr0.0001_Bz64_Ep30_cosSim_triplet_drop[0.2, 0.4, 0.1]_topK20__PseudoGold_positive_1_hard_negative_1_seed0_hybrid_loss/ckpt/best_model_28_tensor(0.7436).pt"  (frees 19.03MB)  IF verify passes
[2026-07-01 22:55:37] [disk_guard] [DRY-RUN]   candidate: /data/jehc223/RGCL/logging/Retrieval/MHC_zh/RAC_video/RAC_lr0.0001_Bz64_Ep30_cosSim_triplet_drop[0.2, 0.4, 0.1]_topK20__PseudoGold_positive_1_hard_negative_1_seed0_hybrid_loss/ckpt/best_model_29_tensor(0.7821).pt
[2026-07-01 22:55:37] [disk_guard] [DRY-RUN]     mtime=2026-07-01 19:13:25 size=19.03MB
[2026-07-01 22:55:37] [disk_guard] [DRY-RUN]     -> b2 subpath: logs/Retrieval/MHC_zh/RAC_video/RAC_lr0.0001_Bz64_Ep30_cosSim_triplet_drop[0.2, 0.4, 0.1]_topK20__PseudoGold_positive_1_hard_negative_1_seed0_hybrid_loss/ckpt/best_model_29_tensor(0.7821).pt
[2026-07-01 22:55:37] [disk_guard] [DRY-RUN]     would run: b2_push.sh "/data/jehc223/RGCL/logging/Retrieval/MHC_zh/RAC_video/RAC_lr0.0001_Bz64_Ep30_cosSim_triplet_drop[0.2, 0.4, 0.1]_topK20__PseudoGold_positive_1_hard_negative_1_seed0_hybrid_loss/ckpt/best_model_29_tensor(0.7821).pt" "logs/Retrieval/MHC_zh/RAC_video/RAC_lr0.0001_Bz64_Ep30_cosSim_triplet_drop[0.2, 0.4, 0.1]_topK20__PseudoGold_positive_1_hard_negative_1_seed0_hybrid_loss/ckpt/best_model_29_tensor(0.7821).pt"
[2026-07-01 22:55:37] [disk_guard] [DRY-RUN]     would verify sha1(local) == sha1 at b2:junyi-data/RGCL_video/logs/Retrieval/MHC_zh/RAC_video/RAC_lr0.0001_Bz64_Ep30_cosSim_triplet_drop[0.2, 0.4, 0.1]_topK20__PseudoGold_positive_1_hard_negative_1_seed0_hybrid_loss/ckpt/best_model_29_tensor(0.7821).pt
[2026-07-01 22:55:37] [disk_guard] [DRY-RUN]     would rm "/data/jehc223/RGCL/logging/Retrieval/MHC_zh/RAC_video/RAC_lr0.0001_Bz64_Ep30_cosSim_triplet_drop[0.2, 0.4, 0.1]_topK20__PseudoGold_positive_1_hard_negative_1_seed0_hybrid_loss/ckpt/best_model_29_tensor(0.7821).pt"  (frees 19.03MB)  IF verify passes
[2026-07-01 22:55:37] [disk_guard] [DRY-RUN]   candidate: /data/jehc223/RGCL/logging/Retrieval/ImpliHateVid/RAC_video/RAC_lr0.0001_Bz64_Ep30_cosSim_triplet_drop[0.2, 0.4, 0.1]_topK20__PseudoGold_positive_1_hard_negative_1_seed0_hybrid_loss/ckpt/best_model_0_tensor(0.4923).pt
[2026-07-01 22:55:37] [disk_guard] [DRY-RUN]     mtime=2026-07-01 20:07:12 size=19.03MB
[2026-07-01 22:55:37] [disk_guard] [DRY-RUN]     -> b2 subpath: logs/Retrieval/ImpliHateVid/RAC_video/RAC_lr0.0001_Bz64_Ep30_cosSim_triplet_drop[0.2, 0.4, 0.1]_topK20__PseudoGold_positive_1_hard_negative_1_seed0_hybrid_loss/ckpt/best_model_0_tensor(0.4923).pt
[2026-07-01 22:55:37] [disk_guard] [DRY-RUN]     would run: b2_push.sh "/data/jehc223/RGCL/logging/Retrieval/ImpliHateVid/RAC_video/RAC_lr0.0001_Bz64_Ep30_cosSim_triplet_drop[0.2, 0.4, 0.1]_topK20__PseudoGold_positive_1_hard_negative_1_seed0_hybrid_loss/ckpt/best_model_0_tensor(0.4923).pt" "logs/Retrieval/ImpliHateVid/RAC_video/RAC_lr0.0001_Bz64_Ep30_cosSim_triplet_drop[0.2, 0.4, 0.1]_topK20__PseudoGold_positive_1_hard_negative_1_seed0_hybrid_loss/ckpt/best_model_0_tensor(0.4923).pt"
[2026-07-01 22:55:37] [disk_guard] [DRY-RUN]     would verify sha1(local) == sha1 at b2:junyi-data/RGCL_video/logs/Retrieval/ImpliHateVid/RAC_video/RAC_lr0.0001_Bz64_Ep30_cosSim_triplet_drop[0.2, 0.4, 0.1]_topK20__PseudoGold_positive_1_hard_negative_1_seed0_hybrid_loss/ckpt/best_model_0_tensor(0.4923).pt
[2026-07-01 22:55:37] [disk_guard] [DRY-RUN]     would rm "/data/jehc223/RGCL/logging/Retrieval/ImpliHateVid/RAC_video/RAC_lr0.0001_Bz64_Ep30_cosSim_triplet_drop[0.2, 0.4, 0.1]_topK20__PseudoGold_positive_1_hard_negative_1_seed0_hybrid_loss/ckpt/best_model_0_tensor(0.4923).pt"  (frees 19.03MB)  IF verify passes
[2026-07-01 22:55:37] [disk_guard] [DRY-RUN]   candidate: /data/jehc223/RGCL/logging/Retrieval/ImpliHateVid/RAC_video/RAC_lr0.0001_Bz64_Ep30_cosSim_triplet_drop[0.2, 0.4, 0.1]_topK20__PseudoGold_positive_1_hard_negative_1_seed0_hybrid_loss/ckpt/best_model_11_tensor(0.6677).pt
[2026-07-01 22:55:37] [disk_guard] [DRY-RUN]     mtime=2026-07-01 20:07:32 size=19.03MB
[2026-07-01 22:55:37] [disk_guard] [DRY-RUN]     -> b2 subpath: logs/Retrieval/ImpliHateVid/RAC_video/RAC_lr0.0001_Bz64_Ep30_cosSim_triplet_drop[0.2, 0.4, 0.1]_topK20__PseudoGold_positive_1_hard_negative_1_seed0_hybrid_loss/ckpt/best_model_11_tensor(0.6677).pt
[2026-07-01 22:55:37] [disk_guard] [DRY-RUN]     would run: b2_push.sh "/data/jehc223/RGCL/logging/Retrieval/ImpliHateVid/RAC_video/RAC_lr0.0001_Bz64_Ep30_cosSim_triplet_drop[0.2, 0.4, 0.1]_topK20__PseudoGold_positive_1_hard_negative_1_seed0_hybrid_loss/ckpt/best_model_11_tensor(0.6677).pt" "logs/Retrieval/ImpliHateVid/RAC_video/RAC_lr0.0001_Bz64_Ep30_cosSim_triplet_drop[0.2, 0.4, 0.1]_topK20__PseudoGold_positive_1_hard_negative_1_seed0_hybrid_loss/ckpt/best_model_11_tensor(0.6677).pt"
[2026-07-01 22:55:37] [disk_guard] [DRY-RUN]     would verify sha1(local) == sha1 at b2:junyi-data/RGCL_video/logs/Retrieval/ImpliHateVid/RAC_video/RAC_lr0.0001_Bz64_Ep30_cosSim_triplet_drop[0.2, 0.4, 0.1]_topK20__PseudoGold_positive_1_hard_negative_1_seed0_hybrid_loss/ckpt/best_model_11_tensor(0.6677).pt
[2026-07-01 22:55:37] [disk_guard] [DRY-RUN]     would rm "/data/jehc223/RGCL/logging/Retrieval/ImpliHateVid/RAC_video/RAC_lr0.0001_Bz64_Ep30_cosSim_triplet_drop[0.2, 0.4, 0.1]_topK20__PseudoGold_positive_1_hard_negative_1_seed0_hybrid_loss/ckpt/best_model_11_tensor(0.6677).pt"  (frees 19.03MB)  IF verify passes
[2026-07-01 22:55:37] [disk_guard] [DRY-RUN]   candidate: /data/jehc223/RGCL/logging/Retrieval/ImpliHateVid/RAC_video/RAC_lr0.0001_Bz64_Ep30_cosSim_triplet_drop[0.2, 0.4, 0.1]_topK20__PseudoGold_positive_1_hard_negative_1_seed0_hybrid_loss/ckpt/best_model_12_tensor(0.8585).pt
[2026-07-01 22:55:37] [disk_guard] [DRY-RUN]     mtime=2026-07-01 20:07:34 size=19.03MB
[2026-07-01 22:55:37] [disk_guard] [DRY-RUN]     -> b2 subpath: logs/Retrieval/ImpliHateVid/RAC_video/RAC_lr0.0001_Bz64_Ep30_cosSim_triplet_drop[0.2, 0.4, 0.1]_topK20__PseudoGold_positive_1_hard_negative_1_seed0_hybrid_loss/ckpt/best_model_12_tensor(0.8585).pt
[2026-07-01 22:55:37] [disk_guard] [DRY-RUN]     would run: b2_push.sh "/data/jehc223/RGCL/logging/Retrieval/ImpliHateVid/RAC_video/RAC_lr0.0001_Bz64_Ep30_cosSim_triplet_drop[0.2, 0.4, 0.1]_topK20__PseudoGold_positive_1_hard_negative_1_seed0_hybrid_loss/ckpt/best_model_12_tensor(0.8585).pt" "logs/Retrieval/ImpliHateVid/RAC_video/RAC_lr0.0001_Bz64_Ep30_cosSim_triplet_drop[0.2, 0.4, 0.1]_topK20__PseudoGold_positive_1_hard_negative_1_seed0_hybrid_loss/ckpt/best_model_12_tensor(0.8585).pt"
[2026-07-01 22:55:37] [disk_guard] [DRY-RUN]     would verify sha1(local) == sha1 at b2:junyi-data/RGCL_video/logs/Retrieval/ImpliHateVid/RAC_video/RAC_lr0.0001_Bz64_Ep30_cosSim_triplet_drop[0.2, 0.4, 0.1]_topK20__PseudoGold_positive_1_hard_negative_1_seed0_hybrid_loss/ckpt/best_model_12_tensor(0.8585).pt
[2026-07-01 22:55:37] [disk_guard] [DRY-RUN]     would rm "/data/jehc223/RGCL/logging/Retrieval/ImpliHateVid/RAC_video/RAC_lr0.0001_Bz64_Ep30_cosSim_triplet_drop[0.2, 0.4, 0.1]_topK20__PseudoGold_positive_1_hard_negative_1_seed0_hybrid_loss/ckpt/best_model_12_tensor(0.8585).pt"  (frees 19.03MB)  IF verify passes
[2026-07-01 22:55:37] [disk_guard] [DRY-RUN]   candidate: /data/jehc223/RGCL/logging/Retrieval/ImpliHateVid/RAC_video/RAC_lr0.0001_Bz64_Ep30_cosSim_triplet_drop[0.2, 0.4, 0.1]_topK20__PseudoGold_positive_1_hard_negative_1_seed0_hybrid_loss/ckpt/best_model_14_tensor(0.8800).pt
[2026-07-01 22:55:37] [disk_guard] [DRY-RUN]     mtime=2026-07-01 20:07:38 size=19.03MB
[2026-07-01 22:55:37] [disk_guard] [DRY-RUN]     -> b2 subpath: logs/Retrieval/ImpliHateVid/RAC_video/RAC_lr0.0001_Bz64_Ep30_cosSim_triplet_drop[0.2, 0.4, 0.1]_topK20__PseudoGold_positive_1_hard_negative_1_seed0_hybrid_loss/ckpt/best_model_14_tensor(0.8800).pt
[2026-07-01 22:55:37] [disk_guard] [DRY-RUN]     would run: b2_push.sh "/data/jehc223/RGCL/logging/Retrieval/ImpliHateVid/RAC_video/RAC_lr0.0001_Bz64_Ep30_cosSim_triplet_drop[0.2, 0.4, 0.1]_topK20__PseudoGold_positive_1_hard_negative_1_seed0_hybrid_loss/ckpt/best_model_14_tensor(0.8800).pt" "logs/Retrieval/ImpliHateVid/RAC_video/RAC_lr0.0001_Bz64_Ep30_cosSim_triplet_drop[0.2, 0.4, 0.1]_topK20__PseudoGold_positive_1_hard_negative_1_seed0_hybrid_loss/ckpt/best_model_14_tensor(0.8800).pt"
[2026-07-01 22:55:37] [disk_guard] [DRY-RUN]     would verify sha1(local) == sha1 at b2:junyi-data/RGCL_video/logs/Retrieval/ImpliHateVid/RAC_video/RAC_lr0.0001_Bz64_Ep30_cosSim_triplet_drop[0.2, 0.4, 0.1]_topK20__PseudoGold_positive_1_hard_negative_1_seed0_hybrid_loss/ckpt/best_model_14_tensor(0.8800).pt
[2026-07-01 22:55:37] [disk_guard] [DRY-RUN]     would rm "/data/jehc223/RGCL/logging/Retrieval/ImpliHateVid/RAC_video/RAC_lr0.0001_Bz64_Ep30_cosSim_triplet_drop[0.2, 0.4, 0.1]_topK20__PseudoGold_positive_1_hard_negative_1_seed0_hybrid_loss/ckpt/best_model_14_tensor(0.8800).pt"  (frees 19.03MB)  IF verify passes
[2026-07-01 22:55:37] [disk_guard] [DRY-RUN]   candidate: /data/jehc223/RGCL/logging/Retrieval/ImpliHateVid/RAC_video/RAC_lr0.0001_Bz64_Ep30_cosSim_triplet_drop[0.2, 0.4, 0.1]_topK20__PseudoGold_positive_1_hard_negative_1_seed0_hybrid_loss/ckpt/best_model_16_tensor(0.9015).pt
[2026-07-01 22:55:37] [disk_guard] [DRY-RUN]     mtime=2026-07-01 20:07:41 size=19.03MB
[2026-07-01 22:55:37] [disk_guard] [DRY-RUN]     -> b2 subpath: logs/Retrieval/ImpliHateVid/RAC_video/RAC_lr0.0001_Bz64_Ep30_cosSim_triplet_drop[0.2, 0.4, 0.1]_topK20__PseudoGold_positive_1_hard_negative_1_seed0_hybrid_loss/ckpt/best_model_16_tensor(0.9015).pt
[2026-07-01 22:55:37] [disk_guard] [DRY-RUN]     would run: b2_push.sh "/data/jehc223/RGCL/logging/Retrieval/ImpliHateVid/RAC_video/RAC_lr0.0001_Bz64_Ep30_cosSim_triplet_drop[0.2, 0.4, 0.1]_topK20__PseudoGold_positive_1_hard_negative_1_seed0_hybrid_loss/ckpt/best_model_16_tensor(0.9015).pt" "logs/Retrieval/ImpliHateVid/RAC_video/RAC_lr0.0001_Bz64_Ep30_cosSim_triplet_drop[0.2, 0.4, 0.1]_topK20__PseudoGold_positive_1_hard_negative_1_seed0_hybrid_loss/ckpt/best_model_16_tensor(0.9015).pt"
[2026-07-01 22:55:37] [disk_guard] [DRY-RUN]     would verify sha1(local) == sha1 at b2:junyi-data/RGCL_video/logs/Retrieval/ImpliHateVid/RAC_video/RAC_lr0.0001_Bz64_Ep30_cosSim_triplet_drop[0.2, 0.4, 0.1]_topK20__PseudoGold_positive_1_hard_negative_1_seed0_hybrid_loss/ckpt/best_model_16_tensor(0.9015).pt
[2026-07-01 22:55:37] [disk_guard] [DRY-RUN]     would rm "/data/jehc223/RGCL/logging/Retrieval/ImpliHateVid/RAC_video/RAC_lr0.0001_Bz64_Ep30_cosSim_triplet_drop[0.2, 0.4, 0.1]_topK20__PseudoGold_positive_1_hard_negative_1_seed0_hybrid_loss/ckpt/best_model_16_tensor(0.9015).pt"  (frees 19.03MB)  IF verify passes
[2026-07-01 22:55:37] [disk_guard] [DRY-RUN]   candidate: /data/jehc223/RGCL/logging/Retrieval/ImpliHateVid/RAC_video/RAC_lr0.0001_Bz64_Ep30_cosSim_triplet_drop[0.2, 0.4, 0.1]_topK20__PseudoGold_positive_1_hard_negative_1_seed0_hybrid_loss/ckpt/best_model_17_tensor(0.9077).pt
[2026-07-01 22:55:37] [disk_guard] [DRY-RUN]     mtime=2026-07-01 20:07:43 size=19.03MB
[2026-07-01 22:55:37] [disk_guard] [DRY-RUN]     -> b2 subpath: logs/Retrieval/ImpliHateVid/RAC_video/RAC_lr0.0001_Bz64_Ep30_cosSim_triplet_drop[0.2, 0.4, 0.1]_topK20__PseudoGold_positive_1_hard_negative_1_seed0_hybrid_loss/ckpt/best_model_17_tensor(0.9077).pt
[2026-07-01 22:55:37] [disk_guard] [DRY-RUN]     would run: b2_push.sh "/data/jehc223/RGCL/logging/Retrieval/ImpliHateVid/RAC_video/RAC_lr0.0001_Bz64_Ep30_cosSim_triplet_drop[0.2, 0.4, 0.1]_topK20__PseudoGold_positive_1_hard_negative_1_seed0_hybrid_loss/ckpt/best_model_17_tensor(0.9077).pt" "logs/Retrieval/ImpliHateVid/RAC_video/RAC_lr0.0001_Bz64_Ep30_cosSim_triplet_drop[0.2, 0.4, 0.1]_topK20__PseudoGold_positive_1_hard_negative_1_seed0_hybrid_loss/ckpt/best_model_17_tensor(0.9077).pt"
[2026-07-01 22:55:37] [disk_guard] [DRY-RUN]     would verify sha1(local) == sha1 at b2:junyi-data/RGCL_video/logs/Retrieval/ImpliHateVid/RAC_video/RAC_lr0.0001_Bz64_Ep30_cosSim_triplet_drop[0.2, 0.4, 0.1]_topK20__PseudoGold_positive_1_hard_negative_1_seed0_hybrid_loss/ckpt/best_model_17_tensor(0.9077).pt
[2026-07-01 22:55:37] [disk_guard] [DRY-RUN]     would rm "/data/jehc223/RGCL/logging/Retrieval/ImpliHateVid/RAC_video/RAC_lr0.0001_Bz64_Ep30_cosSim_triplet_drop[0.2, 0.4, 0.1]_topK20__PseudoGold_positive_1_hard_negative_1_seed0_hybrid_loss/ckpt/best_model_17_tensor(0.9077).pt"  (frees 19.03MB)  IF verify passes
[2026-07-01 22:55:37] [disk_guard] [DRY-RUN]   candidate: /data/jehc223/RGCL/logging/Retrieval/ImpliHateVid/RAC_video/RAC_lr0.0001_Bz64_Ep30_cosSim_triplet_drop[0.2, 0.4, 0.1]_topK20__PseudoGold_positive_1_hard_negative_1_seed0_hybrid_loss/ckpt/best_model_18_tensor(0.9108).pt
[2026-07-01 22:55:37] [disk_guard] [DRY-RUN]     mtime=2026-07-01 20:07:45 size=19.03MB
[2026-07-01 22:55:37] [disk_guard] [DRY-RUN]     -> b2 subpath: logs/Retrieval/ImpliHateVid/RAC_video/RAC_lr0.0001_Bz64_Ep30_cosSim_triplet_drop[0.2, 0.4, 0.1]_topK20__PseudoGold_positive_1_hard_negative_1_seed0_hybrid_loss/ckpt/best_model_18_tensor(0.9108).pt
[2026-07-01 22:55:37] [disk_guard] [DRY-RUN]     would run: b2_push.sh "/data/jehc223/RGCL/logging/Retrieval/ImpliHateVid/RAC_video/RAC_lr0.0001_Bz64_Ep30_cosSim_triplet_drop[0.2, 0.4, 0.1]_topK20__PseudoGold_positive_1_hard_negative_1_seed0_hybrid_loss/ckpt/best_model_18_tensor(0.9108).pt" "logs/Retrieval/ImpliHateVid/RAC_video/RAC_lr0.0001_Bz64_Ep30_cosSim_triplet_drop[0.2, 0.4, 0.1]_topK20__PseudoGold_positive_1_hard_negative_1_seed0_hybrid_loss/ckpt/best_model_18_tensor(0.9108).pt"
[2026-07-01 22:55:37] [disk_guard] [DRY-RUN]     would verify sha1(local) == sha1 at b2:junyi-data/RGCL_video/logs/Retrieval/ImpliHateVid/RAC_video/RAC_lr0.0001_Bz64_Ep30_cosSim_triplet_drop[0.2, 0.4, 0.1]_topK20__PseudoGold_positive_1_hard_negative_1_seed0_hybrid_loss/ckpt/best_model_18_tensor(0.9108).pt
[2026-07-01 22:55:37] [disk_guard] [DRY-RUN]     would rm "/data/jehc223/RGCL/logging/Retrieval/ImpliHateVid/RAC_video/RAC_lr0.0001_Bz64_Ep30_cosSim_triplet_drop[0.2, 0.4, 0.1]_topK20__PseudoGold_positive_1_hard_negative_1_seed0_hybrid_loss/ckpt/best_model_18_tensor(0.9108).pt"  (frees 19.03MB)  IF verify passes
[2026-07-01 22:55:37] [disk_guard] [DRY-RUN]   candidate: /data/jehc223/RGCL/logging/Retrieval/HateMM/RAC_video/RAC_lr0.0001_Bz64_Ep30_cosSim_triplet_drop[0.2, 0.4, 0.1]_topK20__PseudoGold_positive_1_hard_negative_1_seed0_hybrid_loss/ckpt/best_model_0_0.7476635514018691.pt
[2026-07-01 22:55:37] [disk_guard] [DRY-RUN]     mtime=2026-07-01 22:50:22 size=19.03MB
[2026-07-01 22:55:37] [disk_guard] [DRY-RUN]     -> b2 subpath: logs/Retrieval/HateMM/RAC_video/RAC_lr0.0001_Bz64_Ep30_cosSim_triplet_drop[0.2, 0.4, 0.1]_topK20__PseudoGold_positive_1_hard_negative_1_seed0_hybrid_loss/ckpt/best_model_0_0.7476635514018691.pt
[2026-07-01 22:55:37] [disk_guard] [DRY-RUN]     would run: b2_push.sh "/data/jehc223/RGCL/logging/Retrieval/HateMM/RAC_video/RAC_lr0.0001_Bz64_Ep30_cosSim_triplet_drop[0.2, 0.4, 0.1]_topK20__PseudoGold_positive_1_hard_negative_1_seed0_hybrid_loss/ckpt/best_model_0_0.7476635514018691.pt" "logs/Retrieval/HateMM/RAC_video/RAC_lr0.0001_Bz64_Ep30_cosSim_triplet_drop[0.2, 0.4, 0.1]_topK20__PseudoGold_positive_1_hard_negative_1_seed0_hybrid_loss/ckpt/best_model_0_0.7476635514018691.pt"
[2026-07-01 22:55:37] [disk_guard] [DRY-RUN]     would verify sha1(local) == sha1 at b2:junyi-data/RGCL_video/logs/Retrieval/HateMM/RAC_video/RAC_lr0.0001_Bz64_Ep30_cosSim_triplet_drop[0.2, 0.4, 0.1]_topK20__PseudoGold_positive_1_hard_negative_1_seed0_hybrid_loss/ckpt/best_model_0_0.7476635514018691.pt
[2026-07-01 22:55:37] [disk_guard] [DRY-RUN]     would rm "/data/jehc223/RGCL/logging/Retrieval/HateMM/RAC_video/RAC_lr0.0001_Bz64_Ep30_cosSim_triplet_drop[0.2, 0.4, 0.1]_topK20__PseudoGold_positive_1_hard_negative_1_seed0_hybrid_loss/ckpt/best_model_0_0.7476635514018691.pt"  (frees 19.03MB)  IF verify passes
[2026-07-01 22:55:37] [disk_guard] [DRY-RUN]   candidate: /data/jehc223/RGCL/logging/Retrieval/HateMM/RAC_video/RAC_lr0.0001_Bz64_Ep30_cosSim_triplet_drop[0.2, 0.4, 0.1]_topK20__PseudoGold_positive_1_hard_negative_1_seed0_hybrid_loss/ckpt/best_model_1_0.7757009345794392.pt
[2026-07-01 22:55:37] [disk_guard] [DRY-RUN]     mtime=2026-07-01 22:50:23 size=19.03MB
[2026-07-01 22:55:37] [disk_guard] [DRY-RUN]     -> b2 subpath: logs/Retrieval/HateMM/RAC_video/RAC_lr0.0001_Bz64_Ep30_cosSim_triplet_drop[0.2, 0.4, 0.1]_topK20__PseudoGold_positive_1_hard_negative_1_seed0_hybrid_loss/ckpt/best_model_1_0.7757009345794392.pt
[2026-07-01 22:55:37] [disk_guard] [DRY-RUN]     would run: b2_push.sh "/data/jehc223/RGCL/logging/Retrieval/HateMM/RAC_video/RAC_lr0.0001_Bz64_Ep30_cosSim_triplet_drop[0.2, 0.4, 0.1]_topK20__PseudoGold_positive_1_hard_negative_1_seed0_hybrid_loss/ckpt/best_model_1_0.7757009345794392.pt" "logs/Retrieval/HateMM/RAC_video/RAC_lr0.0001_Bz64_Ep30_cosSim_triplet_drop[0.2, 0.4, 0.1]_topK20__PseudoGold_positive_1_hard_negative_1_seed0_hybrid_loss/ckpt/best_model_1_0.7757009345794392.pt"
[2026-07-01 22:55:37] [disk_guard] [DRY-RUN]     would verify sha1(local) == sha1 at b2:junyi-data/RGCL_video/logs/Retrieval/HateMM/RAC_video/RAC_lr0.0001_Bz64_Ep30_cosSim_triplet_drop[0.2, 0.4, 0.1]_topK20__PseudoGold_positive_1_hard_negative_1_seed0_hybrid_loss/ckpt/best_model_1_0.7757009345794392.pt
[2026-07-01 22:55:37] [disk_guard] [DRY-RUN]     would rm "/data/jehc223/RGCL/logging/Retrieval/HateMM/RAC_video/RAC_lr0.0001_Bz64_Ep30_cosSim_triplet_drop[0.2, 0.4, 0.1]_topK20__PseudoGold_positive_1_hard_negative_1_seed0_hybrid_loss/ckpt/best_model_1_0.7757009345794392.pt"  (frees 19.03MB)  IF verify passes
[2026-07-01 22:55:38] [disk_guard] [DRY-RUN]   candidate: /data/jehc223/RGCL/logging/Retrieval/HateMM/RAC_video/RAC_lr0.0001_Bz64_Ep30_cosSim_triplet_drop[0.2, 0.4, 0.1]_topK20__PseudoGold_positive_1_hard_negative_1_seed0_hybrid_loss/ckpt/best_model_3_0.794392523364486.pt
[2026-07-01 22:55:38] [disk_guard] [DRY-RUN]     mtime=2026-07-01 22:50:24 size=19.03MB
[2026-07-01 22:55:38] [disk_guard] [DRY-RUN]     -> b2 subpath: logs/Retrieval/HateMM/RAC_video/RAC_lr0.0001_Bz64_Ep30_cosSim_triplet_drop[0.2, 0.4, 0.1]_topK20__PseudoGold_positive_1_hard_negative_1_seed0_hybrid_loss/ckpt/best_model_3_0.794392523364486.pt
[2026-07-01 22:55:38] [disk_guard] [DRY-RUN]     would run: b2_push.sh "/data/jehc223/RGCL/logging/Retrieval/HateMM/RAC_video/RAC_lr0.0001_Bz64_Ep30_cosSim_triplet_drop[0.2, 0.4, 0.1]_topK20__PseudoGold_positive_1_hard_negative_1_seed0_hybrid_loss/ckpt/best_model_3_0.794392523364486.pt" "logs/Retrieval/HateMM/RAC_video/RAC_lr0.0001_Bz64_Ep30_cosSim_triplet_drop[0.2, 0.4, 0.1]_topK20__PseudoGold_positive_1_hard_negative_1_seed0_hybrid_loss/ckpt/best_model_3_0.794392523364486.pt"
[2026-07-01 22:55:38] [disk_guard] [DRY-RUN]     would verify sha1(local) == sha1 at b2:junyi-data/RGCL_video/logs/Retrieval/HateMM/RAC_video/RAC_lr0.0001_Bz64_Ep30_cosSim_triplet_drop[0.2, 0.4, 0.1]_topK20__PseudoGold_positive_1_hard_negative_1_seed0_hybrid_loss/ckpt/best_model_3_0.794392523364486.pt
[2026-07-01 22:55:38] [disk_guard] [DRY-RUN]     would rm "/data/jehc223/RGCL/logging/Retrieval/HateMM/RAC_video/RAC_lr0.0001_Bz64_Ep30_cosSim_triplet_drop[0.2, 0.4, 0.1]_topK20__PseudoGold_positive_1_hard_negative_1_seed0_hybrid_loss/ckpt/best_model_3_0.794392523364486.pt"  (frees 19.03MB)  IF verify passes
[2026-07-01 22:55:38] [disk_guard] [DRY-RUN]   candidate: /data/jehc223/RGCL/logging/Retrieval/HateMM/RAC_video/RAC_lr0.0001_Bz64_Ep30_cosSim_triplet_drop[0.2, 0.4, 0.1]_topK20__PseudoGold_positive_1_hard_negative_1_seed0_hybrid_loss/ckpt/best_model_4_0.8037383177570093.pt
[2026-07-01 22:55:38] [disk_guard] [DRY-RUN]     mtime=2026-07-01 22:50:25 size=19.03MB
[2026-07-01 22:55:38] [disk_guard] [DRY-RUN]     -> b2 subpath: logs/Retrieval/HateMM/RAC_video/RAC_lr0.0001_Bz64_Ep30_cosSim_triplet_drop[0.2, 0.4, 0.1]_topK20__PseudoGold_positive_1_hard_negative_1_seed0_hybrid_loss/ckpt/best_model_4_0.8037383177570093.pt
[2026-07-01 22:55:38] [disk_guard] [DRY-RUN]     would run: b2_push.sh "/data/jehc223/RGCL/logging/Retrieval/HateMM/RAC_video/RAC_lr0.0001_Bz64_Ep30_cosSim_triplet_drop[0.2, 0.4, 0.1]_topK20__PseudoGold_positive_1_hard_negative_1_seed0_hybrid_loss/ckpt/best_model_4_0.8037383177570093.pt" "logs/Retrieval/HateMM/RAC_video/RAC_lr0.0001_Bz64_Ep30_cosSim_triplet_drop[0.2, 0.4, 0.1]_topK20__PseudoGold_positive_1_hard_negative_1_seed0_hybrid_loss/ckpt/best_model_4_0.8037383177570093.pt"
[2026-07-01 22:55:38] [disk_guard] [DRY-RUN]     would verify sha1(local) == sha1 at b2:junyi-data/RGCL_video/logs/Retrieval/HateMM/RAC_video/RAC_lr0.0001_Bz64_Ep30_cosSim_triplet_drop[0.2, 0.4, 0.1]_topK20__PseudoGold_positive_1_hard_negative_1_seed0_hybrid_loss/ckpt/best_model_4_0.8037383177570093.pt
[2026-07-01 22:55:38] [disk_guard] [DRY-RUN]     would rm "/data/jehc223/RGCL/logging/Retrieval/HateMM/RAC_video/RAC_lr0.0001_Bz64_Ep30_cosSim_triplet_drop[0.2, 0.4, 0.1]_topK20__PseudoGold_positive_1_hard_negative_1_seed0_hybrid_loss/ckpt/best_model_4_0.8037383177570093.pt"  (frees 19.03MB)  IF verify passes
[2026-07-01 22:55:38] [disk_guard] [DRY-RUN]   candidate: /data/jehc223/RGCL/logging/Retrieval/HateMM/RAC_video/RAC_lr0.0001_Bz64_Ep30_cosSim_triplet_drop[0.2, 0.4, 0.1]_topK20__PseudoGold_positive_1_hard_negative_1_seed0_hybrid_loss/ckpt/best_model_9_0.8130841121495327.pt
[2026-07-01 22:55:38] [disk_guard] [DRY-RUN]     mtime=2026-07-01 22:50:29 size=19.03MB
[2026-07-01 22:55:38] [disk_guard] [DRY-RUN]     -> b2 subpath: logs/Retrieval/HateMM/RAC_video/RAC_lr0.0001_Bz64_Ep30_cosSim_triplet_drop[0.2, 0.4, 0.1]_topK20__PseudoGold_positive_1_hard_negative_1_seed0_hybrid_loss/ckpt/best_model_9_0.8130841121495327.pt
[2026-07-01 22:55:38] [disk_guard] [DRY-RUN]     would run: b2_push.sh "/data/jehc223/RGCL/logging/Retrieval/HateMM/RAC_video/RAC_lr0.0001_Bz64_Ep30_cosSim_triplet_drop[0.2, 0.4, 0.1]_topK20__PseudoGold_positive_1_hard_negative_1_seed0_hybrid_loss/ckpt/best_model_9_0.8130841121495327.pt" "logs/Retrieval/HateMM/RAC_video/RAC_lr0.0001_Bz64_Ep30_cosSim_triplet_drop[0.2, 0.4, 0.1]_topK20__PseudoGold_positive_1_hard_negative_1_seed0_hybrid_loss/ckpt/best_model_9_0.8130841121495327.pt"
[2026-07-01 22:55:38] [disk_guard] [DRY-RUN]     would verify sha1(local) == sha1 at b2:junyi-data/RGCL_video/logs/Retrieval/HateMM/RAC_video/RAC_lr0.0001_Bz64_Ep30_cosSim_triplet_drop[0.2, 0.4, 0.1]_topK20__PseudoGold_positive_1_hard_negative_1_seed0_hybrid_loss/ckpt/best_model_9_0.8130841121495327.pt
[2026-07-01 22:55:38] [disk_guard] [DRY-RUN]     would rm "/data/jehc223/RGCL/logging/Retrieval/HateMM/RAC_video/RAC_lr0.0001_Bz64_Ep30_cosSim_triplet_drop[0.2, 0.4, 0.1]_topK20__PseudoGold_positive_1_hard_negative_1_seed0_hybrid_loss/ckpt/best_model_9_0.8130841121495327.pt"  (frees 19.03MB)  IF verify passes
[2026-07-01 22:55:38] [disk_guard] [DRY-RUN]   candidate: /data/jehc223/RGCL/logging/Retrieval/HateMM/RAC_video/RAC_lr0.0001_Bz64_Ep30_cosSim_triplet_drop[0.2, 0.4, 0.1]_topK20__PseudoGold_positive_1_hard_negative_1_seed0_hybrid_loss/ckpt/best_model_20_0.8130841121495327.pt
[2026-07-01 22:55:38] [disk_guard] [DRY-RUN]     mtime=2026-07-01 22:50:38 size=19.03MB
[2026-07-01 22:55:38] [disk_guard] [DRY-RUN]     -> b2 subpath: logs/Retrieval/HateMM/RAC_video/RAC_lr0.0001_Bz64_Ep30_cosSim_triplet_drop[0.2, 0.4, 0.1]_topK20__PseudoGold_positive_1_hard_negative_1_seed0_hybrid_loss/ckpt/best_model_20_0.8130841121495327.pt
[2026-07-01 22:55:38] [disk_guard] [DRY-RUN]     would run: b2_push.sh "/data/jehc223/RGCL/logging/Retrieval/HateMM/RAC_video/RAC_lr0.0001_Bz64_Ep30_cosSim_triplet_drop[0.2, 0.4, 0.1]_topK20__PseudoGold_positive_1_hard_negative_1_seed0_hybrid_loss/ckpt/best_model_20_0.8130841121495327.pt" "logs/Retrieval/HateMM/RAC_video/RAC_lr0.0001_Bz64_Ep30_cosSim_triplet_drop[0.2, 0.4, 0.1]_topK20__PseudoGold_positive_1_hard_negative_1_seed0_hybrid_loss/ckpt/best_model_20_0.8130841121495327.pt"
[2026-07-01 22:55:38] [disk_guard] [DRY-RUN]     would verify sha1(local) == sha1 at b2:junyi-data/RGCL_video/logs/Retrieval/HateMM/RAC_video/RAC_lr0.0001_Bz64_Ep30_cosSim_triplet_drop[0.2, 0.4, 0.1]_topK20__PseudoGold_positive_1_hard_negative_1_seed0_hybrid_loss/ckpt/best_model_20_0.8130841121495327.pt
[2026-07-01 22:55:38] [disk_guard] [DRY-RUN]     would rm "/data/jehc223/RGCL/logging/Retrieval/HateMM/RAC_video/RAC_lr0.0001_Bz64_Ep30_cosSim_triplet_drop[0.2, 0.4, 0.1]_topK20__PseudoGold_positive_1_hard_negative_1_seed0_hybrid_loss/ckpt/best_model_20_0.8130841121495327.pt"  (frees 19.03MB)  IF verify passes
[2026-07-01 22:55:38] [disk_guard] [DRY-RUN]   candidate: /data/jehc223/RGCL/logging/Retrieval/HateMM/RAC_video/RAC_lr0.0001_Bz64_Ep30_cosSim_triplet_drop[0.2, 0.4, 0.1]_topK20__PseudoGold_positive_1_hard_negative_1_seed0_hybrid_loss/ckpt/best_model_21_0.8317757009345794.pt
[2026-07-01 22:55:38] [disk_guard] [DRY-RUN]     mtime=2026-07-01 22:50:39 size=19.03MB
[2026-07-01 22:55:38] [disk_guard] [DRY-RUN]     -> b2 subpath: logs/Retrieval/HateMM/RAC_video/RAC_lr0.0001_Bz64_Ep30_cosSim_triplet_drop[0.2, 0.4, 0.1]_topK20__PseudoGold_positive_1_hard_negative_1_seed0_hybrid_loss/ckpt/best_model_21_0.8317757009345794.pt
[2026-07-01 22:55:38] [disk_guard] [DRY-RUN]     would run: b2_push.sh "/data/jehc223/RGCL/logging/Retrieval/HateMM/RAC_video/RAC_lr0.0001_Bz64_Ep30_cosSim_triplet_drop[0.2, 0.4, 0.1]_topK20__PseudoGold_positive_1_hard_negative_1_seed0_hybrid_loss/ckpt/best_model_21_0.8317757009345794.pt" "logs/Retrieval/HateMM/RAC_video/RAC_lr0.0001_Bz64_Ep30_cosSim_triplet_drop[0.2, 0.4, 0.1]_topK20__PseudoGold_positive_1_hard_negative_1_seed0_hybrid_loss/ckpt/best_model_21_0.8317757009345794.pt"
[2026-07-01 22:55:38] [disk_guard] [DRY-RUN]     would verify sha1(local) == sha1 at b2:junyi-data/RGCL_video/logs/Retrieval/HateMM/RAC_video/RAC_lr0.0001_Bz64_Ep30_cosSim_triplet_drop[0.2, 0.4, 0.1]_topK20__PseudoGold_positive_1_hard_negative_1_seed0_hybrid_loss/ckpt/best_model_21_0.8317757009345794.pt
[2026-07-01 22:55:38] [disk_guard] [DRY-RUN]     would rm "/data/jehc223/RGCL/logging/Retrieval/HateMM/RAC_video/RAC_lr0.0001_Bz64_Ep30_cosSim_triplet_drop[0.2, 0.4, 0.1]_topK20__PseudoGold_positive_1_hard_negative_1_seed0_hybrid_loss/ckpt/best_model_21_0.8317757009345794.pt"  (frees 19.03MB)  IF verify passes
[2026-07-01 22:55:38] [disk_guard] [DRY-RUN]   candidate: /data/jehc223/RGCL/logging/Retrieval/HateMM/RAC_video/RAC_lr0.0001_Bz64_Ep30_cosSim_triplet_drop[0.2, 0.4, 0.1]_topK20__PseudoGold_positive_1_hard_negative_1_seed0_hybrid_loss/ckpt/best_model_22_0.8317757009345794.pt
[2026-07-01 22:55:38] [disk_guard] [DRY-RUN]     mtime=2026-07-01 22:50:40 size=19.03MB
[2026-07-01 22:55:38] [disk_guard] [DRY-RUN]     -> b2 subpath: logs/Retrieval/HateMM/RAC_video/RAC_lr0.0001_Bz64_Ep30_cosSim_triplet_drop[0.2, 0.4, 0.1]_topK20__PseudoGold_positive_1_hard_negative_1_seed0_hybrid_loss/ckpt/best_model_22_0.8317757009345794.pt
[2026-07-01 22:55:38] [disk_guard] [DRY-RUN]     would run: b2_push.sh "/data/jehc223/RGCL/logging/Retrieval/HateMM/RAC_video/RAC_lr0.0001_Bz64_Ep30_cosSim_triplet_drop[0.2, 0.4, 0.1]_topK20__PseudoGold_positive_1_hard_negative_1_seed0_hybrid_loss/ckpt/best_model_22_0.8317757009345794.pt" "logs/Retrieval/HateMM/RAC_video/RAC_lr0.0001_Bz64_Ep30_cosSim_triplet_drop[0.2, 0.4, 0.1]_topK20__PseudoGold_positive_1_hard_negative_1_seed0_hybrid_loss/ckpt/best_model_22_0.8317757009345794.pt"
[2026-07-01 22:55:38] [disk_guard] [DRY-RUN]     would verify sha1(local) == sha1 at b2:junyi-data/RGCL_video/logs/Retrieval/HateMM/RAC_video/RAC_lr0.0001_Bz64_Ep30_cosSim_triplet_drop[0.2, 0.4, 0.1]_topK20__PseudoGold_positive_1_hard_negative_1_seed0_hybrid_loss/ckpt/best_model_22_0.8317757009345794.pt
[2026-07-01 22:55:38] [disk_guard] [DRY-RUN]     would rm "/data/jehc223/RGCL/logging/Retrieval/HateMM/RAC_video/RAC_lr0.0001_Bz64_Ep30_cosSim_triplet_drop[0.2, 0.4, 0.1]_topK20__PseudoGold_positive_1_hard_negative_1_seed0_hybrid_loss/ckpt/best_model_22_0.8317757009345794.pt"  (frees 19.03MB)  IF verify passes
[2026-07-01 22:55:38] [disk_guard] [DRY-RUN]   candidate: /data/jehc223/RGCL/logging/Retrieval/HateMM/RAC_video/RAC_lr0.0001_Bz64_Ep30_cosSim_triplet_drop[0.2, 0.4, 0.1]_topK20__PseudoGold_positive_1_hard_negative_1_seed0_hybrid_loss/ckpt/best_model_24_0.8411214953271028.pt
[2026-07-01 22:55:38] [disk_guard] [DRY-RUN]     mtime=2026-07-01 22:50:42 size=19.03MB
[2026-07-01 22:55:38] [disk_guard] [DRY-RUN]     -> b2 subpath: logs/Retrieval/HateMM/RAC_video/RAC_lr0.0001_Bz64_Ep30_cosSim_triplet_drop[0.2, 0.4, 0.1]_topK20__PseudoGold_positive_1_hard_negative_1_seed0_hybrid_loss/ckpt/best_model_24_0.8411214953271028.pt
[2026-07-01 22:55:38] [disk_guard] [DRY-RUN]     would run: b2_push.sh "/data/jehc223/RGCL/logging/Retrieval/HateMM/RAC_video/RAC_lr0.0001_Bz64_Ep30_cosSim_triplet_drop[0.2, 0.4, 0.1]_topK20__PseudoGold_positive_1_hard_negative_1_seed0_hybrid_loss/ckpt/best_model_24_0.8411214953271028.pt" "logs/Retrieval/HateMM/RAC_video/RAC_lr0.0001_Bz64_Ep30_cosSim_triplet_drop[0.2, 0.4, 0.1]_topK20__PseudoGold_positive_1_hard_negative_1_seed0_hybrid_loss/ckpt/best_model_24_0.8411214953271028.pt"
[2026-07-01 22:55:38] [disk_guard] [DRY-RUN]     would verify sha1(local) == sha1 at b2:junyi-data/RGCL_video/logs/Retrieval/HateMM/RAC_video/RAC_lr0.0001_Bz64_Ep30_cosSim_triplet_drop[0.2, 0.4, 0.1]_topK20__PseudoGold_positive_1_hard_negative_1_seed0_hybrid_loss/ckpt/best_model_24_0.8411214953271028.pt
[2026-07-01 22:55:38] [disk_guard] [DRY-RUN]     would rm "/data/jehc223/RGCL/logging/Retrieval/HateMM/RAC_video/RAC_lr0.0001_Bz64_Ep30_cosSim_triplet_drop[0.2, 0.4, 0.1]_topK20__PseudoGold_positive_1_hard_negative_1_seed0_hybrid_loss/ckpt/best_model_24_0.8411214953271028.pt"  (frees 19.03MB)  IF verify passes
[2026-07-01 22:55:38] [disk_guard] [DRY-RUN]   candidate: /data/jehc223/RGCL/logging/Retrieval/HateMM/RAC_video/RAC_lr0.0001_Bz64_Ep30_cosSim_triplet_drop[0.2, 0.4, 0.1]_topK20__PseudoGold_positive_1_hard_negative_1_seed0_hybrid_loss/ckpt/last_model_29_0.794392523364486.pt
[2026-07-01 22:55:38] [disk_guard] [DRY-RUN]     mtime=2026-07-01 22:50:47 size=19.03MB
[2026-07-01 22:55:38] [disk_guard] [DRY-RUN]     -> b2 subpath: logs/Retrieval/HateMM/RAC_video/RAC_lr0.0001_Bz64_Ep30_cosSim_triplet_drop[0.2, 0.4, 0.1]_topK20__PseudoGold_positive_1_hard_negative_1_seed0_hybrid_loss/ckpt/last_model_29_0.794392523364486.pt
[2026-07-01 22:55:38] [disk_guard] [DRY-RUN]     would run: b2_push.sh "/data/jehc223/RGCL/logging/Retrieval/HateMM/RAC_video/RAC_lr0.0001_Bz64_Ep30_cosSim_triplet_drop[0.2, 0.4, 0.1]_topK20__PseudoGold_positive_1_hard_negative_1_seed0_hybrid_loss/ckpt/last_model_29_0.794392523364486.pt" "logs/Retrieval/HateMM/RAC_video/RAC_lr0.0001_Bz64_Ep30_cosSim_triplet_drop[0.2, 0.4, 0.1]_topK20__PseudoGold_positive_1_hard_negative_1_seed0_hybrid_loss/ckpt/last_model_29_0.794392523364486.pt"
[2026-07-01 22:55:38] [disk_guard] [DRY-RUN]     would verify sha1(local) == sha1 at b2:junyi-data/RGCL_video/logs/Retrieval/HateMM/RAC_video/RAC_lr0.0001_Bz64_Ep30_cosSim_triplet_drop[0.2, 0.4, 0.1]_topK20__PseudoGold_positive_1_hard_negative_1_seed0_hybrid_loss/ckpt/last_model_29_0.794392523364486.pt
[2026-07-01 22:55:38] [disk_guard] [DRY-RUN]     would rm "/data/jehc223/RGCL/logging/Retrieval/HateMM/RAC_video/RAC_lr0.0001_Bz64_Ep30_cosSim_triplet_drop[0.2, 0.4, 0.1]_topK20__PseudoGold_positive_1_hard_negative_1_seed0_hybrid_loss/ckpt/last_model_29_0.794392523364486.pt"  (frees 19.03MB)  IF verify passes
[2026-07-01 22:55:38] [disk_guard] [DRY-RUN]   candidate: /data/jehc223/RGCL/logging/Retrieval/MHC/RAC_video/RAC_lr0.0001_Bz64_Ep30_cosSim_triplet_drop[0.2, 0.4, 0.1]_topK20__PseudoGold_positive_1_hard_negative_1_seed0_hybrid_loss/ckpt/best_model_0_0.75.pt
[2026-07-01 22:55:38] [disk_guard] [DRY-RUN]     mtime=2026-07-01 22:51:12 size=19.03MB
[2026-07-01 22:55:38] [disk_guard] [DRY-RUN]     -> b2 subpath: logs/Retrieval/MHC/RAC_video/RAC_lr0.0001_Bz64_Ep30_cosSim_triplet_drop[0.2, 0.4, 0.1]_topK20__PseudoGold_positive_1_hard_negative_1_seed0_hybrid_loss/ckpt/best_model_0_0.75.pt
[2026-07-01 22:55:38] [disk_guard] [DRY-RUN]     would run: b2_push.sh "/data/jehc223/RGCL/logging/Retrieval/MHC/RAC_video/RAC_lr0.0001_Bz64_Ep30_cosSim_triplet_drop[0.2, 0.4, 0.1]_topK20__PseudoGold_positive_1_hard_negative_1_seed0_hybrid_loss/ckpt/best_model_0_0.75.pt" "logs/Retrieval/MHC/RAC_video/RAC_lr0.0001_Bz64_Ep30_cosSim_triplet_drop[0.2, 0.4, 0.1]_topK20__PseudoGold_positive_1_hard_negative_1_seed0_hybrid_loss/ckpt/best_model_0_0.75.pt"
[2026-07-01 22:55:38] [disk_guard] [DRY-RUN]     would verify sha1(local) == sha1 at b2:junyi-data/RGCL_video/logs/Retrieval/MHC/RAC_video/RAC_lr0.0001_Bz64_Ep30_cosSim_triplet_drop[0.2, 0.4, 0.1]_topK20__PseudoGold_positive_1_hard_negative_1_seed0_hybrid_loss/ckpt/best_model_0_0.75.pt
[2026-07-01 22:55:38] [disk_guard] [DRY-RUN]     would rm "/data/jehc223/RGCL/logging/Retrieval/MHC/RAC_video/RAC_lr0.0001_Bz64_Ep30_cosSim_triplet_drop[0.2, 0.4, 0.1]_topK20__PseudoGold_positive_1_hard_negative_1_seed0_hybrid_loss/ckpt/best_model_0_0.75.pt"  (frees 19.03MB)  IF verify passes
[2026-07-01 22:55:38] [disk_guard] [DRY-RUN]   candidate: /data/jehc223/RGCL/logging/Retrieval/MHC/RAC_video/RAC_lr0.0001_Bz64_Ep30_cosSim_triplet_drop[0.2, 0.4, 0.1]_topK20__PseudoGold_positive_1_hard_negative_1_seed0_hybrid_loss/ckpt/best_model_17_0.775.pt
[2026-07-01 22:55:38] [disk_guard] [DRY-RUN]     mtime=2026-07-01 22:51:22 size=19.03MB
[2026-07-01 22:55:38] [disk_guard] [DRY-RUN]     -> b2 subpath: logs/Retrieval/MHC/RAC_video/RAC_lr0.0001_Bz64_Ep30_cosSim_triplet_drop[0.2, 0.4, 0.1]_topK20__PseudoGold_positive_1_hard_negative_1_seed0_hybrid_loss/ckpt/best_model_17_0.775.pt
[2026-07-01 22:55:38] [disk_guard] [DRY-RUN]     would run: b2_push.sh "/data/jehc223/RGCL/logging/Retrieval/MHC/RAC_video/RAC_lr0.0001_Bz64_Ep30_cosSim_triplet_drop[0.2, 0.4, 0.1]_topK20__PseudoGold_positive_1_hard_negative_1_seed0_hybrid_loss/ckpt/best_model_17_0.775.pt" "logs/Retrieval/MHC/RAC_video/RAC_lr0.0001_Bz64_Ep30_cosSim_triplet_drop[0.2, 0.4, 0.1]_topK20__PseudoGold_positive_1_hard_negative_1_seed0_hybrid_loss/ckpt/best_model_17_0.775.pt"
[2026-07-01 22:55:38] [disk_guard] [DRY-RUN]     would verify sha1(local) == sha1 at b2:junyi-data/RGCL_video/logs/Retrieval/MHC/RAC_video/RAC_lr0.0001_Bz64_Ep30_cosSim_triplet_drop[0.2, 0.4, 0.1]_topK20__PseudoGold_positive_1_hard_negative_1_seed0_hybrid_loss/ckpt/best_model_17_0.775.pt
[2026-07-01 22:55:38] [disk_guard] [DRY-RUN]     would rm "/data/jehc223/RGCL/logging/Retrieval/MHC/RAC_video/RAC_lr0.0001_Bz64_Ep30_cosSim_triplet_drop[0.2, 0.4, 0.1]_topK20__PseudoGold_positive_1_hard_negative_1_seed0_hybrid_loss/ckpt/best_model_17_0.775.pt"  (frees 19.03MB)  IF verify passes
[2026-07-01 22:55:38] [disk_guard] [DRY-RUN]   candidate: /data/jehc223/RGCL/logging/Retrieval/MHC/RAC_video/RAC_lr0.0001_Bz64_Ep30_cosSim_triplet_drop[0.2, 0.4, 0.1]_topK20__PseudoGold_positive_1_hard_negative_1_seed0_hybrid_loss/ckpt/best_model_18_0.7875.pt
[2026-07-01 22:55:38] [disk_guard] [DRY-RUN]     mtime=2026-07-01 22:51:22 size=19.03MB
[2026-07-01 22:55:38] [disk_guard] [DRY-RUN]     -> b2 subpath: logs/Retrieval/MHC/RAC_video/RAC_lr0.0001_Bz64_Ep30_cosSim_triplet_drop[0.2, 0.4, 0.1]_topK20__PseudoGold_positive_1_hard_negative_1_seed0_hybrid_loss/ckpt/best_model_18_0.7875.pt
[2026-07-01 22:55:38] [disk_guard] [DRY-RUN]     would run: b2_push.sh "/data/jehc223/RGCL/logging/Retrieval/MHC/RAC_video/RAC_lr0.0001_Bz64_Ep30_cosSim_triplet_drop[0.2, 0.4, 0.1]_topK20__PseudoGold_positive_1_hard_negative_1_seed0_hybrid_loss/ckpt/best_model_18_0.7875.pt" "logs/Retrieval/MHC/RAC_video/RAC_lr0.0001_Bz64_Ep30_cosSim_triplet_drop[0.2, 0.4, 0.1]_topK20__PseudoGold_positive_1_hard_negative_1_seed0_hybrid_loss/ckpt/best_model_18_0.7875.pt"
[2026-07-01 22:55:38] [disk_guard] [DRY-RUN]     would verify sha1(local) == sha1 at b2:junyi-data/RGCL_video/logs/Retrieval/MHC/RAC_video/RAC_lr0.0001_Bz64_Ep30_cosSim_triplet_drop[0.2, 0.4, 0.1]_topK20__PseudoGold_positive_1_hard_negative_1_seed0_hybrid_loss/ckpt/best_model_18_0.7875.pt
[2026-07-01 22:55:38] [disk_guard] [DRY-RUN]     would rm "/data/jehc223/RGCL/logging/Retrieval/MHC/RAC_video/RAC_lr0.0001_Bz64_Ep30_cosSim_triplet_drop[0.2, 0.4, 0.1]_topK20__PseudoGold_positive_1_hard_negative_1_seed0_hybrid_loss/ckpt/best_model_18_0.7875.pt"  (frees 19.03MB)  IF verify passes
[2026-07-01 22:55:38] [disk_guard] [DRY-RUN]   candidate: /data/jehc223/RGCL/logging/Retrieval/MHC/RAC_video/RAC_lr0.0001_Bz64_Ep30_cosSim_triplet_drop[0.2, 0.4, 0.1]_topK20__PseudoGold_positive_1_hard_negative_1_seed0_hybrid_loss/ckpt/last_model_29_0.75.pt
[2026-07-01 22:55:38] [disk_guard] [DRY-RUN]     mtime=2026-07-01 22:51:30 size=19.03MB
[2026-07-01 22:55:38] [disk_guard] [DRY-RUN]     -> b2 subpath: logs/Retrieval/MHC/RAC_video/RAC_lr0.0001_Bz64_Ep30_cosSim_triplet_drop[0.2, 0.4, 0.1]_topK20__PseudoGold_positive_1_hard_negative_1_seed0_hybrid_loss/ckpt/last_model_29_0.75.pt
[2026-07-01 22:55:38] [disk_guard] [DRY-RUN]     would run: b2_push.sh "/data/jehc223/RGCL/logging/Retrieval/MHC/RAC_video/RAC_lr0.0001_Bz64_Ep30_cosSim_triplet_drop[0.2, 0.4, 0.1]_topK20__PseudoGold_positive_1_hard_negative_1_seed0_hybrid_loss/ckpt/last_model_29_0.75.pt" "logs/Retrieval/MHC/RAC_video/RAC_lr0.0001_Bz64_Ep30_cosSim_triplet_drop[0.2, 0.4, 0.1]_topK20__PseudoGold_positive_1_hard_negative_1_seed0_hybrid_loss/ckpt/last_model_29_0.75.pt"
[2026-07-01 22:55:38] [disk_guard] [DRY-RUN]     would verify sha1(local) == sha1 at b2:junyi-data/RGCL_video/logs/Retrieval/MHC/RAC_video/RAC_lr0.0001_Bz64_Ep30_cosSim_triplet_drop[0.2, 0.4, 0.1]_topK20__PseudoGold_positive_1_hard_negative_1_seed0_hybrid_loss/ckpt/last_model_29_0.75.pt
[2026-07-01 22:55:38] [disk_guard] [DRY-RUN]     would rm "/data/jehc223/RGCL/logging/Retrieval/MHC/RAC_video/RAC_lr0.0001_Bz64_Ep30_cosSim_triplet_drop[0.2, 0.4, 0.1]_topK20__PseudoGold_positive_1_hard_negative_1_seed0_hybrid_loss/ckpt/last_model_29_0.75.pt"  (frees 19.03MB)  IF verify passes
[2026-07-01 22:55:38] [disk_guard] [DRY-RUN]   candidate: /data/jehc223/RGCL/logging/Retrieval/MHC_zh/RAC_video/RAC_lr0.0001_Bz64_Ep30_cosSim_triplet_drop[0.2, 0.4, 0.1]_topK20__PseudoGold_positive_1_hard_negative_1_seed0_hybrid_loss/ckpt/best_model_0_0.7435897435897436.pt
[2026-07-01 22:55:38] [disk_guard] [DRY-RUN]     mtime=2026-07-01 22:52:03 size=19.03MB
[2026-07-01 22:55:38] [disk_guard] [DRY-RUN]     -> b2 subpath: logs/Retrieval/MHC_zh/RAC_video/RAC_lr0.0001_Bz64_Ep30_cosSim_triplet_drop[0.2, 0.4, 0.1]_topK20__PseudoGold_positive_1_hard_negative_1_seed0_hybrid_loss/ckpt/best_model_0_0.7435897435897436.pt
[2026-07-01 22:55:38] [disk_guard] [DRY-RUN]     would run: b2_push.sh "/data/jehc223/RGCL/logging/Retrieval/MHC_zh/RAC_video/RAC_lr0.0001_Bz64_Ep30_cosSim_triplet_drop[0.2, 0.4, 0.1]_topK20__PseudoGold_positive_1_hard_negative_1_seed0_hybrid_loss/ckpt/best_model_0_0.7435897435897436.pt" "logs/Retrieval/MHC_zh/RAC_video/RAC_lr0.0001_Bz64_Ep30_cosSim_triplet_drop[0.2, 0.4, 0.1]_topK20__PseudoGold_positive_1_hard_negative_1_seed0_hybrid_loss/ckpt/best_model_0_0.7435897435897436.pt"
[2026-07-01 22:55:38] [disk_guard] [DRY-RUN]     would verify sha1(local) == sha1 at b2:junyi-data/RGCL_video/logs/Retrieval/MHC_zh/RAC_video/RAC_lr0.0001_Bz64_Ep30_cosSim_triplet_drop[0.2, 0.4, 0.1]_topK20__PseudoGold_positive_1_hard_negative_1_seed0_hybrid_loss/ckpt/best_model_0_0.7435897435897436.pt
[2026-07-01 22:55:38] [disk_guard] [DRY-RUN]     would rm "/data/jehc223/RGCL/logging/Retrieval/MHC_zh/RAC_video/RAC_lr0.0001_Bz64_Ep30_cosSim_triplet_drop[0.2, 0.4, 0.1]_topK20__PseudoGold_positive_1_hard_negative_1_seed0_hybrid_loss/ckpt/best_model_0_0.7435897435897436.pt"  (frees 19.03MB)  IF verify passes
[2026-07-01 22:55:38] [disk_guard] [DRY-RUN]   candidate: /data/jehc223/RGCL/logging/Retrieval/MHC_zh/RAC_video/RAC_lr0.0001_Bz64_Ep30_cosSim_triplet_drop[0.2, 0.4, 0.1]_topK20__PseudoGold_positive_1_hard_negative_1_seed0_hybrid_loss/ckpt/best_model_16_0.7564102564102564.pt
[2026-07-01 22:55:38] [disk_guard] [DRY-RUN]     mtime=2026-07-01 22:52:12 size=19.03MB
[2026-07-01 22:55:38] [disk_guard] [DRY-RUN]     -> b2 subpath: logs/Retrieval/MHC_zh/RAC_video/RAC_lr0.0001_Bz64_Ep30_cosSim_triplet_drop[0.2, 0.4, 0.1]_topK20__PseudoGold_positive_1_hard_negative_1_seed0_hybrid_loss/ckpt/best_model_16_0.7564102564102564.pt
[2026-07-01 22:55:38] [disk_guard] [DRY-RUN]     would run: b2_push.sh "/data/jehc223/RGCL/logging/Retrieval/MHC_zh/RAC_video/RAC_lr0.0001_Bz64_Ep30_cosSim_triplet_drop[0.2, 0.4, 0.1]_topK20__PseudoGold_positive_1_hard_negative_1_seed0_hybrid_loss/ckpt/best_model_16_0.7564102564102564.pt" "logs/Retrieval/MHC_zh/RAC_video/RAC_lr0.0001_Bz64_Ep30_cosSim_triplet_drop[0.2, 0.4, 0.1]_topK20__PseudoGold_positive_1_hard_negative_1_seed0_hybrid_loss/ckpt/best_model_16_0.7564102564102564.pt"
[2026-07-01 22:55:38] [disk_guard] [DRY-RUN]     would verify sha1(local) == sha1 at b2:junyi-data/RGCL_video/logs/Retrieval/MHC_zh/RAC_video/RAC_lr0.0001_Bz64_Ep30_cosSim_triplet_drop[0.2, 0.4, 0.1]_topK20__PseudoGold_positive_1_hard_negative_1_seed0_hybrid_loss/ckpt/best_model_16_0.7564102564102564.pt
[2026-07-01 22:55:38] [disk_guard] [DRY-RUN]     would rm "/data/jehc223/RGCL/logging/Retrieval/MHC_zh/RAC_video/RAC_lr0.0001_Bz64_Ep30_cosSim_triplet_drop[0.2, 0.4, 0.1]_topK20__PseudoGold_positive_1_hard_negative_1_seed0_hybrid_loss/ckpt/best_model_16_0.7564102564102564.pt"  (frees 19.03MB)  IF verify passes
[2026-07-01 22:55:38] [disk_guard] [DRY-RUN]   candidate: /data/jehc223/RGCL/logging/Retrieval/MHC_zh/RAC_video/RAC_lr0.0001_Bz64_Ep30_cosSim_triplet_drop[0.2, 0.4, 0.1]_topK20__PseudoGold_positive_1_hard_negative_1_seed0_hybrid_loss/ckpt/best_model_19_0.7692307692307693.pt
[2026-07-01 22:55:38] [disk_guard] [DRY-RUN]     mtime=2026-07-01 22:52:14 size=19.03MB
[2026-07-01 22:55:38] [disk_guard] [DRY-RUN]     -> b2 subpath: logs/Retrieval/MHC_zh/RAC_video/RAC_lr0.0001_Bz64_Ep30_cosSim_triplet_drop[0.2, 0.4, 0.1]_topK20__PseudoGold_positive_1_hard_negative_1_seed0_hybrid_loss/ckpt/best_model_19_0.7692307692307693.pt
[2026-07-01 22:55:38] [disk_guard] [DRY-RUN]     would run: b2_push.sh "/data/jehc223/RGCL/logging/Retrieval/MHC_zh/RAC_video/RAC_lr0.0001_Bz64_Ep30_cosSim_triplet_drop[0.2, 0.4, 0.1]_topK20__PseudoGold_positive_1_hard_negative_1_seed0_hybrid_loss/ckpt/best_model_19_0.7692307692307693.pt" "logs/Retrieval/MHC_zh/RAC_video/RAC_lr0.0001_Bz64_Ep30_cosSim_triplet_drop[0.2, 0.4, 0.1]_topK20__PseudoGold_positive_1_hard_negative_1_seed0_hybrid_loss/ckpt/best_model_19_0.7692307692307693.pt"
[2026-07-01 22:55:38] [disk_guard] [DRY-RUN]     would verify sha1(local) == sha1 at b2:junyi-data/RGCL_video/logs/Retrieval/MHC_zh/RAC_video/RAC_lr0.0001_Bz64_Ep30_cosSim_triplet_drop[0.2, 0.4, 0.1]_topK20__PseudoGold_positive_1_hard_negative_1_seed0_hybrid_loss/ckpt/best_model_19_0.7692307692307693.pt
[2026-07-01 22:55:38] [disk_guard] [DRY-RUN]     would rm "/data/jehc223/RGCL/logging/Retrieval/MHC_zh/RAC_video/RAC_lr0.0001_Bz64_Ep30_cosSim_triplet_drop[0.2, 0.4, 0.1]_topK20__PseudoGold_positive_1_hard_negative_1_seed0_hybrid_loss/ckpt/best_model_19_0.7692307692307693.pt"  (frees 19.03MB)  IF verify passes
[2026-07-01 22:55:38] [disk_guard] [DRY-RUN]   candidate: /data/jehc223/RGCL/logging/Retrieval/MHC_zh/RAC_video/RAC_lr0.0001_Bz64_Ep30_cosSim_triplet_drop[0.2, 0.4, 0.1]_topK20__PseudoGold_positive_1_hard_negative_1_seed0_hybrid_loss/ckpt/best_model_20_0.782051282051282.pt
[2026-07-01 22:55:38] [disk_guard] [DRY-RUN]     mtime=2026-07-01 22:52:15 size=19.03MB
[2026-07-01 22:55:38] [disk_guard] [DRY-RUN]     -> b2 subpath: logs/Retrieval/MHC_zh/RAC_video/RAC_lr0.0001_Bz64_Ep30_cosSim_triplet_drop[0.2, 0.4, 0.1]_topK20__PseudoGold_positive_1_hard_negative_1_seed0_hybrid_loss/ckpt/best_model_20_0.782051282051282.pt
[2026-07-01 22:55:38] [disk_guard] [DRY-RUN]     would run: b2_push.sh "/data/jehc223/RGCL/logging/Retrieval/MHC_zh/RAC_video/RAC_lr0.0001_Bz64_Ep30_cosSim_triplet_drop[0.2, 0.4, 0.1]_topK20__PseudoGold_positive_1_hard_negative_1_seed0_hybrid_loss/ckpt/best_model_20_0.782051282051282.pt" "logs/Retrieval/MHC_zh/RAC_video/RAC_lr0.0001_Bz64_Ep30_cosSim_triplet_drop[0.2, 0.4, 0.1]_topK20__PseudoGold_positive_1_hard_negative_1_seed0_hybrid_loss/ckpt/best_model_20_0.782051282051282.pt"
[2026-07-01 22:55:38] [disk_guard] [DRY-RUN]     would verify sha1(local) == sha1 at b2:junyi-data/RGCL_video/logs/Retrieval/MHC_zh/RAC_video/RAC_lr0.0001_Bz64_Ep30_cosSim_triplet_drop[0.2, 0.4, 0.1]_topK20__PseudoGold_positive_1_hard_negative_1_seed0_hybrid_loss/ckpt/best_model_20_0.782051282051282.pt
[2026-07-01 22:55:38] [disk_guard] [DRY-RUN]     would rm "/data/jehc223/RGCL/logging/Retrieval/MHC_zh/RAC_video/RAC_lr0.0001_Bz64_Ep30_cosSim_triplet_drop[0.2, 0.4, 0.1]_topK20__PseudoGold_positive_1_hard_negative_1_seed0_hybrid_loss/ckpt/best_model_20_0.782051282051282.pt"  (frees 19.03MB)  IF verify passes
[2026-07-01 22:55:38] [disk_guard] [DRY-RUN]   candidate: /data/jehc223/RGCL/logging/Retrieval/MHC_zh/RAC_video/RAC_lr0.0001_Bz64_Ep30_cosSim_triplet_drop[0.2, 0.4, 0.1]_topK20__PseudoGold_positive_1_hard_negative_1_seed0_hybrid_loss/ckpt/best_model_21_0.7948717948717948.pt
[2026-07-01 22:55:38] [disk_guard] [DRY-RUN]     mtime=2026-07-01 22:52:15 size=19.03MB
[2026-07-01 22:55:38] [disk_guard] [DRY-RUN]     -> b2 subpath: logs/Retrieval/MHC_zh/RAC_video/RAC_lr0.0001_Bz64_Ep30_cosSim_triplet_drop[0.2, 0.4, 0.1]_topK20__PseudoGold_positive_1_hard_negative_1_seed0_hybrid_loss/ckpt/best_model_21_0.7948717948717948.pt
[2026-07-01 22:55:38] [disk_guard] [DRY-RUN]     would run: b2_push.sh "/data/jehc223/RGCL/logging/Retrieval/MHC_zh/RAC_video/RAC_lr0.0001_Bz64_Ep30_cosSim_triplet_drop[0.2, 0.4, 0.1]_topK20__PseudoGold_positive_1_hard_negative_1_seed0_hybrid_loss/ckpt/best_model_21_0.7948717948717948.pt" "logs/Retrieval/MHC_zh/RAC_video/RAC_lr0.0001_Bz64_Ep30_cosSim_triplet_drop[0.2, 0.4, 0.1]_topK20__PseudoGold_positive_1_hard_negative_1_seed0_hybrid_loss/ckpt/best_model_21_0.7948717948717948.pt"
[2026-07-01 22:55:38] [disk_guard] [DRY-RUN]     would verify sha1(local) == sha1 at b2:junyi-data/RGCL_video/logs/Retrieval/MHC_zh/RAC_video/RAC_lr0.0001_Bz64_Ep30_cosSim_triplet_drop[0.2, 0.4, 0.1]_topK20__PseudoGold_positive_1_hard_negative_1_seed0_hybrid_loss/ckpt/best_model_21_0.7948717948717948.pt
[2026-07-01 22:55:38] [disk_guard] [DRY-RUN]     would rm "/data/jehc223/RGCL/logging/Retrieval/MHC_zh/RAC_video/RAC_lr0.0001_Bz64_Ep30_cosSim_triplet_drop[0.2, 0.4, 0.1]_topK20__PseudoGold_positive_1_hard_negative_1_seed0_hybrid_loss/ckpt/best_model_21_0.7948717948717948.pt"  (frees 19.03MB)  IF verify passes
[2026-07-01 22:55:38] [disk_guard] [DRY-RUN]   candidate: /data/jehc223/RGCL/logging/Retrieval/MHC_zh/RAC_video/RAC_lr0.0001_Bz64_Ep30_cosSim_triplet_drop[0.2, 0.4, 0.1]_topK20__PseudoGold_positive_1_hard_negative_1_seed0_hybrid_loss/ckpt/best_model_29_0.8076923076923077.pt
[2026-07-01 22:55:38] [disk_guard] [DRY-RUN]     mtime=2026-07-01 22:52:21 size=19.03MB
[2026-07-01 22:55:38] [disk_guard] [DRY-RUN]     -> b2 subpath: logs/Retrieval/MHC_zh/RAC_video/RAC_lr0.0001_Bz64_Ep30_cosSim_triplet_drop[0.2, 0.4, 0.1]_topK20__PseudoGold_positive_1_hard_negative_1_seed0_hybrid_loss/ckpt/best_model_29_0.8076923076923077.pt
[2026-07-01 22:55:38] [disk_guard] [DRY-RUN]     would run: b2_push.sh "/data/jehc223/RGCL/logging/Retrieval/MHC_zh/RAC_video/RAC_lr0.0001_Bz64_Ep30_cosSim_triplet_drop[0.2, 0.4, 0.1]_topK20__PseudoGold_positive_1_hard_negative_1_seed0_hybrid_loss/ckpt/best_model_29_0.8076923076923077.pt" "logs/Retrieval/MHC_zh/RAC_video/RAC_lr0.0001_Bz64_Ep30_cosSim_triplet_drop[0.2, 0.4, 0.1]_topK20__PseudoGold_positive_1_hard_negative_1_seed0_hybrid_loss/ckpt/best_model_29_0.8076923076923077.pt"
[2026-07-01 22:55:38] [disk_guard] [DRY-RUN]     would verify sha1(local) == sha1 at b2:junyi-data/RGCL_video/logs/Retrieval/MHC_zh/RAC_video/RAC_lr0.0001_Bz64_Ep30_cosSim_triplet_drop[0.2, 0.4, 0.1]_topK20__PseudoGold_positive_1_hard_negative_1_seed0_hybrid_loss/ckpt/best_model_29_0.8076923076923077.pt
[2026-07-01 22:55:38] [disk_guard] [DRY-RUN]     would rm "/data/jehc223/RGCL/logging/Retrieval/MHC_zh/RAC_video/RAC_lr0.0001_Bz64_Ep30_cosSim_triplet_drop[0.2, 0.4, 0.1]_topK20__PseudoGold_positive_1_hard_negative_1_seed0_hybrid_loss/ckpt/best_model_29_0.8076923076923077.pt"  (frees 19.03MB)  IF verify passes
[2026-07-01 22:55:38] [disk_guard] [DRY-RUN]   candidate: /data/jehc223/RGCL/logging/Retrieval/MHC_zh/RAC_video/RAC_lr0.0001_Bz64_Ep30_cosSim_triplet_drop[0.2, 0.4, 0.1]_topK20__PseudoGold_positive_1_hard_negative_1_seed0_hybrid_loss/ckpt/last_model_29_0.8076923076923077.pt
[2026-07-01 22:55:38] [disk_guard] [DRY-RUN]     mtime=2026-07-01 22:52:21 size=19.03MB
[2026-07-01 22:55:39] [disk_guard] [DRY-RUN]     -> b2 subpath: logs/Retrieval/MHC_zh/RAC_video/RAC_lr0.0001_Bz64_Ep30_cosSim_triplet_drop[0.2, 0.4, 0.1]_topK20__PseudoGold_positive_1_hard_negative_1_seed0_hybrid_loss/ckpt/last_model_29_0.8076923076923077.pt
[2026-07-01 22:55:39] [disk_guard] [DRY-RUN]     would run: b2_push.sh "/data/jehc223/RGCL/logging/Retrieval/MHC_zh/RAC_video/RAC_lr0.0001_Bz64_Ep30_cosSim_triplet_drop[0.2, 0.4, 0.1]_topK20__PseudoGold_positive_1_hard_negative_1_seed0_hybrid_loss/ckpt/last_model_29_0.8076923076923077.pt" "logs/Retrieval/MHC_zh/RAC_video/RAC_lr0.0001_Bz64_Ep30_cosSim_triplet_drop[0.2, 0.4, 0.1]_topK20__PseudoGold_positive_1_hard_negative_1_seed0_hybrid_loss/ckpt/last_model_29_0.8076923076923077.pt"
[2026-07-01 22:55:39] [disk_guard] [DRY-RUN]     would verify sha1(local) == sha1 at b2:junyi-data/RGCL_video/logs/Retrieval/MHC_zh/RAC_video/RAC_lr0.0001_Bz64_Ep30_cosSim_triplet_drop[0.2, 0.4, 0.1]_topK20__PseudoGold_positive_1_hard_negative_1_seed0_hybrid_loss/ckpt/last_model_29_0.8076923076923077.pt
[2026-07-01 22:55:39] [disk_guard] [DRY-RUN]     would rm "/data/jehc223/RGCL/logging/Retrieval/MHC_zh/RAC_video/RAC_lr0.0001_Bz64_Ep30_cosSim_triplet_drop[0.2, 0.4, 0.1]_topK20__PseudoGold_positive_1_hard_negative_1_seed0_hybrid_loss/ckpt/last_model_29_0.8076923076923077.pt"  (frees 19.03MB)  IF verify passes
[2026-07-01 22:55:39] [disk_guard] [DRY-RUN]   candidate: /data/jehc223/RGCL/logging/Retrieval/ImpliHateVid/RAC_video/RAC_lr0.0001_Bz64_Ep30_cosSim_triplet_drop[0.2, 0.4, 0.1]_topK20__PseudoGold_positive_1_hard_negative_1_seed0_hybrid_loss/ckpt/best_model_0_0.8615384615384616.pt
[2026-07-01 22:55:39] [disk_guard] [DRY-RUN]     mtime=2026-07-01 22:52:54 size=19.03MB
[2026-07-01 22:55:39] [disk_guard] [DRY-RUN]     -> b2 subpath: logs/Retrieval/ImpliHateVid/RAC_video/RAC_lr0.0001_Bz64_Ep30_cosSim_triplet_drop[0.2, 0.4, 0.1]_topK20__PseudoGold_positive_1_hard_negative_1_seed0_hybrid_loss/ckpt/best_model_0_0.8615384615384616.pt
[2026-07-01 22:55:39] [disk_guard] [DRY-RUN]     would run: b2_push.sh "/data/jehc223/RGCL/logging/Retrieval/ImpliHateVid/RAC_video/RAC_lr0.0001_Bz64_Ep30_cosSim_triplet_drop[0.2, 0.4, 0.1]_topK20__PseudoGold_positive_1_hard_negative_1_seed0_hybrid_loss/ckpt/best_model_0_0.8615384615384616.pt" "logs/Retrieval/ImpliHateVid/RAC_video/RAC_lr0.0001_Bz64_Ep30_cosSim_triplet_drop[0.2, 0.4, 0.1]_topK20__PseudoGold_positive_1_hard_negative_1_seed0_hybrid_loss/ckpt/best_model_0_0.8615384615384616.pt"
[2026-07-01 22:55:39] [disk_guard] [DRY-RUN]     would verify sha1(local) == sha1 at b2:junyi-data/RGCL_video/logs/Retrieval/ImpliHateVid/RAC_video/RAC_lr0.0001_Bz64_Ep30_cosSim_triplet_drop[0.2, 0.4, 0.1]_topK20__PseudoGold_positive_1_hard_negative_1_seed0_hybrid_loss/ckpt/best_model_0_0.8615384615384616.pt
[2026-07-01 22:55:39] [disk_guard] [DRY-RUN]     would rm "/data/jehc223/RGCL/logging/Retrieval/ImpliHateVid/RAC_video/RAC_lr0.0001_Bz64_Ep30_cosSim_triplet_drop[0.2, 0.4, 0.1]_topK20__PseudoGold_positive_1_hard_negative_1_seed0_hybrid_loss/ckpt/best_model_0_0.8615384615384616.pt"  (frees 19.03MB)  IF verify passes
[2026-07-01 22:55:39] [disk_guard] [DRY-RUN]   candidate: /data/jehc223/RGCL/logging/Retrieval/ImpliHateVid/RAC_video/RAC_lr0.0001_Bz64_Ep30_cosSim_triplet_drop[0.2, 0.4, 0.1]_topK20__PseudoGold_positive_1_hard_negative_1_seed0_hybrid_loss/ckpt/best_model_3_0.88.pt
[2026-07-01 22:55:39] [disk_guard] [DRY-RUN]     mtime=2026-07-01 22:52:59 size=19.03MB
[2026-07-01 22:55:39] [disk_guard] [DRY-RUN]     -> b2 subpath: logs/Retrieval/ImpliHateVid/RAC_video/RAC_lr0.0001_Bz64_Ep30_cosSim_triplet_drop[0.2, 0.4, 0.1]_topK20__PseudoGold_positive_1_hard_negative_1_seed0_hybrid_loss/ckpt/best_model_3_0.88.pt
[2026-07-01 22:55:39] [disk_guard] [DRY-RUN]     would run: b2_push.sh "/data/jehc223/RGCL/logging/Retrieval/ImpliHateVid/RAC_video/RAC_lr0.0001_Bz64_Ep30_cosSim_triplet_drop[0.2, 0.4, 0.1]_topK20__PseudoGold_positive_1_hard_negative_1_seed0_hybrid_loss/ckpt/best_model_3_0.88.pt" "logs/Retrieval/ImpliHateVid/RAC_video/RAC_lr0.0001_Bz64_Ep30_cosSim_triplet_drop[0.2, 0.4, 0.1]_topK20__PseudoGold_positive_1_hard_negative_1_seed0_hybrid_loss/ckpt/best_model_3_0.88.pt"
[2026-07-01 22:55:39] [disk_guard] [DRY-RUN]     would verify sha1(local) == sha1 at b2:junyi-data/RGCL_video/logs/Retrieval/ImpliHateVid/RAC_video/RAC_lr0.0001_Bz64_Ep30_cosSim_triplet_drop[0.2, 0.4, 0.1]_topK20__PseudoGold_positive_1_hard_negative_1_seed0_hybrid_loss/ckpt/best_model_3_0.88.pt
[2026-07-01 22:55:39] [disk_guard] [DRY-RUN]     would rm "/data/jehc223/RGCL/logging/Retrieval/ImpliHateVid/RAC_video/RAC_lr0.0001_Bz64_Ep30_cosSim_triplet_drop[0.2, 0.4, 0.1]_topK20__PseudoGold_positive_1_hard_negative_1_seed0_hybrid_loss/ckpt/best_model_3_0.88.pt"  (frees 19.03MB)  IF verify passes
[2026-07-01 22:55:39] [disk_guard] [DRY-RUN]   candidate: /data/jehc223/RGCL/logging/Retrieval/ImpliHateVid/RAC_video/RAC_lr0.0001_Bz64_Ep30_cosSim_triplet_drop[0.2, 0.4, 0.1]_topK20__PseudoGold_positive_1_hard_negative_1_seed0_hybrid_loss/ckpt/best_model_6_0.8953846153846153.pt
[2026-07-01 22:55:39] [disk_guard] [DRY-RUN]     mtime=2026-07-01 22:53:04 size=19.03MB
[2026-07-01 22:55:39] [disk_guard] [DRY-RUN]     -> b2 subpath: logs/Retrieval/ImpliHateVid/RAC_video/RAC_lr0.0001_Bz64_Ep30_cosSim_triplet_drop[0.2, 0.4, 0.1]_topK20__PseudoGold_positive_1_hard_negative_1_seed0_hybrid_loss/ckpt/best_model_6_0.8953846153846153.pt
[2026-07-01 22:55:39] [disk_guard] [DRY-RUN]     would run: b2_push.sh "/data/jehc223/RGCL/logging/Retrieval/ImpliHateVid/RAC_video/RAC_lr0.0001_Bz64_Ep30_cosSim_triplet_drop[0.2, 0.4, 0.1]_topK20__PseudoGold_positive_1_hard_negative_1_seed0_hybrid_loss/ckpt/best_model_6_0.8953846153846153.pt" "logs/Retrieval/ImpliHateVid/RAC_video/RAC_lr0.0001_Bz64_Ep30_cosSim_triplet_drop[0.2, 0.4, 0.1]_topK20__PseudoGold_positive_1_hard_negative_1_seed0_hybrid_loss/ckpt/best_model_6_0.8953846153846153.pt"
[2026-07-01 22:55:39] [disk_guard] [DRY-RUN]     would verify sha1(local) == sha1 at b2:junyi-data/RGCL_video/logs/Retrieval/ImpliHateVid/RAC_video/RAC_lr0.0001_Bz64_Ep30_cosSim_triplet_drop[0.2, 0.4, 0.1]_topK20__PseudoGold_positive_1_hard_negative_1_seed0_hybrid_loss/ckpt/best_model_6_0.8953846153846153.pt
[2026-07-01 22:55:39] [disk_guard] [DRY-RUN]     would rm "/data/jehc223/RGCL/logging/Retrieval/ImpliHateVid/RAC_video/RAC_lr0.0001_Bz64_Ep30_cosSim_triplet_drop[0.2, 0.4, 0.1]_topK20__PseudoGold_positive_1_hard_negative_1_seed0_hybrid_loss/ckpt/best_model_6_0.8953846153846153.pt"  (frees 19.03MB)  IF verify passes
[2026-07-01 22:55:39] [disk_guard] [DRY-RUN]   candidate: /data/jehc223/RGCL/logging/Retrieval/ImpliHateVid/RAC_video/RAC_lr0.0001_Bz64_Ep30_cosSim_triplet_drop[0.2, 0.4, 0.1]_topK20__PseudoGold_positive_1_hard_negative_1_seed0_hybrid_loss/ckpt/best_model_7_0.8984615384615384.pt
[2026-07-01 22:55:39] [disk_guard] [DRY-RUN]     mtime=2026-07-01 22:53:06 size=19.03MB
[2026-07-01 22:55:39] [disk_guard] [DRY-RUN]     -> b2 subpath: logs/Retrieval/ImpliHateVid/RAC_video/RAC_lr0.0001_Bz64_Ep30_cosSim_triplet_drop[0.2, 0.4, 0.1]_topK20__PseudoGold_positive_1_hard_negative_1_seed0_hybrid_loss/ckpt/best_model_7_0.8984615384615384.pt
[2026-07-01 22:55:39] [disk_guard] [DRY-RUN]     would run: b2_push.sh "/data/jehc223/RGCL/logging/Retrieval/ImpliHateVid/RAC_video/RAC_lr0.0001_Bz64_Ep30_cosSim_triplet_drop[0.2, 0.4, 0.1]_topK20__PseudoGold_positive_1_hard_negative_1_seed0_hybrid_loss/ckpt/best_model_7_0.8984615384615384.pt" "logs/Retrieval/ImpliHateVid/RAC_video/RAC_lr0.0001_Bz64_Ep30_cosSim_triplet_drop[0.2, 0.4, 0.1]_topK20__PseudoGold_positive_1_hard_negative_1_seed0_hybrid_loss/ckpt/best_model_7_0.8984615384615384.pt"
[2026-07-01 22:55:39] [disk_guard] [DRY-RUN]     would verify sha1(local) == sha1 at b2:junyi-data/RGCL_video/logs/Retrieval/ImpliHateVid/RAC_video/RAC_lr0.0001_Bz64_Ep30_cosSim_triplet_drop[0.2, 0.4, 0.1]_topK20__PseudoGold_positive_1_hard_negative_1_seed0_hybrid_loss/ckpt/best_model_7_0.8984615384615384.pt
[2026-07-01 22:55:39] [disk_guard] [DRY-RUN]     would rm "/data/jehc223/RGCL/logging/Retrieval/ImpliHateVid/RAC_video/RAC_lr0.0001_Bz64_Ep30_cosSim_triplet_drop[0.2, 0.4, 0.1]_topK20__PseudoGold_positive_1_hard_negative_1_seed0_hybrid_loss/ckpt/best_model_7_0.8984615384615384.pt"  (frees 19.03MB)  IF verify passes
[2026-07-01 22:55:39] [disk_guard] [DRY-RUN]   candidate: /data/jehc223/RGCL/logging/Retrieval/ImpliHateVid/RAC_video/RAC_lr0.0001_Bz64_Ep30_cosSim_triplet_drop[0.2, 0.4, 0.1]_topK20__PseudoGold_positive_1_hard_negative_1_seed0_hybrid_loss/ckpt/best_model_8_0.9015384615384615.pt
[2026-07-01 22:55:39] [disk_guard] [DRY-RUN]     mtime=2026-07-01 22:53:08 size=19.03MB
[2026-07-01 22:55:39] [disk_guard] [DRY-RUN]     -> b2 subpath: logs/Retrieval/ImpliHateVid/RAC_video/RAC_lr0.0001_Bz64_Ep30_cosSim_triplet_drop[0.2, 0.4, 0.1]_topK20__PseudoGold_positive_1_hard_negative_1_seed0_hybrid_loss/ckpt/best_model_8_0.9015384615384615.pt
[2026-07-01 22:55:39] [disk_guard] [DRY-RUN]     would run: b2_push.sh "/data/jehc223/RGCL/logging/Retrieval/ImpliHateVid/RAC_video/RAC_lr0.0001_Bz64_Ep30_cosSim_triplet_drop[0.2, 0.4, 0.1]_topK20__PseudoGold_positive_1_hard_negative_1_seed0_hybrid_loss/ckpt/best_model_8_0.9015384615384615.pt" "logs/Retrieval/ImpliHateVid/RAC_video/RAC_lr0.0001_Bz64_Ep30_cosSim_triplet_drop[0.2, 0.4, 0.1]_topK20__PseudoGold_positive_1_hard_negative_1_seed0_hybrid_loss/ckpt/best_model_8_0.9015384615384615.pt"
[2026-07-01 22:55:39] [disk_guard] [DRY-RUN]     would verify sha1(local) == sha1 at b2:junyi-data/RGCL_video/logs/Retrieval/ImpliHateVid/RAC_video/RAC_lr0.0001_Bz64_Ep30_cosSim_triplet_drop[0.2, 0.4, 0.1]_topK20__PseudoGold_positive_1_hard_negative_1_seed0_hybrid_loss/ckpt/best_model_8_0.9015384615384615.pt
[2026-07-01 22:55:39] [disk_guard] [DRY-RUN]     would rm "/data/jehc223/RGCL/logging/Retrieval/ImpliHateVid/RAC_video/RAC_lr0.0001_Bz64_Ep30_cosSim_triplet_drop[0.2, 0.4, 0.1]_topK20__PseudoGold_positive_1_hard_negative_1_seed0_hybrid_loss/ckpt/best_model_8_0.9015384615384615.pt"  (frees 19.03MB)  IF verify passes
[2026-07-01 22:55:39] [disk_guard] [DRY-RUN]   candidate: /data/jehc223/RGCL/logging/Retrieval/ImpliHateVid/RAC_video/RAC_lr0.0001_Bz64_Ep30_cosSim_triplet_drop[0.2, 0.4, 0.1]_topK20__PseudoGold_positive_1_hard_negative_1_seed0_hybrid_loss/ckpt/best_model_9_0.9015384615384615.pt
[2026-07-01 22:55:39] [disk_guard] [DRY-RUN]     mtime=2026-07-01 22:53:10 size=19.03MB
[2026-07-01 22:55:39] [disk_guard] [DRY-RUN]     -> b2 subpath: logs/Retrieval/ImpliHateVid/RAC_video/RAC_lr0.0001_Bz64_Ep30_cosSim_triplet_drop[0.2, 0.4, 0.1]_topK20__PseudoGold_positive_1_hard_negative_1_seed0_hybrid_loss/ckpt/best_model_9_0.9015384615384615.pt
[2026-07-01 22:55:39] [disk_guard] [DRY-RUN]     would run: b2_push.sh "/data/jehc223/RGCL/logging/Retrieval/ImpliHateVid/RAC_video/RAC_lr0.0001_Bz64_Ep30_cosSim_triplet_drop[0.2, 0.4, 0.1]_topK20__PseudoGold_positive_1_hard_negative_1_seed0_hybrid_loss/ckpt/best_model_9_0.9015384615384615.pt" "logs/Retrieval/ImpliHateVid/RAC_video/RAC_lr0.0001_Bz64_Ep30_cosSim_triplet_drop[0.2, 0.4, 0.1]_topK20__PseudoGold_positive_1_hard_negative_1_seed0_hybrid_loss/ckpt/best_model_9_0.9015384615384615.pt"
[2026-07-01 22:55:39] [disk_guard] [DRY-RUN]     would verify sha1(local) == sha1 at b2:junyi-data/RGCL_video/logs/Retrieval/ImpliHateVid/RAC_video/RAC_lr0.0001_Bz64_Ep30_cosSim_triplet_drop[0.2, 0.4, 0.1]_topK20__PseudoGold_positive_1_hard_negative_1_seed0_hybrid_loss/ckpt/best_model_9_0.9015384615384615.pt
[2026-07-01 22:55:39] [disk_guard] [DRY-RUN]     would rm "/data/jehc223/RGCL/logging/Retrieval/ImpliHateVid/RAC_video/RAC_lr0.0001_Bz64_Ep30_cosSim_triplet_drop[0.2, 0.4, 0.1]_topK20__PseudoGold_positive_1_hard_negative_1_seed0_hybrid_loss/ckpt/best_model_9_0.9015384615384615.pt"  (frees 19.03MB)  IF verify passes
[2026-07-01 22:55:39] [disk_guard] [DRY-RUN]   candidate: /data/jehc223/RGCL/logging/Retrieval/ImpliHateVid/RAC_video/RAC_lr0.0001_Bz64_Ep30_cosSim_triplet_drop[0.2, 0.4, 0.1]_topK20__PseudoGold_positive_1_hard_negative_1_seed0_hybrid_loss/ckpt/best_model_10_0.9015384615384615.pt
[2026-07-01 22:55:39] [disk_guard] [DRY-RUN]     mtime=2026-07-01 22:53:12 size=19.03MB
[2026-07-01 22:55:39] [disk_guard] [DRY-RUN]     -> b2 subpath: logs/Retrieval/ImpliHateVid/RAC_video/RAC_lr0.0001_Bz64_Ep30_cosSim_triplet_drop[0.2, 0.4, 0.1]_topK20__PseudoGold_positive_1_hard_negative_1_seed0_hybrid_loss/ckpt/best_model_10_0.9015384615384615.pt
[2026-07-01 22:55:39] [disk_guard] [DRY-RUN]     would run: b2_push.sh "/data/jehc223/RGCL/logging/Retrieval/ImpliHateVid/RAC_video/RAC_lr0.0001_Bz64_Ep30_cosSim_triplet_drop[0.2, 0.4, 0.1]_topK20__PseudoGold_positive_1_hard_negative_1_seed0_hybrid_loss/ckpt/best_model_10_0.9015384615384615.pt" "logs/Retrieval/ImpliHateVid/RAC_video/RAC_lr0.0001_Bz64_Ep30_cosSim_triplet_drop[0.2, 0.4, 0.1]_topK20__PseudoGold_positive_1_hard_negative_1_seed0_hybrid_loss/ckpt/best_model_10_0.9015384615384615.pt"
[2026-07-01 22:55:39] [disk_guard] [DRY-RUN]     would verify sha1(local) == sha1 at b2:junyi-data/RGCL_video/logs/Retrieval/ImpliHateVid/RAC_video/RAC_lr0.0001_Bz64_Ep30_cosSim_triplet_drop[0.2, 0.4, 0.1]_topK20__PseudoGold_positive_1_hard_negative_1_seed0_hybrid_loss/ckpt/best_model_10_0.9015384615384615.pt
[2026-07-01 22:55:39] [disk_guard] [DRY-RUN]     would rm "/data/jehc223/RGCL/logging/Retrieval/ImpliHateVid/RAC_video/RAC_lr0.0001_Bz64_Ep30_cosSim_triplet_drop[0.2, 0.4, 0.1]_topK20__PseudoGold_positive_1_hard_negative_1_seed0_hybrid_loss/ckpt/best_model_10_0.9015384615384615.pt"  (frees 19.03MB)  IF verify passes
[2026-07-01 22:55:39] [disk_guard] [DRY-RUN]   candidate: /data/jehc223/RGCL/logging/Retrieval/ImpliHateVid/RAC_video/RAC_lr0.0001_Bz64_Ep30_cosSim_triplet_drop[0.2, 0.4, 0.1]_topK20__PseudoGold_positive_1_hard_negative_1_seed0_hybrid_loss/ckpt/best_model_15_0.9046153846153846.pt
[2026-07-01 22:55:39] [disk_guard] [DRY-RUN]     mtime=2026-07-01 22:53:21 size=19.03MB
[2026-07-01 22:55:39] [disk_guard] [DRY-RUN]     -> b2 subpath: logs/Retrieval/ImpliHateVid/RAC_video/RAC_lr0.0001_Bz64_Ep30_cosSim_triplet_drop[0.2, 0.4, 0.1]_topK20__PseudoGold_positive_1_hard_negative_1_seed0_hybrid_loss/ckpt/best_model_15_0.9046153846153846.pt
[2026-07-01 22:55:39] [disk_guard] [DRY-RUN]     would run: b2_push.sh "/data/jehc223/RGCL/logging/Retrieval/ImpliHateVid/RAC_video/RAC_lr0.0001_Bz64_Ep30_cosSim_triplet_drop[0.2, 0.4, 0.1]_topK20__PseudoGold_positive_1_hard_negative_1_seed0_hybrid_loss/ckpt/best_model_15_0.9046153846153846.pt" "logs/Retrieval/ImpliHateVid/RAC_video/RAC_lr0.0001_Bz64_Ep30_cosSim_triplet_drop[0.2, 0.4, 0.1]_topK20__PseudoGold_positive_1_hard_negative_1_seed0_hybrid_loss/ckpt/best_model_15_0.9046153846153846.pt"
[2026-07-01 22:55:39] [disk_guard] [DRY-RUN]     would verify sha1(local) == sha1 at b2:junyi-data/RGCL_video/logs/Retrieval/ImpliHateVid/RAC_video/RAC_lr0.0001_Bz64_Ep30_cosSim_triplet_drop[0.2, 0.4, 0.1]_topK20__PseudoGold_positive_1_hard_negative_1_seed0_hybrid_loss/ckpt/best_model_15_0.9046153846153846.pt
[2026-07-01 22:55:39] [disk_guard] [DRY-RUN]     would rm "/data/jehc223/RGCL/logging/Retrieval/ImpliHateVid/RAC_video/RAC_lr0.0001_Bz64_Ep30_cosSim_triplet_drop[0.2, 0.4, 0.1]_topK20__PseudoGold_positive_1_hard_negative_1_seed0_hybrid_loss/ckpt/best_model_15_0.9046153846153846.pt"  (frees 19.03MB)  IF verify passes
[2026-07-01 22:55:39] [disk_guard] [DRY-RUN]   candidate: /data/jehc223/RGCL/logging/Retrieval/ImpliHateVid/RAC_video/RAC_lr0.0001_Bz64_Ep30_cosSim_triplet_drop[0.2, 0.4, 0.1]_topK20__PseudoGold_positive_1_hard_negative_1_seed0_hybrid_loss/ckpt/best_model_16_0.9076923076923077.pt
[2026-07-01 22:55:39] [disk_guard] [DRY-RUN]     mtime=2026-07-01 22:53:22 size=19.03MB
[2026-07-01 22:55:39] [disk_guard] [DRY-RUN]     -> b2 subpath: logs/Retrieval/ImpliHateVid/RAC_video/RAC_lr0.0001_Bz64_Ep30_cosSim_triplet_drop[0.2, 0.4, 0.1]_topK20__PseudoGold_positive_1_hard_negative_1_seed0_hybrid_loss/ckpt/best_model_16_0.9076923076923077.pt
[2026-07-01 22:55:39] [disk_guard] [DRY-RUN]     would run: b2_push.sh "/data/jehc223/RGCL/logging/Retrieval/ImpliHateVid/RAC_video/RAC_lr0.0001_Bz64_Ep30_cosSim_triplet_drop[0.2, 0.4, 0.1]_topK20__PseudoGold_positive_1_hard_negative_1_seed0_hybrid_loss/ckpt/best_model_16_0.9076923076923077.pt" "logs/Retrieval/ImpliHateVid/RAC_video/RAC_lr0.0001_Bz64_Ep30_cosSim_triplet_drop[0.2, 0.4, 0.1]_topK20__PseudoGold_positive_1_hard_negative_1_seed0_hybrid_loss/ckpt/best_model_16_0.9076923076923077.pt"
[2026-07-01 22:55:39] [disk_guard] [DRY-RUN]     would verify sha1(local) == sha1 at b2:junyi-data/RGCL_video/logs/Retrieval/ImpliHateVid/RAC_video/RAC_lr0.0001_Bz64_Ep30_cosSim_triplet_drop[0.2, 0.4, 0.1]_topK20__PseudoGold_positive_1_hard_negative_1_seed0_hybrid_loss/ckpt/best_model_16_0.9076923076923077.pt
[2026-07-01 22:55:39] [disk_guard] [DRY-RUN]     would rm "/data/jehc223/RGCL/logging/Retrieval/ImpliHateVid/RAC_video/RAC_lr0.0001_Bz64_Ep30_cosSim_triplet_drop[0.2, 0.4, 0.1]_topK20__PseudoGold_positive_1_hard_negative_1_seed0_hybrid_loss/ckpt/best_model_16_0.9076923076923077.pt"  (frees 19.03MB)  IF verify passes
[2026-07-01 22:55:39] [disk_guard] [DRY-RUN]   candidate: /data/jehc223/RGCL/logging/Retrieval/ImpliHateVid/RAC_video/RAC_lr0.0001_Bz64_Ep30_cosSim_triplet_drop[0.2, 0.4, 0.1]_topK20__PseudoGold_positive_1_hard_negative_1_seed0_hybrid_loss/ckpt/best_model_17_0.9107692307692308.pt
[2026-07-01 22:55:39] [disk_guard] [DRY-RUN]     mtime=2026-07-01 22:53:24 size=19.03MB
[2026-07-01 22:55:39] [disk_guard] [DRY-RUN]     -> b2 subpath: logs/Retrieval/ImpliHateVid/RAC_video/RAC_lr0.0001_Bz64_Ep30_cosSim_triplet_drop[0.2, 0.4, 0.1]_topK20__PseudoGold_positive_1_hard_negative_1_seed0_hybrid_loss/ckpt/best_model_17_0.9107692307692308.pt
[2026-07-01 22:55:39] [disk_guard] [DRY-RUN]     would run: b2_push.sh "/data/jehc223/RGCL/logging/Retrieval/ImpliHateVid/RAC_video/RAC_lr0.0001_Bz64_Ep30_cosSim_triplet_drop[0.2, 0.4, 0.1]_topK20__PseudoGold_positive_1_hard_negative_1_seed0_hybrid_loss/ckpt/best_model_17_0.9107692307692308.pt" "logs/Retrieval/ImpliHateVid/RAC_video/RAC_lr0.0001_Bz64_Ep30_cosSim_triplet_drop[0.2, 0.4, 0.1]_topK20__PseudoGold_positive_1_hard_negative_1_seed0_hybrid_loss/ckpt/best_model_17_0.9107692307692308.pt"
[2026-07-01 22:55:39] [disk_guard] [DRY-RUN]     would verify sha1(local) == sha1 at b2:junyi-data/RGCL_video/logs/Retrieval/ImpliHateVid/RAC_video/RAC_lr0.0001_Bz64_Ep30_cosSim_triplet_drop[0.2, 0.4, 0.1]_topK20__PseudoGold_positive_1_hard_negative_1_seed0_hybrid_loss/ckpt/best_model_17_0.9107692307692308.pt
[2026-07-01 22:55:39] [disk_guard] [DRY-RUN]     would rm "/data/jehc223/RGCL/logging/Retrieval/ImpliHateVid/RAC_video/RAC_lr0.0001_Bz64_Ep30_cosSim_triplet_drop[0.2, 0.4, 0.1]_topK20__PseudoGold_positive_1_hard_negative_1_seed0_hybrid_loss/ckpt/best_model_17_0.9107692307692308.pt"  (frees 19.03MB)  IF verify passes
[2026-07-01 22:55:39] [disk_guard] [DRY-RUN]   candidate: /data/jehc223/RGCL/logging/Retrieval/ImpliHateVid/RAC_video/RAC_lr0.0001_Bz64_Ep30_cosSim_triplet_drop[0.2, 0.4, 0.1]_topK20__PseudoGold_positive_1_hard_negative_1_seed0_hybrid_loss/ckpt/best_model_18_0.9138461538461539.pt
[2026-07-01 22:55:39] [disk_guard] [DRY-RUN]     mtime=2026-07-01 22:53:26 size=19.03MB
[2026-07-01 22:55:39] [disk_guard] [DRY-RUN]     -> b2 subpath: logs/Retrieval/ImpliHateVid/RAC_video/RAC_lr0.0001_Bz64_Ep30_cosSim_triplet_drop[0.2, 0.4, 0.1]_topK20__PseudoGold_positive_1_hard_negative_1_seed0_hybrid_loss/ckpt/best_model_18_0.9138461538461539.pt
[2026-07-01 22:55:39] [disk_guard] [DRY-RUN]     would run: b2_push.sh "/data/jehc223/RGCL/logging/Retrieval/ImpliHateVid/RAC_video/RAC_lr0.0001_Bz64_Ep30_cosSim_triplet_drop[0.2, 0.4, 0.1]_topK20__PseudoGold_positive_1_hard_negative_1_seed0_hybrid_loss/ckpt/best_model_18_0.9138461538461539.pt" "logs/Retrieval/ImpliHateVid/RAC_video/RAC_lr0.0001_Bz64_Ep30_cosSim_triplet_drop[0.2, 0.4, 0.1]_topK20__PseudoGold_positive_1_hard_negative_1_seed0_hybrid_loss/ckpt/best_model_18_0.9138461538461539.pt"
[2026-07-01 22:55:39] [disk_guard] [DRY-RUN]     would verify sha1(local) == sha1 at b2:junyi-data/RGCL_video/logs/Retrieval/ImpliHateVid/RAC_video/RAC_lr0.0001_Bz64_Ep30_cosSim_triplet_drop[0.2, 0.4, 0.1]_topK20__PseudoGold_positive_1_hard_negative_1_seed0_hybrid_loss/ckpt/best_model_18_0.9138461538461539.pt
[2026-07-01 22:55:39] [disk_guard] [DRY-RUN]     would rm "/data/jehc223/RGCL/logging/Retrieval/ImpliHateVid/RAC_video/RAC_lr0.0001_Bz64_Ep30_cosSim_triplet_drop[0.2, 0.4, 0.1]_topK20__PseudoGold_positive_1_hard_negative_1_seed0_hybrid_loss/ckpt/best_model_18_0.9138461538461539.pt"  (frees 19.03MB)  IF verify passes
[2026-07-01 22:55:39] [disk_guard] [DRY-RUN]   candidate: /data/jehc223/RGCL/logging/Retrieval/ImpliHateVid/RAC_video/RAC_lr0.0001_Bz64_Ep30_cosSim_triplet_drop[0.2, 0.4, 0.1]_topK20__PseudoGold_positive_1_hard_negative_1_seed0_hybrid_loss/ckpt/last_model_29_0.9076923076923077.pt
[2026-07-01 22:55:39] [disk_guard] [DRY-RUN]     mtime=2026-07-01 22:53:46 size=19.03MB
[2026-07-01 22:55:39] [disk_guard] [DRY-RUN]     -> b2 subpath: logs/Retrieval/ImpliHateVid/RAC_video/RAC_lr0.0001_Bz64_Ep30_cosSim_triplet_drop[0.2, 0.4, 0.1]_topK20__PseudoGold_positive_1_hard_negative_1_seed0_hybrid_loss/ckpt/last_model_29_0.9076923076923077.pt
[2026-07-01 22:55:39] [disk_guard] [DRY-RUN]     would run: b2_push.sh "/data/jehc223/RGCL/logging/Retrieval/ImpliHateVid/RAC_video/RAC_lr0.0001_Bz64_Ep30_cosSim_triplet_drop[0.2, 0.4, 0.1]_topK20__PseudoGold_positive_1_hard_negative_1_seed0_hybrid_loss/ckpt/last_model_29_0.9076923076923077.pt" "logs/Retrieval/ImpliHateVid/RAC_video/RAC_lr0.0001_Bz64_Ep30_cosSim_triplet_drop[0.2, 0.4, 0.1]_topK20__PseudoGold_positive_1_hard_negative_1_seed0_hybrid_loss/ckpt/last_model_29_0.9076923076923077.pt"
[2026-07-01 22:55:39] [disk_guard] [DRY-RUN]     would verify sha1(local) == sha1 at b2:junyi-data/RGCL_video/logs/Retrieval/ImpliHateVid/RAC_video/RAC_lr0.0001_Bz64_Ep30_cosSim_triplet_drop[0.2, 0.4, 0.1]_topK20__PseudoGold_positive_1_hard_negative_1_seed0_hybrid_loss/ckpt/last_model_29_0.9076923076923077.pt
[2026-07-01 22:55:39] [disk_guard] [DRY-RUN]     would rm "/data/jehc223/RGCL/logging/Retrieval/ImpliHateVid/RAC_video/RAC_lr0.0001_Bz64_Ep30_cosSim_triplet_drop[0.2, 0.4, 0.1]_topK20__PseudoGold_positive_1_hard_negative_1_seed0_hybrid_loss/ckpt/last_model_29_0.9076923076923077.pt"  (frees 19.03MB)  IF verify passes
[2026-07-01 22:55:39] [disk_guard] [DRY-RUN]   step (c) projected/actual freed: 970.44MB.
[2026-07-01 22:55:39] [disk_guard] [DRY-RUN] (dry-run) simulation complete; see [DRY-RUN] lines above for the planned push/verify/prune actions.
[2026-07-01 22:55:39] [disk_guard] [DRY-RUN] ==== disk_guard end ====
[2026-07-01 23:53:35] [disk_guard] ==== disk_guard start (dry_run=0, sourced=0) ====
[2026-07-01 23:53:35] [disk_guard] config: THRESHOLD=250G TARGET=250G RGCL_ROOT=/data/jehc223/RGCL B2_PREFIX=b2:junyi-data/RGCL_video
[2026-07-01 23:53:35] [disk_guard] log file: /data/jehc223/RGCL/slurm/logs/disk_guard.log
[2026-07-01 23:53:35] [disk_guard] current /data usage: 204G (threshold 250G, target 250G).
[2026-07-01 23:53:35] [disk_guard] usage 204G <= threshold 250G: nothing to reclaim. No-op.
[2026-07-01 23:53:35] [disk_guard] ==== disk_guard end (under threshold) ====
[2026-07-01 23:54:08] [disk_guard] ==== disk_guard start (dry_run=0, sourced=0) ====
[2026-07-01 23:54:08] [disk_guard] ==== disk_guard start (dry_run=0, sourced=0) ====
[2026-07-01 23:54:08] [disk_guard] config: THRESHOLD=250G TARGET=250G RGCL_ROOT=/data/jehc223/RGCL B2_PREFIX=b2:junyi-data/RGCL_video
[2026-07-01 23:54:08] [disk_guard] config: THRESHOLD=250G TARGET=250G RGCL_ROOT=/data/jehc223/RGCL B2_PREFIX=b2:junyi-data/RGCL_video
[2026-07-01 23:54:08] [disk_guard] log file: /data/jehc223/RGCL/slurm/logs/disk_guard.log
[2026-07-01 23:54:08] [disk_guard] log file: /data/jehc223/RGCL/slurm/logs/disk_guard.log
[2026-07-01 23:54:08] [disk_guard] current /data usage: 204G (threshold 250G, target 250G).
[2026-07-01 23:54:08] [disk_guard] current /data usage: 204G (threshold 250G, target 250G).
[2026-07-01 23:54:08] [disk_guard] usage 204G <= threshold 250G: nothing to reclaim. No-op.
[2026-07-01 23:54:08] [disk_guard] usage 204G <= threshold 250G: nothing to reclaim. No-op.
[2026-07-01 23:54:08] [disk_guard] ==== disk_guard end (under threshold) ====
[2026-07-01 23:54:08] [disk_guard] ==== disk_guard end (under threshold) ====
[2026-07-02 01:10:53] [disk_guard] ==== disk_guard start (dry_run=0, sourced=0) ====
[2026-07-02 01:10:53] [disk_guard] ==== disk_guard start (dry_run=0, sourced=0) ====
[2026-07-02 01:10:53] [disk_guard] config: THRESHOLD=250G TARGET=250G RGCL_ROOT=/data/jehc223/RGCL B2_PREFIX=b2:junyi-data/RGCL_video
[2026-07-02 01:10:53] [disk_guard] config: THRESHOLD=250G TARGET=250G RGCL_ROOT=/data/jehc223/RGCL B2_PREFIX=b2:junyi-data/RGCL_video
[2026-07-02 01:10:53] [disk_guard] log file: /data/jehc223/RGCL/slurm/logs/disk_guard.log
[2026-07-02 01:10:53] [disk_guard] log file: /data/jehc223/RGCL/slurm/logs/disk_guard.log
[2026-07-02 01:10:53] [disk_guard] current /data usage: 205G (threshold 250G, target 250G).
[2026-07-02 01:10:53] [disk_guard] current /data usage: 205G (threshold 250G, target 250G).
[2026-07-02 01:10:53] [disk_guard] usage 205G <= threshold 250G: nothing to reclaim. No-op.
[2026-07-02 01:10:53] [disk_guard] usage 205G <= threshold 250G: nothing to reclaim. No-op.
[2026-07-02 01:10:53] [disk_guard] ==== disk_guard end (under threshold) ====
[2026-07-02 01:10:53] [disk_guard] ==== disk_guard end (under threshold) ====
[2026-07-02 01:12:33] [disk_guard] ==== disk_guard start (dry_run=0, sourced=0) ====
[2026-07-02 01:12:33] [disk_guard] config: THRESHOLD=250G TARGET=250G RGCL_ROOT=/data/jehc223/RGCL B2_PREFIX=b2:junyi-data/RGCL_video
[2026-07-02 01:12:33] [disk_guard] log file: /data/jehc223/RGCL/slurm/logs/disk_guard.log
[2026-07-02 01:12:33] [disk_guard] current /data usage: 205G (threshold 250G, target 250G).
[2026-07-02 01:12:33] [disk_guard] ==== disk_guard start (dry_run=0, sourced=0) ====
[2026-07-02 01:12:33] [disk_guard] usage 205G <= threshold 250G: nothing to reclaim. No-op.
[2026-07-02 01:12:33] [disk_guard] config: THRESHOLD=250G TARGET=250G RGCL_ROOT=/data/jehc223/RGCL B2_PREFIX=b2:junyi-data/RGCL_video
[2026-07-02 01:12:33] [disk_guard] ==== disk_guard end (under threshold) ====
[2026-07-02 01:12:33] [disk_guard] log file: /data/jehc223/RGCL/slurm/logs/disk_guard.log
[2026-07-02 01:12:33] [disk_guard] current /data usage: 205G (threshold 250G, target 250G).
[2026-07-02 01:12:33] [disk_guard] usage 205G <= threshold 250G: nothing to reclaim. No-op.
[2026-07-02 01:12:33] [disk_guard] ==== disk_guard end (under threshold) ====
[2026-07-02 01:13:44] [disk_guard] ==== disk_guard start (dry_run=0, sourced=0) ====
[2026-07-02 01:13:44] [disk_guard] config: THRESHOLD=250G TARGET=250G RGCL_ROOT=/data/jehc223/RGCL B2_PREFIX=b2:junyi-data/RGCL_video
[2026-07-02 01:13:44] [disk_guard] log file: /data/jehc223/RGCL/slurm/logs/disk_guard.log
[2026-07-02 01:13:44] [disk_guard] ==== disk_guard start (dry_run=0, sourced=0) ====
[2026-07-02 01:13:44] [disk_guard] config: THRESHOLD=250G TARGET=250G RGCL_ROOT=/data/jehc223/RGCL B2_PREFIX=b2:junyi-data/RGCL_video
[2026-07-02 01:13:44] [disk_guard] log file: /data/jehc223/RGCL/slurm/logs/disk_guard.log
[2026-07-02 01:13:44] [disk_guard] current /data usage: 205G (threshold 250G, target 250G).
[2026-07-02 01:13:44] [disk_guard] usage 205G <= threshold 250G: nothing to reclaim. No-op.
[2026-07-02 01:13:44] [disk_guard] ==== disk_guard end (under threshold) ====
[2026-07-02 01:13:44] [disk_guard] current /data usage: 205G (threshold 250G, target 250G).
[2026-07-02 01:13:44] [disk_guard] usage 205G <= threshold 250G: nothing to reclaim. No-op.
[2026-07-02 01:13:44] [disk_guard] ==== disk_guard end (under threshold) ====
[2026-07-02 01:15:56] [disk_guard] ==== disk_guard start (dry_run=0, sourced=0) ====
[2026-07-02 01:15:56] [disk_guard] config: THRESHOLD=250G TARGET=250G RGCL_ROOT=/data/jehc223/RGCL B2_PREFIX=b2:junyi-data/RGCL_video
[2026-07-02 01:15:56] [disk_guard] log file: /data/jehc223/RGCL/slurm/logs/disk_guard.log
[2026-07-02 01:15:56] [disk_guard] current /data usage: 205G (threshold 250G, target 250G).
[2026-07-02 01:15:56] [disk_guard] usage 205G <= threshold 250G: nothing to reclaim. No-op.
[2026-07-02 01:15:56] [disk_guard] ==== disk_guard end (under threshold) ====
[2026-07-02 01:27:45] [disk_guard] ==== disk_guard start (dry_run=0, sourced=0) ====
[2026-07-02 01:27:45] [disk_guard] config: THRESHOLD=250G TARGET=250G RGCL_ROOT=/data/jehc223/RGCL B2_PREFIX=b2:junyi-data/RGCL_video
[2026-07-02 01:27:45] [disk_guard] log file: /data/jehc223/RGCL/slurm/logs/disk_guard.log
[2026-07-02 01:27:45] [disk_guard] current /data usage: 256G (threshold 250G, target 250G).
[2026-07-02 01:27:45] [disk_guard] usage 256G > threshold 250G: starting reclaim.
[2026-07-02 01:27:45] [disk_guard] Step (a): rclone VFS cache purge.
[2026-07-02 01:27:45] [disk_guard]   removed /data/jehc223/home/.cache/rclone/vfs (was 0)
[2026-07-02 01:27:45] [disk_guard]   removed /data/jehc223/home/.cache/rclone/vfsMeta (was 0)
[2026-07-02 01:27:45] [disk_guard]   usage now 256G still > target 250G: continuing.
[2026-07-02 01:27:45] [disk_guard] Step (b): HuggingFace cache.
[2026-07-02 01:27:45] [disk_guard]   HF cache purge skipped (conservative); needs manual review. Set DISK_GUARD_HF_PURGE=1 to allow datasets--*/.locks removal (never models--*).
[2026-07-02 01:27:45] [disk_guard]   usage now 256G still > target 250G: continuing.
[2026-07-02 01:27:45] [disk_guard] Step (c): push-verify-prune oldest logging/ checkpoints (mirrored to B2 under logs/).
[2026-07-02 01:27:45] [disk_guard]   found 30 candidate checkpoint(s), oldest-first.
[2026-07-02 01:27:45] [disk_guard]   need to free ~6.00GB to reach target 250G.
[2026-07-02 01:27:45] [disk_guard]   candidate: /data/jehc223/RGCL/logging/Retrieval/MHC/RAC_video/RAC_lr0.0001_Bz64_Ep30_cosSim_triplet_drop[0.2, 0.4, 0.1]_topK20__PseudoGold_positive_1_hard_negative_1_seed0_hybrid_loss/ckpt/best_model_0_0.775.pt
[2026-07-02 01:27:45] [disk_guard]     mtime=2026-07-02 01:11:00 size=40.03MB
[2026-07-02 01:27:45] [disk_guard]     -> b2 subpath: logs/Retrieval/MHC/RAC_video/RAC_lr0.0001_Bz64_Ep30_cosSim_triplet_drop[0.2, 0.4, 0.1]_topK20__PseudoGold_positive_1_hard_negative_1_seed0_hybrid_loss/ckpt/best_model_0_0.775.pt
[2026-07-02 01:27:45] [disk_guard]     pushing to B2 ...
[b2_push] copy: /data/jehc223/RGCL/logging/Retrieval/MHC/RAC_video/RAC_lr0.0001_Bz64_Ep30_cosSim_triplet_drop[0.2, 0.4, 0.1]_topK20__PseudoGold_positive_1_hard_negative_1_seed0_hybrid_loss/ckpt/best_model_0_0.775.pt -> b2:junyi-data/RGCL_video/logs/Retrieval/MHC/RAC_video/RAC_lr0.0001_Bz64_Ep30_cosSim_triplet_drop[0.2, 0.4, 0.1]_topK20__PseudoGold_positive_1_hard_negative_1_seed0_hybrid_loss/ckpt/best_model_0_0.775.pt
Transferred:   	          0 B / 40.028 MiB, 0%, 0 B/s, ETA -
Transferred:            0 / 1, 0%
Elapsed time:         0.3s
Transferring:
 *                         best_model_0_0.775.pt:  0% /40.028Mi, 0/s, -Transferred:   	          0 B / 40.028 MiB, 0%, 0 B/s, ETA -
Transferred:            0 / 1, 0%
Elapsed time:         0.8s
Transferring:
 *                         best_model_0_0.775.pt:  0% /40.028Mi, 0/s, -Transferred:   	          0 B / 40.028 MiB, 0%, 0 B/s, ETA -
Transferred:            0 / 1, 0%
Elapsed time:         1.3s
Transferring:
 *                         best_model_0_0.775.pt:  0% /40.028Mi, 0/s, -Transferred:   	      988 KiB / 40.028 MiB, 2%, 0 B/s, ETA -
Transferred:            0 / 1, 0%
Elapsed time:         1.8s
Transferring:
 *                         best_model_0_0.775.pt:  2% /40.028Mi, 0/s, -Transferred:   	    3.340 MiB / 40.028 MiB, 8%, 605.999 KiB/s, ETA 1m1s
Transferred:            0 / 1, 0%
Elapsed time:         2.3s
Transferring:
 *                         best_model_0_0.775.pt:  8% /40.028Mi, 605.999Ki/s, 1mTransferred:   	    5.777 MiB / 40.028 MiB, 14%, 605.999 KiB/s, ETA 57s
Transferred:            0 / 1, 0%
Elapsed time:         2.8s
Transferring:
 *                         best_model_0_0.775.pt: 14% /40.028Mi, 605.999Ki/s, 57Transferred:   	   10.934 MiB / 40.028 MiB, 27%, 2.301 MiB/s, ETA 12s
Transferred:            0 / 1, 0%
Elapsed time:         3.3s
Transferring:
 *                         best_model_0_0.775.pt: 27% /40.028Mi, 2.301Mi/s, 12sTransferred:   	   17.340 MiB / 40.028 MiB, 43%, 2.301 MiB/s, ETA 9s
Transferred:            0 / 1, 0%
Elapsed time:         3.8s
Transferring:
 *                         best_model_0_0.775.pt: 43% /40.028Mi, 2.301Mi/s, 9sTransferred:   	   24.621 MiB / 40.028 MiB, 62%, 4.991 MiB/s, ETA 3s
Transferred:            0 / 1, 0%
Elapsed time:         4.3s
Transferring:
 *                         best_model_0_0.775.pt: 61% /40.028Mi, 4.991Mi/s, 3sTransferred:   	   30.809 MiB / 40.028 MiB, 77%, 4.991 MiB/s, ETA 1s
Transferred:            0 / 1, 0%
Elapsed time:         4.8s
Transferring:
 *                         best_model_0_0.775.pt: 76% /40.028Mi, 4.991Mi/s, 1sTransferred:   	   38.246 MiB / 40.028 MiB, 96%, 6.755 MiB/s, ETA 0s
Transferred:            0 / 1, 0%
Elapsed time:         5.3s
Transferring:
 *                         best_model_0_0.775.pt: 95% /40.028Mi, 6.755Mi/s, 0sTransferred:   	   40.028 MiB / 40.028 MiB, 100%, 6.755 MiB/s, ETA 0s
Transferred:            0 / 1, 0%
Elapsed time:         5.8s
Transferring:
 *                         best_model_0_0.775.pt:100% /40.028Mi, 6.755Mi/s, 0sTransferred:   	   40.028 MiB / 40.028 MiB, 100%, 6.755 MiB/s, ETA 0s
Transferred:            1 / 1, 100%
Elapsed time:         5.8s
[b2_push] done -> b2:junyi-data/RGCL_video/logs/Retrieval/MHC/RAC_video/RAC_lr0.0001_Bz64_Ep30_cosSim_triplet_drop[0.2, 0.4, 0.1]_topK20__PseudoGold_positive_1_hard_negative_1_seed0_hybrid_loss/ckpt/best_model_0_0.775.pt
[2026-07-02 01:27:55] [disk_guard] verify: file not found on B2 at exact dest: b2:junyi-data/RGCL_video/logs/Retrieval/MHC/RAC_video/RAC_lr0.0001_Bz64_Ep30_cosSim_triplet_drop[0.2, 0.4, 0.1]_topK20__PseudoGold_positive_1_hard_negative_1_seed0_hybrid_loss/ckpt/best_model_0_0.775.pt
[2026-07-02 01:27:55] [disk_guard]     ERROR: verify failed; local kept (safe): /data/jehc223/RGCL/logging/Retrieval/MHC/RAC_video/RAC_lr0.0001_Bz64_Ep30_cosSim_triplet_drop[0.2, 0.4, 0.1]_topK20__PseudoGold_positive_1_hard_negative_1_seed0_hybrid_loss/ckpt/best_model_0_0.775.pt
[2026-07-02 01:27:55] [disk_guard]   candidate: /data/jehc223/RGCL/logging/Retrieval/HateMM/RAC_video/RAC_lr0.0001_Bz64_Ep30_cosSim_triplet_drop[0.2, 0.4, 0.1]_topK20__PseudoGold_positive_1_hard_negative_1_seed0_hybrid_loss/ckpt/best_model_0_0.8130841121495327.pt
[2026-07-02 01:27:55] [disk_guard]     mtime=2026-07-02 01:11:00 size=40.03MB
[2026-07-02 01:27:55] [disk_guard]     -> b2 subpath: logs/Retrieval/HateMM/RAC_video/RAC_lr0.0001_Bz64_Ep30_cosSim_triplet_drop[0.2, 0.4, 0.1]_topK20__PseudoGold_positive_1_hard_negative_1_seed0_hybrid_loss/ckpt/best_model_0_0.8130841121495327.pt
[2026-07-02 01:27:55] [disk_guard]     pushing to B2 ...
[b2_push] copy: /data/jehc223/RGCL/logging/Retrieval/HateMM/RAC_video/RAC_lr0.0001_Bz64_Ep30_cosSim_triplet_drop[0.2, 0.4, 0.1]_topK20__PseudoGold_positive_1_hard_negative_1_seed0_hybrid_loss/ckpt/best_model_0_0.8130841121495327.pt -> b2:junyi-data/RGCL_video/logs/Retrieval/HateMM/RAC_video/RAC_lr0.0001_Bz64_Ep30_cosSim_triplet_drop[0.2, 0.4, 0.1]_topK20__PseudoGold_positive_1_hard_negative_1_seed0_hybrid_loss/ckpt/best_model_0_0.8130841121495327.pt
Transferred:   	          0 B / 40.028 MiB, 0%, 0 B/s, ETA -
Transferred:            0 / 1, 0%
Elapsed time:         0.3s
Transferring:
 *            best_model_0_0.8130841121495327.pt:  0% /40.028Mi, 0/s, -Transferred:   	          0 B / 40.028 MiB, 0%, 0 B/s, ETA -
Transferred:            0 / 1, 0%
Elapsed time:         0.8s
Transferring:
 *            best_model_0_0.8130841121495327.pt:  0% /40.028Mi, 0/s, -Transferred:   	          0 B / 40.028 MiB, 0%, 0 B/s, ETA -
Transferred:            0 / 1, 0%
Elapsed time:         1.3s
Transferring:
 *            best_model_0_0.8130841121495327.pt:  0% /40.028Mi, 0/s, -Transferred:   	    1.090 MiB / 40.028 MiB, 3%, 0 B/s, ETA -
Transferred:            0 / 1, 0%
Elapsed time:         1.8s
Transferring:
 *            best_model_0_0.8130841121495327.pt:  2% /40.028Mi, 0/s, -Transferred:   	    2.059 MiB / 40.028 MiB, 5%, 813.999 KiB/s, ETA 47s
Transferred:            0 / 1, 0%
Elapsed time:         2.3s
Transferring:
 *            best_model_0_0.8130841121495327.pt:  5% /40.028Mi, 813.998Ki/s, 47Transferred:   	    4.840 MiB / 40.028 MiB, 12%, 813.999 KiB/s, ETA 44s
Transferred:            0 / 1, 0%
Elapsed time:         2.8s
Transferring:
 *            best_model_0_0.8130841121495327.pt: 12% /40.028Mi, 813.998Ki/s, 44Transferred:   	    7.996 MiB / 40.028 MiB, 20%, 2.103 MiB/s, ETA 15s
Transferred:            0 / 1, 0%
Elapsed time:         3.3s
Transferring:
 *            best_model_0_0.8130841121495327.pt: 19% /40.028Mi, 2.103Mi/s, 15sTransferred:   	   13.809 MiB / 40.028 MiB, 34%, 2.103 MiB/s, ETA 12s
Transferred:            0 / 1, 0%
Elapsed time:         3.8s
Transferring:
 *            best_model_0_0.8130841121495327.pt: 34% /40.028Mi, 2.103Mi/s, 12sTransferred:   	   21.027 MiB / 40.028 MiB, 53%, 4.116 MiB/s, ETA 4s
Transferred:            0 / 1, 0%
Elapsed time:         4.3s
Transferring:
 *            best_model_0_0.8130841121495327.pt: 52% /40.028Mi, 4.116Mi/s, 4sTransferred:   	   26.965 MiB / 40.028 MiB, 67%, 4.116 MiB/s, ETA 3s
Transferred:            0 / 1, 0%
Elapsed time:         4.8s
Transferring:
 *            best_model_0_0.8130841121495327.pt: 67% /40.028Mi, 4.116Mi/s, 3sTransferred:   	   34.121 MiB / 40.028 MiB, 85%, 5.893 MiB/s, ETA 1s
Transferred:            0 / 1, 0%
Elapsed time:         5.3s
Transferring:
 *            best_model_0_0.8130841121495327.pt: 85% /40.028Mi, 5.893Mi/s, 1sTransferred:   	   40.028 MiB / 40.028 MiB, 100%, 5.893 MiB/s, ETA 0s
Transferred:            0 / 1, 0%
Elapsed time:         5.8s
Transferring:
 *            best_model_0_0.8130841121495327.pt:100% /40.028Mi, 5.893Mi/s, 0sTransferred:   	   40.028 MiB / 40.028 MiB, 100%, 6.671 MiB/s, ETA 0s
Transferred:            0 / 1, 0%
Elapsed time:         6.3s
Transferring:
 *            best_model_0_0.8130841121495327.pt:100% /40.028Mi, 6.671Mi/s, 0sTransferred:   	   40.028 MiB / 40.028 MiB, 100%, 6.671 MiB/s, ETA 0s
Transferred:            1 / 1, 100%
Elapsed time:         6.4s
[b2_push] done -> b2:junyi-data/RGCL_video/logs/Retrieval/HateMM/RAC_video/RAC_lr0.0001_Bz64_Ep30_cosSim_triplet_drop[0.2, 0.4, 0.1]_topK20__PseudoGold_positive_1_hard_negative_1_seed0_hybrid_loss/ckpt/best_model_0_0.8130841121495327.pt
[2026-07-02 01:28:05] [disk_guard] verify: file not found on B2 at exact dest: b2:junyi-data/RGCL_video/logs/Retrieval/HateMM/RAC_video/RAC_lr0.0001_Bz64_Ep30_cosSim_triplet_drop[0.2, 0.4, 0.1]_topK20__PseudoGold_positive_1_hard_negative_1_seed0_hybrid_loss/ckpt/best_model_0_0.8130841121495327.pt
[2026-07-02 01:28:05] [disk_guard]     ERROR: verify failed; local kept (safe): /data/jehc223/RGCL/logging/Retrieval/HateMM/RAC_video/RAC_lr0.0001_Bz64_Ep30_cosSim_triplet_drop[0.2, 0.4, 0.1]_topK20__PseudoGold_positive_1_hard_negative_1_seed0_hybrid_loss/ckpt/best_model_0_0.8130841121495327.pt
[2026-07-02 01:28:05] [disk_guard]   candidate: /data/jehc223/RGCL/logging/Retrieval/HateMM/RAC_video/RAC_lr0.0001_Bz64_Ep30_cosSim_triplet_drop[0.2, 0.4, 0.1]_topK20__PseudoGold_positive_1_hard_negative_1_seed0_hybrid_loss/ckpt/best_model_1_0.8317757009345794.pt
[2026-07-02 01:28:05] [disk_guard]     mtime=2026-07-02 01:11:01 size=40.03MB
[2026-07-02 01:28:05] [disk_guard]     -> b2 subpath: logs/Retrieval/HateMM/RAC_video/RAC_lr0.0001_Bz64_Ep30_cosSim_triplet_drop[0.2, 0.4, 0.1]_topK20__PseudoGold_positive_1_hard_negative_1_seed0_hybrid_loss/ckpt/best_model_1_0.8317757009345794.pt
[2026-07-02 01:28:05] [disk_guard]     pushing to B2 ...
[b2_push] copy: /data/jehc223/RGCL/logging/Retrieval/HateMM/RAC_video/RAC_lr0.0001_Bz64_Ep30_cosSim_triplet_drop[0.2, 0.4, 0.1]_topK20__PseudoGold_positive_1_hard_negative_1_seed0_hybrid_loss/ckpt/best_model_1_0.8317757009345794.pt -> b2:junyi-data/RGCL_video/logs/Retrieval/HateMM/RAC_video/RAC_lr0.0001_Bz64_Ep30_cosSim_triplet_drop[0.2, 0.4, 0.1]_topK20__PseudoGold_positive_1_hard_negative_1_seed0_hybrid_loss/ckpt/best_model_1_0.8317757009345794.pt
Transferred:   	          0 B / 40.028 MiB, 0%, 0 B/s, ETA -
Transferred:            0 / 1, 0%
Elapsed time:         0.3s
Transferring:
 *            best_model_1_0.8317757009345794.pt:  0% /40.028Mi, 0/s, -Transferred:   	          0 B / 40.028 MiB, 0%, 0 B/s, ETA -
Transferred:            0 / 1, 0%
Elapsed time:         0.8s
Transferring:
 *            best_model_1_0.8317757009345794.pt:  0% /40.028Mi, 0/s, -Transferred:   	          0 B / 40.028 MiB, 0%, 0 B/s, ETA -
Transferred:            0 / 1, 0%
Elapsed time:         1.3s
Transferring:
 *            best_model_1_0.8317757009345794.pt:  0% /40.028Mi, 0/s, -Transferred:   	     1020 KiB / 40.028 MiB, 2%, 0 B/s, ETA -
Transferred:            0 / 1, 0%
Elapsed time:         1.8s
Transferring:
 *            best_model_1_0.8317757009345794.pt:  2% /40.028Mi, 0/s, -Transferred:   	    2.996 MiB / 40.028 MiB, 7%, 1.014 MiB/s, ETA 36s
Transferred:            0 / 1, 0%
Elapsed time:         2.3s
Transferring:
 *            best_model_1_0.8317757009345794.pt:  7% /40.028Mi, 1.014Mi/s, 36sTransferred:   	    6.184 MiB / 40.028 MiB, 15%, 1.014 MiB/s, ETA 33s
Transferred:            0 / 1, 0%
Elapsed time:         2.8s
Transferring:
 *            best_model_1_0.8317757009345794.pt: 15% /40.028Mi, 1.014Mi/s, 33sTransferred:   	    9.996 MiB / 40.028 MiB, 25%, 2.405 MiB/s, ETA 12s
Transferred:            0 / 1, 0%
Elapsed time:         3.3s
Transferring:
 *            best_model_1_0.8317757009345794.pt: 24% /40.028Mi, 2.405Mi/s, 12sTransferred:   	   14.996 MiB / 40.028 MiB, 37%, 2.405 MiB/s, ETA 10s
Transferred:            0 / 1, 0%
Elapsed time:         3.8s
Transferring:
 *            best_model_1_0.8317757009345794.pt: 37% /40.028Mi, 2.405Mi/s, 10sTransferred:   	   16.809 MiB / 40.028 MiB, 42%, 3.983 MiB/s, ETA 5s
Transferred:            0 / 1, 0%
Elapsed time:         4.3s
Transferring:
 *            best_model_1_0.8317757009345794.pt: 41% /40.028Mi, 3.983Mi/s, 5sTransferred:   	   18.902 MiB / 40.028 MiB, 47%, 3.983 MiB/s, ETA 5s
Transferred:            0 / 1, 0%
Elapsed time:         4.8s
Transferring:
 *            best_model_1_0.8317757009345794.pt: 47% /40.028Mi, 3.983Mi/s, 5sTransferred:   	   25.559 MiB / 40.028 MiB, 64%, 4.268 MiB/s, ETA 3s
Transferred:            0 / 1, 0%
Elapsed time:         5.3s
Transferring:
 *            best_model_1_0.8317757009345794.pt: 63% /40.028Mi, 4.268Mi/s, 3sTransferred:   	   31.277 MiB / 40.028 MiB, 78%, 4.268 MiB/s, ETA 2s
Transferred:            0 / 1, 0%
Elapsed time:         5.8s
Transferring:
 *            best_model_1_0.8317757009345794.pt: 78% /40.028Mi, 4.268Mi/s, 2sTransferred:   	   38.340 MiB / 40.028 MiB, 96%, 5.661 MiB/s, ETA 0s
Transferred:            0 / 1, 0%
Elapsed time:         6.3s
Transferring:
 *            best_model_1_0.8317757009345794.pt: 95% /40.028Mi, 5.661Mi/s, 0sTransferred:   	   40.028 MiB / 40.028 MiB, 100%, 5.661 MiB/s, ETA 0s
Transferred:            0 / 1, 0%
Elapsed time:         6.8s
Transferring:
 *            best_model_1_0.8317757009345794.pt:100% /40.028Mi, 5.661Mi/s, 0sTransferred:   	   40.028 MiB / 40.028 MiB, 100%, 5.661 MiB/s, ETA 0s
Transferred:            1 / 1, 100%
Elapsed time:         6.9s
[b2_push] done -> b2:junyi-data/RGCL_video/logs/Retrieval/HateMM/RAC_video/RAC_lr0.0001_Bz64_Ep30_cosSim_triplet_drop[0.2, 0.4, 0.1]_topK20__PseudoGold_positive_1_hard_negative_1_seed0_hybrid_loss/ckpt/best_model_1_0.8317757009345794.pt
[2026-07-02 01:28:16] [disk_guard] verify: file not found on B2 at exact dest: b2:junyi-data/RGCL_video/logs/Retrieval/HateMM/RAC_video/RAC_lr0.0001_Bz64_Ep30_cosSim_triplet_drop[0.2, 0.4, 0.1]_topK20__PseudoGold_positive_1_hard_negative_1_seed0_hybrid_loss/ckpt/best_model_1_0.8317757009345794.pt
[2026-07-02 01:28:16] [disk_guard]     ERROR: verify failed; local kept (safe): /data/jehc223/RGCL/logging/Retrieval/HateMM/RAC_video/RAC_lr0.0001_Bz64_Ep30_cosSim_triplet_drop[0.2, 0.4, 0.1]_topK20__PseudoGold_positive_1_hard_negative_1_seed0_hybrid_loss/ckpt/best_model_1_0.8317757009345794.pt
[2026-07-02 01:28:16] [disk_guard]   candidate: /data/jehc223/RGCL/logging/Retrieval/MHC/RAC_video/RAC_lr0.0001_Bz64_Ep30_cosSim_triplet_drop[0.2, 0.4, 0.1]_topK20__PseudoGold_positive_1_hard_negative_1_seed0_hybrid_loss/ckpt/best_model_17_0.775.pt
[2026-07-02 01:28:16] [disk_guard]     mtime=2026-07-02 01:11:11 size=40.03MB
[2026-07-02 01:28:16] [disk_guard]     -> b2 subpath: logs/Retrieval/MHC/RAC_video/RAC_lr0.0001_Bz64_Ep30_cosSim_triplet_drop[0.2, 0.4, 0.1]_topK20__PseudoGold_positive_1_hard_negative_1_seed0_hybrid_loss/ckpt/best_model_17_0.775.pt
[2026-07-02 01:28:16] [disk_guard]     pushing to B2 ...
[b2_push] copy: /data/jehc223/RGCL/logging/Retrieval/MHC/RAC_video/RAC_lr0.0001_Bz64_Ep30_cosSim_triplet_drop[0.2, 0.4, 0.1]_topK20__PseudoGold_positive_1_hard_negative_1_seed0_hybrid_loss/ckpt/best_model_17_0.775.pt -> b2:junyi-data/RGCL_video/logs/Retrieval/MHC/RAC_video/RAC_lr0.0001_Bz64_Ep30_cosSim_triplet_drop[0.2, 0.4, 0.1]_topK20__PseudoGold_positive_1_hard_negative_1_seed0_hybrid_loss/ckpt/best_model_17_0.775.pt
Transferred:   	          0 B / 40.028 MiB, 0%, 0 B/s, ETA -
Transferred:            0 / 1, 0%
Elapsed time:         0.2s
Transferring:
 *                        best_model_17_0.775.pt:  0% /40.028Mi, 0/s, -Transferred:   	          0 B / 40.028 MiB, 0%, 0 B/s, ETA -
Transferred:            0 / 1, 0%
Elapsed time:         0.7s
Transferring:
 *                        best_model_17_0.775.pt:  0% /40.028Mi, 0/s, -Transferred:   	          0 B / 40.028 MiB, 0%, 0 B/s, ETA -
Transferred:            0 / 1, 0%
Elapsed time:         1.2s
Transferring:
 *                        best_model_17_0.775.pt:  0% /40.028Mi, 0/s, -Transferred:   	      860 KiB / 40.028 MiB, 2%, 0 B/s, ETA -
Transferred:            0 / 1, 0%
Elapsed time:         1.7s
Transferring:
 *                        best_model_17_0.775.pt:  2% /40.028Mi, 0/s, -Transferred:   	    1.809 MiB / 40.028 MiB, 5%, 509.999 KiB/s, ETA 1m16s
Transferred:            0 / 1, 0%
Elapsed time:         2.2s
Transferring:
 *                        best_model_17_0.775.pt:  4% /40.028Mi, 509.998Ki/s, 1mTransferred:   	    3.934 MiB / 40.028 MiB, 10%, 509.999 KiB/s, ETA 1m12s
Transferred:            0 / 1, 0%
Elapsed time:         2.7s
Transferring:
 *                        best_model_17_0.775.pt:  9% /40.028Mi, 509.998Ki/s, 1mTransferred:   	    6.902 MiB / 40.028 MiB, 17%, 1.884 MiB/s, ETA 17s
Transferred:            0 / 1, 0%
Elapsed time:         3.2s
Transferring:
 *                        best_model_17_0.775.pt: 17% /40.028Mi, 1.884Mi/s, 17sTransferred:   	   12.590 MiB / 40.028 MiB, 31%, 1.884 MiB/s, ETA 14s
Transferred:            0 / 1, 0%
Elapsed time:         3.7s
Transferring:
 *                        best_model_17_0.775.pt: 31% /40.028Mi, 1.884Mi/s, 14sTransferred:   	   15.746 MiB / 40.028 MiB, 39%, 3.733 MiB/s, ETA 6s
Transferred:            0 / 1, 0%
Elapsed time:         4.2s
Transferring:
 *                        best_model_17_0.775.pt: 39% /40.028Mi, 3.733Mi/s, 6sTransferred:   	   19.934 MiB / 40.028 MiB, 50%, 3.733 MiB/s, ETA 5s
Transferred:            0 / 1, 0%
Elapsed time:         4.7s
Transferring:
 *                        best_model_17_0.775.pt: 49% /40.028Mi, 3.733Mi/s, 5sTransferred:   	   26.402 MiB / 40.028 MiB, 66%, 4.580 MiB/s, ETA 2s
Transferred:            0 / 1, 0%
Elapsed time:         5.2s
Transferring:
 *                        best_model_17_0.775.pt: 65% /40.028Mi, 4.580Mi/s, 2sTransferred:   	   33.340 MiB / 40.028 MiB, 83%, 4.580 MiB/s, ETA 1s
Transferred:            0 / 1, 0%
Elapsed time:         5.7s
Transferring:
 *                        best_model_17_0.775.pt: 83% /40.028Mi, 4.580Mi/s, 1sTransferred:   	   40.028 MiB / 40.028 MiB, 100%, 6.114 MiB/s, ETA 0s
Transferred:            0 / 1, 0%
Elapsed time:         6.2s
Transferring:
 *                        best_model_17_0.775.pt:100% /40.028Mi, 6.114Mi/s, 0sTransferred:   	   40.028 MiB / 40.028 MiB, 100%, 6.114 MiB/s, ETA 0s
Transferred:            0 / 1, 0%
Elapsed time:         6.7s
Transferring:
 *                        best_model_17_0.775.pt:100% /40.028Mi, 6.114Mi/s, 0sTransferred:   	   40.028 MiB / 40.028 MiB, 100%, 6.114 MiB/s, ETA 0s
Transferred:            1 / 1, 100%
Elapsed time:         6.7s
[b2_push] done -> b2:junyi-data/RGCL_video/logs/Retrieval/MHC/RAC_video/RAC_lr0.0001_Bz64_Ep30_cosSim_triplet_drop[0.2, 0.4, 0.1]_topK20__PseudoGold_positive_1_hard_negative_1_seed0_hybrid_loss/ckpt/best_model_17_0.775.pt
[2026-07-02 01:28:27] [disk_guard] verify: file not found on B2 at exact dest: b2:junyi-data/RGCL_video/logs/Retrieval/MHC/RAC_video/RAC_lr0.0001_Bz64_Ep30_cosSim_triplet_drop[0.2, 0.4, 0.1]_topK20__PseudoGold_positive_1_hard_negative_1_seed0_hybrid_loss/ckpt/best_model_17_0.775.pt
[2026-07-02 01:28:27] [disk_guard]     ERROR: verify failed; local kept (safe): /data/jehc223/RGCL/logging/Retrieval/MHC/RAC_video/RAC_lr0.0001_Bz64_Ep30_cosSim_triplet_drop[0.2, 0.4, 0.1]_topK20__PseudoGold_positive_1_hard_negative_1_seed0_hybrid_loss/ckpt/best_model_17_0.775.pt
[2026-07-02 01:28:27] [disk_guard]   candidate: /data/jehc223/RGCL/logging/Retrieval/HateMM/RAC_video/RAC_lr0.0001_Bz64_Ep30_cosSim_triplet_drop[0.2, 0.4, 0.1]_topK20__PseudoGold_positive_1_hard_negative_1_seed0_hybrid_loss/ckpt/best_model_13_0.8317757009345794.pt
[2026-07-02 01:28:27] [disk_guard]     mtime=2026-07-02 01:11:12 size=40.03MB
[2026-07-02 01:28:27] [disk_guard]     -> b2 subpath: logs/Retrieval/HateMM/RAC_video/RAC_lr0.0001_Bz64_Ep30_cosSim_triplet_drop[0.2, 0.4, 0.1]_topK20__PseudoGold_positive_1_hard_negative_1_seed0_hybrid_loss/ckpt/best_model_13_0.8317757009345794.pt
[2026-07-02 01:28:27] [disk_guard]     pushing to B2 ...
[b2_push] copy: /data/jehc223/RGCL/logging/Retrieval/HateMM/RAC_video/RAC_lr0.0001_Bz64_Ep30_cosSim_triplet_drop[0.2, 0.4, 0.1]_topK20__PseudoGold_positive_1_hard_negative_1_seed0_hybrid_loss/ckpt/best_model_13_0.8317757009345794.pt -> b2:junyi-data/RGCL_video/logs/Retrieval/HateMM/RAC_video/RAC_lr0.0001_Bz64_Ep30_cosSim_triplet_drop[0.2, 0.4, 0.1]_topK20__PseudoGold_positive_1_hard_negative_1_seed0_hybrid_loss/ckpt/best_model_13_0.8317757009345794.pt
Transferred:   	          0 B / 40.028 MiB, 0%, 0 B/s, ETA -
Transferred:            0 / 1, 0%
Elapsed time:         0.2s
Transferring:
 *           best_model_13_0.8317757009345794.pt:  0% /40.028Mi, 0/s, -Transferred:   	          0 B / 40.028 MiB, 0%, 0 B/s, ETA -
Transferred:            0 / 1, 0%
Elapsed time:         0.7s
Transferring:
 *           best_model_13_0.8317757009345794.pt:  0% /40.028Mi, 0/s, -Transferred:   	          0 B / 40.028 MiB, 0%, 0 B/s, ETA -
Transferred:            0 / 1, 0%
Elapsed time:         1.2s
Transferring:
 *           best_model_13_0.8317757009345794.pt:  0% /40.028Mi, 0/s, -Transferred:   	    1.340 MiB / 40.028 MiB, 3%, 0 B/s, ETA -
Transferred:            0 / 1, 0%
Elapsed time:         1.7s
Transferring:
 *           best_model_13_0.8317757009345794.pt:  3% /40.028Mi, 0/s, -Transferred:   	    1.684 MiB / 40.028 MiB, 4%, 765.999 KiB/s, ETA 51s
Transferred:            0 / 1, 0%
Elapsed time:         2.2s
Transferring:
 *           best_model_13_0.8317757009345794.pt:  4% /40.028Mi, 765.997Ki/s, 51Transferred:   	    5.277 MiB / 40.028 MiB, 13%, 765.999 KiB/s, ETA 46s
Transferred:            0 / 1, 0%
Elapsed time:         2.7s
Transferring:
 *           best_model_13_0.8317757009345794.pt: 13% /40.028Mi, 765.997Ki/s, 46Transferred:   	    8.277 MiB / 40.028 MiB, 21%, 2.040 MiB/s, ETA 15s
Transferred:            0 / 1, 0%
Elapsed time:         3.2s
Transferring:
 *           best_model_13_0.8317757009345794.pt: 20% /40.028Mi, 2.040Mi/s, 15sTransferred:   	   16.152 MiB / 40.028 MiB, 40%, 2.040 MiB/s, ETA 11s
Transferred:            0 / 1, 0%
Elapsed time:         3.7s
Transferring:
 *           best_model_13_0.8317757009345794.pt: 40% /40.028Mi, 2.040Mi/s, 11sTransferred:   	   22.496 MiB / 40.028 MiB, 56%, 4.647 MiB/s, ETA 3s
Transferred:            0 / 1, 0%
Elapsed time:         4.2s
Transferring:
 *           best_model_13_0.8317757009345794.pt: 56% /40.028Mi, 4.647Mi/s, 3sTransferred:   	   29.152 MiB / 40.028 MiB, 73%, 4.647 MiB/s, ETA 2s
Transferred:            0 / 1, 0%
Elapsed time:         4.7s
Transferring:
 *           best_model_13_0.8317757009345794.pt: 72% /40.028Mi, 4.647Mi/s, 2sTransferred:   	   36.184 MiB / 40.028 MiB, 90%, 6.393 MiB/s, ETA 0s
Transferred:            0 / 1, 0%
Elapsed time:         5.2s
Transferring:
 *           best_model_13_0.8317757009345794.pt: 90% /40.028Mi, 6.393Mi/s, 0sTransferred:   	   40.028 MiB / 40.028 MiB, 100%, 6.393 MiB/s, ETA 0s
Transferred:            0 / 1, 0%
Elapsed time:         5.7s
Transferring:
 *           best_model_13_0.8317757009345794.pt:100% /40.028Mi, 6.393Mi/s, 0sTransferred:   	   40.028 MiB / 40.028 MiB, 100%, 6.671 MiB/s, ETA 0s
Transferred:            1 / 1, 100%
Elapsed time:         6.1s
[b2_push] done -> b2:junyi-data/RGCL_video/logs/Retrieval/HateMM/RAC_video/RAC_lr0.0001_Bz64_Ep30_cosSim_triplet_drop[0.2, 0.4, 0.1]_topK20__PseudoGold_positive_1_hard_negative_1_seed0_hybrid_loss/ckpt/best_model_13_0.8317757009345794.pt
[2026-07-02 01:28:36] [disk_guard] verify: file not found on B2 at exact dest: b2:junyi-data/RGCL_video/logs/Retrieval/HateMM/RAC_video/RAC_lr0.0001_Bz64_Ep30_cosSim_triplet_drop[0.2, 0.4, 0.1]_topK20__PseudoGold_positive_1_hard_negative_1_seed0_hybrid_loss/ckpt/best_model_13_0.8317757009345794.pt
[2026-07-02 01:28:36] [disk_guard]     ERROR: verify failed; local kept (safe): /data/jehc223/RGCL/logging/Retrieval/HateMM/RAC_video/RAC_lr0.0001_Bz64_Ep30_cosSim_triplet_drop[0.2, 0.4, 0.1]_topK20__PseudoGold_positive_1_hard_negative_1_seed0_hybrid_loss/ckpt/best_model_13_0.8317757009345794.pt
[2026-07-02 01:28:36] [disk_guard]   candidate: /data/jehc223/RGCL/logging/Retrieval/HateMM/RAC_video/RAC_lr0.0001_Bz64_Ep30_cosSim_triplet_drop[0.2, 0.4, 0.1]_topK20__PseudoGold_positive_1_hard_negative_1_seed0_hybrid_loss/ckpt/best_model_17_0.8317757009345794.pt
[2026-07-02 01:28:36] [disk_guard]     mtime=2026-07-02 01:11:15 size=40.03MB
[2026-07-02 01:28:36] [disk_guard]     -> b2 subpath: logs/Retrieval/HateMM/RAC_video/RAC_lr0.0001_Bz64_Ep30_cosSim_triplet_drop[0.2, 0.4, 0.1]_topK20__PseudoGold_positive_1_hard_negative_1_seed0_hybrid_loss/ckpt/best_model_17_0.8317757009345794.pt
[2026-07-02 01:28:36] [disk_guard]     pushing to B2 ...
[b2_push] copy: /data/jehc223/RGCL/logging/Retrieval/HateMM/RAC_video/RAC_lr0.0001_Bz64_Ep30_cosSim_triplet_drop[0.2, 0.4, 0.1]_topK20__PseudoGold_positive_1_hard_negative_1_seed0_hybrid_loss/ckpt/best_model_17_0.8317757009345794.pt -> b2:junyi-data/RGCL_video/logs/Retrieval/HateMM/RAC_video/RAC_lr0.0001_Bz64_Ep30_cosSim_triplet_drop[0.2, 0.4, 0.1]_topK20__PseudoGold_positive_1_hard_negative_1_seed0_hybrid_loss/ckpt/best_model_17_0.8317757009345794.pt
Transferred:   	          0 B / 40.028 MiB, 0%, 0 B/s, ETA -
Transferred:            0 / 1, 0%
Elapsed time:         0.1s
Transferring:
 *           best_model_17_0.8317757009345794.pt:  0% /40.028Mi, 0/s, -Transferred:   	          0 B / 40.028 MiB, 0%, 0 B/s, ETA -
Transferred:            0 / 1, 0%
Elapsed time:         0.6s
Transferring:
 *           best_model_17_0.8317757009345794.pt:  0% /40.028Mi, 0/s, -Transferred:   	          0 B / 40.028 MiB, 0%, 0 B/s, ETA -
Transferred:            0 / 1, 0%
Elapsed time:         1.1s
Transferring:
 *           best_model_17_0.8317757009345794.pt:  0% /40.028Mi, 0/s, -Transferred:   	     1020 KiB / 40.028 MiB, 2%, 0 B/s, ETA -
Transferred:            0 / 1, 0%
Elapsed time:         1.6s
Transferring:
 *           best_model_17_0.8317757009345794.pt:  2% /40.028Mi, 0/s, -Transferred:   	    2.309 MiB / 40.028 MiB, 6%, 621.994 KiB/s, ETA 1m2s
Transferred:            0 / 1, 0%
Elapsed time:         2.1s
Transferring:
 *           best_model_17_0.8317757009345794.pt:  5% /40.028Mi, 621.993Ki/s, 1mTransferred:   	    4.184 MiB / 40.028 MiB, 10%, 621.994 KiB/s, ETA 59s
Transferred:            0 / 1, 0%
Elapsed time:         2.6s
Transferring:
 *           best_model_17_0.8317757009345794.pt: 10% /40.028Mi, 621.993Ki/s, 59Transferred:   	    7.059 MiB / 40.028 MiB, 18%, 2.134 MiB/s, ETA 15s
Transferred:            0 / 1, 0%
Elapsed time:         3.1s
Transferring:
 *           best_model_17_0.8317757009345794.pt: 17% /40.028Mi, 2.134Mi/s, 15sTransferred:   	   10.996 MiB / 40.028 MiB, 27%, 2.134 MiB/s, ETA 13s
Transferred:            0 / 1, 0%
Elapsed time:         3.6s
Transferring:
 *           best_model_17_0.8317757009345794.pt: 27% /40.028Mi, 2.134Mi/s, 13sTransferred:   	   17.684 MiB / 40.028 MiB, 44%, 3.897 MiB/s, ETA 5s
Transferred:            0 / 1, 0%
Elapsed time:         4.1s
Transferring:
 *           best_model_17_0.8317757009345794.pt: 44% /40.028Mi, 3.897Mi/s, 5sTransferred:   	   24.059 MiB / 40.028 MiB, 60%, 3.897 MiB/s, ETA 4s
Transferred:            0 / 1, 0%
Elapsed time:         4.6s
Transferring:
 *           best_model_17_0.8317757009345794.pt: 60% /40.028Mi, 3.897Mi/s, 4sTransferred:   	   31.340 MiB / 40.028 MiB, 78%, 5.762 MiB/s, ETA 1s
Transferred:            0 / 1, 0%
Elapsed time:         5.1s
Transferring:
 *           best_model_17_0.8317757009345794.pt: 78% /40.028Mi, 5.762Mi/s, 1sTransferred:   	   37.934 MiB / 40.028 MiB, 95%, 5.762 MiB/s, ETA 0s
Transferred:            0 / 1, 0%
Elapsed time:         5.6s
Transferring:
 *           best_model_17_0.8317757009345794.pt: 94% /40.028Mi, 5.762Mi/s, 0sTransferred:   	   40.028 MiB / 40.028 MiB, 100%, 6.671 MiB/s, ETA 0s
Transferred:            0 / 1, 0%
Elapsed time:         6.1s
Transferring:
 *           best_model_17_0.8317757009345794.pt:100% /40.028Mi, 6.671Mi/s, 0sTransferred:   	   40.028 MiB / 40.028 MiB, 100%, 6.671 MiB/s, ETA 0s
Transferred:            1 / 1, 100%
Elapsed time:         6.2s
[b2_push] done -> b2:junyi-data/RGCL_video/logs/Retrieval/HateMM/RAC_video/RAC_lr0.0001_Bz64_Ep30_cosSim_triplet_drop[0.2, 0.4, 0.1]_topK20__PseudoGold_positive_1_hard_negative_1_seed0_hybrid_loss/ckpt/best_model_17_0.8317757009345794.pt
[2026-07-02 01:28:47] [disk_guard] verify: file not found on B2 at exact dest: b2:junyi-data/RGCL_video/logs/Retrieval/HateMM/RAC_video/RAC_lr0.0001_Bz64_Ep30_cosSim_triplet_drop[0.2, 0.4, 0.1]_topK20__PseudoGold_positive_1_hard_negative_1_seed0_hybrid_loss/ckpt/best_model_17_0.8317757009345794.pt
[2026-07-02 01:28:47] [disk_guard]     ERROR: verify failed; local kept (safe): /data/jehc223/RGCL/logging/Retrieval/HateMM/RAC_video/RAC_lr0.0001_Bz64_Ep30_cosSim_triplet_drop[0.2, 0.4, 0.1]_topK20__PseudoGold_positive_1_hard_negative_1_seed0_hybrid_loss/ckpt/best_model_17_0.8317757009345794.pt
[2026-07-02 01:28:47] [disk_guard]   candidate: /data/jehc223/RGCL/logging/Retrieval/HateMM/RAC_video/RAC_lr0.0001_Bz64_Ep30_cosSim_triplet_drop[0.2, 0.4, 0.1]_topK20__PseudoGold_positive_1_hard_negative_1_seed0_hybrid_loss/ckpt/best_model_18_0.8411214953271028.pt
[2026-07-02 01:28:47] [disk_guard]     mtime=2026-07-02 01:11:16 size=40.03MB
[2026-07-02 01:28:47] [disk_guard]     -> b2 subpath: logs/Retrieval/HateMM/RAC_video/RAC_lr0.0001_Bz64_Ep30_cosSim_triplet_drop[0.2, 0.4, 0.1]_topK20__PseudoGold_positive_1_hard_negative_1_seed0_hybrid_loss/ckpt/best_model_18_0.8411214953271028.pt
[2026-07-02 01:28:47] [disk_guard]     pushing to B2 ...
[b2_push] copy: /data/jehc223/RGCL/logging/Retrieval/HateMM/RAC_video/RAC_lr0.0001_Bz64_Ep30_cosSim_triplet_drop[0.2, 0.4, 0.1]_topK20__PseudoGold_positive_1_hard_negative_1_seed0_hybrid_loss/ckpt/best_model_18_0.8411214953271028.pt -> b2:junyi-data/RGCL_video/logs/Retrieval/HateMM/RAC_video/RAC_lr0.0001_Bz64_Ep30_cosSim_triplet_drop[0.2, 0.4, 0.1]_topK20__PseudoGold_positive_1_hard_negative_1_seed0_hybrid_loss/ckpt/best_model_18_0.8411214953271028.pt
Transferred:   	          0 B / 40.028 MiB, 0%, 0 B/s, ETA -
Transferred:            0 / 1, 0%
Elapsed time:         0.3s
Transferring:
 *           best_model_18_0.8411214953271028.pt:  0% /40.028Mi, 0/s, -Transferred:   	          0 B / 40.028 MiB, 0%, 0 B/s, ETA -
Transferred:            0 / 1, 0%
Elapsed time:         0.8s
Transferring:
 *           best_model_18_0.8411214953271028.pt:  0% /40.028Mi, 0/s, -Transferred:   	          0 B / 40.028 MiB, 0%, 0 B/s, ETA -
Transferred:            0 / 1, 0%
Elapsed time:         1.3s
Transferring:
 *           best_model_18_0.8411214953271028.pt:  0% /40.028Mi, 0/s, -Transferred:   	    1.121 MiB / 40.028 MiB, 3%, 0 B/s, ETA -
Transferred:            0 / 1, 0%
Elapsed time:         1.8s
Transferring:
 *           best_model_18_0.8411214953271028.pt:  2% /40.028Mi, 0/s, -Transferred:   	    2.871 MiB / 40.028 MiB, 7%, 574 KiB/s, ETA 1m6s
Transferred:            0 / 1, 0%
Elapsed time:         2.3s
Transferring:
 *           best_model_18_0.8411214953271028.pt:  7% /40.028Mi, 573.998Ki/s, 1mTransferred:   	    6.746 MiB / 40.028 MiB, 17%, 574 KiB/s, ETA 59s
Transferred:            0 / 1, 0%
Elapsed time:         2.8s
Transferring:
 *           best_model_18_0.8411214953271028.pt: 16% /40.028Mi, 573.998Ki/s, 59Transferred:   	   11.559 MiB / 40.028 MiB, 29%, 2.582 MiB/s, ETA 11s
Transferred:            0 / 1, 0%
Elapsed time:         3.3s
Transferring:
 *           best_model_18_0.8411214953271028.pt: 28% /40.028Mi, 2.582Mi/s, 11sTransferred:   	   17.590 MiB / 40.028 MiB, 44%, 2.582 MiB/s, ETA 8s
Transferred:            0 / 1, 0%
Elapsed time:         3.8s
Transferring:
 *           best_model_18_0.8411214953271028.pt: 43% /40.028Mi, 2.582Mi/s, 8sTransferred:   	   24.777 MiB / 40.028 MiB, 62%, 5.093 MiB/s, ETA 2s
Transferred:            0 / 1, 0%
Elapsed time:         4.3s
Transferring:
 *           best_model_18_0.8411214953271028.pt: 61% /40.028Mi, 5.093Mi/s, 2sTransferred:   	   31.590 MiB / 40.028 MiB, 79%, 5.093 MiB/s, ETA 1s
Transferred:            0 / 1, 0%
Elapsed time:         4.8s
Transferring:
 *           best_model_18_0.8411214953271028.pt: 78% /40.028Mi, 5.093Mi/s, 1sTransferred:   	   37.996 MiB / 40.028 MiB, 95%, 6.843 MiB/s, ETA 0s
Transferred:            0 / 1, 0%
Elapsed time:         5.3s
Transferring:
 *           best_model_18_0.8411214953271028.pt: 94% /40.028Mi, 6.843Mi/s, 0sTransferred:   	   40.028 MiB / 40.028 MiB, 100%, 6.843 MiB/s, ETA 0s
Transferred:            0 / 1, 0%
Elapsed time:         5.8s
Transferring:
 *           best_model_18_0.8411214953271028.pt:100% /40.028Mi, 6.843Mi/s, 0sTransferred:   	   40.028 MiB / 40.028 MiB, 100%, 6.843 MiB/s, ETA 0s
Transferred:            1 / 1, 100%
Elapsed time:         5.9s
[b2_push] done -> b2:junyi-data/RGCL_video/logs/Retrieval/HateMM/RAC_video/RAC_lr0.0001_Bz64_Ep30_cosSim_triplet_drop[0.2, 0.4, 0.1]_topK20__PseudoGold_positive_1_hard_negative_1_seed0_hybrid_loss/ckpt/best_model_18_0.8411214953271028.pt
[2026-07-02 01:28:56] [disk_guard] verify: file not found on B2 at exact dest: b2:junyi-data/RGCL_video/logs/Retrieval/HateMM/RAC_video/RAC_lr0.0001_Bz64_Ep30_cosSim_triplet_drop[0.2, 0.4, 0.1]_topK20__PseudoGold_positive_1_hard_negative_1_seed0_hybrid_loss/ckpt/best_model_18_0.8411214953271028.pt
[2026-07-02 01:28:56] [disk_guard]     ERROR: verify failed; local kept (safe): /data/jehc223/RGCL/logging/Retrieval/HateMM/RAC_video/RAC_lr0.0001_Bz64_Ep30_cosSim_triplet_drop[0.2, 0.4, 0.1]_topK20__PseudoGold_positive_1_hard_negative_1_seed0_hybrid_loss/ckpt/best_model_18_0.8411214953271028.pt
[2026-07-02 01:28:56] [disk_guard]   candidate: /data/jehc223/RGCL/logging/Retrieval/MHC/RAC_video/RAC_lr0.0001_Bz64_Ep30_cosSim_triplet_drop[0.2, 0.4, 0.1]_topK20__PseudoGold_positive_1_hard_negative_1_seed0_hybrid_loss/ckpt/best_model_28_0.8.pt
[2026-07-02 01:28:56] [disk_guard]     mtime=2026-07-02 01:11:18 size=40.03MB
[2026-07-02 01:28:56] [disk_guard]     -> b2 subpath: logs/Retrieval/MHC/RAC_video/RAC_lr0.0001_Bz64_Ep30_cosSim_triplet_drop[0.2, 0.4, 0.1]_topK20__PseudoGold_positive_1_hard_negative_1_seed0_hybrid_loss/ckpt/best_model_28_0.8.pt
[2026-07-02 01:28:56] [disk_guard]     pushing to B2 ...
[b2_push] copy: /data/jehc223/RGCL/logging/Retrieval/MHC/RAC_video/RAC_lr0.0001_Bz64_Ep30_cosSim_triplet_drop[0.2, 0.4, 0.1]_topK20__PseudoGold_positive_1_hard_negative_1_seed0_hybrid_loss/ckpt/best_model_28_0.8.pt -> b2:junyi-data/RGCL_video/logs/Retrieval/MHC/RAC_video/RAC_lr0.0001_Bz64_Ep30_cosSim_triplet_drop[0.2, 0.4, 0.1]_topK20__PseudoGold_positive_1_hard_negative_1_seed0_hybrid_loss/ckpt/best_model_28_0.8.pt
Transferred:   	          0 B / 40.028 MiB, 0%, 0 B/s, ETA -
Transferred:            0 / 1, 0%
Elapsed time:         0.2s
Transferring:
 *                          best_model_28_0.8.pt:  0% /40.028Mi, 0/s, -Transferred:   	          0 B / 40.028 MiB, 0%, 0 B/s, ETA -
Transferred:            0 / 1, 0%
Elapsed time:         0.7s
Transferring:
 *                          best_model_28_0.8.pt:  0% /40.028Mi, 0/s, -Transferred:   	          0 B / 40.028 MiB, 0%, 0 B/s, ETA -
Transferred:            0 / 1, 0%
Elapsed time:         1.2s
Transferring:
 *                          best_model_28_0.8.pt:  0% /40.028Mi, 0/s, -Transferred:   	    1.121 MiB / 40.028 MiB, 3%, 0 B/s, ETA -
Transferred:            0 / 1, 0%
Elapsed time:         1.7s
Transferring:
 *                          best_model_28_0.8.pt:  2% /40.028Mi, 0/s, -Transferred:   	    2.621 MiB / 40.028 MiB, 7%, 989.998 KiB/s, ETA 38s
Transferred:            0 / 1, 0%
Elapsed time:         2.2s
Transferring:
 *                          best_model_28_0.8.pt:  6% /40.028Mi, 990Ki/s, 38sTransferred:   	    3.840 MiB / 40.028 MiB, 10%, 989.998 KiB/s, ETA 37s
Transferred:            0 / 1, 0%
Elapsed time:         2.7s
Transferring:
 *                          best_model_28_0.8.pt:  9% /40.028Mi, 990Ki/s, 37sTransferred:   	    7.496 MiB / 40.028 MiB, 19%, 1.842 MiB/s, ETA 17s
Transferred:            0 / 1, 0%
Elapsed time:         3.2s
Transferring:
 *                          best_model_28_0.8.pt: 18% /40.028Mi, 1.842Mi/s, 17sTransferred:   	   12.902 MiB / 40.028 MiB, 32%, 1.842 MiB/s, ETA 14s
Transferred:            0 / 1, 0%
Elapsed time:         3.7s
Transferring:
 *                          best_model_28_0.8.pt: 32% /40.028Mi, 1.842Mi/s, 14sTransferred:   	   20.465 MiB / 40.028 MiB, 51%, 3.991 MiB/s, ETA 4s
Transferred:            0 / 1, 0%
Elapsed time:         4.2s
Transferring:
 *                          best_model_28_0.8.pt: 51% /40.028Mi, 3.991Mi/s, 4sTransferred:   	   26.996 MiB / 40.028 MiB, 67%, 3.991 MiB/s, ETA 3s
Transferred:            0 / 1, 0%
Elapsed time:         4.7s
Transferring:
 *                          best_model_28_0.8.pt: 67% /40.028Mi, 3.991Mi/s, 3sTransferred:   	   33.777 MiB / 40.028 MiB, 84%, 6.012 MiB/s, ETA 1s
Transferred:            0 / 1, 0%
Elapsed time:         5.2s
Transferring:
 *                          best_model_28_0.8.pt: 84% /40.028Mi, 6.012Mi/s, 1sTransferred:   	   40.028 MiB / 40.028 MiB, 100%, 6.012 MiB/s, ETA 0s
Transferred:            0 / 1, 0%
Elapsed time:         5.7s
Transferring:
 *                          best_model_28_0.8.pt:100% /40.028Mi, 6.012Mi/s, 0sTransferred:   	   40.028 MiB / 40.028 MiB, 100%, 6.671 MiB/s, ETA 0s
Transferred:            0 / 1, 0%
Elapsed time:         6.2s
Transferring:
 *                          best_model_28_0.8.pt:100% /40.028Mi, 6.671Mi/s, 0sTransferred:   	   40.028 MiB / 40.028 MiB, 100%, 6.671 MiB/s, ETA 0s
Transferred:            1 / 1, 100%
Elapsed time:         6.4s
[b2_push] done -> b2:junyi-data/RGCL_video/logs/Retrieval/MHC/RAC_video/RAC_lr0.0001_Bz64_Ep30_cosSim_triplet_drop[0.2, 0.4, 0.1]_topK20__PseudoGold_positive_1_hard_negative_1_seed0_hybrid_loss/ckpt/best_model_28_0.8.pt
[2026-07-02 01:29:06] [disk_guard] verify: file not found on B2 at exact dest: b2:junyi-data/RGCL_video/logs/Retrieval/MHC/RAC_video/RAC_lr0.0001_Bz64_Ep30_cosSim_triplet_drop[0.2, 0.4, 0.1]_topK20__PseudoGold_positive_1_hard_negative_1_seed0_hybrid_loss/ckpt/best_model_28_0.8.pt
[2026-07-02 01:29:06] [disk_guard]     ERROR: verify failed; local kept (safe): /data/jehc223/RGCL/logging/Retrieval/MHC/RAC_video/RAC_lr0.0001_Bz64_Ep30_cosSim_triplet_drop[0.2, 0.4, 0.1]_topK20__PseudoGold_positive_1_hard_negative_1_seed0_hybrid_loss/ckpt/best_model_28_0.8.pt
[2026-07-02 01:29:06] [disk_guard]   candidate: /data/jehc223/RGCL/logging/Retrieval/MHC/RAC_video/RAC_lr0.0001_Bz64_Ep30_cosSim_triplet_drop[0.2, 0.4, 0.1]_topK20__PseudoGold_positive_1_hard_negative_1_seed0_hybrid_loss/ckpt/last_model_29_0.7625.pt
[2026-07-02 01:29:06] [disk_guard]     mtime=2026-07-02 01:11:19 size=40.03MB
[2026-07-02 01:29:06] [disk_guard]     -> b2 subpath: logs/Retrieval/MHC/RAC_video/RAC_lr0.0001_Bz64_Ep30_cosSim_triplet_drop[0.2, 0.4, 0.1]_topK20__PseudoGold_positive_1_hard_negative_1_seed0_hybrid_loss/ckpt/last_model_29_0.7625.pt
[2026-07-02 01:29:06] [disk_guard]     pushing to B2 ...
[b2_push] copy: /data/jehc223/RGCL/logging/Retrieval/MHC/RAC_video/RAC_lr0.0001_Bz64_Ep30_cosSim_triplet_drop[0.2, 0.4, 0.1]_topK20__PseudoGold_positive_1_hard_negative_1_seed0_hybrid_loss/ckpt/last_model_29_0.7625.pt -> b2:junyi-data/RGCL_video/logs/Retrieval/MHC/RAC_video/RAC_lr0.0001_Bz64_Ep30_cosSim_triplet_drop[0.2, 0.4, 0.1]_topK20__PseudoGold_positive_1_hard_negative_1_seed0_hybrid_loss/ckpt/last_model_29_0.7625.pt
Transferred:   	          0 B / 40.028 MiB, 0%, 0 B/s, ETA -
Transferred:            0 / 1, 0%
Elapsed time:         0.3s
Transferring:
 *                       last_model_29_0.7625.pt:  0% /40.028Mi, 0/s, -Transferred:   	          0 B / 40.028 MiB, 0%, 0 B/s, ETA -
Transferred:            0 / 1, 0%
Elapsed time:         0.8s
Transferring:
 *                       last_model_29_0.7625.pt:  0% /40.028Mi, 0/s, -Transferred:   	          0 B / 40.028 MiB, 0%, 0 B/s, ETA -
Transferred:            0 / 1, 0%
Elapsed time:         1.3s
Transferring:
 *                       last_model_29_0.7625.pt:  0% /40.028Mi, 0/s, -Transferred:   	    1.590 MiB / 40.028 MiB, 4%, 0 B/s, ETA -
Transferred:            0 / 1, 0%
Elapsed time:         1.8s
Transferring:
 *                       last_model_29_0.7625.pt:  3% /40.028Mi, 0/s, -Transferred:   	    2.715 MiB / 40.028 MiB, 7%, 973.992 KiB/s, ETA 39s
Transferred:            0 / 1, 0%
Elapsed time:         2.3s
Transferring:
 *                       last_model_29_0.7625.pt:  6% /40.028Mi, 973.998Ki/s, 39Transferred:   	    5.996 MiB / 40.028 MiB, 15%, 973.992 KiB/s, ETA 35s
Transferred:            0 / 1, 0%
Elapsed time:         2.8s
Transferring:
 *                       last_model_29_0.7625.pt: 14% /40.028Mi, 973.998Ki/s, 35Transferred:   	   10.871 MiB / 40.028 MiB, 27%, 2.384 MiB/s, ETA 12s
Transferred:            0 / 1, 0%
Elapsed time:         3.3s
Transferring:
 *                       last_model_29_0.7625.pt: 27% /40.028Mi, 2.384Mi/s, 12sTransferred:   	   16.777 MiB / 40.028 MiB, 42%, 2.384 MiB/s, ETA 9s
Transferred:            0 / 1, 0%
Elapsed time:         3.8s
Transferring:
 *                       last_model_29_0.7625.pt: 41% /40.028Mi, 2.384Mi/s, 9sTransferred:   	   24.215 MiB / 40.028 MiB, 60%, 4.827 MiB/s, ETA 3s
Transferred:            0 / 1, 0%
Elapsed time:         4.3s
Transferring:
 *                       last_model_29_0.7625.pt: 60% /40.028Mi, 4.827Mi/s, 3sTransferred:   	   30.340 MiB / 40.028 MiB, 76%, 4.827 MiB/s, ETA 2s
Transferred:            0 / 1, 0%
Elapsed time:         4.8s
Transferring:
 *                       last_model_29_0.7625.pt: 75% /40.028Mi, 4.827Mi/s, 2sTransferred:   	   37.559 MiB / 40.028 MiB, 94%, 6.599 MiB/s, ETA 0s
Transferred:            0 / 1, 0%
Elapsed time:         5.3s
Transferring:
 *                       last_model_29_0.7625.pt: 93% /40.028Mi, 6.599Mi/s, 0sTransferred:   	   40.028 MiB / 40.028 MiB, 100%, 6.599 MiB/s, ETA 0s
Transferred:            0 / 1, 0%
Elapsed time:         5.8s
Transferring:
 *                       last_model_29_0.7625.pt:100% /40.028Mi, 6.599Mi/s, 0sTransferred:   	   40.028 MiB / 40.028 MiB, 100%, 6.599 MiB/s, ETA 0s
Transferred:            1 / 1, 100%
Elapsed time:         5.9s
[b2_push] done -> b2:junyi-data/RGCL_video/logs/Retrieval/MHC/RAC_video/RAC_lr0.0001_Bz64_Ep30_cosSim_triplet_drop[0.2, 0.4, 0.1]_topK20__PseudoGold_positive_1_hard_negative_1_seed0_hybrid_loss/ckpt/last_model_29_0.7625.pt
[2026-07-02 01:29:16] [disk_guard] verify: file not found on B2 at exact dest: b2:junyi-data/RGCL_video/logs/Retrieval/MHC/RAC_video/RAC_lr0.0001_Bz64_Ep30_cosSim_triplet_drop[0.2, 0.4, 0.1]_topK20__PseudoGold_positive_1_hard_negative_1_seed0_hybrid_loss/ckpt/last_model_29_0.7625.pt
[2026-07-02 01:29:16] [disk_guard]     ERROR: verify failed; local kept (safe): /data/jehc223/RGCL/logging/Retrieval/MHC/RAC_video/RAC_lr0.0001_Bz64_Ep30_cosSim_triplet_drop[0.2, 0.4, 0.1]_topK20__PseudoGold_positive_1_hard_negative_1_seed0_hybrid_loss/ckpt/last_model_29_0.7625.pt
[2026-07-02 01:29:16] [disk_guard]   candidate: /data/jehc223/RGCL/logging/Retrieval/HateMM/RAC_video/RAC_lr0.0001_Bz64_Ep30_cosSim_triplet_drop[0.2, 0.4, 0.1]_topK20__PseudoGold_positive_1_hard_negative_1_seed0_hybrid_loss/ckpt/best_model_28_0.8598130841121495.pt
[2026-07-02 01:29:16] [disk_guard]     mtime=2026-07-02 01:11:25 size=40.03MB
[2026-07-02 01:29:16] [disk_guard]     -> b2 subpath: logs/Retrieval/HateMM/RAC_video/RAC_lr0.0001_Bz64_Ep30_cosSim_triplet_drop[0.2, 0.4, 0.1]_topK20__PseudoGold_positive_1_hard_negative_1_seed0_hybrid_loss/ckpt/best_model_28_0.8598130841121495.pt
[2026-07-02 01:29:16] [disk_guard]     pushing to B2 ...
[b2_push] copy: /data/jehc223/RGCL/logging/Retrieval/HateMM/RAC_video/RAC_lr0.0001_Bz64_Ep30_cosSim_triplet_drop[0.2, 0.4, 0.1]_topK20__PseudoGold_positive_1_hard_negative_1_seed0_hybrid_loss/ckpt/best_model_28_0.8598130841121495.pt -> b2:junyi-data/RGCL_video/logs/Retrieval/HateMM/RAC_video/RAC_lr0.0001_Bz64_Ep30_cosSim_triplet_drop[0.2, 0.4, 0.1]_topK20__PseudoGold_positive_1_hard_negative_1_seed0_hybrid_loss/ckpt/best_model_28_0.8598130841121495.pt
Transferred:   	          0 B / 40.028 MiB, 0%, 0 B/s, ETA -
Transferred:            0 / 1, 0%
Elapsed time:         0.3s
Transferring:
 *           best_model_28_0.8598130841121495.pt:  0% /40.028Mi, 0/s, -Transferred:   	          0 B / 40.028 MiB, 0%, 0 B/s, ETA -
Transferred:            0 / 1, 0%
Elapsed time:         0.8s
Transferring:
 *           best_model_28_0.8598130841121495.pt:  0% /40.028Mi, 0/s, -Transferred:   	          0 B / 40.028 MiB, 0%, 0 B/s, ETA -
Transferred:            0 / 1, 0%
Elapsed time:         1.3s
Transferring:
 *           best_model_28_0.8598130841121495.pt:  0% /40.028Mi, 0/s, -Transferred:   	    1.309 MiB / 40.028 MiB, 3%, 0 B/s, ETA -
Transferred:            0 / 1, 0%
Elapsed time:         1.8s
Transferring:
 *           best_model_28_0.8598130841121495.pt:  3% /40.028Mi, 0/s, -Transferred:   	    2.621 MiB / 40.028 MiB, 7%, 749.999 KiB/s, ETA 51s
Transferred:            0 / 1, 0%
Elapsed time:         2.3s
Transferring:
 *           best_model_28_0.8598130841121495.pt:  6% /40.028Mi, 750.002Ki/s, 51Transferred:   	    6.777 MiB / 40.028 MiB, 17%, 749.999 KiB/s, ETA 45s
Transferred:            0 / 1, 0%
Elapsed time:         2.8s
Transferring:
 *           best_model_28_0.8598130841121495.pt: 16% /40.028Mi, 750.002Ki/s, 45Transferred:   	   11.465 MiB / 40.028 MiB, 29%, 2.603 MiB/s, ETA 10s
Transferred:            0 / 1, 0%
Elapsed time:         3.3s
Transferring:
 *           best_model_28_0.8598130841121495.pt: 28% /40.028Mi, 2.603Mi/s, 10sTransferred:   	   17.371 MiB / 40.028 MiB, 43%, 2.603 MiB/s, ETA 8s
Transferred:            0 / 1, 0%
Elapsed time:         3.8s
Transferring:
 *           best_model_28_0.8598130841121495.pt: 43% /40.028Mi, 2.603Mi/s, 8sTransferred:   	   24.871 MiB / 40.028 MiB, 62%, 5.085 MiB/s, ETA 2s
Transferred:            0 / 1, 0%
Elapsed time:         4.3s
Transferring:
 *           best_model_28_0.8598130841121495.pt: 62% /40.028Mi, 5.085Mi/s, 2sTransferred:   	   30.934 MiB / 40.028 MiB, 77%, 5.085 MiB/s, ETA 1s
Transferred:            0 / 1, 0%
Elapsed time:         4.8s
Transferring:
 *           best_model_28_0.8598130841121495.pt: 77% /40.028Mi, 5.085Mi/s, 1sTransferred:   	   38.090 MiB / 40.028 MiB, 95%, 6.755 MiB/s, ETA 0s
Transferred:            0 / 1, 0%
Elapsed time:         5.3s
Transferring:
 *           best_model_28_0.8598130841121495.pt: 95% /40.028Mi, 6.787Mi/s, 0sTransferred:   	   40.028 MiB / 40.028 MiB, 100%, 6.755 MiB/s, ETA 0s
Transferred:            0 / 1, 0%
Elapsed time:         5.8s
Transferring:
 *           best_model_28_0.8598130841121495.pt:100% /40.028Mi, 6.787Mi/s, 0sTransferred:   	   40.028 MiB / 40.028 MiB, 100%, 6.755 MiB/s, ETA 0s
Transferred:            1 / 1, 100%
Elapsed time:         5.9s
[b2_push] done -> b2:junyi-data/RGCL_video/logs/Retrieval/HateMM/RAC_video/RAC_lr0.0001_Bz64_Ep30_cosSim_triplet_drop[0.2, 0.4, 0.1]_topK20__PseudoGold_positive_1_hard_negative_1_seed0_hybrid_loss/ckpt/best_model_28_0.8598130841121495.pt
[2026-07-02 01:29:25] [disk_guard] verify: file not found on B2 at exact dest: b2:junyi-data/RGCL_video/logs/Retrieval/HateMM/RAC_video/RAC_lr0.0001_Bz64_Ep30_cosSim_triplet_drop[0.2, 0.4, 0.1]_topK20__PseudoGold_positive_1_hard_negative_1_seed0_hybrid_loss/ckpt/best_model_28_0.8598130841121495.pt
[2026-07-02 01:29:25] [disk_guard]     ERROR: verify failed; local kept (safe): /data/jehc223/RGCL/logging/Retrieval/HateMM/RAC_video/RAC_lr0.0001_Bz64_Ep30_cosSim_triplet_drop[0.2, 0.4, 0.1]_topK20__PseudoGold_positive_1_hard_negative_1_seed0_hybrid_loss/ckpt/best_model_28_0.8598130841121495.pt
[2026-07-02 01:29:26] [disk_guard]   candidate: /data/jehc223/RGCL/logging/Retrieval/HateMM/RAC_video/RAC_lr0.0001_Bz64_Ep30_cosSim_triplet_drop[0.2, 0.4, 0.1]_topK20__PseudoGold_positive_1_hard_negative_1_seed0_hybrid_loss/ckpt/last_model_29_0.8504672897196262.pt
[2026-07-02 01:29:26] [disk_guard]     mtime=2026-07-02 01:11:26 size=40.03MB
[2026-07-02 01:29:26] [disk_guard]     -> b2 subpath: logs/Retrieval/HateMM/RAC_video/RAC_lr0.0001_Bz64_Ep30_cosSim_triplet_drop[0.2, 0.4, 0.1]_topK20__PseudoGold_positive_1_hard_negative_1_seed0_hybrid_loss/ckpt/last_model_29_0.8504672897196262.pt
[2026-07-02 01:29:26] [disk_guard]     pushing to B2 ...
[b2_push] copy: /data/jehc223/RGCL/logging/Retrieval/HateMM/RAC_video/RAC_lr0.0001_Bz64_Ep30_cosSim_triplet_drop[0.2, 0.4, 0.1]_topK20__PseudoGold_positive_1_hard_negative_1_seed0_hybrid_loss/ckpt/last_model_29_0.8504672897196262.pt -> b2:junyi-data/RGCL_video/logs/Retrieval/HateMM/RAC_video/RAC_lr0.0001_Bz64_Ep30_cosSim_triplet_drop[0.2, 0.4, 0.1]_topK20__PseudoGold_positive_1_hard_negative_1_seed0_hybrid_loss/ckpt/last_model_29_0.8504672897196262.pt
Transferred:   	          0 B / 40.028 MiB, 0%, 0 B/s, ETA -
Transferred:            0 / 1, 0%
Elapsed time:         0.2s
Transferring:
 *           last_model_29_0.8504672897196262.pt:  0% /40.028Mi, 0/s, -Transferred:   	          0 B / 40.028 MiB, 0%, 0 B/s, ETA -
Transferred:            0 / 1, 0%
Elapsed time:         0.7s
Transferring:
 *           last_model_29_0.8504672897196262.pt:  0% /40.028Mi, 0/s, -Transferred:   	          0 B / 40.028 MiB, 0%, 0 B/s, ETA -
Transferred:            0 / 1, 0%
Elapsed time:         1.2s
Transferring:
 *           last_model_29_0.8504672897196262.pt:  0% /40.028Mi, 0/s, -Transferred:   	      988 KiB / 40.028 MiB, 2%, 0 B/s, ETA -
Transferred:            0 / 1, 0%
Elapsed time:         1.7s
Transferring:
 *           last_model_29_0.8504672897196262.pt:  2% /40.028Mi, 0/s, -Transferred:   	    3.215 MiB / 40.028 MiB, 8%, 894.001 KiB/s, ETA 42s
Transferred:            0 / 1, 0%
Elapsed time:         2.2s
Transferring:
 *           last_model_29_0.8504672897196262.pt:  8% /40.028Mi, 893.996Ki/s, 42Transferred:   	    6.746 MiB / 40.028 MiB, 17%, 894.001 KiB/s, ETA 38s
Transferred:            0 / 1, 0%
Elapsed time:         2.7s
Transferring:
 *           last_model_29_0.8504672897196262.pt: 16% /40.028Mi, 893.996Ki/s, 38Transferred:   	   11.184 MiB / 40.028 MiB, 28%, 2.613 MiB/s, ETA 11s
Transferred:            0 / 1, 0%
Elapsed time:         3.2s
Transferring:
 *           last_model_29_0.8504672897196262.pt: 27% /40.028Mi, 2.613Mi/s, 11sTransferred:   	   15.121 MiB / 40.028 MiB, 38%, 2.613 MiB/s, ETA 9s
Transferred:            0 / 1, 0%
Elapsed time:         3.7s
Transferring:
 *           last_model_29_0.8504672897196262.pt: 37% /40.028Mi, 2.613Mi/s, 9sTransferred:   	   21.809 MiB / 40.028 MiB, 54%, 4.358 MiB/s, ETA 4s
Transferred:            0 / 1, 0%
Elapsed time:         4.2s
Transferring:
 *           last_model_29_0.8504672897196262.pt: 54% /40.028Mi, 4.358Mi/s, 4sTransferred:   	   28.090 MiB / 40.028 MiB, 70%, 4.358 MiB/s, ETA 2s
Transferred:            0 / 1, 0%
Elapsed time:         4.7s
Transferring:
 *           last_model_29_0.8504672897196262.pt: 70% /40.028Mi, 4.358Mi/s, 2sTransferred:   	   35.777 MiB / 40.028 MiB, 89%, 6.162 MiB/s, ETA 0s
Transferred:            0 / 1, 0%
Elapsed time:         5.2s
Transferring:
 *           last_model_29_0.8504672897196262.pt: 89% /40.028Mi, 6.162Mi/s, 0sTransferred:   	   40.028 MiB / 40.028 MiB, 100%, 6.162 MiB/s, ETA 0s
Transferred:            0 / 1, 0%
Elapsed time:         5.7s
Transferring:
 *           last_model_29_0.8504672897196262.pt:100% /40.028Mi, 6.162Mi/s, 0sTransferred:   	   40.028 MiB / 40.028 MiB, 100%, 6.671 MiB/s, ETA 0s
Transferred:            0 / 1, 0%
Elapsed time:         6.2s
Transferring:
 *           last_model_29_0.8504672897196262.pt:100% /40.028Mi, 6.671Mi/s, 0sTransferred:   	   40.028 MiB / 40.028 MiB, 100%, 6.671 MiB/s, ETA 0s
Transferred:            1 / 1, 100%
Elapsed time:         6.3s
[b2_push] done -> b2:junyi-data/RGCL_video/logs/Retrieval/HateMM/RAC_video/RAC_lr0.0001_Bz64_Ep30_cosSim_triplet_drop[0.2, 0.4, 0.1]_topK20__PseudoGold_positive_1_hard_negative_1_seed0_hybrid_loss/ckpt/last_model_29_0.8504672897196262.pt
[2026-07-02 01:29:35] [disk_guard] verify: file not found on B2 at exact dest: b2:junyi-data/RGCL_video/logs/Retrieval/HateMM/RAC_video/RAC_lr0.0001_Bz64_Ep30_cosSim_triplet_drop[0.2, 0.4, 0.1]_topK20__PseudoGold_positive_1_hard_negative_1_seed0_hybrid_loss/ckpt/last_model_29_0.8504672897196262.pt
[2026-07-02 01:29:35] [disk_guard]     ERROR: verify failed; local kept (safe): /data/jehc223/RGCL/logging/Retrieval/HateMM/RAC_video/RAC_lr0.0001_Bz64_Ep30_cosSim_triplet_drop[0.2, 0.4, 0.1]_topK20__PseudoGold_positive_1_hard_negative_1_seed0_hybrid_loss/ckpt/last_model_29_0.8504672897196262.pt
[2026-07-02 01:29:35] [disk_guard]   candidate: /data/jehc223/RGCL/logging/Retrieval/MHC/RAC_video/RAC_lr0.0001_Bz64_Ep30_cosSim_triplet_drop[0.2, 0.4, 0.1]_topK20__PseudoGold_positive_1_hard_negative_1_seed0_hybrid_loss/ckpt/best_model_0_0.725.pt
[2026-07-02 01:29:35] [disk_guard]     mtime=2026-07-02 01:12:40 size=19.03MB
[2026-07-02 01:29:35] [disk_guard]     -> b2 subpath: logs/Retrieval/MHC/RAC_video/RAC_lr0.0001_Bz64_Ep30_cosSim_triplet_drop[0.2, 0.4, 0.1]_topK20__PseudoGold_positive_1_hard_negative_1_seed0_hybrid_loss/ckpt/best_model_0_0.725.pt
[2026-07-02 01:29:35] [disk_guard]     pushing to B2 ...
[b2_push] copy: /data/jehc223/RGCL/logging/Retrieval/MHC/RAC_video/RAC_lr0.0001_Bz64_Ep30_cosSim_triplet_drop[0.2, 0.4, 0.1]_topK20__PseudoGold_positive_1_hard_negative_1_seed0_hybrid_loss/ckpt/best_model_0_0.725.pt -> b2:junyi-data/RGCL_video/logs/Retrieval/MHC/RAC_video/RAC_lr0.0001_Bz64_Ep30_cosSim_triplet_drop[0.2, 0.4, 0.1]_topK20__PseudoGold_positive_1_hard_negative_1_seed0_hybrid_loss/ckpt/best_model_0_0.725.pt
Transferred:   	          0 B / 19.028 MiB, 0%, 0 B/s, ETA -
Transferred:            0 / 1, 0%
Elapsed time:         0.2s
Transferring:
 *                         best_model_0_0.725.pt:  0% /19.028Mi, 0/s, -Transferred:   	          0 B / 19.028 MiB, 0%, 0 B/s, ETA -
Transferred:            0 / 1, 0%
Elapsed time:         0.7s
Transferring:
 *                         best_model_0_0.725.pt:  0% /19.028Mi, 0/s, -Transferred:   	          0 B / 19.028 MiB, 0%, 0 B/s, ETA -
Transferred:            0 / 1, 0%
Elapsed time:         1.2s
Transferring:
 *                         best_model_0_0.725.pt:  0% /19.028Mi, 0/s, -Transferred:   	    1.152 MiB / 19.028 MiB, 6%, 0 B/s, ETA -
Transferred:            0 / 1, 0%
Elapsed time:         1.7s
Transferring:
 *                         best_model_0_0.725.pt:  6% /19.028Mi, 0/s, -Transferred:   	    2.996 MiB / 19.028 MiB, 16%, 750.001 KiB/s, ETA 21s
Transferred:            0 / 1, 0%
Elapsed time:         2.2s
Transferring:
 *                         best_model_0_0.725.pt: 15% /19.028Mi, 750.001Ki/s, 21Transferred:   	    5.871 MiB / 19.028 MiB, 31%, 750.001 KiB/s, ETA 17s
Transferred:            0 / 1, 0%
Elapsed time:         2.7s
Transferring:
 *                         best_model_0_0.725.pt: 30% /19.028Mi, 750.001Ki/s, 17Transferred:   	   11.309 MiB / 19.028 MiB, 59%, 2.457 MiB/s, ETA 3s
Transferred:            0 / 1, 0%
Elapsed time:         3.2s
Transferring:
 *                         best_model_0_0.725.pt: 59% /19.028Mi, 2.457Mi/s, 3sTransferred:   	   17.402 MiB / 19.028 MiB, 91%, 2.457 MiB/s, ETA 0s
Transferred:            0 / 1, 0%
Elapsed time:         3.7s
Transferring:
 *                         best_model_0_0.725.pt: 91% /19.028Mi, 2.457Mi/s, 0sTransferred:   	   19.028 MiB / 19.028 MiB, 100%, 4.757 MiB/s, ETA 0s
Transferred:            1 / 1, 100%
Elapsed time:         4.2s
[b2_push] done -> b2:junyi-data/RGCL_video/logs/Retrieval/MHC/RAC_video/RAC_lr0.0001_Bz64_Ep30_cosSim_triplet_drop[0.2, 0.4, 0.1]_topK20__PseudoGold_positive_1_hard_negative_1_seed0_hybrid_loss/ckpt/best_model_0_0.725.pt
[2026-07-02 01:29:43] [disk_guard] verify: file not found on B2 at exact dest: b2:junyi-data/RGCL_video/logs/Retrieval/MHC/RAC_video/RAC_lr0.0001_Bz64_Ep30_cosSim_triplet_drop[0.2, 0.4, 0.1]_topK20__PseudoGold_positive_1_hard_negative_1_seed0_hybrid_loss/ckpt/best_model_0_0.725.pt
[2026-07-02 01:29:43] [disk_guard]     ERROR: verify failed; local kept (safe): /data/jehc223/RGCL/logging/Retrieval/MHC/RAC_video/RAC_lr0.0001_Bz64_Ep30_cosSim_triplet_drop[0.2, 0.4, 0.1]_topK20__PseudoGold_positive_1_hard_negative_1_seed0_hybrid_loss/ckpt/best_model_0_0.725.pt
[2026-07-02 01:29:43] [disk_guard]   candidate: /data/jehc223/RGCL/logging/Retrieval/HateMM/RAC_video/RAC_lr0.0001_Bz64_Ep30_cosSim_triplet_drop[0.2, 0.4, 0.1]_topK20__PseudoGold_positive_1_hard_negative_1_seed0_hybrid_loss/ckpt/best_model_0_0.7476635514018691.pt
[2026-07-02 01:29:43] [disk_guard]     mtime=2026-07-02 01:12:40 size=19.03MB
[2026-07-02 01:29:43] [disk_guard]     -> b2 subpath: logs/Retrieval/HateMM/RAC_video/RAC_lr0.0001_Bz64_Ep30_cosSim_triplet_drop[0.2, 0.4, 0.1]_topK20__PseudoGold_positive_1_hard_negative_1_seed0_hybrid_loss/ckpt/best_model_0_0.7476635514018691.pt
[2026-07-02 01:29:43] [disk_guard]     pushing to B2 ...
[b2_push] copy: /data/jehc223/RGCL/logging/Retrieval/HateMM/RAC_video/RAC_lr0.0001_Bz64_Ep30_cosSim_triplet_drop[0.2, 0.4, 0.1]_topK20__PseudoGold_positive_1_hard_negative_1_seed0_hybrid_loss/ckpt/best_model_0_0.7476635514018691.pt -> b2:junyi-data/RGCL_video/logs/Retrieval/HateMM/RAC_video/RAC_lr0.0001_Bz64_Ep30_cosSim_triplet_drop[0.2, 0.4, 0.1]_topK20__PseudoGold_positive_1_hard_negative_1_seed0_hybrid_loss/ckpt/best_model_0_0.7476635514018691.pt
Transferred:   	          0 B / 19.028 MiB, 0%, 0 B/s, ETA -
Transferred:            0 / 1, 0%
Elapsed time:         0.3s
Transferring:
 *            best_model_0_0.7476635514018691.pt:  0% /19.028Mi, 0/s, -Transferred:   	          0 B / 19.028 MiB, 0%, 0 B/s, ETA -
Transferred:            0 / 1, 0%
Elapsed time:         0.8s
Transferring:
 *            best_model_0_0.7476635514018691.pt:  0% /19.028Mi, 0/s, -Transferred:   	          0 B / 19.028 MiB, 0%, 0 B/s, ETA -
Transferred:            0 / 1, 0%
Elapsed time:         1.3s
Transferring:
 *            best_model_0_0.7476635514018691.pt:  0% /19.028Mi, 0/s, -Transferred:   	    1.059 MiB / 19.028 MiB, 6%, 0 B/s, ETA -
Transferred:            0 / 1, 0%
Elapsed time:         1.8s
Transferring:
 *            best_model_0_0.7476635514018691.pt:  5% /19.028Mi, 0/s, -Transferred:   	    1.809 MiB / 19.028 MiB, 10%, 749.999 KiB/s, ETA 23s
Transferred:            0 / 1, 0%
Elapsed time:         2.3s
Transferring:
 *            best_model_0_0.7476635514018691.pt:  9% /19.028Mi, 750Ki/s, 23sTransferred:   	    4.746 MiB / 19.028 MiB, 25%, 749.999 KiB/s, ETA 19s
Transferred:            0 / 1, 0%
Elapsed time:         2.8s
Transferring:
 *            best_model_0_0.7476635514018691.pt: 24% /19.028Mi, 750Ki/s, 19sTransferred:   	    8.090 MiB / 19.028 MiB, 43%, 2.061 MiB/s, ETA 5s
Transferred:            0 / 1, 0%
Elapsed time:         3.3s
Transferring:
 *            best_model_0_0.7476635514018691.pt: 42% /19.028Mi, 2.061Mi/s, 5sTransferred:   	   13.809 MiB / 19.028 MiB, 73%, 2.061 MiB/s, ETA 2s
Transferred:            0 / 1, 0%
Elapsed time:         3.8s
Transferring:
 *            best_model_0_0.7476635514018691.pt: 72% /19.028Mi, 2.061Mi/s, 2sTransferred:   	   19.028 MiB / 19.028 MiB, 100%, 4.265 MiB/s, ETA 0s
Transferred:            0 / 1, 0%
Elapsed time:         4.3s
Transferring:
 *            best_model_0_0.7476635514018691.pt:100% /19.028Mi, 4.265Mi/s, 0sTransferred:   	   19.028 MiB / 19.028 MiB, 100%, 4.265 MiB/s, ETA 0s
Transferred:            0 / 1, 0%
Elapsed time:         4.8s
Transferring:
 *            best_model_0_0.7476635514018691.pt:100% /19.028Mi, 4.265Mi/s, 0sTransferred:   	   19.028 MiB / 19.028 MiB, 100%, 4.265 MiB/s, ETA 0s
Transferred:            1 / 1, 100%
Elapsed time:         4.8s
[b2_push] done -> b2:junyi-data/RGCL_video/logs/Retrieval/HateMM/RAC_video/RAC_lr0.0001_Bz64_Ep30_cosSim_triplet_drop[0.2, 0.4, 0.1]_topK20__PseudoGold_positive_1_hard_negative_1_seed0_hybrid_loss/ckpt/best_model_0_0.7476635514018691.pt
[2026-07-02 01:29:52] [disk_guard] verify: file not found on B2 at exact dest: b2:junyi-data/RGCL_video/logs/Retrieval/HateMM/RAC_video/RAC_lr0.0001_Bz64_Ep30_cosSim_triplet_drop[0.2, 0.4, 0.1]_topK20__PseudoGold_positive_1_hard_negative_1_seed0_hybrid_loss/ckpt/best_model_0_0.7476635514018691.pt
[2026-07-02 01:29:52] [disk_guard]     ERROR: verify failed; local kept (safe): /data/jehc223/RGCL/logging/Retrieval/HateMM/RAC_video/RAC_lr0.0001_Bz64_Ep30_cosSim_triplet_drop[0.2, 0.4, 0.1]_topK20__PseudoGold_positive_1_hard_negative_1_seed0_hybrid_loss/ckpt/best_model_0_0.7476635514018691.pt
[2026-07-02 01:29:52] [disk_guard]   candidate: /data/jehc223/RGCL/logging/Retrieval/HateMM/RAC_video/RAC_lr0.0001_Bz64_Ep30_cosSim_triplet_drop[0.2, 0.4, 0.1]_topK20__PseudoGold_positive_1_hard_negative_1_seed0_hybrid_loss/ckpt/best_model_1_0.7757009345794392.pt
[2026-07-02 01:29:52] [disk_guard]     mtime=2026-07-02 01:12:41 size=19.03MB
[2026-07-02 01:29:52] [disk_guard]     -> b2 subpath: logs/Retrieval/HateMM/RAC_video/RAC_lr0.0001_Bz64_Ep30_cosSim_triplet_drop[0.2, 0.4, 0.1]_topK20__PseudoGold_positive_1_hard_negative_1_seed0_hybrid_loss/ckpt/best_model_1_0.7757009345794392.pt
[2026-07-02 01:29:52] [disk_guard]     pushing to B2 ...
[b2_push] copy: /data/jehc223/RGCL/logging/Retrieval/HateMM/RAC_video/RAC_lr0.0001_Bz64_Ep30_cosSim_triplet_drop[0.2, 0.4, 0.1]_topK20__PseudoGold_positive_1_hard_negative_1_seed0_hybrid_loss/ckpt/best_model_1_0.7757009345794392.pt -> b2:junyi-data/RGCL_video/logs/Retrieval/HateMM/RAC_video/RAC_lr0.0001_Bz64_Ep30_cosSim_triplet_drop[0.2, 0.4, 0.1]_topK20__PseudoGold_positive_1_hard_negative_1_seed0_hybrid_loss/ckpt/best_model_1_0.7757009345794392.pt
Transferred:   	          0 B / 19.028 MiB, 0%, 0 B/s, ETA -
Transferred:            0 / 1, 0%
Elapsed time:         0.3s
Transferring:
 *            best_model_1_0.7757009345794392.pt:  0% /19.028Mi, 0/s, -Transferred:   	          0 B / 19.028 MiB, 0%, 0 B/s, ETA -
Transferred:            0 / 1, 0%
Elapsed time:         0.8s
Transferring:
 *            best_model_1_0.7757009345794392.pt:  0% /19.028Mi, 0/s, -Transferred:   	          0 B / 19.028 MiB, 0%, 0 B/s, ETA -
Transferred:            0 / 1, 0%
Elapsed time:         1.3s
Transferring:
 *            best_model_1_0.7757009345794392.pt:  0% /19.028Mi, 0/s, -Transferred:   	          0 B / 19.028 MiB, 0%, 0 B/s, ETA -
Transferred:            0 / 1, 0%
Elapsed time:         1.8s
Transferring:
 *            best_model_1_0.7757009345794392.pt:  0% /19.028Mi, 0/s, -Transferred:   	      700 KiB / 19.028 MiB, 4%, 0 B/s, ETA -
Transferred:            0 / 1, 0%
Elapsed time:         2.3s
Transferring:
 *            best_model_1_0.7757009345794392.pt:  3% /19.028Mi, 0/s, -Transferred:   	    2.809 MiB / 19.028 MiB, 15%, 0 B/s, ETA -
Transferred:            0 / 1, 0%
Elapsed time:         2.8s
Transferring:
 *            best_model_1_0.7757009345794392.pt: 14% /19.028Mi, 0/s, -Transferred:   	    3.465 MiB / 19.028 MiB, 18%, 1.051 MiB/s, ETA 14s
Transferred:            0 / 1, 0%
Elapsed time:         3.3s
Transferring:
 *            best_model_1_0.7757009345794392.pt: 18% /19.028Mi, 1.051Mi/s, 14sTransferred:   	    5.809 MiB / 19.028 MiB, 31%, 1.051 MiB/s, ETA 12s
Transferred:            0 / 1, 0%
Elapsed time:         3.8s
Transferring:
 *            best_model_1_0.7757009345794392.pt: 30% /19.028Mi, 1.051Mi/s, 12sTransferred:   	   10.621 MiB / 19.028 MiB, 56%, 1.726 MiB/s, ETA 4s
Transferred:            0 / 1, 0%
Elapsed time:         4.3s
Transferring:
 *            best_model_1_0.7757009345794392.pt: 55% /19.028Mi, 1.726Mi/s, 4sTransferred:   	   16.590 MiB / 19.028 MiB, 87%, 1.726 MiB/s, ETA 1s
Transferred:            0 / 1, 0%
Elapsed time:         4.8s
Transferring:
 *            best_model_1_0.7757009345794392.pt: 87% /19.028Mi, 1.726Mi/s, 1sTransferred:   	   19.028 MiB / 19.028 MiB, 100%, 3.806 MiB/s, ETA 0s
Transferred:            0 / 1, 0%
Elapsed time:         5.3s
Transferring:
 *            best_model_1_0.7757009345794392.pt:100% /19.028Mi, 3.806Mi/s, 0sTransferred:   	   19.028 MiB / 19.028 MiB, 100%, 3.806 MiB/s, ETA 0s
Transferred:            1 / 1, 100%
Elapsed time:         5.5s
[b2_push] done -> b2:junyi-data/RGCL_video/logs/Retrieval/HateMM/RAC_video/RAC_lr0.0001_Bz64_Ep30_cosSim_triplet_drop[0.2, 0.4, 0.1]_topK20__PseudoGold_positive_1_hard_negative_1_seed0_hybrid_loss/ckpt/best_model_1_0.7757009345794392.pt
[2026-07-02 01:30:01] [disk_guard] verify: file not found on B2 at exact dest: b2:junyi-data/RGCL_video/logs/Retrieval/HateMM/RAC_video/RAC_lr0.0001_Bz64_Ep30_cosSim_triplet_drop[0.2, 0.4, 0.1]_topK20__PseudoGold_positive_1_hard_negative_1_seed0_hybrid_loss/ckpt/best_model_1_0.7757009345794392.pt
[2026-07-02 01:30:01] [disk_guard]     ERROR: verify failed; local kept (safe): /data/jehc223/RGCL/logging/Retrieval/HateMM/RAC_video/RAC_lr0.0001_Bz64_Ep30_cosSim_triplet_drop[0.2, 0.4, 0.1]_topK20__PseudoGold_positive_1_hard_negative_1_seed0_hybrid_loss/ckpt/best_model_1_0.7757009345794392.pt
[2026-07-02 01:30:01] [disk_guard]   candidate: /data/jehc223/RGCL/logging/Retrieval/HateMM/RAC_video/RAC_lr0.0001_Bz64_Ep30_cosSim_triplet_drop[0.2, 0.4, 0.1]_topK20__PseudoGold_positive_1_hard_negative_1_seed0_hybrid_loss/ckpt/best_model_3_0.794392523364486.pt
[2026-07-02 01:30:01] [disk_guard]     mtime=2026-07-02 01:12:42 size=19.03MB
[2026-07-02 01:30:01] [disk_guard]     -> b2 subpath: logs/Retrieval/HateMM/RAC_video/RAC_lr0.0001_Bz64_Ep30_cosSim_triplet_drop[0.2, 0.4, 0.1]_topK20__PseudoGold_positive_1_hard_negative_1_seed0_hybrid_loss/ckpt/best_model_3_0.794392523364486.pt
[2026-07-02 01:30:01] [disk_guard]     pushing to B2 ...
[b2_push] copy: /data/jehc223/RGCL/logging/Retrieval/HateMM/RAC_video/RAC_lr0.0001_Bz64_Ep30_cosSim_triplet_drop[0.2, 0.4, 0.1]_topK20__PseudoGold_positive_1_hard_negative_1_seed0_hybrid_loss/ckpt/best_model_3_0.794392523364486.pt -> b2:junyi-data/RGCL_video/logs/Retrieval/HateMM/RAC_video/RAC_lr0.0001_Bz64_Ep30_cosSim_triplet_drop[0.2, 0.4, 0.1]_topK20__PseudoGold_positive_1_hard_negative_1_seed0_hybrid_loss/ckpt/best_model_3_0.794392523364486.pt
Transferred:   	          0 B / 19.028 MiB, 0%, 0 B/s, ETA -
Transferred:            0 / 1, 0%
Elapsed time:         0.2s
Transferring:
 *             best_model_3_0.794392523364486.pt:  0% /19.028Mi, 0/s, -Transferred:   	          0 B / 19.028 MiB, 0%, 0 B/s, ETA -
Transferred:            0 / 1, 0%
Elapsed time:         0.7s
Transferring:
 *             best_model_3_0.794392523364486.pt:  0% /19.028Mi, 0/s, -Transferred:   	          0 B / 19.028 MiB, 0%, 0 B/s, ETA -
Transferred:            0 / 1, 0%
Elapsed time:         1.2s
Transferring:
 *             best_model_3_0.794392523364486.pt:  0% /19.028Mi, 0/s, -Transferred:   	    1.277 MiB / 19.028 MiB, 7%, 0 B/s, ETA -
Transferred:            0 / 1, 0%
Elapsed time:         1.7s
Transferring:
 *             best_model_3_0.794392523364486.pt:  6% /19.028Mi, 0/s, -Transferred:   	    2.621 MiB / 19.028 MiB, 14%, 830.004 KiB/s, ETA 20s
Transferred:            0 / 1, 0%
Elapsed time:         2.2s
Transferring:
 *             best_model_3_0.794392523364486.pt: 13% /19.028Mi, 830.003Ki/s, 20Transferred:   	    6.902 MiB / 19.028 MiB, 36%, 830.004 KiB/s, ETA 14s
Transferred:            0 / 1, 0%
Elapsed time:         2.7s
Transferring:
 *             best_model_3_0.794392523364486.pt: 36% /19.028Mi, 830.003Ki/s, 14Transferred:   	   12.059 MiB / 19.028 MiB, 63%, 2.655 MiB/s, ETA 2s
Transferred:            0 / 1, 0%
Elapsed time:         3.2s
Transferring:
 *             best_model_3_0.794392523364486.pt: 63% /19.028Mi, 2.655Mi/s, 2sTransferred:   	   18.059 MiB / 19.028 MiB, 95%, 2.655 MiB/s, ETA 0s
Transferred:            0 / 1, 0%
Elapsed time:         3.7s
Transferring:
 *             best_model_3_0.794392523364486.pt: 94% /19.028Mi, 2.655Mi/s, 0sTransferred:   	   19.028 MiB / 19.028 MiB, 100%, 4.757 MiB/s, ETA 0s
Transferred:            0 / 1, 0%
Elapsed time:         4.2s
Transferring:
 *             best_model_3_0.794392523364486.pt:100% /19.028Mi, 4.757Mi/s, 0sTransferred:   	   19.028 MiB / 19.028 MiB, 100%, 4.757 MiB/s, ETA 0s
Transferred:            1 / 1, 100%
Elapsed time:         4.2s
[b2_push] done -> b2:junyi-data/RGCL_video/logs/Retrieval/HateMM/RAC_video/RAC_lr0.0001_Bz64_Ep30_cosSim_triplet_drop[0.2, 0.4, 0.1]_topK20__PseudoGold_positive_1_hard_negative_1_seed0_hybrid_loss/ckpt/best_model_3_0.794392523364486.pt
[2026-07-02 01:30:09] [disk_guard] verify: file not found on B2 at exact dest: b2:junyi-data/RGCL_video/logs/Retrieval/HateMM/RAC_video/RAC_lr0.0001_Bz64_Ep30_cosSim_triplet_drop[0.2, 0.4, 0.1]_topK20__PseudoGold_positive_1_hard_negative_1_seed0_hybrid_loss/ckpt/best_model_3_0.794392523364486.pt
[2026-07-02 01:30:09] [disk_guard]     ERROR: verify failed; local kept (safe): /data/jehc223/RGCL/logging/Retrieval/HateMM/RAC_video/RAC_lr0.0001_Bz64_Ep30_cosSim_triplet_drop[0.2, 0.4, 0.1]_topK20__PseudoGold_positive_1_hard_negative_1_seed0_hybrid_loss/ckpt/best_model_3_0.794392523364486.pt
[2026-07-02 01:30:09] [disk_guard]   candidate: /data/jehc223/RGCL/logging/Retrieval/HateMM/RAC_video/RAC_lr0.0001_Bz64_Ep30_cosSim_triplet_drop[0.2, 0.4, 0.1]_topK20__PseudoGold_positive_1_hard_negative_1_seed0_hybrid_loss/ckpt/best_model_4_0.8037383177570093.pt
[2026-07-02 01:30:09] [disk_guard]     mtime=2026-07-02 01:12:43 size=19.03MB
[2026-07-02 01:30:09] [disk_guard]     -> b2 subpath: logs/Retrieval/HateMM/RAC_video/RAC_lr0.0001_Bz64_Ep30_cosSim_triplet_drop[0.2, 0.4, 0.1]_topK20__PseudoGold_positive_1_hard_negative_1_seed0_hybrid_loss/ckpt/best_model_4_0.8037383177570093.pt
[2026-07-02 01:30:09] [disk_guard]     pushing to B2 ...
[b2_push] copy: /data/jehc223/RGCL/logging/Retrieval/HateMM/RAC_video/RAC_lr0.0001_Bz64_Ep30_cosSim_triplet_drop[0.2, 0.4, 0.1]_topK20__PseudoGold_positive_1_hard_negative_1_seed0_hybrid_loss/ckpt/best_model_4_0.8037383177570093.pt -> b2:junyi-data/RGCL_video/logs/Retrieval/HateMM/RAC_video/RAC_lr0.0001_Bz64_Ep30_cosSim_triplet_drop[0.2, 0.4, 0.1]_topK20__PseudoGold_positive_1_hard_negative_1_seed0_hybrid_loss/ckpt/best_model_4_0.8037383177570093.pt
Transferred:   	          0 B / 19.028 MiB, 0%, 0 B/s, ETA -
Transferred:            0 / 1, 0%
Elapsed time:         0.2s
Transferring:
 *            best_model_4_0.8037383177570093.pt:  0% /19.028Mi, 0/s, -Transferred:   	          0 B / 19.028 MiB, 0%, 0 B/s, ETA -
Transferred:            0 / 1, 0%
Elapsed time:         0.7s
Transferring:
 *            best_model_4_0.8037383177570093.pt:  0% /19.028Mi, 0/s, -Transferred:   	          0 B / 19.028 MiB, 0%, 0 B/s, ETA -
Transferred:            0 / 1, 0%
Elapsed time:         1.2s
Transferring:
 *            best_model_4_0.8037383177570093.pt:  0% /19.028Mi, 0/s, -Transferred:   	    2.152 MiB / 19.028 MiB, 11%, 0 B/s, ETA -
Transferred:            0 / 1, 0%
Elapsed time:         1.7s
Transferring:
 *            best_model_4_0.8037383177570093.pt: 11% /19.028Mi, 0/s, -Transferred:   	    3.746 MiB / 19.028 MiB, 20%, 1.404 MiB/s, ETA 10s
Transferred:            0 / 1, 0%
Elapsed time:         2.2s
Transferring:
 *            best_model_4_0.8037383177570093.pt: 19% /19.028Mi, 1.404Mi/s, 10sTransferred:   	    6.684 MiB / 19.028 MiB, 35%, 1.404 MiB/s, ETA 8s
Transferred:            0 / 1, 0%
Elapsed time:         2.7s
Transferring:
 *            best_model_4_0.8037383177570093.pt: 35% /19.028Mi, 1.404Mi/s, 8sTransferred:   	   10.840 MiB / 19.028 MiB, 57%, 2.592 MiB/s, ETA 3s
Transferred:            0 / 1, 0%
Elapsed time:         3.2s
Transferring:
 *            best_model_4_0.8037383177570093.pt: 56% /19.028Mi, 2.592Mi/s, 3sTransferred:   	   15.152 MiB / 19.028 MiB, 80%, 2.592 MiB/s, ETA 1s
Transferred:            0 / 1, 0%
Elapsed time:         3.7s
Transferring:
 *            best_model_4_0.8037383177570093.pt: 79% /19.028Mi, 2.592Mi/s, 1sTransferred:   	   19.028 MiB / 19.028 MiB, 100%, 4.687 MiB/s, ETA 0s
Transferred:            0 / 1, 0%
Elapsed time:         4.2s
Transferring:
 *            best_model_4_0.8037383177570093.pt:100% /19.028Mi, 4.687Mi/s, 0sTransferred:   	   19.028 MiB / 19.028 MiB, 100%, 4.687 MiB/s, ETA 0s
Transferred:            1 / 1, 100%
Elapsed time:         4.6s
[b2_push] done -> b2:junyi-data/RGCL_video/logs/Retrieval/HateMM/RAC_video/RAC_lr0.0001_Bz64_Ep30_cosSim_triplet_drop[0.2, 0.4, 0.1]_topK20__PseudoGold_positive_1_hard_negative_1_seed0_hybrid_loss/ckpt/best_model_4_0.8037383177570093.pt
[2026-07-02 01:30:17] [disk_guard] verify: file not found on B2 at exact dest: b2:junyi-data/RGCL_video/logs/Retrieval/HateMM/RAC_video/RAC_lr0.0001_Bz64_Ep30_cosSim_triplet_drop[0.2, 0.4, 0.1]_topK20__PseudoGold_positive_1_hard_negative_1_seed0_hybrid_loss/ckpt/best_model_4_0.8037383177570093.pt
[2026-07-02 01:30:17] [disk_guard]     ERROR: verify failed; local kept (safe): /data/jehc223/RGCL/logging/Retrieval/HateMM/RAC_video/RAC_lr0.0001_Bz64_Ep30_cosSim_triplet_drop[0.2, 0.4, 0.1]_topK20__PseudoGold_positive_1_hard_negative_1_seed0_hybrid_loss/ckpt/best_model_4_0.8037383177570093.pt
[2026-07-02 01:30:17] [disk_guard]   candidate: /data/jehc223/RGCL/logging/Retrieval/MHC/RAC_video/RAC_lr0.0001_Bz64_Ep30_cosSim_triplet_drop[0.2, 0.4, 0.1]_topK20__PseudoGold_positive_1_hard_negative_1_seed0_hybrid_loss/ckpt/best_model_8_0.75.pt
[2026-07-02 01:30:17] [disk_guard]     mtime=2026-07-02 01:12:45 size=19.03MB
[2026-07-02 01:30:17] [disk_guard]     -> b2 subpath: logs/Retrieval/MHC/RAC_video/RAC_lr0.0001_Bz64_Ep30_cosSim_triplet_drop[0.2, 0.4, 0.1]_topK20__PseudoGold_positive_1_hard_negative_1_seed0_hybrid_loss/ckpt/best_model_8_0.75.pt
[2026-07-02 01:30:17] [disk_guard]     pushing to B2 ...
[b2_push] copy: /data/jehc223/RGCL/logging/Retrieval/MHC/RAC_video/RAC_lr0.0001_Bz64_Ep30_cosSim_triplet_drop[0.2, 0.4, 0.1]_topK20__PseudoGold_positive_1_hard_negative_1_seed0_hybrid_loss/ckpt/best_model_8_0.75.pt -> b2:junyi-data/RGCL_video/logs/Retrieval/MHC/RAC_video/RAC_lr0.0001_Bz64_Ep30_cosSim_triplet_drop[0.2, 0.4, 0.1]_topK20__PseudoGold_positive_1_hard_negative_1_seed0_hybrid_loss/ckpt/best_model_8_0.75.pt
Transferred:   	          0 B / 19.028 MiB, 0%, 0 B/s, ETA -
Transferred:            0 / 1, 0%
Elapsed time:         0.2s
Transferring:
 *                          best_model_8_0.75.pt:  0% /19.028Mi, 0/s, -Transferred:   	          0 B / 19.028 MiB, 0%, 0 B/s, ETA -
Transferred:            0 / 1, 0%
Elapsed time:         0.7s
Transferring:
 *                          best_model_8_0.75.pt:  0% /19.028Mi, 0/s, -Transferred:   	          0 B / 19.028 MiB, 0%, 0 B/s, ETA -
Transferred:            0 / 1, 0%
Elapsed time:         1.2s
Transferring:
 *                          best_model_8_0.75.pt:  0% /19.028Mi, 0/s, -Transferred:   	    1.621 MiB / 19.028 MiB, 9%, 0 B/s, ETA -
Transferred:            0 / 1, 0%
Elapsed time:         1.7s
Transferring:
 *                          best_model_8_0.75.pt:  8% /19.028Mi, 0/s, -Transferred:   	    3.184 MiB / 19.028 MiB, 17%, 1.154 MiB/s, ETA 13s
Transferred:            0 / 1, 0%
Elapsed time:         2.2s
Transferring:
 *                          best_model_8_0.75.pt: 16% /19.028Mi, 1.154Mi/s, 13sTransferred:   	    6.746 MiB / 19.028 MiB, 35%, 1.154 MiB/s, ETA 10s
Transferred:            0 / 1, 0%
Elapsed time:         2.7s
Transferring:
 *                          best_model_8_0.75.pt: 35% /19.028Mi, 1.154Mi/s, 10sTransferred:   	   10.590 MiB / 19.028 MiB, 56%, 2.749 MiB/s, ETA 3s
Transferred:            0 / 1, 0%
Elapsed time:         3.2s
Transferring:
 *                          best_model_8_0.75.pt: 55% /19.028Mi, 2.749Mi/s, 3sTransferred:   	   16.871 MiB / 19.028 MiB, 89%, 2.749 MiB/s, ETA 0s
Transferred:            0 / 1, 0%
Elapsed time:         3.7s
Transferring:
 *                          best_model_8_0.75.pt: 88% /19.028Mi, 2.749Mi/s, 0sTransferred:   	   19.028 MiB / 19.028 MiB, 100%, 4.757 MiB/s, ETA 0s
Transferred:            0 / 1, 0%
Elapsed time:         4.2s
Transferring:
 *                          best_model_8_0.75.pt:100% /19.028Mi, 4.757Mi/s, 0sTransferred:   	   19.028 MiB / 19.028 MiB, 100%, 4.757 MiB/s, ETA 0s
Transferred:            0 / 1, 0%
Elapsed time:         4.7s
Transferring:
 *                          best_model_8_0.75.pt:100% /19.028Mi, 4.757Mi/s, 0sTransferred:   	   19.028 MiB / 19.028 MiB, 100%, 3.806 MiB/s, ETA 0s
Transferred:            1 / 1, 100%
Elapsed time:         5.0s
[b2_push] done -> b2:junyi-data/RGCL_video/logs/Retrieval/MHC/RAC_video/RAC_lr0.0001_Bz64_Ep30_cosSim_triplet_drop[0.2, 0.4, 0.1]_topK20__PseudoGold_positive_1_hard_negative_1_seed0_hybrid_loss/ckpt/best_model_8_0.75.pt
[2026-07-02 01:30:26] [disk_guard] verify: file not found on B2 at exact dest: b2:junyi-data/RGCL_video/logs/Retrieval/MHC/RAC_video/RAC_lr0.0001_Bz64_Ep30_cosSim_triplet_drop[0.2, 0.4, 0.1]_topK20__PseudoGold_positive_1_hard_negative_1_seed0_hybrid_loss/ckpt/best_model_8_0.75.pt
[2026-07-02 01:30:26] [disk_guard]     ERROR: verify failed; local kept (safe): /data/jehc223/RGCL/logging/Retrieval/MHC/RAC_video/RAC_lr0.0001_Bz64_Ep30_cosSim_triplet_drop[0.2, 0.4, 0.1]_topK20__PseudoGold_positive_1_hard_negative_1_seed0_hybrid_loss/ckpt/best_model_8_0.75.pt
[2026-07-02 01:30:26] [disk_guard]   candidate: /data/jehc223/RGCL/logging/Retrieval/HateMM/RAC_video/RAC_lr0.0001_Bz64_Ep30_cosSim_triplet_drop[0.2, 0.4, 0.1]_topK20__PseudoGold_positive_1_hard_negative_1_seed0_hybrid_loss/ckpt/best_model_9_0.8130841121495327.pt
[2026-07-02 01:30:26] [disk_guard]     mtime=2026-07-02 01:12:47 size=19.03MB
[2026-07-02 01:30:26] [disk_guard]     -> b2 subpath: logs/Retrieval/HateMM/RAC_video/RAC_lr0.0001_Bz64_Ep30_cosSim_triplet_drop[0.2, 0.4, 0.1]_topK20__PseudoGold_positive_1_hard_negative_1_seed0_hybrid_loss/ckpt/best_model_9_0.8130841121495327.pt
[2026-07-02 01:30:26] [disk_guard]     pushing to B2 ...
[b2_push] copy: /data/jehc223/RGCL/logging/Retrieval/HateMM/RAC_video/RAC_lr0.0001_Bz64_Ep30_cosSim_triplet_drop[0.2, 0.4, 0.1]_topK20__PseudoGold_positive_1_hard_negative_1_seed0_hybrid_loss/ckpt/best_model_9_0.8130841121495327.pt -> b2:junyi-data/RGCL_video/logs/Retrieval/HateMM/RAC_video/RAC_lr0.0001_Bz64_Ep30_cosSim_triplet_drop[0.2, 0.4, 0.1]_topK20__PseudoGold_positive_1_hard_negative_1_seed0_hybrid_loss/ckpt/best_model_9_0.8130841121495327.pt
Transferred:   	          0 B / 19.028 MiB, 0%, 0 B/s, ETA -
Transferred:            0 / 1, 0%
Elapsed time:         0.3s
Transferring:
 *            best_model_9_0.8130841121495327.pt:  0% /19.028Mi, 0/s, -Transferred:   	          0 B / 19.028 MiB, 0%, 0 B/s, ETA -
Transferred:            0 / 1, 0%
Elapsed time:         0.8s
Transferring:
 *            best_model_9_0.8130841121495327.pt:  0% /19.028Mi, 0/s, -Transferred:   	          0 B / 19.028 MiB, 0%, 0 B/s, ETA -
Transferred:            0 / 1, 0%
Elapsed time:         1.3s
Transferring:
 *            best_model_9_0.8130841121495327.pt:  0% /19.028Mi, 0/s, -Transferred:   	    1.590 MiB / 19.028 MiB, 8%, 0 B/s, ETA -
Transferred:            0 / 1, 0%
Elapsed time:         1.8s
Transferring:
 *            best_model_9_0.8130841121495327.pt:  8% /19.028Mi, 0/s, -Transferred:   	    1.902 MiB / 19.028 MiB, 10%, 813.999 KiB/s, ETA 21s
Transferred:            0 / 1, 0%
Elapsed time:         2.3s
Transferring:
 *            best_model_9_0.8130841121495327.pt:  9% /19.028Mi, 814.001Ki/s, 21Transferred:   	    5.059 MiB / 19.028 MiB, 27%, 813.999 KiB/s, ETA 17s
Transferred:            0 / 1, 0%
Elapsed time:         2.8s
Transferring:
 *            best_model_9_0.8130841121495327.pt: 26% /19.028Mi, 814.001Ki/s, 17Transferred:   	    8.402 MiB / 19.028 MiB, 44%, 2.332 MiB/s, ETA 4s
Transferred:            0 / 1, 0%
Elapsed time:         3.3s
Transferring:
 *            best_model_9_0.8130841121495327.pt: 44% /19.028Mi, 2.332Mi/s, 4sTransferred:   	   13.684 MiB / 19.028 MiB, 72%, 2.332 MiB/s, ETA 2s
Transferred:            0 / 1, 0%
Elapsed time:         3.8s
Transferring:
 *            best_model_9_0.8130841121495327.pt: 71% /19.028Mi, 2.332Mi/s, 2sTransferred:   	   19.028 MiB / 19.028 MiB, 100%, 3.968 MiB/s, ETA 0s
Transferred:            0 / 1, 0%
Elapsed time:         4.3s
Transferring:
 *            best_model_9_0.8130841121495327.pt:100% /19.028Mi, 3.968Mi/s, 0sTransferred:   	   19.028 MiB / 19.028 MiB, 100%, 3.968 MiB/s, ETA 0s
Transferred:            0 / 1, 0%
Elapsed time:         4.8s
Transferring:
 *            best_model_9_0.8130841121495327.pt:100% /19.028Mi, 3.968Mi/s, 0sTransferred:   	   19.028 MiB / 19.028 MiB, 100%, 3.806 MiB/s, ETA 0s
Transferred:            1 / 1, 100%
Elapsed time:         5.1s
[b2_push] done -> b2:junyi-data/RGCL_video/logs/Retrieval/HateMM/RAC_video/RAC_lr0.0001_Bz64_Ep30_cosSim_triplet_drop[0.2, 0.4, 0.1]_topK20__PseudoGold_positive_1_hard_negative_1_seed0_hybrid_loss/ckpt/best_model_9_0.8130841121495327.pt
[2026-07-02 01:30:35] [disk_guard] verify: file not found on B2 at exact dest: b2:junyi-data/RGCL_video/logs/Retrieval/HateMM/RAC_video/RAC_lr0.0001_Bz64_Ep30_cosSim_triplet_drop[0.2, 0.4, 0.1]_topK20__PseudoGold_positive_1_hard_negative_1_seed0_hybrid_loss/ckpt/best_model_9_0.8130841121495327.pt
[2026-07-02 01:30:35] [disk_guard]     ERROR: verify failed; local kept (safe): /data/jehc223/RGCL/logging/Retrieval/HateMM/RAC_video/RAC_lr0.0001_Bz64_Ep30_cosSim_triplet_drop[0.2, 0.4, 0.1]_topK20__PseudoGold_positive_1_hard_negative_1_seed0_hybrid_loss/ckpt/best_model_9_0.8130841121495327.pt
[2026-07-02 01:30:35] [disk_guard]   candidate: /data/jehc223/RGCL/logging/Retrieval/MHC/RAC_video/RAC_lr0.0001_Bz64_Ep30_cosSim_triplet_drop[0.2, 0.4, 0.1]_topK20__PseudoGold_positive_1_hard_negative_1_seed0_hybrid_loss/ckpt/best_model_18_0.75.pt
[2026-07-02 01:30:35] [disk_guard]     mtime=2026-07-02 01:12:51 size=19.03MB
[2026-07-02 01:30:35] [disk_guard]     -> b2 subpath: logs/Retrieval/MHC/RAC_video/RAC_lr0.0001_Bz64_Ep30_cosSim_triplet_drop[0.2, 0.4, 0.1]_topK20__PseudoGold_positive_1_hard_negative_1_seed0_hybrid_loss/ckpt/best_model_18_0.75.pt
[2026-07-02 01:30:35] [disk_guard]     pushing to B2 ...
[b2_push] copy: /data/jehc223/RGCL/logging/Retrieval/MHC/RAC_video/RAC_lr0.0001_Bz64_Ep30_cosSim_triplet_drop[0.2, 0.4, 0.1]_topK20__PseudoGold_positive_1_hard_negative_1_seed0_hybrid_loss/ckpt/best_model_18_0.75.pt -> b2:junyi-data/RGCL_video/logs/Retrieval/MHC/RAC_video/RAC_lr0.0001_Bz64_Ep30_cosSim_triplet_drop[0.2, 0.4, 0.1]_topK20__PseudoGold_positive_1_hard_negative_1_seed0_hybrid_loss/ckpt/best_model_18_0.75.pt
Transferred:   	          0 B / 19.028 MiB, 0%, 0 B/s, ETA -
Transferred:            0 / 1, 0%
Elapsed time:         0.3s
Transferring:
 *                         best_model_18_0.75.pt:  0% /19.028Mi, 0/s, -Transferred:   	          0 B / 19.028 MiB, 0%, 0 B/s, ETA -
Transferred:            0 / 1, 0%
Elapsed time:         0.8s
Transferring:
 *                         best_model_18_0.75.pt:  0% /19.028Mi, 0/s, -Transferred:   	          0 B / 19.028 MiB, 0%, 0 B/s, ETA -
Transferred:            0 / 1, 0%
Elapsed time:         1.3s
Transferring:
 *                         best_model_18_0.75.pt:  0% /19.028Mi, 0/s, -Transferred:   	      988 KiB / 19.028 MiB, 5%, 0 B/s, ETA -
Transferred:            0 / 1, 0%
Elapsed time:         1.8s
Transferring:
 *                         best_model_18_0.75.pt:  5% /19.028Mi, 0/s, -Transferred:   	    3.246 MiB / 19.028 MiB, 17%, 1.123 MiB/s, ETA 14s
Transferred:            0 / 1, 0%
Elapsed time:         2.3s
Transferring:
 *                         best_model_18_0.75.pt: 17% /19.028Mi, 1.123Mi/s, 14sTransferred:   	    6.090 MiB / 19.028 MiB, 32%, 1.123 MiB/s, ETA 11s
Transferred:            0 / 1, 0%
Elapsed time:         2.8s
Transferring:
 *                         best_model_18_0.75.pt: 32% /19.028Mi, 1.123Mi/s, 11sTransferred:   	   10.496 MiB / 19.028 MiB, 55%, 2.467 MiB/s, ETA 3s
Transferred:            0 / 1, 0%
Elapsed time:         3.3s
Transferring:
 *                         best_model_18_0.75.pt: 55% /19.028Mi, 2.467Mi/s, 3sTransferred:   	   15.809 MiB / 19.028 MiB, 83%, 2.467 MiB/s, ETA 1s
Transferred:            0 / 1, 0%
Elapsed time:         3.8s
Transferring:
 *                         best_model_18_0.75.pt: 83% /19.028Mi, 2.467Mi/s, 1sTransferred:   	   19.028 MiB / 19.028 MiB, 100%, 4.679 MiB/s, ETA 0s
Transferred:            0 / 1, 0%
Elapsed time:         4.3s
Transferring:
 *                         best_model_18_0.75.pt:100% /19.028Mi, 4.679Mi/s, 0sTransferred:   	   19.028 MiB / 19.028 MiB, 100%, 4.679 MiB/s, ETA 0s
Transferred:            1 / 1, 100%
Elapsed time:         4.5s
[b2_push] done -> b2:junyi-data/RGCL_video/logs/Retrieval/MHC/RAC_video/RAC_lr0.0001_Bz64_Ep30_cosSim_triplet_drop[0.2, 0.4, 0.1]_topK20__PseudoGold_positive_1_hard_negative_1_seed0_hybrid_loss/ckpt/best_model_18_0.75.pt
[2026-07-02 01:30:43] [disk_guard] verify: file not found on B2 at exact dest: b2:junyi-data/RGCL_video/logs/Retrieval/MHC/RAC_video/RAC_lr0.0001_Bz64_Ep30_cosSim_triplet_drop[0.2, 0.4, 0.1]_topK20__PseudoGold_positive_1_hard_negative_1_seed0_hybrid_loss/ckpt/best_model_18_0.75.pt
[2026-07-02 01:30:43] [disk_guard]     ERROR: verify failed; local kept (safe): /data/jehc223/RGCL/logging/Retrieval/MHC/RAC_video/RAC_lr0.0001_Bz64_Ep30_cosSim_triplet_drop[0.2, 0.4, 0.1]_topK20__PseudoGold_positive_1_hard_negative_1_seed0_hybrid_loss/ckpt/best_model_18_0.75.pt
[2026-07-02 01:30:43] [disk_guard]   candidate: /data/jehc223/RGCL/logging/Retrieval/MHC/RAC_video/RAC_lr0.0001_Bz64_Ep30_cosSim_triplet_drop[0.2, 0.4, 0.1]_topK20__PseudoGold_positive_1_hard_negative_1_seed0_hybrid_loss/ckpt/best_model_19_0.75.pt
[2026-07-02 01:30:43] [disk_guard]     mtime=2026-07-02 01:12:52 size=19.03MB
[2026-07-02 01:30:43] [disk_guard]     -> b2 subpath: logs/Retrieval/MHC/RAC_video/RAC_lr0.0001_Bz64_Ep30_cosSim_triplet_drop[0.2, 0.4, 0.1]_topK20__PseudoGold_positive_1_hard_negative_1_seed0_hybrid_loss/ckpt/best_model_19_0.75.pt
[2026-07-02 01:30:43] [disk_guard]     pushing to B2 ...
[b2_push] copy: /data/jehc223/RGCL/logging/Retrieval/MHC/RAC_video/RAC_lr0.0001_Bz64_Ep30_cosSim_triplet_drop[0.2, 0.4, 0.1]_topK20__PseudoGold_positive_1_hard_negative_1_seed0_hybrid_loss/ckpt/best_model_19_0.75.pt -> b2:junyi-data/RGCL_video/logs/Retrieval/MHC/RAC_video/RAC_lr0.0001_Bz64_Ep30_cosSim_triplet_drop[0.2, 0.4, 0.1]_topK20__PseudoGold_positive_1_hard_negative_1_seed0_hybrid_loss/ckpt/best_model_19_0.75.pt
Transferred:   	          0 B / 19.028 MiB, 0%, 0 B/s, ETA -
Transferred:            0 / 1, 0%
Elapsed time:         0.2s
Transferring:
 *                         best_model_19_0.75.pt:  0% /19.028Mi, 0/s, -Transferred:   	          0 B / 19.028 MiB, 0%, 0 B/s, ETA -
Transferred:            0 / 1, 0%
Elapsed time:         0.7s
Transferring:
 *                         best_model_19_0.75.pt:  0% /19.028Mi, 0/s, -Transferred:   	          0 B / 19.028 MiB, 0%, 0 B/s, ETA -
Transferred:            0 / 1, 0%
Elapsed time:         1.2s
Transferring:
 *                         best_model_19_0.75.pt:  0% /19.028Mi, 0/s, -Transferred:   	      988 KiB / 19.028 MiB, 5%, 0 B/s, ETA -
Transferred:            0 / 1, 0%
Elapsed time:         1.7s
Transferring:
 *                         best_model_19_0.75.pt:  5% /19.028Mi, 0/s, -Transferred:   	    2.621 MiB / 19.028 MiB, 14%, 670.007 KiB/s, ETA 25s
Transferred:            0 / 1, 0%
Elapsed time:         2.2s
Transferring:
 *                         best_model_19_0.75.pt: 13% /19.028Mi, 670.006Ki/s, 25Transferred:   	    5.340 MiB / 19.028 MiB, 28%, 670.007 KiB/s, ETA 20s
Transferred:            0 / 1, 0%
Elapsed time:         2.7s
Transferring:
 *                         best_model_19_0.75.pt: 28% /19.028Mi, 670.006Ki/s, 20Transferred:   	   10.246 MiB / 19.028 MiB, 54%, 2.113 MiB/s, ETA 4s
Transferred:            0 / 1, 0%
Elapsed time:         3.2s
Transferring:
 *                         best_model_19_0.75.pt: 53% /19.028Mi, 2.113Mi/s, 4sTransferred:   	   16.059 MiB / 19.028 MiB, 84%, 2.113 MiB/s, ETA 1s
Transferred:            0 / 1, 0%
Elapsed time:         3.7s
Transferring:
 *                         best_model_19_0.75.pt: 84% /19.028Mi, 2.113Mi/s, 1sTransferred:   	   19.028 MiB / 19.028 MiB, 100%, 4.757 MiB/s, ETA 0s
Transferred:            0 / 1, 0%
Elapsed time:         4.2s
Transferring:
 *                         best_model_19_0.75.pt:100% /19.028Mi, 4.757Mi/s, 0sTransferred:   	   19.028 MiB / 19.028 MiB, 100%, 4.757 MiB/s, ETA 0s
Transferred:            1 / 1, 100%
Elapsed time:         4.7s
[b2_push] done -> b2:junyi-data/RGCL_video/logs/Retrieval/MHC/RAC_video/RAC_lr0.0001_Bz64_Ep30_cosSim_triplet_drop[0.2, 0.4, 0.1]_topK20__PseudoGold_positive_1_hard_negative_1_seed0_hybrid_loss/ckpt/best_model_19_0.75.pt
[2026-07-02 01:30:52] [disk_guard] verify: file not found on B2 at exact dest: b2:junyi-data/RGCL_video/logs/Retrieval/MHC/RAC_video/RAC_lr0.0001_Bz64_Ep30_cosSim_triplet_drop[0.2, 0.4, 0.1]_topK20__PseudoGold_positive_1_hard_negative_1_seed0_hybrid_loss/ckpt/best_model_19_0.75.pt
[2026-07-02 01:30:52] [disk_guard]     ERROR: verify failed; local kept (safe): /data/jehc223/RGCL/logging/Retrieval/MHC/RAC_video/RAC_lr0.0001_Bz64_Ep30_cosSim_triplet_drop[0.2, 0.4, 0.1]_topK20__PseudoGold_positive_1_hard_negative_1_seed0_hybrid_loss/ckpt/best_model_19_0.75.pt
[2026-07-02 01:30:52] [disk_guard]   candidate: /data/jehc223/RGCL/logging/Retrieval/MHC/RAC_video/RAC_lr0.0001_Bz64_Ep30_cosSim_triplet_drop[0.2, 0.4, 0.1]_topK20__PseudoGold_positive_1_hard_negative_1_seed0_hybrid_loss/ckpt/best_model_22_0.75.pt
[2026-07-02 01:30:52] [disk_guard]     mtime=2026-07-02 01:12:54 size=19.03MB
[2026-07-02 01:30:52] [disk_guard]     -> b2 subpath: logs/Retrieval/MHC/RAC_video/RAC_lr0.0001_Bz64_Ep30_cosSim_triplet_drop[0.2, 0.4, 0.1]_topK20__PseudoGold_positive_1_hard_negative_1_seed0_hybrid_loss/ckpt/best_model_22_0.75.pt
[2026-07-02 01:30:52] [disk_guard]     pushing to B2 ...
[b2_push] copy: /data/jehc223/RGCL/logging/Retrieval/MHC/RAC_video/RAC_lr0.0001_Bz64_Ep30_cosSim_triplet_drop[0.2, 0.4, 0.1]_topK20__PseudoGold_positive_1_hard_negative_1_seed0_hybrid_loss/ckpt/best_model_22_0.75.pt -> b2:junyi-data/RGCL_video/logs/Retrieval/MHC/RAC_video/RAC_lr0.0001_Bz64_Ep30_cosSim_triplet_drop[0.2, 0.4, 0.1]_topK20__PseudoGold_positive_1_hard_negative_1_seed0_hybrid_loss/ckpt/best_model_22_0.75.pt
Transferred:   	          0 B / 19.028 MiB, 0%, 0 B/s, ETA -
Transferred:            0 / 1, 0%
Elapsed time:         0.3s
Transferring:
 *                         best_model_22_0.75.pt:  0% /19.028Mi, 0/s, -Transferred:   	          0 B / 19.028 MiB, 0%, 0 B/s, ETA -
Transferred:            0 / 1, 0%
Elapsed time:         0.8s
Transferring:
 *                         best_model_22_0.75.pt:  0% /19.028Mi, 0/s, -Transferred:   	          0 B / 19.028 MiB, 0%, 0 B/s, ETA -
Transferred:            0 / 1, 0%
Elapsed time:         1.3s
Transferring:
 *                         best_model_22_0.75.pt:  0% /19.028Mi, 0/s, -Transferred:   	    1.121 MiB / 19.028 MiB, 6%, 0 B/s, ETA -
Transferred:            0 / 1, 0%
Elapsed time:         1.8s
Transferring:
 *                         best_model_22_0.75.pt:  5% /19.028Mi, 0/s, -Transferred:   	    2.246 MiB / 19.028 MiB, 12%, 653.997 KiB/s, ETA 26s
Transferred:            0 / 1, 0%
Elapsed time:         2.3s
Transferring:
 *                         best_model_22_0.75.pt: 11% /19.028Mi, 653.994Ki/s, 26Transferred:   	    4.652 MiB / 19.028 MiB, 24%, 653.997 KiB/s, ETA 22s
Transferred:            0 / 1, 0%
Elapsed time:         2.8s
Transferring:
 *                         best_model_22_0.75.pt: 24% /19.028Mi, 653.994Ki/s, 22Transferred:   	    8.371 MiB / 19.028 MiB, 44%, 2.051 MiB/s, ETA 5s
Transferred:            0 / 1, 0%
Elapsed time:         3.3s
Transferring:
 *                         best_model_22_0.75.pt: 43% /19.028Mi, 2.051Mi/s, 5sTransferred:   	   14.527 MiB / 19.028 MiB, 76%, 2.051 MiB/s, ETA 2s
Transferred:            0 / 1, 0%
Elapsed time:         3.8s
Transferring:
 *                         best_model_22_0.75.pt: 76% /19.028Mi, 2.051Mi/s, 2sTransferred:   	   19.028 MiB / 19.028 MiB, 100%, 4.319 MiB/s, ETA 0s
Transferred:            0 / 1, 0%
Elapsed time:         4.3s
Transferring:
 *                         best_model_22_0.75.pt:100% /19.028Mi, 4.319Mi/s, 0sTransferred:   	   19.028 MiB / 19.028 MiB, 100%, 4.319 MiB/s, ETA 0s
Transferred:            0 / 1, 0%
Elapsed time:         4.8s
Transferring:
 *                         best_model_22_0.75.pt:100% /19.028Mi, 4.319Mi/s, 0sTransferred:   	   19.028 MiB / 19.028 MiB, 100%, 3.806 MiB/s, ETA 0s
Transferred:            1 / 1, 100%
Elapsed time:         5.0s
[b2_push] done -> b2:junyi-data/RGCL_video/logs/Retrieval/MHC/RAC_video/RAC_lr0.0001_Bz64_Ep30_cosSim_triplet_drop[0.2, 0.4, 0.1]_topK20__PseudoGold_positive_1_hard_negative_1_seed0_hybrid_loss/ckpt/best_model_22_0.75.pt
[2026-07-02 01:31:00] [disk_guard] verify: file not found on B2 at exact dest: b2:junyi-data/RGCL_video/logs/Retrieval/MHC/RAC_video/RAC_lr0.0001_Bz64_Ep30_cosSim_triplet_drop[0.2, 0.4, 0.1]_topK20__PseudoGold_positive_1_hard_negative_1_seed0_hybrid_loss/ckpt/best_model_22_0.75.pt
[2026-07-02 01:31:00] [disk_guard]     ERROR: verify failed; local kept (safe): /data/jehc223/RGCL/logging/Retrieval/MHC/RAC_video/RAC_lr0.0001_Bz64_Ep30_cosSim_triplet_drop[0.2, 0.4, 0.1]_topK20__PseudoGold_positive_1_hard_negative_1_seed0_hybrid_loss/ckpt/best_model_22_0.75.pt
[2026-07-02 01:31:00] [disk_guard]   candidate: /data/jehc223/RGCL/logging/Retrieval/HateMM/RAC_video/RAC_lr0.0001_Bz64_Ep30_cosSim_triplet_drop[0.2, 0.4, 0.1]_topK20__PseudoGold_positive_1_hard_negative_1_seed0_hybrid_loss/ckpt/best_model_20_0.8130841121495327.pt
[2026-07-02 01:31:00] [disk_guard]     mtime=2026-07-02 01:12:56 size=19.03MB
[2026-07-02 01:31:00] [disk_guard]     -> b2 subpath: logs/Retrieval/HateMM/RAC_video/RAC_lr0.0001_Bz64_Ep30_cosSim_triplet_drop[0.2, 0.4, 0.1]_topK20__PseudoGold_positive_1_hard_negative_1_seed0_hybrid_loss/ckpt/best_model_20_0.8130841121495327.pt
[2026-07-02 01:31:00] [disk_guard]     pushing to B2 ...
[b2_push] copy: /data/jehc223/RGCL/logging/Retrieval/HateMM/RAC_video/RAC_lr0.0001_Bz64_Ep30_cosSim_triplet_drop[0.2, 0.4, 0.1]_topK20__PseudoGold_positive_1_hard_negative_1_seed0_hybrid_loss/ckpt/best_model_20_0.8130841121495327.pt -> b2:junyi-data/RGCL_video/logs/Retrieval/HateMM/RAC_video/RAC_lr0.0001_Bz64_Ep30_cosSim_triplet_drop[0.2, 0.4, 0.1]_topK20__PseudoGold_positive_1_hard_negative_1_seed0_hybrid_loss/ckpt/best_model_20_0.8130841121495327.pt
Transferred:   	          0 B / 19.028 MiB, 0%, 0 B/s, ETA -
Transferred:            0 / 1, 0%
Elapsed time:         0.2s
Transferring:
 *           best_model_20_0.8130841121495327.pt:  0% /19.028Mi, 0/s, -Transferred:   	          0 B / 19.028 MiB, 0%, 0 B/s, ETA -
Transferred:            0 / 1, 0%
Elapsed time:         0.7s
Transferring:
 *           best_model_20_0.8130841121495327.pt:  0% /19.028Mi, 0/s, -Transferred:   	          0 B / 19.028 MiB, 0%, 0 B/s, ETA -
Transferred:            0 / 1, 0%
Elapsed time:         1.2s
Transferring:
 *           best_model_20_0.8130841121495327.pt:  0% /19.028Mi, 0/s, -Transferred:   	     1020 KiB / 19.028 MiB, 5%, 0 B/s, ETA -
Transferred:            0 / 1, 0%
Elapsed time:         1.7s
Transferring:
 *           best_model_20_0.8130841121495327.pt:  5% /19.028Mi, 0/s, -Transferred:   	    3.246 MiB / 19.028 MiB, 17%, 590 KiB/s, ETA 27s
Transferred:            0 / 1, 0%
Elapsed time:         2.2s
Transferring:
 *           best_model_20_0.8130841121495327.pt: 17% /19.028Mi, 590Ki/s, 27sTransferred:   	    5.527 MiB / 19.028 MiB, 29%, 590 KiB/s, ETA 23s
Transferred:            0 / 1, 0%
Elapsed time:         2.7s
Transferring:
 *           best_model_20_0.8130841121495327.pt: 29% /19.028Mi, 590Ki/s, 23sTransferred:   	    9.434 MiB / 19.028 MiB, 50%, 2.228 MiB/s, ETA 4s
Transferred:            0 / 1, 0%
Elapsed time:         3.2s
Transferring:
 *           best_model_20_0.8130841121495327.pt: 49% /19.028Mi, 2.228Mi/s, 4sTransferred:   	   15.840 MiB / 19.028 MiB, 83%, 2.228 MiB/s, ETA 1s
Transferred:            0 / 1, 0%
Elapsed time:         3.7s
Transferring:
 *           best_model_20_0.8130841121495327.pt: 83% /19.028Mi, 2.228Mi/s, 1sTransferred:   	   19.028 MiB / 19.028 MiB, 100%, 4.608 MiB/s, ETA 0s
Transferred:            0 / 1, 0%
Elapsed time:         4.2s
Transferring:
 *           best_model_20_0.8130841121495327.pt:100% /19.028Mi, 4.608Mi/s, 0sTransferred:   	   19.028 MiB / 19.028 MiB, 100%, 4.608 MiB/s, ETA 0s
Transferred:            0 / 1, 0%
Elapsed time:         4.7s
Transferring:
 *           best_model_20_0.8130841121495327.pt:100% /19.028Mi, 4.608Mi/s, 0sTransferred:   	   19.028 MiB / 19.028 MiB, 100%, 3.806 MiB/s, ETA 0s
Transferred:            1 / 1, 100%
Elapsed time:         5.0s
[b2_push] done -> b2:junyi-data/RGCL_video/logs/Retrieval/HateMM/RAC_video/RAC_lr0.0001_Bz64_Ep30_cosSim_triplet_drop[0.2, 0.4, 0.1]_topK20__PseudoGold_positive_1_hard_negative_1_seed0_hybrid_loss/ckpt/best_model_20_0.8130841121495327.pt
[2026-07-02 01:31:09] [disk_guard] verify: file not found on B2 at exact dest: b2:junyi-data/RGCL_video/logs/Retrieval/HateMM/RAC_video/RAC_lr0.0001_Bz64_Ep30_cosSim_triplet_drop[0.2, 0.4, 0.1]_topK20__PseudoGold_positive_1_hard_negative_1_seed0_hybrid_loss/ckpt/best_model_20_0.8130841121495327.pt
[2026-07-02 01:31:09] [disk_guard]     ERROR: verify failed; local kept (safe): /data/jehc223/RGCL/logging/Retrieval/HateMM/RAC_video/RAC_lr0.0001_Bz64_Ep30_cosSim_triplet_drop[0.2, 0.4, 0.1]_topK20__PseudoGold_positive_1_hard_negative_1_seed0_hybrid_loss/ckpt/best_model_20_0.8130841121495327.pt
[2026-07-02 01:31:09] [disk_guard]   candidate: /data/jehc223/RGCL/logging/Retrieval/MHC/RAC_video/RAC_lr0.0001_Bz64_Ep30_cosSim_triplet_drop[0.2, 0.4, 0.1]_topK20__PseudoGold_positive_1_hard_negative_1_seed0_hybrid_loss/ckpt/best_model_26_0.75.pt
[2026-07-02 01:31:09] [disk_guard]     mtime=2026-07-02 01:12:56 size=19.03MB
[2026-07-02 01:31:09] [disk_guard]     -> b2 subpath: logs/Retrieval/MHC/RAC_video/RAC_lr0.0001_Bz64_Ep30_cosSim_triplet_drop[0.2, 0.4, 0.1]_topK20__PseudoGold_positive_1_hard_negative_1_seed0_hybrid_loss/ckpt/best_model_26_0.75.pt
[2026-07-02 01:31:09] [disk_guard]     pushing to B2 ...
[b2_push] copy: /data/jehc223/RGCL/logging/Retrieval/MHC/RAC_video/RAC_lr0.0001_Bz64_Ep30_cosSim_triplet_drop[0.2, 0.4, 0.1]_topK20__PseudoGold_positive_1_hard_negative_1_seed0_hybrid_loss/ckpt/best_model_26_0.75.pt -> b2:junyi-data/RGCL_video/logs/Retrieval/MHC/RAC_video/RAC_lr0.0001_Bz64_Ep30_cosSim_triplet_drop[0.2, 0.4, 0.1]_topK20__PseudoGold_positive_1_hard_negative_1_seed0_hybrid_loss/ckpt/best_model_26_0.75.pt
Transferred:   	          0 B / 19.028 MiB, 0%, 0 B/s, ETA -
Transferred:            0 / 1, 0%
Elapsed time:         0.3s
Transferring:
 *                         best_model_26_0.75.pt:  0% /19.028Mi, 0/s, -Transferred:   	          0 B / 19.028 MiB, 0%, 0 B/s, ETA -
Transferred:            0 / 1, 0%
Elapsed time:         0.8s
Transferring:
 *                         best_model_26_0.75.pt:  0% /19.028Mi, 0/s, -Transferred:   	          0 B / 19.028 MiB, 0%, 0 B/s, ETA -
Transferred:            0 / 1, 0%
Elapsed time:         1.3s
Transferring:
 *                         best_model_26_0.75.pt:  0% /19.028Mi, 0/s, -Transferred:   	    1.340 MiB / 19.028 MiB, 7%, 0 B/s, ETA -
Transferred:            0 / 1, 0%
Elapsed time:         1.8s
Transferring:
 *                         best_model_26_0.75.pt:  7% /19.028Mi, 0/s, -Transferred:   	    1.902 MiB / 19.028 MiB, 10%, 974.002 KiB/s, ETA 18s
Transferred:            0 / 1, 0%
Elapsed time:         2.3s
Transferring:
 *                         best_model_26_0.75.pt:  9% /19.028Mi, 973.998Ki/s, 18Transferred:   	    4.402 MiB / 19.028 MiB, 23%, 974.002 KiB/s, ETA 15s
Transferred:            0 / 1, 0%
Elapsed time:         2.8s
Transferring:
 *                         best_model_26_0.75.pt: 23% /19.028Mi, 973.998Ki/s, 15Transferred:   	    7.746 MiB / 19.028 MiB, 41%, 1.905 MiB/s, ETA 5s
Transferred:            0 / 1, 0%
Elapsed time:         3.3s
Transferring:
 *                         best_model_26_0.75.pt: 40% /19.028Mi, 1.905Mi/s, 5sTransferred:   	   12.621 MiB / 19.028 MiB, 66%, 1.905 MiB/s, ETA 3s
Transferred:            0 / 1, 0%
Elapsed time:         3.8s
Transferring:
 *                         best_model_26_0.75.pt: 66% /19.028Mi, 1.905Mi/s, 3sTransferred:   	   17.559 MiB / 19.028 MiB, 92%, 3.601 MiB/s, ETA 0s
Transferred:            0 / 1, 0%
Elapsed time:         4.3s
Transferring:
 *                         best_model_26_0.75.pt: 92% /19.028Mi, 3.601Mi/s, 0sTransferred:   	   19.028 MiB / 19.028 MiB, 100%, 3.601 MiB/s, ETA 0s
Transferred:            0 / 1, 0%
Elapsed time:         4.8s
Transferring:
 *                         best_model_26_0.75.pt:100% /19.028Mi, 3.601Mi/s, 0sTransferred:   	   19.028 MiB / 19.028 MiB, 100%, 3.806 MiB/s, ETA 0s
Transferred:            0 / 1, 0%
Elapsed time:         5.3s
Transferring:
 *                         best_model_26_0.75.pt:100% /19.028Mi, 3.806Mi/s, 0sTransferred:   	   19.028 MiB / 19.028 MiB, 100%, 3.806 MiB/s, ETA 0s
Transferred:            1 / 1, 100%
Elapsed time:         5.3s
[b2_push] done -> b2:junyi-data/RGCL_video/logs/Retrieval/MHC/RAC_video/RAC_lr0.0001_Bz64_Ep30_cosSim_triplet_drop[0.2, 0.4, 0.1]_topK20__PseudoGold_positive_1_hard_negative_1_seed0_hybrid_loss/ckpt/best_model_26_0.75.pt
[2026-07-02 01:31:18] [disk_guard] verify: file not found on B2 at exact dest: b2:junyi-data/RGCL_video/logs/Retrieval/MHC/RAC_video/RAC_lr0.0001_Bz64_Ep30_cosSim_triplet_drop[0.2, 0.4, 0.1]_topK20__PseudoGold_positive_1_hard_negative_1_seed0_hybrid_loss/ckpt/best_model_26_0.75.pt
[2026-07-02 01:31:18] [disk_guard]     ERROR: verify failed; local kept (safe): /data/jehc223/RGCL/logging/Retrieval/MHC/RAC_video/RAC_lr0.0001_Bz64_Ep30_cosSim_triplet_drop[0.2, 0.4, 0.1]_topK20__PseudoGold_positive_1_hard_negative_1_seed0_hybrid_loss/ckpt/best_model_26_0.75.pt
[2026-07-02 01:31:18] [disk_guard]   candidate: /data/jehc223/RGCL/logging/Retrieval/HateMM/RAC_video/RAC_lr0.0001_Bz64_Ep30_cosSim_triplet_drop[0.2, 0.4, 0.1]_topK20__PseudoGold_positive_1_hard_negative_1_seed0_hybrid_loss/ckpt/best_model_21_0.8317757009345794.pt
[2026-07-02 01:31:18] [disk_guard]     mtime=2026-07-02 01:12:57 size=19.03MB
[2026-07-02 01:31:18] [disk_guard]     -> b2 subpath: logs/Retrieval/HateMM/RAC_video/RAC_lr0.0001_Bz64_Ep30_cosSim_triplet_drop[0.2, 0.4, 0.1]_topK20__PseudoGold_positive_1_hard_negative_1_seed0_hybrid_loss/ckpt/best_model_21_0.8317757009345794.pt
[2026-07-02 01:31:18] [disk_guard]     pushing to B2 ...
[b2_push] copy: /data/jehc223/RGCL/logging/Retrieval/HateMM/RAC_video/RAC_lr0.0001_Bz64_Ep30_cosSim_triplet_drop[0.2, 0.4, 0.1]_topK20__PseudoGold_positive_1_hard_negative_1_seed0_hybrid_loss/ckpt/best_model_21_0.8317757009345794.pt -> b2:junyi-data/RGCL_video/logs/Retrieval/HateMM/RAC_video/RAC_lr0.0001_Bz64_Ep30_cosSim_triplet_drop[0.2, 0.4, 0.1]_topK20__PseudoGold_positive_1_hard_negative_1_seed0_hybrid_loss/ckpt/best_model_21_0.8317757009345794.pt
Transferred:   	          0 B / 19.028 MiB, 0%, 0 B/s, ETA -
Transferred:            0 / 1, 0%
Elapsed time:         0.3s
Transferring:
 *           best_model_21_0.8317757009345794.pt:  0% /19.028Mi, 0/s, -Transferred:   	          0 B / 19.028 MiB, 0%, 0 B/s, ETA -
Transferred:            0 / 1, 0%
Elapsed time:         0.8s
Transferring:
 *           best_model_21_0.8317757009345794.pt:  0% /19.028Mi, 0/s, -Transferred:   	          0 B / 19.028 MiB, 0%, 0 B/s, ETA -
Transferred:            0 / 1, 0%
Elapsed time:         1.3s
Transferring:
 *           best_model_21_0.8317757009345794.pt:  0% /19.028Mi, 0/s, -Transferred:   	    1.277 MiB / 19.028 MiB, 7%, 0 B/s, ETA -
Transferred:            0 / 1, 0%
Elapsed time:         1.8s
Transferring:
 *           best_model_21_0.8317757009345794.pt:  6% /19.028Mi, 0/s, -Transferred:   	    1.465 MiB / 19.028 MiB, 8%, 654 KiB/s, ETA 27s
Transferred:            0 / 1, 0%
Elapsed time:         2.3s
Transferring:
 *           best_model_21_0.8317757009345794.pt:  7% /19.028Mi, 653.998Ki/s, 27Transferred:   	    3.902 MiB / 19.028 MiB, 21%, 654 KiB/s, ETA 23s
Transferred:            0 / 1, 0%
Elapsed time:         2.8s
Transferring:
 *           best_model_21_0.8317757009345794.pt: 20% /19.028Mi, 653.998Ki/s, 23Transferred:   	    7.340 MiB / 19.028 MiB, 39%, 1.801 MiB/s, ETA 6s
Transferred:            0 / 1, 0%
Elapsed time:         3.3s
Transferring:
 *           best_model_21_0.8317757009345794.pt: 38% /19.028Mi, 1.801Mi/s, 6sTransferred:   	   13.309 MiB / 19.028 MiB, 70%, 1.801 MiB/s, ETA 3s
Transferred:            0 / 1, 0%
Elapsed time:         3.8s
Transferring:
 *           best_model_21_0.8317757009345794.pt: 69% /19.028Mi, 1.801Mi/s, 3sTransferred:   	   19.028 MiB / 19.028 MiB, 100%, 3.983 MiB/s, ETA 0s
Transferred:            0 / 1, 0%
Elapsed time:         4.3s
Transferring:
 *           best_model_21_0.8317757009345794.pt:100% /19.028Mi, 3.983Mi/s, 0sTransferred:   	   19.028 MiB / 19.028 MiB, 100%, 3.983 MiB/s, ETA 0s
Transferred:            1 / 1, 100%
Elapsed time:         4.5s
[b2_push] done -> b2:junyi-data/RGCL_video/logs/Retrieval/HateMM/RAC_video/RAC_lr0.0001_Bz64_Ep30_cosSim_triplet_drop[0.2, 0.4, 0.1]_topK20__PseudoGold_positive_1_hard_negative_1_seed0_hybrid_loss/ckpt/best_model_21_0.8317757009345794.pt
[2026-07-02 01:31:26] [disk_guard] verify: file not found on B2 at exact dest: b2:junyi-data/RGCL_video/logs/Retrieval/HateMM/RAC_video/RAC_lr0.0001_Bz64_Ep30_cosSim_triplet_drop[0.2, 0.4, 0.1]_topK20__PseudoGold_positive_1_hard_negative_1_seed0_hybrid_loss/ckpt/best_model_21_0.8317757009345794.pt
[2026-07-02 01:31:26] [disk_guard]     ERROR: verify failed; local kept (safe): /data/jehc223/RGCL/logging/Retrieval/HateMM/RAC_video/RAC_lr0.0001_Bz64_Ep30_cosSim_triplet_drop[0.2, 0.4, 0.1]_topK20__PseudoGold_positive_1_hard_negative_1_seed0_hybrid_loss/ckpt/best_model_21_0.8317757009345794.pt
[2026-07-02 01:31:26] [disk_guard]   candidate: /data/jehc223/RGCL/logging/Retrieval/HateMM/RAC_video/RAC_lr0.0001_Bz64_Ep30_cosSim_triplet_drop[0.2, 0.4, 0.1]_topK20__PseudoGold_positive_1_hard_negative_1_seed0_hybrid_loss/ckpt/best_model_22_0.8317757009345794.pt
[2026-07-02 01:31:26] [disk_guard]     mtime=2026-07-02 01:12:58 size=19.03MB
[2026-07-02 01:31:26] [disk_guard]     -> b2 subpath: logs/Retrieval/HateMM/RAC_video/RAC_lr0.0001_Bz64_Ep30_cosSim_triplet_drop[0.2, 0.4, 0.1]_topK20__PseudoGold_positive_1_hard_negative_1_seed0_hybrid_loss/ckpt/best_model_22_0.8317757009345794.pt
[2026-07-02 01:31:26] [disk_guard]     pushing to B2 ...
[b2_push] copy: /data/jehc223/RGCL/logging/Retrieval/HateMM/RAC_video/RAC_lr0.0001_Bz64_Ep30_cosSim_triplet_drop[0.2, 0.4, 0.1]_topK20__PseudoGold_positive_1_hard_negative_1_seed0_hybrid_loss/ckpt/best_model_22_0.8317757009345794.pt -> b2:junyi-data/RGCL_video/logs/Retrieval/HateMM/RAC_video/RAC_lr0.0001_Bz64_Ep30_cosSim_triplet_drop[0.2, 0.4, 0.1]_topK20__PseudoGold_positive_1_hard_negative_1_seed0_hybrid_loss/ckpt/best_model_22_0.8317757009345794.pt
Transferred:   	          0 B / 19.028 MiB, 0%, 0 B/s, ETA -
Transferred:            0 / 1, 0%
Elapsed time:         0.3s
Transferring:
 *           best_model_22_0.8317757009345794.pt:  0% /19.028Mi, 0/s, -Transferred:   	          0 B / 19.028 MiB, 0%, 0 B/s, ETA -
Transferred:            0 / 1, 0%
Elapsed time:         0.8s
Transferring:
 *           best_model_22_0.8317757009345794.pt:  0% /19.028Mi, 0/s, -Transferred:   	          0 B / 19.028 MiB, 0%, 0 B/s, ETA -
Transferred:            0 / 1, 0%
Elapsed time:         1.3s
Transferring:
 *           best_model_22_0.8317757009345794.pt:  0% /19.028Mi, 0/s, -Transferred:   	    1.184 MiB / 19.028 MiB, 6%, 0 B/s, ETA -
Transferred:            0 / 1, 0%
Elapsed time:         1.8s
Transferring:
 *           best_model_22_0.8317757009345794.pt:  6% /19.028Mi, 0/s, -Transferred:   	    1.652 MiB / 19.028 MiB, 9%, 685.999 KiB/s, ETA 25s
Transferred:            0 / 1, 0%
Elapsed time:         2.3s
Transferring:
 *           best_model_22_0.8317757009345794.pt:  8% /19.028Mi, 685.997Ki/s, 25Transferred:   	    5.121 MiB / 19.028 MiB, 27%, 685.999 KiB/s, ETA 20s
Transferred:            0 / 1, 0%
Elapsed time:         2.8s
Transferring:
 *           best_model_22_0.8317757009345794.pt: 26% /19.028Mi, 685.997Ki/s, 20Transferred:   	    8.777 MiB / 19.028 MiB, 46%, 2.301 MiB/s, ETA 4s
Transferred:            0 / 1, 0%
Elapsed time:         3.3s
Transferring:
 *           best_model_22_0.8317757009345794.pt: 46% /19.028Mi, 2.301Mi/s, 4sTransferred:   	   14.527 MiB / 19.028 MiB, 76%, 2.301 MiB/s, ETA 1s
Transferred:            0 / 1, 0%
Elapsed time:         3.8s
Transferring:
 *           best_model_22_0.8317757009345794.pt: 76% /19.028Mi, 2.301Mi/s, 1sTransferred:   	   19.028 MiB / 19.028 MiB, 100%, 4.296 MiB/s, ETA 0s
Transferred:            0 / 1, 0%
Elapsed time:         4.3s
Transferring:
 *           best_model_22_0.8317757009345794.pt:100% /19.028Mi, 4.296Mi/s, 0sTransferred:   	   19.028 MiB / 19.028 MiB, 100%, 4.296 MiB/s, ETA 0s
Transferred:            1 / 1, 100%
Elapsed time:         4.6s
[b2_push] done -> b2:junyi-data/RGCL_video/logs/Retrieval/HateMM/RAC_video/RAC_lr0.0001_Bz64_Ep30_cosSim_triplet_drop[0.2, 0.4, 0.1]_topK20__PseudoGold_positive_1_hard_negative_1_seed0_hybrid_loss/ckpt/best_model_22_0.8317757009345794.pt
[2026-07-02 01:31:35] [disk_guard] verify: file not found on B2 at exact dest: b2:junyi-data/RGCL_video/logs/Retrieval/HateMM/RAC_video/RAC_lr0.0001_Bz64_Ep30_cosSim_triplet_drop[0.2, 0.4, 0.1]_topK20__PseudoGold_positive_1_hard_negative_1_seed0_hybrid_loss/ckpt/best_model_22_0.8317757009345794.pt
[2026-07-02 01:31:35] [disk_guard]     ERROR: verify failed; local kept (safe): /data/jehc223/RGCL/logging/Retrieval/HateMM/RAC_video/RAC_lr0.0001_Bz64_Ep30_cosSim_triplet_drop[0.2, 0.4, 0.1]_topK20__PseudoGold_positive_1_hard_negative_1_seed0_hybrid_loss/ckpt/best_model_22_0.8317757009345794.pt
[2026-07-02 01:31:35] [disk_guard]   candidate: /data/jehc223/RGCL/logging/Retrieval/MHC/RAC_video/RAC_lr0.0001_Bz64_Ep30_cosSim_triplet_drop[0.2, 0.4, 0.1]_topK20__PseudoGold_positive_1_hard_negative_1_seed0_hybrid_loss/ckpt/last_model_29_0.7375.pt
[2026-07-02 01:31:35] [disk_guard]     mtime=2026-07-02 01:12:59 size=19.03MB
[2026-07-02 01:31:35] [disk_guard]     -> b2 subpath: logs/Retrieval/MHC/RAC_video/RAC_lr0.0001_Bz64_Ep30_cosSim_triplet_drop[0.2, 0.4, 0.1]_topK20__PseudoGold_positive_1_hard_negative_1_seed0_hybrid_loss/ckpt/last_model_29_0.7375.pt
[2026-07-02 01:31:35] [disk_guard]     pushing to B2 ...
[b2_push] copy: /data/jehc223/RGCL/logging/Retrieval/MHC/RAC_video/RAC_lr0.0001_Bz64_Ep30_cosSim_triplet_drop[0.2, 0.4, 0.1]_topK20__PseudoGold_positive_1_hard_negative_1_seed0_hybrid_loss/ckpt/last_model_29_0.7375.pt -> b2:junyi-data/RGCL_video/logs/Retrieval/MHC/RAC_video/RAC_lr0.0001_Bz64_Ep30_cosSim_triplet_drop[0.2, 0.4, 0.1]_topK20__PseudoGold_positive_1_hard_negative_1_seed0_hybrid_loss/ckpt/last_model_29_0.7375.pt
Transferred:   	          0 B / 19.028 MiB, 0%, 0 B/s, ETA -
Transferred:            0 / 1, 0%
Elapsed time:         0.2s
Transferring:
 *                       last_model_29_0.7375.pt:  0% /19.028Mi, 0/s, -Transferred:   	          0 B / 19.028 MiB, 0%, 0 B/s, ETA -
Transferred:            0 / 1, 0%
Elapsed time:         0.7s
Transferring:
 *                       last_model_29_0.7375.pt:  0% /19.028Mi, 0/s, -Transferred:   	          0 B / 19.028 MiB, 0%, 0 B/s, ETA -
Transferred:            0 / 1, 0%
Elapsed time:         1.3s
Transferring:
 *                       last_model_29_0.7375.pt:  0% /19.028Mi, 0/s, -Transferred:   	      892 KiB / 19.028 MiB, 5%, 0 B/s, ETA -
Transferred:            0 / 1, 0%
Elapsed time:         1.8s
Transferring:
 *                       last_model_29_0.7375.pt:  4% /19.028Mi, 0/s, -Transferred:   	    2.902 MiB / 19.028 MiB, 15%, 862.002 KiB/s, ETA 19s
Transferred:            0 / 1, 0%
Elapsed time:         2.3s
Transferring:
 *                       last_model_29_0.7375.pt: 15% /19.028Mi, 862.002Ki/s, 19Transferred:   	    5.652 MiB / 19.028 MiB, 30%, 862.002 KiB/s, ETA 15s
Transferred:            0 / 1, 0%
Elapsed time:         2.8s
Transferring:
 *                       last_model_29_0.7375.pt: 29% /19.028Mi, 862.002Ki/s, 15Transferred:   	   10.715 MiB / 19.028 MiB, 56%, 2.259 MiB/s, ETA 3s
Transferred:            0 / 1, 0%
Elapsed time:         3.3s
Transferring:
 *                       last_model_29_0.7375.pt: 56% /19.028Mi, 2.259Mi/s, 3sTransferred:   	   14.465 MiB / 19.028 MiB, 76%, 2.259 MiB/s, ETA 2s
Transferred:            0 / 1, 0%
Elapsed time:         3.7s
Transferring:
 *                       last_model_29_0.7375.pt: 76% /19.028Mi, 2.259Mi/s, 2sTransferred:   	   19.028 MiB / 19.028 MiB, 100%, 4.147 MiB/s, ETA 0s
Transferred:            0 / 1, 0%
Elapsed time:         4.2s
Transferring:
 *                       last_model_29_0.7375.pt:100% /19.028Mi, 4.147Mi/s, 0sTransferred:   	   19.028 MiB / 19.028 MiB, 100%, 4.147 MiB/s, ETA 0s
Transferred:            1 / 1, 100%
Elapsed time:         4.6s
[b2_push] done -> b2:junyi-data/RGCL_video/logs/Retrieval/MHC/RAC_video/RAC_lr0.0001_Bz64_Ep30_cosSim_triplet_drop[0.2, 0.4, 0.1]_topK20__PseudoGold_positive_1_hard_negative_1_seed0_hybrid_loss/ckpt/last_model_29_0.7375.pt
[2026-07-02 01:31:43] [disk_guard] verify: file not found on B2 at exact dest: b2:junyi-data/RGCL_video/logs/Retrieval/MHC/RAC_video/RAC_lr0.0001_Bz64_Ep30_cosSim_triplet_drop[0.2, 0.4, 0.1]_topK20__PseudoGold_positive_1_hard_negative_1_seed0_hybrid_loss/ckpt/last_model_29_0.7375.pt
[2026-07-02 01:31:43] [disk_guard]     ERROR: verify failed; local kept (safe): /data/jehc223/RGCL/logging/Retrieval/MHC/RAC_video/RAC_lr0.0001_Bz64_Ep30_cosSim_triplet_drop[0.2, 0.4, 0.1]_topK20__PseudoGold_positive_1_hard_negative_1_seed0_hybrid_loss/ckpt/last_model_29_0.7375.pt
[2026-07-02 01:31:43] [disk_guard]   candidate: /data/jehc223/RGCL/logging/Retrieval/HateMM/RAC_video/RAC_lr0.0001_Bz64_Ep30_cosSim_triplet_drop[0.2, 0.4, 0.1]_topK20__PseudoGold_positive_1_hard_negative_1_seed0_hybrid_loss/ckpt/best_model_24_0.8411214953271028.pt
[2026-07-02 01:31:43] [disk_guard]     mtime=2026-07-02 01:13:00 size=19.03MB
[2026-07-02 01:31:43] [disk_guard]     -> b2 subpath: logs/Retrieval/HateMM/RAC_video/RAC_lr0.0001_Bz64_Ep30_cosSim_triplet_drop[0.2, 0.4, 0.1]_topK20__PseudoGold_positive_1_hard_negative_1_seed0_hybrid_loss/ckpt/best_model_24_0.8411214953271028.pt
[2026-07-02 01:31:43] [disk_guard]     pushing to B2 ...
[b2_push] copy: /data/jehc223/RGCL/logging/Retrieval/HateMM/RAC_video/RAC_lr0.0001_Bz64_Ep30_cosSim_triplet_drop[0.2, 0.4, 0.1]_topK20__PseudoGold_positive_1_hard_negative_1_seed0_hybrid_loss/ckpt/best_model_24_0.8411214953271028.pt -> b2:junyi-data/RGCL_video/logs/Retrieval/HateMM/RAC_video/RAC_lr0.0001_Bz64_Ep30_cosSim_triplet_drop[0.2, 0.4, 0.1]_topK20__PseudoGold_positive_1_hard_negative_1_seed0_hybrid_loss/ckpt/best_model_24_0.8411214953271028.pt
Transferred:   	          0 B / 19.028 MiB, 0%, 0 B/s, ETA -
Transferred:            0 / 1, 0%
Elapsed time:         0.3s
Transferring:
 *           best_model_24_0.8411214953271028.pt:  0% /19.028Mi, 0/s, -Transferred:   	          0 B / 19.028 MiB, 0%, 0 B/s, ETA -
Transferred:            0 / 1, 0%
Elapsed time:         0.8s
Transferring:
 *           best_model_24_0.8411214953271028.pt:  0% /19.028Mi, 0/s, -Transferred:   	          0 B / 19.028 MiB, 0%, 0 B/s, ETA -
Transferred:            0 / 1, 0%
Elapsed time:         1.3s
Transferring:
 *           best_model_24_0.8411214953271028.pt:  0% /19.028Mi, 0/s, -Transferred:   	     1020 KiB / 19.028 MiB, 5%, 0 B/s, ETA -
Transferred:            0 / 1, 0%
Elapsed time:         1.8s
Transferring:
 *           best_model_24_0.8411214953271028.pt:  5% /19.028Mi, 0/s, -Transferred:   	    2.465 MiB / 19.028 MiB, 13%, 509.999 KiB/s, ETA 33s
Transferred:            0 / 1, 0%
Elapsed time:         2.3s
Transferring:
 *           best_model_24_0.8411214953271028.pt: 12% /19.028Mi, 509.999Ki/s, 33Transferred:   	    3.965 MiB / 19.028 MiB, 21%, 509.999 KiB/s, ETA 30s
Transferred:            0 / 1, 0%
Elapsed time:         2.8s
Transferring:
 *           best_model_24_0.8411214953271028.pt: 20% /19.028Mi, 509.999Ki/s, 30Transferred:   	    7.402 MiB / 19.028 MiB, 39%, 1.811 MiB/s, ETA 6s
Transferred:            0 / 1, 0%
Elapsed time:         3.3s
Transferring:
 *           best_model_24_0.8411214953271028.pt: 38% /19.028Mi, 1.811Mi/s, 6sTransferred:   	   13.059 MiB / 19.028 MiB, 69%, 1.811 MiB/s, ETA 3s
Transferred:            0 / 1, 0%
Elapsed time:         3.8s
Transferring:
 *           best_model_24_0.8411214953271028.pt: 68% /19.028Mi, 1.811Mi/s, 3sTransferred:   	   19.028 MiB / 19.028 MiB, 100%, 4.179 MiB/s, ETA 0s
Transferred:            0 / 1, 0%
Elapsed time:         4.3s
Transferring:
 *           best_model_24_0.8411214953271028.pt:100% /19.028Mi, 4.179Mi/s, 0sTransferred:   	   19.028 MiB / 19.028 MiB, 100%, 4.179 MiB/s, ETA 0s
Transferred:            0 / 1, 0%
Elapsed time:         4.8s
Transferring:
 *           best_model_24_0.8411214953271028.pt:100% /19.028Mi, 4.179Mi/s, 0sTransferred:   	   19.028 MiB / 19.028 MiB, 100%, 3.806 MiB/s, ETA 0s
Transferred:            0 / 1, 0%
Elapsed time:         5.3s
Transferring:
 *           best_model_24_0.8411214953271028.pt:100% /19.028Mi, 3.806Mi/s, 0sTransferred:   	   19.028 MiB / 19.028 MiB, 100%, 3.806 MiB/s, ETA 0s
Transferred:            0 / 1, 0%
Elapsed time:         5.8s
Transferring:
 *           best_model_24_0.8411214953271028.pt:100% /19.028Mi, 3.806Mi/s, 0sTransferred:   	   19.028 MiB / 19.028 MiB, 100%, 3.171 MiB/s, ETA 0s
Transferred:            1 / 1, 100%
Elapsed time:         6.2s
[b2_push] done -> b2:junyi-data/RGCL_video/logs/Retrieval/HateMM/RAC_video/RAC_lr0.0001_Bz64_Ep30_cosSim_triplet_drop[0.2, 0.4, 0.1]_topK20__PseudoGold_positive_1_hard_negative_1_seed0_hybrid_loss/ckpt/best_model_24_0.8411214953271028.pt
[2026-07-02 01:31:53] [disk_guard] verify: file not found on B2 at exact dest: b2:junyi-data/RGCL_video/logs/Retrieval/HateMM/RAC_video/RAC_lr0.0001_Bz64_Ep30_cosSim_triplet_drop[0.2, 0.4, 0.1]_topK20__PseudoGold_positive_1_hard_negative_1_seed0_hybrid_loss/ckpt/best_model_24_0.8411214953271028.pt
[2026-07-02 01:31:53] [disk_guard]     ERROR: verify failed; local kept (safe): /data/jehc223/RGCL/logging/Retrieval/HateMM/RAC_video/RAC_lr0.0001_Bz64_Ep30_cosSim_triplet_drop[0.2, 0.4, 0.1]_topK20__PseudoGold_positive_1_hard_negative_1_seed0_hybrid_loss/ckpt/best_model_24_0.8411214953271028.pt
[2026-07-02 01:31:53] [disk_guard]   candidate: /data/jehc223/RGCL/logging/Retrieval/HateMM/RAC_video/RAC_lr0.0001_Bz64_Ep30_cosSim_triplet_drop[0.2, 0.4, 0.1]_topK20__PseudoGold_positive_1_hard_negative_1_seed0_hybrid_loss/ckpt/last_model_29_0.794392523364486.pt
[2026-07-02 01:31:53] [disk_guard]     mtime=2026-07-02 01:13:05 size=19.03MB
[2026-07-02 01:31:53] [disk_guard]     -> b2 subpath: logs/Retrieval/HateMM/RAC_video/RAC_lr0.0001_Bz64_Ep30_cosSim_triplet_drop[0.2, 0.4, 0.1]_topK20__PseudoGold_positive_1_hard_negative_1_seed0_hybrid_loss/ckpt/last_model_29_0.794392523364486.pt
[2026-07-02 01:31:53] [disk_guard]     pushing to B2 ...
[b2_push] copy: /data/jehc223/RGCL/logging/Retrieval/HateMM/RAC_video/RAC_lr0.0001_Bz64_Ep30_cosSim_triplet_drop[0.2, 0.4, 0.1]_topK20__PseudoGold_positive_1_hard_negative_1_seed0_hybrid_loss/ckpt/last_model_29_0.794392523364486.pt -> b2:junyi-data/RGCL_video/logs/Retrieval/HateMM/RAC_video/RAC_lr0.0001_Bz64_Ep30_cosSim_triplet_drop[0.2, 0.4, 0.1]_topK20__PseudoGold_positive_1_hard_negative_1_seed0_hybrid_loss/ckpt/last_model_29_0.794392523364486.pt
Transferred:   	          0 B / 19.028 MiB, 0%, 0 B/s, ETA -
Transferred:            0 / 1, 0%
Elapsed time:         0.2s
Transferring:
 *            last_model_29_0.794392523364486.pt:  0% /19.028Mi, 0/s, -Transferred:   	          0 B / 19.028 MiB, 0%, 0 B/s, ETA -
Transferred:            0 / 1, 0%
Elapsed time:         0.7s
Transferring:
 *            last_model_29_0.794392523364486.pt:  0% /19.028Mi, 0/s, -Transferred:   	          0 B / 19.028 MiB, 0%, 0 B/s, ETA -
Transferred:            0 / 1, 0%
Elapsed time:         1.2s
Transferring:
 *            last_model_29_0.794392523364486.pt:  0% /19.028Mi, 0/s, -Transferred:   	    1.746 MiB / 19.028 MiB, 9%, 0 B/s, ETA -
Transferred:            0 / 1, 0%
Elapsed time:         1.7s
Transferring:
 *            last_model_29_0.794392523364486.pt:  9% /19.028Mi, 0/s, -Transferred:   	    2.434 MiB / 19.028 MiB, 13%, 1.045 MiB/s, ETA 15s
Transferred:            0 / 1, 0%
Elapsed time:         2.2s
Transferring:
 *            last_model_29_0.794392523364486.pt: 12% /19.028Mi, 1.045Mi/s, 15sTransferred:   	    4.277 MiB / 19.028 MiB, 22%, 1.045 MiB/s, ETA 14s
Transferred:            0 / 1, 0%
Elapsed time:         2.7s
Transferring:
 *            last_model_29_0.794392523364486.pt: 22% /19.028Mi, 1.045Mi/s, 14sTransferred:   	    7.934 MiB / 19.028 MiB, 42%, 1.988 MiB/s, ETA 5s
Transferred:            0 / 1, 0%
Elapsed time:         3.2s
Transferring:
 *            last_model_29_0.794392523364486.pt: 41% /19.028Mi, 1.988Mi/s, 5sTransferred:   	   14.777 MiB / 19.028 MiB, 78%, 1.988 MiB/s, ETA 2s
Transferred:            0 / 1, 0%
Elapsed time:         3.7s
Transferring:
 *            last_model_29_0.794392523364486.pt: 77% /19.028Mi, 1.988Mi/s, 2sTransferred:   	   19.028 MiB / 19.028 MiB, 100%, 4.452 MiB/s, ETA 0s
Transferred:            0 / 1, 0%
Elapsed time:         4.2s
Transferring:
 *            last_model_29_0.794392523364486.pt:100% /19.028Mi, 4.452Mi/s, 0sTransferred:   	   19.028 MiB / 19.028 MiB, 100%, 4.452 MiB/s, ETA 0s
Transferred:            1 / 1, 100%
Elapsed time:         4.6s
[b2_push] done -> b2:junyi-data/RGCL_video/logs/Retrieval/HateMM/RAC_video/RAC_lr0.0001_Bz64_Ep30_cosSim_triplet_drop[0.2, 0.4, 0.1]_topK20__PseudoGold_positive_1_hard_negative_1_seed0_hybrid_loss/ckpt/last_model_29_0.794392523364486.pt
[2026-07-02 01:32:02] [disk_guard] verify: file not found on B2 at exact dest: b2:junyi-data/RGCL_video/logs/Retrieval/HateMM/RAC_video/RAC_lr0.0001_Bz64_Ep30_cosSim_triplet_drop[0.2, 0.4, 0.1]_topK20__PseudoGold_positive_1_hard_negative_1_seed0_hybrid_loss/ckpt/last_model_29_0.794392523364486.pt
[2026-07-02 01:32:02] [disk_guard]     ERROR: verify failed; local kept (safe): /data/jehc223/RGCL/logging/Retrieval/HateMM/RAC_video/RAC_lr0.0001_Bz64_Ep30_cosSim_triplet_drop[0.2, 0.4, 0.1]_topK20__PseudoGold_positive_1_hard_negative_1_seed0_hybrid_loss/ckpt/last_model_29_0.794392523364486.pt
[2026-07-02 01:32:02] [disk_guard]   candidate: /data/jehc223/RGCL/logging/Retrieval/ImpliHateVid/RAC_video/RAC_lr0.0001_Bz64_Ep30_cosSim_triplet_drop[0.2, 0.4, 0.1]_topK20__PseudoGold_positive_1_hard_negative_1_seed0_hybrid_loss/ckpt/best_model_0_0.48307692307692307.pt
[2026-07-02 01:32:02] [disk_guard]     mtime=2026-07-02 01:16:05 size=40.03MB
[2026-07-02 01:32:02] [disk_guard]     -> b2 subpath: logs/Retrieval/ImpliHateVid/RAC_video/RAC_lr0.0001_Bz64_Ep30_cosSim_triplet_drop[0.2, 0.4, 0.1]_topK20__PseudoGold_positive_1_hard_negative_1_seed0_hybrid_loss/ckpt/best_model_0_0.48307692307692307.pt
[2026-07-02 01:32:02] [disk_guard]     pushing to B2 ...
[b2_push] copy: /data/jehc223/RGCL/logging/Retrieval/ImpliHateVid/RAC_video/RAC_lr0.0001_Bz64_Ep30_cosSim_triplet_drop[0.2, 0.4, 0.1]_topK20__PseudoGold_positive_1_hard_negative_1_seed0_hybrid_loss/ckpt/best_model_0_0.48307692307692307.pt -> b2:junyi-data/RGCL_video/logs/Retrieval/ImpliHateVid/RAC_video/RAC_lr0.0001_Bz64_Ep30_cosSim_triplet_drop[0.2, 0.4, 0.1]_topK20__PseudoGold_positive_1_hard_negative_1_seed0_hybrid_loss/ckpt/best_model_0_0.48307692307692307.pt
Transferred:   	          0 B / 40.028 MiB, 0%, 0 B/s, ETA -
Transferred:            0 / 1, 0%
Elapsed time:         0.2s
Transferring:
 *           best_model_0_0.48307692307692307.pt:  0% /40.028Mi, 0/s, -Transferred:   	          0 B / 40.028 MiB, 0%, 0 B/s, ETA -
Transferred:            0 / 1, 0%
Elapsed time:         0.7s
Transferring:
 *           best_model_0_0.48307692307692307.pt:  0% /40.028Mi, 0/s, -Transferred:   	          0 B / 40.028 MiB, 0%, 0 B/s, ETA -
Transferred:            0 / 1, 0%
Elapsed time:         1.2s
Transferring:
 *           best_model_0_0.48307692307692307.pt:  0% /40.028Mi, 0/s, -Transferred:   	    1.465 MiB / 40.028 MiB, 4%, 0 B/s, ETA -
Transferred:            0 / 1, 0%
Elapsed time:         1.7s
Transferring:
 *           best_model_0_0.48307692307692307.pt:  3% /40.028Mi, 0/s, -Transferred:   	    1.621 MiB / 40.028 MiB, 4%, 749.997 KiB/s, ETA 52s
Transferred:            0 / 1, 0%
Elapsed time:         2.2s
Transferring:
 *           best_model_0_0.48307692307692307.pt:  4% /40.028Mi, 749.998Ki/s, 52Transferred:   	    5.402 MiB / 40.028 MiB, 13%, 749.997 KiB/s, ETA 47s
Transferred:            0 / 1, 0%
Elapsed time:         2.7s
Transferring:
 *           best_model_0_0.48307692307692307.pt: 13% /40.028Mi, 749.998Ki/s, 47Transferred:   	    9.152 MiB / 40.028 MiB, 23%, 2.301 MiB/s, ETA 13s
Transferred:            0 / 1, 0%
Elapsed time:         3.2s
Transferring:
 *           best_model_0_0.48307692307692307.pt: 22% /40.028Mi, 2.301Mi/s, 13sTransferred:   	   14.559 MiB / 40.028 MiB, 36%, 2.301 MiB/s, ETA 11s
Transferred:            0 / 1, 0%
Elapsed time:         3.7s
Transferring:
 *           best_model_0_0.48307692307692307.pt: 36% /40.028Mi, 2.301Mi/s, 11sTransferred:   	   22.027 MiB / 40.028 MiB, 55%, 4.390 MiB/s, ETA 4s
Transferred:            0 / 1, 0%
Elapsed time:         4.2s
Transferring:
 *           best_model_0_0.48307692307692307.pt: 55% /40.028Mi, 4.390Mi/s, 4sTransferred:   	   28.496 MiB / 40.028 MiB, 71%, 4.390 MiB/s, ETA 2s
Transferred:            0 / 1, 0%
Elapsed time:         4.7s
Transferring:
 *           best_model_0_0.48307692307692307.pt: 71% /40.028Mi, 4.390Mi/s, 2sTransferred:   	   35.402 MiB / 40.028 MiB, 88%, 6.230 MiB/s, ETA 0s
Transferred:            0 / 1, 0%
Elapsed time:         5.2s
Transferring:
 *           best_model_0_0.48307692307692307.pt: 88% /40.028Mi, 6.230Mi/s, 0sTransferred:   	   40.028 MiB / 40.028 MiB, 100%, 6.230 MiB/s, ETA 0s
Transferred:            0 / 1, 0%
Elapsed time:         5.7s
Transferring:
 *           best_model_0_0.48307692307692307.pt:100% /40.028Mi, 6.230Mi/s, 0sTransferred:   	   40.028 MiB / 40.028 MiB, 100%, 6.671 MiB/s, ETA 0s
Transferred:            1 / 1, 100%
Elapsed time:         6.1s
[b2_push] done -> b2:junyi-data/RGCL_video/logs/Retrieval/ImpliHateVid/RAC_video/RAC_lr0.0001_Bz64_Ep30_cosSim_triplet_drop[0.2, 0.4, 0.1]_topK20__PseudoGold_positive_1_hard_negative_1_seed0_hybrid_loss/ckpt/best_model_0_0.48307692307692307.pt
[2026-07-02 01:32:11] [disk_guard] verify: file not found on B2 at exact dest: b2:junyi-data/RGCL_video/logs/Retrieval/ImpliHateVid/RAC_video/RAC_lr0.0001_Bz64_Ep30_cosSim_triplet_drop[0.2, 0.4, 0.1]_topK20__PseudoGold_positive_1_hard_negative_1_seed0_hybrid_loss/ckpt/best_model_0_0.48307692307692307.pt
[2026-07-02 01:32:11] [disk_guard]     ERROR: verify failed; local kept (safe): /data/jehc223/RGCL/logging/Retrieval/ImpliHateVid/RAC_video/RAC_lr0.0001_Bz64_Ep30_cosSim_triplet_drop[0.2, 0.4, 0.1]_topK20__PseudoGold_positive_1_hard_negative_1_seed0_hybrid_loss/ckpt/best_model_0_0.48307692307692307.pt
[2026-07-02 01:32:11] [disk_guard]   candidate: /data/jehc223/RGCL/logging/Retrieval/ImpliHateVid/RAC_video/RAC_lr0.0001_Bz64_Ep30_cosSim_triplet_drop[0.2, 0.4, 0.1]_topK20__PseudoGold_positive_1_hard_negative_1_seed0_hybrid_loss/ckpt/best_model_1_0.5076923076923077.pt
[2026-07-02 01:32:11] [disk_guard]     mtime=2026-07-02 01:16:07 size=40.03MB
[2026-07-02 01:32:11] [disk_guard]     -> b2 subpath: logs/Retrieval/ImpliHateVid/RAC_video/RAC_lr0.0001_Bz64_Ep30_cosSim_triplet_drop[0.2, 0.4, 0.1]_topK20__PseudoGold_positive_1_hard_negative_1_seed0_hybrid_loss/ckpt/best_model_1_0.5076923076923077.pt
[2026-07-02 01:32:11] [disk_guard]     pushing to B2 ...
[b2_push] copy: /data/jehc223/RGCL/logging/Retrieval/ImpliHateVid/RAC_video/RAC_lr0.0001_Bz64_Ep30_cosSim_triplet_drop[0.2, 0.4, 0.1]_topK20__PseudoGold_positive_1_hard_negative_1_seed0_hybrid_loss/ckpt/best_model_1_0.5076923076923077.pt -> b2:junyi-data/RGCL_video/logs/Retrieval/ImpliHateVid/RAC_video/RAC_lr0.0001_Bz64_Ep30_cosSim_triplet_drop[0.2, 0.4, 0.1]_topK20__PseudoGold_positive_1_hard_negative_1_seed0_hybrid_loss/ckpt/best_model_1_0.5076923076923077.pt
Transferred:   	          0 B / 40.028 MiB, 0%, 0 B/s, ETA -
Transferred:            0 / 1, 0%
Elapsed time:         0.2s
Transferring:
 *            best_model_1_0.5076923076923077.pt:  0% /40.028Mi, 0/s, -Transferred:   	          0 B / 40.028 MiB, 0%, 0 B/s, ETA -
Transferred:            0 / 1, 0%
Elapsed time:         0.7s
Transferring:
 *            best_model_1_0.5076923076923077.pt:  0% /40.028Mi, 0/s, -Transferred:   	          0 B / 40.028 MiB, 0%, 0 B/s, ETA -
Transferred:            0 / 1, 0%
Elapsed time:         1.2s
Transferring:
 *            best_model_1_0.5076923076923077.pt:  0% /40.028Mi, 0/s, -Transferred:   	     1020 KiB / 40.028 MiB, 2%, 0 B/s, ETA -
Transferred:            0 / 1, 0%
Elapsed time:         1.7s
Transferring:
 *            best_model_1_0.5076923076923077.pt:  2% /40.028Mi, 0/s, -Transferred:   	    2.309 MiB / 40.028 MiB, 6%, 685.994 KiB/s, ETA 56s
Transferred:            0 / 1, 0%
Elapsed time:         2.2s
Transferring:
 *            best_model_1_0.5076923076923077.pt:  5% /40.028Mi, 686.003Ki/s, 56Transferred:   	    6.246 MiB / 40.028 MiB, 16%, 685.994 KiB/s, ETA 50s
Transferred:            0 / 1, 0%
Elapsed time:         2.7s
Transferring:
 *            best_model_1_0.5076923076923077.pt: 15% /40.028Mi, 686.003Ki/s, 50Transferred:   	   10.496 MiB / 40.028 MiB, 26%, 2.384 MiB/s, ETA 12s
Transferred:            0 / 1, 0%
Elapsed time:         3.2s
Transferring:
 *            best_model_1_0.5076923076923077.pt: 26% /40.028Mi, 2.384Mi/s, 12sTransferred:   	   16.746 MiB / 40.028 MiB, 42%, 2.384 MiB/s, ETA 9s
Transferred:            0 / 1, 0%
Elapsed time:         3.7s
Transferring:
 *            best_model_1_0.5076923076923077.pt: 41% /40.028Mi, 2.384Mi/s, 9sTransferred:   	   23.684 MiB / 40.028 MiB, 59%, 4.858 MiB/s, ETA 3s
Transferred:            0 / 1, 0%
Elapsed time:         4.2s
Transferring:
 *            best_model_1_0.5076923076923077.pt: 59% /40.028Mi, 4.858Mi/s, 3sTransferred:   	   29.809 MiB / 40.028 MiB, 74%, 4.858 MiB/s, ETA 2s
Transferred:            0 / 1, 0%
Elapsed time:         4.7s
Transferring:
 *            best_model_1_0.5076923076923077.pt: 74% /40.028Mi, 4.858Mi/s, 2sTransferred:   	   37.371 MiB / 40.028 MiB, 93%, 6.630 MiB/s, ETA 0s
Transferred:            0 / 1, 0%
Elapsed time:         5.2s
Transferring:
 *            best_model_1_0.5076923076923077.pt: 93% /40.028Mi, 6.630Mi/s, 0sTransferred:   	   40.028 MiB / 40.028 MiB, 100%, 6.630 MiB/s, ETA 0s
Transferred:            0 / 1, 0%
Elapsed time:         5.7s
Transferring:
 *            best_model_1_0.5076923076923077.pt:100% /40.028Mi, 6.630Mi/s, 0sTransferred:   	   40.028 MiB / 40.028 MiB, 100%, 6.630 MiB/s, ETA 0s
Transferred:            1 / 1, 100%
Elapsed time:         5.8s
[b2_push] done -> b2:junyi-data/RGCL_video/logs/Retrieval/ImpliHateVid/RAC_video/RAC_lr0.0001_Bz64_Ep30_cosSim_triplet_drop[0.2, 0.4, 0.1]_topK20__PseudoGold_positive_1_hard_negative_1_seed0_hybrid_loss/ckpt/best_model_1_0.5076923076923077.pt
[2026-07-02 01:32:21] [disk_guard] verify: file not found on B2 at exact dest: b2:junyi-data/RGCL_video/logs/Retrieval/ImpliHateVid/RAC_video/RAC_lr0.0001_Bz64_Ep30_cosSim_triplet_drop[0.2, 0.4, 0.1]_topK20__PseudoGold_positive_1_hard_negative_1_seed0_hybrid_loss/ckpt/best_model_1_0.5076923076923077.pt
[2026-07-02 01:32:21] [disk_guard]     ERROR: verify failed; local kept (safe): /data/jehc223/RGCL/logging/Retrieval/ImpliHateVid/RAC_video/RAC_lr0.0001_Bz64_Ep30_cosSim_triplet_drop[0.2, 0.4, 0.1]_topK20__PseudoGold_positive_1_hard_negative_1_seed0_hybrid_loss/ckpt/best_model_1_0.5076923076923077.pt
[2026-07-02 01:32:21] [disk_guard]   step (c) projected/actual freed: 0.00B.
[2026-07-02 01:32:21] [disk_guard]   usage now 256G still > target 250G: continuing.
[2026-07-02 01:32:21] [disk_guard] WARNING: still over target (usage=256G > target 250G) after all SAFE steps.
[2026-07-02 01:32:21] [disk_guard] WARNING: MANUAL INTERVENTION required — an approved larger offload (e.g. raw datasets or another project) is needed.
[2026-07-02 01:32:21] [disk_guard] WARNING: this guard will NOT touch raw datasets (Multihateclip/HateMM/ImpliHateVid) or non-project data. Stopping.
[2026-07-02 01:32:21] [disk_guard] ==== disk_guard end ====
[2026-07-02 01:46:44] [disk_guard] ==== disk_guard start (dry_run=0, sourced=0) ====
[2026-07-02 01:46:44] [disk_guard] config: THRESHOLD=250G TARGET=250G RGCL_ROOT=/data/jehc223/RGCL B2_PREFIX=b2:junyi-data/RGCL_video
[2026-07-02 01:46:44] [disk_guard] log file: /data/jehc223/RGCL/slurm/logs/disk_guard.log
[2026-07-02 01:46:44] [disk_guard] current /data usage: 256G (threshold 250G, target 250G).
[2026-07-02 01:46:44] [disk_guard] usage 256G > threshold 250G: starting reclaim.
[2026-07-02 01:46:44] [disk_guard] Step (a): rclone VFS cache purge.
[2026-07-02 01:46:44] [disk_guard]   no rclone vfs* cache dirs present (nothing to do).
[2026-07-02 01:46:44] [disk_guard]   usage now 256G still > target 250G: continuing.
[2026-07-02 01:46:44] [disk_guard] Step (b): HuggingFace cache.
[2026-07-02 01:46:44] [disk_guard]   HF cache purge skipped (conservative); needs manual review. Set DISK_GUARD_HF_PURGE=1 to allow datasets--*/.locks removal (never models--*).
[2026-07-02 01:46:44] [disk_guard]   usage now 256G still > target 250G: continuing.
[2026-07-02 01:46:44] [disk_guard] Step (c): push-verify-prune oldest logging/ checkpoints (mirrored to B2 under logs/).
[2026-07-02 01:46:44] [disk_guard]   found 30 candidate checkpoint(s), oldest-first.
[2026-07-02 01:46:44] [disk_guard]   need to free ~6.00GB to reach target 250G.
[2026-07-02 01:46:44] [disk_guard]   candidate: /data/jehc223/RGCL/logging/Retrieval/MHC/RAC_video/RAC_lr0.0001_Bz64_Ep30_cosSim_triplet_drop[0.2, 0.4, 0.1]_topK20__PseudoGold_positive_1_hard_negative_1_seed0_hybrid_loss/ckpt/best_model_0_0.775.pt
[2026-07-02 01:46:44] [disk_guard]     mtime=2026-07-02 01:11:00 size=40.03MB
[2026-07-02 01:46:44] [disk_guard]     -> b2 subpath: logs/Retrieval/MHC/RAC_video/RAC_lr0.0001_Bz64_Ep30_cosSim_triplet_drop[0.2, 0.4, 0.1]_topK20__PseudoGold_positive_1_hard_negative_1_seed0_hybrid_loss/ckpt/best_model_0_0.775.pt
[2026-07-02 01:46:44] [disk_guard]     pushing to B2 ...
[b2_push] copy: /data/jehc223/RGCL/logging/Retrieval/MHC/RAC_video/RAC_lr0.0001_Bz64_Ep30_cosSim_triplet_drop[0.2, 0.4, 0.1]_topK20__PseudoGold_positive_1_hard_negative_1_seed0_hybrid_loss/ckpt/best_model_0_0.775.pt -> b2:junyi-data/RGCL_video/logs/Retrieval/MHC/RAC_video/RAC_lr0.0001_Bz64_Ep30_cosSim_triplet_drop[0.2, 0.4, 0.1]_topK20__PseudoGold_positive_1_hard_negative_1_seed0_hybrid_loss/ckpt/best_model_0_0.775.pt
Transferred:   	          0 B / 0 B, -, 0 B/s, ETA -
Elapsed time:         0.0s
[b2_push] done -> b2:junyi-data/RGCL_video/logs/Retrieval/MHC/RAC_video/RAC_lr0.0001_Bz64_Ep30_cosSim_triplet_drop[0.2, 0.4, 0.1]_topK20__PseudoGold_positive_1_hard_negative_1_seed0_hybrid_loss/ckpt/best_model_0_0.775.pt
[2026-07-02 01:46:48] [disk_guard] verify: file not found on B2 at exact dest: b2:junyi-data/RGCL_video/logs/Retrieval/MHC/RAC_video/RAC_lr0.0001_Bz64_Ep30_cosSim_triplet_drop[0.2, 0.4, 0.1]_topK20__PseudoGold_positive_1_hard_negative_1_seed0_hybrid_loss/ckpt/best_model_0_0.775.pt
[2026-07-02 01:46:48] [disk_guard]     ERROR: verify failed; local kept (safe): /data/jehc223/RGCL/logging/Retrieval/MHC/RAC_video/RAC_lr0.0001_Bz64_Ep30_cosSim_triplet_drop[0.2, 0.4, 0.1]_topK20__PseudoGold_positive_1_hard_negative_1_seed0_hybrid_loss/ckpt/best_model_0_0.775.pt
[2026-07-02 01:46:48] [disk_guard]   candidate: /data/jehc223/RGCL/logging/Retrieval/HateMM/RAC_video/RAC_lr0.0001_Bz64_Ep30_cosSim_triplet_drop[0.2, 0.4, 0.1]_topK20__PseudoGold_positive_1_hard_negative_1_seed0_hybrid_loss/ckpt/best_model_0_0.8130841121495327.pt
[2026-07-02 01:46:48] [disk_guard]     mtime=2026-07-02 01:11:00 size=40.03MB
[2026-07-02 01:46:48] [disk_guard]     -> b2 subpath: logs/Retrieval/HateMM/RAC_video/RAC_lr0.0001_Bz64_Ep30_cosSim_triplet_drop[0.2, 0.4, 0.1]_topK20__PseudoGold_positive_1_hard_negative_1_seed0_hybrid_loss/ckpt/best_model_0_0.8130841121495327.pt
[2026-07-02 01:46:48] [disk_guard]     pushing to B2 ...
[b2_push] copy: /data/jehc223/RGCL/logging/Retrieval/HateMM/RAC_video/RAC_lr0.0001_Bz64_Ep30_cosSim_triplet_drop[0.2, 0.4, 0.1]_topK20__PseudoGold_positive_1_hard_negative_1_seed0_hybrid_loss/ckpt/best_model_0_0.8130841121495327.pt -> b2:junyi-data/RGCL_video/logs/Retrieval/HateMM/RAC_video/RAC_lr0.0001_Bz64_Ep30_cosSim_triplet_drop[0.2, 0.4, 0.1]_topK20__PseudoGold_positive_1_hard_negative_1_seed0_hybrid_loss/ckpt/best_model_0_0.8130841121495327.pt
Transferred:   	          0 B / 0 B, -, 0 B/s, ETA -
Elapsed time:         0.0s
[b2_push] done -> b2:junyi-data/RGCL_video/logs/Retrieval/HateMM/RAC_video/RAC_lr0.0001_Bz64_Ep30_cosSim_triplet_drop[0.2, 0.4, 0.1]_topK20__PseudoGold_positive_1_hard_negative_1_seed0_hybrid_loss/ckpt/best_model_0_0.8130841121495327.pt
[2026-07-02 01:46:52] [disk_guard] verify: file not found on B2 at exact dest: b2:junyi-data/RGCL_video/logs/Retrieval/HateMM/RAC_video/RAC_lr0.0001_Bz64_Ep30_cosSim_triplet_drop[0.2, 0.4, 0.1]_topK20__PseudoGold_positive_1_hard_negative_1_seed0_hybrid_loss/ckpt/best_model_0_0.8130841121495327.pt
[2026-07-02 01:46:52] [disk_guard]     ERROR: verify failed; local kept (safe): /data/jehc223/RGCL/logging/Retrieval/HateMM/RAC_video/RAC_lr0.0001_Bz64_Ep30_cosSim_triplet_drop[0.2, 0.4, 0.1]_topK20__PseudoGold_positive_1_hard_negative_1_seed0_hybrid_loss/ckpt/best_model_0_0.8130841121495327.pt
[2026-07-02 01:46:52] [disk_guard]   candidate: /data/jehc223/RGCL/logging/Retrieval/HateMM/RAC_video/RAC_lr0.0001_Bz64_Ep30_cosSim_triplet_drop[0.2, 0.4, 0.1]_topK20__PseudoGold_positive_1_hard_negative_1_seed0_hybrid_loss/ckpt/best_model_1_0.8317757009345794.pt
[2026-07-02 01:46:52] [disk_guard]     mtime=2026-07-02 01:11:01 size=40.03MB
[2026-07-02 01:46:52] [disk_guard]     -> b2 subpath: logs/Retrieval/HateMM/RAC_video/RAC_lr0.0001_Bz64_Ep30_cosSim_triplet_drop[0.2, 0.4, 0.1]_topK20__PseudoGold_positive_1_hard_negative_1_seed0_hybrid_loss/ckpt/best_model_1_0.8317757009345794.pt
[2026-07-02 01:46:52] [disk_guard]     pushing to B2 ...
[b2_push] copy: /data/jehc223/RGCL/logging/Retrieval/HateMM/RAC_video/RAC_lr0.0001_Bz64_Ep30_cosSim_triplet_drop[0.2, 0.4, 0.1]_topK20__PseudoGold_positive_1_hard_negative_1_seed0_hybrid_loss/ckpt/best_model_1_0.8317757009345794.pt -> b2:junyi-data/RGCL_video/logs/Retrieval/HateMM/RAC_video/RAC_lr0.0001_Bz64_Ep30_cosSim_triplet_drop[0.2, 0.4, 0.1]_topK20__PseudoGold_positive_1_hard_negative_1_seed0_hybrid_loss/ckpt/best_model_1_0.8317757009345794.pt
Transferred:   	          0 B / 0 B, -, 0 B/s, ETA -
Elapsed time:         0.0s
[b2_push] done -> b2:junyi-data/RGCL_video/logs/Retrieval/HateMM/RAC_video/RAC_lr0.0001_Bz64_Ep30_cosSim_triplet_drop[0.2, 0.4, 0.1]_topK20__PseudoGold_positive_1_hard_negative_1_seed0_hybrid_loss/ckpt/best_model_1_0.8317757009345794.pt
[2026-07-02 01:46:56] [disk_guard] verify: file not found on B2 at exact dest: b2:junyi-data/RGCL_video/logs/Retrieval/HateMM/RAC_video/RAC_lr0.0001_Bz64_Ep30_cosSim_triplet_drop[0.2, 0.4, 0.1]_topK20__PseudoGold_positive_1_hard_negative_1_seed0_hybrid_loss/ckpt/best_model_1_0.8317757009345794.pt
[2026-07-02 01:46:56] [disk_guard]     ERROR: verify failed; local kept (safe): /data/jehc223/RGCL/logging/Retrieval/HateMM/RAC_video/RAC_lr0.0001_Bz64_Ep30_cosSim_triplet_drop[0.2, 0.4, 0.1]_topK20__PseudoGold_positive_1_hard_negative_1_seed0_hybrid_loss/ckpt/best_model_1_0.8317757009345794.pt
[2026-07-02 01:46:56] [disk_guard]   candidate: /data/jehc223/RGCL/logging/Retrieval/MHC/RAC_video/RAC_lr0.0001_Bz64_Ep30_cosSim_triplet_drop[0.2, 0.4, 0.1]_topK20__PseudoGold_positive_1_hard_negative_1_seed0_hybrid_loss/ckpt/best_model_17_0.775.pt
[2026-07-02 01:46:56] [disk_guard]     mtime=2026-07-02 01:11:11 size=40.03MB
[2026-07-02 01:46:56] [disk_guard]     -> b2 subpath: logs/Retrieval/MHC/RAC_video/RAC_lr0.0001_Bz64_Ep30_cosSim_triplet_drop[0.2, 0.4, 0.1]_topK20__PseudoGold_positive_1_hard_negative_1_seed0_hybrid_loss/ckpt/best_model_17_0.775.pt
[2026-07-02 01:46:56] [disk_guard]     pushing to B2 ...
[b2_push] copy: /data/jehc223/RGCL/logging/Retrieval/MHC/RAC_video/RAC_lr0.0001_Bz64_Ep30_cosSim_triplet_drop[0.2, 0.4, 0.1]_topK20__PseudoGold_positive_1_hard_negative_1_seed0_hybrid_loss/ckpt/best_model_17_0.775.pt -> b2:junyi-data/RGCL_video/logs/Retrieval/MHC/RAC_video/RAC_lr0.0001_Bz64_Ep30_cosSim_triplet_drop[0.2, 0.4, 0.1]_topK20__PseudoGold_positive_1_hard_negative_1_seed0_hybrid_loss/ckpt/best_model_17_0.775.pt
Transferred:   	          0 B / 0 B, -, 0 B/s, ETA -
Elapsed time:         0.0s
[b2_push] done -> b2:junyi-data/RGCL_video/logs/Retrieval/MHC/RAC_video/RAC_lr0.0001_Bz64_Ep30_cosSim_triplet_drop[0.2, 0.4, 0.1]_topK20__PseudoGold_positive_1_hard_negative_1_seed0_hybrid_loss/ckpt/best_model_17_0.775.pt
[2026-07-02 01:46:59] [disk_guard] verify: file not found on B2 at exact dest: b2:junyi-data/RGCL_video/logs/Retrieval/MHC/RAC_video/RAC_lr0.0001_Bz64_Ep30_cosSim_triplet_drop[0.2, 0.4, 0.1]_topK20__PseudoGold_positive_1_hard_negative_1_seed0_hybrid_loss/ckpt/best_model_17_0.775.pt
[2026-07-02 01:46:59] [disk_guard]     ERROR: verify failed; local kept (safe): /data/jehc223/RGCL/logging/Retrieval/MHC/RAC_video/RAC_lr0.0001_Bz64_Ep30_cosSim_triplet_drop[0.2, 0.4, 0.1]_topK20__PseudoGold_positive_1_hard_negative_1_seed0_hybrid_loss/ckpt/best_model_17_0.775.pt
[2026-07-02 01:46:59] [disk_guard]   candidate: /data/jehc223/RGCL/logging/Retrieval/HateMM/RAC_video/RAC_lr0.0001_Bz64_Ep30_cosSim_triplet_drop[0.2, 0.4, 0.1]_topK20__PseudoGold_positive_1_hard_negative_1_seed0_hybrid_loss/ckpt/best_model_13_0.8317757009345794.pt
[2026-07-02 01:47:00] [disk_guard]     mtime=2026-07-02 01:11:12 size=40.03MB
[2026-07-02 01:47:00] [disk_guard]     -> b2 subpath: logs/Retrieval/HateMM/RAC_video/RAC_lr0.0001_Bz64_Ep30_cosSim_triplet_drop[0.2, 0.4, 0.1]_topK20__PseudoGold_positive_1_hard_negative_1_seed0_hybrid_loss/ckpt/best_model_13_0.8317757009345794.pt
[2026-07-02 01:47:00] [disk_guard]     pushing to B2 ...
[b2_push] copy: /data/jehc223/RGCL/logging/Retrieval/HateMM/RAC_video/RAC_lr0.0001_Bz64_Ep30_cosSim_triplet_drop[0.2, 0.4, 0.1]_topK20__PseudoGold_positive_1_hard_negative_1_seed0_hybrid_loss/ckpt/best_model_13_0.8317757009345794.pt -> b2:junyi-data/RGCL_video/logs/Retrieval/HateMM/RAC_video/RAC_lr0.0001_Bz64_Ep30_cosSim_triplet_drop[0.2, 0.4, 0.1]_topK20__PseudoGold_positive_1_hard_negative_1_seed0_hybrid_loss/ckpt/best_model_13_0.8317757009345794.pt
Transferred:   	          0 B / 0 B, -, 0 B/s, ETA -
Elapsed time:         0.0s
[b2_push] done -> b2:junyi-data/RGCL_video/logs/Retrieval/HateMM/RAC_video/RAC_lr0.0001_Bz64_Ep30_cosSim_triplet_drop[0.2, 0.4, 0.1]_topK20__PseudoGold_positive_1_hard_negative_1_seed0_hybrid_loss/ckpt/best_model_13_0.8317757009345794.pt
[2026-07-02 01:47:03] [disk_guard] verify: file not found on B2 at exact dest: b2:junyi-data/RGCL_video/logs/Retrieval/HateMM/RAC_video/RAC_lr0.0001_Bz64_Ep30_cosSim_triplet_drop[0.2, 0.4, 0.1]_topK20__PseudoGold_positive_1_hard_negative_1_seed0_hybrid_loss/ckpt/best_model_13_0.8317757009345794.pt
[2026-07-02 01:47:03] [disk_guard]     ERROR: verify failed; local kept (safe): /data/jehc223/RGCL/logging/Retrieval/HateMM/RAC_video/RAC_lr0.0001_Bz64_Ep30_cosSim_triplet_drop[0.2, 0.4, 0.1]_topK20__PseudoGold_positive_1_hard_negative_1_seed0_hybrid_loss/ckpt/best_model_13_0.8317757009345794.pt
[2026-07-02 01:47:03] [disk_guard]   candidate: /data/jehc223/RGCL/logging/Retrieval/HateMM/RAC_video/RAC_lr0.0001_Bz64_Ep30_cosSim_triplet_drop[0.2, 0.4, 0.1]_topK20__PseudoGold_positive_1_hard_negative_1_seed0_hybrid_loss/ckpt/best_model_17_0.8317757009345794.pt
[2026-07-02 01:47:03] [disk_guard]     mtime=2026-07-02 01:11:15 size=40.03MB
[2026-07-02 01:47:03] [disk_guard]     -> b2 subpath: logs/Retrieval/HateMM/RAC_video/RAC_lr0.0001_Bz64_Ep30_cosSim_triplet_drop[0.2, 0.4, 0.1]_topK20__PseudoGold_positive_1_hard_negative_1_seed0_hybrid_loss/ckpt/best_model_17_0.8317757009345794.pt
[2026-07-02 01:47:03] [disk_guard]     pushing to B2 ...
[b2_push] copy: /data/jehc223/RGCL/logging/Retrieval/HateMM/RAC_video/RAC_lr0.0001_Bz64_Ep30_cosSim_triplet_drop[0.2, 0.4, 0.1]_topK20__PseudoGold_positive_1_hard_negative_1_seed0_hybrid_loss/ckpt/best_model_17_0.8317757009345794.pt -> b2:junyi-data/RGCL_video/logs/Retrieval/HateMM/RAC_video/RAC_lr0.0001_Bz64_Ep30_cosSim_triplet_drop[0.2, 0.4, 0.1]_topK20__PseudoGold_positive_1_hard_negative_1_seed0_hybrid_loss/ckpt/best_model_17_0.8317757009345794.pt
Transferred:   	          0 B / 0 B, -, 0 B/s, ETA -
Elapsed time:         0.0s
[b2_push] done -> b2:junyi-data/RGCL_video/logs/Retrieval/HateMM/RAC_video/RAC_lr0.0001_Bz64_Ep30_cosSim_triplet_drop[0.2, 0.4, 0.1]_topK20__PseudoGold_positive_1_hard_negative_1_seed0_hybrid_loss/ckpt/best_model_17_0.8317757009345794.pt
[2026-07-02 01:47:07] [disk_guard] verify: file not found on B2 at exact dest: b2:junyi-data/RGCL_video/logs/Retrieval/HateMM/RAC_video/RAC_lr0.0001_Bz64_Ep30_cosSim_triplet_drop[0.2, 0.4, 0.1]_topK20__PseudoGold_positive_1_hard_negative_1_seed0_hybrid_loss/ckpt/best_model_17_0.8317757009345794.pt
[2026-07-02 01:47:07] [disk_guard]     ERROR: verify failed; local kept (safe): /data/jehc223/RGCL/logging/Retrieval/HateMM/RAC_video/RAC_lr0.0001_Bz64_Ep30_cosSim_triplet_drop[0.2, 0.4, 0.1]_topK20__PseudoGold_positive_1_hard_negative_1_seed0_hybrid_loss/ckpt/best_model_17_0.8317757009345794.pt
[2026-07-02 01:47:07] [disk_guard]   candidate: /data/jehc223/RGCL/logging/Retrieval/HateMM/RAC_video/RAC_lr0.0001_Bz64_Ep30_cosSim_triplet_drop[0.2, 0.4, 0.1]_topK20__PseudoGold_positive_1_hard_negative_1_seed0_hybrid_loss/ckpt/best_model_18_0.8411214953271028.pt
[2026-07-02 01:47:07] [disk_guard]     mtime=2026-07-02 01:11:16 size=40.03MB
[2026-07-02 01:47:07] [disk_guard]     -> b2 subpath: logs/Retrieval/HateMM/RAC_video/RAC_lr0.0001_Bz64_Ep30_cosSim_triplet_drop[0.2, 0.4, 0.1]_topK20__PseudoGold_positive_1_hard_negative_1_seed0_hybrid_loss/ckpt/best_model_18_0.8411214953271028.pt
[2026-07-02 01:47:07] [disk_guard]     pushing to B2 ...
[b2_push] copy: /data/jehc223/RGCL/logging/Retrieval/HateMM/RAC_video/RAC_lr0.0001_Bz64_Ep30_cosSim_triplet_drop[0.2, 0.4, 0.1]_topK20__PseudoGold_positive_1_hard_negative_1_seed0_hybrid_loss/ckpt/best_model_18_0.8411214953271028.pt -> b2:junyi-data/RGCL_video/logs/Retrieval/HateMM/RAC_video/RAC_lr0.0001_Bz64_Ep30_cosSim_triplet_drop[0.2, 0.4, 0.1]_topK20__PseudoGold_positive_1_hard_negative_1_seed0_hybrid_loss/ckpt/best_model_18_0.8411214953271028.pt
Transferred:   	          0 B / 0 B, -, 0 B/s, ETA -
Elapsed time:         0.0s
[b2_push] done -> b2:junyi-data/RGCL_video/logs/Retrieval/HateMM/RAC_video/RAC_lr0.0001_Bz64_Ep30_cosSim_triplet_drop[0.2, 0.4, 0.1]_topK20__PseudoGold_positive_1_hard_negative_1_seed0_hybrid_loss/ckpt/best_model_18_0.8411214953271028.pt
[2026-07-02 01:47:11] [disk_guard] verify: file not found on B2 at exact dest: b2:junyi-data/RGCL_video/logs/Retrieval/HateMM/RAC_video/RAC_lr0.0001_Bz64_Ep30_cosSim_triplet_drop[0.2, 0.4, 0.1]_topK20__PseudoGold_positive_1_hard_negative_1_seed0_hybrid_loss/ckpt/best_model_18_0.8411214953271028.pt
[2026-07-02 01:47:11] [disk_guard]     ERROR: verify failed; local kept (safe): /data/jehc223/RGCL/logging/Retrieval/HateMM/RAC_video/RAC_lr0.0001_Bz64_Ep30_cosSim_triplet_drop[0.2, 0.4, 0.1]_topK20__PseudoGold_positive_1_hard_negative_1_seed0_hybrid_loss/ckpt/best_model_18_0.8411214953271028.pt
[2026-07-02 01:47:11] [disk_guard]   candidate: /data/jehc223/RGCL/logging/Retrieval/MHC/RAC_video/RAC_lr0.0001_Bz64_Ep30_cosSim_triplet_drop[0.2, 0.4, 0.1]_topK20__PseudoGold_positive_1_hard_negative_1_seed0_hybrid_loss/ckpt/best_model_28_0.8.pt
[2026-07-02 01:47:11] [disk_guard]     mtime=2026-07-02 01:11:18 size=40.03MB
[2026-07-02 01:47:11] [disk_guard]     -> b2 subpath: logs/Retrieval/MHC/RAC_video/RAC_lr0.0001_Bz64_Ep30_cosSim_triplet_drop[0.2, 0.4, 0.1]_topK20__PseudoGold_positive_1_hard_negative_1_seed0_hybrid_loss/ckpt/best_model_28_0.8.pt
[2026-07-02 01:47:11] [disk_guard]     pushing to B2 ...
[b2_push] copy: /data/jehc223/RGCL/logging/Retrieval/MHC/RAC_video/RAC_lr0.0001_Bz64_Ep30_cosSim_triplet_drop[0.2, 0.4, 0.1]_topK20__PseudoGold_positive_1_hard_negative_1_seed0_hybrid_loss/ckpt/best_model_28_0.8.pt -> b2:junyi-data/RGCL_video/logs/Retrieval/MHC/RAC_video/RAC_lr0.0001_Bz64_Ep30_cosSim_triplet_drop[0.2, 0.4, 0.1]_topK20__PseudoGold_positive_1_hard_negative_1_seed0_hybrid_loss/ckpt/best_model_28_0.8.pt
Transferred:   	          0 B / 0 B, -, 0 B/s, ETA -
Elapsed time:         0.0s
[b2_push] done -> b2:junyi-data/RGCL_video/logs/Retrieval/MHC/RAC_video/RAC_lr0.0001_Bz64_Ep30_cosSim_triplet_drop[0.2, 0.4, 0.1]_topK20__PseudoGold_positive_1_hard_negative_1_seed0_hybrid_loss/ckpt/best_model_28_0.8.pt
[2026-07-02 01:47:14] [disk_guard] verify: file not found on B2 at exact dest: b2:junyi-data/RGCL_video/logs/Retrieval/MHC/RAC_video/RAC_lr0.0001_Bz64_Ep30_cosSim_triplet_drop[0.2, 0.4, 0.1]_topK20__PseudoGold_positive_1_hard_negative_1_seed0_hybrid_loss/ckpt/best_model_28_0.8.pt
[2026-07-02 01:47:14] [disk_guard]     ERROR: verify failed; local kept (safe): /data/jehc223/RGCL/logging/Retrieval/MHC/RAC_video/RAC_lr0.0001_Bz64_Ep30_cosSim_triplet_drop[0.2, 0.4, 0.1]_topK20__PseudoGold_positive_1_hard_negative_1_seed0_hybrid_loss/ckpt/best_model_28_0.8.pt
[2026-07-02 01:47:14] [disk_guard]   candidate: /data/jehc223/RGCL/logging/Retrieval/MHC/RAC_video/RAC_lr0.0001_Bz64_Ep30_cosSim_triplet_drop[0.2, 0.4, 0.1]_topK20__PseudoGold_positive_1_hard_negative_1_seed0_hybrid_loss/ckpt/last_model_29_0.7625.pt
[2026-07-02 01:47:14] [disk_guard]     mtime=2026-07-02 01:11:19 size=40.03MB
[2026-07-02 01:47:14] [disk_guard]     -> b2 subpath: logs/Retrieval/MHC/RAC_video/RAC_lr0.0001_Bz64_Ep30_cosSim_triplet_drop[0.2, 0.4, 0.1]_topK20__PseudoGold_positive_1_hard_negative_1_seed0_hybrid_loss/ckpt/last_model_29_0.7625.pt
[2026-07-02 01:47:14] [disk_guard]     pushing to B2 ...
[b2_push] copy: /data/jehc223/RGCL/logging/Retrieval/MHC/RAC_video/RAC_lr0.0001_Bz64_Ep30_cosSim_triplet_drop[0.2, 0.4, 0.1]_topK20__PseudoGold_positive_1_hard_negative_1_seed0_hybrid_loss/ckpt/last_model_29_0.7625.pt -> b2:junyi-data/RGCL_video/logs/Retrieval/MHC/RAC_video/RAC_lr0.0001_Bz64_Ep30_cosSim_triplet_drop[0.2, 0.4, 0.1]_topK20__PseudoGold_positive_1_hard_negative_1_seed0_hybrid_loss/ckpt/last_model_29_0.7625.pt
Transferred:   	          0 B / 0 B, -, 0 B/s, ETA -
Elapsed time:         0.0s
[b2_push] done -> b2:junyi-data/RGCL_video/logs/Retrieval/MHC/RAC_video/RAC_lr0.0001_Bz64_Ep30_cosSim_triplet_drop[0.2, 0.4, 0.1]_topK20__PseudoGold_positive_1_hard_negative_1_seed0_hybrid_loss/ckpt/last_model_29_0.7625.pt
[2026-07-02 01:47:18] [disk_guard] verify: file not found on B2 at exact dest: b2:junyi-data/RGCL_video/logs/Retrieval/MHC/RAC_video/RAC_lr0.0001_Bz64_Ep30_cosSim_triplet_drop[0.2, 0.4, 0.1]_topK20__PseudoGold_positive_1_hard_negative_1_seed0_hybrid_loss/ckpt/last_model_29_0.7625.pt
[2026-07-02 01:47:18] [disk_guard]     ERROR: verify failed; local kept (safe): /data/jehc223/RGCL/logging/Retrieval/MHC/RAC_video/RAC_lr0.0001_Bz64_Ep30_cosSim_triplet_drop[0.2, 0.4, 0.1]_topK20__PseudoGold_positive_1_hard_negative_1_seed0_hybrid_loss/ckpt/last_model_29_0.7625.pt
[2026-07-02 01:47:18] [disk_guard]   candidate: /data/jehc223/RGCL/logging/Retrieval/HateMM/RAC_video/RAC_lr0.0001_Bz64_Ep30_cosSim_triplet_drop[0.2, 0.4, 0.1]_topK20__PseudoGold_positive_1_hard_negative_1_seed0_hybrid_loss/ckpt/best_model_28_0.8598130841121495.pt
[2026-07-02 01:47:18] [disk_guard]     mtime=2026-07-02 01:11:25 size=40.03MB
[2026-07-02 01:47:18] [disk_guard]     -> b2 subpath: logs/Retrieval/HateMM/RAC_video/RAC_lr0.0001_Bz64_Ep30_cosSim_triplet_drop[0.2, 0.4, 0.1]_topK20__PseudoGold_positive_1_hard_negative_1_seed0_hybrid_loss/ckpt/best_model_28_0.8598130841121495.pt
[2026-07-02 01:47:18] [disk_guard]     pushing to B2 ...
[b2_push] copy: /data/jehc223/RGCL/logging/Retrieval/HateMM/RAC_video/RAC_lr0.0001_Bz64_Ep30_cosSim_triplet_drop[0.2, 0.4, 0.1]_topK20__PseudoGold_positive_1_hard_negative_1_seed0_hybrid_loss/ckpt/best_model_28_0.8598130841121495.pt -> b2:junyi-data/RGCL_video/logs/Retrieval/HateMM/RAC_video/RAC_lr0.0001_Bz64_Ep30_cosSim_triplet_drop[0.2, 0.4, 0.1]_topK20__PseudoGold_positive_1_hard_negative_1_seed0_hybrid_loss/ckpt/best_model_28_0.8598130841121495.pt
Transferred:   	          0 B / 0 B, -, 0 B/s, ETA -
Elapsed time:         0.0s
[b2_push] done -> b2:junyi-data/RGCL_video/logs/Retrieval/HateMM/RAC_video/RAC_lr0.0001_Bz64_Ep30_cosSim_triplet_drop[0.2, 0.4, 0.1]_topK20__PseudoGold_positive_1_hard_negative_1_seed0_hybrid_loss/ckpt/best_model_28_0.8598130841121495.pt
[2026-07-02 01:47:21] [disk_guard] verify: file not found on B2 at exact dest: b2:junyi-data/RGCL_video/logs/Retrieval/HateMM/RAC_video/RAC_lr0.0001_Bz64_Ep30_cosSim_triplet_drop[0.2, 0.4, 0.1]_topK20__PseudoGold_positive_1_hard_negative_1_seed0_hybrid_loss/ckpt/best_model_28_0.8598130841121495.pt
[2026-07-02 01:47:21] [disk_guard]     ERROR: verify failed; local kept (safe): /data/jehc223/RGCL/logging/Retrieval/HateMM/RAC_video/RAC_lr0.0001_Bz64_Ep30_cosSim_triplet_drop[0.2, 0.4, 0.1]_topK20__PseudoGold_positive_1_hard_negative_1_seed0_hybrid_loss/ckpt/best_model_28_0.8598130841121495.pt
[2026-07-02 01:47:21] [disk_guard]   candidate: /data/jehc223/RGCL/logging/Retrieval/HateMM/RAC_video/RAC_lr0.0001_Bz64_Ep30_cosSim_triplet_drop[0.2, 0.4, 0.1]_topK20__PseudoGold_positive_1_hard_negative_1_seed0_hybrid_loss/ckpt/last_model_29_0.8504672897196262.pt
[2026-07-02 01:47:21] [disk_guard]     mtime=2026-07-02 01:11:26 size=40.03MB
[2026-07-02 01:47:21] [disk_guard]     -> b2 subpath: logs/Retrieval/HateMM/RAC_video/RAC_lr0.0001_Bz64_Ep30_cosSim_triplet_drop[0.2, 0.4, 0.1]_topK20__PseudoGold_positive_1_hard_negative_1_seed0_hybrid_loss/ckpt/last_model_29_0.8504672897196262.pt
[2026-07-02 01:47:21] [disk_guard]     pushing to B2 ...
[b2_push] copy: /data/jehc223/RGCL/logging/Retrieval/HateMM/RAC_video/RAC_lr0.0001_Bz64_Ep30_cosSim_triplet_drop[0.2, 0.4, 0.1]_topK20__PseudoGold_positive_1_hard_negative_1_seed0_hybrid_loss/ckpt/last_model_29_0.8504672897196262.pt -> b2:junyi-data/RGCL_video/logs/Retrieval/HateMM/RAC_video/RAC_lr0.0001_Bz64_Ep30_cosSim_triplet_drop[0.2, 0.4, 0.1]_topK20__PseudoGold_positive_1_hard_negative_1_seed0_hybrid_loss/ckpt/last_model_29_0.8504672897196262.pt
Transferred:   	          0 B / 0 B, -, 0 B/s, ETA -
Elapsed time:         0.0s
[b2_push] done -> b2:junyi-data/RGCL_video/logs/Retrieval/HateMM/RAC_video/RAC_lr0.0001_Bz64_Ep30_cosSim_triplet_drop[0.2, 0.4, 0.1]_topK20__PseudoGold_positive_1_hard_negative_1_seed0_hybrid_loss/ckpt/last_model_29_0.8504672897196262.pt
[2026-07-02 01:47:25] [disk_guard] verify: file not found on B2 at exact dest: b2:junyi-data/RGCL_video/logs/Retrieval/HateMM/RAC_video/RAC_lr0.0001_Bz64_Ep30_cosSim_triplet_drop[0.2, 0.4, 0.1]_topK20__PseudoGold_positive_1_hard_negative_1_seed0_hybrid_loss/ckpt/last_model_29_0.8504672897196262.pt
[2026-07-02 01:47:25] [disk_guard]     ERROR: verify failed; local kept (safe): /data/jehc223/RGCL/logging/Retrieval/HateMM/RAC_video/RAC_lr0.0001_Bz64_Ep30_cosSim_triplet_drop[0.2, 0.4, 0.1]_topK20__PseudoGold_positive_1_hard_negative_1_seed0_hybrid_loss/ckpt/last_model_29_0.8504672897196262.pt
[2026-07-02 01:47:25] [disk_guard]   candidate: /data/jehc223/RGCL/logging/Retrieval/MHC/RAC_video/RAC_lr0.0001_Bz64_Ep30_cosSim_triplet_drop[0.2, 0.4, 0.1]_topK20__PseudoGold_positive_1_hard_negative_1_seed0_hybrid_loss/ckpt/best_model_0_0.725.pt
[2026-07-02 01:47:25] [disk_guard]     mtime=2026-07-02 01:12:40 size=19.03MB
[2026-07-02 01:47:25] [disk_guard]     -> b2 subpath: logs/Retrieval/MHC/RAC_video/RAC_lr0.0001_Bz64_Ep30_cosSim_triplet_drop[0.2, 0.4, 0.1]_topK20__PseudoGold_positive_1_hard_negative_1_seed0_hybrid_loss/ckpt/best_model_0_0.725.pt
[2026-07-02 01:47:25] [disk_guard]     pushing to B2 ...
[b2_push] copy: /data/jehc223/RGCL/logging/Retrieval/MHC/RAC_video/RAC_lr0.0001_Bz64_Ep30_cosSim_triplet_drop[0.2, 0.4, 0.1]_topK20__PseudoGold_positive_1_hard_negative_1_seed0_hybrid_loss/ckpt/best_model_0_0.725.pt -> b2:junyi-data/RGCL_video/logs/Retrieval/MHC/RAC_video/RAC_lr0.0001_Bz64_Ep30_cosSim_triplet_drop[0.2, 0.4, 0.1]_topK20__PseudoGold_positive_1_hard_negative_1_seed0_hybrid_loss/ckpt/best_model_0_0.725.pt
Transferred:   	          0 B / 0 B, -, 0 B/s, ETA -
Elapsed time:         0.0s
[b2_push] done -> b2:junyi-data/RGCL_video/logs/Retrieval/MHC/RAC_video/RAC_lr0.0001_Bz64_Ep30_cosSim_triplet_drop[0.2, 0.4, 0.1]_topK20__PseudoGold_positive_1_hard_negative_1_seed0_hybrid_loss/ckpt/best_model_0_0.725.pt
[2026-07-02 01:47:29] [disk_guard] verify: file not found on B2 at exact dest: b2:junyi-data/RGCL_video/logs/Retrieval/MHC/RAC_video/RAC_lr0.0001_Bz64_Ep30_cosSim_triplet_drop[0.2, 0.4, 0.1]_topK20__PseudoGold_positive_1_hard_negative_1_seed0_hybrid_loss/ckpt/best_model_0_0.725.pt
[2026-07-02 01:47:29] [disk_guard]     ERROR: verify failed; local kept (safe): /data/jehc223/RGCL/logging/Retrieval/MHC/RAC_video/RAC_lr0.0001_Bz64_Ep30_cosSim_triplet_drop[0.2, 0.4, 0.1]_topK20__PseudoGold_positive_1_hard_negative_1_seed0_hybrid_loss/ckpt/best_model_0_0.725.pt
[2026-07-02 01:47:29] [disk_guard]   candidate: /data/jehc223/RGCL/logging/Retrieval/HateMM/RAC_video/RAC_lr0.0001_Bz64_Ep30_cosSim_triplet_drop[0.2, 0.4, 0.1]_topK20__PseudoGold_positive_1_hard_negative_1_seed0_hybrid_loss/ckpt/best_model_0_0.7476635514018691.pt
[2026-07-02 01:47:29] [disk_guard]     mtime=2026-07-02 01:12:40 size=19.03MB
[2026-07-02 01:47:29] [disk_guard]     -> b2 subpath: logs/Retrieval/HateMM/RAC_video/RAC_lr0.0001_Bz64_Ep30_cosSim_triplet_drop[0.2, 0.4, 0.1]_topK20__PseudoGold_positive_1_hard_negative_1_seed0_hybrid_loss/ckpt/best_model_0_0.7476635514018691.pt
[2026-07-02 01:47:29] [disk_guard]     pushing to B2 ...
[b2_push] copy: /data/jehc223/RGCL/logging/Retrieval/HateMM/RAC_video/RAC_lr0.0001_Bz64_Ep30_cosSim_triplet_drop[0.2, 0.4, 0.1]_topK20__PseudoGold_positive_1_hard_negative_1_seed0_hybrid_loss/ckpt/best_model_0_0.7476635514018691.pt -> b2:junyi-data/RGCL_video/logs/Retrieval/HateMM/RAC_video/RAC_lr0.0001_Bz64_Ep30_cosSim_triplet_drop[0.2, 0.4, 0.1]_topK20__PseudoGold_positive_1_hard_negative_1_seed0_hybrid_loss/ckpt/best_model_0_0.7476635514018691.pt
Transferred:   	          0 B / 0 B, -, 0 B/s, ETA -
Elapsed time:         0.0s
[b2_push] done -> b2:junyi-data/RGCL_video/logs/Retrieval/HateMM/RAC_video/RAC_lr0.0001_Bz64_Ep30_cosSim_triplet_drop[0.2, 0.4, 0.1]_topK20__PseudoGold_positive_1_hard_negative_1_seed0_hybrid_loss/ckpt/best_model_0_0.7476635514018691.pt
[2026-07-02 01:47:33] [disk_guard] verify: file not found on B2 at exact dest: b2:junyi-data/RGCL_video/logs/Retrieval/HateMM/RAC_video/RAC_lr0.0001_Bz64_Ep30_cosSim_triplet_drop[0.2, 0.4, 0.1]_topK20__PseudoGold_positive_1_hard_negative_1_seed0_hybrid_loss/ckpt/best_model_0_0.7476635514018691.pt
[2026-07-02 01:47:33] [disk_guard]     ERROR: verify failed; local kept (safe): /data/jehc223/RGCL/logging/Retrieval/HateMM/RAC_video/RAC_lr0.0001_Bz64_Ep30_cosSim_triplet_drop[0.2, 0.4, 0.1]_topK20__PseudoGold_positive_1_hard_negative_1_seed0_hybrid_loss/ckpt/best_model_0_0.7476635514018691.pt
[2026-07-02 01:47:33] [disk_guard]   candidate: /data/jehc223/RGCL/logging/Retrieval/HateMM/RAC_video/RAC_lr0.0001_Bz64_Ep30_cosSim_triplet_drop[0.2, 0.4, 0.1]_topK20__PseudoGold_positive_1_hard_negative_1_seed0_hybrid_loss/ckpt/best_model_1_0.7757009345794392.pt
[2026-07-02 01:47:33] [disk_guard]     mtime=2026-07-02 01:12:41 size=19.03MB
[2026-07-02 01:47:33] [disk_guard]     -> b2 subpath: logs/Retrieval/HateMM/RAC_video/RAC_lr0.0001_Bz64_Ep30_cosSim_triplet_drop[0.2, 0.4, 0.1]_topK20__PseudoGold_positive_1_hard_negative_1_seed0_hybrid_loss/ckpt/best_model_1_0.7757009345794392.pt
[2026-07-02 01:47:33] [disk_guard]     pushing to B2 ...
[b2_push] copy: /data/jehc223/RGCL/logging/Retrieval/HateMM/RAC_video/RAC_lr0.0001_Bz64_Ep30_cosSim_triplet_drop[0.2, 0.4, 0.1]_topK20__PseudoGold_positive_1_hard_negative_1_seed0_hybrid_loss/ckpt/best_model_1_0.7757009345794392.pt -> b2:junyi-data/RGCL_video/logs/Retrieval/HateMM/RAC_video/RAC_lr0.0001_Bz64_Ep30_cosSim_triplet_drop[0.2, 0.4, 0.1]_topK20__PseudoGold_positive_1_hard_negative_1_seed0_hybrid_loss/ckpt/best_model_1_0.7757009345794392.pt
Transferred:   	          0 B / 0 B, -, 0 B/s, ETA -
Elapsed time:         0.0s
[b2_push] done -> b2:junyi-data/RGCL_video/logs/Retrieval/HateMM/RAC_video/RAC_lr0.0001_Bz64_Ep30_cosSim_triplet_drop[0.2, 0.4, 0.1]_topK20__PseudoGold_positive_1_hard_negative_1_seed0_hybrid_loss/ckpt/best_model_1_0.7757009345794392.pt
[2026-07-02 01:47:36] [disk_guard] verify: file not found on B2 at exact dest: b2:junyi-data/RGCL_video/logs/Retrieval/HateMM/RAC_video/RAC_lr0.0001_Bz64_Ep30_cosSim_triplet_drop[0.2, 0.4, 0.1]_topK20__PseudoGold_positive_1_hard_negative_1_seed0_hybrid_loss/ckpt/best_model_1_0.7757009345794392.pt
[2026-07-02 01:47:36] [disk_guard]     ERROR: verify failed; local kept (safe): /data/jehc223/RGCL/logging/Retrieval/HateMM/RAC_video/RAC_lr0.0001_Bz64_Ep30_cosSim_triplet_drop[0.2, 0.4, 0.1]_topK20__PseudoGold_positive_1_hard_negative_1_seed0_hybrid_loss/ckpt/best_model_1_0.7757009345794392.pt
[2026-07-02 01:47:36] [disk_guard]   candidate: /data/jehc223/RGCL/logging/Retrieval/HateMM/RAC_video/RAC_lr0.0001_Bz64_Ep30_cosSim_triplet_drop[0.2, 0.4, 0.1]_topK20__PseudoGold_positive_1_hard_negative_1_seed0_hybrid_loss/ckpt/best_model_3_0.794392523364486.pt
[2026-07-02 01:47:36] [disk_guard]     mtime=2026-07-02 01:12:42 size=19.03MB
[2026-07-02 01:47:36] [disk_guard]     -> b2 subpath: logs/Retrieval/HateMM/RAC_video/RAC_lr0.0001_Bz64_Ep30_cosSim_triplet_drop[0.2, 0.4, 0.1]_topK20__PseudoGold_positive_1_hard_negative_1_seed0_hybrid_loss/ckpt/best_model_3_0.794392523364486.pt
[2026-07-02 01:47:36] [disk_guard]     pushing to B2 ...
[b2_push] copy: /data/jehc223/RGCL/logging/Retrieval/HateMM/RAC_video/RAC_lr0.0001_Bz64_Ep30_cosSim_triplet_drop[0.2, 0.4, 0.1]_topK20__PseudoGold_positive_1_hard_negative_1_seed0_hybrid_loss/ckpt/best_model_3_0.794392523364486.pt -> b2:junyi-data/RGCL_video/logs/Retrieval/HateMM/RAC_video/RAC_lr0.0001_Bz64_Ep30_cosSim_triplet_drop[0.2, 0.4, 0.1]_topK20__PseudoGold_positive_1_hard_negative_1_seed0_hybrid_loss/ckpt/best_model_3_0.794392523364486.pt
Transferred:   	          0 B / 0 B, -, 0 B/s, ETA -
Elapsed time:         0.0s
[b2_push] done -> b2:junyi-data/RGCL_video/logs/Retrieval/HateMM/RAC_video/RAC_lr0.0001_Bz64_Ep30_cosSim_triplet_drop[0.2, 0.4, 0.1]_topK20__PseudoGold_positive_1_hard_negative_1_seed0_hybrid_loss/ckpt/best_model_3_0.794392523364486.pt
[2026-07-02 01:47:40] [disk_guard] verify: file not found on B2 at exact dest: b2:junyi-data/RGCL_video/logs/Retrieval/HateMM/RAC_video/RAC_lr0.0001_Bz64_Ep30_cosSim_triplet_drop[0.2, 0.4, 0.1]_topK20__PseudoGold_positive_1_hard_negative_1_seed0_hybrid_loss/ckpt/best_model_3_0.794392523364486.pt
[2026-07-02 01:47:40] [disk_guard]     ERROR: verify failed; local kept (safe): /data/jehc223/RGCL/logging/Retrieval/HateMM/RAC_video/RAC_lr0.0001_Bz64_Ep30_cosSim_triplet_drop[0.2, 0.4, 0.1]_topK20__PseudoGold_positive_1_hard_negative_1_seed0_hybrid_loss/ckpt/best_model_3_0.794392523364486.pt
[2026-07-02 01:47:40] [disk_guard]   candidate: /data/jehc223/RGCL/logging/Retrieval/HateMM/RAC_video/RAC_lr0.0001_Bz64_Ep30_cosSim_triplet_drop[0.2, 0.4, 0.1]_topK20__PseudoGold_positive_1_hard_negative_1_seed0_hybrid_loss/ckpt/best_model_4_0.8037383177570093.pt
[2026-07-02 01:47:40] [disk_guard]     mtime=2026-07-02 01:12:43 size=19.03MB
[2026-07-02 01:47:40] [disk_guard]     -> b2 subpath: logs/Retrieval/HateMM/RAC_video/RAC_lr0.0001_Bz64_Ep30_cosSim_triplet_drop[0.2, 0.4, 0.1]_topK20__PseudoGold_positive_1_hard_negative_1_seed0_hybrid_loss/ckpt/best_model_4_0.8037383177570093.pt
[2026-07-02 01:47:40] [disk_guard]     pushing to B2 ...
[b2_push] copy: /data/jehc223/RGCL/logging/Retrieval/HateMM/RAC_video/RAC_lr0.0001_Bz64_Ep30_cosSim_triplet_drop[0.2, 0.4, 0.1]_topK20__PseudoGold_positive_1_hard_negative_1_seed0_hybrid_loss/ckpt/best_model_4_0.8037383177570093.pt -> b2:junyi-data/RGCL_video/logs/Retrieval/HateMM/RAC_video/RAC_lr0.0001_Bz64_Ep30_cosSim_triplet_drop[0.2, 0.4, 0.1]_topK20__PseudoGold_positive_1_hard_negative_1_seed0_hybrid_loss/ckpt/best_model_4_0.8037383177570093.pt
Transferred:   	          0 B / 0 B, -, 0 B/s, ETA -
Elapsed time:         0.0s
[b2_push] done -> b2:junyi-data/RGCL_video/logs/Retrieval/HateMM/RAC_video/RAC_lr0.0001_Bz64_Ep30_cosSim_triplet_drop[0.2, 0.4, 0.1]_topK20__PseudoGold_positive_1_hard_negative_1_seed0_hybrid_loss/ckpt/best_model_4_0.8037383177570093.pt
[2026-07-02 01:47:44] [disk_guard] verify: file not found on B2 at exact dest: b2:junyi-data/RGCL_video/logs/Retrieval/HateMM/RAC_video/RAC_lr0.0001_Bz64_Ep30_cosSim_triplet_drop[0.2, 0.4, 0.1]_topK20__PseudoGold_positive_1_hard_negative_1_seed0_hybrid_loss/ckpt/best_model_4_0.8037383177570093.pt
[2026-07-02 01:47:44] [disk_guard]     ERROR: verify failed; local kept (safe): /data/jehc223/RGCL/logging/Retrieval/HateMM/RAC_video/RAC_lr0.0001_Bz64_Ep30_cosSim_triplet_drop[0.2, 0.4, 0.1]_topK20__PseudoGold_positive_1_hard_negative_1_seed0_hybrid_loss/ckpt/best_model_4_0.8037383177570093.pt
[2026-07-02 01:47:44] [disk_guard]   candidate: /data/jehc223/RGCL/logging/Retrieval/MHC/RAC_video/RAC_lr0.0001_Bz64_Ep30_cosSim_triplet_drop[0.2, 0.4, 0.1]_topK20__PseudoGold_positive_1_hard_negative_1_seed0_hybrid_loss/ckpt/best_model_8_0.75.pt
[2026-07-02 01:47:44] [disk_guard]     mtime=2026-07-02 01:12:45 size=19.03MB
[2026-07-02 01:47:44] [disk_guard]     -> b2 subpath: logs/Retrieval/MHC/RAC_video/RAC_lr0.0001_Bz64_Ep30_cosSim_triplet_drop[0.2, 0.4, 0.1]_topK20__PseudoGold_positive_1_hard_negative_1_seed0_hybrid_loss/ckpt/best_model_8_0.75.pt
[2026-07-02 01:47:44] [disk_guard]     pushing to B2 ...
[b2_push] copy: /data/jehc223/RGCL/logging/Retrieval/MHC/RAC_video/RAC_lr0.0001_Bz64_Ep30_cosSim_triplet_drop[0.2, 0.4, 0.1]_topK20__PseudoGold_positive_1_hard_negative_1_seed0_hybrid_loss/ckpt/best_model_8_0.75.pt -> b2:junyi-data/RGCL_video/logs/Retrieval/MHC/RAC_video/RAC_lr0.0001_Bz64_Ep30_cosSim_triplet_drop[0.2, 0.4, 0.1]_topK20__PseudoGold_positive_1_hard_negative_1_seed0_hybrid_loss/ckpt/best_model_8_0.75.pt
Transferred:   	          0 B / 0 B, -, 0 B/s, ETA -
Elapsed time:         0.0s
[b2_push] done -> b2:junyi-data/RGCL_video/logs/Retrieval/MHC/RAC_video/RAC_lr0.0001_Bz64_Ep30_cosSim_triplet_drop[0.2, 0.4, 0.1]_topK20__PseudoGold_positive_1_hard_negative_1_seed0_hybrid_loss/ckpt/best_model_8_0.75.pt
[2026-07-02 01:47:47] [disk_guard] verify: file not found on B2 at exact dest: b2:junyi-data/RGCL_video/logs/Retrieval/MHC/RAC_video/RAC_lr0.0001_Bz64_Ep30_cosSim_triplet_drop[0.2, 0.4, 0.1]_topK20__PseudoGold_positive_1_hard_negative_1_seed0_hybrid_loss/ckpt/best_model_8_0.75.pt
[2026-07-02 01:47:47] [disk_guard]     ERROR: verify failed; local kept (safe): /data/jehc223/RGCL/logging/Retrieval/MHC/RAC_video/RAC_lr0.0001_Bz64_Ep30_cosSim_triplet_drop[0.2, 0.4, 0.1]_topK20__PseudoGold_positive_1_hard_negative_1_seed0_hybrid_loss/ckpt/best_model_8_0.75.pt
[2026-07-02 01:47:47] [disk_guard]   candidate: /data/jehc223/RGCL/logging/Retrieval/HateMM/RAC_video/RAC_lr0.0001_Bz64_Ep30_cosSim_triplet_drop[0.2, 0.4, 0.1]_topK20__PseudoGold_positive_1_hard_negative_1_seed0_hybrid_loss/ckpt/best_model_9_0.8130841121495327.pt
[2026-07-02 01:47:47] [disk_guard]     mtime=2026-07-02 01:12:47 size=19.03MB
[2026-07-02 01:47:47] [disk_guard]     -> b2 subpath: logs/Retrieval/HateMM/RAC_video/RAC_lr0.0001_Bz64_Ep30_cosSim_triplet_drop[0.2, 0.4, 0.1]_topK20__PseudoGold_positive_1_hard_negative_1_seed0_hybrid_loss/ckpt/best_model_9_0.8130841121495327.pt
[2026-07-02 01:47:47] [disk_guard]     pushing to B2 ...
[b2_push] copy: /data/jehc223/RGCL/logging/Retrieval/HateMM/RAC_video/RAC_lr0.0001_Bz64_Ep30_cosSim_triplet_drop[0.2, 0.4, 0.1]_topK20__PseudoGold_positive_1_hard_negative_1_seed0_hybrid_loss/ckpt/best_model_9_0.8130841121495327.pt -> b2:junyi-data/RGCL_video/logs/Retrieval/HateMM/RAC_video/RAC_lr0.0001_Bz64_Ep30_cosSim_triplet_drop[0.2, 0.4, 0.1]_topK20__PseudoGold_positive_1_hard_negative_1_seed0_hybrid_loss/ckpt/best_model_9_0.8130841121495327.pt
Transferred:   	          0 B / 0 B, -, 0 B/s, ETA -
Elapsed time:         0.0s
[b2_push] done -> b2:junyi-data/RGCL_video/logs/Retrieval/HateMM/RAC_video/RAC_lr0.0001_Bz64_Ep30_cosSim_triplet_drop[0.2, 0.4, 0.1]_topK20__PseudoGold_positive_1_hard_negative_1_seed0_hybrid_loss/ckpt/best_model_9_0.8130841121495327.pt
[2026-07-02 01:47:51] [disk_guard] verify: file not found on B2 at exact dest: b2:junyi-data/RGCL_video/logs/Retrieval/HateMM/RAC_video/RAC_lr0.0001_Bz64_Ep30_cosSim_triplet_drop[0.2, 0.4, 0.1]_topK20__PseudoGold_positive_1_hard_negative_1_seed0_hybrid_loss/ckpt/best_model_9_0.8130841121495327.pt
[2026-07-02 01:47:51] [disk_guard]     ERROR: verify failed; local kept (safe): /data/jehc223/RGCL/logging/Retrieval/HateMM/RAC_video/RAC_lr0.0001_Bz64_Ep30_cosSim_triplet_drop[0.2, 0.4, 0.1]_topK20__PseudoGold_positive_1_hard_negative_1_seed0_hybrid_loss/ckpt/best_model_9_0.8130841121495327.pt
[2026-07-02 01:47:51] [disk_guard]   candidate: /data/jehc223/RGCL/logging/Retrieval/MHC/RAC_video/RAC_lr0.0001_Bz64_Ep30_cosSim_triplet_drop[0.2, 0.4, 0.1]_topK20__PseudoGold_positive_1_hard_negative_1_seed0_hybrid_loss/ckpt/best_model_18_0.75.pt
[2026-07-02 01:47:51] [disk_guard]     mtime=2026-07-02 01:12:51 size=19.03MB
[2026-07-02 01:47:51] [disk_guard]     -> b2 subpath: logs/Retrieval/MHC/RAC_video/RAC_lr0.0001_Bz64_Ep30_cosSim_triplet_drop[0.2, 0.4, 0.1]_topK20__PseudoGold_positive_1_hard_negative_1_seed0_hybrid_loss/ckpt/best_model_18_0.75.pt
[2026-07-02 01:47:51] [disk_guard]     pushing to B2 ...
[b2_push] copy: /data/jehc223/RGCL/logging/Retrieval/MHC/RAC_video/RAC_lr0.0001_Bz64_Ep30_cosSim_triplet_drop[0.2, 0.4, 0.1]_topK20__PseudoGold_positive_1_hard_negative_1_seed0_hybrid_loss/ckpt/best_model_18_0.75.pt -> b2:junyi-data/RGCL_video/logs/Retrieval/MHC/RAC_video/RAC_lr0.0001_Bz64_Ep30_cosSim_triplet_drop[0.2, 0.4, 0.1]_topK20__PseudoGold_positive_1_hard_negative_1_seed0_hybrid_loss/ckpt/best_model_18_0.75.pt
Transferred:   	          0 B / 0 B, -, 0 B/s, ETA -
Elapsed time:         0.0s
[b2_push] done -> b2:junyi-data/RGCL_video/logs/Retrieval/MHC/RAC_video/RAC_lr0.0001_Bz64_Ep30_cosSim_triplet_drop[0.2, 0.4, 0.1]_topK20__PseudoGold_positive_1_hard_negative_1_seed0_hybrid_loss/ckpt/best_model_18_0.75.pt
[2026-07-02 01:47:54] [disk_guard] verify: file not found on B2 at exact dest: b2:junyi-data/RGCL_video/logs/Retrieval/MHC/RAC_video/RAC_lr0.0001_Bz64_Ep30_cosSim_triplet_drop[0.2, 0.4, 0.1]_topK20__PseudoGold_positive_1_hard_negative_1_seed0_hybrid_loss/ckpt/best_model_18_0.75.pt
[2026-07-02 01:47:54] [disk_guard]     ERROR: verify failed; local kept (safe): /data/jehc223/RGCL/logging/Retrieval/MHC/RAC_video/RAC_lr0.0001_Bz64_Ep30_cosSim_triplet_drop[0.2, 0.4, 0.1]_topK20__PseudoGold_positive_1_hard_negative_1_seed0_hybrid_loss/ckpt/best_model_18_0.75.pt
[2026-07-02 01:47:54] [disk_guard]   candidate: /data/jehc223/RGCL/logging/Retrieval/MHC/RAC_video/RAC_lr0.0001_Bz64_Ep30_cosSim_triplet_drop[0.2, 0.4, 0.1]_topK20__PseudoGold_positive_1_hard_negative_1_seed0_hybrid_loss/ckpt/best_model_19_0.75.pt
[2026-07-02 01:47:54] [disk_guard]     mtime=2026-07-02 01:12:52 size=19.03MB
[2026-07-02 01:47:54] [disk_guard]     -> b2 subpath: logs/Retrieval/MHC/RAC_video/RAC_lr0.0001_Bz64_Ep30_cosSim_triplet_drop[0.2, 0.4, 0.1]_topK20__PseudoGold_positive_1_hard_negative_1_seed0_hybrid_loss/ckpt/best_model_19_0.75.pt
[2026-07-02 01:47:54] [disk_guard]     pushing to B2 ...
[b2_push] copy: /data/jehc223/RGCL/logging/Retrieval/MHC/RAC_video/RAC_lr0.0001_Bz64_Ep30_cosSim_triplet_drop[0.2, 0.4, 0.1]_topK20__PseudoGold_positive_1_hard_negative_1_seed0_hybrid_loss/ckpt/best_model_19_0.75.pt -> b2:junyi-data/RGCL_video/logs/Retrieval/MHC/RAC_video/RAC_lr0.0001_Bz64_Ep30_cosSim_triplet_drop[0.2, 0.4, 0.1]_topK20__PseudoGold_positive_1_hard_negative_1_seed0_hybrid_loss/ckpt/best_model_19_0.75.pt
Transferred:   	          0 B / 0 B, -, 0 B/s, ETA -
Elapsed time:         0.0s
[b2_push] done -> b2:junyi-data/RGCL_video/logs/Retrieval/MHC/RAC_video/RAC_lr0.0001_Bz64_Ep30_cosSim_triplet_drop[0.2, 0.4, 0.1]_topK20__PseudoGold_positive_1_hard_negative_1_seed0_hybrid_loss/ckpt/best_model_19_0.75.pt
[2026-07-02 01:47:58] [disk_guard] verify: file not found on B2 at exact dest: b2:junyi-data/RGCL_video/logs/Retrieval/MHC/RAC_video/RAC_lr0.0001_Bz64_Ep30_cosSim_triplet_drop[0.2, 0.4, 0.1]_topK20__PseudoGold_positive_1_hard_negative_1_seed0_hybrid_loss/ckpt/best_model_19_0.75.pt
[2026-07-02 01:47:58] [disk_guard]     ERROR: verify failed; local kept (safe): /data/jehc223/RGCL/logging/Retrieval/MHC/RAC_video/RAC_lr0.0001_Bz64_Ep30_cosSim_triplet_drop[0.2, 0.4, 0.1]_topK20__PseudoGold_positive_1_hard_negative_1_seed0_hybrid_loss/ckpt/best_model_19_0.75.pt
[2026-07-02 01:47:58] [disk_guard]   candidate: /data/jehc223/RGCL/logging/Retrieval/MHC/RAC_video/RAC_lr0.0001_Bz64_Ep30_cosSim_triplet_drop[0.2, 0.4, 0.1]_topK20__PseudoGold_positive_1_hard_negative_1_seed0_hybrid_loss/ckpt/best_model_22_0.75.pt
[2026-07-02 01:47:58] [disk_guard]     mtime=2026-07-02 01:12:54 size=19.03MB
[2026-07-02 01:47:58] [disk_guard]     -> b2 subpath: logs/Retrieval/MHC/RAC_video/RAC_lr0.0001_Bz64_Ep30_cosSim_triplet_drop[0.2, 0.4, 0.1]_topK20__PseudoGold_positive_1_hard_negative_1_seed0_hybrid_loss/ckpt/best_model_22_0.75.pt
[2026-07-02 01:47:58] [disk_guard]     pushing to B2 ...
[b2_push] copy: /data/jehc223/RGCL/logging/Retrieval/MHC/RAC_video/RAC_lr0.0001_Bz64_Ep30_cosSim_triplet_drop[0.2, 0.4, 0.1]_topK20__PseudoGold_positive_1_hard_negative_1_seed0_hybrid_loss/ckpt/best_model_22_0.75.pt -> b2:junyi-data/RGCL_video/logs/Retrieval/MHC/RAC_video/RAC_lr0.0001_Bz64_Ep30_cosSim_triplet_drop[0.2, 0.4, 0.1]_topK20__PseudoGold_positive_1_hard_negative_1_seed0_hybrid_loss/ckpt/best_model_22_0.75.pt
Transferred:   	          0 B / 0 B, -, 0 B/s, ETA -
Elapsed time:         0.0s
[b2_push] done -> b2:junyi-data/RGCL_video/logs/Retrieval/MHC/RAC_video/RAC_lr0.0001_Bz64_Ep30_cosSim_triplet_drop[0.2, 0.4, 0.1]_topK20__PseudoGold_positive_1_hard_negative_1_seed0_hybrid_loss/ckpt/best_model_22_0.75.pt
[2026-07-02 01:48:02] [disk_guard] verify: file not found on B2 at exact dest: b2:junyi-data/RGCL_video/logs/Retrieval/MHC/RAC_video/RAC_lr0.0001_Bz64_Ep30_cosSim_triplet_drop[0.2, 0.4, 0.1]_topK20__PseudoGold_positive_1_hard_negative_1_seed0_hybrid_loss/ckpt/best_model_22_0.75.pt
[2026-07-02 01:48:02] [disk_guard]     ERROR: verify failed; local kept (safe): /data/jehc223/RGCL/logging/Retrieval/MHC/RAC_video/RAC_lr0.0001_Bz64_Ep30_cosSim_triplet_drop[0.2, 0.4, 0.1]_topK20__PseudoGold_positive_1_hard_negative_1_seed0_hybrid_loss/ckpt/best_model_22_0.75.pt
[2026-07-02 01:48:02] [disk_guard]   candidate: /data/jehc223/RGCL/logging/Retrieval/HateMM/RAC_video/RAC_lr0.0001_Bz64_Ep30_cosSim_triplet_drop[0.2, 0.4, 0.1]_topK20__PseudoGold_positive_1_hard_negative_1_seed0_hybrid_loss/ckpt/best_model_20_0.8130841121495327.pt
[2026-07-02 01:48:02] [disk_guard]     mtime=2026-07-02 01:12:56 size=19.03MB
[2026-07-02 01:48:02] [disk_guard]     -> b2 subpath: logs/Retrieval/HateMM/RAC_video/RAC_lr0.0001_Bz64_Ep30_cosSim_triplet_drop[0.2, 0.4, 0.1]_topK20__PseudoGold_positive_1_hard_negative_1_seed0_hybrid_loss/ckpt/best_model_20_0.8130841121495327.pt
[2026-07-02 01:48:02] [disk_guard]     pushing to B2 ...
[b2_push] copy: /data/jehc223/RGCL/logging/Retrieval/HateMM/RAC_video/RAC_lr0.0001_Bz64_Ep30_cosSim_triplet_drop[0.2, 0.4, 0.1]_topK20__PseudoGold_positive_1_hard_negative_1_seed0_hybrid_loss/ckpt/best_model_20_0.8130841121495327.pt -> b2:junyi-data/RGCL_video/logs/Retrieval/HateMM/RAC_video/RAC_lr0.0001_Bz64_Ep30_cosSim_triplet_drop[0.2, 0.4, 0.1]_topK20__PseudoGold_positive_1_hard_negative_1_seed0_hybrid_loss/ckpt/best_model_20_0.8130841121495327.pt
Transferred:   	          0 B / 0 B, -, 0 B/s, ETA -
Elapsed time:         0.0s
[b2_push] done -> b2:junyi-data/RGCL_video/logs/Retrieval/HateMM/RAC_video/RAC_lr0.0001_Bz64_Ep30_cosSim_triplet_drop[0.2, 0.4, 0.1]_topK20__PseudoGold_positive_1_hard_negative_1_seed0_hybrid_loss/ckpt/best_model_20_0.8130841121495327.pt
[2026-07-02 01:48:06] [disk_guard] verify: file not found on B2 at exact dest: b2:junyi-data/RGCL_video/logs/Retrieval/HateMM/RAC_video/RAC_lr0.0001_Bz64_Ep30_cosSim_triplet_drop[0.2, 0.4, 0.1]_topK20__PseudoGold_positive_1_hard_negative_1_seed0_hybrid_loss/ckpt/best_model_20_0.8130841121495327.pt
[2026-07-02 01:48:06] [disk_guard]     ERROR: verify failed; local kept (safe): /data/jehc223/RGCL/logging/Retrieval/HateMM/RAC_video/RAC_lr0.0001_Bz64_Ep30_cosSim_triplet_drop[0.2, 0.4, 0.1]_topK20__PseudoGold_positive_1_hard_negative_1_seed0_hybrid_loss/ckpt/best_model_20_0.8130841121495327.pt
[2026-07-02 01:48:06] [disk_guard]   candidate: /data/jehc223/RGCL/logging/Retrieval/MHC/RAC_video/RAC_lr0.0001_Bz64_Ep30_cosSim_triplet_drop[0.2, 0.4, 0.1]_topK20__PseudoGold_positive_1_hard_negative_1_seed0_hybrid_loss/ckpt/best_model_26_0.75.pt
[2026-07-02 01:48:06] [disk_guard]     mtime=2026-07-02 01:12:56 size=19.03MB
[2026-07-02 01:48:06] [disk_guard]     -> b2 subpath: logs/Retrieval/MHC/RAC_video/RAC_lr0.0001_Bz64_Ep30_cosSim_triplet_drop[0.2, 0.4, 0.1]_topK20__PseudoGold_positive_1_hard_negative_1_seed0_hybrid_loss/ckpt/best_model_26_0.75.pt
[2026-07-02 01:48:06] [disk_guard]     pushing to B2 ...
[b2_push] copy: /data/jehc223/RGCL/logging/Retrieval/MHC/RAC_video/RAC_lr0.0001_Bz64_Ep30_cosSim_triplet_drop[0.2, 0.4, 0.1]_topK20__PseudoGold_positive_1_hard_negative_1_seed0_hybrid_loss/ckpt/best_model_26_0.75.pt -> b2:junyi-data/RGCL_video/logs/Retrieval/MHC/RAC_video/RAC_lr0.0001_Bz64_Ep30_cosSim_triplet_drop[0.2, 0.4, 0.1]_topK20__PseudoGold_positive_1_hard_negative_1_seed0_hybrid_loss/ckpt/best_model_26_0.75.pt
Transferred:   	          0 B / 0 B, -, 0 B/s, ETA -
Elapsed time:         0.0s
[b2_push] done -> b2:junyi-data/RGCL_video/logs/Retrieval/MHC/RAC_video/RAC_lr0.0001_Bz64_Ep30_cosSim_triplet_drop[0.2, 0.4, 0.1]_topK20__PseudoGold_positive_1_hard_negative_1_seed0_hybrid_loss/ckpt/best_model_26_0.75.pt
[2026-07-02 01:48:09] [disk_guard] verify: file not found on B2 at exact dest: b2:junyi-data/RGCL_video/logs/Retrieval/MHC/RAC_video/RAC_lr0.0001_Bz64_Ep30_cosSim_triplet_drop[0.2, 0.4, 0.1]_topK20__PseudoGold_positive_1_hard_negative_1_seed0_hybrid_loss/ckpt/best_model_26_0.75.pt
[2026-07-02 01:48:09] [disk_guard]     ERROR: verify failed; local kept (safe): /data/jehc223/RGCL/logging/Retrieval/MHC/RAC_video/RAC_lr0.0001_Bz64_Ep30_cosSim_triplet_drop[0.2, 0.4, 0.1]_topK20__PseudoGold_positive_1_hard_negative_1_seed0_hybrid_loss/ckpt/best_model_26_0.75.pt
[2026-07-02 01:48:09] [disk_guard]   candidate: /data/jehc223/RGCL/logging/Retrieval/HateMM/RAC_video/RAC_lr0.0001_Bz64_Ep30_cosSim_triplet_drop[0.2, 0.4, 0.1]_topK20__PseudoGold_positive_1_hard_negative_1_seed0_hybrid_loss/ckpt/best_model_21_0.8317757009345794.pt
[2026-07-02 01:48:09] [disk_guard]     mtime=2026-07-02 01:12:57 size=19.03MB
[2026-07-02 01:48:09] [disk_guard]     -> b2 subpath: logs/Retrieval/HateMM/RAC_video/RAC_lr0.0001_Bz64_Ep30_cosSim_triplet_drop[0.2, 0.4, 0.1]_topK20__PseudoGold_positive_1_hard_negative_1_seed0_hybrid_loss/ckpt/best_model_21_0.8317757009345794.pt
[2026-07-02 01:48:09] [disk_guard]     pushing to B2 ...
[b2_push] copy: /data/jehc223/RGCL/logging/Retrieval/HateMM/RAC_video/RAC_lr0.0001_Bz64_Ep30_cosSim_triplet_drop[0.2, 0.4, 0.1]_topK20__PseudoGold_positive_1_hard_negative_1_seed0_hybrid_loss/ckpt/best_model_21_0.8317757009345794.pt -> b2:junyi-data/RGCL_video/logs/Retrieval/HateMM/RAC_video/RAC_lr0.0001_Bz64_Ep30_cosSim_triplet_drop[0.2, 0.4, 0.1]_topK20__PseudoGold_positive_1_hard_negative_1_seed0_hybrid_loss/ckpt/best_model_21_0.8317757009345794.pt
Transferred:   	          0 B / 0 B, -, 0 B/s, ETA -
Elapsed time:         0.0s
[b2_push] done -> b2:junyi-data/RGCL_video/logs/Retrieval/HateMM/RAC_video/RAC_lr0.0001_Bz64_Ep30_cosSim_triplet_drop[0.2, 0.4, 0.1]_topK20__PseudoGold_positive_1_hard_negative_1_seed0_hybrid_loss/ckpt/best_model_21_0.8317757009345794.pt
[2026-07-02 01:48:13] [disk_guard] verify: file not found on B2 at exact dest: b2:junyi-data/RGCL_video/logs/Retrieval/HateMM/RAC_video/RAC_lr0.0001_Bz64_Ep30_cosSim_triplet_drop[0.2, 0.4, 0.1]_topK20__PseudoGold_positive_1_hard_negative_1_seed0_hybrid_loss/ckpt/best_model_21_0.8317757009345794.pt
[2026-07-02 01:48:13] [disk_guard]     ERROR: verify failed; local kept (safe): /data/jehc223/RGCL/logging/Retrieval/HateMM/RAC_video/RAC_lr0.0001_Bz64_Ep30_cosSim_triplet_drop[0.2, 0.4, 0.1]_topK20__PseudoGold_positive_1_hard_negative_1_seed0_hybrid_loss/ckpt/best_model_21_0.8317757009345794.pt
[2026-07-02 01:48:13] [disk_guard]   candidate: /data/jehc223/RGCL/logging/Retrieval/HateMM/RAC_video/RAC_lr0.0001_Bz64_Ep30_cosSim_triplet_drop[0.2, 0.4, 0.1]_topK20__PseudoGold_positive_1_hard_negative_1_seed0_hybrid_loss/ckpt/best_model_22_0.8317757009345794.pt
[2026-07-02 01:48:13] [disk_guard]     mtime=2026-07-02 01:12:58 size=19.03MB
[2026-07-02 01:48:13] [disk_guard]     -> b2 subpath: logs/Retrieval/HateMM/RAC_video/RAC_lr0.0001_Bz64_Ep30_cosSim_triplet_drop[0.2, 0.4, 0.1]_topK20__PseudoGold_positive_1_hard_negative_1_seed0_hybrid_loss/ckpt/best_model_22_0.8317757009345794.pt
[2026-07-02 01:48:13] [disk_guard]     pushing to B2 ...
[b2_push] copy: /data/jehc223/RGCL/logging/Retrieval/HateMM/RAC_video/RAC_lr0.0001_Bz64_Ep30_cosSim_triplet_drop[0.2, 0.4, 0.1]_topK20__PseudoGold_positive_1_hard_negative_1_seed0_hybrid_loss/ckpt/best_model_22_0.8317757009345794.pt -> b2:junyi-data/RGCL_video/logs/Retrieval/HateMM/RAC_video/RAC_lr0.0001_Bz64_Ep30_cosSim_triplet_drop[0.2, 0.4, 0.1]_topK20__PseudoGold_positive_1_hard_negative_1_seed0_hybrid_loss/ckpt/best_model_22_0.8317757009345794.pt
Transferred:   	          0 B / 0 B, -, 0 B/s, ETA -
Elapsed time:         0.0s
[b2_push] done -> b2:junyi-data/RGCL_video/logs/Retrieval/HateMM/RAC_video/RAC_lr0.0001_Bz64_Ep30_cosSim_triplet_drop[0.2, 0.4, 0.1]_topK20__PseudoGold_positive_1_hard_negative_1_seed0_hybrid_loss/ckpt/best_model_22_0.8317757009345794.pt
[2026-07-02 01:48:17] [disk_guard] verify: file not found on B2 at exact dest: b2:junyi-data/RGCL_video/logs/Retrieval/HateMM/RAC_video/RAC_lr0.0001_Bz64_Ep30_cosSim_triplet_drop[0.2, 0.4, 0.1]_topK20__PseudoGold_positive_1_hard_negative_1_seed0_hybrid_loss/ckpt/best_model_22_0.8317757009345794.pt
[2026-07-02 01:48:17] [disk_guard]     ERROR: verify failed; local kept (safe): /data/jehc223/RGCL/logging/Retrieval/HateMM/RAC_video/RAC_lr0.0001_Bz64_Ep30_cosSim_triplet_drop[0.2, 0.4, 0.1]_topK20__PseudoGold_positive_1_hard_negative_1_seed0_hybrid_loss/ckpt/best_model_22_0.8317757009345794.pt
[2026-07-02 01:48:17] [disk_guard]   candidate: /data/jehc223/RGCL/logging/Retrieval/MHC/RAC_video/RAC_lr0.0001_Bz64_Ep30_cosSim_triplet_drop[0.2, 0.4, 0.1]_topK20__PseudoGold_positive_1_hard_negative_1_seed0_hybrid_loss/ckpt/last_model_29_0.7375.pt
[2026-07-02 01:48:17] [disk_guard]     mtime=2026-07-02 01:12:59 size=19.03MB
[2026-07-02 01:48:17] [disk_guard]     -> b2 subpath: logs/Retrieval/MHC/RAC_video/RAC_lr0.0001_Bz64_Ep30_cosSim_triplet_drop[0.2, 0.4, 0.1]_topK20__PseudoGold_positive_1_hard_negative_1_seed0_hybrid_loss/ckpt/last_model_29_0.7375.pt
[2026-07-02 01:48:17] [disk_guard]     pushing to B2 ...
[b2_push] copy: /data/jehc223/RGCL/logging/Retrieval/MHC/RAC_video/RAC_lr0.0001_Bz64_Ep30_cosSim_triplet_drop[0.2, 0.4, 0.1]_topK20__PseudoGold_positive_1_hard_negative_1_seed0_hybrid_loss/ckpt/last_model_29_0.7375.pt -> b2:junyi-data/RGCL_video/logs/Retrieval/MHC/RAC_video/RAC_lr0.0001_Bz64_Ep30_cosSim_triplet_drop[0.2, 0.4, 0.1]_topK20__PseudoGold_positive_1_hard_negative_1_seed0_hybrid_loss/ckpt/last_model_29_0.7375.pt
Transferred:   	          0 B / 0 B, -, 0 B/s, ETA -
Elapsed time:         0.0s
[b2_push] done -> b2:junyi-data/RGCL_video/logs/Retrieval/MHC/RAC_video/RAC_lr0.0001_Bz64_Ep30_cosSim_triplet_drop[0.2, 0.4, 0.1]_topK20__PseudoGold_positive_1_hard_negative_1_seed0_hybrid_loss/ckpt/last_model_29_0.7375.pt
[2026-07-02 01:48:21] [disk_guard] verify: file not found on B2 at exact dest: b2:junyi-data/RGCL_video/logs/Retrieval/MHC/RAC_video/RAC_lr0.0001_Bz64_Ep30_cosSim_triplet_drop[0.2, 0.4, 0.1]_topK20__PseudoGold_positive_1_hard_negative_1_seed0_hybrid_loss/ckpt/last_model_29_0.7375.pt
[2026-07-02 01:48:21] [disk_guard]     ERROR: verify failed; local kept (safe): /data/jehc223/RGCL/logging/Retrieval/MHC/RAC_video/RAC_lr0.0001_Bz64_Ep30_cosSim_triplet_drop[0.2, 0.4, 0.1]_topK20__PseudoGold_positive_1_hard_negative_1_seed0_hybrid_loss/ckpt/last_model_29_0.7375.pt
[2026-07-02 01:48:21] [disk_guard]   candidate: /data/jehc223/RGCL/logging/Retrieval/HateMM/RAC_video/RAC_lr0.0001_Bz64_Ep30_cosSim_triplet_drop[0.2, 0.4, 0.1]_topK20__PseudoGold_positive_1_hard_negative_1_seed0_hybrid_loss/ckpt/best_model_24_0.8411214953271028.pt
[2026-07-02 01:48:21] [disk_guard]     mtime=2026-07-02 01:13:00 size=19.03MB
[2026-07-02 01:48:21] [disk_guard]     -> b2 subpath: logs/Retrieval/HateMM/RAC_video/RAC_lr0.0001_Bz64_Ep30_cosSim_triplet_drop[0.2, 0.4, 0.1]_topK20__PseudoGold_positive_1_hard_negative_1_seed0_hybrid_loss/ckpt/best_model_24_0.8411214953271028.pt
[2026-07-02 01:48:21] [disk_guard]     pushing to B2 ...
[b2_push] copy: /data/jehc223/RGCL/logging/Retrieval/HateMM/RAC_video/RAC_lr0.0001_Bz64_Ep30_cosSim_triplet_drop[0.2, 0.4, 0.1]_topK20__PseudoGold_positive_1_hard_negative_1_seed0_hybrid_loss/ckpt/best_model_24_0.8411214953271028.pt -> b2:junyi-data/RGCL_video/logs/Retrieval/HateMM/RAC_video/RAC_lr0.0001_Bz64_Ep30_cosSim_triplet_drop[0.2, 0.4, 0.1]_topK20__PseudoGold_positive_1_hard_negative_1_seed0_hybrid_loss/ckpt/best_model_24_0.8411214953271028.pt
Transferred:   	          0 B / 0 B, -, 0 B/s, ETA -
Elapsed time:         0.0s
[b2_push] done -> b2:junyi-data/RGCL_video/logs/Retrieval/HateMM/RAC_video/RAC_lr0.0001_Bz64_Ep30_cosSim_triplet_drop[0.2, 0.4, 0.1]_topK20__PseudoGold_positive_1_hard_negative_1_seed0_hybrid_loss/ckpt/best_model_24_0.8411214953271028.pt
[2026-07-02 01:48:25] [disk_guard] verify: file not found on B2 at exact dest: b2:junyi-data/RGCL_video/logs/Retrieval/HateMM/RAC_video/RAC_lr0.0001_Bz64_Ep30_cosSim_triplet_drop[0.2, 0.4, 0.1]_topK20__PseudoGold_positive_1_hard_negative_1_seed0_hybrid_loss/ckpt/best_model_24_0.8411214953271028.pt
[2026-07-02 01:48:25] [disk_guard]     ERROR: verify failed; local kept (safe): /data/jehc223/RGCL/logging/Retrieval/HateMM/RAC_video/RAC_lr0.0001_Bz64_Ep30_cosSim_triplet_drop[0.2, 0.4, 0.1]_topK20__PseudoGold_positive_1_hard_negative_1_seed0_hybrid_loss/ckpt/best_model_24_0.8411214953271028.pt
[2026-07-02 01:48:25] [disk_guard]   candidate: /data/jehc223/RGCL/logging/Retrieval/HateMM/RAC_video/RAC_lr0.0001_Bz64_Ep30_cosSim_triplet_drop[0.2, 0.4, 0.1]_topK20__PseudoGold_positive_1_hard_negative_1_seed0_hybrid_loss/ckpt/last_model_29_0.794392523364486.pt
[2026-07-02 01:48:25] [disk_guard]     mtime=2026-07-02 01:13:05 size=19.03MB
[2026-07-02 01:48:25] [disk_guard]     -> b2 subpath: logs/Retrieval/HateMM/RAC_video/RAC_lr0.0001_Bz64_Ep30_cosSim_triplet_drop[0.2, 0.4, 0.1]_topK20__PseudoGold_positive_1_hard_negative_1_seed0_hybrid_loss/ckpt/last_model_29_0.794392523364486.pt
[2026-07-02 01:48:25] [disk_guard]     pushing to B2 ...
[b2_push] copy: /data/jehc223/RGCL/logging/Retrieval/HateMM/RAC_video/RAC_lr0.0001_Bz64_Ep30_cosSim_triplet_drop[0.2, 0.4, 0.1]_topK20__PseudoGold_positive_1_hard_negative_1_seed0_hybrid_loss/ckpt/last_model_29_0.794392523364486.pt -> b2:junyi-data/RGCL_video/logs/Retrieval/HateMM/RAC_video/RAC_lr0.0001_Bz64_Ep30_cosSim_triplet_drop[0.2, 0.4, 0.1]_topK20__PseudoGold_positive_1_hard_negative_1_seed0_hybrid_loss/ckpt/last_model_29_0.794392523364486.pt
Transferred:   	          0 B / 0 B, -, 0 B/s, ETA -
Elapsed time:         0.0s
[b2_push] done -> b2:junyi-data/RGCL_video/logs/Retrieval/HateMM/RAC_video/RAC_lr0.0001_Bz64_Ep30_cosSim_triplet_drop[0.2, 0.4, 0.1]_topK20__PseudoGold_positive_1_hard_negative_1_seed0_hybrid_loss/ckpt/last_model_29_0.794392523364486.pt
[2026-07-02 01:48:28] [disk_guard] verify: file not found on B2 at exact dest: b2:junyi-data/RGCL_video/logs/Retrieval/HateMM/RAC_video/RAC_lr0.0001_Bz64_Ep30_cosSim_triplet_drop[0.2, 0.4, 0.1]_topK20__PseudoGold_positive_1_hard_negative_1_seed0_hybrid_loss/ckpt/last_model_29_0.794392523364486.pt
[2026-07-02 01:48:28] [disk_guard]     ERROR: verify failed; local kept (safe): /data/jehc223/RGCL/logging/Retrieval/HateMM/RAC_video/RAC_lr0.0001_Bz64_Ep30_cosSim_triplet_drop[0.2, 0.4, 0.1]_topK20__PseudoGold_positive_1_hard_negative_1_seed0_hybrid_loss/ckpt/last_model_29_0.794392523364486.pt
[2026-07-02 01:48:28] [disk_guard]   candidate: /data/jehc223/RGCL/logging/Retrieval/ImpliHateVid/RAC_video/RAC_lr0.0001_Bz64_Ep30_cosSim_triplet_drop[0.2, 0.4, 0.1]_topK20__PseudoGold_positive_1_hard_negative_1_seed0_hybrid_loss/ckpt/best_model_0_0.48307692307692307.pt
[2026-07-02 01:48:28] [disk_guard]     mtime=2026-07-02 01:16:05 size=40.03MB
[2026-07-02 01:48:28] [disk_guard]     -> b2 subpath: logs/Retrieval/ImpliHateVid/RAC_video/RAC_lr0.0001_Bz64_Ep30_cosSim_triplet_drop[0.2, 0.4, 0.1]_topK20__PseudoGold_positive_1_hard_negative_1_seed0_hybrid_loss/ckpt/best_model_0_0.48307692307692307.pt
[2026-07-02 01:48:28] [disk_guard]     pushing to B2 ...
[b2_push] copy: /data/jehc223/RGCL/logging/Retrieval/ImpliHateVid/RAC_video/RAC_lr0.0001_Bz64_Ep30_cosSim_triplet_drop[0.2, 0.4, 0.1]_topK20__PseudoGold_positive_1_hard_negative_1_seed0_hybrid_loss/ckpt/best_model_0_0.48307692307692307.pt -> b2:junyi-data/RGCL_video/logs/Retrieval/ImpliHateVid/RAC_video/RAC_lr0.0001_Bz64_Ep30_cosSim_triplet_drop[0.2, 0.4, 0.1]_topK20__PseudoGold_positive_1_hard_negative_1_seed0_hybrid_loss/ckpt/best_model_0_0.48307692307692307.pt
Transferred:   	          0 B / 0 B, -, 0 B/s, ETA -
Elapsed time:         0.0s
[b2_push] done -> b2:junyi-data/RGCL_video/logs/Retrieval/ImpliHateVid/RAC_video/RAC_lr0.0001_Bz64_Ep30_cosSim_triplet_drop[0.2, 0.4, 0.1]_topK20__PseudoGold_positive_1_hard_negative_1_seed0_hybrid_loss/ckpt/best_model_0_0.48307692307692307.pt
[2026-07-02 01:48:32] [disk_guard] verify: file not found on B2 at exact dest: b2:junyi-data/RGCL_video/logs/Retrieval/ImpliHateVid/RAC_video/RAC_lr0.0001_Bz64_Ep30_cosSim_triplet_drop[0.2, 0.4, 0.1]_topK20__PseudoGold_positive_1_hard_negative_1_seed0_hybrid_loss/ckpt/best_model_0_0.48307692307692307.pt
[2026-07-02 01:48:32] [disk_guard]     ERROR: verify failed; local kept (safe): /data/jehc223/RGCL/logging/Retrieval/ImpliHateVid/RAC_video/RAC_lr0.0001_Bz64_Ep30_cosSim_triplet_drop[0.2, 0.4, 0.1]_topK20__PseudoGold_positive_1_hard_negative_1_seed0_hybrid_loss/ckpt/best_model_0_0.48307692307692307.pt
[2026-07-02 01:48:32] [disk_guard]   candidate: /data/jehc223/RGCL/logging/Retrieval/ImpliHateVid/RAC_video/RAC_lr0.0001_Bz64_Ep30_cosSim_triplet_drop[0.2, 0.4, 0.1]_topK20__PseudoGold_positive_1_hard_negative_1_seed0_hybrid_loss/ckpt/best_model_1_0.5076923076923077.pt
[2026-07-02 01:48:32] [disk_guard]     mtime=2026-07-02 01:16:07 size=40.03MB
[2026-07-02 01:48:32] [disk_guard]     -> b2 subpath: logs/Retrieval/ImpliHateVid/RAC_video/RAC_lr0.0001_Bz64_Ep30_cosSim_triplet_drop[0.2, 0.4, 0.1]_topK20__PseudoGold_positive_1_hard_negative_1_seed0_hybrid_loss/ckpt/best_model_1_0.5076923076923077.pt
[2026-07-02 01:48:32] [disk_guard]     pushing to B2 ...
[b2_push] copy: /data/jehc223/RGCL/logging/Retrieval/ImpliHateVid/RAC_video/RAC_lr0.0001_Bz64_Ep30_cosSim_triplet_drop[0.2, 0.4, 0.1]_topK20__PseudoGold_positive_1_hard_negative_1_seed0_hybrid_loss/ckpt/best_model_1_0.5076923076923077.pt -> b2:junyi-data/RGCL_video/logs/Retrieval/ImpliHateVid/RAC_video/RAC_lr0.0001_Bz64_Ep30_cosSim_triplet_drop[0.2, 0.4, 0.1]_topK20__PseudoGold_positive_1_hard_negative_1_seed0_hybrid_loss/ckpt/best_model_1_0.5076923076923077.pt
Transferred:   	          0 B / 0 B, -, 0 B/s, ETA -
Elapsed time:         0.0s
[b2_push] done -> b2:junyi-data/RGCL_video/logs/Retrieval/ImpliHateVid/RAC_video/RAC_lr0.0001_Bz64_Ep30_cosSim_triplet_drop[0.2, 0.4, 0.1]_topK20__PseudoGold_positive_1_hard_negative_1_seed0_hybrid_loss/ckpt/best_model_1_0.5076923076923077.pt
[2026-07-02 01:48:36] [disk_guard] verify: file not found on B2 at exact dest: b2:junyi-data/RGCL_video/logs/Retrieval/ImpliHateVid/RAC_video/RAC_lr0.0001_Bz64_Ep30_cosSim_triplet_drop[0.2, 0.4, 0.1]_topK20__PseudoGold_positive_1_hard_negative_1_seed0_hybrid_loss/ckpt/best_model_1_0.5076923076923077.pt
[2026-07-02 01:48:36] [disk_guard]     ERROR: verify failed; local kept (safe): /data/jehc223/RGCL/logging/Retrieval/ImpliHateVid/RAC_video/RAC_lr0.0001_Bz64_Ep30_cosSim_triplet_drop[0.2, 0.4, 0.1]_topK20__PseudoGold_positive_1_hard_negative_1_seed0_hybrid_loss/ckpt/best_model_1_0.5076923076923077.pt
[2026-07-02 01:48:36] [disk_guard]   step (c) projected/actual freed: 0.00B.
[2026-07-02 01:48:36] [disk_guard]   usage now 256G still > target 250G: continuing.
[2026-07-02 01:48:36] [disk_guard] WARNING: still over target (usage=256G > target 250G) after all SAFE steps.
[2026-07-02 01:48:36] [disk_guard] WARNING: MANUAL INTERVENTION required — an approved larger offload (e.g. raw datasets or another project) is needed.
[2026-07-02 01:48:36] [disk_guard] WARNING: this guard will NOT touch raw datasets (Multihateclip/HateMM/ImpliHateVid) or non-project data. Stopping.
[2026-07-02 01:48:36] [disk_guard] ==== disk_guard end ====
[2026-07-02 01:49:06] [disk_guard] ==== disk_guard start (dry_run=0, sourced=0) ====
[2026-07-02 01:49:06] [disk_guard] config: THRESHOLD=250G TARGET=250G RGCL_ROOT=/data/jehc223/RGCL B2_PREFIX=b2:junyi-data/RGCL_video
[2026-07-02 01:49:06] [disk_guard] log file: /data/jehc223/RGCL/slurm/logs/disk_guard.log
[2026-07-02 01:49:06] [disk_guard] current /data usage: 256G (threshold 250G, target 250G).
[2026-07-02 01:49:06] [disk_guard] usage 256G > threshold 250G: starting reclaim.
[2026-07-02 01:49:06] [disk_guard] Step (a): rclone VFS cache purge.
[2026-07-02 01:49:06] [disk_guard]   no rclone vfs* cache dirs present (nothing to do).
[2026-07-02 01:49:06] [disk_guard]   usage now 256G still > target 250G: continuing.
[2026-07-02 01:49:06] [disk_guard] Step (b): HuggingFace cache.
[2026-07-02 01:49:06] [disk_guard]   HF cache purge skipped (conservative); needs manual review. Set DISK_GUARD_HF_PURGE=1 to allow datasets--*/.locks removal (never models--*).
[2026-07-02 01:49:06] [disk_guard]   usage now 256G still > target 250G: continuing.
[2026-07-02 01:49:06] [disk_guard] Step (c): push-verify-prune oldest logging/ checkpoints (mirrored to B2 under logs/).
[2026-07-02 01:49:06] [disk_guard]   found 32 candidate checkpoint(s), oldest-first.
[2026-07-02 01:49:06] [disk_guard]   need to free ~6.00GB to reach target 250G.
[2026-07-02 01:49:06] [disk_guard]   candidate: /data/jehc223/RGCL/logging/Retrieval/MHC/RAC_video/RAC_lr0.0001_Bz64_Ep30_cosSim_triplet_drop[0.2, 0.4, 0.1]_topK20__PseudoGold_positive_1_hard_negative_1_seed0_hybrid_loss/ckpt/best_model_0_0.775.pt
[2026-07-02 01:49:06] [disk_guard]     mtime=2026-07-02 01:11:00 size=40.03MB
[2026-07-02 01:49:06] [disk_guard]     -> b2 subpath: logs/Retrieval/MHC/RAC_video/RAC_lr0.0001_Bz64_Ep30_cosSim_triplet_drop[0.2, 0.4, 0.1]_topK20__PseudoGold_positive_1_hard_negative_1_seed0_hybrid_loss/ckpt/best_model_0_0.775.pt
[2026-07-02 01:49:06] [disk_guard]     pushing to B2 ...
[b2_push] copy: /data/jehc223/RGCL/logging/Retrieval/MHC/RAC_video/RAC_lr0.0001_Bz64_Ep30_cosSim_triplet_drop[0.2, 0.4, 0.1]_topK20__PseudoGold_positive_1_hard_negative_1_seed0_hybrid_loss/ckpt/best_model_0_0.775.pt -> b2:junyi-data/RGCL_video/logs/Retrieval/MHC/RAC_video/RAC_lr0.0001_Bz64_Ep30_cosSim_triplet_drop[0.2, 0.4, 0.1]_topK20__PseudoGold_positive_1_hard_negative_1_seed0_hybrid_loss/ckpt/best_model_0_0.775.pt
Transferred:   	          0 B / 0 B, -, 0 B/s, ETA -
Elapsed time:         0.0s
[b2_push] done -> b2:junyi-data/RGCL_video/logs/Retrieval/MHC/RAC_video/RAC_lr0.0001_Bz64_Ep30_cosSim_triplet_drop[0.2, 0.4, 0.1]_topK20__PseudoGold_positive_1_hard_negative_1_seed0_hybrid_loss/ckpt/best_model_0_0.775.pt
[2026-07-02 01:49:10] [disk_guard] verify: file not found on B2 at exact dest: b2:junyi-data/RGCL_video/logs/Retrieval/MHC/RAC_video/RAC_lr0.0001_Bz64_Ep30_cosSim_triplet_drop[0.2, 0.4, 0.1]_topK20__PseudoGold_positive_1_hard_negative_1_seed0_hybrid_loss/ckpt/best_model_0_0.775.pt
[2026-07-02 01:49:10] [disk_guard]     ERROR: verify failed; local kept (safe): /data/jehc223/RGCL/logging/Retrieval/MHC/RAC_video/RAC_lr0.0001_Bz64_Ep30_cosSim_triplet_drop[0.2, 0.4, 0.1]_topK20__PseudoGold_positive_1_hard_negative_1_seed0_hybrid_loss/ckpt/best_model_0_0.775.pt
[2026-07-02 01:49:10] [disk_guard]   candidate: /data/jehc223/RGCL/logging/Retrieval/HateMM/RAC_video/RAC_lr0.0001_Bz64_Ep30_cosSim_triplet_drop[0.2, 0.4, 0.1]_topK20__PseudoGold_positive_1_hard_negative_1_seed0_hybrid_loss/ckpt/best_model_0_0.8130841121495327.pt
[2026-07-02 01:49:10] [disk_guard]     mtime=2026-07-02 01:11:00 size=40.03MB
[2026-07-02 01:49:10] [disk_guard]     -> b2 subpath: logs/Retrieval/HateMM/RAC_video/RAC_lr0.0001_Bz64_Ep30_cosSim_triplet_drop[0.2, 0.4, 0.1]_topK20__PseudoGold_positive_1_hard_negative_1_seed0_hybrid_loss/ckpt/best_model_0_0.8130841121495327.pt
[2026-07-02 01:49:10] [disk_guard]     pushing to B2 ...
[b2_push] copy: /data/jehc223/RGCL/logging/Retrieval/HateMM/RAC_video/RAC_lr0.0001_Bz64_Ep30_cosSim_triplet_drop[0.2, 0.4, 0.1]_topK20__PseudoGold_positive_1_hard_negative_1_seed0_hybrid_loss/ckpt/best_model_0_0.8130841121495327.pt -> b2:junyi-data/RGCL_video/logs/Retrieval/HateMM/RAC_video/RAC_lr0.0001_Bz64_Ep30_cosSim_triplet_drop[0.2, 0.4, 0.1]_topK20__PseudoGold_positive_1_hard_negative_1_seed0_hybrid_loss/ckpt/best_model_0_0.8130841121495327.pt
Transferred:   	          0 B / 0 B, -, 0 B/s, ETA -
Elapsed time:         0.0s
[b2_push] done -> b2:junyi-data/RGCL_video/logs/Retrieval/HateMM/RAC_video/RAC_lr0.0001_Bz64_Ep30_cosSim_triplet_drop[0.2, 0.4, 0.1]_topK20__PseudoGold_positive_1_hard_negative_1_seed0_hybrid_loss/ckpt/best_model_0_0.8130841121495327.pt
[2026-07-02 01:49:13] [disk_guard] verify: file not found on B2 at exact dest: b2:junyi-data/RGCL_video/logs/Retrieval/HateMM/RAC_video/RAC_lr0.0001_Bz64_Ep30_cosSim_triplet_drop[0.2, 0.4, 0.1]_topK20__PseudoGold_positive_1_hard_negative_1_seed0_hybrid_loss/ckpt/best_model_0_0.8130841121495327.pt
[2026-07-02 01:49:13] [disk_guard]     ERROR: verify failed; local kept (safe): /data/jehc223/RGCL/logging/Retrieval/HateMM/RAC_video/RAC_lr0.0001_Bz64_Ep30_cosSim_triplet_drop[0.2, 0.4, 0.1]_topK20__PseudoGold_positive_1_hard_negative_1_seed0_hybrid_loss/ckpt/best_model_0_0.8130841121495327.pt
[2026-07-02 01:49:13] [disk_guard]   candidate: /data/jehc223/RGCL/logging/Retrieval/HateMM/RAC_video/RAC_lr0.0001_Bz64_Ep30_cosSim_triplet_drop[0.2, 0.4, 0.1]_topK20__PseudoGold_positive_1_hard_negative_1_seed0_hybrid_loss/ckpt/best_model_1_0.8317757009345794.pt
[2026-07-02 01:49:13] [disk_guard]     mtime=2026-07-02 01:11:01 size=40.03MB
[2026-07-02 01:49:13] [disk_guard]     -> b2 subpath: logs/Retrieval/HateMM/RAC_video/RAC_lr0.0001_Bz64_Ep30_cosSim_triplet_drop[0.2, 0.4, 0.1]_topK20__PseudoGold_positive_1_hard_negative_1_seed0_hybrid_loss/ckpt/best_model_1_0.8317757009345794.pt
[2026-07-02 01:49:13] [disk_guard]     pushing to B2 ...
[b2_push] copy: /data/jehc223/RGCL/logging/Retrieval/HateMM/RAC_video/RAC_lr0.0001_Bz64_Ep30_cosSim_triplet_drop[0.2, 0.4, 0.1]_topK20__PseudoGold_positive_1_hard_negative_1_seed0_hybrid_loss/ckpt/best_model_1_0.8317757009345794.pt -> b2:junyi-data/RGCL_video/logs/Retrieval/HateMM/RAC_video/RAC_lr0.0001_Bz64_Ep30_cosSim_triplet_drop[0.2, 0.4, 0.1]_topK20__PseudoGold_positive_1_hard_negative_1_seed0_hybrid_loss/ckpt/best_model_1_0.8317757009345794.pt
Transferred:   	          0 B / 0 B, -, 0 B/s, ETA -
Elapsed time:         0.0s
[b2_push] done -> b2:junyi-data/RGCL_video/logs/Retrieval/HateMM/RAC_video/RAC_lr0.0001_Bz64_Ep30_cosSim_triplet_drop[0.2, 0.4, 0.1]_topK20__PseudoGold_positive_1_hard_negative_1_seed0_hybrid_loss/ckpt/best_model_1_0.8317757009345794.pt
[2026-07-02 01:49:17] [disk_guard] verify: file not found on B2 at exact dest: b2:junyi-data/RGCL_video/logs/Retrieval/HateMM/RAC_video/RAC_lr0.0001_Bz64_Ep30_cosSim_triplet_drop[0.2, 0.4, 0.1]_topK20__PseudoGold_positive_1_hard_negative_1_seed0_hybrid_loss/ckpt/best_model_1_0.8317757009345794.pt
[2026-07-02 01:49:17] [disk_guard]     ERROR: verify failed; local kept (safe): /data/jehc223/RGCL/logging/Retrieval/HateMM/RAC_video/RAC_lr0.0001_Bz64_Ep30_cosSim_triplet_drop[0.2, 0.4, 0.1]_topK20__PseudoGold_positive_1_hard_negative_1_seed0_hybrid_loss/ckpt/best_model_1_0.8317757009345794.pt
[2026-07-02 01:49:17] [disk_guard]   candidate: /data/jehc223/RGCL/logging/Retrieval/MHC/RAC_video/RAC_lr0.0001_Bz64_Ep30_cosSim_triplet_drop[0.2, 0.4, 0.1]_topK20__PseudoGold_positive_1_hard_negative_1_seed0_hybrid_loss/ckpt/best_model_17_0.775.pt
[2026-07-02 01:49:17] [disk_guard]     mtime=2026-07-02 01:11:11 size=40.03MB
[2026-07-02 01:49:17] [disk_guard]     -> b2 subpath: logs/Retrieval/MHC/RAC_video/RAC_lr0.0001_Bz64_Ep30_cosSim_triplet_drop[0.2, 0.4, 0.1]_topK20__PseudoGold_positive_1_hard_negative_1_seed0_hybrid_loss/ckpt/best_model_17_0.775.pt
[2026-07-02 01:49:17] [disk_guard]     pushing to B2 ...
[b2_push] copy: /data/jehc223/RGCL/logging/Retrieval/MHC/RAC_video/RAC_lr0.0001_Bz64_Ep30_cosSim_triplet_drop[0.2, 0.4, 0.1]_topK20__PseudoGold_positive_1_hard_negative_1_seed0_hybrid_loss/ckpt/best_model_17_0.775.pt -> b2:junyi-data/RGCL_video/logs/Retrieval/MHC/RAC_video/RAC_lr0.0001_Bz64_Ep30_cosSim_triplet_drop[0.2, 0.4, 0.1]_topK20__PseudoGold_positive_1_hard_negative_1_seed0_hybrid_loss/ckpt/best_model_17_0.775.pt
Transferred:   	          0 B / 0 B, -, 0 B/s, ETA -
Elapsed time:         0.0s
[b2_push] done -> b2:junyi-data/RGCL_video/logs/Retrieval/MHC/RAC_video/RAC_lr0.0001_Bz64_Ep30_cosSim_triplet_drop[0.2, 0.4, 0.1]_topK20__PseudoGold_positive_1_hard_negative_1_seed0_hybrid_loss/ckpt/best_model_17_0.775.pt
[2026-07-02 01:49:21] [disk_guard] verify: file not found on B2 at exact dest: b2:junyi-data/RGCL_video/logs/Retrieval/MHC/RAC_video/RAC_lr0.0001_Bz64_Ep30_cosSim_triplet_drop[0.2, 0.4, 0.1]_topK20__PseudoGold_positive_1_hard_negative_1_seed0_hybrid_loss/ckpt/best_model_17_0.775.pt
[2026-07-02 01:49:21] [disk_guard]     ERROR: verify failed; local kept (safe): /data/jehc223/RGCL/logging/Retrieval/MHC/RAC_video/RAC_lr0.0001_Bz64_Ep30_cosSim_triplet_drop[0.2, 0.4, 0.1]_topK20__PseudoGold_positive_1_hard_negative_1_seed0_hybrid_loss/ckpt/best_model_17_0.775.pt
[2026-07-02 01:49:21] [disk_guard]   candidate: /data/jehc223/RGCL/logging/Retrieval/HateMM/RAC_video/RAC_lr0.0001_Bz64_Ep30_cosSim_triplet_drop[0.2, 0.4, 0.1]_topK20__PseudoGold_positive_1_hard_negative_1_seed0_hybrid_loss/ckpt/best_model_13_0.8317757009345794.pt
[2026-07-02 01:49:21] [disk_guard]     mtime=2026-07-02 01:11:12 size=40.03MB
[2026-07-02 01:49:21] [disk_guard]     -> b2 subpath: logs/Retrieval/HateMM/RAC_video/RAC_lr0.0001_Bz64_Ep30_cosSim_triplet_drop[0.2, 0.4, 0.1]_topK20__PseudoGold_positive_1_hard_negative_1_seed0_hybrid_loss/ckpt/best_model_13_0.8317757009345794.pt
[2026-07-02 01:49:21] [disk_guard]     pushing to B2 ...
[b2_push] copy: /data/jehc223/RGCL/logging/Retrieval/HateMM/RAC_video/RAC_lr0.0001_Bz64_Ep30_cosSim_triplet_drop[0.2, 0.4, 0.1]_topK20__PseudoGold_positive_1_hard_negative_1_seed0_hybrid_loss/ckpt/best_model_13_0.8317757009345794.pt -> b2:junyi-data/RGCL_video/logs/Retrieval/HateMM/RAC_video/RAC_lr0.0001_Bz64_Ep30_cosSim_triplet_drop[0.2, 0.4, 0.1]_topK20__PseudoGold_positive_1_hard_negative_1_seed0_hybrid_loss/ckpt/best_model_13_0.8317757009345794.pt
Transferred:   	          0 B / 0 B, -, 0 B/s, ETA -
Elapsed time:         0.0s
[b2_push] done -> b2:junyi-data/RGCL_video/logs/Retrieval/HateMM/RAC_video/RAC_lr0.0001_Bz64_Ep30_cosSim_triplet_drop[0.2, 0.4, 0.1]_topK20__PseudoGold_positive_1_hard_negative_1_seed0_hybrid_loss/ckpt/best_model_13_0.8317757009345794.pt
[2026-07-02 01:49:25] [disk_guard] verify: file not found on B2 at exact dest: b2:junyi-data/RGCL_video/logs/Retrieval/HateMM/RAC_video/RAC_lr0.0001_Bz64_Ep30_cosSim_triplet_drop[0.2, 0.4, 0.1]_topK20__PseudoGold_positive_1_hard_negative_1_seed0_hybrid_loss/ckpt/best_model_13_0.8317757009345794.pt
[2026-07-02 01:49:25] [disk_guard]     ERROR: verify failed; local kept (safe): /data/jehc223/RGCL/logging/Retrieval/HateMM/RAC_video/RAC_lr0.0001_Bz64_Ep30_cosSim_triplet_drop[0.2, 0.4, 0.1]_topK20__PseudoGold_positive_1_hard_negative_1_seed0_hybrid_loss/ckpt/best_model_13_0.8317757009345794.pt
[2026-07-02 01:49:25] [disk_guard]   candidate: /data/jehc223/RGCL/logging/Retrieval/HateMM/RAC_video/RAC_lr0.0001_Bz64_Ep30_cosSim_triplet_drop[0.2, 0.4, 0.1]_topK20__PseudoGold_positive_1_hard_negative_1_seed0_hybrid_loss/ckpt/best_model_17_0.8317757009345794.pt
[2026-07-02 01:49:25] [disk_guard]     mtime=2026-07-02 01:11:15 size=40.03MB
[2026-07-02 01:49:25] [disk_guard]     -> b2 subpath: logs/Retrieval/HateMM/RAC_video/RAC_lr0.0001_Bz64_Ep30_cosSim_triplet_drop[0.2, 0.4, 0.1]_topK20__PseudoGold_positive_1_hard_negative_1_seed0_hybrid_loss/ckpt/best_model_17_0.8317757009345794.pt
[2026-07-02 01:49:25] [disk_guard]     pushing to B2 ...
[b2_push] copy: /data/jehc223/RGCL/logging/Retrieval/HateMM/RAC_video/RAC_lr0.0001_Bz64_Ep30_cosSim_triplet_drop[0.2, 0.4, 0.1]_topK20__PseudoGold_positive_1_hard_negative_1_seed0_hybrid_loss/ckpt/best_model_17_0.8317757009345794.pt -> b2:junyi-data/RGCL_video/logs/Retrieval/HateMM/RAC_video/RAC_lr0.0001_Bz64_Ep30_cosSim_triplet_drop[0.2, 0.4, 0.1]_topK20__PseudoGold_positive_1_hard_negative_1_seed0_hybrid_loss/ckpt/best_model_17_0.8317757009345794.pt
Transferred:   	          0 B / 0 B, -, 0 B/s, ETA -
Elapsed time:         0.0s
[b2_push] done -> b2:junyi-data/RGCL_video/logs/Retrieval/HateMM/RAC_video/RAC_lr0.0001_Bz64_Ep30_cosSim_triplet_drop[0.2, 0.4, 0.1]_topK20__PseudoGold_positive_1_hard_negative_1_seed0_hybrid_loss/ckpt/best_model_17_0.8317757009345794.pt
[2026-07-02 01:49:29] [disk_guard] verify: file not found on B2 at exact dest: b2:junyi-data/RGCL_video/logs/Retrieval/HateMM/RAC_video/RAC_lr0.0001_Bz64_Ep30_cosSim_triplet_drop[0.2, 0.4, 0.1]_topK20__PseudoGold_positive_1_hard_negative_1_seed0_hybrid_loss/ckpt/best_model_17_0.8317757009345794.pt
[2026-07-02 01:49:29] [disk_guard]     ERROR: verify failed; local kept (safe): /data/jehc223/RGCL/logging/Retrieval/HateMM/RAC_video/RAC_lr0.0001_Bz64_Ep30_cosSim_triplet_drop[0.2, 0.4, 0.1]_topK20__PseudoGold_positive_1_hard_negative_1_seed0_hybrid_loss/ckpt/best_model_17_0.8317757009345794.pt
[2026-07-02 01:49:29] [disk_guard]   candidate: /data/jehc223/RGCL/logging/Retrieval/HateMM/RAC_video/RAC_lr0.0001_Bz64_Ep30_cosSim_triplet_drop[0.2, 0.4, 0.1]_topK20__PseudoGold_positive_1_hard_negative_1_seed0_hybrid_loss/ckpt/best_model_18_0.8411214953271028.pt
[2026-07-02 01:49:29] [disk_guard]     mtime=2026-07-02 01:11:16 size=40.03MB
[2026-07-02 01:49:29] [disk_guard]     -> b2 subpath: logs/Retrieval/HateMM/RAC_video/RAC_lr0.0001_Bz64_Ep30_cosSim_triplet_drop[0.2, 0.4, 0.1]_topK20__PseudoGold_positive_1_hard_negative_1_seed0_hybrid_loss/ckpt/best_model_18_0.8411214953271028.pt
[2026-07-02 01:49:29] [disk_guard]     pushing to B2 ...
[b2_push] copy: /data/jehc223/RGCL/logging/Retrieval/HateMM/RAC_video/RAC_lr0.0001_Bz64_Ep30_cosSim_triplet_drop[0.2, 0.4, 0.1]_topK20__PseudoGold_positive_1_hard_negative_1_seed0_hybrid_loss/ckpt/best_model_18_0.8411214953271028.pt -> b2:junyi-data/RGCL_video/logs/Retrieval/HateMM/RAC_video/RAC_lr0.0001_Bz64_Ep30_cosSim_triplet_drop[0.2, 0.4, 0.1]_topK20__PseudoGold_positive_1_hard_negative_1_seed0_hybrid_loss/ckpt/best_model_18_0.8411214953271028.pt
Transferred:   	          0 B / 0 B, -, 0 B/s, ETA -
Elapsed time:         0.0s
[b2_push] done -> b2:junyi-data/RGCL_video/logs/Retrieval/HateMM/RAC_video/RAC_lr0.0001_Bz64_Ep30_cosSim_triplet_drop[0.2, 0.4, 0.1]_topK20__PseudoGold_positive_1_hard_negative_1_seed0_hybrid_loss/ckpt/best_model_18_0.8411214953271028.pt
[2026-07-02 01:49:33] [disk_guard] verify: file not found on B2 at exact dest: b2:junyi-data/RGCL_video/logs/Retrieval/HateMM/RAC_video/RAC_lr0.0001_Bz64_Ep30_cosSim_triplet_drop[0.2, 0.4, 0.1]_topK20__PseudoGold_positive_1_hard_negative_1_seed0_hybrid_loss/ckpt/best_model_18_0.8411214953271028.pt
[2026-07-02 01:49:33] [disk_guard]     ERROR: verify failed; local kept (safe): /data/jehc223/RGCL/logging/Retrieval/HateMM/RAC_video/RAC_lr0.0001_Bz64_Ep30_cosSim_triplet_drop[0.2, 0.4, 0.1]_topK20__PseudoGold_positive_1_hard_negative_1_seed0_hybrid_loss/ckpt/best_model_18_0.8411214953271028.pt
[2026-07-02 01:49:33] [disk_guard]   candidate: /data/jehc223/RGCL/logging/Retrieval/MHC/RAC_video/RAC_lr0.0001_Bz64_Ep30_cosSim_triplet_drop[0.2, 0.4, 0.1]_topK20__PseudoGold_positive_1_hard_negative_1_seed0_hybrid_loss/ckpt/best_model_28_0.8.pt
[2026-07-02 01:49:33] [disk_guard]     mtime=2026-07-02 01:11:18 size=40.03MB
[2026-07-02 01:49:33] [disk_guard]     -> b2 subpath: logs/Retrieval/MHC/RAC_video/RAC_lr0.0001_Bz64_Ep30_cosSim_triplet_drop[0.2, 0.4, 0.1]_topK20__PseudoGold_positive_1_hard_negative_1_seed0_hybrid_loss/ckpt/best_model_28_0.8.pt
[2026-07-02 01:49:33] [disk_guard]     pushing to B2 ...
[b2_push] copy: /data/jehc223/RGCL/logging/Retrieval/MHC/RAC_video/RAC_lr0.0001_Bz64_Ep30_cosSim_triplet_drop[0.2, 0.4, 0.1]_topK20__PseudoGold_positive_1_hard_negative_1_seed0_hybrid_loss/ckpt/best_model_28_0.8.pt -> b2:junyi-data/RGCL_video/logs/Retrieval/MHC/RAC_video/RAC_lr0.0001_Bz64_Ep30_cosSim_triplet_drop[0.2, 0.4, 0.1]_topK20__PseudoGold_positive_1_hard_negative_1_seed0_hybrid_loss/ckpt/best_model_28_0.8.pt
Transferred:   	          0 B / 0 B, -, 0 B/s, ETA -
Elapsed time:         0.0s
[b2_push] done -> b2:junyi-data/RGCL_video/logs/Retrieval/MHC/RAC_video/RAC_lr0.0001_Bz64_Ep30_cosSim_triplet_drop[0.2, 0.4, 0.1]_topK20__PseudoGold_positive_1_hard_negative_1_seed0_hybrid_loss/ckpt/best_model_28_0.8.pt
[2026-07-02 01:49:37] [disk_guard] verify: file not found on B2 at exact dest: b2:junyi-data/RGCL_video/logs/Retrieval/MHC/RAC_video/RAC_lr0.0001_Bz64_Ep30_cosSim_triplet_drop[0.2, 0.4, 0.1]_topK20__PseudoGold_positive_1_hard_negative_1_seed0_hybrid_loss/ckpt/best_model_28_0.8.pt
[2026-07-02 01:49:37] [disk_guard]     ERROR: verify failed; local kept (safe): /data/jehc223/RGCL/logging/Retrieval/MHC/RAC_video/RAC_lr0.0001_Bz64_Ep30_cosSim_triplet_drop[0.2, 0.4, 0.1]_topK20__PseudoGold_positive_1_hard_negative_1_seed0_hybrid_loss/ckpt/best_model_28_0.8.pt
[2026-07-02 01:49:37] [disk_guard]   candidate: /data/jehc223/RGCL/logging/Retrieval/MHC/RAC_video/RAC_lr0.0001_Bz64_Ep30_cosSim_triplet_drop[0.2, 0.4, 0.1]_topK20__PseudoGold_positive_1_hard_negative_1_seed0_hybrid_loss/ckpt/last_model_29_0.7625.pt
[2026-07-02 01:49:37] [disk_guard]     mtime=2026-07-02 01:11:19 size=40.03MB
[2026-07-02 01:49:37] [disk_guard]     -> b2 subpath: logs/Retrieval/MHC/RAC_video/RAC_lr0.0001_Bz64_Ep30_cosSim_triplet_drop[0.2, 0.4, 0.1]_topK20__PseudoGold_positive_1_hard_negative_1_seed0_hybrid_loss/ckpt/last_model_29_0.7625.pt
[2026-07-02 01:49:37] [disk_guard]     pushing to B2 ...
[b2_push] copy: /data/jehc223/RGCL/logging/Retrieval/MHC/RAC_video/RAC_lr0.0001_Bz64_Ep30_cosSim_triplet_drop[0.2, 0.4, 0.1]_topK20__PseudoGold_positive_1_hard_negative_1_seed0_hybrid_loss/ckpt/last_model_29_0.7625.pt -> b2:junyi-data/RGCL_video/logs/Retrieval/MHC/RAC_video/RAC_lr0.0001_Bz64_Ep30_cosSim_triplet_drop[0.2, 0.4, 0.1]_topK20__PseudoGold_positive_1_hard_negative_1_seed0_hybrid_loss/ckpt/last_model_29_0.7625.pt
Transferred:   	          0 B / 0 B, -, 0 B/s, ETA -
Elapsed time:         0.0s
[b2_push] done -> b2:junyi-data/RGCL_video/logs/Retrieval/MHC/RAC_video/RAC_lr0.0001_Bz64_Ep30_cosSim_triplet_drop[0.2, 0.4, 0.1]_topK20__PseudoGold_positive_1_hard_negative_1_seed0_hybrid_loss/ckpt/last_model_29_0.7625.pt
[2026-07-02 01:49:40] [disk_guard] verify: file not found on B2 at exact dest: b2:junyi-data/RGCL_video/logs/Retrieval/MHC/RAC_video/RAC_lr0.0001_Bz64_Ep30_cosSim_triplet_drop[0.2, 0.4, 0.1]_topK20__PseudoGold_positive_1_hard_negative_1_seed0_hybrid_loss/ckpt/last_model_29_0.7625.pt
[2026-07-02 01:49:40] [disk_guard]     ERROR: verify failed; local kept (safe): /data/jehc223/RGCL/logging/Retrieval/MHC/RAC_video/RAC_lr0.0001_Bz64_Ep30_cosSim_triplet_drop[0.2, 0.4, 0.1]_topK20__PseudoGold_positive_1_hard_negative_1_seed0_hybrid_loss/ckpt/last_model_29_0.7625.pt
[2026-07-02 01:49:40] [disk_guard]   candidate: /data/jehc223/RGCL/logging/Retrieval/HateMM/RAC_video/RAC_lr0.0001_Bz64_Ep30_cosSim_triplet_drop[0.2, 0.4, 0.1]_topK20__PseudoGold_positive_1_hard_negative_1_seed0_hybrid_loss/ckpt/best_model_28_0.8598130841121495.pt
[2026-07-02 01:49:40] [disk_guard]     mtime=2026-07-02 01:11:25 size=40.03MB
[2026-07-02 01:49:40] [disk_guard]     -> b2 subpath: logs/Retrieval/HateMM/RAC_video/RAC_lr0.0001_Bz64_Ep30_cosSim_triplet_drop[0.2, 0.4, 0.1]_topK20__PseudoGold_positive_1_hard_negative_1_seed0_hybrid_loss/ckpt/best_model_28_0.8598130841121495.pt
[2026-07-02 01:49:40] [disk_guard]     pushing to B2 ...
[b2_push] copy: /data/jehc223/RGCL/logging/Retrieval/HateMM/RAC_video/RAC_lr0.0001_Bz64_Ep30_cosSim_triplet_drop[0.2, 0.4, 0.1]_topK20__PseudoGold_positive_1_hard_negative_1_seed0_hybrid_loss/ckpt/best_model_28_0.8598130841121495.pt -> b2:junyi-data/RGCL_video/logs/Retrieval/HateMM/RAC_video/RAC_lr0.0001_Bz64_Ep30_cosSim_triplet_drop[0.2, 0.4, 0.1]_topK20__PseudoGold_positive_1_hard_negative_1_seed0_hybrid_loss/ckpt/best_model_28_0.8598130841121495.pt
Transferred:   	          0 B / 0 B, -, 0 B/s, ETA -
Elapsed time:         0.0s
[b2_push] done -> b2:junyi-data/RGCL_video/logs/Retrieval/HateMM/RAC_video/RAC_lr0.0001_Bz64_Ep30_cosSim_triplet_drop[0.2, 0.4, 0.1]_topK20__PseudoGold_positive_1_hard_negative_1_seed0_hybrid_loss/ckpt/best_model_28_0.8598130841121495.pt
[2026-07-02 01:49:44] [disk_guard] verify: file not found on B2 at exact dest: b2:junyi-data/RGCL_video/logs/Retrieval/HateMM/RAC_video/RAC_lr0.0001_Bz64_Ep30_cosSim_triplet_drop[0.2, 0.4, 0.1]_topK20__PseudoGold_positive_1_hard_negative_1_seed0_hybrid_loss/ckpt/best_model_28_0.8598130841121495.pt
[2026-07-02 01:49:44] [disk_guard]     ERROR: verify failed; local kept (safe): /data/jehc223/RGCL/logging/Retrieval/HateMM/RAC_video/RAC_lr0.0001_Bz64_Ep30_cosSim_triplet_drop[0.2, 0.4, 0.1]_topK20__PseudoGold_positive_1_hard_negative_1_seed0_hybrid_loss/ckpt/best_model_28_0.8598130841121495.pt
[2026-07-02 01:49:44] [disk_guard]   candidate: /data/jehc223/RGCL/logging/Retrieval/HateMM/RAC_video/RAC_lr0.0001_Bz64_Ep30_cosSim_triplet_drop[0.2, 0.4, 0.1]_topK20__PseudoGold_positive_1_hard_negative_1_seed0_hybrid_loss/ckpt/last_model_29_0.8504672897196262.pt
[2026-07-02 01:49:44] [disk_guard]     mtime=2026-07-02 01:11:26 size=40.03MB
[2026-07-02 01:49:44] [disk_guard]     -> b2 subpath: logs/Retrieval/HateMM/RAC_video/RAC_lr0.0001_Bz64_Ep30_cosSim_triplet_drop[0.2, 0.4, 0.1]_topK20__PseudoGold_positive_1_hard_negative_1_seed0_hybrid_loss/ckpt/last_model_29_0.8504672897196262.pt
[2026-07-02 01:49:44] [disk_guard]     pushing to B2 ...
[b2_push] copy: /data/jehc223/RGCL/logging/Retrieval/HateMM/RAC_video/RAC_lr0.0001_Bz64_Ep30_cosSim_triplet_drop[0.2, 0.4, 0.1]_topK20__PseudoGold_positive_1_hard_negative_1_seed0_hybrid_loss/ckpt/last_model_29_0.8504672897196262.pt -> b2:junyi-data/RGCL_video/logs/Retrieval/HateMM/RAC_video/RAC_lr0.0001_Bz64_Ep30_cosSim_triplet_drop[0.2, 0.4, 0.1]_topK20__PseudoGold_positive_1_hard_negative_1_seed0_hybrid_loss/ckpt/last_model_29_0.8504672897196262.pt
Transferred:   	          0 B / 0 B, -, 0 B/s, ETA -
Elapsed time:         0.0s
[b2_push] done -> b2:junyi-data/RGCL_video/logs/Retrieval/HateMM/RAC_video/RAC_lr0.0001_Bz64_Ep30_cosSim_triplet_drop[0.2, 0.4, 0.1]_topK20__PseudoGold_positive_1_hard_negative_1_seed0_hybrid_loss/ckpt/last_model_29_0.8504672897196262.pt
[2026-07-02 01:49:48] [disk_guard] verify: file not found on B2 at exact dest: b2:junyi-data/RGCL_video/logs/Retrieval/HateMM/RAC_video/RAC_lr0.0001_Bz64_Ep30_cosSim_triplet_drop[0.2, 0.4, 0.1]_topK20__PseudoGold_positive_1_hard_negative_1_seed0_hybrid_loss/ckpt/last_model_29_0.8504672897196262.pt
[2026-07-02 01:49:48] [disk_guard]     ERROR: verify failed; local kept (safe): /data/jehc223/RGCL/logging/Retrieval/HateMM/RAC_video/RAC_lr0.0001_Bz64_Ep30_cosSim_triplet_drop[0.2, 0.4, 0.1]_topK20__PseudoGold_positive_1_hard_negative_1_seed0_hybrid_loss/ckpt/last_model_29_0.8504672897196262.pt
[2026-07-02 01:49:48] [disk_guard]   candidate: /data/jehc223/RGCL/logging/Retrieval/MHC/RAC_video/RAC_lr0.0001_Bz64_Ep30_cosSim_triplet_drop[0.2, 0.4, 0.1]_topK20__PseudoGold_positive_1_hard_negative_1_seed0_hybrid_loss/ckpt/best_model_0_0.725.pt
[2026-07-02 01:49:48] [disk_guard]     mtime=2026-07-02 01:12:40 size=19.03MB
[2026-07-02 01:49:48] [disk_guard]     -> b2 subpath: logs/Retrieval/MHC/RAC_video/RAC_lr0.0001_Bz64_Ep30_cosSim_triplet_drop[0.2, 0.4, 0.1]_topK20__PseudoGold_positive_1_hard_negative_1_seed0_hybrid_loss/ckpt/best_model_0_0.725.pt
[2026-07-02 01:49:48] [disk_guard]     pushing to B2 ...
[b2_push] copy: /data/jehc223/RGCL/logging/Retrieval/MHC/RAC_video/RAC_lr0.0001_Bz64_Ep30_cosSim_triplet_drop[0.2, 0.4, 0.1]_topK20__PseudoGold_positive_1_hard_negative_1_seed0_hybrid_loss/ckpt/best_model_0_0.725.pt -> b2:junyi-data/RGCL_video/logs/Retrieval/MHC/RAC_video/RAC_lr0.0001_Bz64_Ep30_cosSim_triplet_drop[0.2, 0.4, 0.1]_topK20__PseudoGold_positive_1_hard_negative_1_seed0_hybrid_loss/ckpt/best_model_0_0.725.pt
Transferred:   	          0 B / 0 B, -, 0 B/s, ETA -
Elapsed time:         0.0s
[b2_push] done -> b2:junyi-data/RGCL_video/logs/Retrieval/MHC/RAC_video/RAC_lr0.0001_Bz64_Ep30_cosSim_triplet_drop[0.2, 0.4, 0.1]_topK20__PseudoGold_positive_1_hard_negative_1_seed0_hybrid_loss/ckpt/best_model_0_0.725.pt
[2026-07-02 01:49:52] [disk_guard] verify: file not found on B2 at exact dest: b2:junyi-data/RGCL_video/logs/Retrieval/MHC/RAC_video/RAC_lr0.0001_Bz64_Ep30_cosSim_triplet_drop[0.2, 0.4, 0.1]_topK20__PseudoGold_positive_1_hard_negative_1_seed0_hybrid_loss/ckpt/best_model_0_0.725.pt
[2026-07-02 01:49:52] [disk_guard]     ERROR: verify failed; local kept (safe): /data/jehc223/RGCL/logging/Retrieval/MHC/RAC_video/RAC_lr0.0001_Bz64_Ep30_cosSim_triplet_drop[0.2, 0.4, 0.1]_topK20__PseudoGold_positive_1_hard_negative_1_seed0_hybrid_loss/ckpt/best_model_0_0.725.pt
[2026-07-02 01:49:52] [disk_guard]   candidate: /data/jehc223/RGCL/logging/Retrieval/HateMM/RAC_video/RAC_lr0.0001_Bz64_Ep30_cosSim_triplet_drop[0.2, 0.4, 0.1]_topK20__PseudoGold_positive_1_hard_negative_1_seed0_hybrid_loss/ckpt/best_model_0_0.7476635514018691.pt
[2026-07-02 01:49:52] [disk_guard]     mtime=2026-07-02 01:12:40 size=19.03MB
[2026-07-02 01:49:52] [disk_guard]     -> b2 subpath: logs/Retrieval/HateMM/RAC_video/RAC_lr0.0001_Bz64_Ep30_cosSim_triplet_drop[0.2, 0.4, 0.1]_topK20__PseudoGold_positive_1_hard_negative_1_seed0_hybrid_loss/ckpt/best_model_0_0.7476635514018691.pt
[2026-07-02 01:49:52] [disk_guard]     pushing to B2 ...
[b2_push] copy: /data/jehc223/RGCL/logging/Retrieval/HateMM/RAC_video/RAC_lr0.0001_Bz64_Ep30_cosSim_triplet_drop[0.2, 0.4, 0.1]_topK20__PseudoGold_positive_1_hard_negative_1_seed0_hybrid_loss/ckpt/best_model_0_0.7476635514018691.pt -> b2:junyi-data/RGCL_video/logs/Retrieval/HateMM/RAC_video/RAC_lr0.0001_Bz64_Ep30_cosSim_triplet_drop[0.2, 0.4, 0.1]_topK20__PseudoGold_positive_1_hard_negative_1_seed0_hybrid_loss/ckpt/best_model_0_0.7476635514018691.pt
Transferred:   	          0 B / 0 B, -, 0 B/s, ETA -
Elapsed time:         0.0s
[b2_push] done -> b2:junyi-data/RGCL_video/logs/Retrieval/HateMM/RAC_video/RAC_lr0.0001_Bz64_Ep30_cosSim_triplet_drop[0.2, 0.4, 0.1]_topK20__PseudoGold_positive_1_hard_negative_1_seed0_hybrid_loss/ckpt/best_model_0_0.7476635514018691.pt
[2026-07-02 01:49:55] [disk_guard] verify: file not found on B2 at exact dest: b2:junyi-data/RGCL_video/logs/Retrieval/HateMM/RAC_video/RAC_lr0.0001_Bz64_Ep30_cosSim_triplet_drop[0.2, 0.4, 0.1]_topK20__PseudoGold_positive_1_hard_negative_1_seed0_hybrid_loss/ckpt/best_model_0_0.7476635514018691.pt
[2026-07-02 01:49:55] [disk_guard]     ERROR: verify failed; local kept (safe): /data/jehc223/RGCL/logging/Retrieval/HateMM/RAC_video/RAC_lr0.0001_Bz64_Ep30_cosSim_triplet_drop[0.2, 0.4, 0.1]_topK20__PseudoGold_positive_1_hard_negative_1_seed0_hybrid_loss/ckpt/best_model_0_0.7476635514018691.pt
[2026-07-02 01:49:55] [disk_guard]   candidate: /data/jehc223/RGCL/logging/Retrieval/HateMM/RAC_video/RAC_lr0.0001_Bz64_Ep30_cosSim_triplet_drop[0.2, 0.4, 0.1]_topK20__PseudoGold_positive_1_hard_negative_1_seed0_hybrid_loss/ckpt/best_model_1_0.7757009345794392.pt
[2026-07-02 01:49:55] [disk_guard]     mtime=2026-07-02 01:12:41 size=19.03MB
[2026-07-02 01:49:56] [disk_guard]     -> b2 subpath: logs/Retrieval/HateMM/RAC_video/RAC_lr0.0001_Bz64_Ep30_cosSim_triplet_drop[0.2, 0.4, 0.1]_topK20__PseudoGold_positive_1_hard_negative_1_seed0_hybrid_loss/ckpt/best_model_1_0.7757009345794392.pt
[2026-07-02 01:49:56] [disk_guard]     pushing to B2 ...
[b2_push] copy: /data/jehc223/RGCL/logging/Retrieval/HateMM/RAC_video/RAC_lr0.0001_Bz64_Ep30_cosSim_triplet_drop[0.2, 0.4, 0.1]_topK20__PseudoGold_positive_1_hard_negative_1_seed0_hybrid_loss/ckpt/best_model_1_0.7757009345794392.pt -> b2:junyi-data/RGCL_video/logs/Retrieval/HateMM/RAC_video/RAC_lr0.0001_Bz64_Ep30_cosSim_triplet_drop[0.2, 0.4, 0.1]_topK20__PseudoGold_positive_1_hard_negative_1_seed0_hybrid_loss/ckpt/best_model_1_0.7757009345794392.pt
Transferred:   	          0 B / 0 B, -, 0 B/s, ETA -
Elapsed time:         0.0s
[b2_push] done -> b2:junyi-data/RGCL_video/logs/Retrieval/HateMM/RAC_video/RAC_lr0.0001_Bz64_Ep30_cosSim_triplet_drop[0.2, 0.4, 0.1]_topK20__PseudoGold_positive_1_hard_negative_1_seed0_hybrid_loss/ckpt/best_model_1_0.7757009345794392.pt
[2026-07-02 01:49:59] [disk_guard] verify: file not found on B2 at exact dest: b2:junyi-data/RGCL_video/logs/Retrieval/HateMM/RAC_video/RAC_lr0.0001_Bz64_Ep30_cosSim_triplet_drop[0.2, 0.4, 0.1]_topK20__PseudoGold_positive_1_hard_negative_1_seed0_hybrid_loss/ckpt/best_model_1_0.7757009345794392.pt
[2026-07-02 01:49:59] [disk_guard]     ERROR: verify failed; local kept (safe): /data/jehc223/RGCL/logging/Retrieval/HateMM/RAC_video/RAC_lr0.0001_Bz64_Ep30_cosSim_triplet_drop[0.2, 0.4, 0.1]_topK20__PseudoGold_positive_1_hard_negative_1_seed0_hybrid_loss/ckpt/best_model_1_0.7757009345794392.pt
[2026-07-02 01:49:59] [disk_guard]   candidate: /data/jehc223/RGCL/logging/Retrieval/HateMM/RAC_video/RAC_lr0.0001_Bz64_Ep30_cosSim_triplet_drop[0.2, 0.4, 0.1]_topK20__PseudoGold_positive_1_hard_negative_1_seed0_hybrid_loss/ckpt/best_model_3_0.794392523364486.pt
[2026-07-02 01:49:59] [disk_guard]     mtime=2026-07-02 01:12:42 size=19.03MB
[2026-07-02 01:49:59] [disk_guard]     -> b2 subpath: logs/Retrieval/HateMM/RAC_video/RAC_lr0.0001_Bz64_Ep30_cosSim_triplet_drop[0.2, 0.4, 0.1]_topK20__PseudoGold_positive_1_hard_negative_1_seed0_hybrid_loss/ckpt/best_model_3_0.794392523364486.pt
[2026-07-02 01:49:59] [disk_guard]     pushing to B2 ...
[b2_push] copy: /data/jehc223/RGCL/logging/Retrieval/HateMM/RAC_video/RAC_lr0.0001_Bz64_Ep30_cosSim_triplet_drop[0.2, 0.4, 0.1]_topK20__PseudoGold_positive_1_hard_negative_1_seed0_hybrid_loss/ckpt/best_model_3_0.794392523364486.pt -> b2:junyi-data/RGCL_video/logs/Retrieval/HateMM/RAC_video/RAC_lr0.0001_Bz64_Ep30_cosSim_triplet_drop[0.2, 0.4, 0.1]_topK20__PseudoGold_positive_1_hard_negative_1_seed0_hybrid_loss/ckpt/best_model_3_0.794392523364486.pt
Transferred:   	          0 B / 0 B, -, 0 B/s, ETA -
Elapsed time:         0.0s
[b2_push] done -> b2:junyi-data/RGCL_video/logs/Retrieval/HateMM/RAC_video/RAC_lr0.0001_Bz64_Ep30_cosSim_triplet_drop[0.2, 0.4, 0.1]_topK20__PseudoGold_positive_1_hard_negative_1_seed0_hybrid_loss/ckpt/best_model_3_0.794392523364486.pt
[2026-07-02 01:50:03] [disk_guard] verify: file not found on B2 at exact dest: b2:junyi-data/RGCL_video/logs/Retrieval/HateMM/RAC_video/RAC_lr0.0001_Bz64_Ep30_cosSim_triplet_drop[0.2, 0.4, 0.1]_topK20__PseudoGold_positive_1_hard_negative_1_seed0_hybrid_loss/ckpt/best_model_3_0.794392523364486.pt
[2026-07-02 01:50:03] [disk_guard]     ERROR: verify failed; local kept (safe): /data/jehc223/RGCL/logging/Retrieval/HateMM/RAC_video/RAC_lr0.0001_Bz64_Ep30_cosSim_triplet_drop[0.2, 0.4, 0.1]_topK20__PseudoGold_positive_1_hard_negative_1_seed0_hybrid_loss/ckpt/best_model_3_0.794392523364486.pt
[2026-07-02 01:50:03] [disk_guard]   candidate: /data/jehc223/RGCL/logging/Retrieval/HateMM/RAC_video/RAC_lr0.0001_Bz64_Ep30_cosSim_triplet_drop[0.2, 0.4, 0.1]_topK20__PseudoGold_positive_1_hard_negative_1_seed0_hybrid_loss/ckpt/best_model_4_0.8037383177570093.pt
[2026-07-02 01:50:03] [disk_guard]     mtime=2026-07-02 01:12:43 size=19.03MB
[2026-07-02 01:50:03] [disk_guard]     -> b2 subpath: logs/Retrieval/HateMM/RAC_video/RAC_lr0.0001_Bz64_Ep30_cosSim_triplet_drop[0.2, 0.4, 0.1]_topK20__PseudoGold_positive_1_hard_negative_1_seed0_hybrid_loss/ckpt/best_model_4_0.8037383177570093.pt
[2026-07-02 01:50:03] [disk_guard]     pushing to B2 ...
[b2_push] copy: /data/jehc223/RGCL/logging/Retrieval/HateMM/RAC_video/RAC_lr0.0001_Bz64_Ep30_cosSim_triplet_drop[0.2, 0.4, 0.1]_topK20__PseudoGold_positive_1_hard_negative_1_seed0_hybrid_loss/ckpt/best_model_4_0.8037383177570093.pt -> b2:junyi-data/RGCL_video/logs/Retrieval/HateMM/RAC_video/RAC_lr0.0001_Bz64_Ep30_cosSim_triplet_drop[0.2, 0.4, 0.1]_topK20__PseudoGold_positive_1_hard_negative_1_seed0_hybrid_loss/ckpt/best_model_4_0.8037383177570093.pt
Transferred:   	          0 B / 0 B, -, 0 B/s, ETA -
Elapsed time:         0.0s
[b2_push] done -> b2:junyi-data/RGCL_video/logs/Retrieval/HateMM/RAC_video/RAC_lr0.0001_Bz64_Ep30_cosSim_triplet_drop[0.2, 0.4, 0.1]_topK20__PseudoGold_positive_1_hard_negative_1_seed0_hybrid_loss/ckpt/best_model_4_0.8037383177570093.pt
[2026-07-02 01:50:07] [disk_guard] verify: file not found on B2 at exact dest: b2:junyi-data/RGCL_video/logs/Retrieval/HateMM/RAC_video/RAC_lr0.0001_Bz64_Ep30_cosSim_triplet_drop[0.2, 0.4, 0.1]_topK20__PseudoGold_positive_1_hard_negative_1_seed0_hybrid_loss/ckpt/best_model_4_0.8037383177570093.pt
[2026-07-02 01:50:07] [disk_guard]     ERROR: verify failed; local kept (safe): /data/jehc223/RGCL/logging/Retrieval/HateMM/RAC_video/RAC_lr0.0001_Bz64_Ep30_cosSim_triplet_drop[0.2, 0.4, 0.1]_topK20__PseudoGold_positive_1_hard_negative_1_seed0_hybrid_loss/ckpt/best_model_4_0.8037383177570093.pt
[2026-07-02 01:50:07] [disk_guard]   candidate: /data/jehc223/RGCL/logging/Retrieval/MHC/RAC_video/RAC_lr0.0001_Bz64_Ep30_cosSim_triplet_drop[0.2, 0.4, 0.1]_topK20__PseudoGold_positive_1_hard_negative_1_seed0_hybrid_loss/ckpt/best_model_8_0.75.pt
[2026-07-02 01:50:07] [disk_guard]     mtime=2026-07-02 01:12:45 size=19.03MB
[2026-07-02 01:50:07] [disk_guard]     -> b2 subpath: logs/Retrieval/MHC/RAC_video/RAC_lr0.0001_Bz64_Ep30_cosSim_triplet_drop[0.2, 0.4, 0.1]_topK20__PseudoGold_positive_1_hard_negative_1_seed0_hybrid_loss/ckpt/best_model_8_0.75.pt
[2026-07-02 01:50:07] [disk_guard]     pushing to B2 ...
[b2_push] copy: /data/jehc223/RGCL/logging/Retrieval/MHC/RAC_video/RAC_lr0.0001_Bz64_Ep30_cosSim_triplet_drop[0.2, 0.4, 0.1]_topK20__PseudoGold_positive_1_hard_negative_1_seed0_hybrid_loss/ckpt/best_model_8_0.75.pt -> b2:junyi-data/RGCL_video/logs/Retrieval/MHC/RAC_video/RAC_lr0.0001_Bz64_Ep30_cosSim_triplet_drop[0.2, 0.4, 0.1]_topK20__PseudoGold_positive_1_hard_negative_1_seed0_hybrid_loss/ckpt/best_model_8_0.75.pt
Transferred:   	          0 B / 0 B, -, 0 B/s, ETA -
Elapsed time:         0.0s
[b2_push] done -> b2:junyi-data/RGCL_video/logs/Retrieval/MHC/RAC_video/RAC_lr0.0001_Bz64_Ep30_cosSim_triplet_drop[0.2, 0.4, 0.1]_topK20__PseudoGold_positive_1_hard_negative_1_seed0_hybrid_loss/ckpt/best_model_8_0.75.pt
[2026-07-02 01:50:10] [disk_guard] verify: file not found on B2 at exact dest: b2:junyi-data/RGCL_video/logs/Retrieval/MHC/RAC_video/RAC_lr0.0001_Bz64_Ep30_cosSim_triplet_drop[0.2, 0.4, 0.1]_topK20__PseudoGold_positive_1_hard_negative_1_seed0_hybrid_loss/ckpt/best_model_8_0.75.pt
[2026-07-02 01:50:10] [disk_guard]     ERROR: verify failed; local kept (safe): /data/jehc223/RGCL/logging/Retrieval/MHC/RAC_video/RAC_lr0.0001_Bz64_Ep30_cosSim_triplet_drop[0.2, 0.4, 0.1]_topK20__PseudoGold_positive_1_hard_negative_1_seed0_hybrid_loss/ckpt/best_model_8_0.75.pt
[2026-07-02 01:50:11] [disk_guard]   candidate: /data/jehc223/RGCL/logging/Retrieval/HateMM/RAC_video/RAC_lr0.0001_Bz64_Ep30_cosSim_triplet_drop[0.2, 0.4, 0.1]_topK20__PseudoGold_positive_1_hard_negative_1_seed0_hybrid_loss/ckpt/best_model_9_0.8130841121495327.pt
[2026-07-02 01:50:11] [disk_guard]     mtime=2026-07-02 01:12:47 size=19.03MB
[2026-07-02 01:50:11] [disk_guard]     -> b2 subpath: logs/Retrieval/HateMM/RAC_video/RAC_lr0.0001_Bz64_Ep30_cosSim_triplet_drop[0.2, 0.4, 0.1]_topK20__PseudoGold_positive_1_hard_negative_1_seed0_hybrid_loss/ckpt/best_model_9_0.8130841121495327.pt
[2026-07-02 01:50:11] [disk_guard]     pushing to B2 ...
[b2_push] copy: /data/jehc223/RGCL/logging/Retrieval/HateMM/RAC_video/RAC_lr0.0001_Bz64_Ep30_cosSim_triplet_drop[0.2, 0.4, 0.1]_topK20__PseudoGold_positive_1_hard_negative_1_seed0_hybrid_loss/ckpt/best_model_9_0.8130841121495327.pt -> b2:junyi-data/RGCL_video/logs/Retrieval/HateMM/RAC_video/RAC_lr0.0001_Bz64_Ep30_cosSim_triplet_drop[0.2, 0.4, 0.1]_topK20__PseudoGold_positive_1_hard_negative_1_seed0_hybrid_loss/ckpt/best_model_9_0.8130841121495327.pt
Transferred:   	          0 B / 0 B, -, 0 B/s, ETA -
Elapsed time:         0.0s
[b2_push] done -> b2:junyi-data/RGCL_video/logs/Retrieval/HateMM/RAC_video/RAC_lr0.0001_Bz64_Ep30_cosSim_triplet_drop[0.2, 0.4, 0.1]_topK20__PseudoGold_positive_1_hard_negative_1_seed0_hybrid_loss/ckpt/best_model_9_0.8130841121495327.pt
[2026-07-02 01:50:14] [disk_guard] verify: file not found on B2 at exact dest: b2:junyi-data/RGCL_video/logs/Retrieval/HateMM/RAC_video/RAC_lr0.0001_Bz64_Ep30_cosSim_triplet_drop[0.2, 0.4, 0.1]_topK20__PseudoGold_positive_1_hard_negative_1_seed0_hybrid_loss/ckpt/best_model_9_0.8130841121495327.pt
[2026-07-02 01:50:14] [disk_guard]     ERROR: verify failed; local kept (safe): /data/jehc223/RGCL/logging/Retrieval/HateMM/RAC_video/RAC_lr0.0001_Bz64_Ep30_cosSim_triplet_drop[0.2, 0.4, 0.1]_topK20__PseudoGold_positive_1_hard_negative_1_seed0_hybrid_loss/ckpt/best_model_9_0.8130841121495327.pt
[2026-07-02 01:50:14] [disk_guard]   candidate: /data/jehc223/RGCL/logging/Retrieval/MHC/RAC_video/RAC_lr0.0001_Bz64_Ep30_cosSim_triplet_drop[0.2, 0.4, 0.1]_topK20__PseudoGold_positive_1_hard_negative_1_seed0_hybrid_loss/ckpt/best_model_18_0.75.pt
[2026-07-02 01:50:14] [disk_guard]     mtime=2026-07-02 01:12:51 size=19.03MB
[2026-07-02 01:50:14] [disk_guard]     -> b2 subpath: logs/Retrieval/MHC/RAC_video/RAC_lr0.0001_Bz64_Ep30_cosSim_triplet_drop[0.2, 0.4, 0.1]_topK20__PseudoGold_positive_1_hard_negative_1_seed0_hybrid_loss/ckpt/best_model_18_0.75.pt
[2026-07-02 01:50:14] [disk_guard]     pushing to B2 ...
[b2_push] copy: /data/jehc223/RGCL/logging/Retrieval/MHC/RAC_video/RAC_lr0.0001_Bz64_Ep30_cosSim_triplet_drop[0.2, 0.4, 0.1]_topK20__PseudoGold_positive_1_hard_negative_1_seed0_hybrid_loss/ckpt/best_model_18_0.75.pt -> b2:junyi-data/RGCL_video/logs/Retrieval/MHC/RAC_video/RAC_lr0.0001_Bz64_Ep30_cosSim_triplet_drop[0.2, 0.4, 0.1]_topK20__PseudoGold_positive_1_hard_negative_1_seed0_hybrid_loss/ckpt/best_model_18_0.75.pt
Transferred:   	          0 B / 0 B, -, 0 B/s, ETA -
Elapsed time:         0.0s
[b2_push] done -> b2:junyi-data/RGCL_video/logs/Retrieval/MHC/RAC_video/RAC_lr0.0001_Bz64_Ep30_cosSim_triplet_drop[0.2, 0.4, 0.1]_topK20__PseudoGold_positive_1_hard_negative_1_seed0_hybrid_loss/ckpt/best_model_18_0.75.pt
[2026-07-02 01:50:18] [disk_guard] verify: file not found on B2 at exact dest: b2:junyi-data/RGCL_video/logs/Retrieval/MHC/RAC_video/RAC_lr0.0001_Bz64_Ep30_cosSim_triplet_drop[0.2, 0.4, 0.1]_topK20__PseudoGold_positive_1_hard_negative_1_seed0_hybrid_loss/ckpt/best_model_18_0.75.pt
[2026-07-02 01:50:18] [disk_guard]     ERROR: verify failed; local kept (safe): /data/jehc223/RGCL/logging/Retrieval/MHC/RAC_video/RAC_lr0.0001_Bz64_Ep30_cosSim_triplet_drop[0.2, 0.4, 0.1]_topK20__PseudoGold_positive_1_hard_negative_1_seed0_hybrid_loss/ckpt/best_model_18_0.75.pt
[2026-07-02 01:50:18] [disk_guard]   candidate: /data/jehc223/RGCL/logging/Retrieval/MHC/RAC_video/RAC_lr0.0001_Bz64_Ep30_cosSim_triplet_drop[0.2, 0.4, 0.1]_topK20__PseudoGold_positive_1_hard_negative_1_seed0_hybrid_loss/ckpt/best_model_19_0.75.pt
[2026-07-02 01:50:18] [disk_guard]     mtime=2026-07-02 01:12:52 size=19.03MB
[2026-07-02 01:50:18] [disk_guard]     -> b2 subpath: logs/Retrieval/MHC/RAC_video/RAC_lr0.0001_Bz64_Ep30_cosSim_triplet_drop[0.2, 0.4, 0.1]_topK20__PseudoGold_positive_1_hard_negative_1_seed0_hybrid_loss/ckpt/best_model_19_0.75.pt
[2026-07-02 01:50:18] [disk_guard]     pushing to B2 ...
[b2_push] copy: /data/jehc223/RGCL/logging/Retrieval/MHC/RAC_video/RAC_lr0.0001_Bz64_Ep30_cosSim_triplet_drop[0.2, 0.4, 0.1]_topK20__PseudoGold_positive_1_hard_negative_1_seed0_hybrid_loss/ckpt/best_model_19_0.75.pt -> b2:junyi-data/RGCL_video/logs/Retrieval/MHC/RAC_video/RAC_lr0.0001_Bz64_Ep30_cosSim_triplet_drop[0.2, 0.4, 0.1]_topK20__PseudoGold_positive_1_hard_negative_1_seed0_hybrid_loss/ckpt/best_model_19_0.75.pt
Transferred:   	          0 B / 0 B, -, 0 B/s, ETA -
Elapsed time:         0.0s
[b2_push] done -> b2:junyi-data/RGCL_video/logs/Retrieval/MHC/RAC_video/RAC_lr0.0001_Bz64_Ep30_cosSim_triplet_drop[0.2, 0.4, 0.1]_topK20__PseudoGold_positive_1_hard_negative_1_seed0_hybrid_loss/ckpt/best_model_19_0.75.pt
[2026-07-02 01:50:22] [disk_guard] verify: file not found on B2 at exact dest: b2:junyi-data/RGCL_video/logs/Retrieval/MHC/RAC_video/RAC_lr0.0001_Bz64_Ep30_cosSim_triplet_drop[0.2, 0.4, 0.1]_topK20__PseudoGold_positive_1_hard_negative_1_seed0_hybrid_loss/ckpt/best_model_19_0.75.pt
[2026-07-02 01:50:22] [disk_guard]     ERROR: verify failed; local kept (safe): /data/jehc223/RGCL/logging/Retrieval/MHC/RAC_video/RAC_lr0.0001_Bz64_Ep30_cosSim_triplet_drop[0.2, 0.4, 0.1]_topK20__PseudoGold_positive_1_hard_negative_1_seed0_hybrid_loss/ckpt/best_model_19_0.75.pt
[2026-07-02 01:50:22] [disk_guard]   candidate: /data/jehc223/RGCL/logging/Retrieval/MHC/RAC_video/RAC_lr0.0001_Bz64_Ep30_cosSim_triplet_drop[0.2, 0.4, 0.1]_topK20__PseudoGold_positive_1_hard_negative_1_seed0_hybrid_loss/ckpt/best_model_22_0.75.pt
[2026-07-02 01:50:22] [disk_guard]     mtime=2026-07-02 01:12:54 size=19.03MB
[2026-07-02 01:50:22] [disk_guard]     -> b2 subpath: logs/Retrieval/MHC/RAC_video/RAC_lr0.0001_Bz64_Ep30_cosSim_triplet_drop[0.2, 0.4, 0.1]_topK20__PseudoGold_positive_1_hard_negative_1_seed0_hybrid_loss/ckpt/best_model_22_0.75.pt
[2026-07-02 01:50:22] [disk_guard]     pushing to B2 ...
[b2_push] copy: /data/jehc223/RGCL/logging/Retrieval/MHC/RAC_video/RAC_lr0.0001_Bz64_Ep30_cosSim_triplet_drop[0.2, 0.4, 0.1]_topK20__PseudoGold_positive_1_hard_negative_1_seed0_hybrid_loss/ckpt/best_model_22_0.75.pt -> b2:junyi-data/RGCL_video/logs/Retrieval/MHC/RAC_video/RAC_lr0.0001_Bz64_Ep30_cosSim_triplet_drop[0.2, 0.4, 0.1]_topK20__PseudoGold_positive_1_hard_negative_1_seed0_hybrid_loss/ckpt/best_model_22_0.75.pt
Transferred:   	          0 B / 0 B, -, 0 B/s, ETA -
Elapsed time:         0.0s
[b2_push] done -> b2:junyi-data/RGCL_video/logs/Retrieval/MHC/RAC_video/RAC_lr0.0001_Bz64_Ep30_cosSim_triplet_drop[0.2, 0.4, 0.1]_topK20__PseudoGold_positive_1_hard_negative_1_seed0_hybrid_loss/ckpt/best_model_22_0.75.pt
[2026-07-02 01:50:25] [disk_guard] verify: file not found on B2 at exact dest: b2:junyi-data/RGCL_video/logs/Retrieval/MHC/RAC_video/RAC_lr0.0001_Bz64_Ep30_cosSim_triplet_drop[0.2, 0.4, 0.1]_topK20__PseudoGold_positive_1_hard_negative_1_seed0_hybrid_loss/ckpt/best_model_22_0.75.pt
[2026-07-02 01:50:25] [disk_guard]     ERROR: verify failed; local kept (safe): /data/jehc223/RGCL/logging/Retrieval/MHC/RAC_video/RAC_lr0.0001_Bz64_Ep30_cosSim_triplet_drop[0.2, 0.4, 0.1]_topK20__PseudoGold_positive_1_hard_negative_1_seed0_hybrid_loss/ckpt/best_model_22_0.75.pt
[2026-07-02 01:50:25] [disk_guard]   candidate: /data/jehc223/RGCL/logging/Retrieval/HateMM/RAC_video/RAC_lr0.0001_Bz64_Ep30_cosSim_triplet_drop[0.2, 0.4, 0.1]_topK20__PseudoGold_positive_1_hard_negative_1_seed0_hybrid_loss/ckpt/best_model_20_0.8130841121495327.pt
[2026-07-02 01:50:25] [disk_guard]     mtime=2026-07-02 01:12:56 size=19.03MB
[2026-07-02 01:50:25] [disk_guard]     -> b2 subpath: logs/Retrieval/HateMM/RAC_video/RAC_lr0.0001_Bz64_Ep30_cosSim_triplet_drop[0.2, 0.4, 0.1]_topK20__PseudoGold_positive_1_hard_negative_1_seed0_hybrid_loss/ckpt/best_model_20_0.8130841121495327.pt
[2026-07-02 01:50:25] [disk_guard]     pushing to B2 ...
[b2_push] copy: /data/jehc223/RGCL/logging/Retrieval/HateMM/RAC_video/RAC_lr0.0001_Bz64_Ep30_cosSim_triplet_drop[0.2, 0.4, 0.1]_topK20__PseudoGold_positive_1_hard_negative_1_seed0_hybrid_loss/ckpt/best_model_20_0.8130841121495327.pt -> b2:junyi-data/RGCL_video/logs/Retrieval/HateMM/RAC_video/RAC_lr0.0001_Bz64_Ep30_cosSim_triplet_drop[0.2, 0.4, 0.1]_topK20__PseudoGold_positive_1_hard_negative_1_seed0_hybrid_loss/ckpt/best_model_20_0.8130841121495327.pt
Transferred:   	          0 B / 0 B, -, 0 B/s, ETA -
Elapsed time:         0.0s
[b2_push] done -> b2:junyi-data/RGCL_video/logs/Retrieval/HateMM/RAC_video/RAC_lr0.0001_Bz64_Ep30_cosSim_triplet_drop[0.2, 0.4, 0.1]_topK20__PseudoGold_positive_1_hard_negative_1_seed0_hybrid_loss/ckpt/best_model_20_0.8130841121495327.pt
[2026-07-02 01:50:29] [disk_guard] verify: file not found on B2 at exact dest: b2:junyi-data/RGCL_video/logs/Retrieval/HateMM/RAC_video/RAC_lr0.0001_Bz64_Ep30_cosSim_triplet_drop[0.2, 0.4, 0.1]_topK20__PseudoGold_positive_1_hard_negative_1_seed0_hybrid_loss/ckpt/best_model_20_0.8130841121495327.pt
[2026-07-02 01:50:29] [disk_guard]     ERROR: verify failed; local kept (safe): /data/jehc223/RGCL/logging/Retrieval/HateMM/RAC_video/RAC_lr0.0001_Bz64_Ep30_cosSim_triplet_drop[0.2, 0.4, 0.1]_topK20__PseudoGold_positive_1_hard_negative_1_seed0_hybrid_loss/ckpt/best_model_20_0.8130841121495327.pt
[2026-07-02 01:50:29] [disk_guard]   candidate: /data/jehc223/RGCL/logging/Retrieval/MHC/RAC_video/RAC_lr0.0001_Bz64_Ep30_cosSim_triplet_drop[0.2, 0.4, 0.1]_topK20__PseudoGold_positive_1_hard_negative_1_seed0_hybrid_loss/ckpt/best_model_26_0.75.pt
[2026-07-02 01:50:29] [disk_guard]     mtime=2026-07-02 01:12:56 size=19.03MB
[2026-07-02 01:50:29] [disk_guard]     -> b2 subpath: logs/Retrieval/MHC/RAC_video/RAC_lr0.0001_Bz64_Ep30_cosSim_triplet_drop[0.2, 0.4, 0.1]_topK20__PseudoGold_positive_1_hard_negative_1_seed0_hybrid_loss/ckpt/best_model_26_0.75.pt
[2026-07-02 01:50:29] [disk_guard]     pushing to B2 ...
[b2_push] copy: /data/jehc223/RGCL/logging/Retrieval/MHC/RAC_video/RAC_lr0.0001_Bz64_Ep30_cosSim_triplet_drop[0.2, 0.4, 0.1]_topK20__PseudoGold_positive_1_hard_negative_1_seed0_hybrid_loss/ckpt/best_model_26_0.75.pt -> b2:junyi-data/RGCL_video/logs/Retrieval/MHC/RAC_video/RAC_lr0.0001_Bz64_Ep30_cosSim_triplet_drop[0.2, 0.4, 0.1]_topK20__PseudoGold_positive_1_hard_negative_1_seed0_hybrid_loss/ckpt/best_model_26_0.75.pt
Transferred:   	          0 B / 0 B, -, 0 B/s, ETA -
Elapsed time:         0.0s
[b2_push] done -> b2:junyi-data/RGCL_video/logs/Retrieval/MHC/RAC_video/RAC_lr0.0001_Bz64_Ep30_cosSim_triplet_drop[0.2, 0.4, 0.1]_topK20__PseudoGold_positive_1_hard_negative_1_seed0_hybrid_loss/ckpt/best_model_26_0.75.pt
[2026-07-02 01:50:33] [disk_guard] verify: file not found on B2 at exact dest: b2:junyi-data/RGCL_video/logs/Retrieval/MHC/RAC_video/RAC_lr0.0001_Bz64_Ep30_cosSim_triplet_drop[0.2, 0.4, 0.1]_topK20__PseudoGold_positive_1_hard_negative_1_seed0_hybrid_loss/ckpt/best_model_26_0.75.pt
[2026-07-02 01:50:33] [disk_guard]     ERROR: verify failed; local kept (safe): /data/jehc223/RGCL/logging/Retrieval/MHC/RAC_video/RAC_lr0.0001_Bz64_Ep30_cosSim_triplet_drop[0.2, 0.4, 0.1]_topK20__PseudoGold_positive_1_hard_negative_1_seed0_hybrid_loss/ckpt/best_model_26_0.75.pt
[2026-07-02 01:50:33] [disk_guard]   candidate: /data/jehc223/RGCL/logging/Retrieval/HateMM/RAC_video/RAC_lr0.0001_Bz64_Ep30_cosSim_triplet_drop[0.2, 0.4, 0.1]_topK20__PseudoGold_positive_1_hard_negative_1_seed0_hybrid_loss/ckpt/best_model_21_0.8317757009345794.pt
[2026-07-02 01:50:33] [disk_guard]     mtime=2026-07-02 01:12:57 size=19.03MB
[2026-07-02 01:50:33] [disk_guard]     -> b2 subpath: logs/Retrieval/HateMM/RAC_video/RAC_lr0.0001_Bz64_Ep30_cosSim_triplet_drop[0.2, 0.4, 0.1]_topK20__PseudoGold_positive_1_hard_negative_1_seed0_hybrid_loss/ckpt/best_model_21_0.8317757009345794.pt
[2026-07-02 01:50:33] [disk_guard]     pushing to B2 ...
[b2_push] copy: /data/jehc223/RGCL/logging/Retrieval/HateMM/RAC_video/RAC_lr0.0001_Bz64_Ep30_cosSim_triplet_drop[0.2, 0.4, 0.1]_topK20__PseudoGold_positive_1_hard_negative_1_seed0_hybrid_loss/ckpt/best_model_21_0.8317757009345794.pt -> b2:junyi-data/RGCL_video/logs/Retrieval/HateMM/RAC_video/RAC_lr0.0001_Bz64_Ep30_cosSim_triplet_drop[0.2, 0.4, 0.1]_topK20__PseudoGold_positive_1_hard_negative_1_seed0_hybrid_loss/ckpt/best_model_21_0.8317757009345794.pt
Transferred:   	          0 B / 0 B, -, 0 B/s, ETA -
Elapsed time:         0.0s
[b2_push] done -> b2:junyi-data/RGCL_video/logs/Retrieval/HateMM/RAC_video/RAC_lr0.0001_Bz64_Ep30_cosSim_triplet_drop[0.2, 0.4, 0.1]_topK20__PseudoGold_positive_1_hard_negative_1_seed0_hybrid_loss/ckpt/best_model_21_0.8317757009345794.pt
[2026-07-02 01:50:37] [disk_guard] verify: file not found on B2 at exact dest: b2:junyi-data/RGCL_video/logs/Retrieval/HateMM/RAC_video/RAC_lr0.0001_Bz64_Ep30_cosSim_triplet_drop[0.2, 0.4, 0.1]_topK20__PseudoGold_positive_1_hard_negative_1_seed0_hybrid_loss/ckpt/best_model_21_0.8317757009345794.pt
[2026-07-02 01:50:37] [disk_guard]     ERROR: verify failed; local kept (safe): /data/jehc223/RGCL/logging/Retrieval/HateMM/RAC_video/RAC_lr0.0001_Bz64_Ep30_cosSim_triplet_drop[0.2, 0.4, 0.1]_topK20__PseudoGold_positive_1_hard_negative_1_seed0_hybrid_loss/ckpt/best_model_21_0.8317757009345794.pt
[2026-07-02 01:50:37] [disk_guard]   candidate: /data/jehc223/RGCL/logging/Retrieval/HateMM/RAC_video/RAC_lr0.0001_Bz64_Ep30_cosSim_triplet_drop[0.2, 0.4, 0.1]_topK20__PseudoGold_positive_1_hard_negative_1_seed0_hybrid_loss/ckpt/best_model_22_0.8317757009345794.pt
[2026-07-02 01:50:37] [disk_guard]     mtime=2026-07-02 01:12:58 size=19.03MB
[2026-07-02 01:50:37] [disk_guard]     -> b2 subpath: logs/Retrieval/HateMM/RAC_video/RAC_lr0.0001_Bz64_Ep30_cosSim_triplet_drop[0.2, 0.4, 0.1]_topK20__PseudoGold_positive_1_hard_negative_1_seed0_hybrid_loss/ckpt/best_model_22_0.8317757009345794.pt
[2026-07-02 01:50:37] [disk_guard]     pushing to B2 ...
[b2_push] copy: /data/jehc223/RGCL/logging/Retrieval/HateMM/RAC_video/RAC_lr0.0001_Bz64_Ep30_cosSim_triplet_drop[0.2, 0.4, 0.1]_topK20__PseudoGold_positive_1_hard_negative_1_seed0_hybrid_loss/ckpt/best_model_22_0.8317757009345794.pt -> b2:junyi-data/RGCL_video/logs/Retrieval/HateMM/RAC_video/RAC_lr0.0001_Bz64_Ep30_cosSim_triplet_drop[0.2, 0.4, 0.1]_topK20__PseudoGold_positive_1_hard_negative_1_seed0_hybrid_loss/ckpt/best_model_22_0.8317757009345794.pt
Transferred:   	          0 B / 0 B, -, 0 B/s, ETA -
Elapsed time:         0.0s
[b2_push] done -> b2:junyi-data/RGCL_video/logs/Retrieval/HateMM/RAC_video/RAC_lr0.0001_Bz64_Ep30_cosSim_triplet_drop[0.2, 0.4, 0.1]_topK20__PseudoGold_positive_1_hard_negative_1_seed0_hybrid_loss/ckpt/best_model_22_0.8317757009345794.pt
[2026-07-02 01:50:40] [disk_guard] verify: file not found on B2 at exact dest: b2:junyi-data/RGCL_video/logs/Retrieval/HateMM/RAC_video/RAC_lr0.0001_Bz64_Ep30_cosSim_triplet_drop[0.2, 0.4, 0.1]_topK20__PseudoGold_positive_1_hard_negative_1_seed0_hybrid_loss/ckpt/best_model_22_0.8317757009345794.pt
[2026-07-02 01:50:40] [disk_guard]     ERROR: verify failed; local kept (safe): /data/jehc223/RGCL/logging/Retrieval/HateMM/RAC_video/RAC_lr0.0001_Bz64_Ep30_cosSim_triplet_drop[0.2, 0.4, 0.1]_topK20__PseudoGold_positive_1_hard_negative_1_seed0_hybrid_loss/ckpt/best_model_22_0.8317757009345794.pt
[2026-07-02 01:50:40] [disk_guard]   candidate: /data/jehc223/RGCL/logging/Retrieval/MHC/RAC_video/RAC_lr0.0001_Bz64_Ep30_cosSim_triplet_drop[0.2, 0.4, 0.1]_topK20__PseudoGold_positive_1_hard_negative_1_seed0_hybrid_loss/ckpt/last_model_29_0.7375.pt
[2026-07-02 01:50:40] [disk_guard]     mtime=2026-07-02 01:12:59 size=19.03MB
[2026-07-02 01:50:40] [disk_guard]     -> b2 subpath: logs/Retrieval/MHC/RAC_video/RAC_lr0.0001_Bz64_Ep30_cosSim_triplet_drop[0.2, 0.4, 0.1]_topK20__PseudoGold_positive_1_hard_negative_1_seed0_hybrid_loss/ckpt/last_model_29_0.7375.pt
[2026-07-02 01:50:40] [disk_guard]     pushing to B2 ...
[b2_push] copy: /data/jehc223/RGCL/logging/Retrieval/MHC/RAC_video/RAC_lr0.0001_Bz64_Ep30_cosSim_triplet_drop[0.2, 0.4, 0.1]_topK20__PseudoGold_positive_1_hard_negative_1_seed0_hybrid_loss/ckpt/last_model_29_0.7375.pt -> b2:junyi-data/RGCL_video/logs/Retrieval/MHC/RAC_video/RAC_lr0.0001_Bz64_Ep30_cosSim_triplet_drop[0.2, 0.4, 0.1]_topK20__PseudoGold_positive_1_hard_negative_1_seed0_hybrid_loss/ckpt/last_model_29_0.7375.pt
Transferred:   	          0 B / 0 B, -, 0 B/s, ETA -
Elapsed time:         0.0s
[b2_push] done -> b2:junyi-data/RGCL_video/logs/Retrieval/MHC/RAC_video/RAC_lr0.0001_Bz64_Ep30_cosSim_triplet_drop[0.2, 0.4, 0.1]_topK20__PseudoGold_positive_1_hard_negative_1_seed0_hybrid_loss/ckpt/last_model_29_0.7375.pt
[2026-07-02 01:50:44] [disk_guard] verify: file not found on B2 at exact dest: b2:junyi-data/RGCL_video/logs/Retrieval/MHC/RAC_video/RAC_lr0.0001_Bz64_Ep30_cosSim_triplet_drop[0.2, 0.4, 0.1]_topK20__PseudoGold_positive_1_hard_negative_1_seed0_hybrid_loss/ckpt/last_model_29_0.7375.pt
[2026-07-02 01:50:44] [disk_guard]     ERROR: verify failed; local kept (safe): /data/jehc223/RGCL/logging/Retrieval/MHC/RAC_video/RAC_lr0.0001_Bz64_Ep30_cosSim_triplet_drop[0.2, 0.4, 0.1]_topK20__PseudoGold_positive_1_hard_negative_1_seed0_hybrid_loss/ckpt/last_model_29_0.7375.pt
[2026-07-02 01:50:44] [disk_guard]   candidate: /data/jehc223/RGCL/logging/Retrieval/HateMM/RAC_video/RAC_lr0.0001_Bz64_Ep30_cosSim_triplet_drop[0.2, 0.4, 0.1]_topK20__PseudoGold_positive_1_hard_negative_1_seed0_hybrid_loss/ckpt/best_model_24_0.8411214953271028.pt
[2026-07-02 01:50:44] [disk_guard]     mtime=2026-07-02 01:13:00 size=19.03MB
[2026-07-02 01:50:44] [disk_guard]     -> b2 subpath: logs/Retrieval/HateMM/RAC_video/RAC_lr0.0001_Bz64_Ep30_cosSim_triplet_drop[0.2, 0.4, 0.1]_topK20__PseudoGold_positive_1_hard_negative_1_seed0_hybrid_loss/ckpt/best_model_24_0.8411214953271028.pt
[2026-07-02 01:50:44] [disk_guard]     pushing to B2 ...
[b2_push] copy: /data/jehc223/RGCL/logging/Retrieval/HateMM/RAC_video/RAC_lr0.0001_Bz64_Ep30_cosSim_triplet_drop[0.2, 0.4, 0.1]_topK20__PseudoGold_positive_1_hard_negative_1_seed0_hybrid_loss/ckpt/best_model_24_0.8411214953271028.pt -> b2:junyi-data/RGCL_video/logs/Retrieval/HateMM/RAC_video/RAC_lr0.0001_Bz64_Ep30_cosSim_triplet_drop[0.2, 0.4, 0.1]_topK20__PseudoGold_positive_1_hard_negative_1_seed0_hybrid_loss/ckpt/best_model_24_0.8411214953271028.pt
Transferred:   	          0 B / 0 B, -, 0 B/s, ETA -
Elapsed time:         0.0s
[b2_push] done -> b2:junyi-data/RGCL_video/logs/Retrieval/HateMM/RAC_video/RAC_lr0.0001_Bz64_Ep30_cosSim_triplet_drop[0.2, 0.4, 0.1]_topK20__PseudoGold_positive_1_hard_negative_1_seed0_hybrid_loss/ckpt/best_model_24_0.8411214953271028.pt
[2026-07-02 01:50:48] [disk_guard] verify: file not found on B2 at exact dest: b2:junyi-data/RGCL_video/logs/Retrieval/HateMM/RAC_video/RAC_lr0.0001_Bz64_Ep30_cosSim_triplet_drop[0.2, 0.4, 0.1]_topK20__PseudoGold_positive_1_hard_negative_1_seed0_hybrid_loss/ckpt/best_model_24_0.8411214953271028.pt
[2026-07-02 01:50:48] [disk_guard]     ERROR: verify failed; local kept (safe): /data/jehc223/RGCL/logging/Retrieval/HateMM/RAC_video/RAC_lr0.0001_Bz64_Ep30_cosSim_triplet_drop[0.2, 0.4, 0.1]_topK20__PseudoGold_positive_1_hard_negative_1_seed0_hybrid_loss/ckpt/best_model_24_0.8411214953271028.pt
[2026-07-02 01:50:48] [disk_guard]   candidate: /data/jehc223/RGCL/logging/Retrieval/HateMM/RAC_video/RAC_lr0.0001_Bz64_Ep30_cosSim_triplet_drop[0.2, 0.4, 0.1]_topK20__PseudoGold_positive_1_hard_negative_1_seed0_hybrid_loss/ckpt/last_model_29_0.794392523364486.pt
[2026-07-02 01:50:48] [disk_guard]     mtime=2026-07-02 01:13:05 size=19.03MB
[2026-07-02 01:50:48] [disk_guard]     -> b2 subpath: logs/Retrieval/HateMM/RAC_video/RAC_lr0.0001_Bz64_Ep30_cosSim_triplet_drop[0.2, 0.4, 0.1]_topK20__PseudoGold_positive_1_hard_negative_1_seed0_hybrid_loss/ckpt/last_model_29_0.794392523364486.pt
[2026-07-02 01:50:48] [disk_guard]     pushing to B2 ...
[b2_push] copy: /data/jehc223/RGCL/logging/Retrieval/HateMM/RAC_video/RAC_lr0.0001_Bz64_Ep30_cosSim_triplet_drop[0.2, 0.4, 0.1]_topK20__PseudoGold_positive_1_hard_negative_1_seed0_hybrid_loss/ckpt/last_model_29_0.794392523364486.pt -> b2:junyi-data/RGCL_video/logs/Retrieval/HateMM/RAC_video/RAC_lr0.0001_Bz64_Ep30_cosSim_triplet_drop[0.2, 0.4, 0.1]_topK20__PseudoGold_positive_1_hard_negative_1_seed0_hybrid_loss/ckpt/last_model_29_0.794392523364486.pt
Transferred:   	          0 B / 0 B, -, 0 B/s, ETA -
Elapsed time:         0.0s
[b2_push] done -> b2:junyi-data/RGCL_video/logs/Retrieval/HateMM/RAC_video/RAC_lr0.0001_Bz64_Ep30_cosSim_triplet_drop[0.2, 0.4, 0.1]_topK20__PseudoGold_positive_1_hard_negative_1_seed0_hybrid_loss/ckpt/last_model_29_0.794392523364486.pt
[2026-07-02 01:50:51] [disk_guard] verify: file not found on B2 at exact dest: b2:junyi-data/RGCL_video/logs/Retrieval/HateMM/RAC_video/RAC_lr0.0001_Bz64_Ep30_cosSim_triplet_drop[0.2, 0.4, 0.1]_topK20__PseudoGold_positive_1_hard_negative_1_seed0_hybrid_loss/ckpt/last_model_29_0.794392523364486.pt
[2026-07-02 01:50:51] [disk_guard]     ERROR: verify failed; local kept (safe): /data/jehc223/RGCL/logging/Retrieval/HateMM/RAC_video/RAC_lr0.0001_Bz64_Ep30_cosSim_triplet_drop[0.2, 0.4, 0.1]_topK20__PseudoGold_positive_1_hard_negative_1_seed0_hybrid_loss/ckpt/last_model_29_0.794392523364486.pt
[2026-07-02 01:50:51] [disk_guard]   candidate: /data/jehc223/RGCL/logging/Retrieval/ImpliHateVid/RAC_video/RAC_lr0.0001_Bz64_Ep30_cosSim_triplet_drop[0.2, 0.4, 0.1]_topK20__PseudoGold_positive_1_hard_negative_1_seed0_hybrid_loss/ckpt/best_model_0_0.48307692307692307.pt
[2026-07-02 01:50:51] [disk_guard]     mtime=2026-07-02 01:16:05 size=40.03MB
[2026-07-02 01:50:51] [disk_guard]     -> b2 subpath: logs/Retrieval/ImpliHateVid/RAC_video/RAC_lr0.0001_Bz64_Ep30_cosSim_triplet_drop[0.2, 0.4, 0.1]_topK20__PseudoGold_positive_1_hard_negative_1_seed0_hybrid_loss/ckpt/best_model_0_0.48307692307692307.pt
[2026-07-02 01:50:51] [disk_guard]     pushing to B2 ...
[b2_push] copy: /data/jehc223/RGCL/logging/Retrieval/ImpliHateVid/RAC_video/RAC_lr0.0001_Bz64_Ep30_cosSim_triplet_drop[0.2, 0.4, 0.1]_topK20__PseudoGold_positive_1_hard_negative_1_seed0_hybrid_loss/ckpt/best_model_0_0.48307692307692307.pt -> b2:junyi-data/RGCL_video/logs/Retrieval/ImpliHateVid/RAC_video/RAC_lr0.0001_Bz64_Ep30_cosSim_triplet_drop[0.2, 0.4, 0.1]_topK20__PseudoGold_positive_1_hard_negative_1_seed0_hybrid_loss/ckpt/best_model_0_0.48307692307692307.pt
Transferred:   	          0 B / 0 B, -, 0 B/s, ETA -
Elapsed time:         0.0s
[b2_push] done -> b2:junyi-data/RGCL_video/logs/Retrieval/ImpliHateVid/RAC_video/RAC_lr0.0001_Bz64_Ep30_cosSim_triplet_drop[0.2, 0.4, 0.1]_topK20__PseudoGold_positive_1_hard_negative_1_seed0_hybrid_loss/ckpt/best_model_0_0.48307692307692307.pt
[2026-07-02 01:50:55] [disk_guard] verify: file not found on B2 at exact dest: b2:junyi-data/RGCL_video/logs/Retrieval/ImpliHateVid/RAC_video/RAC_lr0.0001_Bz64_Ep30_cosSim_triplet_drop[0.2, 0.4, 0.1]_topK20__PseudoGold_positive_1_hard_negative_1_seed0_hybrid_loss/ckpt/best_model_0_0.48307692307692307.pt
[2026-07-02 01:50:55] [disk_guard]     ERROR: verify failed; local kept (safe): /data/jehc223/RGCL/logging/Retrieval/ImpliHateVid/RAC_video/RAC_lr0.0001_Bz64_Ep30_cosSim_triplet_drop[0.2, 0.4, 0.1]_topK20__PseudoGold_positive_1_hard_negative_1_seed0_hybrid_loss/ckpt/best_model_0_0.48307692307692307.pt
[2026-07-02 01:50:55] [disk_guard]   candidate: /data/jehc223/RGCL/logging/Retrieval/ImpliHateVid/RAC_video/RAC_lr0.0001_Bz64_Ep30_cosSim_triplet_drop[0.2, 0.4, 0.1]_topK20__PseudoGold_positive_1_hard_negative_1_seed0_hybrid_loss/ckpt/best_model_1_0.5076923076923077.pt
[2026-07-02 01:50:55] [disk_guard]     mtime=2026-07-02 01:16:07 size=40.03MB
[2026-07-02 01:50:55] [disk_guard]     -> b2 subpath: logs/Retrieval/ImpliHateVid/RAC_video/RAC_lr0.0001_Bz64_Ep30_cosSim_triplet_drop[0.2, 0.4, 0.1]_topK20__PseudoGold_positive_1_hard_negative_1_seed0_hybrid_loss/ckpt/best_model_1_0.5076923076923077.pt
[2026-07-02 01:50:55] [disk_guard]     pushing to B2 ...
[b2_push] copy: /data/jehc223/RGCL/logging/Retrieval/ImpliHateVid/RAC_video/RAC_lr0.0001_Bz64_Ep30_cosSim_triplet_drop[0.2, 0.4, 0.1]_topK20__PseudoGold_positive_1_hard_negative_1_seed0_hybrid_loss/ckpt/best_model_1_0.5076923076923077.pt -> b2:junyi-data/RGCL_video/logs/Retrieval/ImpliHateVid/RAC_video/RAC_lr0.0001_Bz64_Ep30_cosSim_triplet_drop[0.2, 0.4, 0.1]_topK20__PseudoGold_positive_1_hard_negative_1_seed0_hybrid_loss/ckpt/best_model_1_0.5076923076923077.pt
Transferred:   	          0 B / 0 B, -, 0 B/s, ETA -
Elapsed time:         0.0s
[b2_push] done -> b2:junyi-data/RGCL_video/logs/Retrieval/ImpliHateVid/RAC_video/RAC_lr0.0001_Bz64_Ep30_cosSim_triplet_drop[0.2, 0.4, 0.1]_topK20__PseudoGold_positive_1_hard_negative_1_seed0_hybrid_loss/ckpt/best_model_1_0.5076923076923077.pt
[2026-07-02 01:50:58] [disk_guard] verify: file not found on B2 at exact dest: b2:junyi-data/RGCL_video/logs/Retrieval/ImpliHateVid/RAC_video/RAC_lr0.0001_Bz64_Ep30_cosSim_triplet_drop[0.2, 0.4, 0.1]_topK20__PseudoGold_positive_1_hard_negative_1_seed0_hybrid_loss/ckpt/best_model_1_0.5076923076923077.pt
[2026-07-02 01:50:58] [disk_guard]     ERROR: verify failed; local kept (safe): /data/jehc223/RGCL/logging/Retrieval/ImpliHateVid/RAC_video/RAC_lr0.0001_Bz64_Ep30_cosSim_triplet_drop[0.2, 0.4, 0.1]_topK20__PseudoGold_positive_1_hard_negative_1_seed0_hybrid_loss/ckpt/best_model_1_0.5076923076923077.pt
[2026-07-02 01:50:59] [disk_guard]   candidate: /data/jehc223/RGCL/logging/Retrieval/MHC_zh/RAC_video/RAC_lr0.0001_Bz64_Ep30_cosSim_triplet_drop[0.2, 0.4, 0.1]_topK20__PseudoGold_positive_1_hard_negative_1_seed0_hybrid_loss/ckpt/best_model_0_0.8333333333333334.pt
[2026-07-02 01:50:59] [disk_guard]     mtime=2026-07-02 01:48:43 size=40.03MB
[2026-07-02 01:50:59] [disk_guard]     -> b2 subpath: logs/Retrieval/MHC_zh/RAC_video/RAC_lr0.0001_Bz64_Ep30_cosSim_triplet_drop[0.2, 0.4, 0.1]_topK20__PseudoGold_positive_1_hard_negative_1_seed0_hybrid_loss/ckpt/best_model_0_0.8333333333333334.pt
[2026-07-02 01:50:59] [disk_guard]     pushing to B2 ...
[b2_push] copy: /data/jehc223/RGCL/logging/Retrieval/MHC_zh/RAC_video/RAC_lr0.0001_Bz64_Ep30_cosSim_triplet_drop[0.2, 0.4, 0.1]_topK20__PseudoGold_positive_1_hard_negative_1_seed0_hybrid_loss/ckpt/best_model_0_0.8333333333333334.pt -> b2:junyi-data/RGCL_video/logs/Retrieval/MHC_zh/RAC_video/RAC_lr0.0001_Bz64_Ep30_cosSim_triplet_drop[0.2, 0.4, 0.1]_topK20__PseudoGold_positive_1_hard_negative_1_seed0_hybrid_loss/ckpt/best_model_0_0.8333333333333334.pt
Transferred:   	          0 B / 40.028 MiB, 0%, 0 B/s, ETA -
Transferred:            0 / 1, 0%
Elapsed time:         0.3s
Transferring:
 *            best_model_0_0.8333333333333334.pt:  0% /40.028Mi, 0/s, -Transferred:   	          0 B / 40.028 MiB, 0%, 0 B/s, ETA -
Transferred:            0 / 1, 0%
Elapsed time:         0.8s
Transferring:
 *            best_model_0_0.8333333333333334.pt:  0% /40.028Mi, 0/s, -Transferred:   	          0 B / 40.028 MiB, 0%, 0 B/s, ETA -
Transferred:            0 / 1, 0%
Elapsed time:         1.3s
Transferring:
 *            best_model_0_0.8333333333333334.pt:  0% /40.028Mi, 0/s, -Transferred:   	          0 B / 40.028 MiB, 0%, 0 B/s, ETA -
Transferred:            0 / 1, 0%
Elapsed time:         1.8s
Transferring:
 *            best_model_0_0.8333333333333334.pt:  0% /40.028Mi, 0/s, -Transferred:   	     1020 KiB / 40.028 MiB, 2%, 0 B/s, ETA -
Transferred:            0 / 1, 0%
Elapsed time:         2.3s
Transferring:
 *            best_model_0_0.8333333333333334.pt:  2% /40.028Mi, 0/s, -Transferred:   	    1.777 MiB / 40.028 MiB, 4%, 0 B/s, ETA -
Transferred:            0 / 1, 0%
Elapsed time:         2.8s
Transferring:
 *            best_model_0_0.8333333333333334.pt:  4% /40.028Mi, 0/s, -Transferred:   	    4.590 MiB / 40.028 MiB, 11%, 692.001 KiB/s, ETA 52s
Transferred:            0 / 1, 0%
Elapsed time:         3.3s
Transferring:
 *            best_model_0_0.8333333333333334.pt: 11% /40.028Mi, 691.999Ki/s, 52Transferred:   	    7.746 MiB / 40.028 MiB, 19%, 692.001 KiB/s, ETA 47s
Transferred:            0 / 1, 0%
Elapsed time:         3.8s
Transferring:
 *            best_model_0_0.8333333333333334.pt: 19% /40.028Mi, 691.999Ki/s, 47Transferred:   	   13.746 MiB / 40.028 MiB, 34%, 2.366 MiB/s, ETA 11s
Transferred:            0 / 1, 0%
Elapsed time:         4.3s
Transferring:
 *            best_model_0_0.8333333333333334.pt: 34% /40.028Mi, 2.421Mi/s, 10sTransferred:   	   19.465 MiB / 40.028 MiB, 49%, 2.366 MiB/s, ETA 8s
Transferred:            0 / 1, 0%
Elapsed time:         4.8s
Transferring:
 *            best_model_0_0.8333333333333334.pt: 48% /40.028Mi, 2.421Mi/s, 8sTransferred:   	   27.027 MiB / 40.028 MiB, 68%, 4.430 MiB/s, ETA 2s
Transferred:            0 / 1, 0%
Elapsed time:         5.3s
Transferring:
 *            best_model_0_0.8333333333333334.pt: 67% /40.028Mi, 4.480Mi/s, 2sTransferred:   	   33.434 MiB / 40.028 MiB, 84%, 4.430 MiB/s, ETA 1s
Transferred:            0 / 1, 0%
Elapsed time:         5.8s
Transferring:
 *            best_model_0_0.8333333333333334.pt: 83% /40.028Mi, 4.480Mi/s, 1sTransferred:   	   40.028 MiB / 40.028 MiB, 100%, 5.984 MiB/s, ETA 0s
Transferred:            0 / 1, 0%
Elapsed time:         6.3s
Transferring:
 *            best_model_0_0.8333333333333334.pt:100% /40.028Mi, 5.984Mi/s, 0sTransferred:   	   40.028 MiB / 40.028 MiB, 100%, 5.984 MiB/s, ETA 0s
Transferred:            0 / 1, 0%
Elapsed time:         6.8s
Transferring:
 *            best_model_0_0.8333333333333334.pt:100% /40.028Mi, 5.984Mi/s, 0sTransferred:   	   40.028 MiB / 40.028 MiB, 100%, 5.984 MiB/s, ETA 0s
Transferred:            1 / 1, 100%
Elapsed time:         6.9s
[b2_push] done -> b2:junyi-data/RGCL_video/logs/Retrieval/MHC_zh/RAC_video/RAC_lr0.0001_Bz64_Ep30_cosSim_triplet_drop[0.2, 0.4, 0.1]_topK20__PseudoGold_positive_1_hard_negative_1_seed0_hybrid_loss/ckpt/best_model_0_0.8333333333333334.pt
[2026-07-02 01:51:09] [disk_guard] verify: file not found on B2 at exact dest: b2:junyi-data/RGCL_video/logs/Retrieval/MHC_zh/RAC_video/RAC_lr0.0001_Bz64_Ep30_cosSim_triplet_drop[0.2, 0.4, 0.1]_topK20__PseudoGold_positive_1_hard_negative_1_seed0_hybrid_loss/ckpt/best_model_0_0.8333333333333334.pt
[2026-07-02 01:51:09] [disk_guard]     ERROR: verify failed; local kept (safe): /data/jehc223/RGCL/logging/Retrieval/MHC_zh/RAC_video/RAC_lr0.0001_Bz64_Ep30_cosSim_triplet_drop[0.2, 0.4, 0.1]_topK20__PseudoGold_positive_1_hard_negative_1_seed0_hybrid_loss/ckpt/best_model_0_0.8333333333333334.pt
[2026-07-02 01:51:09] [disk_guard]   candidate: /data/jehc223/RGCL/logging/Retrieval/MHC_zh/RAC_video/RAC_lr0.0001_Bz64_Ep30_cosSim_triplet_drop[0.2, 0.4, 0.1]_topK20__PseudoGold_positive_1_hard_negative_1_seed0_hybrid_loss/ckpt/last_model_29_0.782051282051282.pt
[2026-07-02 01:51:09] [disk_guard]     mtime=2026-07-02 01:49:01 size=40.03MB
[2026-07-02 01:51:09] [disk_guard]     -> b2 subpath: logs/Retrieval/MHC_zh/RAC_video/RAC_lr0.0001_Bz64_Ep30_cosSim_triplet_drop[0.2, 0.4, 0.1]_topK20__PseudoGold_positive_1_hard_negative_1_seed0_hybrid_loss/ckpt/last_model_29_0.782051282051282.pt
[2026-07-02 01:51:09] [disk_guard]     pushing to B2 ...
[b2_push] copy: /data/jehc223/RGCL/logging/Retrieval/MHC_zh/RAC_video/RAC_lr0.0001_Bz64_Ep30_cosSim_triplet_drop[0.2, 0.4, 0.1]_topK20__PseudoGold_positive_1_hard_negative_1_seed0_hybrid_loss/ckpt/last_model_29_0.782051282051282.pt -> b2:junyi-data/RGCL_video/logs/Retrieval/MHC_zh/RAC_video/RAC_lr0.0001_Bz64_Ep30_cosSim_triplet_drop[0.2, 0.4, 0.1]_topK20__PseudoGold_positive_1_hard_negative_1_seed0_hybrid_loss/ckpt/last_model_29_0.782051282051282.pt
Transferred:   	          0 B / 40.028 MiB, 0%, 0 B/s, ETA -
Transferred:            0 / 1, 0%
Elapsed time:         0.3s
Transferring:
 *            last_model_29_0.782051282051282.pt:  0% /40.028Mi, 0/s, -Transferred:   	          0 B / 40.028 MiB, 0%, 0 B/s, ETA -
Transferred:            0 / 1, 0%
Elapsed time:         0.8s
Transferring:
 *            last_model_29_0.782051282051282.pt:  0% /40.028Mi, 0/s, -Transferred:   	          0 B / 40.028 MiB, 0%, 0 B/s, ETA -
Transferred:            0 / 1, 0%
Elapsed time:         1.3s
Transferring:
 *            last_model_29_0.782051282051282.pt:  0% /40.028Mi, 0/s, -Transferred:   	          0 B / 40.028 MiB, 0%, 0 B/s, ETA -
Transferred:            0 / 1, 0%
Elapsed time:         1.8s
Transferring:
 *            last_model_29_0.782051282051282.pt:  0% /40.028Mi, 0/s, -Transferred:   	      828 KiB / 40.028 MiB, 2%, 0 B/s, ETA -
Transferred:            0 / 1, 0%
Elapsed time:         2.3s
Transferring:
 *            last_model_29_0.782051282051282.pt:  2% /40.028Mi, 0/s, -Transferred:   	    1.152 MiB / 40.028 MiB, 3%, 0 B/s, ETA -
Transferred:            0 / 1, 0%
Elapsed time:         2.8s
Transferring:
 *            last_model_29_0.782051282051282.pt:  2% /40.028Mi, 0/s, -Transferred:   	    2.402 MiB / 40.028 MiB, 6%, 393.329 KiB/s, ETA 1m37s
Transferred:            0 / 1, 0%
Elapsed time:         3.3s
Transferring:
 *            last_model_29_0.782051282051282.pt:  6% /40.028Mi, 393.336Ki/s, 1mTransferred:   	    6.215 MiB / 40.028 MiB, 16%, 393.329 KiB/s, ETA 1m28s
Transferred:            0 / 1, 0%
Elapsed time:         3.8s
Transferring:
 *            last_model_29_0.782051282051282.pt: 15% /40.028Mi, 393.336Ki/s, 1mTransferred:   	   10.590 MiB / 40.028 MiB, 26%, 1.804 MiB/s, ETA 16s
Transferred:            0 / 1, 0%
Elapsed time:         4.3s
Transferring:
 *            last_model_29_0.782051282051282.pt: 26% /40.028Mi, 1.804Mi/s, 16sTransferred:   	   16.746 MiB / 40.028 MiB, 42%, 1.804 MiB/s, ETA 12s
Transferred:            0 / 1, 0%
Elapsed time:         4.8s
Transferring:
 *            last_model_29_0.782051282051282.pt: 41% /40.028Mi, 1.804Mi/s, 12sTransferred:   	   24.059 MiB / 40.028 MiB, 60%, 3.893 MiB/s, ETA 4s
Transferred:            0 / 1, 0%
Elapsed time:         5.3s
Transferring:
 *            last_model_29_0.782051282051282.pt: 60% /40.028Mi, 3.893Mi/s, 4sTransferred:   	   30.090 MiB / 40.028 MiB, 75%, 3.893 MiB/s, ETA 2s
Transferred:            0 / 1, 0%
Elapsed time:         5.8s
Transferring:
 *            last_model_29_0.782051282051282.pt: 75% /40.028Mi, 3.893Mi/s, 2sTransferred:   	   37.590 MiB / 40.028 MiB, 94%, 5.510 MiB/s, ETA 0s
Transferred:            0 / 1, 0%
Elapsed time:         6.3s
Transferring:
 *            last_model_29_0.782051282051282.pt: 93% /40.028Mi, 5.510Mi/s, 0sTransferred:   	   40.028 MiB / 40.028 MiB, 100%, 5.510 MiB/s, ETA 0s
Transferred:            0 / 1, 0%
Elapsed time:         6.8s
Transferring:
 *            last_model_29_0.782051282051282.pt:100% /40.028Mi, 5.510Mi/s, 0sTransferred:   	   40.028 MiB / 40.028 MiB, 100%, 5.718 MiB/s, ETA 0s
Transferred:            1 / 1, 100%
Elapsed time:         7.1s
[b2_push] done -> b2:junyi-data/RGCL_video/logs/Retrieval/MHC_zh/RAC_video/RAC_lr0.0001_Bz64_Ep30_cosSim_triplet_drop[0.2, 0.4, 0.1]_topK20__PseudoGold_positive_1_hard_negative_1_seed0_hybrid_loss/ckpt/last_model_29_0.782051282051282.pt
[2026-07-02 01:51:20] [disk_guard] verify: file not found on B2 at exact dest: b2:junyi-data/RGCL_video/logs/Retrieval/MHC_zh/RAC_video/RAC_lr0.0001_Bz64_Ep30_cosSim_triplet_drop[0.2, 0.4, 0.1]_topK20__PseudoGold_positive_1_hard_negative_1_seed0_hybrid_loss/ckpt/last_model_29_0.782051282051282.pt
[2026-07-02 01:51:20] [disk_guard]     ERROR: verify failed; local kept (safe): /data/jehc223/RGCL/logging/Retrieval/MHC_zh/RAC_video/RAC_lr0.0001_Bz64_Ep30_cosSim_triplet_drop[0.2, 0.4, 0.1]_topK20__PseudoGold_positive_1_hard_negative_1_seed0_hybrid_loss/ckpt/last_model_29_0.782051282051282.pt
[2026-07-02 01:51:20] [disk_guard]   step (c) projected/actual freed: 0.00B.
[2026-07-02 01:51:20] [disk_guard]   usage now 256G still > target 250G: continuing.
[2026-07-02 01:51:20] [disk_guard] WARNING: still over target (usage=256G > target 250G) after all SAFE steps.
[2026-07-02 01:51:20] [disk_guard] WARNING: MANUAL INTERVENTION required — an approved larger offload (e.g. raw datasets or another project) is needed.
[2026-07-02 01:51:20] [disk_guard] WARNING: this guard will NOT touch raw datasets (Multihateclip/HateMM/ImpliHateVid) or non-project data. Stopping.
[2026-07-02 01:51:20] [disk_guard] ==== disk_guard end ====
[2026-07-02 02:02:03] [disk_guard] ==== disk_guard start (dry_run=0, sourced=0) ====
[2026-07-02 02:02:03] [disk_guard] config: THRESHOLD=250G TARGET=250G RGCL_ROOT=/data/jehc223/RGCL B2_PREFIX=b2:junyi-data/RGCL_video
[2026-07-02 02:02:03] [disk_guard] log file: /data/jehc223/RGCL/slurm/logs/disk_guard.log
[2026-07-02 02:02:03] [disk_guard] current /data usage: 256G (threshold 250G, target 250G).
[2026-07-02 02:02:03] [disk_guard] usage 256G > threshold 250G: starting reclaim.
[2026-07-02 02:02:03] [disk_guard] Step (a): rclone VFS cache purge.
[2026-07-02 02:02:03] [disk_guard]   no rclone vfs* cache dirs present (nothing to do).
[2026-07-02 02:02:03] [disk_guard]   usage now 256G still > target 250G: continuing.
[2026-07-02 02:02:03] [disk_guard] Step (b): HuggingFace cache.
[2026-07-02 02:02:03] [disk_guard]   HF cache purge skipped (conservative); needs manual review. Set DISK_GUARD_HF_PURGE=1 to allow datasets--*/.locks removal (never models--*).
[2026-07-02 02:02:03] [disk_guard]   usage now 256G still > target 250G: continuing.
[2026-07-02 02:02:03] [disk_guard] Step (c): push-verify-prune oldest logging/ checkpoints (mirrored to B2 under logs/).
[2026-07-02 02:02:03] [disk_guard]   found 39 candidate checkpoint(s), oldest-first.
[2026-07-02 02:02:03] [disk_guard]   need to free ~6.00GB to reach target 250G.
[2026-07-02 02:02:03] [disk_guard]   candidate: /data/jehc223/RGCL/logging/Retrieval/MHC/RAC_video/RAC_lr0.0001_Bz64_Ep30_cosSim_triplet_drop[0.2, 0.4, 0.1]_topK20__PseudoGold_positive_1_hard_negative_1_seed0_hybrid_loss/ckpt/best_model_0_0.775.pt
[2026-07-02 02:02:03] [disk_guard]     mtime=2026-07-02 01:11:00 size=40.03MB
[2026-07-02 02:02:03] [disk_guard]     -> b2 subpath: logs/Retrieval/MHC/RAC_video/RAC_lr0.0001_Bz64_Ep30_cosSim_triplet_drop[0.2, 0.4, 0.1]_topK20__PseudoGold_positive_1_hard_negative_1_seed0_hybrid_loss/ckpt/best_model_0_0.775.pt
[2026-07-02 02:02:03] [disk_guard]     pushing to B2 ...
[b2_push] copy: /data/jehc223/RGCL/logging/Retrieval/MHC/RAC_video/RAC_lr0.0001_Bz64_Ep30_cosSim_triplet_drop[0.2, 0.4, 0.1]_topK20__PseudoGold_positive_1_hard_negative_1_seed0_hybrid_loss/ckpt/best_model_0_0.775.pt -> b2:junyi-data/RGCL_video/logs/Retrieval/MHC/RAC_video/RAC_lr0.0001_Bz64_Ep30_cosSim_triplet_drop[0.2, 0.4, 0.1]_topK20__PseudoGold_positive_1_hard_negative_1_seed0_hybrid_loss/ckpt/best_model_0_0.775.pt
Transferred:   	          0 B / 0 B, -, 0 B/s, ETA -
Elapsed time:         0.0s
[b2_push] done -> b2:junyi-data/RGCL_video/logs/Retrieval/MHC/RAC_video/RAC_lr0.0001_Bz64_Ep30_cosSim_triplet_drop[0.2, 0.4, 0.1]_topK20__PseudoGold_positive_1_hard_negative_1_seed0_hybrid_loss/ckpt/best_model_0_0.775.pt
[2026-07-02 02:02:07] [disk_guard] verify: file not found on B2 at exact dest: b2:junyi-data/RGCL_video/logs/Retrieval/MHC/RAC_video/RAC_lr0.0001_Bz64_Ep30_cosSim_triplet_drop[0.2, 0.4, 0.1]_topK20__PseudoGold_positive_1_hard_negative_1_seed0_hybrid_loss/ckpt/best_model_0_0.775.pt
[2026-07-02 02:02:07] [disk_guard]     ERROR: verify failed; local kept (safe): /data/jehc223/RGCL/logging/Retrieval/MHC/RAC_video/RAC_lr0.0001_Bz64_Ep30_cosSim_triplet_drop[0.2, 0.4, 0.1]_topK20__PseudoGold_positive_1_hard_negative_1_seed0_hybrid_loss/ckpt/best_model_0_0.775.pt
[2026-07-02 02:02:07] [disk_guard]   candidate: /data/jehc223/RGCL/logging/Retrieval/HateMM/RAC_video/RAC_lr0.0001_Bz64_Ep30_cosSim_triplet_drop[0.2, 0.4, 0.1]_topK20__PseudoGold_positive_1_hard_negative_1_seed0_hybrid_loss/ckpt/best_model_0_0.8130841121495327.pt
[2026-07-02 02:02:07] [disk_guard]     mtime=2026-07-02 01:11:00 size=40.03MB
[2026-07-02 02:02:07] [disk_guard]     -> b2 subpath: logs/Retrieval/HateMM/RAC_video/RAC_lr0.0001_Bz64_Ep30_cosSim_triplet_drop[0.2, 0.4, 0.1]_topK20__PseudoGold_positive_1_hard_negative_1_seed0_hybrid_loss/ckpt/best_model_0_0.8130841121495327.pt
[2026-07-02 02:02:07] [disk_guard]     pushing to B2 ...
[b2_push] copy: /data/jehc223/RGCL/logging/Retrieval/HateMM/RAC_video/RAC_lr0.0001_Bz64_Ep30_cosSim_triplet_drop[0.2, 0.4, 0.1]_topK20__PseudoGold_positive_1_hard_negative_1_seed0_hybrid_loss/ckpt/best_model_0_0.8130841121495327.pt -> b2:junyi-data/RGCL_video/logs/Retrieval/HateMM/RAC_video/RAC_lr0.0001_Bz64_Ep30_cosSim_triplet_drop[0.2, 0.4, 0.1]_topK20__PseudoGold_positive_1_hard_negative_1_seed0_hybrid_loss/ckpt/best_model_0_0.8130841121495327.pt
Transferred:   	          0 B / 0 B, -, 0 B/s, ETA -
Elapsed time:         0.0s
[b2_push] done -> b2:junyi-data/RGCL_video/logs/Retrieval/HateMM/RAC_video/RAC_lr0.0001_Bz64_Ep30_cosSim_triplet_drop[0.2, 0.4, 0.1]_topK20__PseudoGold_positive_1_hard_negative_1_seed0_hybrid_loss/ckpt/best_model_0_0.8130841121495327.pt
[2026-07-02 02:02:10] [disk_guard] verify: file not found on B2 at exact dest: b2:junyi-data/RGCL_video/logs/Retrieval/HateMM/RAC_video/RAC_lr0.0001_Bz64_Ep30_cosSim_triplet_drop[0.2, 0.4, 0.1]_topK20__PseudoGold_positive_1_hard_negative_1_seed0_hybrid_loss/ckpt/best_model_0_0.8130841121495327.pt
[2026-07-02 02:02:10] [disk_guard]     ERROR: verify failed; local kept (safe): /data/jehc223/RGCL/logging/Retrieval/HateMM/RAC_video/RAC_lr0.0001_Bz64_Ep30_cosSim_triplet_drop[0.2, 0.4, 0.1]_topK20__PseudoGold_positive_1_hard_negative_1_seed0_hybrid_loss/ckpt/best_model_0_0.8130841121495327.pt
[2026-07-02 02:02:10] [disk_guard]   candidate: /data/jehc223/RGCL/logging/Retrieval/HateMM/RAC_video/RAC_lr0.0001_Bz64_Ep30_cosSim_triplet_drop[0.2, 0.4, 0.1]_topK20__PseudoGold_positive_1_hard_negative_1_seed0_hybrid_loss/ckpt/best_model_1_0.8317757009345794.pt
[2026-07-02 02:02:10] [disk_guard]     mtime=2026-07-02 01:11:01 size=40.03MB
[2026-07-02 02:02:10] [disk_guard]     -> b2 subpath: logs/Retrieval/HateMM/RAC_video/RAC_lr0.0001_Bz64_Ep30_cosSim_triplet_drop[0.2, 0.4, 0.1]_topK20__PseudoGold_positive_1_hard_negative_1_seed0_hybrid_loss/ckpt/best_model_1_0.8317757009345794.pt
[2026-07-02 02:02:10] [disk_guard]     pushing to B2 ...
[b2_push] copy: /data/jehc223/RGCL/logging/Retrieval/HateMM/RAC_video/RAC_lr0.0001_Bz64_Ep30_cosSim_triplet_drop[0.2, 0.4, 0.1]_topK20__PseudoGold_positive_1_hard_negative_1_seed0_hybrid_loss/ckpt/best_model_1_0.8317757009345794.pt -> b2:junyi-data/RGCL_video/logs/Retrieval/HateMM/RAC_video/RAC_lr0.0001_Bz64_Ep30_cosSim_triplet_drop[0.2, 0.4, 0.1]_topK20__PseudoGold_positive_1_hard_negative_1_seed0_hybrid_loss/ckpt/best_model_1_0.8317757009345794.pt
Transferred:   	          0 B / 0 B, -, 0 B/s, ETA -
Elapsed time:         0.0s
[b2_push] done -> b2:junyi-data/RGCL_video/logs/Retrieval/HateMM/RAC_video/RAC_lr0.0001_Bz64_Ep30_cosSim_triplet_drop[0.2, 0.4, 0.1]_topK20__PseudoGold_positive_1_hard_negative_1_seed0_hybrid_loss/ckpt/best_model_1_0.8317757009345794.pt
[2026-07-02 02:02:14] [disk_guard] verify: file not found on B2 at exact dest: b2:junyi-data/RGCL_video/logs/Retrieval/HateMM/RAC_video/RAC_lr0.0001_Bz64_Ep30_cosSim_triplet_drop[0.2, 0.4, 0.1]_topK20__PseudoGold_positive_1_hard_negative_1_seed0_hybrid_loss/ckpt/best_model_1_0.8317757009345794.pt
[2026-07-02 02:02:14] [disk_guard]     ERROR: verify failed; local kept (safe): /data/jehc223/RGCL/logging/Retrieval/HateMM/RAC_video/RAC_lr0.0001_Bz64_Ep30_cosSim_triplet_drop[0.2, 0.4, 0.1]_topK20__PseudoGold_positive_1_hard_negative_1_seed0_hybrid_loss/ckpt/best_model_1_0.8317757009345794.pt
[2026-07-02 02:02:14] [disk_guard]   candidate: /data/jehc223/RGCL/logging/Retrieval/MHC/RAC_video/RAC_lr0.0001_Bz64_Ep30_cosSim_triplet_drop[0.2, 0.4, 0.1]_topK20__PseudoGold_positive_1_hard_negative_1_seed0_hybrid_loss/ckpt/best_model_17_0.775.pt
[2026-07-02 02:02:14] [disk_guard]     mtime=2026-07-02 01:11:11 size=40.03MB
[2026-07-02 02:02:14] [disk_guard]     -> b2 subpath: logs/Retrieval/MHC/RAC_video/RAC_lr0.0001_Bz64_Ep30_cosSim_triplet_drop[0.2, 0.4, 0.1]_topK20__PseudoGold_positive_1_hard_negative_1_seed0_hybrid_loss/ckpt/best_model_17_0.775.pt
[2026-07-02 02:02:14] [disk_guard]     pushing to B2 ...
[b2_push] copy: /data/jehc223/RGCL/logging/Retrieval/MHC/RAC_video/RAC_lr0.0001_Bz64_Ep30_cosSim_triplet_drop[0.2, 0.4, 0.1]_topK20__PseudoGold_positive_1_hard_negative_1_seed0_hybrid_loss/ckpt/best_model_17_0.775.pt -> b2:junyi-data/RGCL_video/logs/Retrieval/MHC/RAC_video/RAC_lr0.0001_Bz64_Ep30_cosSim_triplet_drop[0.2, 0.4, 0.1]_topK20__PseudoGold_positive_1_hard_negative_1_seed0_hybrid_loss/ckpt/best_model_17_0.775.pt
Transferred:   	          0 B / 0 B, -, 0 B/s, ETA -
Elapsed time:         0.0s
[b2_push] done -> b2:junyi-data/RGCL_video/logs/Retrieval/MHC/RAC_video/RAC_lr0.0001_Bz64_Ep30_cosSim_triplet_drop[0.2, 0.4, 0.1]_topK20__PseudoGold_positive_1_hard_negative_1_seed0_hybrid_loss/ckpt/best_model_17_0.775.pt
[2026-07-02 02:02:18] [disk_guard] verify: file not found on B2 at exact dest: b2:junyi-data/RGCL_video/logs/Retrieval/MHC/RAC_video/RAC_lr0.0001_Bz64_Ep30_cosSim_triplet_drop[0.2, 0.4, 0.1]_topK20__PseudoGold_positive_1_hard_negative_1_seed0_hybrid_loss/ckpt/best_model_17_0.775.pt
[2026-07-02 02:02:18] [disk_guard]     ERROR: verify failed; local kept (safe): /data/jehc223/RGCL/logging/Retrieval/MHC/RAC_video/RAC_lr0.0001_Bz64_Ep30_cosSim_triplet_drop[0.2, 0.4, 0.1]_topK20__PseudoGold_positive_1_hard_negative_1_seed0_hybrid_loss/ckpt/best_model_17_0.775.pt
[2026-07-02 02:02:18] [disk_guard]   candidate: /data/jehc223/RGCL/logging/Retrieval/HateMM/RAC_video/RAC_lr0.0001_Bz64_Ep30_cosSim_triplet_drop[0.2, 0.4, 0.1]_topK20__PseudoGold_positive_1_hard_negative_1_seed0_hybrid_loss/ckpt/best_model_13_0.8317757009345794.pt
[2026-07-02 02:02:18] [disk_guard]     mtime=2026-07-02 01:11:12 size=40.03MB
[2026-07-02 02:02:18] [disk_guard]     -> b2 subpath: logs/Retrieval/HateMM/RAC_video/RAC_lr0.0001_Bz64_Ep30_cosSim_triplet_drop[0.2, 0.4, 0.1]_topK20__PseudoGold_positive_1_hard_negative_1_seed0_hybrid_loss/ckpt/best_model_13_0.8317757009345794.pt
[2026-07-02 02:02:18] [disk_guard]     pushing to B2 ...
[b2_push] copy: /data/jehc223/RGCL/logging/Retrieval/HateMM/RAC_video/RAC_lr0.0001_Bz64_Ep30_cosSim_triplet_drop[0.2, 0.4, 0.1]_topK20__PseudoGold_positive_1_hard_negative_1_seed0_hybrid_loss/ckpt/best_model_13_0.8317757009345794.pt -> b2:junyi-data/RGCL_video/logs/Retrieval/HateMM/RAC_video/RAC_lr0.0001_Bz64_Ep30_cosSim_triplet_drop[0.2, 0.4, 0.1]_topK20__PseudoGold_positive_1_hard_negative_1_seed0_hybrid_loss/ckpt/best_model_13_0.8317757009345794.pt
Transferred:   	          0 B / 0 B, -, 0 B/s, ETA -
Elapsed time:         0.0s
[b2_push] done -> b2:junyi-data/RGCL_video/logs/Retrieval/HateMM/RAC_video/RAC_lr0.0001_Bz64_Ep30_cosSim_triplet_drop[0.2, 0.4, 0.1]_topK20__PseudoGold_positive_1_hard_negative_1_seed0_hybrid_loss/ckpt/best_model_13_0.8317757009345794.pt
[2026-07-02 02:02:21] [disk_guard] verify: file not found on B2 at exact dest: b2:junyi-data/RGCL_video/logs/Retrieval/HateMM/RAC_video/RAC_lr0.0001_Bz64_Ep30_cosSim_triplet_drop[0.2, 0.4, 0.1]_topK20__PseudoGold_positive_1_hard_negative_1_seed0_hybrid_loss/ckpt/best_model_13_0.8317757009345794.pt
[2026-07-02 02:02:21] [disk_guard]     ERROR: verify failed; local kept (safe): /data/jehc223/RGCL/logging/Retrieval/HateMM/RAC_video/RAC_lr0.0001_Bz64_Ep30_cosSim_triplet_drop[0.2, 0.4, 0.1]_topK20__PseudoGold_positive_1_hard_negative_1_seed0_hybrid_loss/ckpt/best_model_13_0.8317757009345794.pt
[2026-07-02 02:02:21] [disk_guard]   candidate: /data/jehc223/RGCL/logging/Retrieval/HateMM/RAC_video/RAC_lr0.0001_Bz64_Ep30_cosSim_triplet_drop[0.2, 0.4, 0.1]_topK20__PseudoGold_positive_1_hard_negative_1_seed0_hybrid_loss/ckpt/best_model_17_0.8317757009345794.pt
[2026-07-02 02:02:21] [disk_guard]     mtime=2026-07-02 01:11:15 size=40.03MB
[2026-07-02 02:02:21] [disk_guard]     -> b2 subpath: logs/Retrieval/HateMM/RAC_video/RAC_lr0.0001_Bz64_Ep30_cosSim_triplet_drop[0.2, 0.4, 0.1]_topK20__PseudoGold_positive_1_hard_negative_1_seed0_hybrid_loss/ckpt/best_model_17_0.8317757009345794.pt
[2026-07-02 02:02:21] [disk_guard]     pushing to B2 ...
[b2_push] copy: /data/jehc223/RGCL/logging/Retrieval/HateMM/RAC_video/RAC_lr0.0001_Bz64_Ep30_cosSim_triplet_drop[0.2, 0.4, 0.1]_topK20__PseudoGold_positive_1_hard_negative_1_seed0_hybrid_loss/ckpt/best_model_17_0.8317757009345794.pt -> b2:junyi-data/RGCL_video/logs/Retrieval/HateMM/RAC_video/RAC_lr0.0001_Bz64_Ep30_cosSim_triplet_drop[0.2, 0.4, 0.1]_topK20__PseudoGold_positive_1_hard_negative_1_seed0_hybrid_loss/ckpt/best_model_17_0.8317757009345794.pt
Transferred:   	          0 B / 0 B, -, 0 B/s, ETA -
Elapsed time:         0.0s
[b2_push] done -> b2:junyi-data/RGCL_video/logs/Retrieval/HateMM/RAC_video/RAC_lr0.0001_Bz64_Ep30_cosSim_triplet_drop[0.2, 0.4, 0.1]_topK20__PseudoGold_positive_1_hard_negative_1_seed0_hybrid_loss/ckpt/best_model_17_0.8317757009345794.pt
[2026-07-02 02:02:25] [disk_guard] verify: file not found on B2 at exact dest: b2:junyi-data/RGCL_video/logs/Retrieval/HateMM/RAC_video/RAC_lr0.0001_Bz64_Ep30_cosSim_triplet_drop[0.2, 0.4, 0.1]_topK20__PseudoGold_positive_1_hard_negative_1_seed0_hybrid_loss/ckpt/best_model_17_0.8317757009345794.pt
[2026-07-02 02:02:25] [disk_guard]     ERROR: verify failed; local kept (safe): /data/jehc223/RGCL/logging/Retrieval/HateMM/RAC_video/RAC_lr0.0001_Bz64_Ep30_cosSim_triplet_drop[0.2, 0.4, 0.1]_topK20__PseudoGold_positive_1_hard_negative_1_seed0_hybrid_loss/ckpt/best_model_17_0.8317757009345794.pt
[2026-07-02 02:02:25] [disk_guard]   candidate: /data/jehc223/RGCL/logging/Retrieval/HateMM/RAC_video/RAC_lr0.0001_Bz64_Ep30_cosSim_triplet_drop[0.2, 0.4, 0.1]_topK20__PseudoGold_positive_1_hard_negative_1_seed0_hybrid_loss/ckpt/best_model_18_0.8411214953271028.pt
[2026-07-02 02:02:25] [disk_guard]     mtime=2026-07-02 01:11:16 size=40.03MB
[2026-07-02 02:02:25] [disk_guard]     -> b2 subpath: logs/Retrieval/HateMM/RAC_video/RAC_lr0.0001_Bz64_Ep30_cosSim_triplet_drop[0.2, 0.4, 0.1]_topK20__PseudoGold_positive_1_hard_negative_1_seed0_hybrid_loss/ckpt/best_model_18_0.8411214953271028.pt
[2026-07-02 02:02:25] [disk_guard]     pushing to B2 ...
[b2_push] copy: /data/jehc223/RGCL/logging/Retrieval/HateMM/RAC_video/RAC_lr0.0001_Bz64_Ep30_cosSim_triplet_drop[0.2, 0.4, 0.1]_topK20__PseudoGold_positive_1_hard_negative_1_seed0_hybrid_loss/ckpt/best_model_18_0.8411214953271028.pt -> b2:junyi-data/RGCL_video/logs/Retrieval/HateMM/RAC_video/RAC_lr0.0001_Bz64_Ep30_cosSim_triplet_drop[0.2, 0.4, 0.1]_topK20__PseudoGold_positive_1_hard_negative_1_seed0_hybrid_loss/ckpt/best_model_18_0.8411214953271028.pt
Transferred:   	          0 B / 0 B, -, 0 B/s, ETA -
Elapsed time:         0.0s
[b2_push] done -> b2:junyi-data/RGCL_video/logs/Retrieval/HateMM/RAC_video/RAC_lr0.0001_Bz64_Ep30_cosSim_triplet_drop[0.2, 0.4, 0.1]_topK20__PseudoGold_positive_1_hard_negative_1_seed0_hybrid_loss/ckpt/best_model_18_0.8411214953271028.pt
[2026-07-02 02:02:29] [disk_guard] verify: file not found on B2 at exact dest: b2:junyi-data/RGCL_video/logs/Retrieval/HateMM/RAC_video/RAC_lr0.0001_Bz64_Ep30_cosSim_triplet_drop[0.2, 0.4, 0.1]_topK20__PseudoGold_positive_1_hard_negative_1_seed0_hybrid_loss/ckpt/best_model_18_0.8411214953271028.pt
[2026-07-02 02:02:29] [disk_guard]     ERROR: verify failed; local kept (safe): /data/jehc223/RGCL/logging/Retrieval/HateMM/RAC_video/RAC_lr0.0001_Bz64_Ep30_cosSim_triplet_drop[0.2, 0.4, 0.1]_topK20__PseudoGold_positive_1_hard_negative_1_seed0_hybrid_loss/ckpt/best_model_18_0.8411214953271028.pt
[2026-07-02 02:02:29] [disk_guard]   candidate: /data/jehc223/RGCL/logging/Retrieval/MHC/RAC_video/RAC_lr0.0001_Bz64_Ep30_cosSim_triplet_drop[0.2, 0.4, 0.1]_topK20__PseudoGold_positive_1_hard_negative_1_seed0_hybrid_loss/ckpt/best_model_28_0.8.pt
[2026-07-02 02:02:29] [disk_guard]     mtime=2026-07-02 01:11:18 size=40.03MB
[2026-07-02 02:02:29] [disk_guard]     -> b2 subpath: logs/Retrieval/MHC/RAC_video/RAC_lr0.0001_Bz64_Ep30_cosSim_triplet_drop[0.2, 0.4, 0.1]_topK20__PseudoGold_positive_1_hard_negative_1_seed0_hybrid_loss/ckpt/best_model_28_0.8.pt
[2026-07-02 02:02:29] [disk_guard]     pushing to B2 ...
[b2_push] copy: /data/jehc223/RGCL/logging/Retrieval/MHC/RAC_video/RAC_lr0.0001_Bz64_Ep30_cosSim_triplet_drop[0.2, 0.4, 0.1]_topK20__PseudoGold_positive_1_hard_negative_1_seed0_hybrid_loss/ckpt/best_model_28_0.8.pt -> b2:junyi-data/RGCL_video/logs/Retrieval/MHC/RAC_video/RAC_lr0.0001_Bz64_Ep30_cosSim_triplet_drop[0.2, 0.4, 0.1]_topK20__PseudoGold_positive_1_hard_negative_1_seed0_hybrid_loss/ckpt/best_model_28_0.8.pt
Transferred:   	          0 B / 0 B, -, 0 B/s, ETA -
Elapsed time:         0.0s
[b2_push] done -> b2:junyi-data/RGCL_video/logs/Retrieval/MHC/RAC_video/RAC_lr0.0001_Bz64_Ep30_cosSim_triplet_drop[0.2, 0.4, 0.1]_topK20__PseudoGold_positive_1_hard_negative_1_seed0_hybrid_loss/ckpt/best_model_28_0.8.pt
[2026-07-02 02:02:32] [disk_guard] verify: file not found on B2 at exact dest: b2:junyi-data/RGCL_video/logs/Retrieval/MHC/RAC_video/RAC_lr0.0001_Bz64_Ep30_cosSim_triplet_drop[0.2, 0.4, 0.1]_topK20__PseudoGold_positive_1_hard_negative_1_seed0_hybrid_loss/ckpt/best_model_28_0.8.pt
[2026-07-02 02:02:32] [disk_guard]     ERROR: verify failed; local kept (safe): /data/jehc223/RGCL/logging/Retrieval/MHC/RAC_video/RAC_lr0.0001_Bz64_Ep30_cosSim_triplet_drop[0.2, 0.4, 0.1]_topK20__PseudoGold_positive_1_hard_negative_1_seed0_hybrid_loss/ckpt/best_model_28_0.8.pt
[2026-07-02 02:02:33] [disk_guard]   candidate: /data/jehc223/RGCL/logging/Retrieval/MHC/RAC_video/RAC_lr0.0001_Bz64_Ep30_cosSim_triplet_drop[0.2, 0.4, 0.1]_topK20__PseudoGold_positive_1_hard_negative_1_seed0_hybrid_loss/ckpt/last_model_29_0.7625.pt
[2026-07-02 02:02:33] [disk_guard]     mtime=2026-07-02 01:11:19 size=40.03MB
[2026-07-02 02:02:33] [disk_guard]     -> b2 subpath: logs/Retrieval/MHC/RAC_video/RAC_lr0.0001_Bz64_Ep30_cosSim_triplet_drop[0.2, 0.4, 0.1]_topK20__PseudoGold_positive_1_hard_negative_1_seed0_hybrid_loss/ckpt/last_model_29_0.7625.pt
[2026-07-02 02:02:33] [disk_guard]     pushing to B2 ...
[b2_push] copy: /data/jehc223/RGCL/logging/Retrieval/MHC/RAC_video/RAC_lr0.0001_Bz64_Ep30_cosSim_triplet_drop[0.2, 0.4, 0.1]_topK20__PseudoGold_positive_1_hard_negative_1_seed0_hybrid_loss/ckpt/last_model_29_0.7625.pt -> b2:junyi-data/RGCL_video/logs/Retrieval/MHC/RAC_video/RAC_lr0.0001_Bz64_Ep30_cosSim_triplet_drop[0.2, 0.4, 0.1]_topK20__PseudoGold_positive_1_hard_negative_1_seed0_hybrid_loss/ckpt/last_model_29_0.7625.pt
Transferred:   	          0 B / 0 B, -, 0 B/s, ETA -
Elapsed time:         0.0s
[b2_push] done -> b2:junyi-data/RGCL_video/logs/Retrieval/MHC/RAC_video/RAC_lr0.0001_Bz64_Ep30_cosSim_triplet_drop[0.2, 0.4, 0.1]_topK20__PseudoGold_positive_1_hard_negative_1_seed0_hybrid_loss/ckpt/last_model_29_0.7625.pt
[2026-07-02 02:02:36] [disk_guard] verify: file not found on B2 at exact dest: b2:junyi-data/RGCL_video/logs/Retrieval/MHC/RAC_video/RAC_lr0.0001_Bz64_Ep30_cosSim_triplet_drop[0.2, 0.4, 0.1]_topK20__PseudoGold_positive_1_hard_negative_1_seed0_hybrid_loss/ckpt/last_model_29_0.7625.pt
[2026-07-02 02:02:36] [disk_guard]     ERROR: verify failed; local kept (safe): /data/jehc223/RGCL/logging/Retrieval/MHC/RAC_video/RAC_lr0.0001_Bz64_Ep30_cosSim_triplet_drop[0.2, 0.4, 0.1]_topK20__PseudoGold_positive_1_hard_negative_1_seed0_hybrid_loss/ckpt/last_model_29_0.7625.pt
[2026-07-02 02:02:36] [disk_guard]   candidate: /data/jehc223/RGCL/logging/Retrieval/HateMM/RAC_video/RAC_lr0.0001_Bz64_Ep30_cosSim_triplet_drop[0.2, 0.4, 0.1]_topK20__PseudoGold_positive_1_hard_negative_1_seed0_hybrid_loss/ckpt/best_model_28_0.8598130841121495.pt
[2026-07-02 02:02:36] [disk_guard]     mtime=2026-07-02 01:11:25 size=40.03MB
[2026-07-02 02:02:36] [disk_guard]     -> b2 subpath: logs/Retrieval/HateMM/RAC_video/RAC_lr0.0001_Bz64_Ep30_cosSim_triplet_drop[0.2, 0.4, 0.1]_topK20__PseudoGold_positive_1_hard_negative_1_seed0_hybrid_loss/ckpt/best_model_28_0.8598130841121495.pt
[2026-07-02 02:02:36] [disk_guard]     pushing to B2 ...
[b2_push] copy: /data/jehc223/RGCL/logging/Retrieval/HateMM/RAC_video/RAC_lr0.0001_Bz64_Ep30_cosSim_triplet_drop[0.2, 0.4, 0.1]_topK20__PseudoGold_positive_1_hard_negative_1_seed0_hybrid_loss/ckpt/best_model_28_0.8598130841121495.pt -> b2:junyi-data/RGCL_video/logs/Retrieval/HateMM/RAC_video/RAC_lr0.0001_Bz64_Ep30_cosSim_triplet_drop[0.2, 0.4, 0.1]_topK20__PseudoGold_positive_1_hard_negative_1_seed0_hybrid_loss/ckpt/best_model_28_0.8598130841121495.pt
Transferred:   	          0 B / 0 B, -, 0 B/s, ETA -
Elapsed time:         0.0s
[b2_push] done -> b2:junyi-data/RGCL_video/logs/Retrieval/HateMM/RAC_video/RAC_lr0.0001_Bz64_Ep30_cosSim_triplet_drop[0.2, 0.4, 0.1]_topK20__PseudoGold_positive_1_hard_negative_1_seed0_hybrid_loss/ckpt/best_model_28_0.8598130841121495.pt
[2026-07-02 02:02:40] [disk_guard] verify: file not found on B2 at exact dest: b2:junyi-data/RGCL_video/logs/Retrieval/HateMM/RAC_video/RAC_lr0.0001_Bz64_Ep30_cosSim_triplet_drop[0.2, 0.4, 0.1]_topK20__PseudoGold_positive_1_hard_negative_1_seed0_hybrid_loss/ckpt/best_model_28_0.8598130841121495.pt
[2026-07-02 02:02:40] [disk_guard]     ERROR: verify failed; local kept (safe): /data/jehc223/RGCL/logging/Retrieval/HateMM/RAC_video/RAC_lr0.0001_Bz64_Ep30_cosSim_triplet_drop[0.2, 0.4, 0.1]_topK20__PseudoGold_positive_1_hard_negative_1_seed0_hybrid_loss/ckpt/best_model_28_0.8598130841121495.pt
[2026-07-02 02:02:40] [disk_guard]   candidate: /data/jehc223/RGCL/logging/Retrieval/HateMM/RAC_video/RAC_lr0.0001_Bz64_Ep30_cosSim_triplet_drop[0.2, 0.4, 0.1]_topK20__PseudoGold_positive_1_hard_negative_1_seed0_hybrid_loss/ckpt/last_model_29_0.8504672897196262.pt
[2026-07-02 02:02:40] [disk_guard]     mtime=2026-07-02 01:11:26 size=40.03MB
[2026-07-02 02:02:40] [disk_guard]     -> b2 subpath: logs/Retrieval/HateMM/RAC_video/RAC_lr0.0001_Bz64_Ep30_cosSim_triplet_drop[0.2, 0.4, 0.1]_topK20__PseudoGold_positive_1_hard_negative_1_seed0_hybrid_loss/ckpt/last_model_29_0.8504672897196262.pt
[2026-07-02 02:02:40] [disk_guard]     pushing to B2 ...
[b2_push] copy: /data/jehc223/RGCL/logging/Retrieval/HateMM/RAC_video/RAC_lr0.0001_Bz64_Ep30_cosSim_triplet_drop[0.2, 0.4, 0.1]_topK20__PseudoGold_positive_1_hard_negative_1_seed0_hybrid_loss/ckpt/last_model_29_0.8504672897196262.pt -> b2:junyi-data/RGCL_video/logs/Retrieval/HateMM/RAC_video/RAC_lr0.0001_Bz64_Ep30_cosSim_triplet_drop[0.2, 0.4, 0.1]_topK20__PseudoGold_positive_1_hard_negative_1_seed0_hybrid_loss/ckpt/last_model_29_0.8504672897196262.pt
Transferred:   	          0 B / 0 B, -, 0 B/s, ETA -
Elapsed time:         0.0s
[b2_push] done -> b2:junyi-data/RGCL_video/logs/Retrieval/HateMM/RAC_video/RAC_lr0.0001_Bz64_Ep30_cosSim_triplet_drop[0.2, 0.4, 0.1]_topK20__PseudoGold_positive_1_hard_negative_1_seed0_hybrid_loss/ckpt/last_model_29_0.8504672897196262.pt
[2026-07-02 02:02:44] [disk_guard] verify: file not found on B2 at exact dest: b2:junyi-data/RGCL_video/logs/Retrieval/HateMM/RAC_video/RAC_lr0.0001_Bz64_Ep30_cosSim_triplet_drop[0.2, 0.4, 0.1]_topK20__PseudoGold_positive_1_hard_negative_1_seed0_hybrid_loss/ckpt/last_model_29_0.8504672897196262.pt
[2026-07-02 02:02:44] [disk_guard]     ERROR: verify failed; local kept (safe): /data/jehc223/RGCL/logging/Retrieval/HateMM/RAC_video/RAC_lr0.0001_Bz64_Ep30_cosSim_triplet_drop[0.2, 0.4, 0.1]_topK20__PseudoGold_positive_1_hard_negative_1_seed0_hybrid_loss/ckpt/last_model_29_0.8504672897196262.pt
[2026-07-02 02:02:44] [disk_guard]   candidate: /data/jehc223/RGCL/logging/Retrieval/MHC/RAC_video/RAC_lr0.0001_Bz64_Ep30_cosSim_triplet_drop[0.2, 0.4, 0.1]_topK20__PseudoGold_positive_1_hard_negative_1_seed0_hybrid_loss/ckpt/best_model_0_0.725.pt
[2026-07-02 02:02:44] [disk_guard]     mtime=2026-07-02 01:12:40 size=19.03MB
[2026-07-02 02:02:44] [disk_guard]     -> b2 subpath: logs/Retrieval/MHC/RAC_video/RAC_lr0.0001_Bz64_Ep30_cosSim_triplet_drop[0.2, 0.4, 0.1]_topK20__PseudoGold_positive_1_hard_negative_1_seed0_hybrid_loss/ckpt/best_model_0_0.725.pt
[2026-07-02 02:02:44] [disk_guard]     pushing to B2 ...
[b2_push] copy: /data/jehc223/RGCL/logging/Retrieval/MHC/RAC_video/RAC_lr0.0001_Bz64_Ep30_cosSim_triplet_drop[0.2, 0.4, 0.1]_topK20__PseudoGold_positive_1_hard_negative_1_seed0_hybrid_loss/ckpt/best_model_0_0.725.pt -> b2:junyi-data/RGCL_video/logs/Retrieval/MHC/RAC_video/RAC_lr0.0001_Bz64_Ep30_cosSim_triplet_drop[0.2, 0.4, 0.1]_topK20__PseudoGold_positive_1_hard_negative_1_seed0_hybrid_loss/ckpt/best_model_0_0.725.pt
Transferred:   	          0 B / 0 B, -, 0 B/s, ETA -
Elapsed time:         0.0s
[b2_push] done -> b2:junyi-data/RGCL_video/logs/Retrieval/MHC/RAC_video/RAC_lr0.0001_Bz64_Ep30_cosSim_triplet_drop[0.2, 0.4, 0.1]_topK20__PseudoGold_positive_1_hard_negative_1_seed0_hybrid_loss/ckpt/best_model_0_0.725.pt
[2026-07-02 02:02:47] [disk_guard] verify: file not found on B2 at exact dest: b2:junyi-data/RGCL_video/logs/Retrieval/MHC/RAC_video/RAC_lr0.0001_Bz64_Ep30_cosSim_triplet_drop[0.2, 0.4, 0.1]_topK20__PseudoGold_positive_1_hard_negative_1_seed0_hybrid_loss/ckpt/best_model_0_0.725.pt
[2026-07-02 02:02:47] [disk_guard]     ERROR: verify failed; local kept (safe): /data/jehc223/RGCL/logging/Retrieval/MHC/RAC_video/RAC_lr0.0001_Bz64_Ep30_cosSim_triplet_drop[0.2, 0.4, 0.1]_topK20__PseudoGold_positive_1_hard_negative_1_seed0_hybrid_loss/ckpt/best_model_0_0.725.pt
[2026-07-02 02:02:47] [disk_guard]   candidate: /data/jehc223/RGCL/logging/Retrieval/HateMM/RAC_video/RAC_lr0.0001_Bz64_Ep30_cosSim_triplet_drop[0.2, 0.4, 0.1]_topK20__PseudoGold_positive_1_hard_negative_1_seed0_hybrid_loss/ckpt/best_model_0_0.7476635514018691.pt
[2026-07-02 02:02:47] [disk_guard]     mtime=2026-07-02 01:12:40 size=19.03MB
[2026-07-02 02:02:47] [disk_guard]     -> b2 subpath: logs/Retrieval/HateMM/RAC_video/RAC_lr0.0001_Bz64_Ep30_cosSim_triplet_drop[0.2, 0.4, 0.1]_topK20__PseudoGold_positive_1_hard_negative_1_seed0_hybrid_loss/ckpt/best_model_0_0.7476635514018691.pt
[2026-07-02 02:02:47] [disk_guard]     pushing to B2 ...
[b2_push] copy: /data/jehc223/RGCL/logging/Retrieval/HateMM/RAC_video/RAC_lr0.0001_Bz64_Ep30_cosSim_triplet_drop[0.2, 0.4, 0.1]_topK20__PseudoGold_positive_1_hard_negative_1_seed0_hybrid_loss/ckpt/best_model_0_0.7476635514018691.pt -> b2:junyi-data/RGCL_video/logs/Retrieval/HateMM/RAC_video/RAC_lr0.0001_Bz64_Ep30_cosSim_triplet_drop[0.2, 0.4, 0.1]_topK20__PseudoGold_positive_1_hard_negative_1_seed0_hybrid_loss/ckpt/best_model_0_0.7476635514018691.pt
Transferred:   	          0 B / 0 B, -, 0 B/s, ETA -
Elapsed time:         0.0s
[b2_push] done -> b2:junyi-data/RGCL_video/logs/Retrieval/HateMM/RAC_video/RAC_lr0.0001_Bz64_Ep30_cosSim_triplet_drop[0.2, 0.4, 0.1]_topK20__PseudoGold_positive_1_hard_negative_1_seed0_hybrid_loss/ckpt/best_model_0_0.7476635514018691.pt
[2026-07-02 02:02:51] [disk_guard] verify: file not found on B2 at exact dest: b2:junyi-data/RGCL_video/logs/Retrieval/HateMM/RAC_video/RAC_lr0.0001_Bz64_Ep30_cosSim_triplet_drop[0.2, 0.4, 0.1]_topK20__PseudoGold_positive_1_hard_negative_1_seed0_hybrid_loss/ckpt/best_model_0_0.7476635514018691.pt
[2026-07-02 02:02:51] [disk_guard]     ERROR: verify failed; local kept (safe): /data/jehc223/RGCL/logging/Retrieval/HateMM/RAC_video/RAC_lr0.0001_Bz64_Ep30_cosSim_triplet_drop[0.2, 0.4, 0.1]_topK20__PseudoGold_positive_1_hard_negative_1_seed0_hybrid_loss/ckpt/best_model_0_0.7476635514018691.pt
[2026-07-02 02:02:51] [disk_guard]   candidate: /data/jehc223/RGCL/logging/Retrieval/HateMM/RAC_video/RAC_lr0.0001_Bz64_Ep30_cosSim_triplet_drop[0.2, 0.4, 0.1]_topK20__PseudoGold_positive_1_hard_negative_1_seed0_hybrid_loss/ckpt/best_model_1_0.7757009345794392.pt
[2026-07-02 02:02:51] [disk_guard]     mtime=2026-07-02 01:12:41 size=19.03MB
[2026-07-02 02:02:51] [disk_guard]     -> b2 subpath: logs/Retrieval/HateMM/RAC_video/RAC_lr0.0001_Bz64_Ep30_cosSim_triplet_drop[0.2, 0.4, 0.1]_topK20__PseudoGold_positive_1_hard_negative_1_seed0_hybrid_loss/ckpt/best_model_1_0.7757009345794392.pt
[2026-07-02 02:02:51] [disk_guard]     pushing to B2 ...
[b2_push] copy: /data/jehc223/RGCL/logging/Retrieval/HateMM/RAC_video/RAC_lr0.0001_Bz64_Ep30_cosSim_triplet_drop[0.2, 0.4, 0.1]_topK20__PseudoGold_positive_1_hard_negative_1_seed0_hybrid_loss/ckpt/best_model_1_0.7757009345794392.pt -> b2:junyi-data/RGCL_video/logs/Retrieval/HateMM/RAC_video/RAC_lr0.0001_Bz64_Ep30_cosSim_triplet_drop[0.2, 0.4, 0.1]_topK20__PseudoGold_positive_1_hard_negative_1_seed0_hybrid_loss/ckpt/best_model_1_0.7757009345794392.pt
Transferred:   	          0 B / 0 B, -, 0 B/s, ETA -
Elapsed time:         0.0s
[b2_push] done -> b2:junyi-data/RGCL_video/logs/Retrieval/HateMM/RAC_video/RAC_lr0.0001_Bz64_Ep30_cosSim_triplet_drop[0.2, 0.4, 0.1]_topK20__PseudoGold_positive_1_hard_negative_1_seed0_hybrid_loss/ckpt/best_model_1_0.7757009345794392.pt
[2026-07-02 02:02:54] [disk_guard] verify: file not found on B2 at exact dest: b2:junyi-data/RGCL_video/logs/Retrieval/HateMM/RAC_video/RAC_lr0.0001_Bz64_Ep30_cosSim_triplet_drop[0.2, 0.4, 0.1]_topK20__PseudoGold_positive_1_hard_negative_1_seed0_hybrid_loss/ckpt/best_model_1_0.7757009345794392.pt
[2026-07-02 02:02:55] [disk_guard]     ERROR: verify failed; local kept (safe): /data/jehc223/RGCL/logging/Retrieval/HateMM/RAC_video/RAC_lr0.0001_Bz64_Ep30_cosSim_triplet_drop[0.2, 0.4, 0.1]_topK20__PseudoGold_positive_1_hard_negative_1_seed0_hybrid_loss/ckpt/best_model_1_0.7757009345794392.pt
[2026-07-02 02:02:55] [disk_guard]   candidate: /data/jehc223/RGCL/logging/Retrieval/HateMM/RAC_video/RAC_lr0.0001_Bz64_Ep30_cosSim_triplet_drop[0.2, 0.4, 0.1]_topK20__PseudoGold_positive_1_hard_negative_1_seed0_hybrid_loss/ckpt/best_model_3_0.794392523364486.pt
[2026-07-02 02:02:55] [disk_guard]     mtime=2026-07-02 01:12:42 size=19.03MB
[2026-07-02 02:02:55] [disk_guard]     -> b2 subpath: logs/Retrieval/HateMM/RAC_video/RAC_lr0.0001_Bz64_Ep30_cosSim_triplet_drop[0.2, 0.4, 0.1]_topK20__PseudoGold_positive_1_hard_negative_1_seed0_hybrid_loss/ckpt/best_model_3_0.794392523364486.pt
[2026-07-02 02:02:55] [disk_guard]     pushing to B2 ...
[b2_push] copy: /data/jehc223/RGCL/logging/Retrieval/HateMM/RAC_video/RAC_lr0.0001_Bz64_Ep30_cosSim_triplet_drop[0.2, 0.4, 0.1]_topK20__PseudoGold_positive_1_hard_negative_1_seed0_hybrid_loss/ckpt/best_model_3_0.794392523364486.pt -> b2:junyi-data/RGCL_video/logs/Retrieval/HateMM/RAC_video/RAC_lr0.0001_Bz64_Ep30_cosSim_triplet_drop[0.2, 0.4, 0.1]_topK20__PseudoGold_positive_1_hard_negative_1_seed0_hybrid_loss/ckpt/best_model_3_0.794392523364486.pt
Transferred:   	          0 B / 0 B, -, 0 B/s, ETA -
Elapsed time:         0.0s
[b2_push] done -> b2:junyi-data/RGCL_video/logs/Retrieval/HateMM/RAC_video/RAC_lr0.0001_Bz64_Ep30_cosSim_triplet_drop[0.2, 0.4, 0.1]_topK20__PseudoGold_positive_1_hard_negative_1_seed0_hybrid_loss/ckpt/best_model_3_0.794392523364486.pt
[2026-07-02 02:02:58] [disk_guard] verify: file not found on B2 at exact dest: b2:junyi-data/RGCL_video/logs/Retrieval/HateMM/RAC_video/RAC_lr0.0001_Bz64_Ep30_cosSim_triplet_drop[0.2, 0.4, 0.1]_topK20__PseudoGold_positive_1_hard_negative_1_seed0_hybrid_loss/ckpt/best_model_3_0.794392523364486.pt
[2026-07-02 02:02:58] [disk_guard]     ERROR: verify failed; local kept (safe): /data/jehc223/RGCL/logging/Retrieval/HateMM/RAC_video/RAC_lr0.0001_Bz64_Ep30_cosSim_triplet_drop[0.2, 0.4, 0.1]_topK20__PseudoGold_positive_1_hard_negative_1_seed0_hybrid_loss/ckpt/best_model_3_0.794392523364486.pt
[2026-07-02 02:02:58] [disk_guard]   candidate: /data/jehc223/RGCL/logging/Retrieval/HateMM/RAC_video/RAC_lr0.0001_Bz64_Ep30_cosSim_triplet_drop[0.2, 0.4, 0.1]_topK20__PseudoGold_positive_1_hard_negative_1_seed0_hybrid_loss/ckpt/best_model_4_0.8037383177570093.pt
[2026-07-02 02:02:58] [disk_guard]     mtime=2026-07-02 01:12:43 size=19.03MB
[2026-07-02 02:02:58] [disk_guard]     -> b2 subpath: logs/Retrieval/HateMM/RAC_video/RAC_lr0.0001_Bz64_Ep30_cosSim_triplet_drop[0.2, 0.4, 0.1]_topK20__PseudoGold_positive_1_hard_negative_1_seed0_hybrid_loss/ckpt/best_model_4_0.8037383177570093.pt
[2026-07-02 02:02:58] [disk_guard]     pushing to B2 ...
[b2_push] copy: /data/jehc223/RGCL/logging/Retrieval/HateMM/RAC_video/RAC_lr0.0001_Bz64_Ep30_cosSim_triplet_drop[0.2, 0.4, 0.1]_topK20__PseudoGold_positive_1_hard_negative_1_seed0_hybrid_loss/ckpt/best_model_4_0.8037383177570093.pt -> b2:junyi-data/RGCL_video/logs/Retrieval/HateMM/RAC_video/RAC_lr0.0001_Bz64_Ep30_cosSim_triplet_drop[0.2, 0.4, 0.1]_topK20__PseudoGold_positive_1_hard_negative_1_seed0_hybrid_loss/ckpt/best_model_4_0.8037383177570093.pt
Transferred:   	          0 B / 0 B, -, 0 B/s, ETA -
Elapsed time:         0.0s
[b2_push] done -> b2:junyi-data/RGCL_video/logs/Retrieval/HateMM/RAC_video/RAC_lr0.0001_Bz64_Ep30_cosSim_triplet_drop[0.2, 0.4, 0.1]_topK20__PseudoGold_positive_1_hard_negative_1_seed0_hybrid_loss/ckpt/best_model_4_0.8037383177570093.pt
[2026-07-02 02:03:02] [disk_guard] verify: file not found on B2 at exact dest: b2:junyi-data/RGCL_video/logs/Retrieval/HateMM/RAC_video/RAC_lr0.0001_Bz64_Ep30_cosSim_triplet_drop[0.2, 0.4, 0.1]_topK20__PseudoGold_positive_1_hard_negative_1_seed0_hybrid_loss/ckpt/best_model_4_0.8037383177570093.pt
[2026-07-02 02:03:02] [disk_guard]     ERROR: verify failed; local kept (safe): /data/jehc223/RGCL/logging/Retrieval/HateMM/RAC_video/RAC_lr0.0001_Bz64_Ep30_cosSim_triplet_drop[0.2, 0.4, 0.1]_topK20__PseudoGold_positive_1_hard_negative_1_seed0_hybrid_loss/ckpt/best_model_4_0.8037383177570093.pt
[2026-07-02 02:03:02] [disk_guard]   candidate: /data/jehc223/RGCL/logging/Retrieval/MHC/RAC_video/RAC_lr0.0001_Bz64_Ep30_cosSim_triplet_drop[0.2, 0.4, 0.1]_topK20__PseudoGold_positive_1_hard_negative_1_seed0_hybrid_loss/ckpt/best_model_8_0.75.pt
[2026-07-02 02:03:02] [disk_guard]     mtime=2026-07-02 01:12:45 size=19.03MB
[2026-07-02 02:03:02] [disk_guard]     -> b2 subpath: logs/Retrieval/MHC/RAC_video/RAC_lr0.0001_Bz64_Ep30_cosSim_triplet_drop[0.2, 0.4, 0.1]_topK20__PseudoGold_positive_1_hard_negative_1_seed0_hybrid_loss/ckpt/best_model_8_0.75.pt
[2026-07-02 02:03:02] [disk_guard]     pushing to B2 ...
[b2_push] copy: /data/jehc223/RGCL/logging/Retrieval/MHC/RAC_video/RAC_lr0.0001_Bz64_Ep30_cosSim_triplet_drop[0.2, 0.4, 0.1]_topK20__PseudoGold_positive_1_hard_negative_1_seed0_hybrid_loss/ckpt/best_model_8_0.75.pt -> b2:junyi-data/RGCL_video/logs/Retrieval/MHC/RAC_video/RAC_lr0.0001_Bz64_Ep30_cosSim_triplet_drop[0.2, 0.4, 0.1]_topK20__PseudoGold_positive_1_hard_negative_1_seed0_hybrid_loss/ckpt/best_model_8_0.75.pt
Transferred:   	          0 B / 0 B, -, 0 B/s, ETA -
Elapsed time:         0.0s
[b2_push] done -> b2:junyi-data/RGCL_video/logs/Retrieval/MHC/RAC_video/RAC_lr0.0001_Bz64_Ep30_cosSim_triplet_drop[0.2, 0.4, 0.1]_topK20__PseudoGold_positive_1_hard_negative_1_seed0_hybrid_loss/ckpt/best_model_8_0.75.pt
[2026-07-02 02:03:06] [disk_guard] verify: file not found on B2 at exact dest: b2:junyi-data/RGCL_video/logs/Retrieval/MHC/RAC_video/RAC_lr0.0001_Bz64_Ep30_cosSim_triplet_drop[0.2, 0.4, 0.1]_topK20__PseudoGold_positive_1_hard_negative_1_seed0_hybrid_loss/ckpt/best_model_8_0.75.pt
[2026-07-02 02:03:06] [disk_guard]     ERROR: verify failed; local kept (safe): /data/jehc223/RGCL/logging/Retrieval/MHC/RAC_video/RAC_lr0.0001_Bz64_Ep30_cosSim_triplet_drop[0.2, 0.4, 0.1]_topK20__PseudoGold_positive_1_hard_negative_1_seed0_hybrid_loss/ckpt/best_model_8_0.75.pt
[2026-07-02 02:03:06] [disk_guard]   candidate: /data/jehc223/RGCL/logging/Retrieval/HateMM/RAC_video/RAC_lr0.0001_Bz64_Ep30_cosSim_triplet_drop[0.2, 0.4, 0.1]_topK20__PseudoGold_positive_1_hard_negative_1_seed0_hybrid_loss/ckpt/best_model_9_0.8130841121495327.pt
[2026-07-02 02:03:06] [disk_guard]     mtime=2026-07-02 01:12:47 size=19.03MB
[2026-07-02 02:03:06] [disk_guard]     -> b2 subpath: logs/Retrieval/HateMM/RAC_video/RAC_lr0.0001_Bz64_Ep30_cosSim_triplet_drop[0.2, 0.4, 0.1]_topK20__PseudoGold_positive_1_hard_negative_1_seed0_hybrid_loss/ckpt/best_model_9_0.8130841121495327.pt
[2026-07-02 02:03:06] [disk_guard]     pushing to B2 ...
[b2_push] copy: /data/jehc223/RGCL/logging/Retrieval/HateMM/RAC_video/RAC_lr0.0001_Bz64_Ep30_cosSim_triplet_drop[0.2, 0.4, 0.1]_topK20__PseudoGold_positive_1_hard_negative_1_seed0_hybrid_loss/ckpt/best_model_9_0.8130841121495327.pt -> b2:junyi-data/RGCL_video/logs/Retrieval/HateMM/RAC_video/RAC_lr0.0001_Bz64_Ep30_cosSim_triplet_drop[0.2, 0.4, 0.1]_topK20__PseudoGold_positive_1_hard_negative_1_seed0_hybrid_loss/ckpt/best_model_9_0.8130841121495327.pt
Transferred:   	          0 B / 0 B, -, 0 B/s, ETA -
Elapsed time:         0.0s
[b2_push] done -> b2:junyi-data/RGCL_video/logs/Retrieval/HateMM/RAC_video/RAC_lr0.0001_Bz64_Ep30_cosSim_triplet_drop[0.2, 0.4, 0.1]_topK20__PseudoGold_positive_1_hard_negative_1_seed0_hybrid_loss/ckpt/best_model_9_0.8130841121495327.pt
[2026-07-02 02:03:09] [disk_guard] verify: file not found on B2 at exact dest: b2:junyi-data/RGCL_video/logs/Retrieval/HateMM/RAC_video/RAC_lr0.0001_Bz64_Ep30_cosSim_triplet_drop[0.2, 0.4, 0.1]_topK20__PseudoGold_positive_1_hard_negative_1_seed0_hybrid_loss/ckpt/best_model_9_0.8130841121495327.pt
[2026-07-02 02:03:09] [disk_guard]     ERROR: verify failed; local kept (safe): /data/jehc223/RGCL/logging/Retrieval/HateMM/RAC_video/RAC_lr0.0001_Bz64_Ep30_cosSim_triplet_drop[0.2, 0.4, 0.1]_topK20__PseudoGold_positive_1_hard_negative_1_seed0_hybrid_loss/ckpt/best_model_9_0.8130841121495327.pt
[2026-07-02 02:03:09] [disk_guard]   candidate: /data/jehc223/RGCL/logging/Retrieval/MHC/RAC_video/RAC_lr0.0001_Bz64_Ep30_cosSim_triplet_drop[0.2, 0.4, 0.1]_topK20__PseudoGold_positive_1_hard_negative_1_seed0_hybrid_loss/ckpt/best_model_18_0.75.pt
[2026-07-02 02:03:09] [disk_guard]     mtime=2026-07-02 01:12:51 size=19.03MB
[2026-07-02 02:03:09] [disk_guard]     -> b2 subpath: logs/Retrieval/MHC/RAC_video/RAC_lr0.0001_Bz64_Ep30_cosSim_triplet_drop[0.2, 0.4, 0.1]_topK20__PseudoGold_positive_1_hard_negative_1_seed0_hybrid_loss/ckpt/best_model_18_0.75.pt
[2026-07-02 02:03:09] [disk_guard]     pushing to B2 ...
[b2_push] copy: /data/jehc223/RGCL/logging/Retrieval/MHC/RAC_video/RAC_lr0.0001_Bz64_Ep30_cosSim_triplet_drop[0.2, 0.4, 0.1]_topK20__PseudoGold_positive_1_hard_negative_1_seed0_hybrid_loss/ckpt/best_model_18_0.75.pt -> b2:junyi-data/RGCL_video/logs/Retrieval/MHC/RAC_video/RAC_lr0.0001_Bz64_Ep30_cosSim_triplet_drop[0.2, 0.4, 0.1]_topK20__PseudoGold_positive_1_hard_negative_1_seed0_hybrid_loss/ckpt/best_model_18_0.75.pt
Transferred:   	          0 B / 0 B, -, 0 B/s, ETA -
Elapsed time:         0.0s
[b2_push] done -> b2:junyi-data/RGCL_video/logs/Retrieval/MHC/RAC_video/RAC_lr0.0001_Bz64_Ep30_cosSim_triplet_drop[0.2, 0.4, 0.1]_topK20__PseudoGold_positive_1_hard_negative_1_seed0_hybrid_loss/ckpt/best_model_18_0.75.pt
[2026-07-02 02:03:13] [disk_guard] verify: file not found on B2 at exact dest: b2:junyi-data/RGCL_video/logs/Retrieval/MHC/RAC_video/RAC_lr0.0001_Bz64_Ep30_cosSim_triplet_drop[0.2, 0.4, 0.1]_topK20__PseudoGold_positive_1_hard_negative_1_seed0_hybrid_loss/ckpt/best_model_18_0.75.pt
[2026-07-02 02:03:13] [disk_guard]     ERROR: verify failed; local kept (safe): /data/jehc223/RGCL/logging/Retrieval/MHC/RAC_video/RAC_lr0.0001_Bz64_Ep30_cosSim_triplet_drop[0.2, 0.4, 0.1]_topK20__PseudoGold_positive_1_hard_negative_1_seed0_hybrid_loss/ckpt/best_model_18_0.75.pt
[2026-07-02 02:03:13] [disk_guard]   candidate: /data/jehc223/RGCL/logging/Retrieval/MHC/RAC_video/RAC_lr0.0001_Bz64_Ep30_cosSim_triplet_drop[0.2, 0.4, 0.1]_topK20__PseudoGold_positive_1_hard_negative_1_seed0_hybrid_loss/ckpt/best_model_19_0.75.pt
[2026-07-02 02:03:13] [disk_guard]     mtime=2026-07-02 01:12:52 size=19.03MB
[2026-07-02 02:03:13] [disk_guard]     -> b2 subpath: logs/Retrieval/MHC/RAC_video/RAC_lr0.0001_Bz64_Ep30_cosSim_triplet_drop[0.2, 0.4, 0.1]_topK20__PseudoGold_positive_1_hard_negative_1_seed0_hybrid_loss/ckpt/best_model_19_0.75.pt
[2026-07-02 02:03:13] [disk_guard]     pushing to B2 ...
[b2_push] copy: /data/jehc223/RGCL/logging/Retrieval/MHC/RAC_video/RAC_lr0.0001_Bz64_Ep30_cosSim_triplet_drop[0.2, 0.4, 0.1]_topK20__PseudoGold_positive_1_hard_negative_1_seed0_hybrid_loss/ckpt/best_model_19_0.75.pt -> b2:junyi-data/RGCL_video/logs/Retrieval/MHC/RAC_video/RAC_lr0.0001_Bz64_Ep30_cosSim_triplet_drop[0.2, 0.4, 0.1]_topK20__PseudoGold_positive_1_hard_negative_1_seed0_hybrid_loss/ckpt/best_model_19_0.75.pt
Transferred:   	          0 B / 0 B, -, 0 B/s, ETA -
Elapsed time:         0.0s
[b2_push] done -> b2:junyi-data/RGCL_video/logs/Retrieval/MHC/RAC_video/RAC_lr0.0001_Bz64_Ep30_cosSim_triplet_drop[0.2, 0.4, 0.1]_topK20__PseudoGold_positive_1_hard_negative_1_seed0_hybrid_loss/ckpt/best_model_19_0.75.pt
[2026-07-02 02:03:17] [disk_guard] verify: file not found on B2 at exact dest: b2:junyi-data/RGCL_video/logs/Retrieval/MHC/RAC_video/RAC_lr0.0001_Bz64_Ep30_cosSim_triplet_drop[0.2, 0.4, 0.1]_topK20__PseudoGold_positive_1_hard_negative_1_seed0_hybrid_loss/ckpt/best_model_19_0.75.pt
[2026-07-02 02:03:17] [disk_guard]     ERROR: verify failed; local kept (safe): /data/jehc223/RGCL/logging/Retrieval/MHC/RAC_video/RAC_lr0.0001_Bz64_Ep30_cosSim_triplet_drop[0.2, 0.4, 0.1]_topK20__PseudoGold_positive_1_hard_negative_1_seed0_hybrid_loss/ckpt/best_model_19_0.75.pt
[2026-07-02 02:03:17] [disk_guard]   candidate: /data/jehc223/RGCL/logging/Retrieval/MHC/RAC_video/RAC_lr0.0001_Bz64_Ep30_cosSim_triplet_drop[0.2, 0.4, 0.1]_topK20__PseudoGold_positive_1_hard_negative_1_seed0_hybrid_loss/ckpt/best_model_22_0.75.pt
[2026-07-02 02:03:17] [disk_guard]     mtime=2026-07-02 01:12:54 size=19.03MB
[2026-07-02 02:03:17] [disk_guard]     -> b2 subpath: logs/Retrieval/MHC/RAC_video/RAC_lr0.0001_Bz64_Ep30_cosSim_triplet_drop[0.2, 0.4, 0.1]_topK20__PseudoGold_positive_1_hard_negative_1_seed0_hybrid_loss/ckpt/best_model_22_0.75.pt
[2026-07-02 02:03:17] [disk_guard]     pushing to B2 ...
[b2_push] copy: /data/jehc223/RGCL/logging/Retrieval/MHC/RAC_video/RAC_lr0.0001_Bz64_Ep30_cosSim_triplet_drop[0.2, 0.4, 0.1]_topK20__PseudoGold_positive_1_hard_negative_1_seed0_hybrid_loss/ckpt/best_model_22_0.75.pt -> b2:junyi-data/RGCL_video/logs/Retrieval/MHC/RAC_video/RAC_lr0.0001_Bz64_Ep30_cosSim_triplet_drop[0.2, 0.4, 0.1]_topK20__PseudoGold_positive_1_hard_negative_1_seed0_hybrid_loss/ckpt/best_model_22_0.75.pt
Transferred:   	          0 B / 0 B, -, 0 B/s, ETA -
Elapsed time:         0.0s
[b2_push] done -> b2:junyi-data/RGCL_video/logs/Retrieval/MHC/RAC_video/RAC_lr0.0001_Bz64_Ep30_cosSim_triplet_drop[0.2, 0.4, 0.1]_topK20__PseudoGold_positive_1_hard_negative_1_seed0_hybrid_loss/ckpt/best_model_22_0.75.pt
[2026-07-02 02:03:20] [disk_guard] verify: file not found on B2 at exact dest: b2:junyi-data/RGCL_video/logs/Retrieval/MHC/RAC_video/RAC_lr0.0001_Bz64_Ep30_cosSim_triplet_drop[0.2, 0.4, 0.1]_topK20__PseudoGold_positive_1_hard_negative_1_seed0_hybrid_loss/ckpt/best_model_22_0.75.pt
[2026-07-02 02:03:20] [disk_guard]     ERROR: verify failed; local kept (safe): /data/jehc223/RGCL/logging/Retrieval/MHC/RAC_video/RAC_lr0.0001_Bz64_Ep30_cosSim_triplet_drop[0.2, 0.4, 0.1]_topK20__PseudoGold_positive_1_hard_negative_1_seed0_hybrid_loss/ckpt/best_model_22_0.75.pt
[2026-07-02 02:03:20] [disk_guard]   candidate: /data/jehc223/RGCL/logging/Retrieval/HateMM/RAC_video/RAC_lr0.0001_Bz64_Ep30_cosSim_triplet_drop[0.2, 0.4, 0.1]_topK20__PseudoGold_positive_1_hard_negative_1_seed0_hybrid_loss/ckpt/best_model_20_0.8130841121495327.pt
[2026-07-02 02:03:20] [disk_guard]     mtime=2026-07-02 01:12:56 size=19.03MB
[2026-07-02 02:03:20] [disk_guard]     -> b2 subpath: logs/Retrieval/HateMM/RAC_video/RAC_lr0.0001_Bz64_Ep30_cosSim_triplet_drop[0.2, 0.4, 0.1]_topK20__PseudoGold_positive_1_hard_negative_1_seed0_hybrid_loss/ckpt/best_model_20_0.8130841121495327.pt
[2026-07-02 02:03:20] [disk_guard]     pushing to B2 ...
[b2_push] copy: /data/jehc223/RGCL/logging/Retrieval/HateMM/RAC_video/RAC_lr0.0001_Bz64_Ep30_cosSim_triplet_drop[0.2, 0.4, 0.1]_topK20__PseudoGold_positive_1_hard_negative_1_seed0_hybrid_loss/ckpt/best_model_20_0.8130841121495327.pt -> b2:junyi-data/RGCL_video/logs/Retrieval/HateMM/RAC_video/RAC_lr0.0001_Bz64_Ep30_cosSim_triplet_drop[0.2, 0.4, 0.1]_topK20__PseudoGold_positive_1_hard_negative_1_seed0_hybrid_loss/ckpt/best_model_20_0.8130841121495327.pt
Transferred:   	          0 B / 0 B, -, 0 B/s, ETA -
Elapsed time:         0.0s
[b2_push] done -> b2:junyi-data/RGCL_video/logs/Retrieval/HateMM/RAC_video/RAC_lr0.0001_Bz64_Ep30_cosSim_triplet_drop[0.2, 0.4, 0.1]_topK20__PseudoGold_positive_1_hard_negative_1_seed0_hybrid_loss/ckpt/best_model_20_0.8130841121495327.pt
[2026-07-02 02:03:24] [disk_guard] verify: file not found on B2 at exact dest: b2:junyi-data/RGCL_video/logs/Retrieval/HateMM/RAC_video/RAC_lr0.0001_Bz64_Ep30_cosSim_triplet_drop[0.2, 0.4, 0.1]_topK20__PseudoGold_positive_1_hard_negative_1_seed0_hybrid_loss/ckpt/best_model_20_0.8130841121495327.pt
[2026-07-02 02:03:24] [disk_guard]     ERROR: verify failed; local kept (safe): /data/jehc223/RGCL/logging/Retrieval/HateMM/RAC_video/RAC_lr0.0001_Bz64_Ep30_cosSim_triplet_drop[0.2, 0.4, 0.1]_topK20__PseudoGold_positive_1_hard_negative_1_seed0_hybrid_loss/ckpt/best_model_20_0.8130841121495327.pt
[2026-07-02 02:03:24] [disk_guard]   candidate: /data/jehc223/RGCL/logging/Retrieval/MHC/RAC_video/RAC_lr0.0001_Bz64_Ep30_cosSim_triplet_drop[0.2, 0.4, 0.1]_topK20__PseudoGold_positive_1_hard_negative_1_seed0_hybrid_loss/ckpt/best_model_26_0.75.pt
[2026-07-02 02:03:24] [disk_guard]     mtime=2026-07-02 01:12:56 size=19.03MB
[2026-07-02 02:03:24] [disk_guard]     -> b2 subpath: logs/Retrieval/MHC/RAC_video/RAC_lr0.0001_Bz64_Ep30_cosSim_triplet_drop[0.2, 0.4, 0.1]_topK20__PseudoGold_positive_1_hard_negative_1_seed0_hybrid_loss/ckpt/best_model_26_0.75.pt
[2026-07-02 02:03:24] [disk_guard]     pushing to B2 ...
[b2_push] copy: /data/jehc223/RGCL/logging/Retrieval/MHC/RAC_video/RAC_lr0.0001_Bz64_Ep30_cosSim_triplet_drop[0.2, 0.4, 0.1]_topK20__PseudoGold_positive_1_hard_negative_1_seed0_hybrid_loss/ckpt/best_model_26_0.75.pt -> b2:junyi-data/RGCL_video/logs/Retrieval/MHC/RAC_video/RAC_lr0.0001_Bz64_Ep30_cosSim_triplet_drop[0.2, 0.4, 0.1]_topK20__PseudoGold_positive_1_hard_negative_1_seed0_hybrid_loss/ckpt/best_model_26_0.75.pt
Transferred:   	          0 B / 0 B, -, 0 B/s, ETA -
Elapsed time:         0.0s
[b2_push] done -> b2:junyi-data/RGCL_video/logs/Retrieval/MHC/RAC_video/RAC_lr0.0001_Bz64_Ep30_cosSim_triplet_drop[0.2, 0.4, 0.1]_topK20__PseudoGold_positive_1_hard_negative_1_seed0_hybrid_loss/ckpt/best_model_26_0.75.pt
[2026-07-02 02:03:28] [disk_guard] verify: file not found on B2 at exact dest: b2:junyi-data/RGCL_video/logs/Retrieval/MHC/RAC_video/RAC_lr0.0001_Bz64_Ep30_cosSim_triplet_drop[0.2, 0.4, 0.1]_topK20__PseudoGold_positive_1_hard_negative_1_seed0_hybrid_loss/ckpt/best_model_26_0.75.pt
[2026-07-02 02:03:28] [disk_guard]     ERROR: verify failed; local kept (safe): /data/jehc223/RGCL/logging/Retrieval/MHC/RAC_video/RAC_lr0.0001_Bz64_Ep30_cosSim_triplet_drop[0.2, 0.4, 0.1]_topK20__PseudoGold_positive_1_hard_negative_1_seed0_hybrid_loss/ckpt/best_model_26_0.75.pt
[2026-07-02 02:03:28] [disk_guard]   candidate: /data/jehc223/RGCL/logging/Retrieval/HateMM/RAC_video/RAC_lr0.0001_Bz64_Ep30_cosSim_triplet_drop[0.2, 0.4, 0.1]_topK20__PseudoGold_positive_1_hard_negative_1_seed0_hybrid_loss/ckpt/best_model_21_0.8317757009345794.pt
[2026-07-02 02:03:28] [disk_guard]     mtime=2026-07-02 01:12:57 size=19.03MB
[2026-07-02 02:03:28] [disk_guard]     -> b2 subpath: logs/Retrieval/HateMM/RAC_video/RAC_lr0.0001_Bz64_Ep30_cosSim_triplet_drop[0.2, 0.4, 0.1]_topK20__PseudoGold_positive_1_hard_negative_1_seed0_hybrid_loss/ckpt/best_model_21_0.8317757009345794.pt
[2026-07-02 02:03:28] [disk_guard]     pushing to B2 ...
[b2_push] copy: /data/jehc223/RGCL/logging/Retrieval/HateMM/RAC_video/RAC_lr0.0001_Bz64_Ep30_cosSim_triplet_drop[0.2, 0.4, 0.1]_topK20__PseudoGold_positive_1_hard_negative_1_seed0_hybrid_loss/ckpt/best_model_21_0.8317757009345794.pt -> b2:junyi-data/RGCL_video/logs/Retrieval/HateMM/RAC_video/RAC_lr0.0001_Bz64_Ep30_cosSim_triplet_drop[0.2, 0.4, 0.1]_topK20__PseudoGold_positive_1_hard_negative_1_seed0_hybrid_loss/ckpt/best_model_21_0.8317757009345794.pt
Transferred:   	          0 B / 0 B, -, 0 B/s, ETA -
Elapsed time:         0.0s
[b2_push] done -> b2:junyi-data/RGCL_video/logs/Retrieval/HateMM/RAC_video/RAC_lr0.0001_Bz64_Ep30_cosSim_triplet_drop[0.2, 0.4, 0.1]_topK20__PseudoGold_positive_1_hard_negative_1_seed0_hybrid_loss/ckpt/best_model_21_0.8317757009345794.pt
[2026-07-02 02:03:32] [disk_guard] verify: file not found on B2 at exact dest: b2:junyi-data/RGCL_video/logs/Retrieval/HateMM/RAC_video/RAC_lr0.0001_Bz64_Ep30_cosSim_triplet_drop[0.2, 0.4, 0.1]_topK20__PseudoGold_positive_1_hard_negative_1_seed0_hybrid_loss/ckpt/best_model_21_0.8317757009345794.pt
[2026-07-02 02:03:32] [disk_guard]     ERROR: verify failed; local kept (safe): /data/jehc223/RGCL/logging/Retrieval/HateMM/RAC_video/RAC_lr0.0001_Bz64_Ep30_cosSim_triplet_drop[0.2, 0.4, 0.1]_topK20__PseudoGold_positive_1_hard_negative_1_seed0_hybrid_loss/ckpt/best_model_21_0.8317757009345794.pt
[2026-07-02 02:03:32] [disk_guard]   candidate: /data/jehc223/RGCL/logging/Retrieval/HateMM/RAC_video/RAC_lr0.0001_Bz64_Ep30_cosSim_triplet_drop[0.2, 0.4, 0.1]_topK20__PseudoGold_positive_1_hard_negative_1_seed0_hybrid_loss/ckpt/best_model_22_0.8317757009345794.pt
[2026-07-02 02:03:32] [disk_guard]     mtime=2026-07-02 01:12:58 size=19.03MB
[2026-07-02 02:03:32] [disk_guard]     -> b2 subpath: logs/Retrieval/HateMM/RAC_video/RAC_lr0.0001_Bz64_Ep30_cosSim_triplet_drop[0.2, 0.4, 0.1]_topK20__PseudoGold_positive_1_hard_negative_1_seed0_hybrid_loss/ckpt/best_model_22_0.8317757009345794.pt
[2026-07-02 02:03:32] [disk_guard]     pushing to B2 ...
[b2_push] copy: /data/jehc223/RGCL/logging/Retrieval/HateMM/RAC_video/RAC_lr0.0001_Bz64_Ep30_cosSim_triplet_drop[0.2, 0.4, 0.1]_topK20__PseudoGold_positive_1_hard_negative_1_seed0_hybrid_loss/ckpt/best_model_22_0.8317757009345794.pt -> b2:junyi-data/RGCL_video/logs/Retrieval/HateMM/RAC_video/RAC_lr0.0001_Bz64_Ep30_cosSim_triplet_drop[0.2, 0.4, 0.1]_topK20__PseudoGold_positive_1_hard_negative_1_seed0_hybrid_loss/ckpt/best_model_22_0.8317757009345794.pt
Transferred:   	          0 B / 0 B, -, 0 B/s, ETA -
Elapsed time:         0.0s
[b2_push] done -> b2:junyi-data/RGCL_video/logs/Retrieval/HateMM/RAC_video/RAC_lr0.0001_Bz64_Ep30_cosSim_triplet_drop[0.2, 0.4, 0.1]_topK20__PseudoGold_positive_1_hard_negative_1_seed0_hybrid_loss/ckpt/best_model_22_0.8317757009345794.pt
[2026-07-02 02:03:35] [disk_guard] verify: file not found on B2 at exact dest: b2:junyi-data/RGCL_video/logs/Retrieval/HateMM/RAC_video/RAC_lr0.0001_Bz64_Ep30_cosSim_triplet_drop[0.2, 0.4, 0.1]_topK20__PseudoGold_positive_1_hard_negative_1_seed0_hybrid_loss/ckpt/best_model_22_0.8317757009345794.pt
[2026-07-02 02:03:35] [disk_guard]     ERROR: verify failed; local kept (safe): /data/jehc223/RGCL/logging/Retrieval/HateMM/RAC_video/RAC_lr0.0001_Bz64_Ep30_cosSim_triplet_drop[0.2, 0.4, 0.1]_topK20__PseudoGold_positive_1_hard_negative_1_seed0_hybrid_loss/ckpt/best_model_22_0.8317757009345794.pt
[2026-07-02 02:03:35] [disk_guard]   candidate: /data/jehc223/RGCL/logging/Retrieval/MHC/RAC_video/RAC_lr0.0001_Bz64_Ep30_cosSim_triplet_drop[0.2, 0.4, 0.1]_topK20__PseudoGold_positive_1_hard_negative_1_seed0_hybrid_loss/ckpt/last_model_29_0.7375.pt
[2026-07-02 02:03:35] [disk_guard]     mtime=2026-07-02 01:12:59 size=19.03MB
[2026-07-02 02:03:35] [disk_guard]     -> b2 subpath: logs/Retrieval/MHC/RAC_video/RAC_lr0.0001_Bz64_Ep30_cosSim_triplet_drop[0.2, 0.4, 0.1]_topK20__PseudoGold_positive_1_hard_negative_1_seed0_hybrid_loss/ckpt/last_model_29_0.7375.pt
[2026-07-02 02:03:35] [disk_guard]     pushing to B2 ...
[b2_push] copy: /data/jehc223/RGCL/logging/Retrieval/MHC/RAC_video/RAC_lr0.0001_Bz64_Ep30_cosSim_triplet_drop[0.2, 0.4, 0.1]_topK20__PseudoGold_positive_1_hard_negative_1_seed0_hybrid_loss/ckpt/last_model_29_0.7375.pt -> b2:junyi-data/RGCL_video/logs/Retrieval/MHC/RAC_video/RAC_lr0.0001_Bz64_Ep30_cosSim_triplet_drop[0.2, 0.4, 0.1]_topK20__PseudoGold_positive_1_hard_negative_1_seed0_hybrid_loss/ckpt/last_model_29_0.7375.pt
Transferred:   	          0 B / 0 B, -, 0 B/s, ETA -
Elapsed time:         0.0s
[b2_push] done -> b2:junyi-data/RGCL_video/logs/Retrieval/MHC/RAC_video/RAC_lr0.0001_Bz64_Ep30_cosSim_triplet_drop[0.2, 0.4, 0.1]_topK20__PseudoGold_positive_1_hard_negative_1_seed0_hybrid_loss/ckpt/last_model_29_0.7375.pt
[2026-07-02 02:03:39] [disk_guard] verify: file not found on B2 at exact dest: b2:junyi-data/RGCL_video/logs/Retrieval/MHC/RAC_video/RAC_lr0.0001_Bz64_Ep30_cosSim_triplet_drop[0.2, 0.4, 0.1]_topK20__PseudoGold_positive_1_hard_negative_1_seed0_hybrid_loss/ckpt/last_model_29_0.7375.pt
[2026-07-02 02:03:39] [disk_guard]     ERROR: verify failed; local kept (safe): /data/jehc223/RGCL/logging/Retrieval/MHC/RAC_video/RAC_lr0.0001_Bz64_Ep30_cosSim_triplet_drop[0.2, 0.4, 0.1]_topK20__PseudoGold_positive_1_hard_negative_1_seed0_hybrid_loss/ckpt/last_model_29_0.7375.pt
[2026-07-02 02:03:39] [disk_guard]   candidate: /data/jehc223/RGCL/logging/Retrieval/HateMM/RAC_video/RAC_lr0.0001_Bz64_Ep30_cosSim_triplet_drop[0.2, 0.4, 0.1]_topK20__PseudoGold_positive_1_hard_negative_1_seed0_hybrid_loss/ckpt/best_model_24_0.8411214953271028.pt
[2026-07-02 02:03:39] [disk_guard]     mtime=2026-07-02 01:13:00 size=19.03MB
[2026-07-02 02:03:39] [disk_guard]     -> b2 subpath: logs/Retrieval/HateMM/RAC_video/RAC_lr0.0001_Bz64_Ep30_cosSim_triplet_drop[0.2, 0.4, 0.1]_topK20__PseudoGold_positive_1_hard_negative_1_seed0_hybrid_loss/ckpt/best_model_24_0.8411214953271028.pt
[2026-07-02 02:03:39] [disk_guard]     pushing to B2 ...
[b2_push] copy: /data/jehc223/RGCL/logging/Retrieval/HateMM/RAC_video/RAC_lr0.0001_Bz64_Ep30_cosSim_triplet_drop[0.2, 0.4, 0.1]_topK20__PseudoGold_positive_1_hard_negative_1_seed0_hybrid_loss/ckpt/best_model_24_0.8411214953271028.pt -> b2:junyi-data/RGCL_video/logs/Retrieval/HateMM/RAC_video/RAC_lr0.0001_Bz64_Ep30_cosSim_triplet_drop[0.2, 0.4, 0.1]_topK20__PseudoGold_positive_1_hard_negative_1_seed0_hybrid_loss/ckpt/best_model_24_0.8411214953271028.pt
Transferred:   	          0 B / 0 B, -, 0 B/s, ETA -
Elapsed time:         0.0s
[b2_push] done -> b2:junyi-data/RGCL_video/logs/Retrieval/HateMM/RAC_video/RAC_lr0.0001_Bz64_Ep30_cosSim_triplet_drop[0.2, 0.4, 0.1]_topK20__PseudoGold_positive_1_hard_negative_1_seed0_hybrid_loss/ckpt/best_model_24_0.8411214953271028.pt
[2026-07-02 02:03:43] [disk_guard] verify: file not found on B2 at exact dest: b2:junyi-data/RGCL_video/logs/Retrieval/HateMM/RAC_video/RAC_lr0.0001_Bz64_Ep30_cosSim_triplet_drop[0.2, 0.4, 0.1]_topK20__PseudoGold_positive_1_hard_negative_1_seed0_hybrid_loss/ckpt/best_model_24_0.8411214953271028.pt
[2026-07-02 02:03:43] [disk_guard]     ERROR: verify failed; local kept (safe): /data/jehc223/RGCL/logging/Retrieval/HateMM/RAC_video/RAC_lr0.0001_Bz64_Ep30_cosSim_triplet_drop[0.2, 0.4, 0.1]_topK20__PseudoGold_positive_1_hard_negative_1_seed0_hybrid_loss/ckpt/best_model_24_0.8411214953271028.pt
[2026-07-02 02:03:43] [disk_guard]   candidate: /data/jehc223/RGCL/logging/Retrieval/HateMM/RAC_video/RAC_lr0.0001_Bz64_Ep30_cosSim_triplet_drop[0.2, 0.4, 0.1]_topK20__PseudoGold_positive_1_hard_negative_1_seed0_hybrid_loss/ckpt/last_model_29_0.794392523364486.pt
[2026-07-02 02:03:43] [disk_guard]     mtime=2026-07-02 01:13:05 size=19.03MB
[2026-07-02 02:03:43] [disk_guard]     -> b2 subpath: logs/Retrieval/HateMM/RAC_video/RAC_lr0.0001_Bz64_Ep30_cosSim_triplet_drop[0.2, 0.4, 0.1]_topK20__PseudoGold_positive_1_hard_negative_1_seed0_hybrid_loss/ckpt/last_model_29_0.794392523364486.pt
[2026-07-02 02:03:43] [disk_guard]     pushing to B2 ...
[b2_push] copy: /data/jehc223/RGCL/logging/Retrieval/HateMM/RAC_video/RAC_lr0.0001_Bz64_Ep30_cosSim_triplet_drop[0.2, 0.4, 0.1]_topK20__PseudoGold_positive_1_hard_negative_1_seed0_hybrid_loss/ckpt/last_model_29_0.794392523364486.pt -> b2:junyi-data/RGCL_video/logs/Retrieval/HateMM/RAC_video/RAC_lr0.0001_Bz64_Ep30_cosSim_triplet_drop[0.2, 0.4, 0.1]_topK20__PseudoGold_positive_1_hard_negative_1_seed0_hybrid_loss/ckpt/last_model_29_0.794392523364486.pt
Transferred:   	          0 B / 0 B, -, 0 B/s, ETA -
Elapsed time:         0.0s
[b2_push] done -> b2:junyi-data/RGCL_video/logs/Retrieval/HateMM/RAC_video/RAC_lr0.0001_Bz64_Ep30_cosSim_triplet_drop[0.2, 0.4, 0.1]_topK20__PseudoGold_positive_1_hard_negative_1_seed0_hybrid_loss/ckpt/last_model_29_0.794392523364486.pt
[2026-07-02 02:03:46] [disk_guard] verify: file not found on B2 at exact dest: b2:junyi-data/RGCL_video/logs/Retrieval/HateMM/RAC_video/RAC_lr0.0001_Bz64_Ep30_cosSim_triplet_drop[0.2, 0.4, 0.1]_topK20__PseudoGold_positive_1_hard_negative_1_seed0_hybrid_loss/ckpt/last_model_29_0.794392523364486.pt
[2026-07-02 02:03:46] [disk_guard]     ERROR: verify failed; local kept (safe): /data/jehc223/RGCL/logging/Retrieval/HateMM/RAC_video/RAC_lr0.0001_Bz64_Ep30_cosSim_triplet_drop[0.2, 0.4, 0.1]_topK20__PseudoGold_positive_1_hard_negative_1_seed0_hybrid_loss/ckpt/last_model_29_0.794392523364486.pt
[2026-07-02 02:03:46] [disk_guard]   candidate: /data/jehc223/RGCL/logging/Retrieval/ImpliHateVid/RAC_video/RAC_lr0.0001_Bz64_Ep30_cosSim_triplet_drop[0.2, 0.4, 0.1]_topK20__PseudoGold_positive_1_hard_negative_1_seed0_hybrid_loss/ckpt/best_model_0_0.48307692307692307.pt
[2026-07-02 02:03:46] [disk_guard]     mtime=2026-07-02 01:16:05 size=40.03MB
[2026-07-02 02:03:46] [disk_guard]     -> b2 subpath: logs/Retrieval/ImpliHateVid/RAC_video/RAC_lr0.0001_Bz64_Ep30_cosSim_triplet_drop[0.2, 0.4, 0.1]_topK20__PseudoGold_positive_1_hard_negative_1_seed0_hybrid_loss/ckpt/best_model_0_0.48307692307692307.pt
[2026-07-02 02:03:46] [disk_guard]     pushing to B2 ...
[b2_push] copy: /data/jehc223/RGCL/logging/Retrieval/ImpliHateVid/RAC_video/RAC_lr0.0001_Bz64_Ep30_cosSim_triplet_drop[0.2, 0.4, 0.1]_topK20__PseudoGold_positive_1_hard_negative_1_seed0_hybrid_loss/ckpt/best_model_0_0.48307692307692307.pt -> b2:junyi-data/RGCL_video/logs/Retrieval/ImpliHateVid/RAC_video/RAC_lr0.0001_Bz64_Ep30_cosSim_triplet_drop[0.2, 0.4, 0.1]_topK20__PseudoGold_positive_1_hard_negative_1_seed0_hybrid_loss/ckpt/best_model_0_0.48307692307692307.pt
Transferred:   	          0 B / 0 B, -, 0 B/s, ETA -
Elapsed time:         0.0s
[b2_push] done -> b2:junyi-data/RGCL_video/logs/Retrieval/ImpliHateVid/RAC_video/RAC_lr0.0001_Bz64_Ep30_cosSim_triplet_drop[0.2, 0.4, 0.1]_topK20__PseudoGold_positive_1_hard_negative_1_seed0_hybrid_loss/ckpt/best_model_0_0.48307692307692307.pt
[2026-07-02 02:03:50] [disk_guard] verify: file not found on B2 at exact dest: b2:junyi-data/RGCL_video/logs/Retrieval/ImpliHateVid/RAC_video/RAC_lr0.0001_Bz64_Ep30_cosSim_triplet_drop[0.2, 0.4, 0.1]_topK20__PseudoGold_positive_1_hard_negative_1_seed0_hybrid_loss/ckpt/best_model_0_0.48307692307692307.pt
[2026-07-02 02:03:50] [disk_guard]     ERROR: verify failed; local kept (safe): /data/jehc223/RGCL/logging/Retrieval/ImpliHateVid/RAC_video/RAC_lr0.0001_Bz64_Ep30_cosSim_triplet_drop[0.2, 0.4, 0.1]_topK20__PseudoGold_positive_1_hard_negative_1_seed0_hybrid_loss/ckpt/best_model_0_0.48307692307692307.pt
[2026-07-02 02:03:50] [disk_guard]   candidate: /data/jehc223/RGCL/logging/Retrieval/ImpliHateVid/RAC_video/RAC_lr0.0001_Bz64_Ep30_cosSim_triplet_drop[0.2, 0.4, 0.1]_topK20__PseudoGold_positive_1_hard_negative_1_seed0_hybrid_loss/ckpt/best_model_1_0.5076923076923077.pt
[2026-07-02 02:03:50] [disk_guard]     mtime=2026-07-02 01:16:07 size=40.03MB
[2026-07-02 02:03:50] [disk_guard]     -> b2 subpath: logs/Retrieval/ImpliHateVid/RAC_video/RAC_lr0.0001_Bz64_Ep30_cosSim_triplet_drop[0.2, 0.4, 0.1]_topK20__PseudoGold_positive_1_hard_negative_1_seed0_hybrid_loss/ckpt/best_model_1_0.5076923076923077.pt
[2026-07-02 02:03:50] [disk_guard]     pushing to B2 ...
[b2_push] copy: /data/jehc223/RGCL/logging/Retrieval/ImpliHateVid/RAC_video/RAC_lr0.0001_Bz64_Ep30_cosSim_triplet_drop[0.2, 0.4, 0.1]_topK20__PseudoGold_positive_1_hard_negative_1_seed0_hybrid_loss/ckpt/best_model_1_0.5076923076923077.pt -> b2:junyi-data/RGCL_video/logs/Retrieval/ImpliHateVid/RAC_video/RAC_lr0.0001_Bz64_Ep30_cosSim_triplet_drop[0.2, 0.4, 0.1]_topK20__PseudoGold_positive_1_hard_negative_1_seed0_hybrid_loss/ckpt/best_model_1_0.5076923076923077.pt
Transferred:   	          0 B / 0 B, -, 0 B/s, ETA -
Elapsed time:         0.0s
[b2_push] done -> b2:junyi-data/RGCL_video/logs/Retrieval/ImpliHateVid/RAC_video/RAC_lr0.0001_Bz64_Ep30_cosSim_triplet_drop[0.2, 0.4, 0.1]_topK20__PseudoGold_positive_1_hard_negative_1_seed0_hybrid_loss/ckpt/best_model_1_0.5076923076923077.pt
[2026-07-02 02:03:54] [disk_guard] verify: file not found on B2 at exact dest: b2:junyi-data/RGCL_video/logs/Retrieval/ImpliHateVid/RAC_video/RAC_lr0.0001_Bz64_Ep30_cosSim_triplet_drop[0.2, 0.4, 0.1]_topK20__PseudoGold_positive_1_hard_negative_1_seed0_hybrid_loss/ckpt/best_model_1_0.5076923076923077.pt
[2026-07-02 02:03:54] [disk_guard]     ERROR: verify failed; local kept (safe): /data/jehc223/RGCL/logging/Retrieval/ImpliHateVid/RAC_video/RAC_lr0.0001_Bz64_Ep30_cosSim_triplet_drop[0.2, 0.4, 0.1]_topK20__PseudoGold_positive_1_hard_negative_1_seed0_hybrid_loss/ckpt/best_model_1_0.5076923076923077.pt
[2026-07-02 02:03:54] [disk_guard]   candidate: /data/jehc223/RGCL/logging/Retrieval/MHC_zh/RAC_video/RAC_lr0.0001_Bz64_Ep30_cosSim_triplet_drop[0.2, 0.4, 0.1]_topK20__PseudoGold_positive_1_hard_negative_1_seed0_hybrid_loss/ckpt/best_model_0_0.8333333333333334.pt
[2026-07-02 02:03:54] [disk_guard]     mtime=2026-07-02 01:48:43 size=40.03MB
[2026-07-02 02:03:54] [disk_guard]     -> b2 subpath: logs/Retrieval/MHC_zh/RAC_video/RAC_lr0.0001_Bz64_Ep30_cosSim_triplet_drop[0.2, 0.4, 0.1]_topK20__PseudoGold_positive_1_hard_negative_1_seed0_hybrid_loss/ckpt/best_model_0_0.8333333333333334.pt
[2026-07-02 02:03:54] [disk_guard]     pushing to B2 ...
[b2_push] copy: /data/jehc223/RGCL/logging/Retrieval/MHC_zh/RAC_video/RAC_lr0.0001_Bz64_Ep30_cosSim_triplet_drop[0.2, 0.4, 0.1]_topK20__PseudoGold_positive_1_hard_negative_1_seed0_hybrid_loss/ckpt/best_model_0_0.8333333333333334.pt -> b2:junyi-data/RGCL_video/logs/Retrieval/MHC_zh/RAC_video/RAC_lr0.0001_Bz64_Ep30_cosSim_triplet_drop[0.2, 0.4, 0.1]_topK20__PseudoGold_positive_1_hard_negative_1_seed0_hybrid_loss/ckpt/best_model_0_0.8333333333333334.pt
Transferred:   	          0 B / 0 B, -, 0 B/s, ETA -
Elapsed time:         0.0s
[b2_push] done -> b2:junyi-data/RGCL_video/logs/Retrieval/MHC_zh/RAC_video/RAC_lr0.0001_Bz64_Ep30_cosSim_triplet_drop[0.2, 0.4, 0.1]_topK20__PseudoGold_positive_1_hard_negative_1_seed0_hybrid_loss/ckpt/best_model_0_0.8333333333333334.pt
[2026-07-02 02:03:58] [disk_guard] verify: file not found on B2 at exact dest: b2:junyi-data/RGCL_video/logs/Retrieval/MHC_zh/RAC_video/RAC_lr0.0001_Bz64_Ep30_cosSim_triplet_drop[0.2, 0.4, 0.1]_topK20__PseudoGold_positive_1_hard_negative_1_seed0_hybrid_loss/ckpt/best_model_0_0.8333333333333334.pt
[2026-07-02 02:03:58] [disk_guard]     ERROR: verify failed; local kept (safe): /data/jehc223/RGCL/logging/Retrieval/MHC_zh/RAC_video/RAC_lr0.0001_Bz64_Ep30_cosSim_triplet_drop[0.2, 0.4, 0.1]_topK20__PseudoGold_positive_1_hard_negative_1_seed0_hybrid_loss/ckpt/best_model_0_0.8333333333333334.pt
[2026-07-02 02:03:58] [disk_guard]   candidate: /data/jehc223/RGCL/logging/Retrieval/MHC_zh/RAC_video/RAC_lr0.0001_Bz64_Ep30_cosSim_triplet_drop[0.2, 0.4, 0.1]_topK20__PseudoGold_positive_1_hard_negative_1_seed0_hybrid_loss/ckpt/last_model_29_0.782051282051282.pt
[2026-07-02 02:03:58] [disk_guard]     mtime=2026-07-02 01:49:01 size=40.03MB
[2026-07-02 02:03:58] [disk_guard]     -> b2 subpath: logs/Retrieval/MHC_zh/RAC_video/RAC_lr0.0001_Bz64_Ep30_cosSim_triplet_drop[0.2, 0.4, 0.1]_topK20__PseudoGold_positive_1_hard_negative_1_seed0_hybrid_loss/ckpt/last_model_29_0.782051282051282.pt
[2026-07-02 02:03:58] [disk_guard]     pushing to B2 ...
[b2_push] copy: /data/jehc223/RGCL/logging/Retrieval/MHC_zh/RAC_video/RAC_lr0.0001_Bz64_Ep30_cosSim_triplet_drop[0.2, 0.4, 0.1]_topK20__PseudoGold_positive_1_hard_negative_1_seed0_hybrid_loss/ckpt/last_model_29_0.782051282051282.pt -> b2:junyi-data/RGCL_video/logs/Retrieval/MHC_zh/RAC_video/RAC_lr0.0001_Bz64_Ep30_cosSim_triplet_drop[0.2, 0.4, 0.1]_topK20__PseudoGold_positive_1_hard_negative_1_seed0_hybrid_loss/ckpt/last_model_29_0.782051282051282.pt
Transferred:   	          0 B / 0 B, -, 0 B/s, ETA -
Elapsed time:         0.0s
[b2_push] done -> b2:junyi-data/RGCL_video/logs/Retrieval/MHC_zh/RAC_video/RAC_lr0.0001_Bz64_Ep30_cosSim_triplet_drop[0.2, 0.4, 0.1]_topK20__PseudoGold_positive_1_hard_negative_1_seed0_hybrid_loss/ckpt/last_model_29_0.782051282051282.pt
[2026-07-02 02:04:01] [disk_guard] verify: file not found on B2 at exact dest: b2:junyi-data/RGCL_video/logs/Retrieval/MHC_zh/RAC_video/RAC_lr0.0001_Bz64_Ep30_cosSim_triplet_drop[0.2, 0.4, 0.1]_topK20__PseudoGold_positive_1_hard_negative_1_seed0_hybrid_loss/ckpt/last_model_29_0.782051282051282.pt
[2026-07-02 02:04:01] [disk_guard]     ERROR: verify failed; local kept (safe): /data/jehc223/RGCL/logging/Retrieval/MHC_zh/RAC_video/RAC_lr0.0001_Bz64_Ep30_cosSim_triplet_drop[0.2, 0.4, 0.1]_topK20__PseudoGold_positive_1_hard_negative_1_seed0_hybrid_loss/ckpt/last_model_29_0.782051282051282.pt
[2026-07-02 02:04:01] [disk_guard]   candidate: /data/jehc223/RGCL/logging/Retrieval/MHC_zh/RAC_video/RAC_lr0.0001_Bz64_Ep30_cosSim_triplet_drop[0.2, 0.4, 0.1]_topK20__PseudoGold_positive_1_hard_negative_1_seed0_hybrid_loss/ckpt/best_model_0_0.7435897435897436.pt
[2026-07-02 02:04:01] [disk_guard]     mtime=2026-07-02 01:51:27 size=19.03MB
[2026-07-02 02:04:01] [disk_guard]     -> b2 subpath: logs/Retrieval/MHC_zh/RAC_video/RAC_lr0.0001_Bz64_Ep30_cosSim_triplet_drop[0.2, 0.4, 0.1]_topK20__PseudoGold_positive_1_hard_negative_1_seed0_hybrid_loss/ckpt/best_model_0_0.7435897435897436.pt
[2026-07-02 02:04:01] [disk_guard]     pushing to B2 ...
[b2_push] copy: /data/jehc223/RGCL/logging/Retrieval/MHC_zh/RAC_video/RAC_lr0.0001_Bz64_Ep30_cosSim_triplet_drop[0.2, 0.4, 0.1]_topK20__PseudoGold_positive_1_hard_negative_1_seed0_hybrid_loss/ckpt/best_model_0_0.7435897435897436.pt -> b2:junyi-data/RGCL_video/logs/Retrieval/MHC_zh/RAC_video/RAC_lr0.0001_Bz64_Ep30_cosSim_triplet_drop[0.2, 0.4, 0.1]_topK20__PseudoGold_positive_1_hard_negative_1_seed0_hybrid_loss/ckpt/best_model_0_0.7435897435897436.pt
Transferred:   	          0 B / 19.028 MiB, 0%, 0 B/s, ETA -
Transferred:            0 / 1, 0%
Elapsed time:         0.2s
Transferring:
 *            best_model_0_0.7435897435897436.pt:  0% /19.028Mi, 0/s, -Transferred:   	          0 B / 19.028 MiB, 0%, 0 B/s, ETA -
Transferred:            0 / 1, 0%
Elapsed time:         0.7s
Transferring:
 *            best_model_0_0.7435897435897436.pt:  0% /19.028Mi, 0/s, -Transferred:   	          0 B / 19.028 MiB, 0%, 0 B/s, ETA -
Transferred:            0 / 1, 0%
Elapsed time:         1.2s
Transferring:
 *            best_model_0_0.7435897435897436.pt:  0% /19.028Mi, 0/s, -Transferred:   	          0 B / 19.028 MiB, 0%, 0 B/s, ETA -
Transferred:            0 / 1, 0%
Elapsed time:         1.7s
Transferring:
 *            best_model_0_0.7435897435897436.pt:  0% /19.028Mi, 0/s, -Transferred:   	     1020 KiB / 19.028 MiB, 5%, 0 B/s, ETA -
Transferred:            0 / 1, 0%
Elapsed time:         2.2s
Transferring:
 *            best_model_0_0.7435897435897436.pt:  5% /19.028Mi, 0/s, -Transferred:   	    1.215 MiB / 19.028 MiB, 6%, 0 B/s, ETA -
Transferred:            0 / 1, 0%
Elapsed time:         2.7s
Transferring:
 *            best_model_0_0.7435897435897436.pt:  6% /19.028Mi, 0/s, -Transferred:   	    2.496 MiB / 19.028 MiB, 13%, 414.666 KiB/s, ETA 40s
Transferred:            0 / 1, 0%
Elapsed time:         3.2s
Transferring:
 *            best_model_0_0.7435897435897436.pt: 13% /19.028Mi, 414.667Ki/s, 40Transferred:   	    6.309 MiB / 19.028 MiB, 33%, 414.666 KiB/s, ETA 31s
Transferred:            0 / 1, 0%
Elapsed time:         3.7s
Transferring:
 *            best_model_0_0.7435897435897436.pt: 33% /19.028Mi, 414.667Ki/s, 31Transferred:   	   10.934 MiB / 19.028 MiB, 57%, 1.780 MiB/s, ETA 4s
Transferred:            0 / 1, 0%
Elapsed time:         4.2s
Transferring:
 *            best_model_0_0.7435897435897436.pt: 57% /19.028Mi, 1.780Mi/s, 4sTransferred:   	   16.777 MiB / 19.028 MiB, 88%, 1.780 MiB/s, ETA 1s
Transferred:            0 / 1, 0%
Elapsed time:         4.7s
Transferring:
 *            best_model_0_0.7435897435897436.pt: 88% /19.028Mi, 1.780Mi/s, 1sTransferred:   	   19.028 MiB / 19.028 MiB, 100%, 3.806 MiB/s, ETA 0s
Transferred:            0 / 1, 0%
Elapsed time:         5.2s
Transferring:
 *            best_model_0_0.7435897435897436.pt:100% /19.028Mi, 3.806Mi/s, 0sTransferred:   	   19.028 MiB / 19.028 MiB, 100%, 3.806 MiB/s, ETA 0s
Transferred:            0 / 1, 0%
Elapsed time:         5.7s
Transferring:
 *            best_model_0_0.7435897435897436.pt:100% /19.028Mi, 3.806Mi/s, 0sTransferred:   	   19.028 MiB / 19.028 MiB, 100%, 3.171 MiB/s, ETA 0s
Transferred:            0 / 1, 0%
Elapsed time:         6.2s
Transferring:
 *            best_model_0_0.7435897435897436.pt:100% /19.028Mi, 3.171Mi/s, 0sTransferred:   	   19.028 MiB / 19.028 MiB, 100%, 3.171 MiB/s, ETA 0s
Transferred:            1 / 1, 100%
Elapsed time:         6.4s
[b2_push] done -> b2:junyi-data/RGCL_video/logs/Retrieval/MHC_zh/RAC_video/RAC_lr0.0001_Bz64_Ep30_cosSim_triplet_drop[0.2, 0.4, 0.1]_topK20__PseudoGold_positive_1_hard_negative_1_seed0_hybrid_loss/ckpt/best_model_0_0.7435897435897436.pt
[2026-07-02 02:04:11] [disk_guard] verify: file not found on B2 at exact dest: b2:junyi-data/RGCL_video/logs/Retrieval/MHC_zh/RAC_video/RAC_lr0.0001_Bz64_Ep30_cosSim_triplet_drop[0.2, 0.4, 0.1]_topK20__PseudoGold_positive_1_hard_negative_1_seed0_hybrid_loss/ckpt/best_model_0_0.7435897435897436.pt
[2026-07-02 02:04:11] [disk_guard]     ERROR: verify failed; local kept (safe): /data/jehc223/RGCL/logging/Retrieval/MHC_zh/RAC_video/RAC_lr0.0001_Bz64_Ep30_cosSim_triplet_drop[0.2, 0.4, 0.1]_topK20__PseudoGold_positive_1_hard_negative_1_seed0_hybrid_loss/ckpt/best_model_0_0.7435897435897436.pt
[2026-07-02 02:04:11] [disk_guard]   candidate: /data/jehc223/RGCL/logging/Retrieval/MHC_zh/RAC_video/RAC_lr0.0001_Bz64_Ep30_cosSim_triplet_drop[0.2, 0.4, 0.1]_topK20__PseudoGold_positive_1_hard_negative_1_seed0_hybrid_loss/ckpt/best_model_16_0.7564102564102564.pt
[2026-07-02 02:04:11] [disk_guard]     mtime=2026-07-02 01:51:36 size=19.03MB
[2026-07-02 02:04:11] [disk_guard]     -> b2 subpath: logs/Retrieval/MHC_zh/RAC_video/RAC_lr0.0001_Bz64_Ep30_cosSim_triplet_drop[0.2, 0.4, 0.1]_topK20__PseudoGold_positive_1_hard_negative_1_seed0_hybrid_loss/ckpt/best_model_16_0.7564102564102564.pt
[2026-07-02 02:04:11] [disk_guard]     pushing to B2 ...
[b2_push] copy: /data/jehc223/RGCL/logging/Retrieval/MHC_zh/RAC_video/RAC_lr0.0001_Bz64_Ep30_cosSim_triplet_drop[0.2, 0.4, 0.1]_topK20__PseudoGold_positive_1_hard_negative_1_seed0_hybrid_loss/ckpt/best_model_16_0.7564102564102564.pt -> b2:junyi-data/RGCL_video/logs/Retrieval/MHC_zh/RAC_video/RAC_lr0.0001_Bz64_Ep30_cosSim_triplet_drop[0.2, 0.4, 0.1]_topK20__PseudoGold_positive_1_hard_negative_1_seed0_hybrid_loss/ckpt/best_model_16_0.7564102564102564.pt
Transferred:   	          0 B / 19.028 MiB, 0%, 0 B/s, ETA -
Transferred:            0 / 1, 0%
Elapsed time:         0.3s
Transferring:
 *           best_model_16_0.7564102564102564.pt:  0% /19.028Mi, 0/s, -Transferred:   	          0 B / 19.028 MiB, 0%, 0 B/s, ETA -
Transferred:            0 / 1, 0%
Elapsed time:         0.7s
Transferring:
 *           best_model_16_0.7564102564102564.pt:  0% /19.028Mi, 0/s, -Transferred:   	          0 B / 19.028 MiB, 0%, 0 B/s, ETA -
Transferred:            0 / 1, 0%
Elapsed time:         1.2s
Transferring:
 *           best_model_16_0.7564102564102564.pt:  0% /19.028Mi, 0/s, -Transferred:   	      988 KiB / 19.028 MiB, 5%, 0 B/s, ETA -
Transferred:            0 / 1, 0%
Elapsed time:         1.8s
Transferring:
 *           best_model_16_0.7564102564102564.pt:  5% /19.028Mi, 0/s, -Transferred:   	    2.652 MiB / 19.028 MiB, 14%, 910.006 KiB/s, ETA 18s
Transferred:            0 / 1, 0%
Elapsed time:         2.3s
Transferring:
 *           best_model_16_0.7564102564102564.pt: 13% /19.028Mi, 910.001Ki/s, 18Transferred:   	    6.246 MiB / 19.028 MiB, 33%, 910.006 KiB/s, ETA 14s
Transferred:            0 / 1, 0%
Elapsed time:         2.8s
Transferring:
 *           best_model_16_0.7564102564102564.pt: 32% /19.028Mi, 910.001Ki/s, 14Transferred:   	   11.121 MiB / 19.028 MiB, 58%, 2.478 MiB/s, ETA 3s
Transferred:            0 / 1, 0%
Elapsed time:         3.3s
Transferring:
 *           best_model_16_0.7564102564102564.pt: 58% /19.028Mi, 2.478Mi/s, 3sTransferred:   	   17.652 MiB / 19.028 MiB, 93%, 2.478 MiB/s, ETA 0s
Transferred:            0 / 1, 0%
Elapsed time:         3.8s
Transferring:
 *           best_model_16_0.7564102564102564.pt: 92% /19.028Mi, 2.478Mi/s, 0sTransferred:   	   19.028 MiB / 19.028 MiB, 100%, 4.757 MiB/s, ETA 0s
Transferred:            0 / 1, 0%
Elapsed time:         4.3s
Transferring:
 *           best_model_16_0.7564102564102564.pt:100% /19.028Mi, 4.757Mi/s, 0sTransferred:   	   19.028 MiB / 19.028 MiB, 100%, 4.757 MiB/s, ETA 0s
Transferred:            1 / 1, 100%
Elapsed time:         4.4s
[b2_push] done -> b2:junyi-data/RGCL_video/logs/Retrieval/MHC_zh/RAC_video/RAC_lr0.0001_Bz64_Ep30_cosSim_triplet_drop[0.2, 0.4, 0.1]_topK20__PseudoGold_positive_1_hard_negative_1_seed0_hybrid_loss/ckpt/best_model_16_0.7564102564102564.pt
[2026-07-02 02:04:20] [disk_guard] verify: file not found on B2 at exact dest: b2:junyi-data/RGCL_video/logs/Retrieval/MHC_zh/RAC_video/RAC_lr0.0001_Bz64_Ep30_cosSim_triplet_drop[0.2, 0.4, 0.1]_topK20__PseudoGold_positive_1_hard_negative_1_seed0_hybrid_loss/ckpt/best_model_16_0.7564102564102564.pt
[2026-07-02 02:04:20] [disk_guard]     ERROR: verify failed; local kept (safe): /data/jehc223/RGCL/logging/Retrieval/MHC_zh/RAC_video/RAC_lr0.0001_Bz64_Ep30_cosSim_triplet_drop[0.2, 0.4, 0.1]_topK20__PseudoGold_positive_1_hard_negative_1_seed0_hybrid_loss/ckpt/best_model_16_0.7564102564102564.pt
[2026-07-02 02:04:20] [disk_guard]   candidate: /data/jehc223/RGCL/logging/Retrieval/MHC_zh/RAC_video/RAC_lr0.0001_Bz64_Ep30_cosSim_triplet_drop[0.2, 0.4, 0.1]_topK20__PseudoGold_positive_1_hard_negative_1_seed0_hybrid_loss/ckpt/best_model_19_0.7692307692307693.pt
[2026-07-02 02:04:20] [disk_guard]     mtime=2026-07-02 01:51:38 size=19.03MB
[2026-07-02 02:04:20] [disk_guard]     -> b2 subpath: logs/Retrieval/MHC_zh/RAC_video/RAC_lr0.0001_Bz64_Ep30_cosSim_triplet_drop[0.2, 0.4, 0.1]_topK20__PseudoGold_positive_1_hard_negative_1_seed0_hybrid_loss/ckpt/best_model_19_0.7692307692307693.pt
[2026-07-02 02:04:20] [disk_guard]     pushing to B2 ...
[b2_push] copy: /data/jehc223/RGCL/logging/Retrieval/MHC_zh/RAC_video/RAC_lr0.0001_Bz64_Ep30_cosSim_triplet_drop[0.2, 0.4, 0.1]_topK20__PseudoGold_positive_1_hard_negative_1_seed0_hybrid_loss/ckpt/best_model_19_0.7692307692307693.pt -> b2:junyi-data/RGCL_video/logs/Retrieval/MHC_zh/RAC_video/RAC_lr0.0001_Bz64_Ep30_cosSim_triplet_drop[0.2, 0.4, 0.1]_topK20__PseudoGold_positive_1_hard_negative_1_seed0_hybrid_loss/ckpt/best_model_19_0.7692307692307693.pt
Transferred:   	          0 B / 19.028 MiB, 0%, 0 B/s, ETA -
Transferred:            0 / 1, 0%
Elapsed time:         0.3s
Transferring:
 *           best_model_19_0.7692307692307693.pt:  0% /19.028Mi, 0/s, -Transferred:   	          0 B / 19.028 MiB, 0%, 0 B/s, ETA -
Transferred:            0 / 1, 0%
Elapsed time:         0.8s
Transferring:
 *           best_model_19_0.7692307692307693.pt:  0% /19.028Mi, 0/s, -Transferred:   	          0 B / 19.028 MiB, 0%, 0 B/s, ETA -
Transferred:            0 / 1, 0%
Elapsed time:         1.3s
Transferring:
 *           best_model_19_0.7692307692307693.pt:  0% /19.028Mi, 0/s, -Transferred:   	    1.277 MiB / 19.028 MiB, 7%, 0 B/s, ETA -
Transferred:            0 / 1, 0%
Elapsed time:         1.8s
Transferring:
 *           best_model_19_0.7692307692307693.pt:  6% /19.028Mi, 0/s, -Transferred:   	    3.340 MiB / 19.028 MiB, 18%, 733.997 KiB/s, ETA 21s
Transferred:            0 / 1, 0%
Elapsed time:         2.3s
Transferring:
 *           best_model_19_0.7692307692307693.pt: 17% /19.028Mi, 733.997Ki/s, 21Transferred:   	    5.746 MiB / 19.028 MiB, 30%, 733.997 KiB/s, ETA 18s
Transferred:            0 / 1, 0%
Elapsed time:         2.8s
Transferring:
 *           best_model_19_0.7692307692307693.pt: 30% /19.028Mi, 733.997Ki/s, 18Transferred:   	   10.621 MiB / 19.028 MiB, 56%, 2.207 MiB/s, ETA 3s
Transferred:            0 / 1, 0%
Elapsed time:         3.3s
Transferring:
 *           best_model_19_0.7692307692307693.pt: 55% /19.028Mi, 2.207Mi/s, 3sTransferred:   	   16.277 MiB / 19.028 MiB, 86%, 2.207 MiB/s, ETA 1s
Transferred:            0 / 1, 0%
Elapsed time:         3.8s
Transferring:
 *           best_model_19_0.7692307692307693.pt: 85% /19.028Mi, 2.207Mi/s, 1sTransferred:   	   19.028 MiB / 19.028 MiB, 100%, 4.757 MiB/s, ETA 0s
Transferred:            0 / 1, 0%
Elapsed time:         4.3s
Transferring:
 *           best_model_19_0.7692307692307693.pt:100% /19.028Mi, 4.757Mi/s, 0sTransferred:   	   19.028 MiB / 19.028 MiB, 100%, 4.757 MiB/s, ETA 0s
Transferred:            0 / 1, 0%
Elapsed time:         4.8s
Transferring:
 *           best_model_19_0.7692307692307693.pt:100% /19.028Mi, 4.757Mi/s, 0sTransferred:   	   19.028 MiB / 19.028 MiB, 100%, 4.757 MiB/s, ETA 0s
Transferred:            1 / 1, 100%
Elapsed time:         4.8s
[b2_push] done -> b2:junyi-data/RGCL_video/logs/Retrieval/MHC_zh/RAC_video/RAC_lr0.0001_Bz64_Ep30_cosSim_triplet_drop[0.2, 0.4, 0.1]_topK20__PseudoGold_positive_1_hard_negative_1_seed0_hybrid_loss/ckpt/best_model_19_0.7692307692307693.pt
[2026-07-02 02:04:28] [disk_guard] verify: file not found on B2 at exact dest: b2:junyi-data/RGCL_video/logs/Retrieval/MHC_zh/RAC_video/RAC_lr0.0001_Bz64_Ep30_cosSim_triplet_drop[0.2, 0.4, 0.1]_topK20__PseudoGold_positive_1_hard_negative_1_seed0_hybrid_loss/ckpt/best_model_19_0.7692307692307693.pt
[2026-07-02 02:04:28] [disk_guard]     ERROR: verify failed; local kept (safe): /data/jehc223/RGCL/logging/Retrieval/MHC_zh/RAC_video/RAC_lr0.0001_Bz64_Ep30_cosSim_triplet_drop[0.2, 0.4, 0.1]_topK20__PseudoGold_positive_1_hard_negative_1_seed0_hybrid_loss/ckpt/best_model_19_0.7692307692307693.pt
[2026-07-02 02:04:28] [disk_guard]   candidate: /data/jehc223/RGCL/logging/Retrieval/MHC_zh/RAC_video/RAC_lr0.0001_Bz64_Ep30_cosSim_triplet_drop[0.2, 0.4, 0.1]_topK20__PseudoGold_positive_1_hard_negative_1_seed0_hybrid_loss/ckpt/best_model_20_0.782051282051282.pt
[2026-07-02 02:04:28] [disk_guard]     mtime=2026-07-02 01:51:39 size=19.03MB
[2026-07-02 02:04:28] [disk_guard]     -> b2 subpath: logs/Retrieval/MHC_zh/RAC_video/RAC_lr0.0001_Bz64_Ep30_cosSim_triplet_drop[0.2, 0.4, 0.1]_topK20__PseudoGold_positive_1_hard_negative_1_seed0_hybrid_loss/ckpt/best_model_20_0.782051282051282.pt
[2026-07-02 02:04:28] [disk_guard]     pushing to B2 ...
[b2_push] copy: /data/jehc223/RGCL/logging/Retrieval/MHC_zh/RAC_video/RAC_lr0.0001_Bz64_Ep30_cosSim_triplet_drop[0.2, 0.4, 0.1]_topK20__PseudoGold_positive_1_hard_negative_1_seed0_hybrid_loss/ckpt/best_model_20_0.782051282051282.pt -> b2:junyi-data/RGCL_video/logs/Retrieval/MHC_zh/RAC_video/RAC_lr0.0001_Bz64_Ep30_cosSim_triplet_drop[0.2, 0.4, 0.1]_topK20__PseudoGold_positive_1_hard_negative_1_seed0_hybrid_loss/ckpt/best_model_20_0.782051282051282.pt
Transferred:   	          0 B / 19.028 MiB, 0%, 0 B/s, ETA -
Transferred:            0 / 1, 0%
Elapsed time:         0.3s
Transferring:
 *            best_model_20_0.782051282051282.pt:  0% /19.028Mi, 0/s, -Transferred:   	          0 B / 19.028 MiB, 0%, 0 B/s, ETA -
Transferred:            0 / 1, 0%
Elapsed time:         0.8s
Transferring:
 *            best_model_20_0.782051282051282.pt:  0% /19.028Mi, 0/s, -Transferred:   	          0 B / 19.028 MiB, 0%, 0 B/s, ETA -
Transferred:            0 / 1, 0%
Elapsed time:         1.3s
Transferring:
 *            best_model_20_0.782051282051282.pt:  0% /19.028Mi, 0/s, -Transferred:   	    1.309 MiB / 19.028 MiB, 7%, 0 B/s, ETA -
Transferred:            0 / 1, 0%
Elapsed time:         1.8s
Transferring:
 *            best_model_20_0.782051282051282.pt:  6% /19.028Mi, 0/s, -Transferred:   	    2.340 MiB / 19.028 MiB, 12%, 829.999 KiB/s, ETA 20s
Transferred:            0 / 1, 0%
Elapsed time:         2.3s
Transferring:
 *            best_model_20_0.782051282051282.pt: 12% /19.028Mi, 829.999Ki/s, 20Transferred:   	    6.277 MiB / 19.028 MiB, 33%, 829.999 KiB/s, ETA 15s
Transferred:            0 / 1, 0%
Elapsed time:         2.8s
Transferring:
 *            best_model_20_0.782051282051282.pt: 32% /19.028Mi, 829.999Ki/s, 15Transferred:   	   11.152 MiB / 19.028 MiB, 59%, 2.447 MiB/s, ETA 3s
Transferred:            0 / 1, 0%
Elapsed time:         3.3s
Transferring:
 *            best_model_20_0.782051282051282.pt: 58% /19.028Mi, 2.447Mi/s, 3sTransferred:   	   17.059 MiB / 19.028 MiB, 90%, 2.447 MiB/s, ETA 0s
Transferred:            0 / 1, 0%
Elapsed time:         3.8s
Transferring:
 *            best_model_20_0.782051282051282.pt: 89% /19.028Mi, 2.447Mi/s, 0sTransferred:   	   19.028 MiB / 19.028 MiB, 100%, 4.757 MiB/s, ETA 0s
Transferred:            0 / 1, 0%
Elapsed time:         4.3s
Transferring:
 *            best_model_20_0.782051282051282.pt:100% /19.028Mi, 4.757Mi/s, 0sTransferred:   	   19.028 MiB / 19.028 MiB, 100%, 4.757 MiB/s, ETA 0s
Transferred:            1 / 1, 100%
Elapsed time:         4.7s
[b2_push] done -> b2:junyi-data/RGCL_video/logs/Retrieval/MHC_zh/RAC_video/RAC_lr0.0001_Bz64_Ep30_cosSim_triplet_drop[0.2, 0.4, 0.1]_topK20__PseudoGold_positive_1_hard_negative_1_seed0_hybrid_loss/ckpt/best_model_20_0.782051282051282.pt
[2026-07-02 02:04:36] [disk_guard] verify: file not found on B2 at exact dest: b2:junyi-data/RGCL_video/logs/Retrieval/MHC_zh/RAC_video/RAC_lr0.0001_Bz64_Ep30_cosSim_triplet_drop[0.2, 0.4, 0.1]_topK20__PseudoGold_positive_1_hard_negative_1_seed0_hybrid_loss/ckpt/best_model_20_0.782051282051282.pt
[2026-07-02 02:04:36] [disk_guard]     ERROR: verify failed; local kept (safe): /data/jehc223/RGCL/logging/Retrieval/MHC_zh/RAC_video/RAC_lr0.0001_Bz64_Ep30_cosSim_triplet_drop[0.2, 0.4, 0.1]_topK20__PseudoGold_positive_1_hard_negative_1_seed0_hybrid_loss/ckpt/best_model_20_0.782051282051282.pt
[2026-07-02 02:04:36] [disk_guard]   candidate: /data/jehc223/RGCL/logging/Retrieval/MHC_zh/RAC_video/RAC_lr0.0001_Bz64_Ep30_cosSim_triplet_drop[0.2, 0.4, 0.1]_topK20__PseudoGold_positive_1_hard_negative_1_seed0_hybrid_loss/ckpt/best_model_21_0.7948717948717948.pt
[2026-07-02 02:04:36] [disk_guard]     mtime=2026-07-02 01:51:40 size=19.03MB
[2026-07-02 02:04:36] [disk_guard]     -> b2 subpath: logs/Retrieval/MHC_zh/RAC_video/RAC_lr0.0001_Bz64_Ep30_cosSim_triplet_drop[0.2, 0.4, 0.1]_topK20__PseudoGold_positive_1_hard_negative_1_seed0_hybrid_loss/ckpt/best_model_21_0.7948717948717948.pt
[2026-07-02 02:04:36] [disk_guard]     pushing to B2 ...
[b2_push] copy: /data/jehc223/RGCL/logging/Retrieval/MHC_zh/RAC_video/RAC_lr0.0001_Bz64_Ep30_cosSim_triplet_drop[0.2, 0.4, 0.1]_topK20__PseudoGold_positive_1_hard_negative_1_seed0_hybrid_loss/ckpt/best_model_21_0.7948717948717948.pt -> b2:junyi-data/RGCL_video/logs/Retrieval/MHC_zh/RAC_video/RAC_lr0.0001_Bz64_Ep30_cosSim_triplet_drop[0.2, 0.4, 0.1]_topK20__PseudoGold_positive_1_hard_negative_1_seed0_hybrid_loss/ckpt/best_model_21_0.7948717948717948.pt
Transferred:   	          0 B / 19.028 MiB, 0%, 0 B/s, ETA -
Transferred:            0 / 1, 0%
Elapsed time:         0.2s
Transferring:
 *           best_model_21_0.7948717948717948.pt:  0% /19.028Mi, 0/s, -Transferred:   	          0 B / 19.028 MiB, 0%, 0 B/s, ETA -
Transferred:            0 / 1, 0%
Elapsed time:         0.7s
Transferring:
 *           best_model_21_0.7948717948717948.pt:  0% /19.028Mi, 0/s, -Transferred:   	          0 B / 19.028 MiB, 0%, 0 B/s, ETA -
Transferred:            0 / 1, 0%
Elapsed time:         1.2s
Transferring:
 *           best_model_21_0.7948717948717948.pt:  0% /19.028Mi, 0/s, -Transferred:   	          0 B / 19.028 MiB, 0%, 0 B/s, ETA -
Transferred:            0 / 1, 0%
Elapsed time:         1.7s
Transferring:
 *           best_model_21_0.7948717948717948.pt:  0% /19.028Mi, 0/s, -Transferred:   	      700 KiB / 19.028 MiB, 4%, 0 B/s, ETA -
Transferred:            0 / 1, 0%
Elapsed time:         2.2s
Transferring:
 *           best_model_21_0.7948717948717948.pt:  3% /19.028Mi, 0/s, -Transferred:   	    1.559 MiB / 19.028 MiB, 8%, 0 B/s, ETA -
Transferred:            0 / 1, 0%
Elapsed time:         2.7s
Transferring:
 *           best_model_21_0.7948717948717948.pt:  8% /19.028Mi, 0/s, -Transferred:   	    3.402 MiB / 19.028 MiB, 18%, 649.332 KiB/s, ETA 24s
Transferred:            0 / 1, 0%
Elapsed time:         3.2s
Transferring:
 *           best_model_21_0.7948717948717948.pt: 17% /19.028Mi, 649.330Ki/s, 24Transferred:   	    6.059 MiB / 19.028 MiB, 32%, 649.332 KiB/s, ETA 20s
Transferred:            0 / 1, 0%
Elapsed time:         3.7s
Transferring:
 *           best_model_21_0.7948717948717948.pt: 31% /19.028Mi, 649.330Ki/s, 20Transferred:   	   12.621 MiB / 19.028 MiB, 66%, 1.983 MiB/s, ETA 3s
Transferred:            0 / 1, 0%
Elapsed time:         4.2s
Transferring:
 *           best_model_21_0.7948717948717948.pt: 66% /19.028Mi, 1.983Mi/s, 3sTransferred:   	   19.028 MiB / 19.028 MiB, 100%, 1.983 MiB/s, ETA 0s
Transferred:            0 / 1, 0%
Elapsed time:         4.7s
Transferring:
 *           best_model_21_0.7948717948717948.pt:100% /19.028Mi, 1.983Mi/s, 0sTransferred:   	   19.028 MiB / 19.028 MiB, 100%, 3.806 MiB/s, ETA 0s
Transferred:            1 / 1, 100%
Elapsed time:         5.2s
[b2_push] done -> b2:junyi-data/RGCL_video/logs/Retrieval/MHC_zh/RAC_video/RAC_lr0.0001_Bz64_Ep30_cosSim_triplet_drop[0.2, 0.4, 0.1]_topK20__PseudoGold_positive_1_hard_negative_1_seed0_hybrid_loss/ckpt/best_model_21_0.7948717948717948.pt
[2026-07-02 02:04:45] [disk_guard] verify: file not found on B2 at exact dest: b2:junyi-data/RGCL_video/logs/Retrieval/MHC_zh/RAC_video/RAC_lr0.0001_Bz64_Ep30_cosSim_triplet_drop[0.2, 0.4, 0.1]_topK20__PseudoGold_positive_1_hard_negative_1_seed0_hybrid_loss/ckpt/best_model_21_0.7948717948717948.pt
[2026-07-02 02:04:45] [disk_guard]     ERROR: verify failed; local kept (safe): /data/jehc223/RGCL/logging/Retrieval/MHC_zh/RAC_video/RAC_lr0.0001_Bz64_Ep30_cosSim_triplet_drop[0.2, 0.4, 0.1]_topK20__PseudoGold_positive_1_hard_negative_1_seed0_hybrid_loss/ckpt/best_model_21_0.7948717948717948.pt
[2026-07-02 02:04:45] [disk_guard]   candidate: /data/jehc223/RGCL/logging/Retrieval/MHC_zh/RAC_video/RAC_lr0.0001_Bz64_Ep30_cosSim_triplet_drop[0.2, 0.4, 0.1]_topK20__PseudoGold_positive_1_hard_negative_1_seed0_hybrid_loss/ckpt/best_model_29_0.8076923076923077.pt
[2026-07-02 02:04:45] [disk_guard]     mtime=2026-07-02 01:51:45 size=19.03MB
[2026-07-02 02:04:45] [disk_guard]     -> b2 subpath: logs/Retrieval/MHC_zh/RAC_video/RAC_lr0.0001_Bz64_Ep30_cosSim_triplet_drop[0.2, 0.4, 0.1]_topK20__PseudoGold_positive_1_hard_negative_1_seed0_hybrid_loss/ckpt/best_model_29_0.8076923076923077.pt
[2026-07-02 02:04:45] [disk_guard]     pushing to B2 ...
[b2_push] copy: /data/jehc223/RGCL/logging/Retrieval/MHC_zh/RAC_video/RAC_lr0.0001_Bz64_Ep30_cosSim_triplet_drop[0.2, 0.4, 0.1]_topK20__PseudoGold_positive_1_hard_negative_1_seed0_hybrid_loss/ckpt/best_model_29_0.8076923076923077.pt -> b2:junyi-data/RGCL_video/logs/Retrieval/MHC_zh/RAC_video/RAC_lr0.0001_Bz64_Ep30_cosSim_triplet_drop[0.2, 0.4, 0.1]_topK20__PseudoGold_positive_1_hard_negative_1_seed0_hybrid_loss/ckpt/best_model_29_0.8076923076923077.pt
Transferred:   	          0 B / 19.028 MiB, 0%, 0 B/s, ETA -
Transferred:            0 / 1, 0%
Elapsed time:         0.2s
Transferring:
 *           best_model_29_0.8076923076923077.pt:  0% /19.028Mi, 0/s, -Transferred:   	          0 B / 19.028 MiB, 0%, 0 B/s, ETA -
Transferred:            0 / 1, 0%
Elapsed time:         0.7s
Transferring:
 *           best_model_29_0.8076923076923077.pt:  0% /19.028Mi, 0/s, -Transferred:   	          0 B / 19.028 MiB, 0%, 0 B/s, ETA -
Transferred:            0 / 1, 0%
Elapsed time:         1.2s
Transferring:
 *           best_model_29_0.8076923076923077.pt:  0% /19.028Mi, 0/s, -Transferred:   	          0 B / 19.028 MiB, 0%, 0 B/s, ETA -
Transferred:            0 / 1, 0%
Elapsed time:         1.7s
Transferring:
 *           best_model_29_0.8076923076923077.pt:  0% /19.028Mi, 0/s, -Transferred:   	      668 KiB / 19.028 MiB, 3%, 0 B/s, ETA -
Transferred:            0 / 1, 0%
Elapsed time:         2.2s
Transferring:
 *           best_model_29_0.8076923076923077.pt:  3% /19.028Mi, 0/s, -Transferred:   	    1.559 MiB / 19.028 MiB, 8%, 0 B/s, ETA -
Transferred:            0 / 1, 0%
Elapsed time:         2.7s
Transferring:
 *           best_model_29_0.8076923076923077.pt:  8% /19.028Mi, 0/s, -Transferred:   	    4.309 MiB / 19.028 MiB, 23%, 702.665 KiB/s, ETA 21s
Transferred:            0 / 1, 0%
Elapsed time:         3.2s
Transferring:
 *           best_model_29_0.8076923076923077.pt: 22% /19.028Mi, 702.666Ki/s, 21Transferred:   	    7.621 MiB / 19.028 MiB, 40%, 702.665 KiB/s, ETA 16s
Transferred:            0 / 1, 0%
Elapsed time:         3.7s
Transferring:
 *           best_model_29_0.8076923076923077.pt: 40% /19.028Mi, 702.666Ki/s, 16Transferred:   	   13.621 MiB / 19.028 MiB, 72%, 2.335 MiB/s, ETA 2s
Transferred:            0 / 1, 0%
Elapsed time:         4.2s
Transferring:
 *           best_model_29_0.8076923076923077.pt: 71% /19.028Mi, 2.335Mi/s, 2sTransferred:   	   18.871 MiB / 19.028 MiB, 99%, 2.335 MiB/s, ETA 0s
Transferred:            0 / 1, 0%
Elapsed time:         4.7s
Transferring:
 *           best_model_29_0.8076923076923077.pt: 99% /19.028Mi, 2.335Mi/s, 0sTransferred:   	   19.028 MiB / 19.028 MiB, 100%, 3.806 MiB/s, ETA 0s
Transferred:            0 / 1, 0%
Elapsed time:         5.2s
Transferring:
 *           best_model_29_0.8076923076923077.pt:100% /19.028Mi, 3.806Mi/s, 0sTransferred:   	   19.028 MiB / 19.028 MiB, 100%, 3.806 MiB/s, ETA 0s
Transferred:            0 / 1, 0%
Elapsed time:         5.7s
Transferring:
 *           best_model_29_0.8076923076923077.pt:100% /19.028Mi, 3.806Mi/s, 0sTransferred:   	   19.028 MiB / 19.028 MiB, 100%, 3.806 MiB/s, ETA 0s
Transferred:            1 / 1, 100%
Elapsed time:         5.8s
[b2_push] done -> b2:junyi-data/RGCL_video/logs/Retrieval/MHC_zh/RAC_video/RAC_lr0.0001_Bz64_Ep30_cosSim_triplet_drop[0.2, 0.4, 0.1]_topK20__PseudoGold_positive_1_hard_negative_1_seed0_hybrid_loss/ckpt/best_model_29_0.8076923076923077.pt
[2026-07-02 02:04:55] [disk_guard] verify: file not found on B2 at exact dest: b2:junyi-data/RGCL_video/logs/Retrieval/MHC_zh/RAC_video/RAC_lr0.0001_Bz64_Ep30_cosSim_triplet_drop[0.2, 0.4, 0.1]_topK20__PseudoGold_positive_1_hard_negative_1_seed0_hybrid_loss/ckpt/best_model_29_0.8076923076923077.pt
[2026-07-02 02:04:55] [disk_guard]     ERROR: verify failed; local kept (safe): /data/jehc223/RGCL/logging/Retrieval/MHC_zh/RAC_video/RAC_lr0.0001_Bz64_Ep30_cosSim_triplet_drop[0.2, 0.4, 0.1]_topK20__PseudoGold_positive_1_hard_negative_1_seed0_hybrid_loss/ckpt/best_model_29_0.8076923076923077.pt
[2026-07-02 02:04:55] [disk_guard]   candidate: /data/jehc223/RGCL/logging/Retrieval/MHC_zh/RAC_video/RAC_lr0.0001_Bz64_Ep30_cosSim_triplet_drop[0.2, 0.4, 0.1]_topK20__PseudoGold_positive_1_hard_negative_1_seed0_hybrid_loss/ckpt/last_model_29_0.8076923076923077.pt
[2026-07-02 02:04:55] [disk_guard]     mtime=2026-07-02 01:51:45 size=19.03MB
[2026-07-02 02:04:55] [disk_guard]     -> b2 subpath: logs/Retrieval/MHC_zh/RAC_video/RAC_lr0.0001_Bz64_Ep30_cosSim_triplet_drop[0.2, 0.4, 0.1]_topK20__PseudoGold_positive_1_hard_negative_1_seed0_hybrid_loss/ckpt/last_model_29_0.8076923076923077.pt
[2026-07-02 02:04:55] [disk_guard]     pushing to B2 ...
[b2_push] copy: /data/jehc223/RGCL/logging/Retrieval/MHC_zh/RAC_video/RAC_lr0.0001_Bz64_Ep30_cosSim_triplet_drop[0.2, 0.4, 0.1]_topK20__PseudoGold_positive_1_hard_negative_1_seed0_hybrid_loss/ckpt/last_model_29_0.8076923076923077.pt -> b2:junyi-data/RGCL_video/logs/Retrieval/MHC_zh/RAC_video/RAC_lr0.0001_Bz64_Ep30_cosSim_triplet_drop[0.2, 0.4, 0.1]_topK20__PseudoGold_positive_1_hard_negative_1_seed0_hybrid_loss/ckpt/last_model_29_0.8076923076923077.pt
Transferred:   	          0 B / 19.028 MiB, 0%, 0 B/s, ETA -
Transferred:            0 / 1, 0%
Elapsed time:         0.2s
Transferring:
 *           last_model_29_0.8076923076923077.pt:  0% /19.028Mi, 0/s, -Transferred:   	          0 B / 19.028 MiB, 0%, 0 B/s, ETA -
Transferred:            0 / 1, 0%
Elapsed time:         0.7s
Transferring:
 *           last_model_29_0.8076923076923077.pt:  0% /19.028Mi, 0/s, -Transferred:   	          0 B / 19.028 MiB, 0%, 0 B/s, ETA -
Transferred:            0 / 1, 0%
Elapsed time:         1.2s
Transferring:
 *           last_model_29_0.8076923076923077.pt:  0% /19.028Mi, 0/s, -Transferred:   	          0 B / 19.028 MiB, 0%, 0 B/s, ETA -
Transferred:            0 / 1, 0%
Elapsed time:         1.7s
Transferring:
 *           last_model_29_0.8076923076923077.pt:  0% /19.028Mi, 0/s, -Transferred:   	      988 KiB / 19.028 MiB, 5%, 0 B/s, ETA -
Transferred:            0 / 1, 0%
Elapsed time:         2.2s
Transferring:
 *           last_model_29_0.8076923076923077.pt:  5% /19.028Mi, 0/s, -Transferred:   	    1.277 MiB / 19.028 MiB, 7%, 0 B/s, ETA -
Transferred:            0 / 1, 0%
Elapsed time:         2.7s
Transferring:
 *           last_model_29_0.8076923076923077.pt:  6% /19.028Mi, 0/s, -Transferred:   	    3.621 MiB / 19.028 MiB, 19%, 958.670 KiB/s, ETA 16s
Transferred:            0 / 1, 0%
Elapsed time:         3.2s
Transferring:
 *           last_model_29_0.8076923076923077.pt: 19% /19.028Mi, 958.664Ki/s, 16Transferred:   	    6.621 MiB / 19.028 MiB, 35%, 958.670 KiB/s, ETA 13s
Transferred:            0 / 1, 0%
Elapsed time:         3.7s
Transferring:
 *           last_model_29_0.8076923076923077.pt: 34% /19.028Mi, 958.664Ki/s, 13Transferred:   	   10.965 MiB / 19.028 MiB, 58%, 1.866 MiB/s, ETA 4s
Transferred:            0 / 1, 0%
Elapsed time:         4.2s
Transferring:
 *           last_model_29_0.8076923076923077.pt: 57% /19.028Mi, 1.866Mi/s, 4sTransferred:   	   17.277 MiB / 19.028 MiB, 91%, 1.866 MiB/s, ETA 0s
Transferred:            0 / 1, 0%
Elapsed time:         4.7s
Transferring:
 *           last_model_29_0.8076923076923077.pt: 90% /19.028Mi, 1.866Mi/s, 0sTransferred:   	   19.028 MiB / 19.028 MiB, 100%, 3.806 MiB/s, ETA 0s
Transferred:            0 / 1, 0%
Elapsed time:         5.2s
Transferring:
 *           last_model_29_0.8076923076923077.pt:100% /19.028Mi, 3.806Mi/s, 0sTransferred:   	   19.028 MiB / 19.028 MiB, 100%, 3.806 MiB/s, ETA 0s
Transferred:            1 / 1, 100%
Elapsed time:         5.5s
[b2_push] done -> b2:junyi-data/RGCL_video/logs/Retrieval/MHC_zh/RAC_video/RAC_lr0.0001_Bz64_Ep30_cosSim_triplet_drop[0.2, 0.4, 0.1]_topK20__PseudoGold_positive_1_hard_negative_1_seed0_hybrid_loss/ckpt/last_model_29_0.8076923076923077.pt
[2026-07-02 02:05:04] [disk_guard] verify: file not found on B2 at exact dest: b2:junyi-data/RGCL_video/logs/Retrieval/MHC_zh/RAC_video/RAC_lr0.0001_Bz64_Ep30_cosSim_triplet_drop[0.2, 0.4, 0.1]_topK20__PseudoGold_positive_1_hard_negative_1_seed0_hybrid_loss/ckpt/last_model_29_0.8076923076923077.pt
[2026-07-02 02:05:04] [disk_guard]     ERROR: verify failed; local kept (safe): /data/jehc223/RGCL/logging/Retrieval/MHC_zh/RAC_video/RAC_lr0.0001_Bz64_Ep30_cosSim_triplet_drop[0.2, 0.4, 0.1]_topK20__PseudoGold_positive_1_hard_negative_1_seed0_hybrid_loss/ckpt/last_model_29_0.8076923076923077.pt
[2026-07-02 02:05:04] [disk_guard]   step (c) projected/actual freed: 0.00B.
[2026-07-02 02:05:04] [disk_guard]   usage now 256G still > target 250G: continuing.
[2026-07-02 02:05:04] [disk_guard] WARNING: still over target (usage=256G > target 250G) after all SAFE steps.
[2026-07-02 02:05:04] [disk_guard] WARNING: MANUAL INTERVENTION required — an approved larger offload (e.g. raw datasets or another project) is needed.
[2026-07-02 02:05:04] [disk_guard] WARNING: this guard will NOT touch raw datasets (Multihateclip/HateMM/ImpliHateVid) or non-project data. Stopping.
[2026-07-02 02:05:04] [disk_guard] ==== disk_guard end ====
[2026-07-02 02:06:01] [disk_guard] [DRY-RUN] ==== disk_guard start (dry_run=1, sourced=0) ====
[2026-07-02 02:06:01] [disk_guard] [DRY-RUN] config: THRESHOLD=250G TARGET=250G RGCL_ROOT=/data/jehc223/RGCL B2_PREFIX=b2:junyi-data/RGCL_video
[2026-07-02 02:06:01] [disk_guard] [DRY-RUN] log file: /data/jehc223/RGCL/slurm/logs/disk_guard.log
[2026-07-02 02:06:01] [disk_guard] [DRY-RUN] current /data usage: 256G (threshold 250G, target 250G).
[2026-07-02 02:06:01] [disk_guard] [DRY-RUN] usage 256G > threshold 250G: starting reclaim.
[2026-07-02 02:06:01] [disk_guard] [DRY-RUN] Step (a): rclone VFS cache purge.
[2026-07-02 02:06:01] [disk_guard] [DRY-RUN]   no rclone vfs* cache dirs present (nothing to do).
[2026-07-02 02:06:01] [disk_guard] [DRY-RUN] Step (b): HuggingFace cache.
[2026-07-02 02:06:01] [disk_guard] [DRY-RUN]   HF cache purge skipped (conservative); needs manual review. Set DISK_GUARD_HF_PURGE=1 to allow datasets--*/.locks removal (never models--*).
[2026-07-02 02:06:01] [disk_guard] [DRY-RUN] Step (c): push-verify-prune oldest logging/ checkpoints (mirrored to B2 under logs/).
[2026-07-02 02:06:01] [disk_guard] [DRY-RUN]   found 77 candidate checkpoint(s), oldest-first.
[2026-07-02 02:06:01] [disk_guard] [DRY-RUN]   need to free ~6.00GB to reach target 250G.
[2026-07-02 02:06:01] [disk_guard] [DRY-RUN]   candidate: /data/jehc223/RGCL/logging/Retrieval/MHC/RAC_video/RAC_lr0.0001_Bz64_Ep30_cosSim_triplet_drop[0.2, 0.4, 0.1]_topK20__PseudoGold_positive_1_hard_negative_1_seed0_hybrid_loss/ckpt/best_model_0_0.775.pt
[2026-07-02 02:06:01] [disk_guard] [DRY-RUN]     mtime=2026-07-02 01:11:00 size=40.03MB
[2026-07-02 02:06:01] [disk_guard] [DRY-RUN]     -> b2 subpath: logs/Retrieval/MHC/RAC_video/RAC_lr0.0001_Bz64_Ep30_cosSim_triplet_drop[0.2, 0.4, 0.1]_topK20__PseudoGold_positive_1_hard_negative_1_seed0_hybrid_loss/ckpt/best_model_0_0.775.pt
[2026-07-02 02:06:01] [disk_guard] [DRY-RUN]     would run: b2_push.sh "/data/jehc223/RGCL/logging/Retrieval/MHC/RAC_video/RAC_lr0.0001_Bz64_Ep30_cosSim_triplet_drop[0.2, 0.4, 0.1]_topK20__PseudoGold_positive_1_hard_negative_1_seed0_hybrid_loss/ckpt/best_model_0_0.775.pt" "logs/Retrieval/MHC/RAC_video/RAC_lr0.0001_Bz64_Ep30_cosSim_triplet_drop[0.2, 0.4, 0.1]_topK20__PseudoGold_positive_1_hard_negative_1_seed0_hybrid_loss/ckpt/best_model_0_0.775.pt"
[2026-07-02 02:06:01] [disk_guard] [DRY-RUN]     would verify sha1(local) == sha1 at b2:junyi-data/RGCL_video/logs/Retrieval/MHC/RAC_video/RAC_lr0.0001_Bz64_Ep30_cosSim_triplet_drop[0.2, 0.4, 0.1]_topK20__PseudoGold_positive_1_hard_negative_1_seed0_hybrid_loss/ckpt/best_model_0_0.775.pt
[2026-07-02 02:06:01] [disk_guard] [DRY-RUN]     would rm "/data/jehc223/RGCL/logging/Retrieval/MHC/RAC_video/RAC_lr0.0001_Bz64_Ep30_cosSim_triplet_drop[0.2, 0.4, 0.1]_topK20__PseudoGold_positive_1_hard_negative_1_seed0_hybrid_loss/ckpt/best_model_0_0.775.pt"  (frees 40.03MB)  IF verify passes
[2026-07-02 02:06:01] [disk_guard] [DRY-RUN]   candidate: /data/jehc223/RGCL/logging/Retrieval/HateMM/RAC_video/RAC_lr0.0001_Bz64_Ep30_cosSim_triplet_drop[0.2, 0.4, 0.1]_topK20__PseudoGold_positive_1_hard_negative_1_seed0_hybrid_loss/ckpt/best_model_0_0.8130841121495327.pt
[2026-07-02 02:06:01] [disk_guard] [DRY-RUN]     mtime=2026-07-02 01:11:00 size=40.03MB
[2026-07-02 02:06:01] [disk_guard] [DRY-RUN]     -> b2 subpath: logs/Retrieval/HateMM/RAC_video/RAC_lr0.0001_Bz64_Ep30_cosSim_triplet_drop[0.2, 0.4, 0.1]_topK20__PseudoGold_positive_1_hard_negative_1_seed0_hybrid_loss/ckpt/best_model_0_0.8130841121495327.pt
[2026-07-02 02:06:01] [disk_guard] [DRY-RUN]     would run: b2_push.sh "/data/jehc223/RGCL/logging/Retrieval/HateMM/RAC_video/RAC_lr0.0001_Bz64_Ep30_cosSim_triplet_drop[0.2, 0.4, 0.1]_topK20__PseudoGold_positive_1_hard_negative_1_seed0_hybrid_loss/ckpt/best_model_0_0.8130841121495327.pt" "logs/Retrieval/HateMM/RAC_video/RAC_lr0.0001_Bz64_Ep30_cosSim_triplet_drop[0.2, 0.4, 0.1]_topK20__PseudoGold_positive_1_hard_negative_1_seed0_hybrid_loss/ckpt/best_model_0_0.8130841121495327.pt"
[2026-07-02 02:06:01] [disk_guard] [DRY-RUN]     would verify sha1(local) == sha1 at b2:junyi-data/RGCL_video/logs/Retrieval/HateMM/RAC_video/RAC_lr0.0001_Bz64_Ep30_cosSim_triplet_drop[0.2, 0.4, 0.1]_topK20__PseudoGold_positive_1_hard_negative_1_seed0_hybrid_loss/ckpt/best_model_0_0.8130841121495327.pt
[2026-07-02 02:06:01] [disk_guard] [DRY-RUN]     would rm "/data/jehc223/RGCL/logging/Retrieval/HateMM/RAC_video/RAC_lr0.0001_Bz64_Ep30_cosSim_triplet_drop[0.2, 0.4, 0.1]_topK20__PseudoGold_positive_1_hard_negative_1_seed0_hybrid_loss/ckpt/best_model_0_0.8130841121495327.pt"  (frees 40.03MB)  IF verify passes
[2026-07-02 02:06:01] [disk_guard] [DRY-RUN]   candidate: /data/jehc223/RGCL/logging/Retrieval/HateMM/RAC_video/RAC_lr0.0001_Bz64_Ep30_cosSim_triplet_drop[0.2, 0.4, 0.1]_topK20__PseudoGold_positive_1_hard_negative_1_seed0_hybrid_loss/ckpt/best_model_1_0.8317757009345794.pt
[2026-07-02 02:06:01] [disk_guard] [DRY-RUN]     mtime=2026-07-02 01:11:01 size=40.03MB
[2026-07-02 02:06:01] [disk_guard] [DRY-RUN]     -> b2 subpath: logs/Retrieval/HateMM/RAC_video/RAC_lr0.0001_Bz64_Ep30_cosSim_triplet_drop[0.2, 0.4, 0.1]_topK20__PseudoGold_positive_1_hard_negative_1_seed0_hybrid_loss/ckpt/best_model_1_0.8317757009345794.pt
[2026-07-02 02:06:01] [disk_guard] [DRY-RUN]     would run: b2_push.sh "/data/jehc223/RGCL/logging/Retrieval/HateMM/RAC_video/RAC_lr0.0001_Bz64_Ep30_cosSim_triplet_drop[0.2, 0.4, 0.1]_topK20__PseudoGold_positive_1_hard_negative_1_seed0_hybrid_loss/ckpt/best_model_1_0.8317757009345794.pt" "logs/Retrieval/HateMM/RAC_video/RAC_lr0.0001_Bz64_Ep30_cosSim_triplet_drop[0.2, 0.4, 0.1]_topK20__PseudoGold_positive_1_hard_negative_1_seed0_hybrid_loss/ckpt/best_model_1_0.8317757009345794.pt"
[2026-07-02 02:06:01] [disk_guard] [DRY-RUN]     would verify sha1(local) == sha1 at b2:junyi-data/RGCL_video/logs/Retrieval/HateMM/RAC_video/RAC_lr0.0001_Bz64_Ep30_cosSim_triplet_drop[0.2, 0.4, 0.1]_topK20__PseudoGold_positive_1_hard_negative_1_seed0_hybrid_loss/ckpt/best_model_1_0.8317757009345794.pt
[2026-07-02 02:06:01] [disk_guard] [DRY-RUN]     would rm "/data/jehc223/RGCL/logging/Retrieval/HateMM/RAC_video/RAC_lr0.0001_Bz64_Ep30_cosSim_triplet_drop[0.2, 0.4, 0.1]_topK20__PseudoGold_positive_1_hard_negative_1_seed0_hybrid_loss/ckpt/best_model_1_0.8317757009345794.pt"  (frees 40.03MB)  IF verify passes
[2026-07-02 02:06:01] [disk_guard] [DRY-RUN]   candidate: /data/jehc223/RGCL/logging/Retrieval/MHC/RAC_video/RAC_lr0.0001_Bz64_Ep30_cosSim_triplet_drop[0.2, 0.4, 0.1]_topK20__PseudoGold_positive_1_hard_negative_1_seed0_hybrid_loss/ckpt/best_model_17_0.775.pt
[2026-07-02 02:06:01] [disk_guard] [DRY-RUN]     mtime=2026-07-02 01:11:11 size=40.03MB
[2026-07-02 02:06:01] [disk_guard] [DRY-RUN]     -> b2 subpath: logs/Retrieval/MHC/RAC_video/RAC_lr0.0001_Bz64_Ep30_cosSim_triplet_drop[0.2, 0.4, 0.1]_topK20__PseudoGold_positive_1_hard_negative_1_seed0_hybrid_loss/ckpt/best_model_17_0.775.pt
[2026-07-02 02:06:01] [disk_guard] [DRY-RUN]     would run: b2_push.sh "/data/jehc223/RGCL/logging/Retrieval/MHC/RAC_video/RAC_lr0.0001_Bz64_Ep30_cosSim_triplet_drop[0.2, 0.4, 0.1]_topK20__PseudoGold_positive_1_hard_negative_1_seed0_hybrid_loss/ckpt/best_model_17_0.775.pt" "logs/Retrieval/MHC/RAC_video/RAC_lr0.0001_Bz64_Ep30_cosSim_triplet_drop[0.2, 0.4, 0.1]_topK20__PseudoGold_positive_1_hard_negative_1_seed0_hybrid_loss/ckpt/best_model_17_0.775.pt"
[2026-07-02 02:06:01] [disk_guard] [DRY-RUN]     would verify sha1(local) == sha1 at b2:junyi-data/RGCL_video/logs/Retrieval/MHC/RAC_video/RAC_lr0.0001_Bz64_Ep30_cosSim_triplet_drop[0.2, 0.4, 0.1]_topK20__PseudoGold_positive_1_hard_negative_1_seed0_hybrid_loss/ckpt/best_model_17_0.775.pt
[2026-07-02 02:06:01] [disk_guard] [DRY-RUN]     would rm "/data/jehc223/RGCL/logging/Retrieval/MHC/RAC_video/RAC_lr0.0001_Bz64_Ep30_cosSim_triplet_drop[0.2, 0.4, 0.1]_topK20__PseudoGold_positive_1_hard_negative_1_seed0_hybrid_loss/ckpt/best_model_17_0.775.pt"  (frees 40.03MB)  IF verify passes
[2026-07-02 02:06:01] [disk_guard] [DRY-RUN]   candidate: /data/jehc223/RGCL/logging/Retrieval/HateMM/RAC_video/RAC_lr0.0001_Bz64_Ep30_cosSim_triplet_drop[0.2, 0.4, 0.1]_topK20__PseudoGold_positive_1_hard_negative_1_seed0_hybrid_loss/ckpt/best_model_13_0.8317757009345794.pt
[2026-07-02 02:06:01] [disk_guard] [DRY-RUN]     mtime=2026-07-02 01:11:12 size=40.03MB
[2026-07-02 02:06:01] [disk_guard] [DRY-RUN]     -> b2 subpath: logs/Retrieval/HateMM/RAC_video/RAC_lr0.0001_Bz64_Ep30_cosSim_triplet_drop[0.2, 0.4, 0.1]_topK20__PseudoGold_positive_1_hard_negative_1_seed0_hybrid_loss/ckpt/best_model_13_0.8317757009345794.pt
[2026-07-02 02:06:01] [disk_guard] [DRY-RUN]     would run: b2_push.sh "/data/jehc223/RGCL/logging/Retrieval/HateMM/RAC_video/RAC_lr0.0001_Bz64_Ep30_cosSim_triplet_drop[0.2, 0.4, 0.1]_topK20__PseudoGold_positive_1_hard_negative_1_seed0_hybrid_loss/ckpt/best_model_13_0.8317757009345794.pt" "logs/Retrieval/HateMM/RAC_video/RAC_lr0.0001_Bz64_Ep30_cosSim_triplet_drop[0.2, 0.4, 0.1]_topK20__PseudoGold_positive_1_hard_negative_1_seed0_hybrid_loss/ckpt/best_model_13_0.8317757009345794.pt"
[2026-07-02 02:06:01] [disk_guard] [DRY-RUN]     would verify sha1(local) == sha1 at b2:junyi-data/RGCL_video/logs/Retrieval/HateMM/RAC_video/RAC_lr0.0001_Bz64_Ep30_cosSim_triplet_drop[0.2, 0.4, 0.1]_topK20__PseudoGold_positive_1_hard_negative_1_seed0_hybrid_loss/ckpt/best_model_13_0.8317757009345794.pt
[2026-07-02 02:06:01] [disk_guard] [DRY-RUN]     would rm "/data/jehc223/RGCL/logging/Retrieval/HateMM/RAC_video/RAC_lr0.0001_Bz64_Ep30_cosSim_triplet_drop[0.2, 0.4, 0.1]_topK20__PseudoGold_positive_1_hard_negative_1_seed0_hybrid_loss/ckpt/best_model_13_0.8317757009345794.pt"  (frees 40.03MB)  IF verify passes
[2026-07-02 02:06:01] [disk_guard] [DRY-RUN]   candidate: /data/jehc223/RGCL/logging/Retrieval/HateMM/RAC_video/RAC_lr0.0001_Bz64_Ep30_cosSim_triplet_drop[0.2, 0.4, 0.1]_topK20__PseudoGold_positive_1_hard_negative_1_seed0_hybrid_loss/ckpt/best_model_17_0.8317757009345794.pt
[2026-07-02 02:06:01] [disk_guard] [DRY-RUN]     mtime=2026-07-02 01:11:15 size=40.03MB
[2026-07-02 02:06:01] [disk_guard] [DRY-RUN]     -> b2 subpath: logs/Retrieval/HateMM/RAC_video/RAC_lr0.0001_Bz64_Ep30_cosSim_triplet_drop[0.2, 0.4, 0.1]_topK20__PseudoGold_positive_1_hard_negative_1_seed0_hybrid_loss/ckpt/best_model_17_0.8317757009345794.pt
[2026-07-02 02:06:01] [disk_guard] [DRY-RUN]     would run: b2_push.sh "/data/jehc223/RGCL/logging/Retrieval/HateMM/RAC_video/RAC_lr0.0001_Bz64_Ep30_cosSim_triplet_drop[0.2, 0.4, 0.1]_topK20__PseudoGold_positive_1_hard_negative_1_seed0_hybrid_loss/ckpt/best_model_17_0.8317757009345794.pt" "logs/Retrieval/HateMM/RAC_video/RAC_lr0.0001_Bz64_Ep30_cosSim_triplet_drop[0.2, 0.4, 0.1]_topK20__PseudoGold_positive_1_hard_negative_1_seed0_hybrid_loss/ckpt/best_model_17_0.8317757009345794.pt"
[2026-07-02 02:06:01] [disk_guard] [DRY-RUN]     would verify sha1(local) == sha1 at b2:junyi-data/RGCL_video/logs/Retrieval/HateMM/RAC_video/RAC_lr0.0001_Bz64_Ep30_cosSim_triplet_drop[0.2, 0.4, 0.1]_topK20__PseudoGold_positive_1_hard_negative_1_seed0_hybrid_loss/ckpt/best_model_17_0.8317757009345794.pt
[2026-07-02 02:06:01] [disk_guard] [DRY-RUN]     would rm "/data/jehc223/RGCL/logging/Retrieval/HateMM/RAC_video/RAC_lr0.0001_Bz64_Ep30_cosSim_triplet_drop[0.2, 0.4, 0.1]_topK20__PseudoGold_positive_1_hard_negative_1_seed0_hybrid_loss/ckpt/best_model_17_0.8317757009345794.pt"  (frees 40.03MB)  IF verify passes
[2026-07-02 02:06:01] [disk_guard] [DRY-RUN]   candidate: /data/jehc223/RGCL/logging/Retrieval/HateMM/RAC_video/RAC_lr0.0001_Bz64_Ep30_cosSim_triplet_drop[0.2, 0.4, 0.1]_topK20__PseudoGold_positive_1_hard_negative_1_seed0_hybrid_loss/ckpt/best_model_18_0.8411214953271028.pt
[2026-07-02 02:06:01] [disk_guard] [DRY-RUN]     mtime=2026-07-02 01:11:16 size=40.03MB
[2026-07-02 02:06:01] [disk_guard] [DRY-RUN]     -> b2 subpath: logs/Retrieval/HateMM/RAC_video/RAC_lr0.0001_Bz64_Ep30_cosSim_triplet_drop[0.2, 0.4, 0.1]_topK20__PseudoGold_positive_1_hard_negative_1_seed0_hybrid_loss/ckpt/best_model_18_0.8411214953271028.pt
[2026-07-02 02:06:01] [disk_guard] [DRY-RUN]     would run: b2_push.sh "/data/jehc223/RGCL/logging/Retrieval/HateMM/RAC_video/RAC_lr0.0001_Bz64_Ep30_cosSim_triplet_drop[0.2, 0.4, 0.1]_topK20__PseudoGold_positive_1_hard_negative_1_seed0_hybrid_loss/ckpt/best_model_18_0.8411214953271028.pt" "logs/Retrieval/HateMM/RAC_video/RAC_lr0.0001_Bz64_Ep30_cosSim_triplet_drop[0.2, 0.4, 0.1]_topK20__PseudoGold_positive_1_hard_negative_1_seed0_hybrid_loss/ckpt/best_model_18_0.8411214953271028.pt"
[2026-07-02 02:06:01] [disk_guard] [DRY-RUN]     would verify sha1(local) == sha1 at b2:junyi-data/RGCL_video/logs/Retrieval/HateMM/RAC_video/RAC_lr0.0001_Bz64_Ep30_cosSim_triplet_drop[0.2, 0.4, 0.1]_topK20__PseudoGold_positive_1_hard_negative_1_seed0_hybrid_loss/ckpt/best_model_18_0.8411214953271028.pt
[2026-07-02 02:06:01] [disk_guard] [DRY-RUN]     would rm "/data/jehc223/RGCL/logging/Retrieval/HateMM/RAC_video/RAC_lr0.0001_Bz64_Ep30_cosSim_triplet_drop[0.2, 0.4, 0.1]_topK20__PseudoGold_positive_1_hard_negative_1_seed0_hybrid_loss/ckpt/best_model_18_0.8411214953271028.pt"  (frees 40.03MB)  IF verify passes
[2026-07-02 02:06:01] [disk_guard] [DRY-RUN]   candidate: /data/jehc223/RGCL/logging/Retrieval/MHC/RAC_video/RAC_lr0.0001_Bz64_Ep30_cosSim_triplet_drop[0.2, 0.4, 0.1]_topK20__PseudoGold_positive_1_hard_negative_1_seed0_hybrid_loss/ckpt/best_model_28_0.8.pt
[2026-07-02 02:06:01] [disk_guard] [DRY-RUN]     mtime=2026-07-02 01:11:18 size=40.03MB
[2026-07-02 02:06:01] [disk_guard] [DRY-RUN]     -> b2 subpath: logs/Retrieval/MHC/RAC_video/RAC_lr0.0001_Bz64_Ep30_cosSim_triplet_drop[0.2, 0.4, 0.1]_topK20__PseudoGold_positive_1_hard_negative_1_seed0_hybrid_loss/ckpt/best_model_28_0.8.pt
[2026-07-02 02:06:01] [disk_guard] [DRY-RUN]     would run: b2_push.sh "/data/jehc223/RGCL/logging/Retrieval/MHC/RAC_video/RAC_lr0.0001_Bz64_Ep30_cosSim_triplet_drop[0.2, 0.4, 0.1]_topK20__PseudoGold_positive_1_hard_negative_1_seed0_hybrid_loss/ckpt/best_model_28_0.8.pt" "logs/Retrieval/MHC/RAC_video/RAC_lr0.0001_Bz64_Ep30_cosSim_triplet_drop[0.2, 0.4, 0.1]_topK20__PseudoGold_positive_1_hard_negative_1_seed0_hybrid_loss/ckpt/best_model_28_0.8.pt"
[2026-07-02 02:06:01] [disk_guard] [DRY-RUN]     would verify sha1(local) == sha1 at b2:junyi-data/RGCL_video/logs/Retrieval/MHC/RAC_video/RAC_lr0.0001_Bz64_Ep30_cosSim_triplet_drop[0.2, 0.4, 0.1]_topK20__PseudoGold_positive_1_hard_negative_1_seed0_hybrid_loss/ckpt/best_model_28_0.8.pt
[2026-07-02 02:06:01] [disk_guard] [DRY-RUN]     would rm "/data/jehc223/RGCL/logging/Retrieval/MHC/RAC_video/RAC_lr0.0001_Bz64_Ep30_cosSim_triplet_drop[0.2, 0.4, 0.1]_topK20__PseudoGold_positive_1_hard_negative_1_seed0_hybrid_loss/ckpt/best_model_28_0.8.pt"  (frees 40.03MB)  IF verify passes
[2026-07-02 02:06:01] [disk_guard] [DRY-RUN]   candidate: /data/jehc223/RGCL/logging/Retrieval/MHC/RAC_video/RAC_lr0.0001_Bz64_Ep30_cosSim_triplet_drop[0.2, 0.4, 0.1]_topK20__PseudoGold_positive_1_hard_negative_1_seed0_hybrid_loss/ckpt/last_model_29_0.7625.pt
[2026-07-02 02:06:01] [disk_guard] [DRY-RUN]     mtime=2026-07-02 01:11:19 size=40.03MB
[2026-07-02 02:06:01] [disk_guard] [DRY-RUN]     -> b2 subpath: logs/Retrieval/MHC/RAC_video/RAC_lr0.0001_Bz64_Ep30_cosSim_triplet_drop[0.2, 0.4, 0.1]_topK20__PseudoGold_positive_1_hard_negative_1_seed0_hybrid_loss/ckpt/last_model_29_0.7625.pt
[2026-07-02 02:06:01] [disk_guard] [DRY-RUN]     would run: b2_push.sh "/data/jehc223/RGCL/logging/Retrieval/MHC/RAC_video/RAC_lr0.0001_Bz64_Ep30_cosSim_triplet_drop[0.2, 0.4, 0.1]_topK20__PseudoGold_positive_1_hard_negative_1_seed0_hybrid_loss/ckpt/last_model_29_0.7625.pt" "logs/Retrieval/MHC/RAC_video/RAC_lr0.0001_Bz64_Ep30_cosSim_triplet_drop[0.2, 0.4, 0.1]_topK20__PseudoGold_positive_1_hard_negative_1_seed0_hybrid_loss/ckpt/last_model_29_0.7625.pt"
[2026-07-02 02:06:01] [disk_guard] [DRY-RUN]     would verify sha1(local) == sha1 at b2:junyi-data/RGCL_video/logs/Retrieval/MHC/RAC_video/RAC_lr0.0001_Bz64_Ep30_cosSim_triplet_drop[0.2, 0.4, 0.1]_topK20__PseudoGold_positive_1_hard_negative_1_seed0_hybrid_loss/ckpt/last_model_29_0.7625.pt
[2026-07-02 02:06:01] [disk_guard] [DRY-RUN]     would rm "/data/jehc223/RGCL/logging/Retrieval/MHC/RAC_video/RAC_lr0.0001_Bz64_Ep30_cosSim_triplet_drop[0.2, 0.4, 0.1]_topK20__PseudoGold_positive_1_hard_negative_1_seed0_hybrid_loss/ckpt/last_model_29_0.7625.pt"  (frees 40.03MB)  IF verify passes
[2026-07-02 02:06:01] [disk_guard] [DRY-RUN]   candidate: /data/jehc223/RGCL/logging/Retrieval/HateMM/RAC_video/RAC_lr0.0001_Bz64_Ep30_cosSim_triplet_drop[0.2, 0.4, 0.1]_topK20__PseudoGold_positive_1_hard_negative_1_seed0_hybrid_loss/ckpt/best_model_28_0.8598130841121495.pt
[2026-07-02 02:06:01] [disk_guard] [DRY-RUN]     mtime=2026-07-02 01:11:25 size=40.03MB
[2026-07-02 02:06:01] [disk_guard] [DRY-RUN]     -> b2 subpath: logs/Retrieval/HateMM/RAC_video/RAC_lr0.0001_Bz64_Ep30_cosSim_triplet_drop[0.2, 0.4, 0.1]_topK20__PseudoGold_positive_1_hard_negative_1_seed0_hybrid_loss/ckpt/best_model_28_0.8598130841121495.pt
[2026-07-02 02:06:01] [disk_guard] [DRY-RUN]     would run: b2_push.sh "/data/jehc223/RGCL/logging/Retrieval/HateMM/RAC_video/RAC_lr0.0001_Bz64_Ep30_cosSim_triplet_drop[0.2, 0.4, 0.1]_topK20__PseudoGold_positive_1_hard_negative_1_seed0_hybrid_loss/ckpt/best_model_28_0.8598130841121495.pt" "logs/Retrieval/HateMM/RAC_video/RAC_lr0.0001_Bz64_Ep30_cosSim_triplet_drop[0.2, 0.4, 0.1]_topK20__PseudoGold_positive_1_hard_negative_1_seed0_hybrid_loss/ckpt/best_model_28_0.8598130841121495.pt"
[2026-07-02 02:06:01] [disk_guard] [DRY-RUN]     would verify sha1(local) == sha1 at b2:junyi-data/RGCL_video/logs/Retrieval/HateMM/RAC_video/RAC_lr0.0001_Bz64_Ep30_cosSim_triplet_drop[0.2, 0.4, 0.1]_topK20__PseudoGold_positive_1_hard_negative_1_seed0_hybrid_loss/ckpt/best_model_28_0.8598130841121495.pt
[2026-07-02 02:06:01] [disk_guard] [DRY-RUN]     would rm "/data/jehc223/RGCL/logging/Retrieval/HateMM/RAC_video/RAC_lr0.0001_Bz64_Ep30_cosSim_triplet_drop[0.2, 0.4, 0.1]_topK20__PseudoGold_positive_1_hard_negative_1_seed0_hybrid_loss/ckpt/best_model_28_0.8598130841121495.pt"  (frees 40.03MB)  IF verify passes
[2026-07-02 02:06:01] [disk_guard] [DRY-RUN]   candidate: /data/jehc223/RGCL/logging/Retrieval/HateMM/RAC_video/RAC_lr0.0001_Bz64_Ep30_cosSim_triplet_drop[0.2, 0.4, 0.1]_topK20__PseudoGold_positive_1_hard_negative_1_seed0_hybrid_loss/ckpt/last_model_29_0.8504672897196262.pt
[2026-07-02 02:06:01] [disk_guard] [DRY-RUN]     mtime=2026-07-02 01:11:26 size=40.03MB
[2026-07-02 02:06:01] [disk_guard] [DRY-RUN]     -> b2 subpath: logs/Retrieval/HateMM/RAC_video/RAC_lr0.0001_Bz64_Ep30_cosSim_triplet_drop[0.2, 0.4, 0.1]_topK20__PseudoGold_positive_1_hard_negative_1_seed0_hybrid_loss/ckpt/last_model_29_0.8504672897196262.pt
[2026-07-02 02:06:01] [disk_guard] [DRY-RUN]     would run: b2_push.sh "/data/jehc223/RGCL/logging/Retrieval/HateMM/RAC_video/RAC_lr0.0001_Bz64_Ep30_cosSim_triplet_drop[0.2, 0.4, 0.1]_topK20__PseudoGold_positive_1_hard_negative_1_seed0_hybrid_loss/ckpt/last_model_29_0.8504672897196262.pt" "logs/Retrieval/HateMM/RAC_video/RAC_lr0.0001_Bz64_Ep30_cosSim_triplet_drop[0.2, 0.4, 0.1]_topK20__PseudoGold_positive_1_hard_negative_1_seed0_hybrid_loss/ckpt/last_model_29_0.8504672897196262.pt"
[2026-07-02 02:06:01] [disk_guard] [DRY-RUN]     would verify sha1(local) == sha1 at b2:junyi-data/RGCL_video/logs/Retrieval/HateMM/RAC_video/RAC_lr0.0001_Bz64_Ep30_cosSim_triplet_drop[0.2, 0.4, 0.1]_topK20__PseudoGold_positive_1_hard_negative_1_seed0_hybrid_loss/ckpt/last_model_29_0.8504672897196262.pt
[2026-07-02 02:06:01] [disk_guard] [DRY-RUN]     would rm "/data/jehc223/RGCL/logging/Retrieval/HateMM/RAC_video/RAC_lr0.0001_Bz64_Ep30_cosSim_triplet_drop[0.2, 0.4, 0.1]_topK20__PseudoGold_positive_1_hard_negative_1_seed0_hybrid_loss/ckpt/last_model_29_0.8504672897196262.pt"  (frees 40.03MB)  IF verify passes
[2026-07-02 02:06:01] [disk_guard] [DRY-RUN]   candidate: /data/jehc223/RGCL/logging/Retrieval/MHC/RAC_video/RAC_lr0.0001_Bz64_Ep30_cosSim_triplet_drop[0.2, 0.4, 0.1]_topK20__PseudoGold_positive_1_hard_negative_1_seed0_hybrid_loss/ckpt/best_model_0_0.725.pt
[2026-07-02 02:06:01] [disk_guard] [DRY-RUN]     mtime=2026-07-02 01:12:40 size=19.03MB
[2026-07-02 02:06:01] [disk_guard] [DRY-RUN]     -> b2 subpath: logs/Retrieval/MHC/RAC_video/RAC_lr0.0001_Bz64_Ep30_cosSim_triplet_drop[0.2, 0.4, 0.1]_topK20__PseudoGold_positive_1_hard_negative_1_seed0_hybrid_loss/ckpt/best_model_0_0.725.pt
[2026-07-02 02:06:01] [disk_guard] [DRY-RUN]     would run: b2_push.sh "/data/jehc223/RGCL/logging/Retrieval/MHC/RAC_video/RAC_lr0.0001_Bz64_Ep30_cosSim_triplet_drop[0.2, 0.4, 0.1]_topK20__PseudoGold_positive_1_hard_negative_1_seed0_hybrid_loss/ckpt/best_model_0_0.725.pt" "logs/Retrieval/MHC/RAC_video/RAC_lr0.0001_Bz64_Ep30_cosSim_triplet_drop[0.2, 0.4, 0.1]_topK20__PseudoGold_positive_1_hard_negative_1_seed0_hybrid_loss/ckpt/best_model_0_0.725.pt"
[2026-07-02 02:06:01] [disk_guard] [DRY-RUN]     would verify sha1(local) == sha1 at b2:junyi-data/RGCL_video/logs/Retrieval/MHC/RAC_video/RAC_lr0.0001_Bz64_Ep30_cosSim_triplet_drop[0.2, 0.4, 0.1]_topK20__PseudoGold_positive_1_hard_negative_1_seed0_hybrid_loss/ckpt/best_model_0_0.725.pt
[2026-07-02 02:06:01] [disk_guard] [DRY-RUN]     would rm "/data/jehc223/RGCL/logging/Retrieval/MHC/RAC_video/RAC_lr0.0001_Bz64_Ep30_cosSim_triplet_drop[0.2, 0.4, 0.1]_topK20__PseudoGold_positive_1_hard_negative_1_seed0_hybrid_loss/ckpt/best_model_0_0.725.pt"  (frees 19.03MB)  IF verify passes
[2026-07-02 02:06:01] [disk_guard] [DRY-RUN]   candidate: /data/jehc223/RGCL/logging/Retrieval/HateMM/RAC_video/RAC_lr0.0001_Bz64_Ep30_cosSim_triplet_drop[0.2, 0.4, 0.1]_topK20__PseudoGold_positive_1_hard_negative_1_seed0_hybrid_loss/ckpt/best_model_0_0.7476635514018691.pt
[2026-07-02 02:06:01] [disk_guard] [DRY-RUN]     mtime=2026-07-02 01:12:40 size=19.03MB
[2026-07-02 02:06:01] [disk_guard] [DRY-RUN]     -> b2 subpath: logs/Retrieval/HateMM/RAC_video/RAC_lr0.0001_Bz64_Ep30_cosSim_triplet_drop[0.2, 0.4, 0.1]_topK20__PseudoGold_positive_1_hard_negative_1_seed0_hybrid_loss/ckpt/best_model_0_0.7476635514018691.pt
[2026-07-02 02:06:01] [disk_guard] [DRY-RUN]     would run: b2_push.sh "/data/jehc223/RGCL/logging/Retrieval/HateMM/RAC_video/RAC_lr0.0001_Bz64_Ep30_cosSim_triplet_drop[0.2, 0.4, 0.1]_topK20__PseudoGold_positive_1_hard_negative_1_seed0_hybrid_loss/ckpt/best_model_0_0.7476635514018691.pt" "logs/Retrieval/HateMM/RAC_video/RAC_lr0.0001_Bz64_Ep30_cosSim_triplet_drop[0.2, 0.4, 0.1]_topK20__PseudoGold_positive_1_hard_negative_1_seed0_hybrid_loss/ckpt/best_model_0_0.7476635514018691.pt"
[2026-07-02 02:06:01] [disk_guard] [DRY-RUN]     would verify sha1(local) == sha1 at b2:junyi-data/RGCL_video/logs/Retrieval/HateMM/RAC_video/RAC_lr0.0001_Bz64_Ep30_cosSim_triplet_drop[0.2, 0.4, 0.1]_topK20__PseudoGold_positive_1_hard_negative_1_seed0_hybrid_loss/ckpt/best_model_0_0.7476635514018691.pt
[2026-07-02 02:06:01] [disk_guard] [DRY-RUN]     would rm "/data/jehc223/RGCL/logging/Retrieval/HateMM/RAC_video/RAC_lr0.0001_Bz64_Ep30_cosSim_triplet_drop[0.2, 0.4, 0.1]_topK20__PseudoGold_positive_1_hard_negative_1_seed0_hybrid_loss/ckpt/best_model_0_0.7476635514018691.pt"  (frees 19.03MB)  IF verify passes
[2026-07-02 02:06:01] [disk_guard] [DRY-RUN]   candidate: /data/jehc223/RGCL/logging/Retrieval/HateMM/RAC_video/RAC_lr0.0001_Bz64_Ep30_cosSim_triplet_drop[0.2, 0.4, 0.1]_topK20__PseudoGold_positive_1_hard_negative_1_seed0_hybrid_loss/ckpt/best_model_1_0.7757009345794392.pt
[2026-07-02 02:06:01] [disk_guard] [DRY-RUN]     mtime=2026-07-02 01:12:41 size=19.03MB
[2026-07-02 02:06:01] [disk_guard] [DRY-RUN]     -> b2 subpath: logs/Retrieval/HateMM/RAC_video/RAC_lr0.0001_Bz64_Ep30_cosSim_triplet_drop[0.2, 0.4, 0.1]_topK20__PseudoGold_positive_1_hard_negative_1_seed0_hybrid_loss/ckpt/best_model_1_0.7757009345794392.pt
[2026-07-02 02:06:01] [disk_guard] [DRY-RUN]     would run: b2_push.sh "/data/jehc223/RGCL/logging/Retrieval/HateMM/RAC_video/RAC_lr0.0001_Bz64_Ep30_cosSim_triplet_drop[0.2, 0.4, 0.1]_topK20__PseudoGold_positive_1_hard_negative_1_seed0_hybrid_loss/ckpt/best_model_1_0.7757009345794392.pt" "logs/Retrieval/HateMM/RAC_video/RAC_lr0.0001_Bz64_Ep30_cosSim_triplet_drop[0.2, 0.4, 0.1]_topK20__PseudoGold_positive_1_hard_negative_1_seed0_hybrid_loss/ckpt/best_model_1_0.7757009345794392.pt"
[2026-07-02 02:06:01] [disk_guard] [DRY-RUN]     would verify sha1(local) == sha1 at b2:junyi-data/RGCL_video/logs/Retrieval/HateMM/RAC_video/RAC_lr0.0001_Bz64_Ep30_cosSim_triplet_drop[0.2, 0.4, 0.1]_topK20__PseudoGold_positive_1_hard_negative_1_seed0_hybrid_loss/ckpt/best_model_1_0.7757009345794392.pt
[2026-07-02 02:06:01] [disk_guard] [DRY-RUN]     would rm "/data/jehc223/RGCL/logging/Retrieval/HateMM/RAC_video/RAC_lr0.0001_Bz64_Ep30_cosSim_triplet_drop[0.2, 0.4, 0.1]_topK20__PseudoGold_positive_1_hard_negative_1_seed0_hybrid_loss/ckpt/best_model_1_0.7757009345794392.pt"  (frees 19.03MB)  IF verify passes
[2026-07-02 02:06:01] [disk_guard] [DRY-RUN]   candidate: /data/jehc223/RGCL/logging/Retrieval/HateMM/RAC_video/RAC_lr0.0001_Bz64_Ep30_cosSim_triplet_drop[0.2, 0.4, 0.1]_topK20__PseudoGold_positive_1_hard_negative_1_seed0_hybrid_loss/ckpt/best_model_3_0.794392523364486.pt
[2026-07-02 02:06:01] [disk_guard] [DRY-RUN]     mtime=2026-07-02 01:12:42 size=19.03MB
[2026-07-02 02:06:01] [disk_guard] [DRY-RUN]     -> b2 subpath: logs/Retrieval/HateMM/RAC_video/RAC_lr0.0001_Bz64_Ep30_cosSim_triplet_drop[0.2, 0.4, 0.1]_topK20__PseudoGold_positive_1_hard_negative_1_seed0_hybrid_loss/ckpt/best_model_3_0.794392523364486.pt
[2026-07-02 02:06:02] [disk_guard] [DRY-RUN]     would run: b2_push.sh "/data/jehc223/RGCL/logging/Retrieval/HateMM/RAC_video/RAC_lr0.0001_Bz64_Ep30_cosSim_triplet_drop[0.2, 0.4, 0.1]_topK20__PseudoGold_positive_1_hard_negative_1_seed0_hybrid_loss/ckpt/best_model_3_0.794392523364486.pt" "logs/Retrieval/HateMM/RAC_video/RAC_lr0.0001_Bz64_Ep30_cosSim_triplet_drop[0.2, 0.4, 0.1]_topK20__PseudoGold_positive_1_hard_negative_1_seed0_hybrid_loss/ckpt/best_model_3_0.794392523364486.pt"
[2026-07-02 02:06:02] [disk_guard] [DRY-RUN]     would verify sha1(local) == sha1 at b2:junyi-data/RGCL_video/logs/Retrieval/HateMM/RAC_video/RAC_lr0.0001_Bz64_Ep30_cosSim_triplet_drop[0.2, 0.4, 0.1]_topK20__PseudoGold_positive_1_hard_negative_1_seed0_hybrid_loss/ckpt/best_model_3_0.794392523364486.pt
[2026-07-02 02:06:02] [disk_guard] [DRY-RUN]     would rm "/data/jehc223/RGCL/logging/Retrieval/HateMM/RAC_video/RAC_lr0.0001_Bz64_Ep30_cosSim_triplet_drop[0.2, 0.4, 0.1]_topK20__PseudoGold_positive_1_hard_negative_1_seed0_hybrid_loss/ckpt/best_model_3_0.794392523364486.pt"  (frees 19.03MB)  IF verify passes
[2026-07-02 02:06:02] [disk_guard] [DRY-RUN]   candidate: /data/jehc223/RGCL/logging/Retrieval/HateMM/RAC_video/RAC_lr0.0001_Bz64_Ep30_cosSim_triplet_drop[0.2, 0.4, 0.1]_topK20__PseudoGold_positive_1_hard_negative_1_seed0_hybrid_loss/ckpt/best_model_4_0.8037383177570093.pt
[2026-07-02 02:06:02] [disk_guard] [DRY-RUN]     mtime=2026-07-02 01:12:43 size=19.03MB
[2026-07-02 02:06:02] [disk_guard] [DRY-RUN]     -> b2 subpath: logs/Retrieval/HateMM/RAC_video/RAC_lr0.0001_Bz64_Ep30_cosSim_triplet_drop[0.2, 0.4, 0.1]_topK20__PseudoGold_positive_1_hard_negative_1_seed0_hybrid_loss/ckpt/best_model_4_0.8037383177570093.pt
[2026-07-02 02:06:02] [disk_guard] [DRY-RUN]     would run: b2_push.sh "/data/jehc223/RGCL/logging/Retrieval/HateMM/RAC_video/RAC_lr0.0001_Bz64_Ep30_cosSim_triplet_drop[0.2, 0.4, 0.1]_topK20__PseudoGold_positive_1_hard_negative_1_seed0_hybrid_loss/ckpt/best_model_4_0.8037383177570093.pt" "logs/Retrieval/HateMM/RAC_video/RAC_lr0.0001_Bz64_Ep30_cosSim_triplet_drop[0.2, 0.4, 0.1]_topK20__PseudoGold_positive_1_hard_negative_1_seed0_hybrid_loss/ckpt/best_model_4_0.8037383177570093.pt"
[2026-07-02 02:06:02] [disk_guard] [DRY-RUN]     would verify sha1(local) == sha1 at b2:junyi-data/RGCL_video/logs/Retrieval/HateMM/RAC_video/RAC_lr0.0001_Bz64_Ep30_cosSim_triplet_drop[0.2, 0.4, 0.1]_topK20__PseudoGold_positive_1_hard_negative_1_seed0_hybrid_loss/ckpt/best_model_4_0.8037383177570093.pt
[2026-07-02 02:06:02] [disk_guard] [DRY-RUN]     would rm "/data/jehc223/RGCL/logging/Retrieval/HateMM/RAC_video/RAC_lr0.0001_Bz64_Ep30_cosSim_triplet_drop[0.2, 0.4, 0.1]_topK20__PseudoGold_positive_1_hard_negative_1_seed0_hybrid_loss/ckpt/best_model_4_0.8037383177570093.pt"  (frees 19.03MB)  IF verify passes
[2026-07-02 02:06:02] [disk_guard] [DRY-RUN]   candidate: /data/jehc223/RGCL/logging/Retrieval/MHC/RAC_video/RAC_lr0.0001_Bz64_Ep30_cosSim_triplet_drop[0.2, 0.4, 0.1]_topK20__PseudoGold_positive_1_hard_negative_1_seed0_hybrid_loss/ckpt/best_model_8_0.75.pt
[2026-07-02 02:06:02] [disk_guard] [DRY-RUN]     mtime=2026-07-02 01:12:45 size=19.03MB
[2026-07-02 02:06:02] [disk_guard] [DRY-RUN]     -> b2 subpath: logs/Retrieval/MHC/RAC_video/RAC_lr0.0001_Bz64_Ep30_cosSim_triplet_drop[0.2, 0.4, 0.1]_topK20__PseudoGold_positive_1_hard_negative_1_seed0_hybrid_loss/ckpt/best_model_8_0.75.pt
[2026-07-02 02:06:02] [disk_guard] [DRY-RUN]     would run: b2_push.sh "/data/jehc223/RGCL/logging/Retrieval/MHC/RAC_video/RAC_lr0.0001_Bz64_Ep30_cosSim_triplet_drop[0.2, 0.4, 0.1]_topK20__PseudoGold_positive_1_hard_negative_1_seed0_hybrid_loss/ckpt/best_model_8_0.75.pt" "logs/Retrieval/MHC/RAC_video/RAC_lr0.0001_Bz64_Ep30_cosSim_triplet_drop[0.2, 0.4, 0.1]_topK20__PseudoGold_positive_1_hard_negative_1_seed0_hybrid_loss/ckpt/best_model_8_0.75.pt"
[2026-07-02 02:06:02] [disk_guard] [DRY-RUN]     would verify sha1(local) == sha1 at b2:junyi-data/RGCL_video/logs/Retrieval/MHC/RAC_video/RAC_lr0.0001_Bz64_Ep30_cosSim_triplet_drop[0.2, 0.4, 0.1]_topK20__PseudoGold_positive_1_hard_negative_1_seed0_hybrid_loss/ckpt/best_model_8_0.75.pt
[2026-07-02 02:06:02] [disk_guard] [DRY-RUN]     would rm "/data/jehc223/RGCL/logging/Retrieval/MHC/RAC_video/RAC_lr0.0001_Bz64_Ep30_cosSim_triplet_drop[0.2, 0.4, 0.1]_topK20__PseudoGold_positive_1_hard_negative_1_seed0_hybrid_loss/ckpt/best_model_8_0.75.pt"  (frees 19.03MB)  IF verify passes
[2026-07-02 02:06:02] [disk_guard] [DRY-RUN]   candidate: /data/jehc223/RGCL/logging/Retrieval/HateMM/RAC_video/RAC_lr0.0001_Bz64_Ep30_cosSim_triplet_drop[0.2, 0.4, 0.1]_topK20__PseudoGold_positive_1_hard_negative_1_seed0_hybrid_loss/ckpt/best_model_9_0.8130841121495327.pt
[2026-07-02 02:06:02] [disk_guard] [DRY-RUN]     mtime=2026-07-02 01:12:47 size=19.03MB
[2026-07-02 02:06:02] [disk_guard] [DRY-RUN]     -> b2 subpath: logs/Retrieval/HateMM/RAC_video/RAC_lr0.0001_Bz64_Ep30_cosSim_triplet_drop[0.2, 0.4, 0.1]_topK20__PseudoGold_positive_1_hard_negative_1_seed0_hybrid_loss/ckpt/best_model_9_0.8130841121495327.pt
[2026-07-02 02:06:02] [disk_guard] [DRY-RUN]     would run: b2_push.sh "/data/jehc223/RGCL/logging/Retrieval/HateMM/RAC_video/RAC_lr0.0001_Bz64_Ep30_cosSim_triplet_drop[0.2, 0.4, 0.1]_topK20__PseudoGold_positive_1_hard_negative_1_seed0_hybrid_loss/ckpt/best_model_9_0.8130841121495327.pt" "logs/Retrieval/HateMM/RAC_video/RAC_lr0.0001_Bz64_Ep30_cosSim_triplet_drop[0.2, 0.4, 0.1]_topK20__PseudoGold_positive_1_hard_negative_1_seed0_hybrid_loss/ckpt/best_model_9_0.8130841121495327.pt"
[2026-07-02 02:06:02] [disk_guard] [DRY-RUN]     would verify sha1(local) == sha1 at b2:junyi-data/RGCL_video/logs/Retrieval/HateMM/RAC_video/RAC_lr0.0001_Bz64_Ep30_cosSim_triplet_drop[0.2, 0.4, 0.1]_topK20__PseudoGold_positive_1_hard_negative_1_seed0_hybrid_loss/ckpt/best_model_9_0.8130841121495327.pt
[2026-07-02 02:06:02] [disk_guard] [DRY-RUN]     would rm "/data/jehc223/RGCL/logging/Retrieval/HateMM/RAC_video/RAC_lr0.0001_Bz64_Ep30_cosSim_triplet_drop[0.2, 0.4, 0.1]_topK20__PseudoGold_positive_1_hard_negative_1_seed0_hybrid_loss/ckpt/best_model_9_0.8130841121495327.pt"  (frees 19.03MB)  IF verify passes
[2026-07-02 02:06:02] [disk_guard] [DRY-RUN]   candidate: /data/jehc223/RGCL/logging/Retrieval/MHC/RAC_video/RAC_lr0.0001_Bz64_Ep30_cosSim_triplet_drop[0.2, 0.4, 0.1]_topK20__PseudoGold_positive_1_hard_negative_1_seed0_hybrid_loss/ckpt/best_model_18_0.75.pt
[2026-07-02 02:06:02] [disk_guard] [DRY-RUN]     mtime=2026-07-02 01:12:51 size=19.03MB
[2026-07-02 02:06:02] [disk_guard] [DRY-RUN]     -> b2 subpath: logs/Retrieval/MHC/RAC_video/RAC_lr0.0001_Bz64_Ep30_cosSim_triplet_drop[0.2, 0.4, 0.1]_topK20__PseudoGold_positive_1_hard_negative_1_seed0_hybrid_loss/ckpt/best_model_18_0.75.pt
[2026-07-02 02:06:02] [disk_guard] [DRY-RUN]     would run: b2_push.sh "/data/jehc223/RGCL/logging/Retrieval/MHC/RAC_video/RAC_lr0.0001_Bz64_Ep30_cosSim_triplet_drop[0.2, 0.4, 0.1]_topK20__PseudoGold_positive_1_hard_negative_1_seed0_hybrid_loss/ckpt/best_model_18_0.75.pt" "logs/Retrieval/MHC/RAC_video/RAC_lr0.0001_Bz64_Ep30_cosSim_triplet_drop[0.2, 0.4, 0.1]_topK20__PseudoGold_positive_1_hard_negative_1_seed0_hybrid_loss/ckpt/best_model_18_0.75.pt"
[2026-07-02 02:06:02] [disk_guard] [DRY-RUN]     would verify sha1(local) == sha1 at b2:junyi-data/RGCL_video/logs/Retrieval/MHC/RAC_video/RAC_lr0.0001_Bz64_Ep30_cosSim_triplet_drop[0.2, 0.4, 0.1]_topK20__PseudoGold_positive_1_hard_negative_1_seed0_hybrid_loss/ckpt/best_model_18_0.75.pt
[2026-07-02 02:06:02] [disk_guard] [DRY-RUN]     would rm "/data/jehc223/RGCL/logging/Retrieval/MHC/RAC_video/RAC_lr0.0001_Bz64_Ep30_cosSim_triplet_drop[0.2, 0.4, 0.1]_topK20__PseudoGold_positive_1_hard_negative_1_seed0_hybrid_loss/ckpt/best_model_18_0.75.pt"  (frees 19.03MB)  IF verify passes
[2026-07-02 02:06:02] [disk_guard] [DRY-RUN]   candidate: /data/jehc223/RGCL/logging/Retrieval/MHC/RAC_video/RAC_lr0.0001_Bz64_Ep30_cosSim_triplet_drop[0.2, 0.4, 0.1]_topK20__PseudoGold_positive_1_hard_negative_1_seed0_hybrid_loss/ckpt/best_model_19_0.75.pt
[2026-07-02 02:06:02] [disk_guard] [DRY-RUN]     mtime=2026-07-02 01:12:52 size=19.03MB
[2026-07-02 02:06:02] [disk_guard] [DRY-RUN]     -> b2 subpath: logs/Retrieval/MHC/RAC_video/RAC_lr0.0001_Bz64_Ep30_cosSim_triplet_drop[0.2, 0.4, 0.1]_topK20__PseudoGold_positive_1_hard_negative_1_seed0_hybrid_loss/ckpt/best_model_19_0.75.pt
[2026-07-02 02:06:02] [disk_guard] [DRY-RUN]     would run: b2_push.sh "/data/jehc223/RGCL/logging/Retrieval/MHC/RAC_video/RAC_lr0.0001_Bz64_Ep30_cosSim_triplet_drop[0.2, 0.4, 0.1]_topK20__PseudoGold_positive_1_hard_negative_1_seed0_hybrid_loss/ckpt/best_model_19_0.75.pt" "logs/Retrieval/MHC/RAC_video/RAC_lr0.0001_Bz64_Ep30_cosSim_triplet_drop[0.2, 0.4, 0.1]_topK20__PseudoGold_positive_1_hard_negative_1_seed0_hybrid_loss/ckpt/best_model_19_0.75.pt"
[2026-07-02 02:06:02] [disk_guard] [DRY-RUN]     would verify sha1(local) == sha1 at b2:junyi-data/RGCL_video/logs/Retrieval/MHC/RAC_video/RAC_lr0.0001_Bz64_Ep30_cosSim_triplet_drop[0.2, 0.4, 0.1]_topK20__PseudoGold_positive_1_hard_negative_1_seed0_hybrid_loss/ckpt/best_model_19_0.75.pt
[2026-07-02 02:06:02] [disk_guard] [DRY-RUN]     would rm "/data/jehc223/RGCL/logging/Retrieval/MHC/RAC_video/RAC_lr0.0001_Bz64_Ep30_cosSim_triplet_drop[0.2, 0.4, 0.1]_topK20__PseudoGold_positive_1_hard_negative_1_seed0_hybrid_loss/ckpt/best_model_19_0.75.pt"  (frees 19.03MB)  IF verify passes
[2026-07-02 02:06:02] [disk_guard] [DRY-RUN]   candidate: /data/jehc223/RGCL/logging/Retrieval/MHC/RAC_video/RAC_lr0.0001_Bz64_Ep30_cosSim_triplet_drop[0.2, 0.4, 0.1]_topK20__PseudoGold_positive_1_hard_negative_1_seed0_hybrid_loss/ckpt/best_model_22_0.75.pt
[2026-07-02 02:06:02] [disk_guard] [DRY-RUN]     mtime=2026-07-02 01:12:54 size=19.03MB
[2026-07-02 02:06:02] [disk_guard] [DRY-RUN]     -> b2 subpath: logs/Retrieval/MHC/RAC_video/RAC_lr0.0001_Bz64_Ep30_cosSim_triplet_drop[0.2, 0.4, 0.1]_topK20__PseudoGold_positive_1_hard_negative_1_seed0_hybrid_loss/ckpt/best_model_22_0.75.pt
[2026-07-02 02:06:02] [disk_guard] [DRY-RUN]     would run: b2_push.sh "/data/jehc223/RGCL/logging/Retrieval/MHC/RAC_video/RAC_lr0.0001_Bz64_Ep30_cosSim_triplet_drop[0.2, 0.4, 0.1]_topK20__PseudoGold_positive_1_hard_negative_1_seed0_hybrid_loss/ckpt/best_model_22_0.75.pt" "logs/Retrieval/MHC/RAC_video/RAC_lr0.0001_Bz64_Ep30_cosSim_triplet_drop[0.2, 0.4, 0.1]_topK20__PseudoGold_positive_1_hard_negative_1_seed0_hybrid_loss/ckpt/best_model_22_0.75.pt"
[2026-07-02 02:06:02] [disk_guard] [DRY-RUN]     would verify sha1(local) == sha1 at b2:junyi-data/RGCL_video/logs/Retrieval/MHC/RAC_video/RAC_lr0.0001_Bz64_Ep30_cosSim_triplet_drop[0.2, 0.4, 0.1]_topK20__PseudoGold_positive_1_hard_negative_1_seed0_hybrid_loss/ckpt/best_model_22_0.75.pt
[2026-07-02 02:06:02] [disk_guard] [DRY-RUN]     would rm "/data/jehc223/RGCL/logging/Retrieval/MHC/RAC_video/RAC_lr0.0001_Bz64_Ep30_cosSim_triplet_drop[0.2, 0.4, 0.1]_topK20__PseudoGold_positive_1_hard_negative_1_seed0_hybrid_loss/ckpt/best_model_22_0.75.pt"  (frees 19.03MB)  IF verify passes
[2026-07-02 02:06:02] [disk_guard] [DRY-RUN]   candidate: /data/jehc223/RGCL/logging/Retrieval/HateMM/RAC_video/RAC_lr0.0001_Bz64_Ep30_cosSim_triplet_drop[0.2, 0.4, 0.1]_topK20__PseudoGold_positive_1_hard_negative_1_seed0_hybrid_loss/ckpt/best_model_20_0.8130841121495327.pt
[2026-07-02 02:06:02] [disk_guard] [DRY-RUN]     mtime=2026-07-02 01:12:56 size=19.03MB
[2026-07-02 02:06:02] [disk_guard] [DRY-RUN]     -> b2 subpath: logs/Retrieval/HateMM/RAC_video/RAC_lr0.0001_Bz64_Ep30_cosSim_triplet_drop[0.2, 0.4, 0.1]_topK20__PseudoGold_positive_1_hard_negative_1_seed0_hybrid_loss/ckpt/best_model_20_0.8130841121495327.pt
[2026-07-02 02:06:02] [disk_guard] [DRY-RUN]     would run: b2_push.sh "/data/jehc223/RGCL/logging/Retrieval/HateMM/RAC_video/RAC_lr0.0001_Bz64_Ep30_cosSim_triplet_drop[0.2, 0.4, 0.1]_topK20__PseudoGold_positive_1_hard_negative_1_seed0_hybrid_loss/ckpt/best_model_20_0.8130841121495327.pt" "logs/Retrieval/HateMM/RAC_video/RAC_lr0.0001_Bz64_Ep30_cosSim_triplet_drop[0.2, 0.4, 0.1]_topK20__PseudoGold_positive_1_hard_negative_1_seed0_hybrid_loss/ckpt/best_model_20_0.8130841121495327.pt"
[2026-07-02 02:06:02] [disk_guard] [DRY-RUN]     would verify sha1(local) == sha1 at b2:junyi-data/RGCL_video/logs/Retrieval/HateMM/RAC_video/RAC_lr0.0001_Bz64_Ep30_cosSim_triplet_drop[0.2, 0.4, 0.1]_topK20__PseudoGold_positive_1_hard_negative_1_seed0_hybrid_loss/ckpt/best_model_20_0.8130841121495327.pt
[2026-07-02 02:06:02] [disk_guard] [DRY-RUN]     would rm "/data/jehc223/RGCL/logging/Retrieval/HateMM/RAC_video/RAC_lr0.0001_Bz64_Ep30_cosSim_triplet_drop[0.2, 0.4, 0.1]_topK20__PseudoGold_positive_1_hard_negative_1_seed0_hybrid_loss/ckpt/best_model_20_0.8130841121495327.pt"  (frees 19.03MB)  IF verify passes
[2026-07-02 02:06:02] [disk_guard] [DRY-RUN]   candidate: /data/jehc223/RGCL/logging/Retrieval/MHC/RAC_video/RAC_lr0.0001_Bz64_Ep30_cosSim_triplet_drop[0.2, 0.4, 0.1]_topK20__PseudoGold_positive_1_hard_negative_1_seed0_hybrid_loss/ckpt/best_model_26_0.75.pt
[2026-07-02 02:06:02] [disk_guard] [DRY-RUN]     mtime=2026-07-02 01:12:56 size=19.03MB
[2026-07-02 02:06:02] [disk_guard] [DRY-RUN]     -> b2 subpath: logs/Retrieval/MHC/RAC_video/RAC_lr0.0001_Bz64_Ep30_cosSim_triplet_drop[0.2, 0.4, 0.1]_topK20__PseudoGold_positive_1_hard_negative_1_seed0_hybrid_loss/ckpt/best_model_26_0.75.pt
[2026-07-02 02:06:02] [disk_guard] [DRY-RUN]     would run: b2_push.sh "/data/jehc223/RGCL/logging/Retrieval/MHC/RAC_video/RAC_lr0.0001_Bz64_Ep30_cosSim_triplet_drop[0.2, 0.4, 0.1]_topK20__PseudoGold_positive_1_hard_negative_1_seed0_hybrid_loss/ckpt/best_model_26_0.75.pt" "logs/Retrieval/MHC/RAC_video/RAC_lr0.0001_Bz64_Ep30_cosSim_triplet_drop[0.2, 0.4, 0.1]_topK20__PseudoGold_positive_1_hard_negative_1_seed0_hybrid_loss/ckpt/best_model_26_0.75.pt"
[2026-07-02 02:06:02] [disk_guard] [DRY-RUN]     would verify sha1(local) == sha1 at b2:junyi-data/RGCL_video/logs/Retrieval/MHC/RAC_video/RAC_lr0.0001_Bz64_Ep30_cosSim_triplet_drop[0.2, 0.4, 0.1]_topK20__PseudoGold_positive_1_hard_negative_1_seed0_hybrid_loss/ckpt/best_model_26_0.75.pt
[2026-07-02 02:06:02] [disk_guard] [DRY-RUN]     would rm "/data/jehc223/RGCL/logging/Retrieval/MHC/RAC_video/RAC_lr0.0001_Bz64_Ep30_cosSim_triplet_drop[0.2, 0.4, 0.1]_topK20__PseudoGold_positive_1_hard_negative_1_seed0_hybrid_loss/ckpt/best_model_26_0.75.pt"  (frees 19.03MB)  IF verify passes
[2026-07-02 02:06:02] [disk_guard] [DRY-RUN]   candidate: /data/jehc223/RGCL/logging/Retrieval/HateMM/RAC_video/RAC_lr0.0001_Bz64_Ep30_cosSim_triplet_drop[0.2, 0.4, 0.1]_topK20__PseudoGold_positive_1_hard_negative_1_seed0_hybrid_loss/ckpt/best_model_21_0.8317757009345794.pt
[2026-07-02 02:06:02] [disk_guard] [DRY-RUN]     mtime=2026-07-02 01:12:57 size=19.03MB
[2026-07-02 02:06:02] [disk_guard] [DRY-RUN]     -> b2 subpath: logs/Retrieval/HateMM/RAC_video/RAC_lr0.0001_Bz64_Ep30_cosSim_triplet_drop[0.2, 0.4, 0.1]_topK20__PseudoGold_positive_1_hard_negative_1_seed0_hybrid_loss/ckpt/best_model_21_0.8317757009345794.pt
[2026-07-02 02:06:02] [disk_guard] [DRY-RUN]     would run: b2_push.sh "/data/jehc223/RGCL/logging/Retrieval/HateMM/RAC_video/RAC_lr0.0001_Bz64_Ep30_cosSim_triplet_drop[0.2, 0.4, 0.1]_topK20__PseudoGold_positive_1_hard_negative_1_seed0_hybrid_loss/ckpt/best_model_21_0.8317757009345794.pt" "logs/Retrieval/HateMM/RAC_video/RAC_lr0.0001_Bz64_Ep30_cosSim_triplet_drop[0.2, 0.4, 0.1]_topK20__PseudoGold_positive_1_hard_negative_1_seed0_hybrid_loss/ckpt/best_model_21_0.8317757009345794.pt"
[2026-07-02 02:06:02] [disk_guard] [DRY-RUN]     would verify sha1(local) == sha1 at b2:junyi-data/RGCL_video/logs/Retrieval/HateMM/RAC_video/RAC_lr0.0001_Bz64_Ep30_cosSim_triplet_drop[0.2, 0.4, 0.1]_topK20__PseudoGold_positive_1_hard_negative_1_seed0_hybrid_loss/ckpt/best_model_21_0.8317757009345794.pt
[2026-07-02 02:06:02] [disk_guard] [DRY-RUN]     would rm "/data/jehc223/RGCL/logging/Retrieval/HateMM/RAC_video/RAC_lr0.0001_Bz64_Ep30_cosSim_triplet_drop[0.2, 0.4, 0.1]_topK20__PseudoGold_positive_1_hard_negative_1_seed0_hybrid_loss/ckpt/best_model_21_0.8317757009345794.pt"  (frees 19.03MB)  IF verify passes
[2026-07-02 02:06:02] [disk_guard] [DRY-RUN]   candidate: /data/jehc223/RGCL/logging/Retrieval/HateMM/RAC_video/RAC_lr0.0001_Bz64_Ep30_cosSim_triplet_drop[0.2, 0.4, 0.1]_topK20__PseudoGold_positive_1_hard_negative_1_seed0_hybrid_loss/ckpt/best_model_22_0.8317757009345794.pt
[2026-07-02 02:06:02] [disk_guard] [DRY-RUN]     mtime=2026-07-02 01:12:58 size=19.03MB
[2026-07-02 02:06:02] [disk_guard] [DRY-RUN]     -> b2 subpath: logs/Retrieval/HateMM/RAC_video/RAC_lr0.0001_Bz64_Ep30_cosSim_triplet_drop[0.2, 0.4, 0.1]_topK20__PseudoGold_positive_1_hard_negative_1_seed0_hybrid_loss/ckpt/best_model_22_0.8317757009345794.pt
[2026-07-02 02:06:02] [disk_guard] [DRY-RUN]     would run: b2_push.sh "/data/jehc223/RGCL/logging/Retrieval/HateMM/RAC_video/RAC_lr0.0001_Bz64_Ep30_cosSim_triplet_drop[0.2, 0.4, 0.1]_topK20__PseudoGold_positive_1_hard_negative_1_seed0_hybrid_loss/ckpt/best_model_22_0.8317757009345794.pt" "logs/Retrieval/HateMM/RAC_video/RAC_lr0.0001_Bz64_Ep30_cosSim_triplet_drop[0.2, 0.4, 0.1]_topK20__PseudoGold_positive_1_hard_negative_1_seed0_hybrid_loss/ckpt/best_model_22_0.8317757009345794.pt"
[2026-07-02 02:06:02] [disk_guard] [DRY-RUN]     would verify sha1(local) == sha1 at b2:junyi-data/RGCL_video/logs/Retrieval/HateMM/RAC_video/RAC_lr0.0001_Bz64_Ep30_cosSim_triplet_drop[0.2, 0.4, 0.1]_topK20__PseudoGold_positive_1_hard_negative_1_seed0_hybrid_loss/ckpt/best_model_22_0.8317757009345794.pt
[2026-07-02 02:06:02] [disk_guard] [DRY-RUN]     would rm "/data/jehc223/RGCL/logging/Retrieval/HateMM/RAC_video/RAC_lr0.0001_Bz64_Ep30_cosSim_triplet_drop[0.2, 0.4, 0.1]_topK20__PseudoGold_positive_1_hard_negative_1_seed0_hybrid_loss/ckpt/best_model_22_0.8317757009345794.pt"  (frees 19.03MB)  IF verify passes
[2026-07-02 02:06:02] [disk_guard] [DRY-RUN]   candidate: /data/jehc223/RGCL/logging/Retrieval/MHC/RAC_video/RAC_lr0.0001_Bz64_Ep30_cosSim_triplet_drop[0.2, 0.4, 0.1]_topK20__PseudoGold_positive_1_hard_negative_1_seed0_hybrid_loss/ckpt/last_model_29_0.7375.pt
[2026-07-02 02:06:02] [disk_guard] [DRY-RUN]     mtime=2026-07-02 01:12:59 size=19.03MB
[2026-07-02 02:06:02] [disk_guard] [DRY-RUN]     -> b2 subpath: logs/Retrieval/MHC/RAC_video/RAC_lr0.0001_Bz64_Ep30_cosSim_triplet_drop[0.2, 0.4, 0.1]_topK20__PseudoGold_positive_1_hard_negative_1_seed0_hybrid_loss/ckpt/last_model_29_0.7375.pt
[2026-07-02 02:06:02] [disk_guard] [DRY-RUN]     would run: b2_push.sh "/data/jehc223/RGCL/logging/Retrieval/MHC/RAC_video/RAC_lr0.0001_Bz64_Ep30_cosSim_triplet_drop[0.2, 0.4, 0.1]_topK20__PseudoGold_positive_1_hard_negative_1_seed0_hybrid_loss/ckpt/last_model_29_0.7375.pt" "logs/Retrieval/MHC/RAC_video/RAC_lr0.0001_Bz64_Ep30_cosSim_triplet_drop[0.2, 0.4, 0.1]_topK20__PseudoGold_positive_1_hard_negative_1_seed0_hybrid_loss/ckpt/last_model_29_0.7375.pt"
[2026-07-02 02:06:02] [disk_guard] [DRY-RUN]     would verify sha1(local) == sha1 at b2:junyi-data/RGCL_video/logs/Retrieval/MHC/RAC_video/RAC_lr0.0001_Bz64_Ep30_cosSim_triplet_drop[0.2, 0.4, 0.1]_topK20__PseudoGold_positive_1_hard_negative_1_seed0_hybrid_loss/ckpt/last_model_29_0.7375.pt
[2026-07-02 02:06:02] [disk_guard] [DRY-RUN]     would rm "/data/jehc223/RGCL/logging/Retrieval/MHC/RAC_video/RAC_lr0.0001_Bz64_Ep30_cosSim_triplet_drop[0.2, 0.4, 0.1]_topK20__PseudoGold_positive_1_hard_negative_1_seed0_hybrid_loss/ckpt/last_model_29_0.7375.pt"  (frees 19.03MB)  IF verify passes
[2026-07-02 02:06:02] [disk_guard] [DRY-RUN]   candidate: /data/jehc223/RGCL/logging/Retrieval/HateMM/RAC_video/RAC_lr0.0001_Bz64_Ep30_cosSim_triplet_drop[0.2, 0.4, 0.1]_topK20__PseudoGold_positive_1_hard_negative_1_seed0_hybrid_loss/ckpt/best_model_24_0.8411214953271028.pt
[2026-07-02 02:06:02] [disk_guard] [DRY-RUN]     mtime=2026-07-02 01:13:00 size=19.03MB
[2026-07-02 02:06:02] [disk_guard] [DRY-RUN]     -> b2 subpath: logs/Retrieval/HateMM/RAC_video/RAC_lr0.0001_Bz64_Ep30_cosSim_triplet_drop[0.2, 0.4, 0.1]_topK20__PseudoGold_positive_1_hard_negative_1_seed0_hybrid_loss/ckpt/best_model_24_0.8411214953271028.pt
[2026-07-02 02:06:02] [disk_guard] [DRY-RUN]     would run: b2_push.sh "/data/jehc223/RGCL/logging/Retrieval/HateMM/RAC_video/RAC_lr0.0001_Bz64_Ep30_cosSim_triplet_drop[0.2, 0.4, 0.1]_topK20__PseudoGold_positive_1_hard_negative_1_seed0_hybrid_loss/ckpt/best_model_24_0.8411214953271028.pt" "logs/Retrieval/HateMM/RAC_video/RAC_lr0.0001_Bz64_Ep30_cosSim_triplet_drop[0.2, 0.4, 0.1]_topK20__PseudoGold_positive_1_hard_negative_1_seed0_hybrid_loss/ckpt/best_model_24_0.8411214953271028.pt"
[2026-07-02 02:06:02] [disk_guard] [DRY-RUN]     would verify sha1(local) == sha1 at b2:junyi-data/RGCL_video/logs/Retrieval/HateMM/RAC_video/RAC_lr0.0001_Bz64_Ep30_cosSim_triplet_drop[0.2, 0.4, 0.1]_topK20__PseudoGold_positive_1_hard_negative_1_seed0_hybrid_loss/ckpt/best_model_24_0.8411214953271028.pt
[2026-07-02 02:06:02] [disk_guard] [DRY-RUN]     would rm "/data/jehc223/RGCL/logging/Retrieval/HateMM/RAC_video/RAC_lr0.0001_Bz64_Ep30_cosSim_triplet_drop[0.2, 0.4, 0.1]_topK20__PseudoGold_positive_1_hard_negative_1_seed0_hybrid_loss/ckpt/best_model_24_0.8411214953271028.pt"  (frees 19.03MB)  IF verify passes
[2026-07-02 02:06:02] [disk_guard] [DRY-RUN]   candidate: /data/jehc223/RGCL/logging/Retrieval/HateMM/RAC_video/RAC_lr0.0001_Bz64_Ep30_cosSim_triplet_drop[0.2, 0.4, 0.1]_topK20__PseudoGold_positive_1_hard_negative_1_seed0_hybrid_loss/ckpt/last_model_29_0.794392523364486.pt
[2026-07-02 02:06:02] [disk_guard] [DRY-RUN]     mtime=2026-07-02 01:13:05 size=19.03MB
[2026-07-02 02:06:02] [disk_guard] [DRY-RUN]     -> b2 subpath: logs/Retrieval/HateMM/RAC_video/RAC_lr0.0001_Bz64_Ep30_cosSim_triplet_drop[0.2, 0.4, 0.1]_topK20__PseudoGold_positive_1_hard_negative_1_seed0_hybrid_loss/ckpt/last_model_29_0.794392523364486.pt
[2026-07-02 02:06:02] [disk_guard] [DRY-RUN]     would run: b2_push.sh "/data/jehc223/RGCL/logging/Retrieval/HateMM/RAC_video/RAC_lr0.0001_Bz64_Ep30_cosSim_triplet_drop[0.2, 0.4, 0.1]_topK20__PseudoGold_positive_1_hard_negative_1_seed0_hybrid_loss/ckpt/last_model_29_0.794392523364486.pt" "logs/Retrieval/HateMM/RAC_video/RAC_lr0.0001_Bz64_Ep30_cosSim_triplet_drop[0.2, 0.4, 0.1]_topK20__PseudoGold_positive_1_hard_negative_1_seed0_hybrid_loss/ckpt/last_model_29_0.794392523364486.pt"
[2026-07-02 02:06:02] [disk_guard] [DRY-RUN]     would verify sha1(local) == sha1 at b2:junyi-data/RGCL_video/logs/Retrieval/HateMM/RAC_video/RAC_lr0.0001_Bz64_Ep30_cosSim_triplet_drop[0.2, 0.4, 0.1]_topK20__PseudoGold_positive_1_hard_negative_1_seed0_hybrid_loss/ckpt/last_model_29_0.794392523364486.pt
[2026-07-02 02:06:02] [disk_guard] [DRY-RUN]     would rm "/data/jehc223/RGCL/logging/Retrieval/HateMM/RAC_video/RAC_lr0.0001_Bz64_Ep30_cosSim_triplet_drop[0.2, 0.4, 0.1]_topK20__PseudoGold_positive_1_hard_negative_1_seed0_hybrid_loss/ckpt/last_model_29_0.794392523364486.pt"  (frees 19.03MB)  IF verify passes
[2026-07-02 02:06:02] [disk_guard] [DRY-RUN]   candidate: /data/jehc223/RGCL/logging/Retrieval/ImpliHateVid/RAC_video/RAC_lr0.0001_Bz64_Ep30_cosSim_triplet_drop[0.2, 0.4, 0.1]_topK20__PseudoGold_positive_1_hard_negative_1_seed0_hybrid_loss/ckpt/best_model_0_0.48307692307692307.pt
[2026-07-02 02:06:02] [disk_guard] [DRY-RUN]     mtime=2026-07-02 01:16:05 size=40.03MB
[2026-07-02 02:06:02] [disk_guard] [DRY-RUN]     -> b2 subpath: logs/Retrieval/ImpliHateVid/RAC_video/RAC_lr0.0001_Bz64_Ep30_cosSim_triplet_drop[0.2, 0.4, 0.1]_topK20__PseudoGold_positive_1_hard_negative_1_seed0_hybrid_loss/ckpt/best_model_0_0.48307692307692307.pt
[2026-07-02 02:06:02] [disk_guard] [DRY-RUN]     would run: b2_push.sh "/data/jehc223/RGCL/logging/Retrieval/ImpliHateVid/RAC_video/RAC_lr0.0001_Bz64_Ep30_cosSim_triplet_drop[0.2, 0.4, 0.1]_topK20__PseudoGold_positive_1_hard_negative_1_seed0_hybrid_loss/ckpt/best_model_0_0.48307692307692307.pt" "logs/Retrieval/ImpliHateVid/RAC_video/RAC_lr0.0001_Bz64_Ep30_cosSim_triplet_drop[0.2, 0.4, 0.1]_topK20__PseudoGold_positive_1_hard_negative_1_seed0_hybrid_loss/ckpt/best_model_0_0.48307692307692307.pt"
[2026-07-02 02:06:02] [disk_guard] [DRY-RUN]     would verify sha1(local) == sha1 at b2:junyi-data/RGCL_video/logs/Retrieval/ImpliHateVid/RAC_video/RAC_lr0.0001_Bz64_Ep30_cosSim_triplet_drop[0.2, 0.4, 0.1]_topK20__PseudoGold_positive_1_hard_negative_1_seed0_hybrid_loss/ckpt/best_model_0_0.48307692307692307.pt
[2026-07-02 02:06:02] [disk_guard] [DRY-RUN]     would rm "/data/jehc223/RGCL/logging/Retrieval/ImpliHateVid/RAC_video/RAC_lr0.0001_Bz64_Ep30_cosSim_triplet_drop[0.2, 0.4, 0.1]_topK20__PseudoGold_positive_1_hard_negative_1_seed0_hybrid_loss/ckpt/best_model_0_0.48307692307692307.pt"  (frees 40.03MB)  IF verify passes
[2026-07-02 02:06:02] [disk_guard] [DRY-RUN]   candidate: /data/jehc223/RGCL/logging/Retrieval/ImpliHateVid/RAC_video/RAC_lr0.0001_Bz64_Ep30_cosSim_triplet_drop[0.2, 0.4, 0.1]_topK20__PseudoGold_positive_1_hard_negative_1_seed0_hybrid_loss/ckpt/best_model_1_0.5076923076923077.pt
[2026-07-02 02:06:02] [disk_guard] [DRY-RUN]     mtime=2026-07-02 01:16:07 size=40.03MB
[2026-07-02 02:06:02] [disk_guard] [DRY-RUN]     -> b2 subpath: logs/Retrieval/ImpliHateVid/RAC_video/RAC_lr0.0001_Bz64_Ep30_cosSim_triplet_drop[0.2, 0.4, 0.1]_topK20__PseudoGold_positive_1_hard_negative_1_seed0_hybrid_loss/ckpt/best_model_1_0.5076923076923077.pt
[2026-07-02 02:06:02] [disk_guard] [DRY-RUN]     would run: b2_push.sh "/data/jehc223/RGCL/logging/Retrieval/ImpliHateVid/RAC_video/RAC_lr0.0001_Bz64_Ep30_cosSim_triplet_drop[0.2, 0.4, 0.1]_topK20__PseudoGold_positive_1_hard_negative_1_seed0_hybrid_loss/ckpt/best_model_1_0.5076923076923077.pt" "logs/Retrieval/ImpliHateVid/RAC_video/RAC_lr0.0001_Bz64_Ep30_cosSim_triplet_drop[0.2, 0.4, 0.1]_topK20__PseudoGold_positive_1_hard_negative_1_seed0_hybrid_loss/ckpt/best_model_1_0.5076923076923077.pt"
[2026-07-02 02:06:02] [disk_guard] [DRY-RUN]     would verify sha1(local) == sha1 at b2:junyi-data/RGCL_video/logs/Retrieval/ImpliHateVid/RAC_video/RAC_lr0.0001_Bz64_Ep30_cosSim_triplet_drop[0.2, 0.4, 0.1]_topK20__PseudoGold_positive_1_hard_negative_1_seed0_hybrid_loss/ckpt/best_model_1_0.5076923076923077.pt
[2026-07-02 02:06:02] [disk_guard] [DRY-RUN]     would rm "/data/jehc223/RGCL/logging/Retrieval/ImpliHateVid/RAC_video/RAC_lr0.0001_Bz64_Ep30_cosSim_triplet_drop[0.2, 0.4, 0.1]_topK20__PseudoGold_positive_1_hard_negative_1_seed0_hybrid_loss/ckpt/best_model_1_0.5076923076923077.pt"  (frees 40.03MB)  IF verify passes
[2026-07-02 02:06:02] [disk_guard] [DRY-RUN]   candidate: /data/jehc223/RGCL/logging/Retrieval/MHC_zh/RAC_video/RAC_lr0.0001_Bz64_Ep30_cosSim_triplet_drop[0.2, 0.4, 0.1]_topK20__PseudoGold_positive_1_hard_negative_1_seed0_hybrid_loss/ckpt/best_model_0_0.8333333333333334.pt
[2026-07-02 02:06:02] [disk_guard] [DRY-RUN]     mtime=2026-07-02 01:48:43 size=40.03MB
[2026-07-02 02:06:02] [disk_guard] [DRY-RUN]     -> b2 subpath: logs/Retrieval/MHC_zh/RAC_video/RAC_lr0.0001_Bz64_Ep30_cosSim_triplet_drop[0.2, 0.4, 0.1]_topK20__PseudoGold_positive_1_hard_negative_1_seed0_hybrid_loss/ckpt/best_model_0_0.8333333333333334.pt
[2026-07-02 02:06:02] [disk_guard] [DRY-RUN]     would run: b2_push.sh "/data/jehc223/RGCL/logging/Retrieval/MHC_zh/RAC_video/RAC_lr0.0001_Bz64_Ep30_cosSim_triplet_drop[0.2, 0.4, 0.1]_topK20__PseudoGold_positive_1_hard_negative_1_seed0_hybrid_loss/ckpt/best_model_0_0.8333333333333334.pt" "logs/Retrieval/MHC_zh/RAC_video/RAC_lr0.0001_Bz64_Ep30_cosSim_triplet_drop[0.2, 0.4, 0.1]_topK20__PseudoGold_positive_1_hard_negative_1_seed0_hybrid_loss/ckpt/best_model_0_0.8333333333333334.pt"
[2026-07-02 02:06:02] [disk_guard] [DRY-RUN]     would verify sha1(local) == sha1 at b2:junyi-data/RGCL_video/logs/Retrieval/MHC_zh/RAC_video/RAC_lr0.0001_Bz64_Ep30_cosSim_triplet_drop[0.2, 0.4, 0.1]_topK20__PseudoGold_positive_1_hard_negative_1_seed0_hybrid_loss/ckpt/best_model_0_0.8333333333333334.pt
[2026-07-02 02:06:02] [disk_guard] [DRY-RUN]     would rm "/data/jehc223/RGCL/logging/Retrieval/MHC_zh/RAC_video/RAC_lr0.0001_Bz64_Ep30_cosSim_triplet_drop[0.2, 0.4, 0.1]_topK20__PseudoGold_positive_1_hard_negative_1_seed0_hybrid_loss/ckpt/best_model_0_0.8333333333333334.pt"  (frees 40.03MB)  IF verify passes
[2026-07-02 02:06:02] [disk_guard] [DRY-RUN]   candidate: /data/jehc223/RGCL/logging/Retrieval/MHC_zh/RAC_video/RAC_lr0.0001_Bz64_Ep30_cosSim_triplet_drop[0.2, 0.4, 0.1]_topK20__PseudoGold_positive_1_hard_negative_1_seed0_hybrid_loss/ckpt/last_model_29_0.782051282051282.pt
[2026-07-02 02:06:02] [disk_guard] [DRY-RUN]     mtime=2026-07-02 01:49:01 size=40.03MB
[2026-07-02 02:06:02] [disk_guard] [DRY-RUN]     -> b2 subpath: logs/Retrieval/MHC_zh/RAC_video/RAC_lr0.0001_Bz64_Ep30_cosSim_triplet_drop[0.2, 0.4, 0.1]_topK20__PseudoGold_positive_1_hard_negative_1_seed0_hybrid_loss/ckpt/last_model_29_0.782051282051282.pt
[2026-07-02 02:06:02] [disk_guard] [DRY-RUN]     would run: b2_push.sh "/data/jehc223/RGCL/logging/Retrieval/MHC_zh/RAC_video/RAC_lr0.0001_Bz64_Ep30_cosSim_triplet_drop[0.2, 0.4, 0.1]_topK20__PseudoGold_positive_1_hard_negative_1_seed0_hybrid_loss/ckpt/last_model_29_0.782051282051282.pt" "logs/Retrieval/MHC_zh/RAC_video/RAC_lr0.0001_Bz64_Ep30_cosSim_triplet_drop[0.2, 0.4, 0.1]_topK20__PseudoGold_positive_1_hard_negative_1_seed0_hybrid_loss/ckpt/last_model_29_0.782051282051282.pt"
[2026-07-02 02:06:02] [disk_guard] [DRY-RUN]     would verify sha1(local) == sha1 at b2:junyi-data/RGCL_video/logs/Retrieval/MHC_zh/RAC_video/RAC_lr0.0001_Bz64_Ep30_cosSim_triplet_drop[0.2, 0.4, 0.1]_topK20__PseudoGold_positive_1_hard_negative_1_seed0_hybrid_loss/ckpt/last_model_29_0.782051282051282.pt
[2026-07-02 02:06:02] [disk_guard] [DRY-RUN]     would rm "/data/jehc223/RGCL/logging/Retrieval/MHC_zh/RAC_video/RAC_lr0.0001_Bz64_Ep30_cosSim_triplet_drop[0.2, 0.4, 0.1]_topK20__PseudoGold_positive_1_hard_negative_1_seed0_hybrid_loss/ckpt/last_model_29_0.782051282051282.pt"  (frees 40.03MB)  IF verify passes
[2026-07-02 02:06:02] [disk_guard] [DRY-RUN]   candidate: /data/jehc223/RGCL/logging/Retrieval/MHC_zh/RAC_video/RAC_lr0.0001_Bz64_Ep30_cosSim_triplet_drop[0.2, 0.4, 0.1]_topK20__PseudoGold_positive_1_hard_negative_1_seed0_hybrid_loss/ckpt/best_model_0_0.7435897435897436.pt
[2026-07-02 02:06:02] [disk_guard] [DRY-RUN]     mtime=2026-07-02 01:51:27 size=19.03MB
[2026-07-02 02:06:02] [disk_guard] [DRY-RUN]     -> b2 subpath: logs/Retrieval/MHC_zh/RAC_video/RAC_lr0.0001_Bz64_Ep30_cosSim_triplet_drop[0.2, 0.4, 0.1]_topK20__PseudoGold_positive_1_hard_negative_1_seed0_hybrid_loss/ckpt/best_model_0_0.7435897435897436.pt
[2026-07-02 02:06:03] [disk_guard] [DRY-RUN]     would run: b2_push.sh "/data/jehc223/RGCL/logging/Retrieval/MHC_zh/RAC_video/RAC_lr0.0001_Bz64_Ep30_cosSim_triplet_drop[0.2, 0.4, 0.1]_topK20__PseudoGold_positive_1_hard_negative_1_seed0_hybrid_loss/ckpt/best_model_0_0.7435897435897436.pt" "logs/Retrieval/MHC_zh/RAC_video/RAC_lr0.0001_Bz64_Ep30_cosSim_triplet_drop[0.2, 0.4, 0.1]_topK20__PseudoGold_positive_1_hard_negative_1_seed0_hybrid_loss/ckpt/best_model_0_0.7435897435897436.pt"
[2026-07-02 02:06:03] [disk_guard] [DRY-RUN]     would verify sha1(local) == sha1 at b2:junyi-data/RGCL_video/logs/Retrieval/MHC_zh/RAC_video/RAC_lr0.0001_Bz64_Ep30_cosSim_triplet_drop[0.2, 0.4, 0.1]_topK20__PseudoGold_positive_1_hard_negative_1_seed0_hybrid_loss/ckpt/best_model_0_0.7435897435897436.pt
[2026-07-02 02:06:03] [disk_guard] [DRY-RUN]     would rm "/data/jehc223/RGCL/logging/Retrieval/MHC_zh/RAC_video/RAC_lr0.0001_Bz64_Ep30_cosSim_triplet_drop[0.2, 0.4, 0.1]_topK20__PseudoGold_positive_1_hard_negative_1_seed0_hybrid_loss/ckpt/best_model_0_0.7435897435897436.pt"  (frees 19.03MB)  IF verify passes
[2026-07-02 02:06:03] [disk_guard] [DRY-RUN]   candidate: /data/jehc223/RGCL/logging/Retrieval/MHC_zh/RAC_video/RAC_lr0.0001_Bz64_Ep30_cosSim_triplet_drop[0.2, 0.4, 0.1]_topK20__PseudoGold_positive_1_hard_negative_1_seed0_hybrid_loss/ckpt/best_model_16_0.7564102564102564.pt
[2026-07-02 02:06:03] [disk_guard] [DRY-RUN]     mtime=2026-07-02 01:51:36 size=19.03MB
[2026-07-02 02:06:03] [disk_guard] [DRY-RUN]     -> b2 subpath: logs/Retrieval/MHC_zh/RAC_video/RAC_lr0.0001_Bz64_Ep30_cosSim_triplet_drop[0.2, 0.4, 0.1]_topK20__PseudoGold_positive_1_hard_negative_1_seed0_hybrid_loss/ckpt/best_model_16_0.7564102564102564.pt
[2026-07-02 02:06:03] [disk_guard] [DRY-RUN]     would run: b2_push.sh "/data/jehc223/RGCL/logging/Retrieval/MHC_zh/RAC_video/RAC_lr0.0001_Bz64_Ep30_cosSim_triplet_drop[0.2, 0.4, 0.1]_topK20__PseudoGold_positive_1_hard_negative_1_seed0_hybrid_loss/ckpt/best_model_16_0.7564102564102564.pt" "logs/Retrieval/MHC_zh/RAC_video/RAC_lr0.0001_Bz64_Ep30_cosSim_triplet_drop[0.2, 0.4, 0.1]_topK20__PseudoGold_positive_1_hard_negative_1_seed0_hybrid_loss/ckpt/best_model_16_0.7564102564102564.pt"
[2026-07-02 02:06:03] [disk_guard] [DRY-RUN]     would verify sha1(local) == sha1 at b2:junyi-data/RGCL_video/logs/Retrieval/MHC_zh/RAC_video/RAC_lr0.0001_Bz64_Ep30_cosSim_triplet_drop[0.2, 0.4, 0.1]_topK20__PseudoGold_positive_1_hard_negative_1_seed0_hybrid_loss/ckpt/best_model_16_0.7564102564102564.pt
[2026-07-02 02:06:03] [disk_guard] [DRY-RUN]     would rm "/data/jehc223/RGCL/logging/Retrieval/MHC_zh/RAC_video/RAC_lr0.0001_Bz64_Ep30_cosSim_triplet_drop[0.2, 0.4, 0.1]_topK20__PseudoGold_positive_1_hard_negative_1_seed0_hybrid_loss/ckpt/best_model_16_0.7564102564102564.pt"  (frees 19.03MB)  IF verify passes
[2026-07-02 02:06:03] [disk_guard] [DRY-RUN]   candidate: /data/jehc223/RGCL/logging/Retrieval/MHC_zh/RAC_video/RAC_lr0.0001_Bz64_Ep30_cosSim_triplet_drop[0.2, 0.4, 0.1]_topK20__PseudoGold_positive_1_hard_negative_1_seed0_hybrid_loss/ckpt/best_model_19_0.7692307692307693.pt
[2026-07-02 02:06:03] [disk_guard] [DRY-RUN]     mtime=2026-07-02 01:51:38 size=19.03MB
[2026-07-02 02:06:03] [disk_guard] [DRY-RUN]     -> b2 subpath: logs/Retrieval/MHC_zh/RAC_video/RAC_lr0.0001_Bz64_Ep30_cosSim_triplet_drop[0.2, 0.4, 0.1]_topK20__PseudoGold_positive_1_hard_negative_1_seed0_hybrid_loss/ckpt/best_model_19_0.7692307692307693.pt
[2026-07-02 02:06:03] [disk_guard] [DRY-RUN]     would run: b2_push.sh "/data/jehc223/RGCL/logging/Retrieval/MHC_zh/RAC_video/RAC_lr0.0001_Bz64_Ep30_cosSim_triplet_drop[0.2, 0.4, 0.1]_topK20__PseudoGold_positive_1_hard_negative_1_seed0_hybrid_loss/ckpt/best_model_19_0.7692307692307693.pt" "logs/Retrieval/MHC_zh/RAC_video/RAC_lr0.0001_Bz64_Ep30_cosSim_triplet_drop[0.2, 0.4, 0.1]_topK20__PseudoGold_positive_1_hard_negative_1_seed0_hybrid_loss/ckpt/best_model_19_0.7692307692307693.pt"
[2026-07-02 02:06:03] [disk_guard] [DRY-RUN]     would verify sha1(local) == sha1 at b2:junyi-data/RGCL_video/logs/Retrieval/MHC_zh/RAC_video/RAC_lr0.0001_Bz64_Ep30_cosSim_triplet_drop[0.2, 0.4, 0.1]_topK20__PseudoGold_positive_1_hard_negative_1_seed0_hybrid_loss/ckpt/best_model_19_0.7692307692307693.pt
[2026-07-02 02:06:03] [disk_guard] [DRY-RUN]     would rm "/data/jehc223/RGCL/logging/Retrieval/MHC_zh/RAC_video/RAC_lr0.0001_Bz64_Ep30_cosSim_triplet_drop[0.2, 0.4, 0.1]_topK20__PseudoGold_positive_1_hard_negative_1_seed0_hybrid_loss/ckpt/best_model_19_0.7692307692307693.pt"  (frees 19.03MB)  IF verify passes
[2026-07-02 02:06:03] [disk_guard] [DRY-RUN]   candidate: /data/jehc223/RGCL/logging/Retrieval/MHC_zh/RAC_video/RAC_lr0.0001_Bz64_Ep30_cosSim_triplet_drop[0.2, 0.4, 0.1]_topK20__PseudoGold_positive_1_hard_negative_1_seed0_hybrid_loss/ckpt/best_model_20_0.782051282051282.pt
[2026-07-02 02:06:03] [disk_guard] [DRY-RUN]     mtime=2026-07-02 01:51:39 size=19.03MB
[2026-07-02 02:06:03] [disk_guard] [DRY-RUN]     -> b2 subpath: logs/Retrieval/MHC_zh/RAC_video/RAC_lr0.0001_Bz64_Ep30_cosSim_triplet_drop[0.2, 0.4, 0.1]_topK20__PseudoGold_positive_1_hard_negative_1_seed0_hybrid_loss/ckpt/best_model_20_0.782051282051282.pt
[2026-07-02 02:06:03] [disk_guard] [DRY-RUN]     would run: b2_push.sh "/data/jehc223/RGCL/logging/Retrieval/MHC_zh/RAC_video/RAC_lr0.0001_Bz64_Ep30_cosSim_triplet_drop[0.2, 0.4, 0.1]_topK20__PseudoGold_positive_1_hard_negative_1_seed0_hybrid_loss/ckpt/best_model_20_0.782051282051282.pt" "logs/Retrieval/MHC_zh/RAC_video/RAC_lr0.0001_Bz64_Ep30_cosSim_triplet_drop[0.2, 0.4, 0.1]_topK20__PseudoGold_positive_1_hard_negative_1_seed0_hybrid_loss/ckpt/best_model_20_0.782051282051282.pt"
[2026-07-02 02:06:03] [disk_guard] [DRY-RUN]     would verify sha1(local) == sha1 at b2:junyi-data/RGCL_video/logs/Retrieval/MHC_zh/RAC_video/RAC_lr0.0001_Bz64_Ep30_cosSim_triplet_drop[0.2, 0.4, 0.1]_topK20__PseudoGold_positive_1_hard_negative_1_seed0_hybrid_loss/ckpt/best_model_20_0.782051282051282.pt
[2026-07-02 02:06:03] [disk_guard] [DRY-RUN]     would rm "/data/jehc223/RGCL/logging/Retrieval/MHC_zh/RAC_video/RAC_lr0.0001_Bz64_Ep30_cosSim_triplet_drop[0.2, 0.4, 0.1]_topK20__PseudoGold_positive_1_hard_negative_1_seed0_hybrid_loss/ckpt/best_model_20_0.782051282051282.pt"  (frees 19.03MB)  IF verify passes
[2026-07-02 02:06:03] [disk_guard] [DRY-RUN]   candidate: /data/jehc223/RGCL/logging/Retrieval/MHC_zh/RAC_video/RAC_lr0.0001_Bz64_Ep30_cosSim_triplet_drop[0.2, 0.4, 0.1]_topK20__PseudoGold_positive_1_hard_negative_1_seed0_hybrid_loss/ckpt/best_model_21_0.7948717948717948.pt
[2026-07-02 02:06:03] [disk_guard] [DRY-RUN]     mtime=2026-07-02 01:51:40 size=19.03MB
[2026-07-02 02:06:03] [disk_guard] [DRY-RUN]     -> b2 subpath: logs/Retrieval/MHC_zh/RAC_video/RAC_lr0.0001_Bz64_Ep30_cosSim_triplet_drop[0.2, 0.4, 0.1]_topK20__PseudoGold_positive_1_hard_negative_1_seed0_hybrid_loss/ckpt/best_model_21_0.7948717948717948.pt
[2026-07-02 02:06:03] [disk_guard] [DRY-RUN]     would run: b2_push.sh "/data/jehc223/RGCL/logging/Retrieval/MHC_zh/RAC_video/RAC_lr0.0001_Bz64_Ep30_cosSim_triplet_drop[0.2, 0.4, 0.1]_topK20__PseudoGold_positive_1_hard_negative_1_seed0_hybrid_loss/ckpt/best_model_21_0.7948717948717948.pt" "logs/Retrieval/MHC_zh/RAC_video/RAC_lr0.0001_Bz64_Ep30_cosSim_triplet_drop[0.2, 0.4, 0.1]_topK20__PseudoGold_positive_1_hard_negative_1_seed0_hybrid_loss/ckpt/best_model_21_0.7948717948717948.pt"
[2026-07-02 02:06:03] [disk_guard] [DRY-RUN]     would verify sha1(local) == sha1 at b2:junyi-data/RGCL_video/logs/Retrieval/MHC_zh/RAC_video/RAC_lr0.0001_Bz64_Ep30_cosSim_triplet_drop[0.2, 0.4, 0.1]_topK20__PseudoGold_positive_1_hard_negative_1_seed0_hybrid_loss/ckpt/best_model_21_0.7948717948717948.pt
[2026-07-02 02:06:03] [disk_guard] [DRY-RUN]     would rm "/data/jehc223/RGCL/logging/Retrieval/MHC_zh/RAC_video/RAC_lr0.0001_Bz64_Ep30_cosSim_triplet_drop[0.2, 0.4, 0.1]_topK20__PseudoGold_positive_1_hard_negative_1_seed0_hybrid_loss/ckpt/best_model_21_0.7948717948717948.pt"  (frees 19.03MB)  IF verify passes
[2026-07-02 02:06:03] [disk_guard] [DRY-RUN]   candidate: /data/jehc223/RGCL/logging/Retrieval/MHC_zh/RAC_video/RAC_lr0.0001_Bz64_Ep30_cosSim_triplet_drop[0.2, 0.4, 0.1]_topK20__PseudoGold_positive_1_hard_negative_1_seed0_hybrid_loss/ckpt/best_model_29_0.8076923076923077.pt
[2026-07-02 02:06:03] [disk_guard] [DRY-RUN]     mtime=2026-07-02 01:51:45 size=19.03MB
[2026-07-02 02:06:03] [disk_guard] [DRY-RUN]     -> b2 subpath: logs/Retrieval/MHC_zh/RAC_video/RAC_lr0.0001_Bz64_Ep30_cosSim_triplet_drop[0.2, 0.4, 0.1]_topK20__PseudoGold_positive_1_hard_negative_1_seed0_hybrid_loss/ckpt/best_model_29_0.8076923076923077.pt
[2026-07-02 02:06:03] [disk_guard] [DRY-RUN]     would run: b2_push.sh "/data/jehc223/RGCL/logging/Retrieval/MHC_zh/RAC_video/RAC_lr0.0001_Bz64_Ep30_cosSim_triplet_drop[0.2, 0.4, 0.1]_topK20__PseudoGold_positive_1_hard_negative_1_seed0_hybrid_loss/ckpt/best_model_29_0.8076923076923077.pt" "logs/Retrieval/MHC_zh/RAC_video/RAC_lr0.0001_Bz64_Ep30_cosSim_triplet_drop[0.2, 0.4, 0.1]_topK20__PseudoGold_positive_1_hard_negative_1_seed0_hybrid_loss/ckpt/best_model_29_0.8076923076923077.pt"
[2026-07-02 02:06:03] [disk_guard] [DRY-RUN]     would verify sha1(local) == sha1 at b2:junyi-data/RGCL_video/logs/Retrieval/MHC_zh/RAC_video/RAC_lr0.0001_Bz64_Ep30_cosSim_triplet_drop[0.2, 0.4, 0.1]_topK20__PseudoGold_positive_1_hard_negative_1_seed0_hybrid_loss/ckpt/best_model_29_0.8076923076923077.pt
[2026-07-02 02:06:03] [disk_guard] [DRY-RUN]     would rm "/data/jehc223/RGCL/logging/Retrieval/MHC_zh/RAC_video/RAC_lr0.0001_Bz64_Ep30_cosSim_triplet_drop[0.2, 0.4, 0.1]_topK20__PseudoGold_positive_1_hard_negative_1_seed0_hybrid_loss/ckpt/best_model_29_0.8076923076923077.pt"  (frees 19.03MB)  IF verify passes
[2026-07-02 02:06:03] [disk_guard] [DRY-RUN]   candidate: /data/jehc223/RGCL/logging/Retrieval/MHC_zh/RAC_video/RAC_lr0.0001_Bz64_Ep30_cosSim_triplet_drop[0.2, 0.4, 0.1]_topK20__PseudoGold_positive_1_hard_negative_1_seed0_hybrid_loss/ckpt/last_model_29_0.8076923076923077.pt
[2026-07-02 02:06:03] [disk_guard] [DRY-RUN]     mtime=2026-07-02 01:51:45 size=19.03MB
[2026-07-02 02:06:03] [disk_guard] [DRY-RUN]     -> b2 subpath: logs/Retrieval/MHC_zh/RAC_video/RAC_lr0.0001_Bz64_Ep30_cosSim_triplet_drop[0.2, 0.4, 0.1]_topK20__PseudoGold_positive_1_hard_negative_1_seed0_hybrid_loss/ckpt/last_model_29_0.8076923076923077.pt
[2026-07-02 02:06:03] [disk_guard] [DRY-RUN]     would run: b2_push.sh "/data/jehc223/RGCL/logging/Retrieval/MHC_zh/RAC_video/RAC_lr0.0001_Bz64_Ep30_cosSim_triplet_drop[0.2, 0.4, 0.1]_topK20__PseudoGold_positive_1_hard_negative_1_seed0_hybrid_loss/ckpt/last_model_29_0.8076923076923077.pt" "logs/Retrieval/MHC_zh/RAC_video/RAC_lr0.0001_Bz64_Ep30_cosSim_triplet_drop[0.2, 0.4, 0.1]_topK20__PseudoGold_positive_1_hard_negative_1_seed0_hybrid_loss/ckpt/last_model_29_0.8076923076923077.pt"
[2026-07-02 02:06:03] [disk_guard] [DRY-RUN]     would verify sha1(local) == sha1 at b2:junyi-data/RGCL_video/logs/Retrieval/MHC_zh/RAC_video/RAC_lr0.0001_Bz64_Ep30_cosSim_triplet_drop[0.2, 0.4, 0.1]_topK20__PseudoGold_positive_1_hard_negative_1_seed0_hybrid_loss/ckpt/last_model_29_0.8076923076923077.pt
[2026-07-02 02:06:03] [disk_guard] [DRY-RUN]     would rm "/data/jehc223/RGCL/logging/Retrieval/MHC_zh/RAC_video/RAC_lr0.0001_Bz64_Ep30_cosSim_triplet_drop[0.2, 0.4, 0.1]_topK20__PseudoGold_positive_1_hard_negative_1_seed0_hybrid_loss/ckpt/last_model_29_0.8076923076923077.pt"  (frees 19.03MB)  IF verify passes
[2026-07-02 02:06:03] [disk_guard] [DRY-RUN]   candidate: /data/jehc223/RGCL/logging/Retrieval/ImpliHateVid/RAC_video/RAC_lr0.0001_Bz64_Ep30_cosSim_triplet_drop[0.2, 0.4, 0.1]_topK20__PseudoGold_positive_1_hard_negative_1_seed0_hybrid_loss/ckpt/epoch_model_0_0.8615384615384616.pt
[2026-07-02 02:06:03] [disk_guard] [DRY-RUN]     mtime=2026-07-02 02:05:12 size=19.03MB
[2026-07-02 02:06:03] [disk_guard] [DRY-RUN]     -> b2 subpath: logs/Retrieval/ImpliHateVid/RAC_video/RAC_lr0.0001_Bz64_Ep30_cosSim_triplet_drop[0.2, 0.4, 0.1]_topK20__PseudoGold_positive_1_hard_negative_1_seed0_hybrid_loss/ckpt/epoch_model_0_0.8615384615384616.pt
[2026-07-02 02:06:03] [disk_guard] [DRY-RUN]     would run: b2_push.sh "/data/jehc223/RGCL/logging/Retrieval/ImpliHateVid/RAC_video/RAC_lr0.0001_Bz64_Ep30_cosSim_triplet_drop[0.2, 0.4, 0.1]_topK20__PseudoGold_positive_1_hard_negative_1_seed0_hybrid_loss/ckpt/epoch_model_0_0.8615384615384616.pt" "logs/Retrieval/ImpliHateVid/RAC_video/RAC_lr0.0001_Bz64_Ep30_cosSim_triplet_drop[0.2, 0.4, 0.1]_topK20__PseudoGold_positive_1_hard_negative_1_seed0_hybrid_loss/ckpt/epoch_model_0_0.8615384615384616.pt"
[2026-07-02 02:06:03] [disk_guard] [DRY-RUN]     would verify sha1(local) == sha1 at b2:junyi-data/RGCL_video/logs/Retrieval/ImpliHateVid/RAC_video/RAC_lr0.0001_Bz64_Ep30_cosSim_triplet_drop[0.2, 0.4, 0.1]_topK20__PseudoGold_positive_1_hard_negative_1_seed0_hybrid_loss/ckpt/epoch_model_0_0.8615384615384616.pt
[2026-07-02 02:06:03] [disk_guard] [DRY-RUN]     would rm "/data/jehc223/RGCL/logging/Retrieval/ImpliHateVid/RAC_video/RAC_lr0.0001_Bz64_Ep30_cosSim_triplet_drop[0.2, 0.4, 0.1]_topK20__PseudoGold_positive_1_hard_negative_1_seed0_hybrid_loss/ckpt/epoch_model_0_0.8615384615384616.pt"  (frees 19.03MB)  IF verify passes
[2026-07-02 02:06:03] [disk_guard] [DRY-RUN]   candidate: /data/jehc223/RGCL/logging/Retrieval/ImpliHateVid/RAC_video/RAC_lr0.0001_Bz64_Ep30_cosSim_triplet_drop[0.2, 0.4, 0.1]_topK20__PseudoGold_positive_1_hard_negative_1_seed0_hybrid_loss/ckpt/epoch_model_1_0.8184615384615385.pt
[2026-07-02 02:06:03] [disk_guard] [DRY-RUN]     mtime=2026-07-02 02:05:13 size=19.03MB
[2026-07-02 02:06:03] [disk_guard] [DRY-RUN]     -> b2 subpath: logs/Retrieval/ImpliHateVid/RAC_video/RAC_lr0.0001_Bz64_Ep30_cosSim_triplet_drop[0.2, 0.4, 0.1]_topK20__PseudoGold_positive_1_hard_negative_1_seed0_hybrid_loss/ckpt/epoch_model_1_0.8184615384615385.pt
[2026-07-02 02:06:03] [disk_guard] [DRY-RUN]     would run: b2_push.sh "/data/jehc223/RGCL/logging/Retrieval/ImpliHateVid/RAC_video/RAC_lr0.0001_Bz64_Ep30_cosSim_triplet_drop[0.2, 0.4, 0.1]_topK20__PseudoGold_positive_1_hard_negative_1_seed0_hybrid_loss/ckpt/epoch_model_1_0.8184615384615385.pt" "logs/Retrieval/ImpliHateVid/RAC_video/RAC_lr0.0001_Bz64_Ep30_cosSim_triplet_drop[0.2, 0.4, 0.1]_topK20__PseudoGold_positive_1_hard_negative_1_seed0_hybrid_loss/ckpt/epoch_model_1_0.8184615384615385.pt"
[2026-07-02 02:06:03] [disk_guard] [DRY-RUN]     would verify sha1(local) == sha1 at b2:junyi-data/RGCL_video/logs/Retrieval/ImpliHateVid/RAC_video/RAC_lr0.0001_Bz64_Ep30_cosSim_triplet_drop[0.2, 0.4, 0.1]_topK20__PseudoGold_positive_1_hard_negative_1_seed0_hybrid_loss/ckpt/epoch_model_1_0.8184615384615385.pt
[2026-07-02 02:06:03] [disk_guard] [DRY-RUN]     would rm "/data/jehc223/RGCL/logging/Retrieval/ImpliHateVid/RAC_video/RAC_lr0.0001_Bz64_Ep30_cosSim_triplet_drop[0.2, 0.4, 0.1]_topK20__PseudoGold_positive_1_hard_negative_1_seed0_hybrid_loss/ckpt/epoch_model_1_0.8184615384615385.pt"  (frees 19.03MB)  IF verify passes
[2026-07-02 02:06:03] [disk_guard] [DRY-RUN]   candidate: /data/jehc223/RGCL/logging/Retrieval/ImpliHateVid/RAC_video/RAC_lr0.0001_Bz64_Ep30_cosSim_triplet_drop[0.2, 0.4, 0.1]_topK20__PseudoGold_positive_1_hard_negative_1_seed0_hybrid_loss/ckpt/epoch_model_2_0.8430769230769231.pt
[2026-07-02 02:06:03] [disk_guard] [DRY-RUN]     mtime=2026-07-02 02:05:15 size=19.03MB
[2026-07-02 02:06:03] [disk_guard] [DRY-RUN]     -> b2 subpath: logs/Retrieval/ImpliHateVid/RAC_video/RAC_lr0.0001_Bz64_Ep30_cosSim_triplet_drop[0.2, 0.4, 0.1]_topK20__PseudoGold_positive_1_hard_negative_1_seed0_hybrid_loss/ckpt/epoch_model_2_0.8430769230769231.pt
[2026-07-02 02:06:03] [disk_guard] [DRY-RUN]     would run: b2_push.sh "/data/jehc223/RGCL/logging/Retrieval/ImpliHateVid/RAC_video/RAC_lr0.0001_Bz64_Ep30_cosSim_triplet_drop[0.2, 0.4, 0.1]_topK20__PseudoGold_positive_1_hard_negative_1_seed0_hybrid_loss/ckpt/epoch_model_2_0.8430769230769231.pt" "logs/Retrieval/ImpliHateVid/RAC_video/RAC_lr0.0001_Bz64_Ep30_cosSim_triplet_drop[0.2, 0.4, 0.1]_topK20__PseudoGold_positive_1_hard_negative_1_seed0_hybrid_loss/ckpt/epoch_model_2_0.8430769230769231.pt"
[2026-07-02 02:06:03] [disk_guard] [DRY-RUN]     would verify sha1(local) == sha1 at b2:junyi-data/RGCL_video/logs/Retrieval/ImpliHateVid/RAC_video/RAC_lr0.0001_Bz64_Ep30_cosSim_triplet_drop[0.2, 0.4, 0.1]_topK20__PseudoGold_positive_1_hard_negative_1_seed0_hybrid_loss/ckpt/epoch_model_2_0.8430769230769231.pt
[2026-07-02 02:06:03] [disk_guard] [DRY-RUN]     would rm "/data/jehc223/RGCL/logging/Retrieval/ImpliHateVid/RAC_video/RAC_lr0.0001_Bz64_Ep30_cosSim_triplet_drop[0.2, 0.4, 0.1]_topK20__PseudoGold_positive_1_hard_negative_1_seed0_hybrid_loss/ckpt/epoch_model_2_0.8430769230769231.pt"  (frees 19.03MB)  IF verify passes
[2026-07-02 02:06:03] [disk_guard] [DRY-RUN]   candidate: /data/jehc223/RGCL/logging/Retrieval/ImpliHateVid/RAC_video/RAC_lr0.0001_Bz64_Ep30_cosSim_triplet_drop[0.2, 0.4, 0.1]_topK20__PseudoGold_positive_1_hard_negative_1_seed0_hybrid_loss/ckpt/epoch_model_3_0.88.pt
[2026-07-02 02:06:03] [disk_guard] [DRY-RUN]     mtime=2026-07-02 02:05:17 size=19.03MB
[2026-07-02 02:06:03] [disk_guard] [DRY-RUN]     -> b2 subpath: logs/Retrieval/ImpliHateVid/RAC_video/RAC_lr0.0001_Bz64_Ep30_cosSim_triplet_drop[0.2, 0.4, 0.1]_topK20__PseudoGold_positive_1_hard_negative_1_seed0_hybrid_loss/ckpt/epoch_model_3_0.88.pt
[2026-07-02 02:06:03] [disk_guard] [DRY-RUN]     would run: b2_push.sh "/data/jehc223/RGCL/logging/Retrieval/ImpliHateVid/RAC_video/RAC_lr0.0001_Bz64_Ep30_cosSim_triplet_drop[0.2, 0.4, 0.1]_topK20__PseudoGold_positive_1_hard_negative_1_seed0_hybrid_loss/ckpt/epoch_model_3_0.88.pt" "logs/Retrieval/ImpliHateVid/RAC_video/RAC_lr0.0001_Bz64_Ep30_cosSim_triplet_drop[0.2, 0.4, 0.1]_topK20__PseudoGold_positive_1_hard_negative_1_seed0_hybrid_loss/ckpt/epoch_model_3_0.88.pt"
[2026-07-02 02:06:03] [disk_guard] [DRY-RUN]     would verify sha1(local) == sha1 at b2:junyi-data/RGCL_video/logs/Retrieval/ImpliHateVid/RAC_video/RAC_lr0.0001_Bz64_Ep30_cosSim_triplet_drop[0.2, 0.4, 0.1]_topK20__PseudoGold_positive_1_hard_negative_1_seed0_hybrid_loss/ckpt/epoch_model_3_0.88.pt
[2026-07-02 02:06:03] [disk_guard] [DRY-RUN]     would rm "/data/jehc223/RGCL/logging/Retrieval/ImpliHateVid/RAC_video/RAC_lr0.0001_Bz64_Ep30_cosSim_triplet_drop[0.2, 0.4, 0.1]_topK20__PseudoGold_positive_1_hard_negative_1_seed0_hybrid_loss/ckpt/epoch_model_3_0.88.pt"  (frees 19.03MB)  IF verify passes
[2026-07-02 02:06:03] [disk_guard] [DRY-RUN]   candidate: /data/jehc223/RGCL/logging/Retrieval/ImpliHateVid/RAC_video/RAC_lr0.0001_Bz64_Ep30_cosSim_triplet_drop[0.2, 0.4, 0.1]_topK20__PseudoGold_positive_1_hard_negative_1_seed0_hybrid_loss/ckpt/epoch_model_4_0.8676923076923077.pt
[2026-07-02 02:06:03] [disk_guard] [DRY-RUN]     mtime=2026-07-02 02:05:18 size=19.03MB
[2026-07-02 02:06:03] [disk_guard] [DRY-RUN]     -> b2 subpath: logs/Retrieval/ImpliHateVid/RAC_video/RAC_lr0.0001_Bz64_Ep30_cosSim_triplet_drop[0.2, 0.4, 0.1]_topK20__PseudoGold_positive_1_hard_negative_1_seed0_hybrid_loss/ckpt/epoch_model_4_0.8676923076923077.pt
[2026-07-02 02:06:03] [disk_guard] [DRY-RUN]     would run: b2_push.sh "/data/jehc223/RGCL/logging/Retrieval/ImpliHateVid/RAC_video/RAC_lr0.0001_Bz64_Ep30_cosSim_triplet_drop[0.2, 0.4, 0.1]_topK20__PseudoGold_positive_1_hard_negative_1_seed0_hybrid_loss/ckpt/epoch_model_4_0.8676923076923077.pt" "logs/Retrieval/ImpliHateVid/RAC_video/RAC_lr0.0001_Bz64_Ep30_cosSim_triplet_drop[0.2, 0.4, 0.1]_topK20__PseudoGold_positive_1_hard_negative_1_seed0_hybrid_loss/ckpt/epoch_model_4_0.8676923076923077.pt"
[2026-07-02 02:06:03] [disk_guard] [DRY-RUN]     would verify sha1(local) == sha1 at b2:junyi-data/RGCL_video/logs/Retrieval/ImpliHateVid/RAC_video/RAC_lr0.0001_Bz64_Ep30_cosSim_triplet_drop[0.2, 0.4, 0.1]_topK20__PseudoGold_positive_1_hard_negative_1_seed0_hybrid_loss/ckpt/epoch_model_4_0.8676923076923077.pt
[2026-07-02 02:06:03] [disk_guard] [DRY-RUN]     would rm "/data/jehc223/RGCL/logging/Retrieval/ImpliHateVid/RAC_video/RAC_lr0.0001_Bz64_Ep30_cosSim_triplet_drop[0.2, 0.4, 0.1]_topK20__PseudoGold_positive_1_hard_negative_1_seed0_hybrid_loss/ckpt/epoch_model_4_0.8676923076923077.pt"  (frees 19.03MB)  IF verify passes
[2026-07-02 02:06:03] [disk_guard] [DRY-RUN]   candidate: /data/jehc223/RGCL/logging/Retrieval/ImpliHateVid/RAC_video/RAC_lr0.0001_Bz64_Ep30_cosSim_triplet_drop[0.2, 0.4, 0.1]_topK20__PseudoGold_positive_1_hard_negative_1_seed0_hybrid_loss/ckpt/epoch_model_5_0.8676923076923077.pt
[2026-07-02 02:06:03] [disk_guard] [DRY-RUN]     mtime=2026-07-02 02:05:20 size=19.03MB
[2026-07-02 02:06:03] [disk_guard] [DRY-RUN]     -> b2 subpath: logs/Retrieval/ImpliHateVid/RAC_video/RAC_lr0.0001_Bz64_Ep30_cosSim_triplet_drop[0.2, 0.4, 0.1]_topK20__PseudoGold_positive_1_hard_negative_1_seed0_hybrid_loss/ckpt/epoch_model_5_0.8676923076923077.pt
[2026-07-02 02:06:03] [disk_guard] [DRY-RUN]     would run: b2_push.sh "/data/jehc223/RGCL/logging/Retrieval/ImpliHateVid/RAC_video/RAC_lr0.0001_Bz64_Ep30_cosSim_triplet_drop[0.2, 0.4, 0.1]_topK20__PseudoGold_positive_1_hard_negative_1_seed0_hybrid_loss/ckpt/epoch_model_5_0.8676923076923077.pt" "logs/Retrieval/ImpliHateVid/RAC_video/RAC_lr0.0001_Bz64_Ep30_cosSim_triplet_drop[0.2, 0.4, 0.1]_topK20__PseudoGold_positive_1_hard_negative_1_seed0_hybrid_loss/ckpt/epoch_model_5_0.8676923076923077.pt"
[2026-07-02 02:06:03] [disk_guard] [DRY-RUN]     would verify sha1(local) == sha1 at b2:junyi-data/RGCL_video/logs/Retrieval/ImpliHateVid/RAC_video/RAC_lr0.0001_Bz64_Ep30_cosSim_triplet_drop[0.2, 0.4, 0.1]_topK20__PseudoGold_positive_1_hard_negative_1_seed0_hybrid_loss/ckpt/epoch_model_5_0.8676923076923077.pt
[2026-07-02 02:06:03] [disk_guard] [DRY-RUN]     would rm "/data/jehc223/RGCL/logging/Retrieval/ImpliHateVid/RAC_video/RAC_lr0.0001_Bz64_Ep30_cosSim_triplet_drop[0.2, 0.4, 0.1]_topK20__PseudoGold_positive_1_hard_negative_1_seed0_hybrid_loss/ckpt/epoch_model_5_0.8676923076923077.pt"  (frees 19.03MB)  IF verify passes
[2026-07-02 02:06:03] [disk_guard] [DRY-RUN]   candidate: /data/jehc223/RGCL/logging/Retrieval/ImpliHateVid/RAC_video/RAC_lr0.0001_Bz64_Ep30_cosSim_triplet_drop[0.2, 0.4, 0.1]_topK20__PseudoGold_positive_1_hard_negative_1_seed0_hybrid_loss/ckpt/best_model_5_0.8676923076923077.pt
[2026-07-02 02:06:03] [disk_guard] [DRY-RUN]     mtime=2026-07-02 02:05:20 size=19.03MB
[2026-07-02 02:06:03] [disk_guard] [DRY-RUN]     -> b2 subpath: logs/Retrieval/ImpliHateVid/RAC_video/RAC_lr0.0001_Bz64_Ep30_cosSim_triplet_drop[0.2, 0.4, 0.1]_topK20__PseudoGold_positive_1_hard_negative_1_seed0_hybrid_loss/ckpt/best_model_5_0.8676923076923077.pt
[2026-07-02 02:06:03] [disk_guard] [DRY-RUN]     would run: b2_push.sh "/data/jehc223/RGCL/logging/Retrieval/ImpliHateVid/RAC_video/RAC_lr0.0001_Bz64_Ep30_cosSim_triplet_drop[0.2, 0.4, 0.1]_topK20__PseudoGold_positive_1_hard_negative_1_seed0_hybrid_loss/ckpt/best_model_5_0.8676923076923077.pt" "logs/Retrieval/ImpliHateVid/RAC_video/RAC_lr0.0001_Bz64_Ep30_cosSim_triplet_drop[0.2, 0.4, 0.1]_topK20__PseudoGold_positive_1_hard_negative_1_seed0_hybrid_loss/ckpt/best_model_5_0.8676923076923077.pt"
[2026-07-02 02:06:03] [disk_guard] [DRY-RUN]     would verify sha1(local) == sha1 at b2:junyi-data/RGCL_video/logs/Retrieval/ImpliHateVid/RAC_video/RAC_lr0.0001_Bz64_Ep30_cosSim_triplet_drop[0.2, 0.4, 0.1]_topK20__PseudoGold_positive_1_hard_negative_1_seed0_hybrid_loss/ckpt/best_model_5_0.8676923076923077.pt
[2026-07-02 02:06:03] [disk_guard] [DRY-RUN]     would rm "/data/jehc223/RGCL/logging/Retrieval/ImpliHateVid/RAC_video/RAC_lr0.0001_Bz64_Ep30_cosSim_triplet_drop[0.2, 0.4, 0.1]_topK20__PseudoGold_positive_1_hard_negative_1_seed0_hybrid_loss/ckpt/best_model_5_0.8676923076923077.pt"  (frees 19.03MB)  IF verify passes
[2026-07-02 02:06:03] [disk_guard] [DRY-RUN]   candidate: /data/jehc223/RGCL/logging/Retrieval/ImpliHateVid/RAC_video/RAC_lr0.0001_Bz64_Ep30_cosSim_triplet_drop[0.2, 0.4, 0.1]_topK20__PseudoGold_positive_1_hard_negative_1_seed0_hybrid_loss/ckpt/epoch_model_6_0.8953846153846153.pt
[2026-07-02 02:06:03] [disk_guard] [DRY-RUN]     mtime=2026-07-02 02:05:22 size=19.03MB
[2026-07-02 02:06:03] [disk_guard] [DRY-RUN]     -> b2 subpath: logs/Retrieval/ImpliHateVid/RAC_video/RAC_lr0.0001_Bz64_Ep30_cosSim_triplet_drop[0.2, 0.4, 0.1]_topK20__PseudoGold_positive_1_hard_negative_1_seed0_hybrid_loss/ckpt/epoch_model_6_0.8953846153846153.pt
[2026-07-02 02:06:03] [disk_guard] [DRY-RUN]     would run: b2_push.sh "/data/jehc223/RGCL/logging/Retrieval/ImpliHateVid/RAC_video/RAC_lr0.0001_Bz64_Ep30_cosSim_triplet_drop[0.2, 0.4, 0.1]_topK20__PseudoGold_positive_1_hard_negative_1_seed0_hybrid_loss/ckpt/epoch_model_6_0.8953846153846153.pt" "logs/Retrieval/ImpliHateVid/RAC_video/RAC_lr0.0001_Bz64_Ep30_cosSim_triplet_drop[0.2, 0.4, 0.1]_topK20__PseudoGold_positive_1_hard_negative_1_seed0_hybrid_loss/ckpt/epoch_model_6_0.8953846153846153.pt"
[2026-07-02 02:06:03] [disk_guard] [DRY-RUN]     would verify sha1(local) == sha1 at b2:junyi-data/RGCL_video/logs/Retrieval/ImpliHateVid/RAC_video/RAC_lr0.0001_Bz64_Ep30_cosSim_triplet_drop[0.2, 0.4, 0.1]_topK20__PseudoGold_positive_1_hard_negative_1_seed0_hybrid_loss/ckpt/epoch_model_6_0.8953846153846153.pt
[2026-07-02 02:06:03] [disk_guard] [DRY-RUN]     would rm "/data/jehc223/RGCL/logging/Retrieval/ImpliHateVid/RAC_video/RAC_lr0.0001_Bz64_Ep30_cosSim_triplet_drop[0.2, 0.4, 0.1]_topK20__PseudoGold_positive_1_hard_negative_1_seed0_hybrid_loss/ckpt/epoch_model_6_0.8953846153846153.pt"  (frees 19.03MB)  IF verify passes
[2026-07-02 02:06:03] [disk_guard] [DRY-RUN]   candidate: /data/jehc223/RGCL/logging/Retrieval/ImpliHateVid/RAC_video/RAC_lr0.0001_Bz64_Ep30_cosSim_triplet_drop[0.2, 0.4, 0.1]_topK20__PseudoGold_positive_1_hard_negative_1_seed0_hybrid_loss/ckpt/best_model_6_0.8953846153846153.pt
[2026-07-02 02:06:03] [disk_guard] [DRY-RUN]     mtime=2026-07-02 02:05:22 size=19.03MB
[2026-07-02 02:06:03] [disk_guard] [DRY-RUN]     -> b2 subpath: logs/Retrieval/ImpliHateVid/RAC_video/RAC_lr0.0001_Bz64_Ep30_cosSim_triplet_drop[0.2, 0.4, 0.1]_topK20__PseudoGold_positive_1_hard_negative_1_seed0_hybrid_loss/ckpt/best_model_6_0.8953846153846153.pt
[2026-07-02 02:06:03] [disk_guard] [DRY-RUN]     would run: b2_push.sh "/data/jehc223/RGCL/logging/Retrieval/ImpliHateVid/RAC_video/RAC_lr0.0001_Bz64_Ep30_cosSim_triplet_drop[0.2, 0.4, 0.1]_topK20__PseudoGold_positive_1_hard_negative_1_seed0_hybrid_loss/ckpt/best_model_6_0.8953846153846153.pt" "logs/Retrieval/ImpliHateVid/RAC_video/RAC_lr0.0001_Bz64_Ep30_cosSim_triplet_drop[0.2, 0.4, 0.1]_topK20__PseudoGold_positive_1_hard_negative_1_seed0_hybrid_loss/ckpt/best_model_6_0.8953846153846153.pt"
[2026-07-02 02:06:03] [disk_guard] [DRY-RUN]     would verify sha1(local) == sha1 at b2:junyi-data/RGCL_video/logs/Retrieval/ImpliHateVid/RAC_video/RAC_lr0.0001_Bz64_Ep30_cosSim_triplet_drop[0.2, 0.4, 0.1]_topK20__PseudoGold_positive_1_hard_negative_1_seed0_hybrid_loss/ckpt/best_model_6_0.8953846153846153.pt
[2026-07-02 02:06:03] [disk_guard] [DRY-RUN]     would rm "/data/jehc223/RGCL/logging/Retrieval/ImpliHateVid/RAC_video/RAC_lr0.0001_Bz64_Ep30_cosSim_triplet_drop[0.2, 0.4, 0.1]_topK20__PseudoGold_positive_1_hard_negative_1_seed0_hybrid_loss/ckpt/best_model_6_0.8953846153846153.pt"  (frees 19.03MB)  IF verify passes
[2026-07-02 02:06:03] [disk_guard] [DRY-RUN]   candidate: /data/jehc223/RGCL/logging/Retrieval/ImpliHateVid/RAC_video/RAC_lr0.0001_Bz64_Ep30_cosSim_triplet_drop[0.2, 0.4, 0.1]_topK20__PseudoGold_positive_1_hard_negative_1_seed0_hybrid_loss/ckpt/epoch_model_7_0.8984615384615384.pt
[2026-07-02 02:06:03] [disk_guard] [DRY-RUN]     mtime=2026-07-02 02:05:24 size=19.03MB
[2026-07-02 02:06:03] [disk_guard] [DRY-RUN]     -> b2 subpath: logs/Retrieval/ImpliHateVid/RAC_video/RAC_lr0.0001_Bz64_Ep30_cosSim_triplet_drop[0.2, 0.4, 0.1]_topK20__PseudoGold_positive_1_hard_negative_1_seed0_hybrid_loss/ckpt/epoch_model_7_0.8984615384615384.pt
[2026-07-02 02:06:03] [disk_guard] [DRY-RUN]     would run: b2_push.sh "/data/jehc223/RGCL/logging/Retrieval/ImpliHateVid/RAC_video/RAC_lr0.0001_Bz64_Ep30_cosSim_triplet_drop[0.2, 0.4, 0.1]_topK20__PseudoGold_positive_1_hard_negative_1_seed0_hybrid_loss/ckpt/epoch_model_7_0.8984615384615384.pt" "logs/Retrieval/ImpliHateVid/RAC_video/RAC_lr0.0001_Bz64_Ep30_cosSim_triplet_drop[0.2, 0.4, 0.1]_topK20__PseudoGold_positive_1_hard_negative_1_seed0_hybrid_loss/ckpt/epoch_model_7_0.8984615384615384.pt"
[2026-07-02 02:06:03] [disk_guard] [DRY-RUN]     would verify sha1(local) == sha1 at b2:junyi-data/RGCL_video/logs/Retrieval/ImpliHateVid/RAC_video/RAC_lr0.0001_Bz64_Ep30_cosSim_triplet_drop[0.2, 0.4, 0.1]_topK20__PseudoGold_positive_1_hard_negative_1_seed0_hybrid_loss/ckpt/epoch_model_7_0.8984615384615384.pt
[2026-07-02 02:06:03] [disk_guard] [DRY-RUN]     would rm "/data/jehc223/RGCL/logging/Retrieval/ImpliHateVid/RAC_video/RAC_lr0.0001_Bz64_Ep30_cosSim_triplet_drop[0.2, 0.4, 0.1]_topK20__PseudoGold_positive_1_hard_negative_1_seed0_hybrid_loss/ckpt/epoch_model_7_0.8984615384615384.pt"  (frees 19.03MB)  IF verify passes
[2026-07-02 02:06:03] [disk_guard] [DRY-RUN]   candidate: /data/jehc223/RGCL/logging/Retrieval/ImpliHateVid/RAC_video/RAC_lr0.0001_Bz64_Ep30_cosSim_triplet_drop[0.2, 0.4, 0.1]_topK20__PseudoGold_positive_1_hard_negative_1_seed0_hybrid_loss/ckpt/best_model_7_0.8984615384615384.pt
[2026-07-02 02:06:03] [disk_guard] [DRY-RUN]     mtime=2026-07-02 02:05:24 size=19.03MB
[2026-07-02 02:06:03] [disk_guard] [DRY-RUN]     -> b2 subpath: logs/Retrieval/ImpliHateVid/RAC_video/RAC_lr0.0001_Bz64_Ep30_cosSim_triplet_drop[0.2, 0.4, 0.1]_topK20__PseudoGold_positive_1_hard_negative_1_seed0_hybrid_loss/ckpt/best_model_7_0.8984615384615384.pt
[2026-07-02 02:06:03] [disk_guard] [DRY-RUN]     would run: b2_push.sh "/data/jehc223/RGCL/logging/Retrieval/ImpliHateVid/RAC_video/RAC_lr0.0001_Bz64_Ep30_cosSim_triplet_drop[0.2, 0.4, 0.1]_topK20__PseudoGold_positive_1_hard_negative_1_seed0_hybrid_loss/ckpt/best_model_7_0.8984615384615384.pt" "logs/Retrieval/ImpliHateVid/RAC_video/RAC_lr0.0001_Bz64_Ep30_cosSim_triplet_drop[0.2, 0.4, 0.1]_topK20__PseudoGold_positive_1_hard_negative_1_seed0_hybrid_loss/ckpt/best_model_7_0.8984615384615384.pt"
[2026-07-02 02:06:03] [disk_guard] [DRY-RUN]     would verify sha1(local) == sha1 at b2:junyi-data/RGCL_video/logs/Retrieval/ImpliHateVid/RAC_video/RAC_lr0.0001_Bz64_Ep30_cosSim_triplet_drop[0.2, 0.4, 0.1]_topK20__PseudoGold_positive_1_hard_negative_1_seed0_hybrid_loss/ckpt/best_model_7_0.8984615384615384.pt
[2026-07-02 02:06:03] [disk_guard] [DRY-RUN]     would rm "/data/jehc223/RGCL/logging/Retrieval/ImpliHateVid/RAC_video/RAC_lr0.0001_Bz64_Ep30_cosSim_triplet_drop[0.2, 0.4, 0.1]_topK20__PseudoGold_positive_1_hard_negative_1_seed0_hybrid_loss/ckpt/best_model_7_0.8984615384615384.pt"  (frees 19.03MB)  IF verify passes
[2026-07-02 02:06:03] [disk_guard] [DRY-RUN]   candidate: /data/jehc223/RGCL/logging/Retrieval/ImpliHateVid/RAC_video/RAC_lr0.0001_Bz64_Ep30_cosSim_triplet_drop[0.2, 0.4, 0.1]_topK20__PseudoGold_positive_1_hard_negative_1_seed0_hybrid_loss/ckpt/epoch_model_8_0.9015384615384615.pt
[2026-07-02 02:06:03] [disk_guard] [DRY-RUN]     mtime=2026-07-02 02:05:25 size=19.03MB
[2026-07-02 02:06:03] [disk_guard] [DRY-RUN]     -> b2 subpath: logs/Retrieval/ImpliHateVid/RAC_video/RAC_lr0.0001_Bz64_Ep30_cosSim_triplet_drop[0.2, 0.4, 0.1]_topK20__PseudoGold_positive_1_hard_negative_1_seed0_hybrid_loss/ckpt/epoch_model_8_0.9015384615384615.pt
[2026-07-02 02:06:03] [disk_guard] [DRY-RUN]     would run: b2_push.sh "/data/jehc223/RGCL/logging/Retrieval/ImpliHateVid/RAC_video/RAC_lr0.0001_Bz64_Ep30_cosSim_triplet_drop[0.2, 0.4, 0.1]_topK20__PseudoGold_positive_1_hard_negative_1_seed0_hybrid_loss/ckpt/epoch_model_8_0.9015384615384615.pt" "logs/Retrieval/ImpliHateVid/RAC_video/RAC_lr0.0001_Bz64_Ep30_cosSim_triplet_drop[0.2, 0.4, 0.1]_topK20__PseudoGold_positive_1_hard_negative_1_seed0_hybrid_loss/ckpt/epoch_model_8_0.9015384615384615.pt"
[2026-07-02 02:06:03] [disk_guard] [DRY-RUN]     would verify sha1(local) == sha1 at b2:junyi-data/RGCL_video/logs/Retrieval/ImpliHateVid/RAC_video/RAC_lr0.0001_Bz64_Ep30_cosSim_triplet_drop[0.2, 0.4, 0.1]_topK20__PseudoGold_positive_1_hard_negative_1_seed0_hybrid_loss/ckpt/epoch_model_8_0.9015384615384615.pt
[2026-07-02 02:06:03] [disk_guard] [DRY-RUN]     would rm "/data/jehc223/RGCL/logging/Retrieval/ImpliHateVid/RAC_video/RAC_lr0.0001_Bz64_Ep30_cosSim_triplet_drop[0.2, 0.4, 0.1]_topK20__PseudoGold_positive_1_hard_negative_1_seed0_hybrid_loss/ckpt/epoch_model_8_0.9015384615384615.pt"  (frees 19.03MB)  IF verify passes
[2026-07-02 02:06:04] [disk_guard] [DRY-RUN]   candidate: /data/jehc223/RGCL/logging/Retrieval/ImpliHateVid/RAC_video/RAC_lr0.0001_Bz64_Ep30_cosSim_triplet_drop[0.2, 0.4, 0.1]_topK20__PseudoGold_positive_1_hard_negative_1_seed0_hybrid_loss/ckpt/best_model_8_0.9015384615384615.pt
[2026-07-02 02:06:04] [disk_guard] [DRY-RUN]     mtime=2026-07-02 02:05:26 size=19.03MB
[2026-07-02 02:06:04] [disk_guard] [DRY-RUN]     -> b2 subpath: logs/Retrieval/ImpliHateVid/RAC_video/RAC_lr0.0001_Bz64_Ep30_cosSim_triplet_drop[0.2, 0.4, 0.1]_topK20__PseudoGold_positive_1_hard_negative_1_seed0_hybrid_loss/ckpt/best_model_8_0.9015384615384615.pt
[2026-07-02 02:06:04] [disk_guard] [DRY-RUN]     would run: b2_push.sh "/data/jehc223/RGCL/logging/Retrieval/ImpliHateVid/RAC_video/RAC_lr0.0001_Bz64_Ep30_cosSim_triplet_drop[0.2, 0.4, 0.1]_topK20__PseudoGold_positive_1_hard_negative_1_seed0_hybrid_loss/ckpt/best_model_8_0.9015384615384615.pt" "logs/Retrieval/ImpliHateVid/RAC_video/RAC_lr0.0001_Bz64_Ep30_cosSim_triplet_drop[0.2, 0.4, 0.1]_topK20__PseudoGold_positive_1_hard_negative_1_seed0_hybrid_loss/ckpt/best_model_8_0.9015384615384615.pt"
[2026-07-02 02:06:04] [disk_guard] [DRY-RUN]     would verify sha1(local) == sha1 at b2:junyi-data/RGCL_video/logs/Retrieval/ImpliHateVid/RAC_video/RAC_lr0.0001_Bz64_Ep30_cosSim_triplet_drop[0.2, 0.4, 0.1]_topK20__PseudoGold_positive_1_hard_negative_1_seed0_hybrid_loss/ckpt/best_model_8_0.9015384615384615.pt
[2026-07-02 02:06:04] [disk_guard] [DRY-RUN]     would rm "/data/jehc223/RGCL/logging/Retrieval/ImpliHateVid/RAC_video/RAC_lr0.0001_Bz64_Ep30_cosSim_triplet_drop[0.2, 0.4, 0.1]_topK20__PseudoGold_positive_1_hard_negative_1_seed0_hybrid_loss/ckpt/best_model_8_0.9015384615384615.pt"  (frees 19.03MB)  IF verify passes
[2026-07-02 02:06:04] [disk_guard] [DRY-RUN]   candidate: /data/jehc223/RGCL/logging/Retrieval/ImpliHateVid/RAC_video/RAC_lr0.0001_Bz64_Ep30_cosSim_triplet_drop[0.2, 0.4, 0.1]_topK20__PseudoGold_positive_1_hard_negative_1_seed0_hybrid_loss/ckpt/epoch_model_9_0.9015384615384615.pt
[2026-07-02 02:06:04] [disk_guard] [DRY-RUN]     mtime=2026-07-02 02:05:27 size=19.03MB
[2026-07-02 02:06:04] [disk_guard] [DRY-RUN]     -> b2 subpath: logs/Retrieval/ImpliHateVid/RAC_video/RAC_lr0.0001_Bz64_Ep30_cosSim_triplet_drop[0.2, 0.4, 0.1]_topK20__PseudoGold_positive_1_hard_negative_1_seed0_hybrid_loss/ckpt/epoch_model_9_0.9015384615384615.pt
[2026-07-02 02:06:04] [disk_guard] [DRY-RUN]     would run: b2_push.sh "/data/jehc223/RGCL/logging/Retrieval/ImpliHateVid/RAC_video/RAC_lr0.0001_Bz64_Ep30_cosSim_triplet_drop[0.2, 0.4, 0.1]_topK20__PseudoGold_positive_1_hard_negative_1_seed0_hybrid_loss/ckpt/epoch_model_9_0.9015384615384615.pt" "logs/Retrieval/ImpliHateVid/RAC_video/RAC_lr0.0001_Bz64_Ep30_cosSim_triplet_drop[0.2, 0.4, 0.1]_topK20__PseudoGold_positive_1_hard_negative_1_seed0_hybrid_loss/ckpt/epoch_model_9_0.9015384615384615.pt"
[2026-07-02 02:06:04] [disk_guard] [DRY-RUN]     would verify sha1(local) == sha1 at b2:junyi-data/RGCL_video/logs/Retrieval/ImpliHateVid/RAC_video/RAC_lr0.0001_Bz64_Ep30_cosSim_triplet_drop[0.2, 0.4, 0.1]_topK20__PseudoGold_positive_1_hard_negative_1_seed0_hybrid_loss/ckpt/epoch_model_9_0.9015384615384615.pt
[2026-07-02 02:06:04] [disk_guard] [DRY-RUN]     would rm "/data/jehc223/RGCL/logging/Retrieval/ImpliHateVid/RAC_video/RAC_lr0.0001_Bz64_Ep30_cosSim_triplet_drop[0.2, 0.4, 0.1]_topK20__PseudoGold_positive_1_hard_negative_1_seed0_hybrid_loss/ckpt/epoch_model_9_0.9015384615384615.pt"  (frees 19.03MB)  IF verify passes
[2026-07-02 02:06:04] [disk_guard] [DRY-RUN]   candidate: /data/jehc223/RGCL/logging/Retrieval/ImpliHateVid/RAC_video/RAC_lr0.0001_Bz64_Ep30_cosSim_triplet_drop[0.2, 0.4, 0.1]_topK20__PseudoGold_positive_1_hard_negative_1_seed0_hybrid_loss/ckpt/best_model_9_0.9015384615384615.pt
[2026-07-02 02:06:04] [disk_guard] [DRY-RUN]     mtime=2026-07-02 02:05:28 size=19.03MB
[2026-07-02 02:06:04] [disk_guard] [DRY-RUN]     -> b2 subpath: logs/Retrieval/ImpliHateVid/RAC_video/RAC_lr0.0001_Bz64_Ep30_cosSim_triplet_drop[0.2, 0.4, 0.1]_topK20__PseudoGold_positive_1_hard_negative_1_seed0_hybrid_loss/ckpt/best_model_9_0.9015384615384615.pt
[2026-07-02 02:06:04] [disk_guard] [DRY-RUN]     would run: b2_push.sh "/data/jehc223/RGCL/logging/Retrieval/ImpliHateVid/RAC_video/RAC_lr0.0001_Bz64_Ep30_cosSim_triplet_drop[0.2, 0.4, 0.1]_topK20__PseudoGold_positive_1_hard_negative_1_seed0_hybrid_loss/ckpt/best_model_9_0.9015384615384615.pt" "logs/Retrieval/ImpliHateVid/RAC_video/RAC_lr0.0001_Bz64_Ep30_cosSim_triplet_drop[0.2, 0.4, 0.1]_topK20__PseudoGold_positive_1_hard_negative_1_seed0_hybrid_loss/ckpt/best_model_9_0.9015384615384615.pt"
[2026-07-02 02:06:04] [disk_guard] [DRY-RUN]     would verify sha1(local) == sha1 at b2:junyi-data/RGCL_video/logs/Retrieval/ImpliHateVid/RAC_video/RAC_lr0.0001_Bz64_Ep30_cosSim_triplet_drop[0.2, 0.4, 0.1]_topK20__PseudoGold_positive_1_hard_negative_1_seed0_hybrid_loss/ckpt/best_model_9_0.9015384615384615.pt
[2026-07-02 02:06:04] [disk_guard] [DRY-RUN]     would rm "/data/jehc223/RGCL/logging/Retrieval/ImpliHateVid/RAC_video/RAC_lr0.0001_Bz64_Ep30_cosSim_triplet_drop[0.2, 0.4, 0.1]_topK20__PseudoGold_positive_1_hard_negative_1_seed0_hybrid_loss/ckpt/best_model_9_0.9015384615384615.pt"  (frees 19.03MB)  IF verify passes
[2026-07-02 02:06:04] [disk_guard] [DRY-RUN]   candidate: /data/jehc223/RGCL/logging/Retrieval/ImpliHateVid/RAC_video/RAC_lr0.0001_Bz64_Ep30_cosSim_triplet_drop[0.2, 0.4, 0.1]_topK20__PseudoGold_positive_1_hard_negative_1_seed0_hybrid_loss/ckpt/epoch_model_10_0.9015384615384615.pt
[2026-07-02 02:06:04] [disk_guard] [DRY-RUN]     mtime=2026-07-02 02:05:29 size=19.03MB
[2026-07-02 02:06:04] [disk_guard] [DRY-RUN]     -> b2 subpath: logs/Retrieval/ImpliHateVid/RAC_video/RAC_lr0.0001_Bz64_Ep30_cosSim_triplet_drop[0.2, 0.4, 0.1]_topK20__PseudoGold_positive_1_hard_negative_1_seed0_hybrid_loss/ckpt/epoch_model_10_0.9015384615384615.pt
[2026-07-02 02:06:04] [disk_guard] [DRY-RUN]     would run: b2_push.sh "/data/jehc223/RGCL/logging/Retrieval/ImpliHateVid/RAC_video/RAC_lr0.0001_Bz64_Ep30_cosSim_triplet_drop[0.2, 0.4, 0.1]_topK20__PseudoGold_positive_1_hard_negative_1_seed0_hybrid_loss/ckpt/epoch_model_10_0.9015384615384615.pt" "logs/Retrieval/ImpliHateVid/RAC_video/RAC_lr0.0001_Bz64_Ep30_cosSim_triplet_drop[0.2, 0.4, 0.1]_topK20__PseudoGold_positive_1_hard_negative_1_seed0_hybrid_loss/ckpt/epoch_model_10_0.9015384615384615.pt"
[2026-07-02 02:06:04] [disk_guard] [DRY-RUN]     would verify sha1(local) == sha1 at b2:junyi-data/RGCL_video/logs/Retrieval/ImpliHateVid/RAC_video/RAC_lr0.0001_Bz64_Ep30_cosSim_triplet_drop[0.2, 0.4, 0.1]_topK20__PseudoGold_positive_1_hard_negative_1_seed0_hybrid_loss/ckpt/epoch_model_10_0.9015384615384615.pt
[2026-07-02 02:06:04] [disk_guard] [DRY-RUN]     would rm "/data/jehc223/RGCL/logging/Retrieval/ImpliHateVid/RAC_video/RAC_lr0.0001_Bz64_Ep30_cosSim_triplet_drop[0.2, 0.4, 0.1]_topK20__PseudoGold_positive_1_hard_negative_1_seed0_hybrid_loss/ckpt/epoch_model_10_0.9015384615384615.pt"  (frees 19.03MB)  IF verify passes
[2026-07-02 02:06:04] [disk_guard] [DRY-RUN]   candidate: /data/jehc223/RGCL/logging/Retrieval/ImpliHateVid/RAC_video/RAC_lr0.0001_Bz64_Ep30_cosSim_triplet_drop[0.2, 0.4, 0.1]_topK20__PseudoGold_positive_1_hard_negative_1_seed0_hybrid_loss/ckpt/best_model_10_0.9015384615384615.pt
[2026-07-02 02:06:04] [disk_guard] [DRY-RUN]     mtime=2026-07-02 02:05:29 size=19.03MB
[2026-07-02 02:06:04] [disk_guard] [DRY-RUN]     -> b2 subpath: logs/Retrieval/ImpliHateVid/RAC_video/RAC_lr0.0001_Bz64_Ep30_cosSim_triplet_drop[0.2, 0.4, 0.1]_topK20__PseudoGold_positive_1_hard_negative_1_seed0_hybrid_loss/ckpt/best_model_10_0.9015384615384615.pt
[2026-07-02 02:06:04] [disk_guard] [DRY-RUN]     would run: b2_push.sh "/data/jehc223/RGCL/logging/Retrieval/ImpliHateVid/RAC_video/RAC_lr0.0001_Bz64_Ep30_cosSim_triplet_drop[0.2, 0.4, 0.1]_topK20__PseudoGold_positive_1_hard_negative_1_seed0_hybrid_loss/ckpt/best_model_10_0.9015384615384615.pt" "logs/Retrieval/ImpliHateVid/RAC_video/RAC_lr0.0001_Bz64_Ep30_cosSim_triplet_drop[0.2, 0.4, 0.1]_topK20__PseudoGold_positive_1_hard_negative_1_seed0_hybrid_loss/ckpt/best_model_10_0.9015384615384615.pt"
[2026-07-02 02:06:04] [disk_guard] [DRY-RUN]     would verify sha1(local) == sha1 at b2:junyi-data/RGCL_video/logs/Retrieval/ImpliHateVid/RAC_video/RAC_lr0.0001_Bz64_Ep30_cosSim_triplet_drop[0.2, 0.4, 0.1]_topK20__PseudoGold_positive_1_hard_negative_1_seed0_hybrid_loss/ckpt/best_model_10_0.9015384615384615.pt
[2026-07-02 02:06:04] [disk_guard] [DRY-RUN]     would rm "/data/jehc223/RGCL/logging/Retrieval/ImpliHateVid/RAC_video/RAC_lr0.0001_Bz64_Ep30_cosSim_triplet_drop[0.2, 0.4, 0.1]_topK20__PseudoGold_positive_1_hard_negative_1_seed0_hybrid_loss/ckpt/best_model_10_0.9015384615384615.pt"  (frees 19.03MB)  IF verify passes
[2026-07-02 02:06:04] [disk_guard] [DRY-RUN]   candidate: /data/jehc223/RGCL/logging/Retrieval/ImpliHateVid/RAC_video/RAC_lr0.0001_Bz64_Ep30_cosSim_triplet_drop[0.2, 0.4, 0.1]_topK20__PseudoGold_positive_1_hard_negative_1_seed0_hybrid_loss/ckpt/epoch_model_11_0.9015384615384615.pt
[2026-07-02 02:06:04] [disk_guard] [DRY-RUN]     mtime=2026-07-02 02:05:31 size=19.03MB
[2026-07-02 02:06:04] [disk_guard] [DRY-RUN]     -> b2 subpath: logs/Retrieval/ImpliHateVid/RAC_video/RAC_lr0.0001_Bz64_Ep30_cosSim_triplet_drop[0.2, 0.4, 0.1]_topK20__PseudoGold_positive_1_hard_negative_1_seed0_hybrid_loss/ckpt/epoch_model_11_0.9015384615384615.pt
[2026-07-02 02:06:04] [disk_guard] [DRY-RUN]     would run: b2_push.sh "/data/jehc223/RGCL/logging/Retrieval/ImpliHateVid/RAC_video/RAC_lr0.0001_Bz64_Ep30_cosSim_triplet_drop[0.2, 0.4, 0.1]_topK20__PseudoGold_positive_1_hard_negative_1_seed0_hybrid_loss/ckpt/epoch_model_11_0.9015384615384615.pt" "logs/Retrieval/ImpliHateVid/RAC_video/RAC_lr0.0001_Bz64_Ep30_cosSim_triplet_drop[0.2, 0.4, 0.1]_topK20__PseudoGold_positive_1_hard_negative_1_seed0_hybrid_loss/ckpt/epoch_model_11_0.9015384615384615.pt"
[2026-07-02 02:06:04] [disk_guard] [DRY-RUN]     would verify sha1(local) == sha1 at b2:junyi-data/RGCL_video/logs/Retrieval/ImpliHateVid/RAC_video/RAC_lr0.0001_Bz64_Ep30_cosSim_triplet_drop[0.2, 0.4, 0.1]_topK20__PseudoGold_positive_1_hard_negative_1_seed0_hybrid_loss/ckpt/epoch_model_11_0.9015384615384615.pt
[2026-07-02 02:06:04] [disk_guard] [DRY-RUN]     would rm "/data/jehc223/RGCL/logging/Retrieval/ImpliHateVid/RAC_video/RAC_lr0.0001_Bz64_Ep30_cosSim_triplet_drop[0.2, 0.4, 0.1]_topK20__PseudoGold_positive_1_hard_negative_1_seed0_hybrid_loss/ckpt/epoch_model_11_0.9015384615384615.pt"  (frees 19.03MB)  IF verify passes
[2026-07-02 02:06:04] [disk_guard] [DRY-RUN]   candidate: /data/jehc223/RGCL/logging/Retrieval/ImpliHateVid/RAC_video/RAC_lr0.0001_Bz64_Ep30_cosSim_triplet_drop[0.2, 0.4, 0.1]_topK20__PseudoGold_positive_1_hard_negative_1_seed0_hybrid_loss/ckpt/epoch_model_12_0.8984615384615384.pt
[2026-07-02 02:06:04] [disk_guard] [DRY-RUN]     mtime=2026-07-02 02:05:33 size=19.03MB
[2026-07-02 02:06:04] [disk_guard] [DRY-RUN]     -> b2 subpath: logs/Retrieval/ImpliHateVid/RAC_video/RAC_lr0.0001_Bz64_Ep30_cosSim_triplet_drop[0.2, 0.4, 0.1]_topK20__PseudoGold_positive_1_hard_negative_1_seed0_hybrid_loss/ckpt/epoch_model_12_0.8984615384615384.pt
[2026-07-02 02:06:04] [disk_guard] [DRY-RUN]     would run: b2_push.sh "/data/jehc223/RGCL/logging/Retrieval/ImpliHateVid/RAC_video/RAC_lr0.0001_Bz64_Ep30_cosSim_triplet_drop[0.2, 0.4, 0.1]_topK20__PseudoGold_positive_1_hard_negative_1_seed0_hybrid_loss/ckpt/epoch_model_12_0.8984615384615384.pt" "logs/Retrieval/ImpliHateVid/RAC_video/RAC_lr0.0001_Bz64_Ep30_cosSim_triplet_drop[0.2, 0.4, 0.1]_topK20__PseudoGold_positive_1_hard_negative_1_seed0_hybrid_loss/ckpt/epoch_model_12_0.8984615384615384.pt"
[2026-07-02 02:06:04] [disk_guard] [DRY-RUN]     would verify sha1(local) == sha1 at b2:junyi-data/RGCL_video/logs/Retrieval/ImpliHateVid/RAC_video/RAC_lr0.0001_Bz64_Ep30_cosSim_triplet_drop[0.2, 0.4, 0.1]_topK20__PseudoGold_positive_1_hard_negative_1_seed0_hybrid_loss/ckpt/epoch_model_12_0.8984615384615384.pt
[2026-07-02 02:06:04] [disk_guard] [DRY-RUN]     would rm "/data/jehc223/RGCL/logging/Retrieval/ImpliHateVid/RAC_video/RAC_lr0.0001_Bz64_Ep30_cosSim_triplet_drop[0.2, 0.4, 0.1]_topK20__PseudoGold_positive_1_hard_negative_1_seed0_hybrid_loss/ckpt/epoch_model_12_0.8984615384615384.pt"  (frees 19.03MB)  IF verify passes
[2026-07-02 02:06:04] [disk_guard] [DRY-RUN]   candidate: /data/jehc223/RGCL/logging/Retrieval/ImpliHateVid/RAC_video/RAC_lr0.0001_Bz64_Ep30_cosSim_triplet_drop[0.2, 0.4, 0.1]_topK20__PseudoGold_positive_1_hard_negative_1_seed0_hybrid_loss/ckpt/epoch_model_13_0.8953846153846153.pt
[2026-07-02 02:06:04] [disk_guard] [DRY-RUN]     mtime=2026-07-02 02:05:35 size=19.03MB
[2026-07-02 02:06:04] [disk_guard] [DRY-RUN]     -> b2 subpath: logs/Retrieval/ImpliHateVid/RAC_video/RAC_lr0.0001_Bz64_Ep30_cosSim_triplet_drop[0.2, 0.4, 0.1]_topK20__PseudoGold_positive_1_hard_negative_1_seed0_hybrid_loss/ckpt/epoch_model_13_0.8953846153846153.pt
[2026-07-02 02:06:04] [disk_guard] [DRY-RUN]     would run: b2_push.sh "/data/jehc223/RGCL/logging/Retrieval/ImpliHateVid/RAC_video/RAC_lr0.0001_Bz64_Ep30_cosSim_triplet_drop[0.2, 0.4, 0.1]_topK20__PseudoGold_positive_1_hard_negative_1_seed0_hybrid_loss/ckpt/epoch_model_13_0.8953846153846153.pt" "logs/Retrieval/ImpliHateVid/RAC_video/RAC_lr0.0001_Bz64_Ep30_cosSim_triplet_drop[0.2, 0.4, 0.1]_topK20__PseudoGold_positive_1_hard_negative_1_seed0_hybrid_loss/ckpt/epoch_model_13_0.8953846153846153.pt"
[2026-07-02 02:06:04] [disk_guard] [DRY-RUN]     would verify sha1(local) == sha1 at b2:junyi-data/RGCL_video/logs/Retrieval/ImpliHateVid/RAC_video/RAC_lr0.0001_Bz64_Ep30_cosSim_triplet_drop[0.2, 0.4, 0.1]_topK20__PseudoGold_positive_1_hard_negative_1_seed0_hybrid_loss/ckpt/epoch_model_13_0.8953846153846153.pt
[2026-07-02 02:06:04] [disk_guard] [DRY-RUN]     would rm "/data/jehc223/RGCL/logging/Retrieval/ImpliHateVid/RAC_video/RAC_lr0.0001_Bz64_Ep30_cosSim_triplet_drop[0.2, 0.4, 0.1]_topK20__PseudoGold_positive_1_hard_negative_1_seed0_hybrid_loss/ckpt/epoch_model_13_0.8953846153846153.pt"  (frees 19.03MB)  IF verify passes
[2026-07-02 02:06:04] [disk_guard] [DRY-RUN]   candidate: /data/jehc223/RGCL/logging/Retrieval/ImpliHateVid/RAC_video/RAC_lr0.0001_Bz64_Ep30_cosSim_triplet_drop[0.2, 0.4, 0.1]_topK20__PseudoGold_positive_1_hard_negative_1_seed0_hybrid_loss/ckpt/epoch_model_14_0.8984615384615384.pt
[2026-07-02 02:06:04] [disk_guard] [DRY-RUN]     mtime=2026-07-02 02:05:37 size=19.03MB
[2026-07-02 02:06:04] [disk_guard] [DRY-RUN]     -> b2 subpath: logs/Retrieval/ImpliHateVid/RAC_video/RAC_lr0.0001_Bz64_Ep30_cosSim_triplet_drop[0.2, 0.4, 0.1]_topK20__PseudoGold_positive_1_hard_negative_1_seed0_hybrid_loss/ckpt/epoch_model_14_0.8984615384615384.pt
[2026-07-02 02:06:04] [disk_guard] [DRY-RUN]     would run: b2_push.sh "/data/jehc223/RGCL/logging/Retrieval/ImpliHateVid/RAC_video/RAC_lr0.0001_Bz64_Ep30_cosSim_triplet_drop[0.2, 0.4, 0.1]_topK20__PseudoGold_positive_1_hard_negative_1_seed0_hybrid_loss/ckpt/epoch_model_14_0.8984615384615384.pt" "logs/Retrieval/ImpliHateVid/RAC_video/RAC_lr0.0001_Bz64_Ep30_cosSim_triplet_drop[0.2, 0.4, 0.1]_topK20__PseudoGold_positive_1_hard_negative_1_seed0_hybrid_loss/ckpt/epoch_model_14_0.8984615384615384.pt"
[2026-07-02 02:06:04] [disk_guard] [DRY-RUN]     would verify sha1(local) == sha1 at b2:junyi-data/RGCL_video/logs/Retrieval/ImpliHateVid/RAC_video/RAC_lr0.0001_Bz64_Ep30_cosSim_triplet_drop[0.2, 0.4, 0.1]_topK20__PseudoGold_positive_1_hard_negative_1_seed0_hybrid_loss/ckpt/epoch_model_14_0.8984615384615384.pt
[2026-07-02 02:06:04] [disk_guard] [DRY-RUN]     would rm "/data/jehc223/RGCL/logging/Retrieval/ImpliHateVid/RAC_video/RAC_lr0.0001_Bz64_Ep30_cosSim_triplet_drop[0.2, 0.4, 0.1]_topK20__PseudoGold_positive_1_hard_negative_1_seed0_hybrid_loss/ckpt/epoch_model_14_0.8984615384615384.pt"  (frees 19.03MB)  IF verify passes
[2026-07-02 02:06:04] [disk_guard] [DRY-RUN]   candidate: /data/jehc223/RGCL/logging/Retrieval/ImpliHateVid/RAC_video/RAC_lr0.0001_Bz64_Ep30_cosSim_triplet_drop[0.2, 0.4, 0.1]_topK20__PseudoGold_positive_1_hard_negative_1_seed0_hybrid_loss/ckpt/epoch_model_15_0.9046153846153846.pt
[2026-07-02 02:06:04] [disk_guard] [DRY-RUN]     mtime=2026-07-02 02:05:38 size=19.03MB
[2026-07-02 02:06:04] [disk_guard] [DRY-RUN]     -> b2 subpath: logs/Retrieval/ImpliHateVid/RAC_video/RAC_lr0.0001_Bz64_Ep30_cosSim_triplet_drop[0.2, 0.4, 0.1]_topK20__PseudoGold_positive_1_hard_negative_1_seed0_hybrid_loss/ckpt/epoch_model_15_0.9046153846153846.pt
[2026-07-02 02:06:04] [disk_guard] [DRY-RUN]     would run: b2_push.sh "/data/jehc223/RGCL/logging/Retrieval/ImpliHateVid/RAC_video/RAC_lr0.0001_Bz64_Ep30_cosSim_triplet_drop[0.2, 0.4, 0.1]_topK20__PseudoGold_positive_1_hard_negative_1_seed0_hybrid_loss/ckpt/epoch_model_15_0.9046153846153846.pt" "logs/Retrieval/ImpliHateVid/RAC_video/RAC_lr0.0001_Bz64_Ep30_cosSim_triplet_drop[0.2, 0.4, 0.1]_topK20__PseudoGold_positive_1_hard_negative_1_seed0_hybrid_loss/ckpt/epoch_model_15_0.9046153846153846.pt"
[2026-07-02 02:06:04] [disk_guard] [DRY-RUN]     would verify sha1(local) == sha1 at b2:junyi-data/RGCL_video/logs/Retrieval/ImpliHateVid/RAC_video/RAC_lr0.0001_Bz64_Ep30_cosSim_triplet_drop[0.2, 0.4, 0.1]_topK20__PseudoGold_positive_1_hard_negative_1_seed0_hybrid_loss/ckpt/epoch_model_15_0.9046153846153846.pt
[2026-07-02 02:06:04] [disk_guard] [DRY-RUN]     would rm "/data/jehc223/RGCL/logging/Retrieval/ImpliHateVid/RAC_video/RAC_lr0.0001_Bz64_Ep30_cosSim_triplet_drop[0.2, 0.4, 0.1]_topK20__PseudoGold_positive_1_hard_negative_1_seed0_hybrid_loss/ckpt/epoch_model_15_0.9046153846153846.pt"  (frees 19.03MB)  IF verify passes
[2026-07-02 02:06:04] [disk_guard] [DRY-RUN]   candidate: /data/jehc223/RGCL/logging/Retrieval/ImpliHateVid/RAC_video/RAC_lr0.0001_Bz64_Ep30_cosSim_triplet_drop[0.2, 0.4, 0.1]_topK20__PseudoGold_positive_1_hard_negative_1_seed0_hybrid_loss/ckpt/best_model_15_0.9046153846153846.pt
[2026-07-02 02:06:04] [disk_guard] [DRY-RUN]     mtime=2026-07-02 02:05:38 size=19.03MB
[2026-07-02 02:06:04] [disk_guard] [DRY-RUN]     -> b2 subpath: logs/Retrieval/ImpliHateVid/RAC_video/RAC_lr0.0001_Bz64_Ep30_cosSim_triplet_drop[0.2, 0.4, 0.1]_topK20__PseudoGold_positive_1_hard_negative_1_seed0_hybrid_loss/ckpt/best_model_15_0.9046153846153846.pt
[2026-07-02 02:06:04] [disk_guard] [DRY-RUN]     would run: b2_push.sh "/data/jehc223/RGCL/logging/Retrieval/ImpliHateVid/RAC_video/RAC_lr0.0001_Bz64_Ep30_cosSim_triplet_drop[0.2, 0.4, 0.1]_topK20__PseudoGold_positive_1_hard_negative_1_seed0_hybrid_loss/ckpt/best_model_15_0.9046153846153846.pt" "logs/Retrieval/ImpliHateVid/RAC_video/RAC_lr0.0001_Bz64_Ep30_cosSim_triplet_drop[0.2, 0.4, 0.1]_topK20__PseudoGold_positive_1_hard_negative_1_seed0_hybrid_loss/ckpt/best_model_15_0.9046153846153846.pt"
[2026-07-02 02:06:04] [disk_guard] [DRY-RUN]     would verify sha1(local) == sha1 at b2:junyi-data/RGCL_video/logs/Retrieval/ImpliHateVid/RAC_video/RAC_lr0.0001_Bz64_Ep30_cosSim_triplet_drop[0.2, 0.4, 0.1]_topK20__PseudoGold_positive_1_hard_negative_1_seed0_hybrid_loss/ckpt/best_model_15_0.9046153846153846.pt
[2026-07-02 02:06:04] [disk_guard] [DRY-RUN]     would rm "/data/jehc223/RGCL/logging/Retrieval/ImpliHateVid/RAC_video/RAC_lr0.0001_Bz64_Ep30_cosSim_triplet_drop[0.2, 0.4, 0.1]_topK20__PseudoGold_positive_1_hard_negative_1_seed0_hybrid_loss/ckpt/best_model_15_0.9046153846153846.pt"  (frees 19.03MB)  IF verify passes
[2026-07-02 02:06:04] [disk_guard] [DRY-RUN]   candidate: /data/jehc223/RGCL/logging/Retrieval/ImpliHateVid/RAC_video/RAC_lr0.0001_Bz64_Ep30_cosSim_triplet_drop[0.2, 0.4, 0.1]_topK20__PseudoGold_positive_1_hard_negative_1_seed0_hybrid_loss/ckpt/epoch_model_16_0.9076923076923077.pt
[2026-07-02 02:06:04] [disk_guard] [DRY-RUN]     mtime=2026-07-02 02:05:40 size=19.03MB
[2026-07-02 02:06:04] [disk_guard] [DRY-RUN]     -> b2 subpath: logs/Retrieval/ImpliHateVid/RAC_video/RAC_lr0.0001_Bz64_Ep30_cosSim_triplet_drop[0.2, 0.4, 0.1]_topK20__PseudoGold_positive_1_hard_negative_1_seed0_hybrid_loss/ckpt/epoch_model_16_0.9076923076923077.pt
[2026-07-02 02:06:04] [disk_guard] [DRY-RUN]     would run: b2_push.sh "/data/jehc223/RGCL/logging/Retrieval/ImpliHateVid/RAC_video/RAC_lr0.0001_Bz64_Ep30_cosSim_triplet_drop[0.2, 0.4, 0.1]_topK20__PseudoGold_positive_1_hard_negative_1_seed0_hybrid_loss/ckpt/epoch_model_16_0.9076923076923077.pt" "logs/Retrieval/ImpliHateVid/RAC_video/RAC_lr0.0001_Bz64_Ep30_cosSim_triplet_drop[0.2, 0.4, 0.1]_topK20__PseudoGold_positive_1_hard_negative_1_seed0_hybrid_loss/ckpt/epoch_model_16_0.9076923076923077.pt"
[2026-07-02 02:06:04] [disk_guard] [DRY-RUN]     would verify sha1(local) == sha1 at b2:junyi-data/RGCL_video/logs/Retrieval/ImpliHateVid/RAC_video/RAC_lr0.0001_Bz64_Ep30_cosSim_triplet_drop[0.2, 0.4, 0.1]_topK20__PseudoGold_positive_1_hard_negative_1_seed0_hybrid_loss/ckpt/epoch_model_16_0.9076923076923077.pt
[2026-07-02 02:06:04] [disk_guard] [DRY-RUN]     would rm "/data/jehc223/RGCL/logging/Retrieval/ImpliHateVid/RAC_video/RAC_lr0.0001_Bz64_Ep30_cosSim_triplet_drop[0.2, 0.4, 0.1]_topK20__PseudoGold_positive_1_hard_negative_1_seed0_hybrid_loss/ckpt/epoch_model_16_0.9076923076923077.pt"  (frees 19.03MB)  IF verify passes
[2026-07-02 02:06:04] [disk_guard] [DRY-RUN]   candidate: /data/jehc223/RGCL/logging/Retrieval/ImpliHateVid/RAC_video/RAC_lr0.0001_Bz64_Ep30_cosSim_triplet_drop[0.2, 0.4, 0.1]_topK20__PseudoGold_positive_1_hard_negative_1_seed0_hybrid_loss/ckpt/best_model_16_0.9076923076923077.pt
[2026-07-02 02:06:04] [disk_guard] [DRY-RUN]     mtime=2026-07-02 02:05:40 size=19.03MB
[2026-07-02 02:06:04] [disk_guard] [DRY-RUN]     -> b2 subpath: logs/Retrieval/ImpliHateVid/RAC_video/RAC_lr0.0001_Bz64_Ep30_cosSim_triplet_drop[0.2, 0.4, 0.1]_topK20__PseudoGold_positive_1_hard_negative_1_seed0_hybrid_loss/ckpt/best_model_16_0.9076923076923077.pt
[2026-07-02 02:06:04] [disk_guard] [DRY-RUN]     would run: b2_push.sh "/data/jehc223/RGCL/logging/Retrieval/ImpliHateVid/RAC_video/RAC_lr0.0001_Bz64_Ep30_cosSim_triplet_drop[0.2, 0.4, 0.1]_topK20__PseudoGold_positive_1_hard_negative_1_seed0_hybrid_loss/ckpt/best_model_16_0.9076923076923077.pt" "logs/Retrieval/ImpliHateVid/RAC_video/RAC_lr0.0001_Bz64_Ep30_cosSim_triplet_drop[0.2, 0.4, 0.1]_topK20__PseudoGold_positive_1_hard_negative_1_seed0_hybrid_loss/ckpt/best_model_16_0.9076923076923077.pt"
[2026-07-02 02:06:04] [disk_guard] [DRY-RUN]     would verify sha1(local) == sha1 at b2:junyi-data/RGCL_video/logs/Retrieval/ImpliHateVid/RAC_video/RAC_lr0.0001_Bz64_Ep30_cosSim_triplet_drop[0.2, 0.4, 0.1]_topK20__PseudoGold_positive_1_hard_negative_1_seed0_hybrid_loss/ckpt/best_model_16_0.9076923076923077.pt
[2026-07-02 02:06:04] [disk_guard] [DRY-RUN]     would rm "/data/jehc223/RGCL/logging/Retrieval/ImpliHateVid/RAC_video/RAC_lr0.0001_Bz64_Ep30_cosSim_triplet_drop[0.2, 0.4, 0.1]_topK20__PseudoGold_positive_1_hard_negative_1_seed0_hybrid_loss/ckpt/best_model_16_0.9076923076923077.pt"  (frees 19.03MB)  IF verify passes
[2026-07-02 02:06:04] [disk_guard] [DRY-RUN]   candidate: /data/jehc223/RGCL/logging/Retrieval/ImpliHateVid/RAC_video/RAC_lr0.0001_Bz64_Ep30_cosSim_triplet_drop[0.2, 0.4, 0.1]_topK20__PseudoGold_positive_1_hard_negative_1_seed0_hybrid_loss/ckpt/epoch_model_17_0.9107692307692308.pt
[2026-07-02 02:06:04] [disk_guard] [DRY-RUN]     mtime=2026-07-02 02:05:42 size=19.03MB
[2026-07-02 02:06:04] [disk_guard] [DRY-RUN]     -> b2 subpath: logs/Retrieval/ImpliHateVid/RAC_video/RAC_lr0.0001_Bz64_Ep30_cosSim_triplet_drop[0.2, 0.4, 0.1]_topK20__PseudoGold_positive_1_hard_negative_1_seed0_hybrid_loss/ckpt/epoch_model_17_0.9107692307692308.pt
[2026-07-02 02:06:04] [disk_guard] [DRY-RUN]     would run: b2_push.sh "/data/jehc223/RGCL/logging/Retrieval/ImpliHateVid/RAC_video/RAC_lr0.0001_Bz64_Ep30_cosSim_triplet_drop[0.2, 0.4, 0.1]_topK20__PseudoGold_positive_1_hard_negative_1_seed0_hybrid_loss/ckpt/epoch_model_17_0.9107692307692308.pt" "logs/Retrieval/ImpliHateVid/RAC_video/RAC_lr0.0001_Bz64_Ep30_cosSim_triplet_drop[0.2, 0.4, 0.1]_topK20__PseudoGold_positive_1_hard_negative_1_seed0_hybrid_loss/ckpt/epoch_model_17_0.9107692307692308.pt"
[2026-07-02 02:06:04] [disk_guard] [DRY-RUN]     would verify sha1(local) == sha1 at b2:junyi-data/RGCL_video/logs/Retrieval/ImpliHateVid/RAC_video/RAC_lr0.0001_Bz64_Ep30_cosSim_triplet_drop[0.2, 0.4, 0.1]_topK20__PseudoGold_positive_1_hard_negative_1_seed0_hybrid_loss/ckpt/epoch_model_17_0.9107692307692308.pt
[2026-07-02 02:06:04] [disk_guard] [DRY-RUN]     would rm "/data/jehc223/RGCL/logging/Retrieval/ImpliHateVid/RAC_video/RAC_lr0.0001_Bz64_Ep30_cosSim_triplet_drop[0.2, 0.4, 0.1]_topK20__PseudoGold_positive_1_hard_negative_1_seed0_hybrid_loss/ckpt/epoch_model_17_0.9107692307692308.pt"  (frees 19.03MB)  IF verify passes
[2026-07-02 02:06:04] [disk_guard] [DRY-RUN]   candidate: /data/jehc223/RGCL/logging/Retrieval/ImpliHateVid/RAC_video/RAC_lr0.0001_Bz64_Ep30_cosSim_triplet_drop[0.2, 0.4, 0.1]_topK20__PseudoGold_positive_1_hard_negative_1_seed0_hybrid_loss/ckpt/best_model_17_0.9107692307692308.pt
[2026-07-02 02:06:04] [disk_guard] [DRY-RUN]     mtime=2026-07-02 02:05:42 size=19.03MB
[2026-07-02 02:06:04] [disk_guard] [DRY-RUN]     -> b2 subpath: logs/Retrieval/ImpliHateVid/RAC_video/RAC_lr0.0001_Bz64_Ep30_cosSim_triplet_drop[0.2, 0.4, 0.1]_topK20__PseudoGold_positive_1_hard_negative_1_seed0_hybrid_loss/ckpt/best_model_17_0.9107692307692308.pt
[2026-07-02 02:06:04] [disk_guard] [DRY-RUN]     would run: b2_push.sh "/data/jehc223/RGCL/logging/Retrieval/ImpliHateVid/RAC_video/RAC_lr0.0001_Bz64_Ep30_cosSim_triplet_drop[0.2, 0.4, 0.1]_topK20__PseudoGold_positive_1_hard_negative_1_seed0_hybrid_loss/ckpt/best_model_17_0.9107692307692308.pt" "logs/Retrieval/ImpliHateVid/RAC_video/RAC_lr0.0001_Bz64_Ep30_cosSim_triplet_drop[0.2, 0.4, 0.1]_topK20__PseudoGold_positive_1_hard_negative_1_seed0_hybrid_loss/ckpt/best_model_17_0.9107692307692308.pt"
[2026-07-02 02:06:04] [disk_guard] [DRY-RUN]     would verify sha1(local) == sha1 at b2:junyi-data/RGCL_video/logs/Retrieval/ImpliHateVid/RAC_video/RAC_lr0.0001_Bz64_Ep30_cosSim_triplet_drop[0.2, 0.4, 0.1]_topK20__PseudoGold_positive_1_hard_negative_1_seed0_hybrid_loss/ckpt/best_model_17_0.9107692307692308.pt
[2026-07-02 02:06:04] [disk_guard] [DRY-RUN]     would rm "/data/jehc223/RGCL/logging/Retrieval/ImpliHateVid/RAC_video/RAC_lr0.0001_Bz64_Ep30_cosSim_triplet_drop[0.2, 0.4, 0.1]_topK20__PseudoGold_positive_1_hard_negative_1_seed0_hybrid_loss/ckpt/best_model_17_0.9107692307692308.pt"  (frees 19.03MB)  IF verify passes
[2026-07-02 02:06:04] [disk_guard] [DRY-RUN]   candidate: /data/jehc223/RGCL/logging/Retrieval/ImpliHateVid/RAC_video/RAC_lr0.0001_Bz64_Ep30_cosSim_triplet_drop[0.2, 0.4, 0.1]_topK20__PseudoGold_positive_1_hard_negative_1_seed0_hybrid_loss/ckpt/epoch_model_18_0.9138461538461539.pt
[2026-07-02 02:06:04] [disk_guard] [DRY-RUN]     mtime=2026-07-02 02:05:44 size=19.03MB
[2026-07-02 02:06:04] [disk_guard] [DRY-RUN]     -> b2 subpath: logs/Retrieval/ImpliHateVid/RAC_video/RAC_lr0.0001_Bz64_Ep30_cosSim_triplet_drop[0.2, 0.4, 0.1]_topK20__PseudoGold_positive_1_hard_negative_1_seed0_hybrid_loss/ckpt/epoch_model_18_0.9138461538461539.pt
[2026-07-02 02:06:04] [disk_guard] [DRY-RUN]     would run: b2_push.sh "/data/jehc223/RGCL/logging/Retrieval/ImpliHateVid/RAC_video/RAC_lr0.0001_Bz64_Ep30_cosSim_triplet_drop[0.2, 0.4, 0.1]_topK20__PseudoGold_positive_1_hard_negative_1_seed0_hybrid_loss/ckpt/epoch_model_18_0.9138461538461539.pt" "logs/Retrieval/ImpliHateVid/RAC_video/RAC_lr0.0001_Bz64_Ep30_cosSim_triplet_drop[0.2, 0.4, 0.1]_topK20__PseudoGold_positive_1_hard_negative_1_seed0_hybrid_loss/ckpt/epoch_model_18_0.9138461538461539.pt"
[2026-07-02 02:06:04] [disk_guard] [DRY-RUN]     would verify sha1(local) == sha1 at b2:junyi-data/RGCL_video/logs/Retrieval/ImpliHateVid/RAC_video/RAC_lr0.0001_Bz64_Ep30_cosSim_triplet_drop[0.2, 0.4, 0.1]_topK20__PseudoGold_positive_1_hard_negative_1_seed0_hybrid_loss/ckpt/epoch_model_18_0.9138461538461539.pt
[2026-07-02 02:06:04] [disk_guard] [DRY-RUN]     would rm "/data/jehc223/RGCL/logging/Retrieval/ImpliHateVid/RAC_video/RAC_lr0.0001_Bz64_Ep30_cosSim_triplet_drop[0.2, 0.4, 0.1]_topK20__PseudoGold_positive_1_hard_negative_1_seed0_hybrid_loss/ckpt/epoch_model_18_0.9138461538461539.pt"  (frees 19.03MB)  IF verify passes
[2026-07-02 02:06:04] [disk_guard] [DRY-RUN]   candidate: /data/jehc223/RGCL/logging/Retrieval/ImpliHateVid/RAC_video/RAC_lr0.0001_Bz64_Ep30_cosSim_triplet_drop[0.2, 0.4, 0.1]_topK20__PseudoGold_positive_1_hard_negative_1_seed0_hybrid_loss/ckpt/best_model_18_0.9138461538461539.pt
[2026-07-02 02:06:04] [disk_guard] [DRY-RUN]     mtime=2026-07-02 02:05:44 size=19.03MB
[2026-07-02 02:06:04] [disk_guard] [DRY-RUN]     -> b2 subpath: logs/Retrieval/ImpliHateVid/RAC_video/RAC_lr0.0001_Bz64_Ep30_cosSim_triplet_drop[0.2, 0.4, 0.1]_topK20__PseudoGold_positive_1_hard_negative_1_seed0_hybrid_loss/ckpt/best_model_18_0.9138461538461539.pt
[2026-07-02 02:06:04] [disk_guard] [DRY-RUN]     would run: b2_push.sh "/data/jehc223/RGCL/logging/Retrieval/ImpliHateVid/RAC_video/RAC_lr0.0001_Bz64_Ep30_cosSim_triplet_drop[0.2, 0.4, 0.1]_topK20__PseudoGold_positive_1_hard_negative_1_seed0_hybrid_loss/ckpt/best_model_18_0.9138461538461539.pt" "logs/Retrieval/ImpliHateVid/RAC_video/RAC_lr0.0001_Bz64_Ep30_cosSim_triplet_drop[0.2, 0.4, 0.1]_topK20__PseudoGold_positive_1_hard_negative_1_seed0_hybrid_loss/ckpt/best_model_18_0.9138461538461539.pt"
[2026-07-02 02:06:04] [disk_guard] [DRY-RUN]     would verify sha1(local) == sha1 at b2:junyi-data/RGCL_video/logs/Retrieval/ImpliHateVid/RAC_video/RAC_lr0.0001_Bz64_Ep30_cosSim_triplet_drop[0.2, 0.4, 0.1]_topK20__PseudoGold_positive_1_hard_negative_1_seed0_hybrid_loss/ckpt/best_model_18_0.9138461538461539.pt
[2026-07-02 02:06:04] [disk_guard] [DRY-RUN]     would rm "/data/jehc223/RGCL/logging/Retrieval/ImpliHateVid/RAC_video/RAC_lr0.0001_Bz64_Ep30_cosSim_triplet_drop[0.2, 0.4, 0.1]_topK20__PseudoGold_positive_1_hard_negative_1_seed0_hybrid_loss/ckpt/best_model_18_0.9138461538461539.pt"  (frees 19.03MB)  IF verify passes
[2026-07-02 02:06:04] [disk_guard] [DRY-RUN]   candidate: /data/jehc223/RGCL/logging/Retrieval/ImpliHateVid/RAC_video/RAC_lr0.0001_Bz64_Ep30_cosSim_triplet_drop[0.2, 0.4, 0.1]_topK20__PseudoGold_positive_1_hard_negative_1_seed0_hybrid_loss/ckpt/epoch_model_19_0.9107692307692308.pt
[2026-07-02 02:06:04] [disk_guard] [DRY-RUN]     mtime=2026-07-02 02:05:46 size=19.03MB
[2026-07-02 02:06:04] [disk_guard] [DRY-RUN]     -> b2 subpath: logs/Retrieval/ImpliHateVid/RAC_video/RAC_lr0.0001_Bz64_Ep30_cosSim_triplet_drop[0.2, 0.4, 0.1]_topK20__PseudoGold_positive_1_hard_negative_1_seed0_hybrid_loss/ckpt/epoch_model_19_0.9107692307692308.pt
[2026-07-02 02:06:04] [disk_guard] [DRY-RUN]     would run: b2_push.sh "/data/jehc223/RGCL/logging/Retrieval/ImpliHateVid/RAC_video/RAC_lr0.0001_Bz64_Ep30_cosSim_triplet_drop[0.2, 0.4, 0.1]_topK20__PseudoGold_positive_1_hard_negative_1_seed0_hybrid_loss/ckpt/epoch_model_19_0.9107692307692308.pt" "logs/Retrieval/ImpliHateVid/RAC_video/RAC_lr0.0001_Bz64_Ep30_cosSim_triplet_drop[0.2, 0.4, 0.1]_topK20__PseudoGold_positive_1_hard_negative_1_seed0_hybrid_loss/ckpt/epoch_model_19_0.9107692307692308.pt"
[2026-07-02 02:06:04] [disk_guard] [DRY-RUN]     would verify sha1(local) == sha1 at b2:junyi-data/RGCL_video/logs/Retrieval/ImpliHateVid/RAC_video/RAC_lr0.0001_Bz64_Ep30_cosSim_triplet_drop[0.2, 0.4, 0.1]_topK20__PseudoGold_positive_1_hard_negative_1_seed0_hybrid_loss/ckpt/epoch_model_19_0.9107692307692308.pt
[2026-07-02 02:06:04] [disk_guard] [DRY-RUN]     would rm "/data/jehc223/RGCL/logging/Retrieval/ImpliHateVid/RAC_video/RAC_lr0.0001_Bz64_Ep30_cosSim_triplet_drop[0.2, 0.4, 0.1]_topK20__PseudoGold_positive_1_hard_negative_1_seed0_hybrid_loss/ckpt/epoch_model_19_0.9107692307692308.pt"  (frees 19.03MB)  IF verify passes
[2026-07-02 02:06:04] [disk_guard] [DRY-RUN]   candidate: /data/jehc223/RGCL/logging/Retrieval/ImpliHateVid/RAC_video/RAC_lr0.0001_Bz64_Ep30_cosSim_triplet_drop[0.2, 0.4, 0.1]_topK20__PseudoGold_positive_1_hard_negative_1_seed0_hybrid_loss/ckpt/epoch_model_20_0.9076923076923077.pt
[2026-07-02 02:06:05] [disk_guard] [DRY-RUN]     mtime=2026-07-02 02:05:47 size=19.03MB
[2026-07-02 02:06:05] [disk_guard] [DRY-RUN]     -> b2 subpath: logs/Retrieval/ImpliHateVid/RAC_video/RAC_lr0.0001_Bz64_Ep30_cosSim_triplet_drop[0.2, 0.4, 0.1]_topK20__PseudoGold_positive_1_hard_negative_1_seed0_hybrid_loss/ckpt/epoch_model_20_0.9076923076923077.pt
[2026-07-02 02:06:05] [disk_guard] [DRY-RUN]     would run: b2_push.sh "/data/jehc223/RGCL/logging/Retrieval/ImpliHateVid/RAC_video/RAC_lr0.0001_Bz64_Ep30_cosSim_triplet_drop[0.2, 0.4, 0.1]_topK20__PseudoGold_positive_1_hard_negative_1_seed0_hybrid_loss/ckpt/epoch_model_20_0.9076923076923077.pt" "logs/Retrieval/ImpliHateVid/RAC_video/RAC_lr0.0001_Bz64_Ep30_cosSim_triplet_drop[0.2, 0.4, 0.1]_topK20__PseudoGold_positive_1_hard_negative_1_seed0_hybrid_loss/ckpt/epoch_model_20_0.9076923076923077.pt"
[2026-07-02 02:06:05] [disk_guard] [DRY-RUN]     would verify sha1(local) == sha1 at b2:junyi-data/RGCL_video/logs/Retrieval/ImpliHateVid/RAC_video/RAC_lr0.0001_Bz64_Ep30_cosSim_triplet_drop[0.2, 0.4, 0.1]_topK20__PseudoGold_positive_1_hard_negative_1_seed0_hybrid_loss/ckpt/epoch_model_20_0.9076923076923077.pt
[2026-07-02 02:06:05] [disk_guard] [DRY-RUN]     would rm "/data/jehc223/RGCL/logging/Retrieval/ImpliHateVid/RAC_video/RAC_lr0.0001_Bz64_Ep30_cosSim_triplet_drop[0.2, 0.4, 0.1]_topK20__PseudoGold_positive_1_hard_negative_1_seed0_hybrid_loss/ckpt/epoch_model_20_0.9076923076923077.pt"  (frees 19.03MB)  IF verify passes
[2026-07-02 02:06:05] [disk_guard] [DRY-RUN]   candidate: /data/jehc223/RGCL/logging/Retrieval/ImpliHateVid/RAC_video/RAC_lr0.0001_Bz64_Ep30_cosSim_triplet_drop[0.2, 0.4, 0.1]_topK20__PseudoGold_positive_1_hard_negative_1_seed0_hybrid_loss/ckpt/epoch_model_21_0.9076923076923077.pt
[2026-07-02 02:06:05] [disk_guard] [DRY-RUN]     mtime=2026-07-02 02:05:49 size=19.03MB
[2026-07-02 02:06:05] [disk_guard] [DRY-RUN]     -> b2 subpath: logs/Retrieval/ImpliHateVid/RAC_video/RAC_lr0.0001_Bz64_Ep30_cosSim_triplet_drop[0.2, 0.4, 0.1]_topK20__PseudoGold_positive_1_hard_negative_1_seed0_hybrid_loss/ckpt/epoch_model_21_0.9076923076923077.pt
[2026-07-02 02:06:05] [disk_guard] [DRY-RUN]     would run: b2_push.sh "/data/jehc223/RGCL/logging/Retrieval/ImpliHateVid/RAC_video/RAC_lr0.0001_Bz64_Ep30_cosSim_triplet_drop[0.2, 0.4, 0.1]_topK20__PseudoGold_positive_1_hard_negative_1_seed0_hybrid_loss/ckpt/epoch_model_21_0.9076923076923077.pt" "logs/Retrieval/ImpliHateVid/RAC_video/RAC_lr0.0001_Bz64_Ep30_cosSim_triplet_drop[0.2, 0.4, 0.1]_topK20__PseudoGold_positive_1_hard_negative_1_seed0_hybrid_loss/ckpt/epoch_model_21_0.9076923076923077.pt"
[2026-07-02 02:06:05] [disk_guard] [DRY-RUN]     would verify sha1(local) == sha1 at b2:junyi-data/RGCL_video/logs/Retrieval/ImpliHateVid/RAC_video/RAC_lr0.0001_Bz64_Ep30_cosSim_triplet_drop[0.2, 0.4, 0.1]_topK20__PseudoGold_positive_1_hard_negative_1_seed0_hybrid_loss/ckpt/epoch_model_21_0.9076923076923077.pt
[2026-07-02 02:06:05] [disk_guard] [DRY-RUN]     would rm "/data/jehc223/RGCL/logging/Retrieval/ImpliHateVid/RAC_video/RAC_lr0.0001_Bz64_Ep30_cosSim_triplet_drop[0.2, 0.4, 0.1]_topK20__PseudoGold_positive_1_hard_negative_1_seed0_hybrid_loss/ckpt/epoch_model_21_0.9076923076923077.pt"  (frees 19.03MB)  IF verify passes
[2026-07-02 02:06:05] [disk_guard] [DRY-RUN]   candidate: /data/jehc223/RGCL/logging/Retrieval/ImpliHateVid/RAC_video/RAC_lr0.0001_Bz64_Ep30_cosSim_triplet_drop[0.2, 0.4, 0.1]_topK20__PseudoGold_positive_1_hard_negative_1_seed0_hybrid_loss/ckpt/epoch_model_22_0.9076923076923077.pt
[2026-07-02 02:06:05] [disk_guard] [DRY-RUN]     mtime=2026-07-02 02:05:51 size=19.03MB
[2026-07-02 02:06:05] [disk_guard] [DRY-RUN]     -> b2 subpath: logs/Retrieval/ImpliHateVid/RAC_video/RAC_lr0.0001_Bz64_Ep30_cosSim_triplet_drop[0.2, 0.4, 0.1]_topK20__PseudoGold_positive_1_hard_negative_1_seed0_hybrid_loss/ckpt/epoch_model_22_0.9076923076923077.pt
[2026-07-02 02:06:05] [disk_guard] [DRY-RUN]     would run: b2_push.sh "/data/jehc223/RGCL/logging/Retrieval/ImpliHateVid/RAC_video/RAC_lr0.0001_Bz64_Ep30_cosSim_triplet_drop[0.2, 0.4, 0.1]_topK20__PseudoGold_positive_1_hard_negative_1_seed0_hybrid_loss/ckpt/epoch_model_22_0.9076923076923077.pt" "logs/Retrieval/ImpliHateVid/RAC_video/RAC_lr0.0001_Bz64_Ep30_cosSim_triplet_drop[0.2, 0.4, 0.1]_topK20__PseudoGold_positive_1_hard_negative_1_seed0_hybrid_loss/ckpt/epoch_model_22_0.9076923076923077.pt"
[2026-07-02 02:06:05] [disk_guard] [DRY-RUN]     would verify sha1(local) == sha1 at b2:junyi-data/RGCL_video/logs/Retrieval/ImpliHateVid/RAC_video/RAC_lr0.0001_Bz64_Ep30_cosSim_triplet_drop[0.2, 0.4, 0.1]_topK20__PseudoGold_positive_1_hard_negative_1_seed0_hybrid_loss/ckpt/epoch_model_22_0.9076923076923077.pt
[2026-07-02 02:06:05] [disk_guard] [DRY-RUN]     would rm "/data/jehc223/RGCL/logging/Retrieval/ImpliHateVid/RAC_video/RAC_lr0.0001_Bz64_Ep30_cosSim_triplet_drop[0.2, 0.4, 0.1]_topK20__PseudoGold_positive_1_hard_negative_1_seed0_hybrid_loss/ckpt/epoch_model_22_0.9076923076923077.pt"  (frees 19.03MB)  IF verify passes
[2026-07-02 02:06:05] [disk_guard] [DRY-RUN]   candidate: /data/jehc223/RGCL/logging/Retrieval/ImpliHateVid/RAC_video/RAC_lr0.0001_Bz64_Ep30_cosSim_triplet_drop[0.2, 0.4, 0.1]_topK20__PseudoGold_positive_1_hard_negative_1_seed0_hybrid_loss/ckpt/epoch_model_23_0.9076923076923077.pt
[2026-07-02 02:06:05] [disk_guard] [DRY-RUN]     mtime=2026-07-02 02:05:53 size=19.03MB
[2026-07-02 02:06:05] [disk_guard] [DRY-RUN]     -> b2 subpath: logs/Retrieval/ImpliHateVid/RAC_video/RAC_lr0.0001_Bz64_Ep30_cosSim_triplet_drop[0.2, 0.4, 0.1]_topK20__PseudoGold_positive_1_hard_negative_1_seed0_hybrid_loss/ckpt/epoch_model_23_0.9076923076923077.pt
[2026-07-02 02:06:05] [disk_guard] [DRY-RUN]     would run: b2_push.sh "/data/jehc223/RGCL/logging/Retrieval/ImpliHateVid/RAC_video/RAC_lr0.0001_Bz64_Ep30_cosSim_triplet_drop[0.2, 0.4, 0.1]_topK20__PseudoGold_positive_1_hard_negative_1_seed0_hybrid_loss/ckpt/epoch_model_23_0.9076923076923077.pt" "logs/Retrieval/ImpliHateVid/RAC_video/RAC_lr0.0001_Bz64_Ep30_cosSim_triplet_drop[0.2, 0.4, 0.1]_topK20__PseudoGold_positive_1_hard_negative_1_seed0_hybrid_loss/ckpt/epoch_model_23_0.9076923076923077.pt"
[2026-07-02 02:06:05] [disk_guard] [DRY-RUN]     would verify sha1(local) == sha1 at b2:junyi-data/RGCL_video/logs/Retrieval/ImpliHateVid/RAC_video/RAC_lr0.0001_Bz64_Ep30_cosSim_triplet_drop[0.2, 0.4, 0.1]_topK20__PseudoGold_positive_1_hard_negative_1_seed0_hybrid_loss/ckpt/epoch_model_23_0.9076923076923077.pt
[2026-07-02 02:06:05] [disk_guard] [DRY-RUN]     would rm "/data/jehc223/RGCL/logging/Retrieval/ImpliHateVid/RAC_video/RAC_lr0.0001_Bz64_Ep30_cosSim_triplet_drop[0.2, 0.4, 0.1]_topK20__PseudoGold_positive_1_hard_negative_1_seed0_hybrid_loss/ckpt/epoch_model_23_0.9076923076923077.pt"  (frees 19.03MB)  IF verify passes
[2026-07-02 02:06:05] [disk_guard] [DRY-RUN]   candidate: /data/jehc223/RGCL/logging/Retrieval/ImpliHateVid/RAC_video/RAC_lr0.0001_Bz64_Ep30_cosSim_triplet_drop[0.2, 0.4, 0.1]_topK20__PseudoGold_positive_1_hard_negative_1_seed0_hybrid_loss/ckpt/epoch_model_24_0.9076923076923077.pt
[2026-07-02 02:06:05] [disk_guard] [DRY-RUN]     mtime=2026-07-02 02:05:55 size=19.03MB
[2026-07-02 02:06:05] [disk_guard] [DRY-RUN]     -> b2 subpath: logs/Retrieval/ImpliHateVid/RAC_video/RAC_lr0.0001_Bz64_Ep30_cosSim_triplet_drop[0.2, 0.4, 0.1]_topK20__PseudoGold_positive_1_hard_negative_1_seed0_hybrid_loss/ckpt/epoch_model_24_0.9076923076923077.pt
[2026-07-02 02:06:05] [disk_guard] [DRY-RUN]     would run: b2_push.sh "/data/jehc223/RGCL/logging/Retrieval/ImpliHateVid/RAC_video/RAC_lr0.0001_Bz64_Ep30_cosSim_triplet_drop[0.2, 0.4, 0.1]_topK20__PseudoGold_positive_1_hard_negative_1_seed0_hybrid_loss/ckpt/epoch_model_24_0.9076923076923077.pt" "logs/Retrieval/ImpliHateVid/RAC_video/RAC_lr0.0001_Bz64_Ep30_cosSim_triplet_drop[0.2, 0.4, 0.1]_topK20__PseudoGold_positive_1_hard_negative_1_seed0_hybrid_loss/ckpt/epoch_model_24_0.9076923076923077.pt"
[2026-07-02 02:06:05] [disk_guard] [DRY-RUN]     would verify sha1(local) == sha1 at b2:junyi-data/RGCL_video/logs/Retrieval/ImpliHateVid/RAC_video/RAC_lr0.0001_Bz64_Ep30_cosSim_triplet_drop[0.2, 0.4, 0.1]_topK20__PseudoGold_positive_1_hard_negative_1_seed0_hybrid_loss/ckpt/epoch_model_24_0.9076923076923077.pt
[2026-07-02 02:06:05] [disk_guard] [DRY-RUN]     would rm "/data/jehc223/RGCL/logging/Retrieval/ImpliHateVid/RAC_video/RAC_lr0.0001_Bz64_Ep30_cosSim_triplet_drop[0.2, 0.4, 0.1]_topK20__PseudoGold_positive_1_hard_negative_1_seed0_hybrid_loss/ckpt/epoch_model_24_0.9076923076923077.pt"  (frees 19.03MB)  IF verify passes
[2026-07-02 02:06:05] [disk_guard] [DRY-RUN]   candidate: /data/jehc223/RGCL/logging/Retrieval/ImpliHateVid/RAC_video/RAC_lr0.0001_Bz64_Ep30_cosSim_triplet_drop[0.2, 0.4, 0.1]_topK20__PseudoGold_positive_1_hard_negative_1_seed0_hybrid_loss/ckpt/epoch_model_25_0.9076923076923077.pt
[2026-07-02 02:06:05] [disk_guard] [DRY-RUN]     mtime=2026-07-02 02:05:56 size=19.03MB
[2026-07-02 02:06:05] [disk_guard] [DRY-RUN]     -> b2 subpath: logs/Retrieval/ImpliHateVid/RAC_video/RAC_lr0.0001_Bz64_Ep30_cosSim_triplet_drop[0.2, 0.4, 0.1]_topK20__PseudoGold_positive_1_hard_negative_1_seed0_hybrid_loss/ckpt/epoch_model_25_0.9076923076923077.pt
[2026-07-02 02:06:05] [disk_guard] [DRY-RUN]     would run: b2_push.sh "/data/jehc223/RGCL/logging/Retrieval/ImpliHateVid/RAC_video/RAC_lr0.0001_Bz64_Ep30_cosSim_triplet_drop[0.2, 0.4, 0.1]_topK20__PseudoGold_positive_1_hard_negative_1_seed0_hybrid_loss/ckpt/epoch_model_25_0.9076923076923077.pt" "logs/Retrieval/ImpliHateVid/RAC_video/RAC_lr0.0001_Bz64_Ep30_cosSim_triplet_drop[0.2, 0.4, 0.1]_topK20__PseudoGold_positive_1_hard_negative_1_seed0_hybrid_loss/ckpt/epoch_model_25_0.9076923076923077.pt"
[2026-07-02 02:06:05] [disk_guard] [DRY-RUN]     would verify sha1(local) == sha1 at b2:junyi-data/RGCL_video/logs/Retrieval/ImpliHateVid/RAC_video/RAC_lr0.0001_Bz64_Ep30_cosSim_triplet_drop[0.2, 0.4, 0.1]_topK20__PseudoGold_positive_1_hard_negative_1_seed0_hybrid_loss/ckpt/epoch_model_25_0.9076923076923077.pt
[2026-07-02 02:06:05] [disk_guard] [DRY-RUN]     would rm "/data/jehc223/RGCL/logging/Retrieval/ImpliHateVid/RAC_video/RAC_lr0.0001_Bz64_Ep30_cosSim_triplet_drop[0.2, 0.4, 0.1]_topK20__PseudoGold_positive_1_hard_negative_1_seed0_hybrid_loss/ckpt/epoch_model_25_0.9076923076923077.pt"  (frees 19.03MB)  IF verify passes
[2026-07-02 02:06:05] [disk_guard] [DRY-RUN]   candidate: /data/jehc223/RGCL/logging/Retrieval/ImpliHateVid/RAC_video/RAC_lr0.0001_Bz64_Ep30_cosSim_triplet_drop[0.2, 0.4, 0.1]_topK20__PseudoGold_positive_1_hard_negative_1_seed0_hybrid_loss/ckpt/epoch_model_26_0.9076923076923077.pt
[2026-07-02 02:06:05] [disk_guard] [DRY-RUN]     mtime=2026-07-02 02:05:58 size=19.03MB
[2026-07-02 02:06:05] [disk_guard] [DRY-RUN]     -> b2 subpath: logs/Retrieval/ImpliHateVid/RAC_video/RAC_lr0.0001_Bz64_Ep30_cosSim_triplet_drop[0.2, 0.4, 0.1]_topK20__PseudoGold_positive_1_hard_negative_1_seed0_hybrid_loss/ckpt/epoch_model_26_0.9076923076923077.pt
[2026-07-02 02:06:05] [disk_guard] [DRY-RUN]     would run: b2_push.sh "/data/jehc223/RGCL/logging/Retrieval/ImpliHateVid/RAC_video/RAC_lr0.0001_Bz64_Ep30_cosSim_triplet_drop[0.2, 0.4, 0.1]_topK20__PseudoGold_positive_1_hard_negative_1_seed0_hybrid_loss/ckpt/epoch_model_26_0.9076923076923077.pt" "logs/Retrieval/ImpliHateVid/RAC_video/RAC_lr0.0001_Bz64_Ep30_cosSim_triplet_drop[0.2, 0.4, 0.1]_topK20__PseudoGold_positive_1_hard_negative_1_seed0_hybrid_loss/ckpt/epoch_model_26_0.9076923076923077.pt"
[2026-07-02 02:06:05] [disk_guard] [DRY-RUN]     would verify sha1(local) == sha1 at b2:junyi-data/RGCL_video/logs/Retrieval/ImpliHateVid/RAC_video/RAC_lr0.0001_Bz64_Ep30_cosSim_triplet_drop[0.2, 0.4, 0.1]_topK20__PseudoGold_positive_1_hard_negative_1_seed0_hybrid_loss/ckpt/epoch_model_26_0.9076923076923077.pt
[2026-07-02 02:06:05] [disk_guard] [DRY-RUN]     would rm "/data/jehc223/RGCL/logging/Retrieval/ImpliHateVid/RAC_video/RAC_lr0.0001_Bz64_Ep30_cosSim_triplet_drop[0.2, 0.4, 0.1]_topK20__PseudoGold_positive_1_hard_negative_1_seed0_hybrid_loss/ckpt/epoch_model_26_0.9076923076923077.pt"  (frees 19.03MB)  IF verify passes
[2026-07-02 02:06:05] [disk_guard] [DRY-RUN]   candidate: /data/jehc223/RGCL/logging/Retrieval/ImpliHateVid/RAC_video/RAC_lr0.0001_Bz64_Ep30_cosSim_triplet_drop[0.2, 0.4, 0.1]_topK20__PseudoGold_positive_1_hard_negative_1_seed0_hybrid_loss/ckpt/epoch_model_27_0.9076923076923077.pt
[2026-07-02 02:06:05] [disk_guard] [DRY-RUN]     mtime=2026-07-02 02:06:00 size=19.03MB
[2026-07-02 02:06:05] [disk_guard] [DRY-RUN]     -> b2 subpath: logs/Retrieval/ImpliHateVid/RAC_video/RAC_lr0.0001_Bz64_Ep30_cosSim_triplet_drop[0.2, 0.4, 0.1]_topK20__PseudoGold_positive_1_hard_negative_1_seed0_hybrid_loss/ckpt/epoch_model_27_0.9076923076923077.pt
[2026-07-02 02:06:05] [disk_guard] [DRY-RUN]     would run: b2_push.sh "/data/jehc223/RGCL/logging/Retrieval/ImpliHateVid/RAC_video/RAC_lr0.0001_Bz64_Ep30_cosSim_triplet_drop[0.2, 0.4, 0.1]_topK20__PseudoGold_positive_1_hard_negative_1_seed0_hybrid_loss/ckpt/epoch_model_27_0.9076923076923077.pt" "logs/Retrieval/ImpliHateVid/RAC_video/RAC_lr0.0001_Bz64_Ep30_cosSim_triplet_drop[0.2, 0.4, 0.1]_topK20__PseudoGold_positive_1_hard_negative_1_seed0_hybrid_loss/ckpt/epoch_model_27_0.9076923076923077.pt"
[2026-07-02 02:06:05] [disk_guard] [DRY-RUN]     would verify sha1(local) == sha1 at b2:junyi-data/RGCL_video/logs/Retrieval/ImpliHateVid/RAC_video/RAC_lr0.0001_Bz64_Ep30_cosSim_triplet_drop[0.2, 0.4, 0.1]_topK20__PseudoGold_positive_1_hard_negative_1_seed0_hybrid_loss/ckpt/epoch_model_27_0.9076923076923077.pt
[2026-07-02 02:06:05] [disk_guard] [DRY-RUN]     would rm "/data/jehc223/RGCL/logging/Retrieval/ImpliHateVid/RAC_video/RAC_lr0.0001_Bz64_Ep30_cosSim_triplet_drop[0.2, 0.4, 0.1]_topK20__PseudoGold_positive_1_hard_negative_1_seed0_hybrid_loss/ckpt/epoch_model_27_0.9076923076923077.pt"  (frees 19.03MB)  IF verify passes
[2026-07-02 02:06:05] [disk_guard] [DRY-RUN]   step (c) projected/actual freed: 1.74GB.
[2026-07-02 02:06:05] [disk_guard] [DRY-RUN] (dry-run) simulation complete; see [DRY-RUN] lines above for the planned push/verify/prune actions.
[2026-07-02 02:06:05] [disk_guard] [DRY-RUN] ==== disk_guard end ====
[2026-07-02 02:19:09] [disk_guard] ==== disk_guard start (dry_run=0, sourced=0) ====
[2026-07-02 02:19:09] [disk_guard] config: THRESHOLD=250G TARGET=250G RGCL_ROOT=/data/jehc223/RGCL B2_PREFIX=b2:junyi-data/RGCL_video
[2026-07-02 02:19:09] [disk_guard] log file: /data/jehc223/RGCL/slurm/logs/disk_guard.log
[2026-07-02 02:19:09] [disk_guard] current /data usage: 206G (threshold 250G, target 250G).
[2026-07-02 02:19:09] [disk_guard] usage 206G <= threshold 250G: nothing to reclaim. No-op.
[2026-07-02 02:19:09] [disk_guard] ==== disk_guard end (under threshold) ====
[2026-07-02 04:32:23] [disk_guard] ==== disk_guard start (dry_run=0, sourced=0) ====
[2026-07-02 04:32:23] [disk_guard] config: THRESHOLD=250G TARGET=250G RGCL_ROOT=/data/jehc223/RGCL B2_PREFIX=b2:junyi-data/RGCL_video
[2026-07-02 04:32:23] [disk_guard] log file: /data/jehc223/RGCL/slurm/logs/disk_guard.log
[2026-07-02 04:32:23] [disk_guard] current /data usage: 229G (threshold 250G, target 250G).
[2026-07-02 04:32:23] [disk_guard] usage 229G <= threshold 250G: nothing to reclaim. No-op.
[2026-07-02 04:32:23] [disk_guard] ==== disk_guard end (under threshold) ====
[2026-07-02 04:51:55] [disk_guard] ==== disk_guard start (dry_run=0, sourced=0) ====
[2026-07-02 04:51:55] [disk_guard] config: THRESHOLD=250G TARGET=250G RGCL_ROOT=/data/jehc223/RGCL B2_PREFIX=b2:junyi-data/RGCL_video
[2026-07-02 04:51:55] [disk_guard] log file: /data/jehc223/RGCL/slurm/logs/disk_guard.log
[2026-07-02 04:51:55] [disk_guard] current /data usage: 231G (threshold 250G, target 250G).
[2026-07-02 04:51:55] [disk_guard] usage 231G <= threshold 250G: nothing to reclaim. No-op.
[2026-07-02 04:51:55] [disk_guard] ==== disk_guard end (under threshold) ====
[2026-07-02 05:11:59] [disk_guard] ==== disk_guard start (dry_run=0, sourced=0) ====
[2026-07-02 05:11:59] [disk_guard] config: THRESHOLD=250G TARGET=250G RGCL_ROOT=/data/jehc223/RGCL B2_PREFIX=b2:junyi-data/RGCL_video
[2026-07-02 05:11:59] [disk_guard] log file: /data/jehc223/RGCL/slurm/logs/disk_guard.log
[2026-07-02 05:11:59] [disk_guard] current /data usage: 231G (threshold 250G, target 250G).
[2026-07-02 05:11:59] [disk_guard] usage 231G <= threshold 250G: nothing to reclaim. No-op.
[2026-07-02 05:11:59] [disk_guard] ==== disk_guard end (under threshold) ====
[2026-07-02 05:34:51] [disk_guard] ==== disk_guard start (dry_run=0, sourced=0) ====
[2026-07-02 05:34:51] [disk_guard] config: THRESHOLD=250G TARGET=250G RGCL_ROOT=/data/jehc223/RGCL B2_PREFIX=b2:junyi-data/RGCL_video
[2026-07-02 05:34:51] [disk_guard] log file: /data/jehc223/RGCL/slurm/logs/disk_guard.log
[2026-07-02 05:34:51] [disk_guard] current /data usage: 231G (threshold 250G, target 250G).
[2026-07-02 05:34:51] [disk_guard] usage 231G <= threshold 250G: nothing to reclaim. No-op.
[2026-07-02 05:34:51] [disk_guard] ==== disk_guard end (under threshold) ====
[2026-07-02 05:36:20] [disk_guard] ==== disk_guard start (dry_run=0, sourced=0) ====
[2026-07-02 05:36:20] [disk_guard] config: THRESHOLD=250G TARGET=250G RGCL_ROOT=/data/jehc223/RGCL B2_PREFIX=b2:junyi-data/RGCL_video
[2026-07-02 05:36:20] [disk_guard] log file: /data/jehc223/RGCL/slurm/logs/disk_guard.log
[2026-07-02 05:36:20] [disk_guard] current /data usage: 231G (threshold 250G, target 250G).
[2026-07-02 05:36:20] [disk_guard] usage 231G <= threshold 250G: nothing to reclaim. No-op.
[2026-07-02 05:36:20] [disk_guard] ==== disk_guard end (under threshold) ====
[2026-07-02 05:37:21] [disk_guard] ==== disk_guard start (dry_run=0, sourced=0) ====
[2026-07-02 05:37:21] [disk_guard] config: THRESHOLD=250G TARGET=250G RGCL_ROOT=/data/jehc223/RGCL B2_PREFIX=b2:junyi-data/RGCL_video
[2026-07-02 05:37:21] [disk_guard] log file: /data/jehc223/RGCL/slurm/logs/disk_guard.log
[2026-07-02 05:37:21] [disk_guard] current /data usage: 232G (threshold 250G, target 250G).
[2026-07-02 05:37:21] [disk_guard] usage 232G <= threshold 250G: nothing to reclaim. No-op.
[2026-07-02 05:37:21] [disk_guard] ==== disk_guard end (under threshold) ====
[2026-07-02 05:39:12] [disk_guard] ==== disk_guard start (dry_run=0, sourced=0) ====
[2026-07-02 05:39:12] [disk_guard] config: THRESHOLD=250G TARGET=250G RGCL_ROOT=/data/jehc223/RGCL B2_PREFIX=b2:junyi-data/RGCL_video
[2026-07-02 05:39:12] [disk_guard] log file: /data/jehc223/RGCL/slurm/logs/disk_guard.log
[2026-07-02 05:39:12] [disk_guard] current /data usage: 233G (threshold 250G, target 250G).
[2026-07-02 05:39:12] [disk_guard] usage 233G <= threshold 250G: nothing to reclaim. No-op.
[2026-07-02 05:39:12] [disk_guard] ==== disk_guard end (under threshold) ====
[2026-07-02 05:50:27] [disk_guard] ==== disk_guard start (dry_run=0, sourced=0) ====
[2026-07-02 05:50:27] [disk_guard] config: THRESHOLD=250G TARGET=250G RGCL_ROOT=/data/jehc223/RGCL B2_PREFIX=b2:junyi-data/RGCL_video
[2026-07-02 05:50:27] [disk_guard] log file: /data/jehc223/RGCL/slurm/logs/disk_guard.log
[2026-07-02 05:50:27] [disk_guard] current /data usage: 233G (threshold 250G, target 250G).
[2026-07-02 05:50:27] [disk_guard] usage 233G <= threshold 250G: nothing to reclaim. No-op.
[2026-07-02 05:50:27] [disk_guard] ==== disk_guard end (under threshold) ====
[2026-07-02 05:51:47] [disk_guard] ==== disk_guard start (dry_run=0, sourced=0) ====
[2026-07-02 05:51:47] [disk_guard] config: THRESHOLD=250G TARGET=250G RGCL_ROOT=/data/jehc223/RGCL B2_PREFIX=b2:junyi-data/RGCL_video
[2026-07-02 05:51:47] [disk_guard] log file: /data/jehc223/RGCL/slurm/logs/disk_guard.log
[2026-07-02 05:51:47] [disk_guard] current /data usage: 234G (threshold 250G, target 250G).
[2026-07-02 05:51:47] [disk_guard] usage 234G <= threshold 250G: nothing to reclaim. No-op.
[2026-07-02 05:51:47] [disk_guard] ==== disk_guard end (under threshold) ====
[2026-07-02 05:52:58] [disk_guard] ==== disk_guard start (dry_run=0, sourced=0) ====
[2026-07-02 05:52:58] [disk_guard] config: THRESHOLD=250G TARGET=250G RGCL_ROOT=/data/jehc223/RGCL B2_PREFIX=b2:junyi-data/RGCL_video
[2026-07-02 05:52:58] [disk_guard] log file: /data/jehc223/RGCL/slurm/logs/disk_guard.log
[2026-07-02 05:52:58] [disk_guard] current /data usage: 235G (threshold 250G, target 250G).
[2026-07-02 05:52:58] [disk_guard] usage 235G <= threshold 250G: nothing to reclaim. No-op.
[2026-07-02 05:52:58] [disk_guard] ==== disk_guard end (under threshold) ====
[2026-07-02 05:54:19] [disk_guard] ==== disk_guard start (dry_run=0, sourced=0) ====
[2026-07-02 05:54:19] [disk_guard] config: THRESHOLD=250G TARGET=250G RGCL_ROOT=/data/jehc223/RGCL B2_PREFIX=b2:junyi-data/RGCL_video
[2026-07-02 05:54:19] [disk_guard] log file: /data/jehc223/RGCL/slurm/logs/disk_guard.log
[2026-07-02 05:54:19] [disk_guard] current /data usage: 235G (threshold 250G, target 250G).
[2026-07-02 05:54:19] [disk_guard] usage 235G <= threshold 250G: nothing to reclaim. No-op.
[2026-07-02 05:54:19] [disk_guard] ==== disk_guard end (under threshold) ====
[2026-07-02 06:06:14] [disk_guard] ==== disk_guard start (dry_run=0, sourced=0) ====
[2026-07-02 06:06:14] [disk_guard] config: THRESHOLD=250G TARGET=250G RGCL_ROOT=/data/jehc223/RGCL B2_PREFIX=b2:junyi-data/RGCL_video
[2026-07-02 06:06:14] [disk_guard] log file: /data/jehc223/RGCL/slurm/logs/disk_guard.log
[2026-07-02 06:06:14] [disk_guard] current /data usage: 236G (threshold 250G, target 250G).
[2026-07-02 06:06:14] [disk_guard] usage 236G <= threshold 250G: nothing to reclaim. No-op.
[2026-07-02 06:06:14] [disk_guard] ==== disk_guard end (under threshold) ====
[2026-07-02 06:30:26] [disk_guard] ==== disk_guard start (dry_run=0, sourced=0) ====
[2026-07-02 06:30:26] [disk_guard] config: THRESHOLD=250G TARGET=250G RGCL_ROOT=/data/jehc223/RGCL B2_PREFIX=b2:junyi-data/RGCL_video
[2026-07-02 06:30:26] [disk_guard] log file: /data/jehc223/RGCL/slurm/logs/disk_guard.log
[2026-07-02 06:30:26] [disk_guard] current /data usage: 239G (threshold 250G, target 250G).
[2026-07-02 06:30:26] [disk_guard] usage 239G <= threshold 250G: nothing to reclaim. No-op.
[2026-07-02 06:30:26] [disk_guard] ==== disk_guard end (under threshold) ====
[2026-07-02 06:30:35] [disk_guard] ==== disk_guard start (dry_run=0, sourced=0) ====
[2026-07-02 06:30:35] [disk_guard] config: THRESHOLD=250G TARGET=250G RGCL_ROOT=/data/jehc223/RGCL B2_PREFIX=b2:junyi-data/RGCL_video
[2026-07-02 06:30:35] [disk_guard] log file: /data/jehc223/RGCL/slurm/logs/disk_guard.log
[2026-07-02 06:30:35] [disk_guard] current /data usage: 239G (threshold 250G, target 250G).
[2026-07-02 06:30:35] [disk_guard] usage 239G <= threshold 250G: nothing to reclaim. No-op.
[2026-07-02 06:30:35] [disk_guard] ==== disk_guard end (under threshold) ====
[2026-07-02 06:31:56] [disk_guard] ==== disk_guard start (dry_run=0, sourced=0) ====
[2026-07-02 06:31:56] [disk_guard] config: THRESHOLD=250G TARGET=250G RGCL_ROOT=/data/jehc223/RGCL B2_PREFIX=b2:junyi-data/RGCL_video
[2026-07-02 06:31:56] [disk_guard] log file: /data/jehc223/RGCL/slurm/logs/disk_guard.log
[2026-07-02 06:31:56] [disk_guard] current /data usage: 239G (threshold 250G, target 250G).
[2026-07-02 06:31:56] [disk_guard] usage 239G <= threshold 250G: nothing to reclaim. No-op.
[2026-07-02 06:31:56] [disk_guard] ==== disk_guard end (under threshold) ====
[2026-07-02 06:39:50] [disk_guard] ==== disk_guard start (dry_run=0, sourced=0) ====
[2026-07-02 06:39:50] [disk_guard] config: THRESHOLD=250G TARGET=250G RGCL_ROOT=/data/jehc223/RGCL B2_PREFIX=b2:junyi-data/RGCL_video
[2026-07-02 06:39:50] [disk_guard] log file: /data/jehc223/RGCL/slurm/logs/disk_guard.log
[2026-07-02 06:39:50] [disk_guard] current /data usage: 240G (threshold 250G, target 250G).
[2026-07-02 06:39:50] [disk_guard] usage 240G <= threshold 250G: nothing to reclaim. No-op.
[2026-07-02 06:39:50] [disk_guard] ==== disk_guard end (under threshold) ====
[2026-07-02 06:59:49] [disk_guard] ==== disk_guard start (dry_run=0, sourced=0) ====
[2026-07-02 06:59:49] [disk_guard] config: THRESHOLD=250G TARGET=250G RGCL_ROOT=/data/jehc223/RGCL B2_PREFIX=b2:junyi-data/RGCL_video
[2026-07-02 06:59:49] [disk_guard] log file: /data/jehc223/RGCL/slurm/logs/disk_guard.log
[2026-07-02 06:59:49] [disk_guard] current /data usage: 241G (threshold 250G, target 250G).
[2026-07-02 06:59:49] [disk_guard] usage 241G <= threshold 250G: nothing to reclaim. No-op.
[2026-07-02 06:59:49] [disk_guard] ==== disk_guard end (under threshold) ====
[2026-07-02 08:31:36] [disk_guard] ==== disk_guard start (dry_run=0, sourced=0) ====
[2026-07-02 08:31:36] [disk_guard] config: THRESHOLD=250G TARGET=250G RGCL_ROOT=/data/jehc223/RGCL B2_PREFIX=b2:junyi-data/RGCL_video
[2026-07-02 08:31:36] [disk_guard] log file: /data/jehc223/RGCL/slurm/logs/disk_guard.log
[2026-07-02 08:31:36] [disk_guard] current /data usage: 241G (threshold 250G, target 250G).
[2026-07-02 08:31:36] [disk_guard] usage 241G <= threshold 250G: nothing to reclaim. No-op.
[2026-07-02 08:31:36] [disk_guard] ==== disk_guard end (under threshold) ====
[2026-07-02 11:13:10] [disk_guard] ==== disk_guard start (dry_run=0, sourced=0) ====
[2026-07-02 11:13:10] [disk_guard] config: THRESHOLD=250G TARGET=250G RGCL_ROOT=/data/jehc223/RGCL B2_PREFIX=b2:junyi-data/RGCL_video
[2026-07-02 11:13:10] [disk_guard] log file: /data/jehc223/RGCL/slurm/logs/disk_guard.log
[2026-07-02 11:13:10] [disk_guard] current /data usage: 244G (threshold 250G, target 250G).
[2026-07-02 11:13:10] [disk_guard] usage 244G <= threshold 250G: nothing to reclaim. No-op.
[2026-07-02 11:13:10] [disk_guard] ==== disk_guard end (under threshold) ====
[2026-07-02 11:44:09] [disk_guard] ==== disk_guard start (dry_run=0, sourced=0) ====
[2026-07-02 11:44:09] [disk_guard] config: THRESHOLD=250G TARGET=250G RGCL_ROOT=/data/jehc223/RGCL B2_PREFIX=b2:junyi-data/RGCL_video
[2026-07-02 11:44:09] [disk_guard] log file: /data/jehc223/RGCL/slurm/logs/disk_guard.log
[2026-07-02 11:44:09] [disk_guard] current /data usage: 244G (threshold 250G, target 250G).
[2026-07-02 11:44:09] [disk_guard] usage 244G <= threshold 250G: nothing to reclaim. No-op.
[2026-07-02 11:44:09] [disk_guard] ==== disk_guard end (under threshold) ====
[2026-07-02 11:44:59] [disk_guard] ==== disk_guard start (dry_run=0, sourced=0) ====
[2026-07-02 11:44:59] [disk_guard] config: THRESHOLD=250G TARGET=250G RGCL_ROOT=/data/jehc223/RGCL B2_PREFIX=b2:junyi-data/RGCL_video
[2026-07-02 11:44:59] [disk_guard] log file: /data/jehc223/RGCL/slurm/logs/disk_guard.log
[2026-07-02 11:44:59] [disk_guard] current /data usage: 246G (threshold 250G, target 250G).
[2026-07-02 11:44:59] [disk_guard] usage 246G <= threshold 250G: nothing to reclaim. No-op.
[2026-07-02 11:44:59] [disk_guard] ==== disk_guard end (under threshold) ====
[2026-07-02 12:17:58] [disk_guard] ==== disk_guard start (dry_run=0, sourced=0) ====
[2026-07-02 12:17:58] [disk_guard] config: THRESHOLD=250G TARGET=250G RGCL_ROOT=/data/jehc223/RGCL B2_PREFIX=b2:junyi-data/RGCL_video
[2026-07-02 12:17:58] [disk_guard] log file: /data/jehc223/RGCL/slurm/logs/disk_guard.log
[2026-07-02 12:17:58] [disk_guard] current /data usage: 246G (threshold 250G, target 250G).
[2026-07-02 12:17:58] [disk_guard] usage 246G <= threshold 250G: nothing to reclaim. No-op.
[2026-07-02 12:17:58] [disk_guard] ==== disk_guard end (under threshold) ====
