[2026-07-20 04:00:52] [disk_guard] ==== disk_guard start (dry_run=0, sourced=0) ====
[2026-07-20 04:00:52] [disk_guard] config: THRESHOLD=250G TARGET=250G RGCL_ROOT=/data/jehc223/RGCL B2_PREFIX=b2:junyi-data/RGCL_video
[2026-07-20 04:00:52] [disk_guard] log file: /data/jehc223/RGCL/slurm/logs/disk_guard.log
[2026-07-20 04:00:52] [disk_guard] current /data usage: 256G (threshold 250G, target 250G).
[2026-07-20 04:00:52] [disk_guard] usage 256G > threshold 250G: starting reclaim.
[2026-07-20 04:00:52] [disk_guard] Step (a): rclone VFS cache purge.
[2026-07-20 04:00:52] [disk_guard]   no rclone vfs* cache dirs present (nothing to do).
[2026-07-20 04:00:52] [disk_guard]   usage now 256G still > target 250G: continuing.
[2026-07-20 04:00:52] [disk_guard] Step (b): HuggingFace cache.
[2026-07-20 04:00:52] [disk_guard]   HF cache purge skipped (conservative); needs manual review. Set DISK_GUARD_HF_PURGE=1 to allow datasets--*/.locks removal (never models--*).
[2026-07-20 04:00:52] [disk_guard]   usage now 256G still > target 250G: continuing.
[2026-07-20 04:00:52] [disk_guard] Step (c): push-verify-prune oldest logging/ checkpoints (mirrored to B2 under logs/).
[2026-07-20 04:00:52] [disk_guard]   found 78 candidate checkpoint(s), oldest-first.
[2026-07-20 04:00:52] [disk_guard]   need to free ~6.00GB to reach target 250G.
[2026-07-20 04:00:52] [disk_guard]   candidate: /data/jehc223/RGCL/logging/Retrieval/HateMM/RAC_video_lora_curric_rep2/RAC_lr0.0001_Bz64_Ep30_cosSim_triplet_drop[0.2, 0.4, 0.1]_topK20__PseudoGold_positive_1_hard_negative_1_seed0_hybrid_loss_Qwen2.5-VL-7B-Instruct-LoRA-curric-rep2_HF/ckpt/epoch_model_26_0.8317757009345794.pt
[2026-07-20 04:00:52] [disk_guard]     mtime=2026-07-18 19:26:25 size=40.03MB
[2026-07-20 04:00:52] [disk_guard]     -> b2 subpath: logs/Retrieval/HateMM/RAC_video_lora_curric_rep2/RAC_lr0.0001_Bz64_Ep30_cosSim_triplet_drop[0.2, 0.4, 0.1]_topK20__PseudoGold_positive_1_hard_negative_1_seed0_hybrid_loss_Qwen2.5-VL-7B-Instruct-LoRA-curric-rep2_HF/ckpt/epoch_model_26_0.8317757009345794.pt
[2026-07-20 04:00:52] [disk_guard]     pushing to B2 ...
[2026-07-20 04:00:56] [disk_guard] verify: OK sha1=5365cd36528bfb33d13e8c3fe6e741873c5bf5a1 matches at b2:junyi-data/RGCL_video/logs/Retrieval/HateMM/RAC_video_lora_curric_rep2/RAC_lr0.0001_Bz64_Ep30_cosSim_triplet_drop[0.2, 0.4, 0.1]_topK20__PseudoGold_positive_1_hard_negative_1_seed0_hybrid_loss_Qwen2.5-VL-7B-Instruct-LoRA-curric-rep2_HF/ckpt/epoch_model_26_0.8317757009345794.pt
[2026-07-20 04:00:56] [disk_guard]     PRUNED local (verified on B2): /data/jehc223/RGCL/logging/Retrieval/HateMM/RAC_video_lora_curric_rep2/RAC_lr0.0001_Bz64_Ep30_cosSim_triplet_drop[0.2, 0.4, 0.1]_topK20__PseudoGold_positive_1_hard_negative_1_seed0_hybrid_loss_Qwen2.5-VL-7B-Instruct-LoRA-curric-rep2_HF/ckpt/epoch_model_26_0.8317757009345794.pt  (freed 40.03MB)
[2026-07-20 04:00:56] [disk_guard]   candidate: /data/jehc223/RGCL/logging/Retrieval/HateMM/RAC_video_lora_curric_rep2/RAC_lr0.0001_Bz64_Ep30_cosSim_triplet_drop[0.2, 0.4, 0.1]_topK20__PseudoGold_positive_1_hard_negative_1_seed0_hybrid_loss_Qwen2.5-VL-7B-Instruct-LoRA-curric-rep2_HF/ckpt/epoch_model_27_0.8317757009345794.pt
[2026-07-20 04:00:56] [disk_guard]     mtime=2026-07-18 19:26:27 size=40.03MB
[2026-07-20 04:00:56] [disk_guard]     -> b2 subpath: logs/Retrieval/HateMM/RAC_video_lora_curric_rep2/RAC_lr0.0001_Bz64_Ep30_cosSim_triplet_drop[0.2, 0.4, 0.1]_topK20__PseudoGold_positive_1_hard_negative_1_seed0_hybrid_loss_Qwen2.5-VL-7B-Instruct-LoRA-curric-rep2_HF/ckpt/epoch_model_27_0.8317757009345794.pt
[2026-07-20 04:00:56] [disk_guard]     pushing to B2 ...
[2026-07-20 04:01:07] [disk_guard] verify: OK sha1=9c190ea2f1cdf2facd6615631d70b3dafca29245 matches at b2:junyi-data/RGCL_video/logs/Retrieval/HateMM/RAC_video_lora_curric_rep2/RAC_lr0.0001_Bz64_Ep30_cosSim_triplet_drop[0.2, 0.4, 0.1]_topK20__PseudoGold_positive_1_hard_negative_1_seed0_hybrid_loss_Qwen2.5-VL-7B-Instruct-LoRA-curric-rep2_HF/ckpt/epoch_model_27_0.8317757009345794.pt
[2026-07-20 04:01:07] [disk_guard]     PRUNED local (verified on B2): /data/jehc223/RGCL/logging/Retrieval/HateMM/RAC_video_lora_curric_rep2/RAC_lr0.0001_Bz64_Ep30_cosSim_triplet_drop[0.2, 0.4, 0.1]_topK20__PseudoGold_positive_1_hard_negative_1_seed0_hybrid_loss_Qwen2.5-VL-7B-Instruct-LoRA-curric-rep2_HF/ckpt/epoch_model_27_0.8317757009345794.pt  (freed 40.03MB)
[2026-07-20 04:01:07] [disk_guard]   candidate: /data/jehc223/RGCL/logging/Retrieval/HateMM/RAC_video_lora_curric_rep2/RAC_lr0.0001_Bz64_Ep30_cosSim_triplet_drop[0.2, 0.4, 0.1]_topK20__PseudoGold_positive_1_hard_negative_1_seed0_hybrid_loss_Qwen2.5-VL-7B-Instruct-LoRA-curric-rep2_HF/ckpt/epoch_model_28_0.8317757009345794.pt
[2026-07-20 04:01:07] [disk_guard]     mtime=2026-07-18 19:26:28 size=40.03MB
[2026-07-20 04:01:07] [disk_guard]     -> b2 subpath: logs/Retrieval/HateMM/RAC_video_lora_curric_rep2/RAC_lr0.0001_Bz64_Ep30_cosSim_triplet_drop[0.2, 0.4, 0.1]_topK20__PseudoGold_positive_1_hard_negative_1_seed0_hybrid_loss_Qwen2.5-VL-7B-Instruct-LoRA-curric-rep2_HF/ckpt/epoch_model_28_0.8317757009345794.pt
[2026-07-20 04:01:07] [disk_guard]     pushing to B2 ...
[2026-07-20 04:01:17] [disk_guard] verify: OK sha1=51a84d430a909ccc8e2919d082bf74f8bbc479bc matches at b2:junyi-data/RGCL_video/logs/Retrieval/HateMM/RAC_video_lora_curric_rep2/RAC_lr0.0001_Bz64_Ep30_cosSim_triplet_drop[0.2, 0.4, 0.1]_topK20__PseudoGold_positive_1_hard_negative_1_seed0_hybrid_loss_Qwen2.5-VL-7B-Instruct-LoRA-curric-rep2_HF/ckpt/epoch_model_28_0.8317757009345794.pt
[2026-07-20 04:01:17] [disk_guard]     PRUNED local (verified on B2): /data/jehc223/RGCL/logging/Retrieval/HateMM/RAC_video_lora_curric_rep2/RAC_lr0.0001_Bz64_Ep30_cosSim_triplet_drop[0.2, 0.4, 0.1]_topK20__PseudoGold_positive_1_hard_negative_1_seed0_hybrid_loss_Qwen2.5-VL-7B-Instruct-LoRA-curric-rep2_HF/ckpt/epoch_model_28_0.8317757009345794.pt  (freed 40.03MB)
[2026-07-20 04:01:17] [disk_guard]   candidate: /data/jehc223/RGCL/logging/Retrieval/HateMM/RAC_video_lora_curric_rep2/RAC_lr0.0001_Bz64_Ep30_cosSim_triplet_drop[0.2, 0.4, 0.1]_topK20__PseudoGold_positive_1_hard_negative_1_seed0_hybrid_loss_Qwen2.5-VL-7B-Instruct-LoRA-curric-rep2_HF/ckpt/epoch_model_29_0.8317757009345794.pt
[2026-07-20 04:01:17] [disk_guard]     mtime=2026-07-18 19:26:29 size=40.03MB
[2026-07-20 04:01:17] [disk_guard]     -> b2 subpath: logs/Retrieval/HateMM/RAC_video_lora_curric_rep2/RAC_lr0.0001_Bz64_Ep30_cosSim_triplet_drop[0.2, 0.4, 0.1]_topK20__PseudoGold_positive_1_hard_negative_1_seed0_hybrid_loss_Qwen2.5-VL-7B-Instruct-LoRA-curric-rep2_HF/ckpt/epoch_model_29_0.8317757009345794.pt
[2026-07-20 04:01:17] [disk_guard]     pushing to B2 ...
[2026-07-20 04:01:27] [disk_guard] verify: OK sha1=2255aaf07ee00c8488e3f03650dff7243a55deea matches at b2:junyi-data/RGCL_video/logs/Retrieval/HateMM/RAC_video_lora_curric_rep2/RAC_lr0.0001_Bz64_Ep30_cosSim_triplet_drop[0.2, 0.4, 0.1]_topK20__PseudoGold_positive_1_hard_negative_1_seed0_hybrid_loss_Qwen2.5-VL-7B-Instruct-LoRA-curric-rep2_HF/ckpt/epoch_model_29_0.8317757009345794.pt
[2026-07-20 04:01:27] [disk_guard]     PRUNED local (verified on B2): /data/jehc223/RGCL/logging/Retrieval/HateMM/RAC_video_lora_curric_rep2/RAC_lr0.0001_Bz64_Ep30_cosSim_triplet_drop[0.2, 0.4, 0.1]_topK20__PseudoGold_positive_1_hard_negative_1_seed0_hybrid_loss_Qwen2.5-VL-7B-Instruct-LoRA-curric-rep2_HF/ckpt/epoch_model_29_0.8317757009345794.pt  (freed 40.03MB)
[2026-07-20 04:01:27] [disk_guard]   candidate: /data/jehc223/RGCL/logging/Retrieval/HateMM/RAC_video_lora_curric_rep2/RAC_lr0.0001_Bz64_Ep30_cosSim_triplet_drop[0.2, 0.4, 0.1]_topK20__PseudoGold_positive_1_hard_negative_1_seed0_hybrid_loss_Qwen2.5-VL-7B-Instruct-LoRA-curric-rep2_HF/ckpt/last_model_29_0.8317757009345794.pt
[2026-07-20 04:01:27] [disk_guard]     mtime=2026-07-18 19:26:29 size=40.03MB
[2026-07-20 04:01:27] [disk_guard]     -> b2 subpath: logs/Retrieval/HateMM/RAC_video_lora_curric_rep2/RAC_lr0.0001_Bz64_Ep30_cosSim_triplet_drop[0.2, 0.4, 0.1]_topK20__PseudoGold_positive_1_hard_negative_1_seed0_hybrid_loss_Qwen2.5-VL-7B-Instruct-LoRA-curric-rep2_HF/ckpt/last_model_29_0.8317757009345794.pt
[2026-07-20 04:01:27] [disk_guard]     pushing to B2 ...
[2026-07-20 04:01:37] [disk_guard] verify: OK sha1=0c880ba66539e506c29b0b86d8ec4746c3c85671 matches at b2:junyi-data/RGCL_video/logs/Retrieval/HateMM/RAC_video_lora_curric_rep2/RAC_lr0.0001_Bz64_Ep30_cosSim_triplet_drop[0.2, 0.4, 0.1]_topK20__PseudoGold_positive_1_hard_negative_1_seed0_hybrid_loss_Qwen2.5-VL-7B-Instruct-LoRA-curric-rep2_HF/ckpt/last_model_29_0.8317757009345794.pt
[2026-07-20 04:01:37] [disk_guard]     PRUNED local (verified on B2): /data/jehc223/RGCL/logging/Retrieval/HateMM/RAC_video_lora_curric_rep2/RAC_lr0.0001_Bz64_Ep30_cosSim_triplet_drop[0.2, 0.4, 0.1]_topK20__PseudoGold_positive_1_hard_negative_1_seed0_hybrid_loss_Qwen2.5-VL-7B-Instruct-LoRA-curric-rep2_HF/ckpt/last_model_29_0.8317757009345794.pt  (freed 40.03MB)
[2026-07-20 04:01:37] [disk_guard]   candidate: /data/jehc223/RGCL/logging/Retrieval/HateMM/RAC_video_lora_curric_rep2/RAC_lr0.0001_Bz64_Ep30_cosSim_triplet_drop[0.2, 0.4, 0.1]_topK20__PseudoGold_positive_1_hard_negative_1_seed1_hybrid_loss_Qwen2.5-VL-7B-Instruct-LoRA-curric-rep2_HF/ckpt/epoch_model_0_0.794392523364486.pt
[2026-07-20 04:01:37] [disk_guard]     mtime=2026-07-18 19:26:39 size=40.03MB
[2026-07-20 04:01:37] [disk_guard]     -> b2 subpath: logs/Retrieval/HateMM/RAC_video_lora_curric_rep2/RAC_lr0.0001_Bz64_Ep30_cosSim_triplet_drop[0.2, 0.4, 0.1]_topK20__PseudoGold_positive_1_hard_negative_1_seed1_hybrid_loss_Qwen2.5-VL-7B-Instruct-LoRA-curric-rep2_HF/ckpt/epoch_model_0_0.794392523364486.pt
[2026-07-20 04:01:37] [disk_guard]     pushing to B2 ...
[2026-07-20 04:01:47] [disk_guard] verify: OK sha1=9230e355a945d330cc575910bb6fe7524780fff0 matches at b2:junyi-data/RGCL_video/logs/Retrieval/HateMM/RAC_video_lora_curric_rep2/RAC_lr0.0001_Bz64_Ep30_cosSim_triplet_drop[0.2, 0.4, 0.1]_topK20__PseudoGold_positive_1_hard_negative_1_seed1_hybrid_loss_Qwen2.5-VL-7B-Instruct-LoRA-curric-rep2_HF/ckpt/epoch_model_0_0.794392523364486.pt
[2026-07-20 04:01:47] [disk_guard]     PRUNED local (verified on B2): /data/jehc223/RGCL/logging/Retrieval/HateMM/RAC_video_lora_curric_rep2/RAC_lr0.0001_Bz64_Ep30_cosSim_triplet_drop[0.2, 0.4, 0.1]_topK20__PseudoGold_positive_1_hard_negative_1_seed1_hybrid_loss_Qwen2.5-VL-7B-Instruct-LoRA-curric-rep2_HF/ckpt/epoch_model_0_0.794392523364486.pt  (freed 40.03MB)
[2026-07-20 04:01:47] [disk_guard]   candidate: /data/jehc223/RGCL/logging/Retrieval/HateMM/RAC_video_lora_curric_rep2/RAC_lr0.0001_Bz64_Ep30_cosSim_triplet_drop[0.2, 0.4, 0.1]_topK20__PseudoGold_positive_1_hard_negative_1_seed1_hybrid_loss_Qwen2.5-VL-7B-Instruct-LoRA-curric-rep2_HF/ckpt/epoch_model_1_0.822429906542056.pt
[2026-07-20 04:01:47] [disk_guard]     mtime=2026-07-18 19:26:41 size=40.03MB
[2026-07-20 04:01:47] [disk_guard]     -> b2 subpath: logs/Retrieval/HateMM/RAC_video_lora_curric_rep2/RAC_lr0.0001_Bz64_Ep30_cosSim_triplet_drop[0.2, 0.4, 0.1]_topK20__PseudoGold_positive_1_hard_negative_1_seed1_hybrid_loss_Qwen2.5-VL-7B-Instruct-LoRA-curric-rep2_HF/ckpt/epoch_model_1_0.822429906542056.pt
[2026-07-20 04:01:47] [disk_guard]     pushing to B2 ...
[2026-07-20 04:01:56] [disk_guard] verify: OK sha1=4cb9d7b655b14d4aaafbfc4222251584cdc62c2f matches at b2:junyi-data/RGCL_video/logs/Retrieval/HateMM/RAC_video_lora_curric_rep2/RAC_lr0.0001_Bz64_Ep30_cosSim_triplet_drop[0.2, 0.4, 0.1]_topK20__PseudoGold_positive_1_hard_negative_1_seed1_hybrid_loss_Qwen2.5-VL-7B-Instruct-LoRA-curric-rep2_HF/ckpt/epoch_model_1_0.822429906542056.pt
[2026-07-20 04:01:56] [disk_guard]     PRUNED local (verified on B2): /data/jehc223/RGCL/logging/Retrieval/HateMM/RAC_video_lora_curric_rep2/RAC_lr0.0001_Bz64_Ep30_cosSim_triplet_drop[0.2, 0.4, 0.1]_topK20__PseudoGold_positive_1_hard_negative_1_seed1_hybrid_loss_Qwen2.5-VL-7B-Instruct-LoRA-curric-rep2_HF/ckpt/epoch_model_1_0.822429906542056.pt  (freed 40.03MB)
[2026-07-20 04:01:57] [disk_guard]   candidate: /data/jehc223/RGCL/logging/Retrieval/HateMM/RAC_video_lora_curric_rep2/RAC_lr0.0001_Bz64_Ep30_cosSim_triplet_drop[0.2, 0.4, 0.1]_topK20__PseudoGold_positive_1_hard_negative_1_seed1_hybrid_loss_Qwen2.5-VL-7B-Instruct-LoRA-curric-rep2_HF/ckpt/epoch_model_2_0.794392523364486.pt
[2026-07-20 04:01:57] [disk_guard]     mtime=2026-07-18 19:26:43 size=40.03MB
[2026-07-20 04:01:57] [disk_guard]     -> b2 subpath: logs/Retrieval/HateMM/RAC_video_lora_curric_rep2/RAC_lr0.0001_Bz64_Ep30_cosSim_triplet_drop[0.2, 0.4, 0.1]_topK20__PseudoGold_positive_1_hard_negative_1_seed1_hybrid_loss_Qwen2.5-VL-7B-Instruct-LoRA-curric-rep2_HF/ckpt/epoch_model_2_0.794392523364486.pt
[2026-07-20 04:01:57] [disk_guard]     pushing to B2 ...
[2026-07-20 04:02:07] [disk_guard] verify: OK sha1=8db979256632cc4ecb6de4911997a8f483c1310a matches at b2:junyi-data/RGCL_video/logs/Retrieval/HateMM/RAC_video_lora_curric_rep2/RAC_lr0.0001_Bz64_Ep30_cosSim_triplet_drop[0.2, 0.4, 0.1]_topK20__PseudoGold_positive_1_hard_negative_1_seed1_hybrid_loss_Qwen2.5-VL-7B-Instruct-LoRA-curric-rep2_HF/ckpt/epoch_model_2_0.794392523364486.pt
[2026-07-20 04:02:07] [disk_guard]     PRUNED local (verified on B2): /data/jehc223/RGCL/logging/Retrieval/HateMM/RAC_video_lora_curric_rep2/RAC_lr0.0001_Bz64_Ep30_cosSim_triplet_drop[0.2, 0.4, 0.1]_topK20__PseudoGold_positive_1_hard_negative_1_seed1_hybrid_loss_Qwen2.5-VL-7B-Instruct-LoRA-curric-rep2_HF/ckpt/epoch_model_2_0.794392523364486.pt  (freed 40.03MB)
[2026-07-20 04:02:07] [disk_guard]   candidate: /data/jehc223/RGCL/logging/Retrieval/HateMM/RAC_video_lora_curric_rep2/RAC_lr0.0001_Bz64_Ep30_cosSim_triplet_drop[0.2, 0.4, 0.1]_topK20__PseudoGold_positive_1_hard_negative_1_seed1_hybrid_loss_Qwen2.5-VL-7B-Instruct-LoRA-curric-rep2_HF/ckpt/epoch_model_3_0.7663551401869159.pt
[2026-07-20 04:02:07] [disk_guard]     mtime=2026-07-18 19:26:45 size=40.03MB
[2026-07-20 04:02:07] [disk_guard]     -> b2 subpath: logs/Retrieval/HateMM/RAC_video_lora_curric_rep2/RAC_lr0.0001_Bz64_Ep30_cosSim_triplet_drop[0.2, 0.4, 0.1]_topK20__PseudoGold_positive_1_hard_negative_1_seed1_hybrid_loss_Qwen2.5-VL-7B-Instruct-LoRA-curric-rep2_HF/ckpt/epoch_model_3_0.7663551401869159.pt
[2026-07-20 04:02:07] [disk_guard]     pushing to B2 ...
[2026-07-20 04:02:17] [disk_guard] verify: OK sha1=b7be0888d4cad5a7bff5d698e4a31cc96bddaa40 matches at b2:junyi-data/RGCL_video/logs/Retrieval/HateMM/RAC_video_lora_curric_rep2/RAC_lr0.0001_Bz64_Ep30_cosSim_triplet_drop[0.2, 0.4, 0.1]_topK20__PseudoGold_positive_1_hard_negative_1_seed1_hybrid_loss_Qwen2.5-VL-7B-Instruct-LoRA-curric-rep2_HF/ckpt/epoch_model_3_0.7663551401869159.pt
[2026-07-20 04:02:17] [disk_guard]     PRUNED local (verified on B2): /data/jehc223/RGCL/logging/Retrieval/HateMM/RAC_video_lora_curric_rep2/RAC_lr0.0001_Bz64_Ep30_cosSim_triplet_drop[0.2, 0.4, 0.1]_topK20__PseudoGold_positive_1_hard_negative_1_seed1_hybrid_loss_Qwen2.5-VL-7B-Instruct-LoRA-curric-rep2_HF/ckpt/epoch_model_3_0.7663551401869159.pt  (freed 40.03MB)
[2026-07-20 04:02:17] [disk_guard]   candidate: /data/jehc223/RGCL/logging/Retrieval/HateMM/RAC_video_lora_curric_rep2/RAC_lr0.0001_Bz64_Ep30_cosSim_triplet_drop[0.2, 0.4, 0.1]_topK20__PseudoGold_positive_1_hard_negative_1_seed1_hybrid_loss_Qwen2.5-VL-7B-Instruct-LoRA-curric-rep2_HF/ckpt/epoch_model_4_0.8130841121495327.pt
[2026-07-20 04:02:17] [disk_guard]     mtime=2026-07-18 19:26:47 size=40.03MB
[2026-07-20 04:02:17] [disk_guard]     -> b2 subpath: logs/Retrieval/HateMM/RAC_video_lora_curric_rep2/RAC_lr0.0001_Bz64_Ep30_cosSim_triplet_drop[0.2, 0.4, 0.1]_topK20__PseudoGold_positive_1_hard_negative_1_seed1_hybrid_loss_Qwen2.5-VL-7B-Instruct-LoRA-curric-rep2_HF/ckpt/epoch_model_4_0.8130841121495327.pt
[2026-07-20 04:02:17] [disk_guard]     pushing to B2 ...
[2026-07-20 04:02:26] [disk_guard] verify: OK sha1=bc645269e0b3873767dd2ea30d5999fdb83213e4 matches at b2:junyi-data/RGCL_video/logs/Retrieval/HateMM/RAC_video_lora_curric_rep2/RAC_lr0.0001_Bz64_Ep30_cosSim_triplet_drop[0.2, 0.4, 0.1]_topK20__PseudoGold_positive_1_hard_negative_1_seed1_hybrid_loss_Qwen2.5-VL-7B-Instruct-LoRA-curric-rep2_HF/ckpt/epoch_model_4_0.8130841121495327.pt
[2026-07-20 04:02:27] [disk_guard]     PRUNED local (verified on B2): /data/jehc223/RGCL/logging/Retrieval/HateMM/RAC_video_lora_curric_rep2/RAC_lr0.0001_Bz64_Ep30_cosSim_triplet_drop[0.2, 0.4, 0.1]_topK20__PseudoGold_positive_1_hard_negative_1_seed1_hybrid_loss_Qwen2.5-VL-7B-Instruct-LoRA-curric-rep2_HF/ckpt/epoch_model_4_0.8130841121495327.pt  (freed 40.03MB)
[2026-07-20 04:02:27] [disk_guard]   candidate: /data/jehc223/RGCL/logging/Retrieval/HateMM/RAC_video_lora_curric_rep2/RAC_lr0.0001_Bz64_Ep30_cosSim_triplet_drop[0.2, 0.4, 0.1]_topK20__PseudoGold_positive_1_hard_negative_1_seed1_hybrid_loss_Qwen2.5-VL-7B-Instruct-LoRA-curric-rep2_HF/ckpt/epoch_model_5_0.7850467289719626.pt
[2026-07-20 04:02:27] [disk_guard]     mtime=2026-07-18 19:26:48 size=40.03MB
[2026-07-20 04:02:27] [disk_guard]     -> b2 subpath: logs/Retrieval/HateMM/RAC_video_lora_curric_rep2/RAC_lr0.0001_Bz64_Ep30_cosSim_triplet_drop[0.2, 0.4, 0.1]_topK20__PseudoGold_positive_1_hard_negative_1_seed1_hybrid_loss_Qwen2.5-VL-7B-Instruct-LoRA-curric-rep2_HF/ckpt/epoch_model_5_0.7850467289719626.pt
[2026-07-20 04:02:27] [disk_guard]     pushing to B2 ...
[2026-07-20 04:02:36] [disk_guard] verify: OK sha1=562cb031917723735051787551a6ed8dd8e55905 matches at b2:junyi-data/RGCL_video/logs/Retrieval/HateMM/RAC_video_lora_curric_rep2/RAC_lr0.0001_Bz64_Ep30_cosSim_triplet_drop[0.2, 0.4, 0.1]_topK20__PseudoGold_positive_1_hard_negative_1_seed1_hybrid_loss_Qwen2.5-VL-7B-Instruct-LoRA-curric-rep2_HF/ckpt/epoch_model_5_0.7850467289719626.pt
[2026-07-20 04:02:36] [disk_guard]     PRUNED local (verified on B2): /data/jehc223/RGCL/logging/Retrieval/HateMM/RAC_video_lora_curric_rep2/RAC_lr0.0001_Bz64_Ep30_cosSim_triplet_drop[0.2, 0.4, 0.1]_topK20__PseudoGold_positive_1_hard_negative_1_seed1_hybrid_loss_Qwen2.5-VL-7B-Instruct-LoRA-curric-rep2_HF/ckpt/epoch_model_5_0.7850467289719626.pt  (freed 40.03MB)
[2026-07-20 04:02:36] [disk_guard]   candidate: /data/jehc223/RGCL/logging/Retrieval/HateMM/RAC_video_lora_curric_rep2/RAC_lr0.0001_Bz64_Ep30_cosSim_triplet_drop[0.2, 0.4, 0.1]_topK20__PseudoGold_positive_1_hard_negative_1_seed1_hybrid_loss_Qwen2.5-VL-7B-Instruct-LoRA-curric-rep2_HF/ckpt/best_model_5_0.7850467289719626.pt
[2026-07-20 04:02:36] [disk_guard]     mtime=2026-07-18 19:26:48 size=40.03MB
[2026-07-20 04:02:36] [disk_guard]     -> b2 subpath: logs/Retrieval/HateMM/RAC_video_lora_curric_rep2/RAC_lr0.0001_Bz64_Ep30_cosSim_triplet_drop[0.2, 0.4, 0.1]_topK20__PseudoGold_positive_1_hard_negative_1_seed1_hybrid_loss_Qwen2.5-VL-7B-Instruct-LoRA-curric-rep2_HF/ckpt/best_model_5_0.7850467289719626.pt
[2026-07-20 04:02:36] [disk_guard]     pushing to B2 ...
[2026-07-20 04:02:47] [disk_guard] verify: OK sha1=3045721c1133bb484600c3e18e31c75a36afe246 matches at b2:junyi-data/RGCL_video/logs/Retrieval/HateMM/RAC_video_lora_curric_rep2/RAC_lr0.0001_Bz64_Ep30_cosSim_triplet_drop[0.2, 0.4, 0.1]_topK20__PseudoGold_positive_1_hard_negative_1_seed1_hybrid_loss_Qwen2.5-VL-7B-Instruct-LoRA-curric-rep2_HF/ckpt/best_model_5_0.7850467289719626.pt
[2026-07-20 04:02:47] [disk_guard]     PRUNED local (verified on B2): /data/jehc223/RGCL/logging/Retrieval/HateMM/RAC_video_lora_curric_rep2/RAC_lr0.0001_Bz64_Ep30_cosSim_triplet_drop[0.2, 0.4, 0.1]_topK20__PseudoGold_positive_1_hard_negative_1_seed1_hybrid_loss_Qwen2.5-VL-7B-Instruct-LoRA-curric-rep2_HF/ckpt/best_model_5_0.7850467289719626.pt  (freed 40.03MB)
[2026-07-20 04:02:47] [disk_guard]   candidate: /data/jehc223/RGCL/logging/Retrieval/HateMM/RAC_video_lora_curric_rep2/RAC_lr0.0001_Bz64_Ep30_cosSim_triplet_drop[0.2, 0.4, 0.1]_topK20__PseudoGold_positive_1_hard_negative_1_seed1_hybrid_loss_Qwen2.5-VL-7B-Instruct-LoRA-curric-rep2_HF/ckpt/epoch_model_6_0.7663551401869159.pt
[2026-07-20 04:02:47] [disk_guard]     mtime=2026-07-18 19:26:49 size=40.03MB
[2026-07-20 04:02:47] [disk_guard]     -> b2 subpath: logs/Retrieval/HateMM/RAC_video_lora_curric_rep2/RAC_lr0.0001_Bz64_Ep30_cosSim_triplet_drop[0.2, 0.4, 0.1]_topK20__PseudoGold_positive_1_hard_negative_1_seed1_hybrid_loss_Qwen2.5-VL-7B-Instruct-LoRA-curric-rep2_HF/ckpt/epoch_model_6_0.7663551401869159.pt
[2026-07-20 04:02:47] [disk_guard]     pushing to B2 ...
[2026-07-20 04:02:57] [disk_guard] verify: OK sha1=f553499f752d14eeb8303024f350a721e0fae7ed matches at b2:junyi-data/RGCL_video/logs/Retrieval/HateMM/RAC_video_lora_curric_rep2/RAC_lr0.0001_Bz64_Ep30_cosSim_triplet_drop[0.2, 0.4, 0.1]_topK20__PseudoGold_positive_1_hard_negative_1_seed1_hybrid_loss_Qwen2.5-VL-7B-Instruct-LoRA-curric-rep2_HF/ckpt/epoch_model_6_0.7663551401869159.pt
[2026-07-20 04:02:57] [disk_guard]     PRUNED local (verified on B2): /data/jehc223/RGCL/logging/Retrieval/HateMM/RAC_video_lora_curric_rep2/RAC_lr0.0001_Bz64_Ep30_cosSim_triplet_drop[0.2, 0.4, 0.1]_topK20__PseudoGold_positive_1_hard_negative_1_seed1_hybrid_loss_Qwen2.5-VL-7B-Instruct-LoRA-curric-rep2_HF/ckpt/epoch_model_6_0.7663551401869159.pt  (freed 40.03MB)
[2026-07-20 04:02:57] [disk_guard]   candidate: /data/jehc223/RGCL/logging/Retrieval/HateMM/RAC_video_lora_curric_rep2/RAC_lr0.0001_Bz64_Ep30_cosSim_triplet_drop[0.2, 0.4, 0.1]_topK20__PseudoGold_positive_1_hard_negative_1_seed1_hybrid_loss_Qwen2.5-VL-7B-Instruct-LoRA-curric-rep2_HF/ckpt/epoch_model_7_0.7663551401869159.pt
[2026-07-20 04:02:57] [disk_guard]     mtime=2026-07-18 19:26:51 size=40.03MB
[2026-07-20 04:02:57] [disk_guard]     -> b2 subpath: logs/Retrieval/HateMM/RAC_video_lora_curric_rep2/RAC_lr0.0001_Bz64_Ep30_cosSim_triplet_drop[0.2, 0.4, 0.1]_topK20__PseudoGold_positive_1_hard_negative_1_seed1_hybrid_loss_Qwen2.5-VL-7B-Instruct-LoRA-curric-rep2_HF/ckpt/epoch_model_7_0.7663551401869159.pt
[2026-07-20 04:02:57] [disk_guard]     pushing to B2 ...
[2026-07-20 04:03:07] [disk_guard] verify: OK sha1=655e6243a3a73717d859aefc1ea049877325948d matches at b2:junyi-data/RGCL_video/logs/Retrieval/HateMM/RAC_video_lora_curric_rep2/RAC_lr0.0001_Bz64_Ep30_cosSim_triplet_drop[0.2, 0.4, 0.1]_topK20__PseudoGold_positive_1_hard_negative_1_seed1_hybrid_loss_Qwen2.5-VL-7B-Instruct-LoRA-curric-rep2_HF/ckpt/epoch_model_7_0.7663551401869159.pt
[2026-07-20 04:03:07] [disk_guard]     PRUNED local (verified on B2): /data/jehc223/RGCL/logging/Retrieval/HateMM/RAC_video_lora_curric_rep2/RAC_lr0.0001_Bz64_Ep30_cosSim_triplet_drop[0.2, 0.4, 0.1]_topK20__PseudoGold_positive_1_hard_negative_1_seed1_hybrid_loss_Qwen2.5-VL-7B-Instruct-LoRA-curric-rep2_HF/ckpt/epoch_model_7_0.7663551401869159.pt  (freed 40.03MB)
[2026-07-20 04:03:07] [disk_guard]   candidate: /data/jehc223/RGCL/logging/Retrieval/HateMM/RAC_video_lora_curric_rep2/RAC_lr0.0001_Bz64_Ep30_cosSim_triplet_drop[0.2, 0.4, 0.1]_topK20__PseudoGold_positive_1_hard_negative_1_seed1_hybrid_loss_Qwen2.5-VL-7B-Instruct-LoRA-curric-rep2_HF/ckpt/epoch_model_8_0.822429906542056.pt
[2026-07-20 04:03:07] [disk_guard]     mtime=2026-07-18 19:26:53 size=40.03MB
[2026-07-20 04:03:07] [disk_guard]     -> b2 subpath: logs/Retrieval/HateMM/RAC_video_lora_curric_rep2/RAC_lr0.0001_Bz64_Ep30_cosSim_triplet_drop[0.2, 0.4, 0.1]_topK20__PseudoGold_positive_1_hard_negative_1_seed1_hybrid_loss_Qwen2.5-VL-7B-Instruct-LoRA-curric-rep2_HF/ckpt/epoch_model_8_0.822429906542056.pt
[2026-07-20 04:03:07] [disk_guard]     pushing to B2 ...
[2026-07-20 04:03:17] [disk_guard] verify: OK sha1=30bfdaa65e732f2dbe1196dd2274536588261c17 matches at b2:junyi-data/RGCL_video/logs/Retrieval/HateMM/RAC_video_lora_curric_rep2/RAC_lr0.0001_Bz64_Ep30_cosSim_triplet_drop[0.2, 0.4, 0.1]_topK20__PseudoGold_positive_1_hard_negative_1_seed1_hybrid_loss_Qwen2.5-VL-7B-Instruct-LoRA-curric-rep2_HF/ckpt/epoch_model_8_0.822429906542056.pt
[2026-07-20 04:03:17] [disk_guard]     PRUNED local (verified on B2): /data/jehc223/RGCL/logging/Retrieval/HateMM/RAC_video_lora_curric_rep2/RAC_lr0.0001_Bz64_Ep30_cosSim_triplet_drop[0.2, 0.4, 0.1]_topK20__PseudoGold_positive_1_hard_negative_1_seed1_hybrid_loss_Qwen2.5-VL-7B-Instruct-LoRA-curric-rep2_HF/ckpt/epoch_model_8_0.822429906542056.pt  (freed 40.03MB)
[2026-07-20 04:03:17] [disk_guard]   candidate: /data/jehc223/RGCL/logging/Retrieval/HateMM/RAC_video_lora_curric_rep2/RAC_lr0.0001_Bz64_Ep30_cosSim_triplet_drop[0.2, 0.4, 0.1]_topK20__PseudoGold_positive_1_hard_negative_1_seed1_hybrid_loss_Qwen2.5-VL-7B-Instruct-LoRA-curric-rep2_HF/ckpt/best_model_8_0.822429906542056.pt
[2026-07-20 04:03:17] [disk_guard]     mtime=2026-07-18 19:26:53 size=40.03MB
[2026-07-20 04:03:17] [disk_guard]     -> b2 subpath: logs/Retrieval/HateMM/RAC_video_lora_curric_rep2/RAC_lr0.0001_Bz64_Ep30_cosSim_triplet_drop[0.2, 0.4, 0.1]_topK20__PseudoGold_positive_1_hard_negative_1_seed1_hybrid_loss_Qwen2.5-VL-7B-Instruct-LoRA-curric-rep2_HF/ckpt/best_model_8_0.822429906542056.pt
[2026-07-20 04:03:17] [disk_guard]     pushing to B2 ...
[2026-07-20 04:03:26] [disk_guard] verify: OK sha1=ca56cb315739728882e16026b6fef39d03093ac1 matches at b2:junyi-data/RGCL_video/logs/Retrieval/HateMM/RAC_video_lora_curric_rep2/RAC_lr0.0001_Bz64_Ep30_cosSim_triplet_drop[0.2, 0.4, 0.1]_topK20__PseudoGold_positive_1_hard_negative_1_seed1_hybrid_loss_Qwen2.5-VL-7B-Instruct-LoRA-curric-rep2_HF/ckpt/best_model_8_0.822429906542056.pt
[2026-07-20 04:03:26] [disk_guard]     PRUNED local (verified on B2): /data/jehc223/RGCL/logging/Retrieval/HateMM/RAC_video_lora_curric_rep2/RAC_lr0.0001_Bz64_Ep30_cosSim_triplet_drop[0.2, 0.4, 0.1]_topK20__PseudoGold_positive_1_hard_negative_1_seed1_hybrid_loss_Qwen2.5-VL-7B-Instruct-LoRA-curric-rep2_HF/ckpt/best_model_8_0.822429906542056.pt  (freed 40.03MB)
[2026-07-20 04:03:26] [disk_guard]   candidate: /data/jehc223/RGCL/logging/Retrieval/HateMM/RAC_video_lora_curric_rep2/RAC_lr0.0001_Bz64_Ep30_cosSim_triplet_drop[0.2, 0.4, 0.1]_topK20__PseudoGold_positive_1_hard_negative_1_seed1_hybrid_loss_Qwen2.5-VL-7B-Instruct-LoRA-curric-rep2_HF/ckpt/epoch_model_9_0.7757009345794392.pt
[2026-07-20 04:03:26] [disk_guard]     mtime=2026-07-18 19:26:55 size=40.03MB
[2026-07-20 04:03:26] [disk_guard]     -> b2 subpath: logs/Retrieval/HateMM/RAC_video_lora_curric_rep2/RAC_lr0.0001_Bz64_Ep30_cosSim_triplet_drop[0.2, 0.4, 0.1]_topK20__PseudoGold_positive_1_hard_negative_1_seed1_hybrid_loss_Qwen2.5-VL-7B-Instruct-LoRA-curric-rep2_HF/ckpt/epoch_model_9_0.7757009345794392.pt
[2026-07-20 04:03:26] [disk_guard]     pushing to B2 ...
[2026-07-20 04:03:37] [disk_guard] verify: OK sha1=5429590549ac1d952edb88a6f43a5534f4859f51 matches at b2:junyi-data/RGCL_video/logs/Retrieval/HateMM/RAC_video_lora_curric_rep2/RAC_lr0.0001_Bz64_Ep30_cosSim_triplet_drop[0.2, 0.4, 0.1]_topK20__PseudoGold_positive_1_hard_negative_1_seed1_hybrid_loss_Qwen2.5-VL-7B-Instruct-LoRA-curric-rep2_HF/ckpt/epoch_model_9_0.7757009345794392.pt
[2026-07-20 04:03:37] [disk_guard]     PRUNED local (verified on B2): /data/jehc223/RGCL/logging/Retrieval/HateMM/RAC_video_lora_curric_rep2/RAC_lr0.0001_Bz64_Ep30_cosSim_triplet_drop[0.2, 0.4, 0.1]_topK20__PseudoGold_positive_1_hard_negative_1_seed1_hybrid_loss_Qwen2.5-VL-7B-Instruct-LoRA-curric-rep2_HF/ckpt/epoch_model_9_0.7757009345794392.pt  (freed 40.03MB)
[2026-07-20 04:03:37] [disk_guard]   candidate: /data/jehc223/RGCL/logging/Retrieval/HateMM/RAC_video_lora_curric_rep2/RAC_lr0.0001_Bz64_Ep30_cosSim_triplet_drop[0.2, 0.4, 0.1]_topK20__PseudoGold_positive_1_hard_negative_1_seed1_hybrid_loss_Qwen2.5-VL-7B-Instruct-LoRA-curric-rep2_HF/ckpt/epoch_model_10_0.7850467289719626.pt
[2026-07-20 04:03:37] [disk_guard]     mtime=2026-07-18 19:26:56 size=40.03MB
[2026-07-20 04:03:37] [disk_guard]     -> b2 subpath: logs/Retrieval/HateMM/RAC_video_lora_curric_rep2/RAC_lr0.0001_Bz64_Ep30_cosSim_triplet_drop[0.2, 0.4, 0.1]_topK20__PseudoGold_positive_1_hard_negative_1_seed1_hybrid_loss_Qwen2.5-VL-7B-Instruct-LoRA-curric-rep2_HF/ckpt/epoch_model_10_0.7850467289719626.pt
[2026-07-20 04:03:37] [disk_guard]     pushing to B2 ...
[2026-07-20 04:03:47] [disk_guard] verify: OK sha1=272ffba3fd5604e2e08f7cd1efdee551221ac3a8 matches at b2:junyi-data/RGCL_video/logs/Retrieval/HateMM/RAC_video_lora_curric_rep2/RAC_lr0.0001_Bz64_Ep30_cosSim_triplet_drop[0.2, 0.4, 0.1]_topK20__PseudoGold_positive_1_hard_negative_1_seed1_hybrid_loss_Qwen2.5-VL-7B-Instruct-LoRA-curric-rep2_HF/ckpt/epoch_model_10_0.7850467289719626.pt
[2026-07-20 04:03:47] [disk_guard]     PRUNED local (verified on B2): /data/jehc223/RGCL/logging/Retrieval/HateMM/RAC_video_lora_curric_rep2/RAC_lr0.0001_Bz64_Ep30_cosSim_triplet_drop[0.2, 0.4, 0.1]_topK20__PseudoGold_positive_1_hard_negative_1_seed1_hybrid_loss_Qwen2.5-VL-7B-Instruct-LoRA-curric-rep2_HF/ckpt/epoch_model_10_0.7850467289719626.pt  (freed 40.03MB)
[2026-07-20 04:03:47] [disk_guard]   candidate: /data/jehc223/RGCL/logging/Retrieval/HateMM/RAC_video_lora_curric_rep2/RAC_lr0.0001_Bz64_Ep30_cosSim_triplet_drop[0.2, 0.4, 0.1]_topK20__PseudoGold_positive_1_hard_negative_1_seed1_hybrid_loss_Qwen2.5-VL-7B-Instruct-LoRA-curric-rep2_HF/ckpt/epoch_model_11_0.8130841121495327.pt
[2026-07-20 04:03:47] [disk_guard]     mtime=2026-07-18 19:26:57 size=40.03MB
[2026-07-20 04:03:47] [disk_guard]     -> b2 subpath: logs/Retrieval/HateMM/RAC_video_lora_curric_rep2/RAC_lr0.0001_Bz64_Ep30_cosSim_triplet_drop[0.2, 0.4, 0.1]_topK20__PseudoGold_positive_1_hard_negative_1_seed1_hybrid_loss_Qwen2.5-VL-7B-Instruct-LoRA-curric-rep2_HF/ckpt/epoch_model_11_0.8130841121495327.pt
[2026-07-20 04:03:47] [disk_guard]     pushing to B2 ...
[2026-07-20 04:03:59] [disk_guard] verify: OK sha1=bdc32a4115720cfffb226098e64fc51e34f10dec matches at b2:junyi-data/RGCL_video/logs/Retrieval/HateMM/RAC_video_lora_curric_rep2/RAC_lr0.0001_Bz64_Ep30_cosSim_triplet_drop[0.2, 0.4, 0.1]_topK20__PseudoGold_positive_1_hard_negative_1_seed1_hybrid_loss_Qwen2.5-VL-7B-Instruct-LoRA-curric-rep2_HF/ckpt/epoch_model_11_0.8130841121495327.pt
[2026-07-20 04:03:59] [disk_guard]     PRUNED local (verified on B2): /data/jehc223/RGCL/logging/Retrieval/HateMM/RAC_video_lora_curric_rep2/RAC_lr0.0001_Bz64_Ep30_cosSim_triplet_drop[0.2, 0.4, 0.1]_topK20__PseudoGold_positive_1_hard_negative_1_seed1_hybrid_loss_Qwen2.5-VL-7B-Instruct-LoRA-curric-rep2_HF/ckpt/epoch_model_11_0.8130841121495327.pt  (freed 40.03MB)
[2026-07-20 04:03:59] [disk_guard]   candidate: /data/jehc223/RGCL/logging/Retrieval/HateMM/RAC_video_lora_curric_rep2/RAC_lr0.0001_Bz64_Ep30_cosSim_triplet_drop[0.2, 0.4, 0.1]_topK20__PseudoGold_positive_1_hard_negative_1_seed1_hybrid_loss_Qwen2.5-VL-7B-Instruct-LoRA-curric-rep2_HF/ckpt/epoch_model_12_0.8037383177570093.pt
[2026-07-20 04:03:59] [disk_guard]     mtime=2026-07-18 19:26:58 size=40.03MB
[2026-07-20 04:03:59] [disk_guard]     -> b2 subpath: logs/Retrieval/HateMM/RAC_video_lora_curric_rep2/RAC_lr0.0001_Bz64_Ep30_cosSim_triplet_drop[0.2, 0.4, 0.1]_topK20__PseudoGold_positive_1_hard_negative_1_seed1_hybrid_loss_Qwen2.5-VL-7B-Instruct-LoRA-curric-rep2_HF/ckpt/epoch_model_12_0.8037383177570093.pt
[2026-07-20 04:03:59] [disk_guard]     pushing to B2 ...
[2026-07-20 04:04:09] [disk_guard] verify: OK sha1=113de3c2c4cb79fc8fd9dcf371747281496f3d53 matches at b2:junyi-data/RGCL_video/logs/Retrieval/HateMM/RAC_video_lora_curric_rep2/RAC_lr0.0001_Bz64_Ep30_cosSim_triplet_drop[0.2, 0.4, 0.1]_topK20__PseudoGold_positive_1_hard_negative_1_seed1_hybrid_loss_Qwen2.5-VL-7B-Instruct-LoRA-curric-rep2_HF/ckpt/epoch_model_12_0.8037383177570093.pt
[2026-07-20 04:04:09] [disk_guard]     PRUNED local (verified on B2): /data/jehc223/RGCL/logging/Retrieval/HateMM/RAC_video_lora_curric_rep2/RAC_lr0.0001_Bz64_Ep30_cosSim_triplet_drop[0.2, 0.4, 0.1]_topK20__PseudoGold_positive_1_hard_negative_1_seed1_hybrid_loss_Qwen2.5-VL-7B-Instruct-LoRA-curric-rep2_HF/ckpt/epoch_model_12_0.8037383177570093.pt  (freed 40.03MB)
[2026-07-20 04:04:09] [disk_guard]   candidate: /data/jehc223/RGCL/logging/Retrieval/HateMM/RAC_video_lora_curric_rep2/RAC_lr0.0001_Bz64_Ep30_cosSim_triplet_drop[0.2, 0.4, 0.1]_topK20__PseudoGold_positive_1_hard_negative_1_seed1_hybrid_loss_Qwen2.5-VL-7B-Instruct-LoRA-curric-rep2_HF/ckpt/epoch_model_13_0.8411214953271028.pt
[2026-07-20 04:04:09] [disk_guard]     mtime=2026-07-18 19:26:59 size=40.03MB
[2026-07-20 04:04:09] [disk_guard]     -> b2 subpath: logs/Retrieval/HateMM/RAC_video_lora_curric_rep2/RAC_lr0.0001_Bz64_Ep30_cosSim_triplet_drop[0.2, 0.4, 0.1]_topK20__PseudoGold_positive_1_hard_negative_1_seed1_hybrid_loss_Qwen2.5-VL-7B-Instruct-LoRA-curric-rep2_HF/ckpt/epoch_model_13_0.8411214953271028.pt
[2026-07-20 04:04:09] [disk_guard]     pushing to B2 ...
[2026-07-20 04:04:19] [disk_guard] verify: OK sha1=aa1a5810156455fbbbf4a37de61d2742777b0403 matches at b2:junyi-data/RGCL_video/logs/Retrieval/HateMM/RAC_video_lora_curric_rep2/RAC_lr0.0001_Bz64_Ep30_cosSim_triplet_drop[0.2, 0.4, 0.1]_topK20__PseudoGold_positive_1_hard_negative_1_seed1_hybrid_loss_Qwen2.5-VL-7B-Instruct-LoRA-curric-rep2_HF/ckpt/epoch_model_13_0.8411214953271028.pt
[2026-07-20 04:04:19] [disk_guard]     PRUNED local (verified on B2): /data/jehc223/RGCL/logging/Retrieval/HateMM/RAC_video_lora_curric_rep2/RAC_lr0.0001_Bz64_Ep30_cosSim_triplet_drop[0.2, 0.4, 0.1]_topK20__PseudoGold_positive_1_hard_negative_1_seed1_hybrid_loss_Qwen2.5-VL-7B-Instruct-LoRA-curric-rep2_HF/ckpt/epoch_model_13_0.8411214953271028.pt  (freed 40.03MB)
[2026-07-20 04:04:19] [disk_guard]   candidate: /data/jehc223/RGCL/logging/Retrieval/HateMM/RAC_video_lora_curric_rep2/RAC_lr0.0001_Bz64_Ep30_cosSim_triplet_drop[0.2, 0.4, 0.1]_topK20__PseudoGold_positive_1_hard_negative_1_seed1_hybrid_loss_Qwen2.5-VL-7B-Instruct-LoRA-curric-rep2_HF/ckpt/best_model_13_0.8411214953271028.pt
[2026-07-20 04:04:19] [disk_guard]     mtime=2026-07-18 19:26:59 size=40.03MB
[2026-07-20 04:04:19] [disk_guard]     -> b2 subpath: logs/Retrieval/HateMM/RAC_video_lora_curric_rep2/RAC_lr0.0001_Bz64_Ep30_cosSim_triplet_drop[0.2, 0.4, 0.1]_topK20__PseudoGold_positive_1_hard_negative_1_seed1_hybrid_loss_Qwen2.5-VL-7B-Instruct-LoRA-curric-rep2_HF/ckpt/best_model_13_0.8411214953271028.pt
[2026-07-20 04:04:19] [disk_guard]     pushing to B2 ...
[2026-07-20 04:04:29] [disk_guard] verify: OK sha1=a425e0951c4a121fa712c3395796b72a5c513b26 matches at b2:junyi-data/RGCL_video/logs/Retrieval/HateMM/RAC_video_lora_curric_rep2/RAC_lr0.0001_Bz64_Ep30_cosSim_triplet_drop[0.2, 0.4, 0.1]_topK20__PseudoGold_positive_1_hard_negative_1_seed1_hybrid_loss_Qwen2.5-VL-7B-Instruct-LoRA-curric-rep2_HF/ckpt/best_model_13_0.8411214953271028.pt
[2026-07-20 04:04:29] [disk_guard]     PRUNED local (verified on B2): /data/jehc223/RGCL/logging/Retrieval/HateMM/RAC_video_lora_curric_rep2/RAC_lr0.0001_Bz64_Ep30_cosSim_triplet_drop[0.2, 0.4, 0.1]_topK20__PseudoGold_positive_1_hard_negative_1_seed1_hybrid_loss_Qwen2.5-VL-7B-Instruct-LoRA-curric-rep2_HF/ckpt/best_model_13_0.8411214953271028.pt  (freed 40.03MB)
[2026-07-20 04:04:29] [disk_guard]   candidate: /data/jehc223/RGCL/logging/Retrieval/HateMM/RAC_video_lora_curric_rep2/RAC_lr0.0001_Bz64_Ep30_cosSim_triplet_drop[0.2, 0.4, 0.1]_topK20__PseudoGold_positive_1_hard_negative_1_seed1_hybrid_loss_Qwen2.5-VL-7B-Instruct-LoRA-curric-rep2_HF/ckpt/epoch_model_14_0.8317757009345794.pt
[2026-07-20 04:04:29] [disk_guard]     mtime=2026-07-18 19:27:00 size=40.03MB
[2026-07-20 04:04:29] [disk_guard]     -> b2 subpath: logs/Retrieval/HateMM/RAC_video_lora_curric_rep2/RAC_lr0.0001_Bz64_Ep30_cosSim_triplet_drop[0.2, 0.4, 0.1]_topK20__PseudoGold_positive_1_hard_negative_1_seed1_hybrid_loss_Qwen2.5-VL-7B-Instruct-LoRA-curric-rep2_HF/ckpt/epoch_model_14_0.8317757009345794.pt
[2026-07-20 04:04:29] [disk_guard]     pushing to B2 ...
[2026-07-20 04:04:39] [disk_guard] verify: OK sha1=4b86f8502f30a09a1dc3c1bda4f384b33d507e0f matches at b2:junyi-data/RGCL_video/logs/Retrieval/HateMM/RAC_video_lora_curric_rep2/RAC_lr0.0001_Bz64_Ep30_cosSim_triplet_drop[0.2, 0.4, 0.1]_topK20__PseudoGold_positive_1_hard_negative_1_seed1_hybrid_loss_Qwen2.5-VL-7B-Instruct-LoRA-curric-rep2_HF/ckpt/epoch_model_14_0.8317757009345794.pt
[2026-07-20 04:04:39] [disk_guard]     PRUNED local (verified on B2): /data/jehc223/RGCL/logging/Retrieval/HateMM/RAC_video_lora_curric_rep2/RAC_lr0.0001_Bz64_Ep30_cosSim_triplet_drop[0.2, 0.4, 0.1]_topK20__PseudoGold_positive_1_hard_negative_1_seed1_hybrid_loss_Qwen2.5-VL-7B-Instruct-LoRA-curric-rep2_HF/ckpt/epoch_model_14_0.8317757009345794.pt  (freed 40.03MB)
[2026-07-20 04:04:39] [disk_guard]   candidate: /data/jehc223/RGCL/logging/Retrieval/HateMM/RAC_video_lora_curric_rep2/RAC_lr0.0001_Bz64_Ep30_cosSim_triplet_drop[0.2, 0.4, 0.1]_topK20__PseudoGold_positive_1_hard_negative_1_seed1_hybrid_loss_Qwen2.5-VL-7B-Instruct-LoRA-curric-rep2_HF/ckpt/epoch_model_15_0.8598130841121495.pt
[2026-07-20 04:04:39] [disk_guard]     mtime=2026-07-18 19:27:01 size=40.03MB
[2026-07-20 04:04:39] [disk_guard]     -> b2 subpath: logs/Retrieval/HateMM/RAC_video_lora_curric_rep2/RAC_lr0.0001_Bz64_Ep30_cosSim_triplet_drop[0.2, 0.4, 0.1]_topK20__PseudoGold_positive_1_hard_negative_1_seed1_hybrid_loss_Qwen2.5-VL-7B-Instruct-LoRA-curric-rep2_HF/ckpt/epoch_model_15_0.8598130841121495.pt
[2026-07-20 04:04:39] [disk_guard]     pushing to B2 ...
[2026-07-20 04:04:50] [disk_guard] verify: OK sha1=02ba4c6365c63114b57af33719da1d8096777807 matches at b2:junyi-data/RGCL_video/logs/Retrieval/HateMM/RAC_video_lora_curric_rep2/RAC_lr0.0001_Bz64_Ep30_cosSim_triplet_drop[0.2, 0.4, 0.1]_topK20__PseudoGold_positive_1_hard_negative_1_seed1_hybrid_loss_Qwen2.5-VL-7B-Instruct-LoRA-curric-rep2_HF/ckpt/epoch_model_15_0.8598130841121495.pt
[2026-07-20 04:04:50] [disk_guard]     PRUNED local (verified on B2): /data/jehc223/RGCL/logging/Retrieval/HateMM/RAC_video_lora_curric_rep2/RAC_lr0.0001_Bz64_Ep30_cosSim_triplet_drop[0.2, 0.4, 0.1]_topK20__PseudoGold_positive_1_hard_negative_1_seed1_hybrid_loss_Qwen2.5-VL-7B-Instruct-LoRA-curric-rep2_HF/ckpt/epoch_model_15_0.8598130841121495.pt  (freed 40.03MB)
[2026-07-20 04:04:50] [disk_guard]   candidate: /data/jehc223/RGCL/logging/Retrieval/HateMM/RAC_video_lora_curric_rep2/RAC_lr0.0001_Bz64_Ep30_cosSim_triplet_drop[0.2, 0.4, 0.1]_topK20__PseudoGold_positive_1_hard_negative_1_seed1_hybrid_loss_Qwen2.5-VL-7B-Instruct-LoRA-curric-rep2_HF/ckpt/best_model_15_0.8598130841121495.pt
[2026-07-20 04:04:50] [disk_guard]     mtime=2026-07-18 19:27:01 size=40.03MB
[2026-07-20 04:04:50] [disk_guard]     -> b2 subpath: logs/Retrieval/HateMM/RAC_video_lora_curric_rep2/RAC_lr0.0001_Bz64_Ep30_cosSim_triplet_drop[0.2, 0.4, 0.1]_topK20__PseudoGold_positive_1_hard_negative_1_seed1_hybrid_loss_Qwen2.5-VL-7B-Instruct-LoRA-curric-rep2_HF/ckpt/best_model_15_0.8598130841121495.pt
[2026-07-20 04:04:50] [disk_guard]     pushing to B2 ...
[2026-07-20 04:05:00] [disk_guard] verify: OK sha1=1274d6dffe0b9ad21cbb30bcbba67774081b9611 matches at b2:junyi-data/RGCL_video/logs/Retrieval/HateMM/RAC_video_lora_curric_rep2/RAC_lr0.0001_Bz64_Ep30_cosSim_triplet_drop[0.2, 0.4, 0.1]_topK20__PseudoGold_positive_1_hard_negative_1_seed1_hybrid_loss_Qwen2.5-VL-7B-Instruct-LoRA-curric-rep2_HF/ckpt/best_model_15_0.8598130841121495.pt
[2026-07-20 04:05:00] [disk_guard]     PRUNED local (verified on B2): /data/jehc223/RGCL/logging/Retrieval/HateMM/RAC_video_lora_curric_rep2/RAC_lr0.0001_Bz64_Ep30_cosSim_triplet_drop[0.2, 0.4, 0.1]_topK20__PseudoGold_positive_1_hard_negative_1_seed1_hybrid_loss_Qwen2.5-VL-7B-Instruct-LoRA-curric-rep2_HF/ckpt/best_model_15_0.8598130841121495.pt  (freed 40.03MB)
[2026-07-20 04:05:00] [disk_guard]   candidate: /data/jehc223/RGCL/logging/Retrieval/HateMM/RAC_video_lora_curric_rep2/RAC_lr0.0001_Bz64_Ep30_cosSim_triplet_drop[0.2, 0.4, 0.1]_topK20__PseudoGold_positive_1_hard_negative_1_seed1_hybrid_loss_Qwen2.5-VL-7B-Instruct-LoRA-curric-rep2_HF/ckpt/epoch_model_16_0.8691588785046729.pt
[2026-07-20 04:05:00] [disk_guard]     mtime=2026-07-18 19:27:02 size=40.03MB
[2026-07-20 04:05:00] [disk_guard]     -> b2 subpath: logs/Retrieval/HateMM/RAC_video_lora_curric_rep2/RAC_lr0.0001_Bz64_Ep30_cosSim_triplet_drop[0.2, 0.4, 0.1]_topK20__PseudoGold_positive_1_hard_negative_1_seed1_hybrid_loss_Qwen2.5-VL-7B-Instruct-LoRA-curric-rep2_HF/ckpt/epoch_model_16_0.8691588785046729.pt
[2026-07-20 04:05:00] [disk_guard]     pushing to B2 ...
[2026-07-20 04:05:12] [disk_guard]     ERROR: push failed; NOT deleting local. Skipping.
[2026-07-20 04:05:12] [disk_guard]   candidate: /data/jehc223/RGCL/logging/Retrieval/HateMM/RAC_video_lora_curric_rep2/RAC_lr0.0001_Bz64_Ep30_cosSim_triplet_drop[0.2, 0.4, 0.1]_topK20__PseudoGold_positive_1_hard_negative_1_seed1_hybrid_loss_Qwen2.5-VL-7B-Instruct-LoRA-curric-rep2_HF/ckpt/best_model_16_0.8691588785046729.pt
[2026-07-20 04:05:12] [disk_guard]     mtime=2026-07-18 19:27:02 size=40.03MB
[2026-07-20 04:05:12] [disk_guard]     -> b2 subpath: logs/Retrieval/HateMM/RAC_video_lora_curric_rep2/RAC_lr0.0001_Bz64_Ep30_cosSim_triplet_drop[0.2, 0.4, 0.1]_topK20__PseudoGold_positive_1_hard_negative_1_seed1_hybrid_loss_Qwen2.5-VL-7B-Instruct-LoRA-curric-rep2_HF/ckpt/best_model_16_0.8691588785046729.pt
[2026-07-20 04:05:12] [disk_guard]     pushing to B2 ...
[2026-07-20 04:05:21] [disk_guard]     ERROR: push failed; NOT deleting local. Skipping.
[2026-07-20 04:05:21] [disk_guard]   candidate: /data/jehc223/RGCL/logging/Retrieval/HateMM/RAC_video_lora_curric_rep2/RAC_lr0.0001_Bz64_Ep30_cosSim_triplet_drop[0.2, 0.4, 0.1]_topK20__PseudoGold_positive_1_hard_negative_1_seed1_hybrid_loss_Qwen2.5-VL-7B-Instruct-LoRA-curric-rep2_HF/ckpt/epoch_model_17_0.8598130841121495.pt
[2026-07-20 04:05:21] [disk_guard]     mtime=2026-07-18 19:27:03 size=40.03MB
[2026-07-20 04:05:21] [disk_guard]     -> b2 subpath: logs/Retrieval/HateMM/RAC_video_lora_curric_rep2/RAC_lr0.0001_Bz64_Ep30_cosSim_triplet_drop[0.2, 0.4, 0.1]_topK20__PseudoGold_positive_1_hard_negative_1_seed1_hybrid_loss_Qwen2.5-VL-7B-Instruct-LoRA-curric-rep2_HF/ckpt/epoch_model_17_0.8598130841121495.pt
[2026-07-20 04:05:21] [disk_guard]     pushing to B2 ...
[2026-07-20 04:05:31] [disk_guard] verify: OK sha1=0796c135f51116b36ff31f79fbdaebc19b6c522c matches at b2:junyi-data/RGCL_video/logs/Retrieval/HateMM/RAC_video_lora_curric_rep2/RAC_lr0.0001_Bz64_Ep30_cosSim_triplet_drop[0.2, 0.4, 0.1]_topK20__PseudoGold_positive_1_hard_negative_1_seed1_hybrid_loss_Qwen2.5-VL-7B-Instruct-LoRA-curric-rep2_HF/ckpt/epoch_model_17_0.8598130841121495.pt
[2026-07-20 04:05:31] [disk_guard]     PRUNED local (verified on B2): /data/jehc223/RGCL/logging/Retrieval/HateMM/RAC_video_lora_curric_rep2/RAC_lr0.0001_Bz64_Ep30_cosSim_triplet_drop[0.2, 0.4, 0.1]_topK20__PseudoGold_positive_1_hard_negative_1_seed1_hybrid_loss_Qwen2.5-VL-7B-Instruct-LoRA-curric-rep2_HF/ckpt/epoch_model_17_0.8598130841121495.pt  (freed 40.03MB)
[2026-07-20 04:05:31] [disk_guard]   candidate: /data/jehc223/RGCL/logging/Retrieval/HateMM/RAC_video_lora_curric_rep2/RAC_lr0.0001_Bz64_Ep30_cosSim_triplet_drop[0.2, 0.4, 0.1]_topK20__PseudoGold_positive_1_hard_negative_1_seed1_hybrid_loss_Qwen2.5-VL-7B-Instruct-LoRA-curric-rep2_HF/ckpt/epoch_model_18_0.8411214953271028.pt
[2026-07-20 04:05:31] [disk_guard]     mtime=2026-07-18 19:27:04 size=40.03MB
[2026-07-20 04:05:31] [disk_guard]     -> b2 subpath: logs/Retrieval/HateMM/RAC_video_lora_curric_rep2/RAC_lr0.0001_Bz64_Ep30_cosSim_triplet_drop[0.2, 0.4, 0.1]_topK20__PseudoGold_positive_1_hard_negative_1_seed1_hybrid_loss_Qwen2.5-VL-7B-Instruct-LoRA-curric-rep2_HF/ckpt/epoch_model_18_0.8411214953271028.pt
[2026-07-20 04:05:31] [disk_guard]     pushing to B2 ...
[2026-07-20 04:05:40] [disk_guard]     ERROR: push failed; NOT deleting local. Skipping.
[2026-07-20 04:05:40] [disk_guard]   candidate: /data/jehc223/RGCL/logging/Retrieval/HateMM/RAC_video_lora_curric_rep2/RAC_lr0.0001_Bz64_Ep30_cosSim_triplet_drop[0.2, 0.4, 0.1]_topK20__PseudoGold_positive_1_hard_negative_1_seed1_hybrid_loss_Qwen2.5-VL-7B-Instruct-LoRA-curric-rep2_HF/ckpt/epoch_model_19_0.8317757009345794.pt
[2026-07-20 04:05:40] [disk_guard]     mtime=2026-07-18 19:27:05 size=40.03MB
[2026-07-20 04:05:40] [disk_guard]     -> b2 subpath: logs/Retrieval/HateMM/RAC_video_lora_curric_rep2/RAC_lr0.0001_Bz64_Ep30_cosSim_triplet_drop[0.2, 0.4, 0.1]_topK20__PseudoGold_positive_1_hard_negative_1_seed1_hybrid_loss_Qwen2.5-VL-7B-Instruct-LoRA-curric-rep2_HF/ckpt/epoch_model_19_0.8317757009345794.pt
[2026-07-20 04:05:40] [disk_guard]     pushing to B2 ...
[2026-07-20 04:05:50] [disk_guard] verify: OK sha1=243ce6a0d696abaf2b9600051dcdd5fe1f6d1e0b matches at b2:junyi-data/RGCL_video/logs/Retrieval/HateMM/RAC_video_lora_curric_rep2/RAC_lr0.0001_Bz64_Ep30_cosSim_triplet_drop[0.2, 0.4, 0.1]_topK20__PseudoGold_positive_1_hard_negative_1_seed1_hybrid_loss_Qwen2.5-VL-7B-Instruct-LoRA-curric-rep2_HF/ckpt/epoch_model_19_0.8317757009345794.pt
[2026-07-20 04:05:50] [disk_guard]     PRUNED local (verified on B2): /data/jehc223/RGCL/logging/Retrieval/HateMM/RAC_video_lora_curric_rep2/RAC_lr0.0001_Bz64_Ep30_cosSim_triplet_drop[0.2, 0.4, 0.1]_topK20__PseudoGold_positive_1_hard_negative_1_seed1_hybrid_loss_Qwen2.5-VL-7B-Instruct-LoRA-curric-rep2_HF/ckpt/epoch_model_19_0.8317757009345794.pt  (freed 40.03MB)
[2026-07-20 04:05:50] [disk_guard]   candidate: /data/jehc223/RGCL/logging/Retrieval/HateMM/RAC_video_lora_curric_rep2/RAC_lr0.0001_Bz64_Ep30_cosSim_triplet_drop[0.2, 0.4, 0.1]_topK20__PseudoGold_positive_1_hard_negative_1_seed1_hybrid_loss_Qwen2.5-VL-7B-Instruct-LoRA-curric-rep2_HF/ckpt/epoch_model_20_0.8504672897196262.pt
[2026-07-20 04:05:50] [disk_guard]     mtime=2026-07-18 19:27:06 size=40.03MB
[2026-07-20 04:05:50] [disk_guard]     -> b2 subpath: logs/Retrieval/HateMM/RAC_video_lora_curric_rep2/RAC_lr0.0001_Bz64_Ep30_cosSim_triplet_drop[0.2, 0.4, 0.1]_topK20__PseudoGold_positive_1_hard_negative_1_seed1_hybrid_loss_Qwen2.5-VL-7B-Instruct-LoRA-curric-rep2_HF/ckpt/epoch_model_20_0.8504672897196262.pt
[2026-07-20 04:05:50] [disk_guard]     pushing to B2 ...
[2026-07-20 04:06:01] [disk_guard] verify: OK sha1=ae55ebddcf5723ea0298ff4c78e9d9f3d26ec9b0 matches at b2:junyi-data/RGCL_video/logs/Retrieval/HateMM/RAC_video_lora_curric_rep2/RAC_lr0.0001_Bz64_Ep30_cosSim_triplet_drop[0.2, 0.4, 0.1]_topK20__PseudoGold_positive_1_hard_negative_1_seed1_hybrid_loss_Qwen2.5-VL-7B-Instruct-LoRA-curric-rep2_HF/ckpt/epoch_model_20_0.8504672897196262.pt
[2026-07-20 04:06:01] [disk_guard]     PRUNED local (verified on B2): /data/jehc223/RGCL/logging/Retrieval/HateMM/RAC_video_lora_curric_rep2/RAC_lr0.0001_Bz64_Ep30_cosSim_triplet_drop[0.2, 0.4, 0.1]_topK20__PseudoGold_positive_1_hard_negative_1_seed1_hybrid_loss_Qwen2.5-VL-7B-Instruct-LoRA-curric-rep2_HF/ckpt/epoch_model_20_0.8504672897196262.pt  (freed 40.03MB)
[2026-07-20 04:06:01] [disk_guard]   candidate: /data/jehc223/RGCL/logging/Retrieval/HateMM/RAC_video_lora_curric_rep2/RAC_lr0.0001_Bz64_Ep30_cosSim_triplet_drop[0.2, 0.4, 0.1]_topK20__PseudoGold_positive_1_hard_negative_1_seed1_hybrid_loss_Qwen2.5-VL-7B-Instruct-LoRA-curric-rep2_HF/ckpt/epoch_model_21_0.8411214953271028.pt
[2026-07-20 04:06:01] [disk_guard]     mtime=2026-07-18 19:27:07 size=40.03MB
[2026-07-20 04:06:01] [disk_guard]     -> b2 subpath: logs/Retrieval/HateMM/RAC_video_lora_curric_rep2/RAC_lr0.0001_Bz64_Ep30_cosSim_triplet_drop[0.2, 0.4, 0.1]_topK20__PseudoGold_positive_1_hard_negative_1_seed1_hybrid_loss_Qwen2.5-VL-7B-Instruct-LoRA-curric-rep2_HF/ckpt/epoch_model_21_0.8411214953271028.pt
[2026-07-20 04:06:01] [disk_guard]     pushing to B2 ...
[2026-07-20 04:06:10] [disk_guard]     ERROR: push failed; NOT deleting local. Skipping.
[2026-07-20 04:06:10] [disk_guard]   candidate: /data/jehc223/RGCL/logging/Retrieval/HateMM/RAC_video_lora_curric_rep2/RAC_lr0.0001_Bz64_Ep30_cosSim_triplet_drop[0.2, 0.4, 0.1]_topK20__PseudoGold_positive_1_hard_negative_1_seed1_hybrid_loss_Qwen2.5-VL-7B-Instruct-LoRA-curric-rep2_HF/ckpt/epoch_model_22_0.8411214953271028.pt
[2026-07-20 04:06:10] [disk_guard]     mtime=2026-07-18 19:27:08 size=40.03MB
[2026-07-20 04:06:10] [disk_guard]     -> b2 subpath: logs/Retrieval/HateMM/RAC_video_lora_curric_rep2/RAC_lr0.0001_Bz64_Ep30_cosSim_triplet_drop[0.2, 0.4, 0.1]_topK20__PseudoGold_positive_1_hard_negative_1_seed1_hybrid_loss_Qwen2.5-VL-7B-Instruct-LoRA-curric-rep2_HF/ckpt/epoch_model_22_0.8411214953271028.pt
[2026-07-20 04:06:10] [disk_guard]     pushing to B2 ...
[2026-07-20 04:06:19] [disk_guard] verify: OK sha1=866c543ea91aab2630ddf28374e901046f3b9c4a matches at b2:junyi-data/RGCL_video/logs/Retrieval/HateMM/RAC_video_lora_curric_rep2/RAC_lr0.0001_Bz64_Ep30_cosSim_triplet_drop[0.2, 0.4, 0.1]_topK20__PseudoGold_positive_1_hard_negative_1_seed1_hybrid_loss_Qwen2.5-VL-7B-Instruct-LoRA-curric-rep2_HF/ckpt/epoch_model_22_0.8411214953271028.pt
[2026-07-20 04:06:19] [disk_guard]     PRUNED local (verified on B2): /data/jehc223/RGCL/logging/Retrieval/HateMM/RAC_video_lora_curric_rep2/RAC_lr0.0001_Bz64_Ep30_cosSim_triplet_drop[0.2, 0.4, 0.1]_topK20__PseudoGold_positive_1_hard_negative_1_seed1_hybrid_loss_Qwen2.5-VL-7B-Instruct-LoRA-curric-rep2_HF/ckpt/epoch_model_22_0.8411214953271028.pt  (freed 40.03MB)
[2026-07-20 04:06:19] [disk_guard]   candidate: /data/jehc223/RGCL/logging/Retrieval/HateMM/RAC_video_lora_curric_rep2/RAC_lr0.0001_Bz64_Ep30_cosSim_triplet_drop[0.2, 0.4, 0.1]_topK20__PseudoGold_positive_1_hard_negative_1_seed1_hybrid_loss_Qwen2.5-VL-7B-Instruct-LoRA-curric-rep2_HF/ckpt/epoch_model_23_0.8504672897196262.pt
[2026-07-20 04:06:19] [disk_guard]     mtime=2026-07-18 19:27:09 size=40.03MB
[2026-07-20 04:06:19] [disk_guard]     -> b2 subpath: logs/Retrieval/HateMM/RAC_video_lora_curric_rep2/RAC_lr0.0001_Bz64_Ep30_cosSim_triplet_drop[0.2, 0.4, 0.1]_topK20__PseudoGold_positive_1_hard_negative_1_seed1_hybrid_loss_Qwen2.5-VL-7B-Instruct-LoRA-curric-rep2_HF/ckpt/epoch_model_23_0.8504672897196262.pt
[2026-07-20 04:06:19] [disk_guard]     pushing to B2 ...
[2026-07-20 04:06:29] [disk_guard] verify: OK sha1=829937abe8f3ade9e65076981e8a33be33a6805b matches at b2:junyi-data/RGCL_video/logs/Retrieval/HateMM/RAC_video_lora_curric_rep2/RAC_lr0.0001_Bz64_Ep30_cosSim_triplet_drop[0.2, 0.4, 0.1]_topK20__PseudoGold_positive_1_hard_negative_1_seed1_hybrid_loss_Qwen2.5-VL-7B-Instruct-LoRA-curric-rep2_HF/ckpt/epoch_model_23_0.8504672897196262.pt
[2026-07-20 04:06:29] [disk_guard]     PRUNED local (verified on B2): /data/jehc223/RGCL/logging/Retrieval/HateMM/RAC_video_lora_curric_rep2/RAC_lr0.0001_Bz64_Ep30_cosSim_triplet_drop[0.2, 0.4, 0.1]_topK20__PseudoGold_positive_1_hard_negative_1_seed1_hybrid_loss_Qwen2.5-VL-7B-Instruct-LoRA-curric-rep2_HF/ckpt/epoch_model_23_0.8504672897196262.pt  (freed 40.03MB)
[2026-07-20 04:06:29] [disk_guard]   candidate: /data/jehc223/RGCL/logging/Retrieval/HateMM/RAC_video_lora_curric_rep2/RAC_lr0.0001_Bz64_Ep30_cosSim_triplet_drop[0.2, 0.4, 0.1]_topK20__PseudoGold_positive_1_hard_negative_1_seed1_hybrid_loss_Qwen2.5-VL-7B-Instruct-LoRA-curric-rep2_HF/ckpt/epoch_model_24_0.8317757009345794.pt
[2026-07-20 04:06:29] [disk_guard]     mtime=2026-07-18 19:27:10 size=40.03MB
[2026-07-20 04:06:29] [disk_guard]     -> b2 subpath: logs/Retrieval/HateMM/RAC_video_lora_curric_rep2/RAC_lr0.0001_Bz64_Ep30_cosSim_triplet_drop[0.2, 0.4, 0.1]_topK20__PseudoGold_positive_1_hard_negative_1_seed1_hybrid_loss_Qwen2.5-VL-7B-Instruct-LoRA-curric-rep2_HF/ckpt/epoch_model_24_0.8317757009345794.pt
[2026-07-20 04:06:29] [disk_guard]     pushing to B2 ...
[2026-07-20 04:06:41] [disk_guard] verify: OK sha1=99c747b1b37107aa284351e4aded53d9d25c709f matches at b2:junyi-data/RGCL_video/logs/Retrieval/HateMM/RAC_video_lora_curric_rep2/RAC_lr0.0001_Bz64_Ep30_cosSim_triplet_drop[0.2, 0.4, 0.1]_topK20__PseudoGold_positive_1_hard_negative_1_seed1_hybrid_loss_Qwen2.5-VL-7B-Instruct-LoRA-curric-rep2_HF/ckpt/epoch_model_24_0.8317757009345794.pt
[2026-07-20 04:06:41] [disk_guard]     PRUNED local (verified on B2): /data/jehc223/RGCL/logging/Retrieval/HateMM/RAC_video_lora_curric_rep2/RAC_lr0.0001_Bz64_Ep30_cosSim_triplet_drop[0.2, 0.4, 0.1]_topK20__PseudoGold_positive_1_hard_negative_1_seed1_hybrid_loss_Qwen2.5-VL-7B-Instruct-LoRA-curric-rep2_HF/ckpt/epoch_model_24_0.8317757009345794.pt  (freed 40.03MB)
[2026-07-20 04:06:41] [disk_guard]   candidate: /data/jehc223/RGCL/logging/Retrieval/HateMM/RAC_video_lora_curric_rep2/RAC_lr0.0001_Bz64_Ep30_cosSim_triplet_drop[0.2, 0.4, 0.1]_topK20__PseudoGold_positive_1_hard_negative_1_seed1_hybrid_loss_Qwen2.5-VL-7B-Instruct-LoRA-curric-rep2_HF/ckpt/epoch_model_25_0.8317757009345794.pt
[2026-07-20 04:06:41] [disk_guard]     mtime=2026-07-18 19:27:11 size=40.03MB
[2026-07-20 04:06:41] [disk_guard]     -> b2 subpath: logs/Retrieval/HateMM/RAC_video_lora_curric_rep2/RAC_lr0.0001_Bz64_Ep30_cosSim_triplet_drop[0.2, 0.4, 0.1]_topK20__PseudoGold_positive_1_hard_negative_1_seed1_hybrid_loss_Qwen2.5-VL-7B-Instruct-LoRA-curric-rep2_HF/ckpt/epoch_model_25_0.8317757009345794.pt
[2026-07-20 04:06:41] [disk_guard]     pushing to B2 ...
[2026-07-20 04:06:51] [disk_guard] verify: OK sha1=bb0f729081dc92a6d480931530d82d386be3e8b8 matches at b2:junyi-data/RGCL_video/logs/Retrieval/HateMM/RAC_video_lora_curric_rep2/RAC_lr0.0001_Bz64_Ep30_cosSim_triplet_drop[0.2, 0.4, 0.1]_topK20__PseudoGold_positive_1_hard_negative_1_seed1_hybrid_loss_Qwen2.5-VL-7B-Instruct-LoRA-curric-rep2_HF/ckpt/epoch_model_25_0.8317757009345794.pt
[2026-07-20 04:06:51] [disk_guard]     PRUNED local (verified on B2): /data/jehc223/RGCL/logging/Retrieval/HateMM/RAC_video_lora_curric_rep2/RAC_lr0.0001_Bz64_Ep30_cosSim_triplet_drop[0.2, 0.4, 0.1]_topK20__PseudoGold_positive_1_hard_negative_1_seed1_hybrid_loss_Qwen2.5-VL-7B-Instruct-LoRA-curric-rep2_HF/ckpt/epoch_model_25_0.8317757009345794.pt  (freed 40.03MB)
[2026-07-20 04:06:51] [disk_guard]   candidate: /data/jehc223/RGCL/logging/Retrieval/HateMM/RAC_video_lora_curric_rep2/RAC_lr0.0001_Bz64_Ep30_cosSim_triplet_drop[0.2, 0.4, 0.1]_topK20__PseudoGold_positive_1_hard_negative_1_seed1_hybrid_loss_Qwen2.5-VL-7B-Instruct-LoRA-curric-rep2_HF/ckpt/epoch_model_26_0.8317757009345794.pt
[2026-07-20 04:06:51] [disk_guard]     mtime=2026-07-18 19:27:12 size=40.03MB
[2026-07-20 04:06:51] [disk_guard]     -> b2 subpath: logs/Retrieval/HateMM/RAC_video_lora_curric_rep2/RAC_lr0.0001_Bz64_Ep30_cosSim_triplet_drop[0.2, 0.4, 0.1]_topK20__PseudoGold_positive_1_hard_negative_1_seed1_hybrid_loss_Qwen2.5-VL-7B-Instruct-LoRA-curric-rep2_HF/ckpt/epoch_model_26_0.8317757009345794.pt
[2026-07-20 04:06:51] [disk_guard]     pushing to B2 ...
[2026-07-20 04:07:02] [disk_guard] verify: OK sha1=12a471c1cb589d0b1b176c4c1e006d3d409f8c0f matches at b2:junyi-data/RGCL_video/logs/Retrieval/HateMM/RAC_video_lora_curric_rep2/RAC_lr0.0001_Bz64_Ep30_cosSim_triplet_drop[0.2, 0.4, 0.1]_topK20__PseudoGold_positive_1_hard_negative_1_seed1_hybrid_loss_Qwen2.5-VL-7B-Instruct-LoRA-curric-rep2_HF/ckpt/epoch_model_26_0.8317757009345794.pt
[2026-07-20 04:07:02] [disk_guard]     PRUNED local (verified on B2): /data/jehc223/RGCL/logging/Retrieval/HateMM/RAC_video_lora_curric_rep2/RAC_lr0.0001_Bz64_Ep30_cosSim_triplet_drop[0.2, 0.4, 0.1]_topK20__PseudoGold_positive_1_hard_negative_1_seed1_hybrid_loss_Qwen2.5-VL-7B-Instruct-LoRA-curric-rep2_HF/ckpt/epoch_model_26_0.8317757009345794.pt  (freed 40.03MB)
[2026-07-20 04:07:02] [disk_guard]   candidate: /data/jehc223/RGCL/logging/Retrieval/HateMM/RAC_video_lora_curric_rep2/RAC_lr0.0001_Bz64_Ep30_cosSim_triplet_drop[0.2, 0.4, 0.1]_topK20__PseudoGold_positive_1_hard_negative_1_seed1_hybrid_loss_Qwen2.5-VL-7B-Instruct-LoRA-curric-rep2_HF/ckpt/epoch_model_27_0.8317757009345794.pt
[2026-07-20 04:07:02] [disk_guard]     mtime=2026-07-18 19:27:13 size=40.03MB
[2026-07-20 04:07:02] [disk_guard]     -> b2 subpath: logs/Retrieval/HateMM/RAC_video_lora_curric_rep2/RAC_lr0.0001_Bz64_Ep30_cosSim_triplet_drop[0.2, 0.4, 0.1]_topK20__PseudoGold_positive_1_hard_negative_1_seed1_hybrid_loss_Qwen2.5-VL-7B-Instruct-LoRA-curric-rep2_HF/ckpt/epoch_model_27_0.8317757009345794.pt
[2026-07-20 04:07:02] [disk_guard]     pushing to B2 ...
[2026-07-20 04:07:17] [disk_guard]     ERROR: push failed; NOT deleting local. Skipping.
[2026-07-20 04:07:17] [disk_guard]   candidate: /data/jehc223/RGCL/logging/Retrieval/HateMM/RAC_video_lora_curric_rep2/RAC_lr0.0001_Bz64_Ep30_cosSim_triplet_drop[0.2, 0.4, 0.1]_topK20__PseudoGold_positive_1_hard_negative_1_seed1_hybrid_loss_Qwen2.5-VL-7B-Instruct-LoRA-curric-rep2_HF/ckpt/epoch_model_28_0.822429906542056.pt
[2026-07-20 04:07:17] [disk_guard]     mtime=2026-07-18 19:27:14 size=40.03MB
[2026-07-20 04:07:17] [disk_guard]     -> b2 subpath: logs/Retrieval/HateMM/RAC_video_lora_curric_rep2/RAC_lr0.0001_Bz64_Ep30_cosSim_triplet_drop[0.2, 0.4, 0.1]_topK20__PseudoGold_positive_1_hard_negative_1_seed1_hybrid_loss_Qwen2.5-VL-7B-Instruct-LoRA-curric-rep2_HF/ckpt/epoch_model_28_0.822429906542056.pt
[2026-07-20 04:07:17] [disk_guard]     pushing to B2 ...
[2026-07-20 04:07:21] [disk_guard] verify: OK sha1=63b9f62c86d4eed51a7b89058e687bf6cf6b005a matches at b2:junyi-data/RGCL_video/logs/Retrieval/HateMM/RAC_video_lora_curric_rep2/RAC_lr0.0001_Bz64_Ep30_cosSim_triplet_drop[0.2, 0.4, 0.1]_topK20__PseudoGold_positive_1_hard_negative_1_seed1_hybrid_loss_Qwen2.5-VL-7B-Instruct-LoRA-curric-rep2_HF/ckpt/epoch_model_28_0.822429906542056.pt
[2026-07-20 04:07:21] [disk_guard]     PRUNED local (verified on B2): /data/jehc223/RGCL/logging/Retrieval/HateMM/RAC_video_lora_curric_rep2/RAC_lr0.0001_Bz64_Ep30_cosSim_triplet_drop[0.2, 0.4, 0.1]_topK20__PseudoGold_positive_1_hard_negative_1_seed1_hybrid_loss_Qwen2.5-VL-7B-Instruct-LoRA-curric-rep2_HF/ckpt/epoch_model_28_0.822429906542056.pt  (freed 40.03MB)
[2026-07-20 04:07:21] [disk_guard]   candidate: /data/jehc223/RGCL/logging/Retrieval/HateMM/RAC_video_lora_curric_rep2/RAC_lr0.0001_Bz64_Ep30_cosSim_triplet_drop[0.2, 0.4, 0.1]_topK20__PseudoGold_positive_1_hard_negative_1_seed1_hybrid_loss_Qwen2.5-VL-7B-Instruct-LoRA-curric-rep2_HF/ckpt/epoch_model_29_0.8317757009345794.pt
[2026-07-20 04:07:21] [disk_guard]     mtime=2026-07-18 19:27:15 size=40.03MB
[2026-07-20 04:07:21] [disk_guard]     -> b2 subpath: logs/Retrieval/HateMM/RAC_video_lora_curric_rep2/RAC_lr0.0001_Bz64_Ep30_cosSim_triplet_drop[0.2, 0.4, 0.1]_topK20__PseudoGold_positive_1_hard_negative_1_seed1_hybrid_loss_Qwen2.5-VL-7B-Instruct-LoRA-curric-rep2_HF/ckpt/epoch_model_29_0.8317757009345794.pt
[2026-07-20 04:07:21] [disk_guard]     pushing to B2 ...
[2026-07-20 04:07:32] [disk_guard] verify: OK sha1=3eb6c8944d3b295987c7b968b9b85de378bd4ec1 matches at b2:junyi-data/RGCL_video/logs/Retrieval/HateMM/RAC_video_lora_curric_rep2/RAC_lr0.0001_Bz64_Ep30_cosSim_triplet_drop[0.2, 0.4, 0.1]_topK20__PseudoGold_positive_1_hard_negative_1_seed1_hybrid_loss_Qwen2.5-VL-7B-Instruct-LoRA-curric-rep2_HF/ckpt/epoch_model_29_0.8317757009345794.pt
[2026-07-20 04:07:33] [disk_guard]     PRUNED local (verified on B2): /data/jehc223/RGCL/logging/Retrieval/HateMM/RAC_video_lora_curric_rep2/RAC_lr0.0001_Bz64_Ep30_cosSim_triplet_drop[0.2, 0.4, 0.1]_topK20__PseudoGold_positive_1_hard_negative_1_seed1_hybrid_loss_Qwen2.5-VL-7B-Instruct-LoRA-curric-rep2_HF/ckpt/epoch_model_29_0.8317757009345794.pt  (freed 40.03MB)
[2026-07-20 04:07:33] [disk_guard]   candidate: /data/jehc223/RGCL/logging/Retrieval/HateMM/RAC_video_lora_curric_rep2/RAC_lr0.0001_Bz64_Ep30_cosSim_triplet_drop[0.2, 0.4, 0.1]_topK20__PseudoGold_positive_1_hard_negative_1_seed1_hybrid_loss_Qwen2.5-VL-7B-Instruct-LoRA-curric-rep2_HF/ckpt/last_model_29_0.8317757009345794.pt
[2026-07-20 04:07:33] [disk_guard]     mtime=2026-07-18 19:27:15 size=40.03MB
[2026-07-20 04:07:33] [disk_guard]     -> b2 subpath: logs/Retrieval/HateMM/RAC_video_lora_curric_rep2/RAC_lr0.0001_Bz64_Ep30_cosSim_triplet_drop[0.2, 0.4, 0.1]_topK20__PseudoGold_positive_1_hard_negative_1_seed1_hybrid_loss_Qwen2.5-VL-7B-Instruct-LoRA-curric-rep2_HF/ckpt/last_model_29_0.8317757009345794.pt
[2026-07-20 04:07:33] [disk_guard]     pushing to B2 ...
[2026-07-20 04:07:42] [disk_guard] verify: OK sha1=39e6a017bf44fe84b6f27c24f80b6ad6ae7a93e4 matches at b2:junyi-data/RGCL_video/logs/Retrieval/HateMM/RAC_video_lora_curric_rep2/RAC_lr0.0001_Bz64_Ep30_cosSim_triplet_drop[0.2, 0.4, 0.1]_topK20__PseudoGold_positive_1_hard_negative_1_seed1_hybrid_loss_Qwen2.5-VL-7B-Instruct-LoRA-curric-rep2_HF/ckpt/last_model_29_0.8317757009345794.pt
[2026-07-20 04:07:42] [disk_guard]     PRUNED local (verified on B2): /data/jehc223/RGCL/logging/Retrieval/HateMM/RAC_video_lora_curric_rep2/RAC_lr0.0001_Bz64_Ep30_cosSim_triplet_drop[0.2, 0.4, 0.1]_topK20__PseudoGold_positive_1_hard_negative_1_seed1_hybrid_loss_Qwen2.5-VL-7B-Instruct-LoRA-curric-rep2_HF/ckpt/last_model_29_0.8317757009345794.pt  (freed 40.03MB)
[2026-07-20 04:07:42] [disk_guard]   candidate: /data/jehc223/RGCL/logging/Retrieval/HateMM/RAC_video_lora_curric_rep2/RAC_lr0.0001_Bz64_Ep30_cosSim_triplet_drop[0.2, 0.4, 0.1]_topK20__PseudoGold_positive_1_hard_negative_1_seed2_hybrid_loss_Qwen2.5-VL-7B-Instruct-LoRA-curric-rep2_HF/ckpt/epoch_model_0_0.822429906542056.pt
[2026-07-20 04:07:42] [disk_guard]     mtime=2026-07-18 19:27:23 size=40.03MB
[2026-07-20 04:07:42] [disk_guard]     -> b2 subpath: logs/Retrieval/HateMM/RAC_video_lora_curric_rep2/RAC_lr0.0001_Bz64_Ep30_cosSim_triplet_drop[0.2, 0.4, 0.1]_topK20__PseudoGold_positive_1_hard_negative_1_seed2_hybrid_loss_Qwen2.5-VL-7B-Instruct-LoRA-curric-rep2_HF/ckpt/epoch_model_0_0.822429906542056.pt
[2026-07-20 04:07:42] [disk_guard]     pushing to B2 ...
[2026-07-20 04:07:52] [disk_guard] verify: OK sha1=e0496460115dd342115e0b6794ac6069f85e947d matches at b2:junyi-data/RGCL_video/logs/Retrieval/HateMM/RAC_video_lora_curric_rep2/RAC_lr0.0001_Bz64_Ep30_cosSim_triplet_drop[0.2, 0.4, 0.1]_topK20__PseudoGold_positive_1_hard_negative_1_seed2_hybrid_loss_Qwen2.5-VL-7B-Instruct-LoRA-curric-rep2_HF/ckpt/epoch_model_0_0.822429906542056.pt
[2026-07-20 04:07:52] [disk_guard]     PRUNED local (verified on B2): /data/jehc223/RGCL/logging/Retrieval/HateMM/RAC_video_lora_curric_rep2/RAC_lr0.0001_Bz64_Ep30_cosSim_triplet_drop[0.2, 0.4, 0.1]_topK20__PseudoGold_positive_1_hard_negative_1_seed2_hybrid_loss_Qwen2.5-VL-7B-Instruct-LoRA-curric-rep2_HF/ckpt/epoch_model_0_0.822429906542056.pt  (freed 40.03MB)
[2026-07-20 04:07:52] [disk_guard]   candidate: /data/jehc223/RGCL/logging/Retrieval/HateMM/RAC_video_lora_curric_rep2/RAC_lr0.0001_Bz64_Ep30_cosSim_triplet_drop[0.2, 0.4, 0.1]_topK20__PseudoGold_positive_1_hard_negative_1_seed2_hybrid_loss_Qwen2.5-VL-7B-Instruct-LoRA-curric-rep2_HF/ckpt/epoch_model_1_0.7850467289719626.pt
[2026-07-20 04:07:52] [disk_guard]     mtime=2026-07-18 19:27:24 size=40.03MB
[2026-07-20 04:07:52] [disk_guard]     -> b2 subpath: logs/Retrieval/HateMM/RAC_video_lora_curric_rep2/RAC_lr0.0001_Bz64_Ep30_cosSim_triplet_drop[0.2, 0.4, 0.1]_topK20__PseudoGold_positive_1_hard_negative_1_seed2_hybrid_loss_Qwen2.5-VL-7B-Instruct-LoRA-curric-rep2_HF/ckpt/epoch_model_1_0.7850467289719626.pt
[2026-07-20 04:07:52] [disk_guard]     pushing to B2 ...
[2026-07-20 04:08:02] [disk_guard] verify: OK sha1=02241f70405ab0d1e1b72956d0188173287f2068 matches at b2:junyi-data/RGCL_video/logs/Retrieval/HateMM/RAC_video_lora_curric_rep2/RAC_lr0.0001_Bz64_Ep30_cosSim_triplet_drop[0.2, 0.4, 0.1]_topK20__PseudoGold_positive_1_hard_negative_1_seed2_hybrid_loss_Qwen2.5-VL-7B-Instruct-LoRA-curric-rep2_HF/ckpt/epoch_model_1_0.7850467289719626.pt
[2026-07-20 04:08:02] [disk_guard]     PRUNED local (verified on B2): /data/jehc223/RGCL/logging/Retrieval/HateMM/RAC_video_lora_curric_rep2/RAC_lr0.0001_Bz64_Ep30_cosSim_triplet_drop[0.2, 0.4, 0.1]_topK20__PseudoGold_positive_1_hard_negative_1_seed2_hybrid_loss_Qwen2.5-VL-7B-Instruct-LoRA-curric-rep2_HF/ckpt/epoch_model_1_0.7850467289719626.pt  (freed 40.03MB)
[2026-07-20 04:08:02] [disk_guard]   candidate: /data/jehc223/RGCL/logging/Retrieval/HateMM/RAC_video_lora_curric_rep2/RAC_lr0.0001_Bz64_Ep30_cosSim_triplet_drop[0.2, 0.4, 0.1]_topK20__PseudoGold_positive_1_hard_negative_1_seed2_hybrid_loss_Qwen2.5-VL-7B-Instruct-LoRA-curric-rep2_HF/ckpt/epoch_model_2_0.8317757009345794.pt
[2026-07-20 04:08:02] [disk_guard]     mtime=2026-07-18 19:27:25 size=40.03MB
[2026-07-20 04:08:02] [disk_guard]     -> b2 subpath: logs/Retrieval/HateMM/RAC_video_lora_curric_rep2/RAC_lr0.0001_Bz64_Ep30_cosSim_triplet_drop[0.2, 0.4, 0.1]_topK20__PseudoGold_positive_1_hard_negative_1_seed2_hybrid_loss_Qwen2.5-VL-7B-Instruct-LoRA-curric-rep2_HF/ckpt/epoch_model_2_0.8317757009345794.pt
[2026-07-20 04:08:02] [disk_guard]     pushing to B2 ...
[2026-07-20 04:08:12] [disk_guard] verify: OK sha1=de17f31dceee8f9a3d1f43761042e8c07446c6f0 matches at b2:junyi-data/RGCL_video/logs/Retrieval/HateMM/RAC_video_lora_curric_rep2/RAC_lr0.0001_Bz64_Ep30_cosSim_triplet_drop[0.2, 0.4, 0.1]_topK20__PseudoGold_positive_1_hard_negative_1_seed2_hybrid_loss_Qwen2.5-VL-7B-Instruct-LoRA-curric-rep2_HF/ckpt/epoch_model_2_0.8317757009345794.pt
[2026-07-20 04:08:12] [disk_guard]     PRUNED local (verified on B2): /data/jehc223/RGCL/logging/Retrieval/HateMM/RAC_video_lora_curric_rep2/RAC_lr0.0001_Bz64_Ep30_cosSim_triplet_drop[0.2, 0.4, 0.1]_topK20__PseudoGold_positive_1_hard_negative_1_seed2_hybrid_loss_Qwen2.5-VL-7B-Instruct-LoRA-curric-rep2_HF/ckpt/epoch_model_2_0.8317757009345794.pt  (freed 40.03MB)
[2026-07-20 04:08:12] [disk_guard]   candidate: /data/jehc223/RGCL/logging/Retrieval/HateMM/RAC_video_lora_curric_rep2/RAC_lr0.0001_Bz64_Ep30_cosSim_triplet_drop[0.2, 0.4, 0.1]_topK20__PseudoGold_positive_1_hard_negative_1_seed2_hybrid_loss_Qwen2.5-VL-7B-Instruct-LoRA-curric-rep2_HF/ckpt/epoch_model_3_0.794392523364486.pt
[2026-07-20 04:08:12] [disk_guard]     mtime=2026-07-18 19:27:26 size=40.03MB
[2026-07-20 04:08:12] [disk_guard]     -> b2 subpath: logs/Retrieval/HateMM/RAC_video_lora_curric_rep2/RAC_lr0.0001_Bz64_Ep30_cosSim_triplet_drop[0.2, 0.4, 0.1]_topK20__PseudoGold_positive_1_hard_negative_1_seed2_hybrid_loss_Qwen2.5-VL-7B-Instruct-LoRA-curric-rep2_HF/ckpt/epoch_model_3_0.794392523364486.pt
[2026-07-20 04:08:12] [disk_guard]     pushing to B2 ...
[2026-07-20 04:08:23] [disk_guard] verify: OK sha1=6a94d70ff400c88cdfde61f5bacc73cfa5fdb973 matches at b2:junyi-data/RGCL_video/logs/Retrieval/HateMM/RAC_video_lora_curric_rep2/RAC_lr0.0001_Bz64_Ep30_cosSim_triplet_drop[0.2, 0.4, 0.1]_topK20__PseudoGold_positive_1_hard_negative_1_seed2_hybrid_loss_Qwen2.5-VL-7B-Instruct-LoRA-curric-rep2_HF/ckpt/epoch_model_3_0.794392523364486.pt
[2026-07-20 04:08:23] [disk_guard]     PRUNED local (verified on B2): /data/jehc223/RGCL/logging/Retrieval/HateMM/RAC_video_lora_curric_rep2/RAC_lr0.0001_Bz64_Ep30_cosSim_triplet_drop[0.2, 0.4, 0.1]_topK20__PseudoGold_positive_1_hard_negative_1_seed2_hybrid_loss_Qwen2.5-VL-7B-Instruct-LoRA-curric-rep2_HF/ckpt/epoch_model_3_0.794392523364486.pt  (freed 40.03MB)
[2026-07-20 04:08:23] [disk_guard]   candidate: /data/jehc223/RGCL/logging/Retrieval/HateMM/RAC_video_lora_curric_rep2/RAC_lr0.0001_Bz64_Ep30_cosSim_triplet_drop[0.2, 0.4, 0.1]_topK20__PseudoGold_positive_1_hard_negative_1_seed2_hybrid_loss_Qwen2.5-VL-7B-Instruct-LoRA-curric-rep2_HF/ckpt/epoch_model_4_0.794392523364486.pt
[2026-07-20 04:08:23] [disk_guard]     mtime=2026-07-18 19:27:27 size=40.03MB
[2026-07-20 04:08:23] [disk_guard]     -> b2 subpath: logs/Retrieval/HateMM/RAC_video_lora_curric_rep2/RAC_lr0.0001_Bz64_Ep30_cosSim_triplet_drop[0.2, 0.4, 0.1]_topK20__PseudoGold_positive_1_hard_negative_1_seed2_hybrid_loss_Qwen2.5-VL-7B-Instruct-LoRA-curric-rep2_HF/ckpt/epoch_model_4_0.794392523364486.pt
[2026-07-20 04:08:23] [disk_guard]     pushing to B2 ...
[2026-07-20 04:08:32] [disk_guard] verify: OK sha1=13db336c48978bbb45ee3d3716c80a8e43498435 matches at b2:junyi-data/RGCL_video/logs/Retrieval/HateMM/RAC_video_lora_curric_rep2/RAC_lr0.0001_Bz64_Ep30_cosSim_triplet_drop[0.2, 0.4, 0.1]_topK20__PseudoGold_positive_1_hard_negative_1_seed2_hybrid_loss_Qwen2.5-VL-7B-Instruct-LoRA-curric-rep2_HF/ckpt/epoch_model_4_0.794392523364486.pt
[2026-07-20 04:08:32] [disk_guard]     PRUNED local (verified on B2): /data/jehc223/RGCL/logging/Retrieval/HateMM/RAC_video_lora_curric_rep2/RAC_lr0.0001_Bz64_Ep30_cosSim_triplet_drop[0.2, 0.4, 0.1]_topK20__PseudoGold_positive_1_hard_negative_1_seed2_hybrid_loss_Qwen2.5-VL-7B-Instruct-LoRA-curric-rep2_HF/ckpt/epoch_model_4_0.794392523364486.pt  (freed 40.03MB)
[2026-07-20 04:08:32] [disk_guard]   candidate: /data/jehc223/RGCL/logging/Retrieval/HateMM/RAC_video_lora_curric_rep2/RAC_lr0.0001_Bz64_Ep30_cosSim_triplet_drop[0.2, 0.4, 0.1]_topK20__PseudoGold_positive_1_hard_negative_1_seed2_hybrid_loss_Qwen2.5-VL-7B-Instruct-LoRA-curric-rep2_HF/ckpt/epoch_model_5_0.794392523364486.pt
[2026-07-20 04:08:33] [disk_guard]     mtime=2026-07-18 19:27:29 size=40.03MB
[2026-07-20 04:08:33] [disk_guard]     -> b2 subpath: logs/Retrieval/HateMM/RAC_video_lora_curric_rep2/RAC_lr0.0001_Bz64_Ep30_cosSim_triplet_drop[0.2, 0.4, 0.1]_topK20__PseudoGold_positive_1_hard_negative_1_seed2_hybrid_loss_Qwen2.5-VL-7B-Instruct-LoRA-curric-rep2_HF/ckpt/epoch_model_5_0.794392523364486.pt
[2026-07-20 04:08:33] [disk_guard]     pushing to B2 ...
[2026-07-20 04:08:43] [disk_guard] verify: OK sha1=86ded663e5cf62f443243f05f4ba0c9d776bbca7 matches at b2:junyi-data/RGCL_video/logs/Retrieval/HateMM/RAC_video_lora_curric_rep2/RAC_lr0.0001_Bz64_Ep30_cosSim_triplet_drop[0.2, 0.4, 0.1]_topK20__PseudoGold_positive_1_hard_negative_1_seed2_hybrid_loss_Qwen2.5-VL-7B-Instruct-LoRA-curric-rep2_HF/ckpt/epoch_model_5_0.794392523364486.pt
[2026-07-20 04:08:43] [disk_guard]     PRUNED local (verified on B2): /data/jehc223/RGCL/logging/Retrieval/HateMM/RAC_video_lora_curric_rep2/RAC_lr0.0001_Bz64_Ep30_cosSim_triplet_drop[0.2, 0.4, 0.1]_topK20__PseudoGold_positive_1_hard_negative_1_seed2_hybrid_loss_Qwen2.5-VL-7B-Instruct-LoRA-curric-rep2_HF/ckpt/epoch_model_5_0.794392523364486.pt  (freed 40.03MB)
[2026-07-20 04:08:43] [disk_guard]   candidate: /data/jehc223/RGCL/logging/Retrieval/HateMM/RAC_video_lora_curric_rep2/RAC_lr0.0001_Bz64_Ep30_cosSim_triplet_drop[0.2, 0.4, 0.1]_topK20__PseudoGold_positive_1_hard_negative_1_seed2_hybrid_loss_Qwen2.5-VL-7B-Instruct-LoRA-curric-rep2_HF/ckpt/best_model_5_0.794392523364486.pt
[2026-07-20 04:08:43] [disk_guard]     mtime=2026-07-18 19:27:29 size=40.03MB
[2026-07-20 04:08:43] [disk_guard]     -> b2 subpath: logs/Retrieval/HateMM/RAC_video_lora_curric_rep2/RAC_lr0.0001_Bz64_Ep30_cosSim_triplet_drop[0.2, 0.4, 0.1]_topK20__PseudoGold_positive_1_hard_negative_1_seed2_hybrid_loss_Qwen2.5-VL-7B-Instruct-LoRA-curric-rep2_HF/ckpt/best_model_5_0.794392523364486.pt
[2026-07-20 04:08:43] [disk_guard]     pushing to B2 ...
[2026-07-20 04:08:53] [disk_guard] verify: OK sha1=b859773472d9a52fc8ea2fd070586e919c83f70b matches at b2:junyi-data/RGCL_video/logs/Retrieval/HateMM/RAC_video_lora_curric_rep2/RAC_lr0.0001_Bz64_Ep30_cosSim_triplet_drop[0.2, 0.4, 0.1]_topK20__PseudoGold_positive_1_hard_negative_1_seed2_hybrid_loss_Qwen2.5-VL-7B-Instruct-LoRA-curric-rep2_HF/ckpt/best_model_5_0.794392523364486.pt
[2026-07-20 04:08:53] [disk_guard]     PRUNED local (verified on B2): /data/jehc223/RGCL/logging/Retrieval/HateMM/RAC_video_lora_curric_rep2/RAC_lr0.0001_Bz64_Ep30_cosSim_triplet_drop[0.2, 0.4, 0.1]_topK20__PseudoGold_positive_1_hard_negative_1_seed2_hybrid_loss_Qwen2.5-VL-7B-Instruct-LoRA-curric-rep2_HF/ckpt/best_model_5_0.794392523364486.pt  (freed 40.03MB)
[2026-07-20 04:08:53] [disk_guard]   candidate: /data/jehc223/RGCL/logging/Retrieval/HateMM/RAC_video_lora_curric_rep2/RAC_lr0.0001_Bz64_Ep30_cosSim_triplet_drop[0.2, 0.4, 0.1]_topK20__PseudoGold_positive_1_hard_negative_1_seed2_hybrid_loss_Qwen2.5-VL-7B-Instruct-LoRA-curric-rep2_HF/ckpt/epoch_model_6_0.7570093457943925.pt
[2026-07-20 04:08:53] [disk_guard]     mtime=2026-07-18 19:27:31 size=40.03MB
[2026-07-20 04:08:53] [disk_guard]     -> b2 subpath: logs/Retrieval/HateMM/RAC_video_lora_curric_rep2/RAC_lr0.0001_Bz64_Ep30_cosSim_triplet_drop[0.2, 0.4, 0.1]_topK20__PseudoGold_positive_1_hard_negative_1_seed2_hybrid_loss_Qwen2.5-VL-7B-Instruct-LoRA-curric-rep2_HF/ckpt/epoch_model_6_0.7570093457943925.pt
[2026-07-20 04:08:53] [disk_guard]     pushing to B2 ...
[2026-07-20 04:09:03] [disk_guard] verify: OK sha1=50026404a163e12f1fedacc2402bff2bc778768f matches at b2:junyi-data/RGCL_video/logs/Retrieval/HateMM/RAC_video_lora_curric_rep2/RAC_lr0.0001_Bz64_Ep30_cosSim_triplet_drop[0.2, 0.4, 0.1]_topK20__PseudoGold_positive_1_hard_negative_1_seed2_hybrid_loss_Qwen2.5-VL-7B-Instruct-LoRA-curric-rep2_HF/ckpt/epoch_model_6_0.7570093457943925.pt
[2026-07-20 04:09:03] [disk_guard]     PRUNED local (verified on B2): /data/jehc223/RGCL/logging/Retrieval/HateMM/RAC_video_lora_curric_rep2/RAC_lr0.0001_Bz64_Ep30_cosSim_triplet_drop[0.2, 0.4, 0.1]_topK20__PseudoGold_positive_1_hard_negative_1_seed2_hybrid_loss_Qwen2.5-VL-7B-Instruct-LoRA-curric-rep2_HF/ckpt/epoch_model_6_0.7570093457943925.pt  (freed 40.03MB)
[2026-07-20 04:09:03] [disk_guard]   candidate: /data/jehc223/RGCL/logging/Retrieval/HateMM/RAC_video_lora_curric_rep2/RAC_lr0.0001_Bz64_Ep30_cosSim_triplet_drop[0.2, 0.4, 0.1]_topK20__PseudoGold_positive_1_hard_negative_1_seed2_hybrid_loss_Qwen2.5-VL-7B-Instruct-LoRA-curric-rep2_HF/ckpt/epoch_model_7_0.8130841121495327.pt
[2026-07-20 04:09:03] [disk_guard]     mtime=2026-07-18 19:27:33 size=40.03MB
[2026-07-20 04:09:03] [disk_guard]     -> b2 subpath: logs/Retrieval/HateMM/RAC_video_lora_curric_rep2/RAC_lr0.0001_Bz64_Ep30_cosSim_triplet_drop[0.2, 0.4, 0.1]_topK20__PseudoGold_positive_1_hard_negative_1_seed2_hybrid_loss_Qwen2.5-VL-7B-Instruct-LoRA-curric-rep2_HF/ckpt/epoch_model_7_0.8130841121495327.pt
[2026-07-20 04:09:03] [disk_guard]     pushing to B2 ...
[2026-07-20 04:09:13] [disk_guard] verify: OK sha1=13f22c093cc100ceacabbb00f77d413f1eea94f3 matches at b2:junyi-data/RGCL_video/logs/Retrieval/HateMM/RAC_video_lora_curric_rep2/RAC_lr0.0001_Bz64_Ep30_cosSim_triplet_drop[0.2, 0.4, 0.1]_topK20__PseudoGold_positive_1_hard_negative_1_seed2_hybrid_loss_Qwen2.5-VL-7B-Instruct-LoRA-curric-rep2_HF/ckpt/epoch_model_7_0.8130841121495327.pt
[2026-07-20 04:09:13] [disk_guard]     PRUNED local (verified on B2): /data/jehc223/RGCL/logging/Retrieval/HateMM/RAC_video_lora_curric_rep2/RAC_lr0.0001_Bz64_Ep30_cosSim_triplet_drop[0.2, 0.4, 0.1]_topK20__PseudoGold_positive_1_hard_negative_1_seed2_hybrid_loss_Qwen2.5-VL-7B-Instruct-LoRA-curric-rep2_HF/ckpt/epoch_model_7_0.8130841121495327.pt  (freed 40.03MB)
[2026-07-20 04:09:13] [disk_guard]   candidate: /data/jehc223/RGCL/logging/Retrieval/HateMM/RAC_video_lora_curric_rep2/RAC_lr0.0001_Bz64_Ep30_cosSim_triplet_drop[0.2, 0.4, 0.1]_topK20__PseudoGold_positive_1_hard_negative_1_seed2_hybrid_loss_Qwen2.5-VL-7B-Instruct-LoRA-curric-rep2_HF/ckpt/best_model_7_0.8130841121495327.pt
[2026-07-20 04:09:13] [disk_guard]     mtime=2026-07-18 19:27:33 size=40.03MB
[2026-07-20 04:09:13] [disk_guard]     -> b2 subpath: logs/Retrieval/HateMM/RAC_video_lora_curric_rep2/RAC_lr0.0001_Bz64_Ep30_cosSim_triplet_drop[0.2, 0.4, 0.1]_topK20__PseudoGold_positive_1_hard_negative_1_seed2_hybrid_loss_Qwen2.5-VL-7B-Instruct-LoRA-curric-rep2_HF/ckpt/best_model_7_0.8130841121495327.pt
[2026-07-20 04:09:13] [disk_guard]     pushing to B2 ...
[2026-07-20 04:09:23] [disk_guard] verify: OK sha1=fa61141e1474f92001aa97e01d7f074d085bb59d matches at b2:junyi-data/RGCL_video/logs/Retrieval/HateMM/RAC_video_lora_curric_rep2/RAC_lr0.0001_Bz64_Ep30_cosSim_triplet_drop[0.2, 0.4, 0.1]_topK20__PseudoGold_positive_1_hard_negative_1_seed2_hybrid_loss_Qwen2.5-VL-7B-Instruct-LoRA-curric-rep2_HF/ckpt/best_model_7_0.8130841121495327.pt
[2026-07-20 04:09:23] [disk_guard]     PRUNED local (verified on B2): /data/jehc223/RGCL/logging/Retrieval/HateMM/RAC_video_lora_curric_rep2/RAC_lr0.0001_Bz64_Ep30_cosSim_triplet_drop[0.2, 0.4, 0.1]_topK20__PseudoGold_positive_1_hard_negative_1_seed2_hybrid_loss_Qwen2.5-VL-7B-Instruct-LoRA-curric-rep2_HF/ckpt/best_model_7_0.8130841121495327.pt  (freed 40.03MB)
[2026-07-20 04:09:23] [disk_guard]   candidate: /data/jehc223/RGCL/logging/Retrieval/HateMM/RAC_video_lora_curric_rep2/RAC_lr0.0001_Bz64_Ep30_cosSim_triplet_drop[0.2, 0.4, 0.1]_topK20__PseudoGold_positive_1_hard_negative_1_seed2_hybrid_loss_Qwen2.5-VL-7B-Instruct-LoRA-curric-rep2_HF/ckpt/epoch_model_8_0.7850467289719626.pt
[2026-07-20 04:09:23] [disk_guard]     mtime=2026-07-18 19:27:35 size=40.03MB
[2026-07-20 04:09:23] [disk_guard]     -> b2 subpath: logs/Retrieval/HateMM/RAC_video_lora_curric_rep2/RAC_lr0.0001_Bz64_Ep30_cosSim_triplet_drop[0.2, 0.4, 0.1]_topK20__PseudoGold_positive_1_hard_negative_1_seed2_hybrid_loss_Qwen2.5-VL-7B-Instruct-LoRA-curric-rep2_HF/ckpt/epoch_model_8_0.7850467289719626.pt
[2026-07-20 04:09:23] [disk_guard]     pushing to B2 ...
[2026-07-20 04:09:42] [disk_guard]     ERROR: push failed; NOT deleting local. Skipping.
[2026-07-20 04:09:42] [disk_guard]   candidate: /data/jehc223/RGCL/logging/Retrieval/HateMM/RAC_video_lora_curric_rep2/RAC_lr0.0001_Bz64_Ep30_cosSim_triplet_drop[0.2, 0.4, 0.1]_topK20__PseudoGold_positive_1_hard_negative_1_seed2_hybrid_loss_Qwen2.5-VL-7B-Instruct-LoRA-curric-rep2_HF/ckpt/epoch_model_9_0.7850467289719626.pt
[2026-07-20 04:09:42] [disk_guard]     mtime=2026-07-18 19:27:37 size=40.03MB
[2026-07-20 04:09:42] [disk_guard]     -> b2 subpath: logs/Retrieval/HateMM/RAC_video_lora_curric_rep2/RAC_lr0.0001_Bz64_Ep30_cosSim_triplet_drop[0.2, 0.4, 0.1]_topK20__PseudoGold_positive_1_hard_negative_1_seed2_hybrid_loss_Qwen2.5-VL-7B-Instruct-LoRA-curric-rep2_HF/ckpt/epoch_model_9_0.7850467289719626.pt
[2026-07-20 04:09:42] [disk_guard]     pushing to B2 ...
[2026-07-20 04:09:45] [disk_guard] verify: OK sha1=aacf25be6f385e2316f162817fe770fc878e411b matches at b2:junyi-data/RGCL_video/logs/Retrieval/HateMM/RAC_video_lora_curric_rep2/RAC_lr0.0001_Bz64_Ep30_cosSim_triplet_drop[0.2, 0.4, 0.1]_topK20__PseudoGold_positive_1_hard_negative_1_seed2_hybrid_loss_Qwen2.5-VL-7B-Instruct-LoRA-curric-rep2_HF/ckpt/epoch_model_9_0.7850467289719626.pt
[2026-07-20 04:09:45] [disk_guard]     PRUNED local (verified on B2): /data/jehc223/RGCL/logging/Retrieval/HateMM/RAC_video_lora_curric_rep2/RAC_lr0.0001_Bz64_Ep30_cosSim_triplet_drop[0.2, 0.4, 0.1]_topK20__PseudoGold_positive_1_hard_negative_1_seed2_hybrid_loss_Qwen2.5-VL-7B-Instruct-LoRA-curric-rep2_HF/ckpt/epoch_model_9_0.7850467289719626.pt  (freed 40.03MB)
[2026-07-20 04:09:45] [disk_guard]   candidate: /data/jehc223/RGCL/logging/Retrieval/HateMM/RAC_video_lora_curric_rep2/RAC_lr0.0001_Bz64_Ep30_cosSim_triplet_drop[0.2, 0.4, 0.1]_topK20__PseudoGold_positive_1_hard_negative_1_seed2_hybrid_loss_Qwen2.5-VL-7B-Instruct-LoRA-curric-rep2_HF/ckpt/epoch_model_10_0.8037383177570093.pt
[2026-07-20 04:09:45] [disk_guard]     mtime=2026-07-18 19:27:39 size=40.03MB
[2026-07-20 04:09:45] [disk_guard]     -> b2 subpath: logs/Retrieval/HateMM/RAC_video_lora_curric_rep2/RAC_lr0.0001_Bz64_Ep30_cosSim_triplet_drop[0.2, 0.4, 0.1]_topK20__PseudoGold_positive_1_hard_negative_1_seed2_hybrid_loss_Qwen2.5-VL-7B-Instruct-LoRA-curric-rep2_HF/ckpt/epoch_model_10_0.8037383177570093.pt
[2026-07-20 04:09:45] [disk_guard]     pushing to B2 ...
[2026-07-20 04:09:56] [disk_guard] verify: OK sha1=d0600f889df9606196e2b6cc9fdf8b633189acb2 matches at b2:junyi-data/RGCL_video/logs/Retrieval/HateMM/RAC_video_lora_curric_rep2/RAC_lr0.0001_Bz64_Ep30_cosSim_triplet_drop[0.2, 0.4, 0.1]_topK20__PseudoGold_positive_1_hard_negative_1_seed2_hybrid_loss_Qwen2.5-VL-7B-Instruct-LoRA-curric-rep2_HF/ckpt/epoch_model_10_0.8037383177570093.pt
[2026-07-20 04:09:56] [disk_guard]     PRUNED local (verified on B2): /data/jehc223/RGCL/logging/Retrieval/HateMM/RAC_video_lora_curric_rep2/RAC_lr0.0001_Bz64_Ep30_cosSim_triplet_drop[0.2, 0.4, 0.1]_topK20__PseudoGold_positive_1_hard_negative_1_seed2_hybrid_loss_Qwen2.5-VL-7B-Instruct-LoRA-curric-rep2_HF/ckpt/epoch_model_10_0.8037383177570093.pt  (freed 40.03MB)
[2026-07-20 04:09:56] [disk_guard]   candidate: /data/jehc223/RGCL/logging/Retrieval/HateMM/RAC_video_lora_curric_rep2/RAC_lr0.0001_Bz64_Ep30_cosSim_triplet_drop[0.2, 0.4, 0.1]_topK20__PseudoGold_positive_1_hard_negative_1_seed2_hybrid_loss_Qwen2.5-VL-7B-Instruct-LoRA-curric-rep2_HF/ckpt/epoch_model_11_0.822429906542056.pt
[2026-07-20 04:09:56] [disk_guard]     mtime=2026-07-18 19:27:41 size=40.03MB
[2026-07-20 04:09:56] [disk_guard]     -> b2 subpath: logs/Retrieval/HateMM/RAC_video_lora_curric_rep2/RAC_lr0.0001_Bz64_Ep30_cosSim_triplet_drop[0.2, 0.4, 0.1]_topK20__PseudoGold_positive_1_hard_negative_1_seed2_hybrid_loss_Qwen2.5-VL-7B-Instruct-LoRA-curric-rep2_HF/ckpt/epoch_model_11_0.822429906542056.pt
[2026-07-20 04:09:56] [disk_guard]     pushing to B2 ...
[2026-07-20 04:10:06] [disk_guard] verify: OK sha1=7ae7cd446271417778db4ffef378fa4d8dd23f91 matches at b2:junyi-data/RGCL_video/logs/Retrieval/HateMM/RAC_video_lora_curric_rep2/RAC_lr0.0001_Bz64_Ep30_cosSim_triplet_drop[0.2, 0.4, 0.1]_topK20__PseudoGold_positive_1_hard_negative_1_seed2_hybrid_loss_Qwen2.5-VL-7B-Instruct-LoRA-curric-rep2_HF/ckpt/epoch_model_11_0.822429906542056.pt
[2026-07-20 04:10:06] [disk_guard]     PRUNED local (verified on B2): /data/jehc223/RGCL/logging/Retrieval/HateMM/RAC_video_lora_curric_rep2/RAC_lr0.0001_Bz64_Ep30_cosSim_triplet_drop[0.2, 0.4, 0.1]_topK20__PseudoGold_positive_1_hard_negative_1_seed2_hybrid_loss_Qwen2.5-VL-7B-Instruct-LoRA-curric-rep2_HF/ckpt/epoch_model_11_0.822429906542056.pt  (freed 40.03MB)
[2026-07-20 04:10:06] [disk_guard]   candidate: /data/jehc223/RGCL/logging/Retrieval/HateMM/RAC_video_lora_curric_rep2/RAC_lr0.0001_Bz64_Ep30_cosSim_triplet_drop[0.2, 0.4, 0.1]_topK20__PseudoGold_positive_1_hard_negative_1_seed2_hybrid_loss_Qwen2.5-VL-7B-Instruct-LoRA-curric-rep2_HF/ckpt/best_model_11_0.822429906542056.pt
[2026-07-20 04:10:06] [disk_guard]     mtime=2026-07-18 19:27:41 size=40.03MB
[2026-07-20 04:10:06] [disk_guard]     -> b2 subpath: logs/Retrieval/HateMM/RAC_video_lora_curric_rep2/RAC_lr0.0001_Bz64_Ep30_cosSim_triplet_drop[0.2, 0.4, 0.1]_topK20__PseudoGold_positive_1_hard_negative_1_seed2_hybrid_loss_Qwen2.5-VL-7B-Instruct-LoRA-curric-rep2_HF/ckpt/best_model_11_0.822429906542056.pt
[2026-07-20 04:10:06] [disk_guard]     pushing to B2 ...
[2026-07-20 04:10:16] [disk_guard] verify: OK sha1=57b95e568e6e138b4fa110296ca5fd6d0966a96d matches at b2:junyi-data/RGCL_video/logs/Retrieval/HateMM/RAC_video_lora_curric_rep2/RAC_lr0.0001_Bz64_Ep30_cosSim_triplet_drop[0.2, 0.4, 0.1]_topK20__PseudoGold_positive_1_hard_negative_1_seed2_hybrid_loss_Qwen2.5-VL-7B-Instruct-LoRA-curric-rep2_HF/ckpt/best_model_11_0.822429906542056.pt
[2026-07-20 04:10:16] [disk_guard]     PRUNED local (verified on B2): /data/jehc223/RGCL/logging/Retrieval/HateMM/RAC_video_lora_curric_rep2/RAC_lr0.0001_Bz64_Ep30_cosSim_triplet_drop[0.2, 0.4, 0.1]_topK20__PseudoGold_positive_1_hard_negative_1_seed2_hybrid_loss_Qwen2.5-VL-7B-Instruct-LoRA-curric-rep2_HF/ckpt/best_model_11_0.822429906542056.pt  (freed 40.03MB)
[2026-07-20 04:10:16] [disk_guard]   candidate: /data/jehc223/RGCL/logging/Retrieval/HateMM/RAC_video_lora_curric_rep2/RAC_lr0.0001_Bz64_Ep30_cosSim_triplet_drop[0.2, 0.4, 0.1]_topK20__PseudoGold_positive_1_hard_negative_1_seed2_hybrid_loss_Qwen2.5-VL-7B-Instruct-LoRA-curric-rep2_HF/ckpt/epoch_model_12_0.8130841121495327.pt
[2026-07-20 04:10:16] [disk_guard]     mtime=2026-07-18 19:27:44 size=40.03MB
[2026-07-20 04:10:16] [disk_guard]     -> b2 subpath: logs/Retrieval/HateMM/RAC_video_lora_curric_rep2/RAC_lr0.0001_Bz64_Ep30_cosSim_triplet_drop[0.2, 0.4, 0.1]_topK20__PseudoGold_positive_1_hard_negative_1_seed2_hybrid_loss_Qwen2.5-VL-7B-Instruct-LoRA-curric-rep2_HF/ckpt/epoch_model_12_0.8130841121495327.pt
[2026-07-20 04:10:16] [disk_guard]     pushing to B2 ...
[2026-07-20 04:10:26] [disk_guard] verify: OK sha1=c6e764f7a35d327170e037274dacbe2458e29654 matches at b2:junyi-data/RGCL_video/logs/Retrieval/HateMM/RAC_video_lora_curric_rep2/RAC_lr0.0001_Bz64_Ep30_cosSim_triplet_drop[0.2, 0.4, 0.1]_topK20__PseudoGold_positive_1_hard_negative_1_seed2_hybrid_loss_Qwen2.5-VL-7B-Instruct-LoRA-curric-rep2_HF/ckpt/epoch_model_12_0.8130841121495327.pt
[2026-07-20 04:10:26] [disk_guard]     PRUNED local (verified on B2): /data/jehc223/RGCL/logging/Retrieval/HateMM/RAC_video_lora_curric_rep2/RAC_lr0.0001_Bz64_Ep30_cosSim_triplet_drop[0.2, 0.4, 0.1]_topK20__PseudoGold_positive_1_hard_negative_1_seed2_hybrid_loss_Qwen2.5-VL-7B-Instruct-LoRA-curric-rep2_HF/ckpt/epoch_model_12_0.8130841121495327.pt  (freed 40.03MB)
[2026-07-20 04:10:26] [disk_guard]   candidate: /data/jehc223/RGCL/logging/Retrieval/HateMM/RAC_video_lora_curric_rep2/RAC_lr0.0001_Bz64_Ep30_cosSim_triplet_drop[0.2, 0.4, 0.1]_topK20__PseudoGold_positive_1_hard_negative_1_seed2_hybrid_loss_Qwen2.5-VL-7B-Instruct-LoRA-curric-rep2_HF/ckpt/epoch_model_13_0.8130841121495327.pt
[2026-07-20 04:10:26] [disk_guard]     mtime=2026-07-18 19:27:46 size=40.03MB
[2026-07-20 04:10:26] [disk_guard]     -> b2 subpath: logs/Retrieval/HateMM/RAC_video_lora_curric_rep2/RAC_lr0.0001_Bz64_Ep30_cosSim_triplet_drop[0.2, 0.4, 0.1]_topK20__PseudoGold_positive_1_hard_negative_1_seed2_hybrid_loss_Qwen2.5-VL-7B-Instruct-LoRA-curric-rep2_HF/ckpt/epoch_model_13_0.8130841121495327.pt
[2026-07-20 04:10:26] [disk_guard]     pushing to B2 ...
[2026-07-20 04:10:36] [disk_guard] verify: OK sha1=168b10d9629160b4397a43cda21abe305d5b5e31 matches at b2:junyi-data/RGCL_video/logs/Retrieval/HateMM/RAC_video_lora_curric_rep2/RAC_lr0.0001_Bz64_Ep30_cosSim_triplet_drop[0.2, 0.4, 0.1]_topK20__PseudoGold_positive_1_hard_negative_1_seed2_hybrid_loss_Qwen2.5-VL-7B-Instruct-LoRA-curric-rep2_HF/ckpt/epoch_model_13_0.8130841121495327.pt
[2026-07-20 04:10:36] [disk_guard]     PRUNED local (verified on B2): /data/jehc223/RGCL/logging/Retrieval/HateMM/RAC_video_lora_curric_rep2/RAC_lr0.0001_Bz64_Ep30_cosSim_triplet_drop[0.2, 0.4, 0.1]_topK20__PseudoGold_positive_1_hard_negative_1_seed2_hybrid_loss_Qwen2.5-VL-7B-Instruct-LoRA-curric-rep2_HF/ckpt/epoch_model_13_0.8130841121495327.pt  (freed 40.03MB)
[2026-07-20 04:10:36] [disk_guard]   candidate: /data/jehc223/RGCL/logging/Retrieval/HateMM/RAC_video_lora_curric_rep2/RAC_lr0.0001_Bz64_Ep30_cosSim_triplet_drop[0.2, 0.4, 0.1]_topK20__PseudoGold_positive_1_hard_negative_1_seed2_hybrid_loss_Qwen2.5-VL-7B-Instruct-LoRA-curric-rep2_HF/ckpt/epoch_model_14_0.8411214953271028.pt
[2026-07-20 04:10:36] [disk_guard]     mtime=2026-07-18 19:27:47 size=40.03MB
[2026-07-20 04:10:36] [disk_guard]     -> b2 subpath: logs/Retrieval/HateMM/RAC_video_lora_curric_rep2/RAC_lr0.0001_Bz64_Ep30_cosSim_triplet_drop[0.2, 0.4, 0.1]_topK20__PseudoGold_positive_1_hard_negative_1_seed2_hybrid_loss_Qwen2.5-VL-7B-Instruct-LoRA-curric-rep2_HF/ckpt/epoch_model_14_0.8411214953271028.pt
[2026-07-20 04:10:36] [disk_guard]     pushing to B2 ...
[2026-07-20 04:10:46] [disk_guard] verify: OK sha1=4e49499d1961c64dde3fe07ed35dfc1ec9a23b71 matches at b2:junyi-data/RGCL_video/logs/Retrieval/HateMM/RAC_video_lora_curric_rep2/RAC_lr0.0001_Bz64_Ep30_cosSim_triplet_drop[0.2, 0.4, 0.1]_topK20__PseudoGold_positive_1_hard_negative_1_seed2_hybrid_loss_Qwen2.5-VL-7B-Instruct-LoRA-curric-rep2_HF/ckpt/epoch_model_14_0.8411214953271028.pt
[2026-07-20 04:10:46] [disk_guard]     PRUNED local (verified on B2): /data/jehc223/RGCL/logging/Retrieval/HateMM/RAC_video_lora_curric_rep2/RAC_lr0.0001_Bz64_Ep30_cosSim_triplet_drop[0.2, 0.4, 0.1]_topK20__PseudoGold_positive_1_hard_negative_1_seed2_hybrid_loss_Qwen2.5-VL-7B-Instruct-LoRA-curric-rep2_HF/ckpt/epoch_model_14_0.8411214953271028.pt  (freed 40.03MB)
[2026-07-20 04:10:46] [disk_guard]   candidate: /data/jehc223/RGCL/logging/Retrieval/HateMM/RAC_video_lora_curric_rep2/RAC_lr0.0001_Bz64_Ep30_cosSim_triplet_drop[0.2, 0.4, 0.1]_topK20__PseudoGold_positive_1_hard_negative_1_seed2_hybrid_loss_Qwen2.5-VL-7B-Instruct-LoRA-curric-rep2_HF/ckpt/best_model_14_0.8411214953271028.pt
[2026-07-20 04:10:46] [disk_guard]     mtime=2026-07-18 19:27:47 size=40.03MB
[2026-07-20 04:10:46] [disk_guard]     -> b2 subpath: logs/Retrieval/HateMM/RAC_video_lora_curric_rep2/RAC_lr0.0001_Bz64_Ep30_cosSim_triplet_drop[0.2, 0.4, 0.1]_topK20__PseudoGold_positive_1_hard_negative_1_seed2_hybrid_loss_Qwen2.5-VL-7B-Instruct-LoRA-curric-rep2_HF/ckpt/best_model_14_0.8411214953271028.pt
[2026-07-20 04:10:46] [disk_guard]     pushing to B2 ...
[2026-07-20 04:10:56] [disk_guard] verify: OK sha1=c355f81e3be75eab5e9d52d444b1cb3f17c8306c matches at b2:junyi-data/RGCL_video/logs/Retrieval/HateMM/RAC_video_lora_curric_rep2/RAC_lr0.0001_Bz64_Ep30_cosSim_triplet_drop[0.2, 0.4, 0.1]_topK20__PseudoGold_positive_1_hard_negative_1_seed2_hybrid_loss_Qwen2.5-VL-7B-Instruct-LoRA-curric-rep2_HF/ckpt/best_model_14_0.8411214953271028.pt
[2026-07-20 04:10:56] [disk_guard]     PRUNED local (verified on B2): /data/jehc223/RGCL/logging/Retrieval/HateMM/RAC_video_lora_curric_rep2/RAC_lr0.0001_Bz64_Ep30_cosSim_triplet_drop[0.2, 0.4, 0.1]_topK20__PseudoGold_positive_1_hard_negative_1_seed2_hybrid_loss_Qwen2.5-VL-7B-Instruct-LoRA-curric-rep2_HF/ckpt/best_model_14_0.8411214953271028.pt  (freed 40.03MB)
[2026-07-20 04:10:56] [disk_guard]   candidate: /data/jehc223/RGCL/logging/Retrieval/HateMM/RAC_video_lora_curric_rep2/RAC_lr0.0001_Bz64_Ep30_cosSim_triplet_drop[0.2, 0.4, 0.1]_topK20__PseudoGold_positive_1_hard_negative_1_seed2_hybrid_loss_Qwen2.5-VL-7B-Instruct-LoRA-curric-rep2_HF/ckpt/epoch_model_15_0.8317757009345794.pt
[2026-07-20 04:10:56] [disk_guard]     mtime=2026-07-18 19:27:48 size=40.03MB
[2026-07-20 04:10:56] [disk_guard]     -> b2 subpath: logs/Retrieval/HateMM/RAC_video_lora_curric_rep2/RAC_lr0.0001_Bz64_Ep30_cosSim_triplet_drop[0.2, 0.4, 0.1]_topK20__PseudoGold_positive_1_hard_negative_1_seed2_hybrid_loss_Qwen2.5-VL-7B-Instruct-LoRA-curric-rep2_HF/ckpt/epoch_model_15_0.8317757009345794.pt
[2026-07-20 04:10:56] [disk_guard]     pushing to B2 ...
[2026-07-20 04:11:07] [disk_guard] verify: OK sha1=5132f881d279321ea292c809d4b8ada3883dd948 matches at b2:junyi-data/RGCL_video/logs/Retrieval/HateMM/RAC_video_lora_curric_rep2/RAC_lr0.0001_Bz64_Ep30_cosSim_triplet_drop[0.2, 0.4, 0.1]_topK20__PseudoGold_positive_1_hard_negative_1_seed2_hybrid_loss_Qwen2.5-VL-7B-Instruct-LoRA-curric-rep2_HF/ckpt/epoch_model_15_0.8317757009345794.pt
[2026-07-20 04:11:07] [disk_guard]     PRUNED local (verified on B2): /data/jehc223/RGCL/logging/Retrieval/HateMM/RAC_video_lora_curric_rep2/RAC_lr0.0001_Bz64_Ep30_cosSim_triplet_drop[0.2, 0.4, 0.1]_topK20__PseudoGold_positive_1_hard_negative_1_seed2_hybrid_loss_Qwen2.5-VL-7B-Instruct-LoRA-curric-rep2_HF/ckpt/epoch_model_15_0.8317757009345794.pt  (freed 40.03MB)
[2026-07-20 04:11:07] [disk_guard]   candidate: /data/jehc223/RGCL/logging/Retrieval/HateMM/RAC_video_lora_curric_rep2/RAC_lr0.0001_Bz64_Ep30_cosSim_triplet_drop[0.2, 0.4, 0.1]_topK20__PseudoGold_positive_1_hard_negative_1_seed2_hybrid_loss_Qwen2.5-VL-7B-Instruct-LoRA-curric-rep2_HF/ckpt/epoch_model_16_0.822429906542056.pt
[2026-07-20 04:11:07] [disk_guard]     mtime=2026-07-18 19:27:49 size=40.03MB
[2026-07-20 04:11:07] [disk_guard]     -> b2 subpath: logs/Retrieval/HateMM/RAC_video_lora_curric_rep2/RAC_lr0.0001_Bz64_Ep30_cosSim_triplet_drop[0.2, 0.4, 0.1]_topK20__PseudoGold_positive_1_hard_negative_1_seed2_hybrid_loss_Qwen2.5-VL-7B-Instruct-LoRA-curric-rep2_HF/ckpt/epoch_model_16_0.822429906542056.pt
[2026-07-20 04:11:07] [disk_guard]     pushing to B2 ...
[2026-07-20 04:11:17] [disk_guard] verify: OK sha1=b6860cddb9afdc3d66523d1e265918535cef6b50 matches at b2:junyi-data/RGCL_video/logs/Retrieval/HateMM/RAC_video_lora_curric_rep2/RAC_lr0.0001_Bz64_Ep30_cosSim_triplet_drop[0.2, 0.4, 0.1]_topK20__PseudoGold_positive_1_hard_negative_1_seed2_hybrid_loss_Qwen2.5-VL-7B-Instruct-LoRA-curric-rep2_HF/ckpt/epoch_model_16_0.822429906542056.pt
[2026-07-20 04:11:17] [disk_guard]     PRUNED local (verified on B2): /data/jehc223/RGCL/logging/Retrieval/HateMM/RAC_video_lora_curric_rep2/RAC_lr0.0001_Bz64_Ep30_cosSim_triplet_drop[0.2, 0.4, 0.1]_topK20__PseudoGold_positive_1_hard_negative_1_seed2_hybrid_loss_Qwen2.5-VL-7B-Instruct-LoRA-curric-rep2_HF/ckpt/epoch_model_16_0.822429906542056.pt  (freed 40.03MB)
[2026-07-20 04:11:17] [disk_guard]   candidate: /data/jehc223/RGCL/logging/Retrieval/HateMM/RAC_video_lora_curric_rep2/RAC_lr0.0001_Bz64_Ep30_cosSim_triplet_drop[0.2, 0.4, 0.1]_topK20__PseudoGold_positive_1_hard_negative_1_seed2_hybrid_loss_Qwen2.5-VL-7B-Instruct-LoRA-curric-rep2_HF/ckpt/epoch_model_17_0.8317757009345794.pt
[2026-07-20 04:11:17] [disk_guard]     mtime=2026-07-18 19:27:50 size=40.03MB
[2026-07-20 04:11:17] [disk_guard]     -> b2 subpath: logs/Retrieval/HateMM/RAC_video_lora_curric_rep2/RAC_lr0.0001_Bz64_Ep30_cosSim_triplet_drop[0.2, 0.4, 0.1]_topK20__PseudoGold_positive_1_hard_negative_1_seed2_hybrid_loss_Qwen2.5-VL-7B-Instruct-LoRA-curric-rep2_HF/ckpt/epoch_model_17_0.8317757009345794.pt
[2026-07-20 04:11:17] [disk_guard]     pushing to B2 ...
[2026-07-20 04:11:26] [disk_guard] verify: OK sha1=70db5fd96c49b30d93d84f0e03a30c38f3a14ad6 matches at b2:junyi-data/RGCL_video/logs/Retrieval/HateMM/RAC_video_lora_curric_rep2/RAC_lr0.0001_Bz64_Ep30_cosSim_triplet_drop[0.2, 0.4, 0.1]_topK20__PseudoGold_positive_1_hard_negative_1_seed2_hybrid_loss_Qwen2.5-VL-7B-Instruct-LoRA-curric-rep2_HF/ckpt/epoch_model_17_0.8317757009345794.pt
[2026-07-20 04:11:26] [disk_guard]     PRUNED local (verified on B2): /data/jehc223/RGCL/logging/Retrieval/HateMM/RAC_video_lora_curric_rep2/RAC_lr0.0001_Bz64_Ep30_cosSim_triplet_drop[0.2, 0.4, 0.1]_topK20__PseudoGold_positive_1_hard_negative_1_seed2_hybrid_loss_Qwen2.5-VL-7B-Instruct-LoRA-curric-rep2_HF/ckpt/epoch_model_17_0.8317757009345794.pt  (freed 40.03MB)
[2026-07-20 04:11:26] [disk_guard]   candidate: /data/jehc223/RGCL/logging/Retrieval/HateMM/RAC_video_lora_curric_rep2/RAC_lr0.0001_Bz64_Ep30_cosSim_triplet_drop[0.2, 0.4, 0.1]_topK20__PseudoGold_positive_1_hard_negative_1_seed2_hybrid_loss_Qwen2.5-VL-7B-Instruct-LoRA-curric-rep2_HF/ckpt/epoch_model_18_0.8317757009345794.pt
[2026-07-20 04:11:26] [disk_guard]     mtime=2026-07-18 19:27:51 size=40.03MB
[2026-07-20 04:11:26] [disk_guard]     -> b2 subpath: logs/Retrieval/HateMM/RAC_video_lora_curric_rep2/RAC_lr0.0001_Bz64_Ep30_cosSim_triplet_drop[0.2, 0.4, 0.1]_topK20__PseudoGold_positive_1_hard_negative_1_seed2_hybrid_loss_Qwen2.5-VL-7B-Instruct-LoRA-curric-rep2_HF/ckpt/epoch_model_18_0.8317757009345794.pt
[2026-07-20 04:11:26] [disk_guard]     pushing to B2 ...
[2026-07-20 04:11:43] [disk_guard]     ERROR: push failed; NOT deleting local. Skipping.
[2026-07-20 04:11:43] [disk_guard]   candidate: /data/jehc223/RGCL/logging/Retrieval/HateMM/RAC_video_lora_curric_rep2/RAC_lr0.0001_Bz64_Ep30_cosSim_triplet_drop[0.2, 0.4, 0.1]_topK20__PseudoGold_positive_1_hard_negative_1_seed2_hybrid_loss_Qwen2.5-VL-7B-Instruct-LoRA-curric-rep2_HF/ckpt/epoch_model_19_0.8411214953271028.pt
[2026-07-20 04:11:43] [disk_guard]     mtime=2026-07-18 19:27:52 size=40.03MB
[2026-07-20 04:11:43] [disk_guard]     -> b2 subpath: logs/Retrieval/HateMM/RAC_video_lora_curric_rep2/RAC_lr0.0001_Bz64_Ep30_cosSim_triplet_drop[0.2, 0.4, 0.1]_topK20__PseudoGold_positive_1_hard_negative_1_seed2_hybrid_loss_Qwen2.5-VL-7B-Instruct-LoRA-curric-rep2_HF/ckpt/epoch_model_19_0.8411214953271028.pt
[2026-07-20 04:11:43] [disk_guard]     pushing to B2 ...
[2026-07-20 04:11:51] [disk_guard]     ERROR: push failed; NOT deleting local. Skipping.
[2026-07-20 04:11:51] [disk_guard]   candidate: /data/jehc223/RGCL/logging/Retrieval/HateMM/RAC_video_lora_curric_rep2/RAC_lr0.0001_Bz64_Ep30_cosSim_triplet_drop[0.2, 0.4, 0.1]_topK20__PseudoGold_positive_1_hard_negative_1_seed2_hybrid_loss_Qwen2.5-VL-7B-Instruct-LoRA-curric-rep2_HF/ckpt/epoch_model_20_0.822429906542056.pt
[2026-07-20 04:11:51] [disk_guard]     mtime=2026-07-18 19:27:53 size=40.03MB
[2026-07-20 04:11:51] [disk_guard]     -> b2 subpath: logs/Retrieval/HateMM/RAC_video_lora_curric_rep2/RAC_lr0.0001_Bz64_Ep30_cosSim_triplet_drop[0.2, 0.4, 0.1]_topK20__PseudoGold_positive_1_hard_negative_1_seed2_hybrid_loss_Qwen2.5-VL-7B-Instruct-LoRA-curric-rep2_HF/ckpt/epoch_model_20_0.822429906542056.pt
[2026-07-20 04:11:51] [disk_guard]     pushing to B2 ...
[2026-07-20 04:11:59] [disk_guard] verify: could not hash local file: /data/jehc223/RGCL/logging/Retrieval/HateMM/RAC_video_lora_curric_rep2/RAC_lr0.0001_Bz64_Ep30_cosSim_triplet_drop[0.2, 0.4, 0.1]_topK20__PseudoGold_positive_1_hard_negative_1_seed2_hybrid_loss_Qwen2.5-VL-7B-Instruct-LoRA-curric-rep2_HF/ckpt/epoch_model_20_0.822429906542056.pt
[2026-07-20 04:11:59] [disk_guard]     ERROR: verify failed; local kept (safe): /data/jehc223/RGCL/logging/Retrieval/HateMM/RAC_video_lora_curric_rep2/RAC_lr0.0001_Bz64_Ep30_cosSim_triplet_drop[0.2, 0.4, 0.1]_topK20__PseudoGold_positive_1_hard_negative_1_seed2_hybrid_loss_Qwen2.5-VL-7B-Instruct-LoRA-curric-rep2_HF/ckpt/epoch_model_20_0.822429906542056.pt
[2026-07-20 04:11:59] [disk_guard]   candidate: /data/jehc223/RGCL/logging/Retrieval/HateMM/RAC_video_lora_curric_rep2/RAC_lr0.0001_Bz64_Ep30_cosSim_triplet_drop[0.2, 0.4, 0.1]_topK20__PseudoGold_positive_1_hard_negative_1_seed2_hybrid_loss_Qwen2.5-VL-7B-Instruct-LoRA-curric-rep2_HF/ckpt/epoch_model_21_0.8411214953271028.pt
[2026-07-20 04:11:59] [disk_guard]     mtime=2026-07-18 19:27:54 size=40.03MB
[2026-07-20 04:11:59] [disk_guard]     -> b2 subpath: logs/Retrieval/HateMM/RAC_video_lora_curric_rep2/RAC_lr0.0001_Bz64_Ep30_cosSim_triplet_drop[0.2, 0.4, 0.1]_topK20__PseudoGold_positive_1_hard_negative_1_seed2_hybrid_loss_Qwen2.5-VL-7B-Instruct-LoRA-curric-rep2_HF/ckpt/epoch_model_21_0.8411214953271028.pt
[2026-07-20 04:11:59] [disk_guard]     pushing to B2 ...
[2026-07-20 04:12:09] [disk_guard] verify: OK sha1=0a01b83f6547b6af4cca1622aff86545bc49d48f matches at b2:junyi-data/RGCL_video/logs/Retrieval/HateMM/RAC_video_lora_curric_rep2/RAC_lr0.0001_Bz64_Ep30_cosSim_triplet_drop[0.2, 0.4, 0.1]_topK20__PseudoGold_positive_1_hard_negative_1_seed2_hybrid_loss_Qwen2.5-VL-7B-Instruct-LoRA-curric-rep2_HF/ckpt/epoch_model_21_0.8411214953271028.pt
[2026-07-20 04:12:09] [disk_guard]     PRUNED local (verified on B2): /data/jehc223/RGCL/logging/Retrieval/HateMM/RAC_video_lora_curric_rep2/RAC_lr0.0001_Bz64_Ep30_cosSim_triplet_drop[0.2, 0.4, 0.1]_topK20__PseudoGold_positive_1_hard_negative_1_seed2_hybrid_loss_Qwen2.5-VL-7B-Instruct-LoRA-curric-rep2_HF/ckpt/epoch_model_21_0.8411214953271028.pt  (freed 40.03MB)
[2026-07-20 04:12:09] [disk_guard]   candidate: /data/jehc223/RGCL/logging/Retrieval/HateMM/RAC_video_lora_curric_rep2/RAC_lr0.0001_Bz64_Ep30_cosSim_triplet_drop[0.2, 0.4, 0.1]_topK20__PseudoGold_positive_1_hard_negative_1_seed2_hybrid_loss_Qwen2.5-VL-7B-Instruct-LoRA-curric-rep2_HF/ckpt/best_model_21_0.8411214953271028.pt
[2026-07-20 04:12:09] [disk_guard]     mtime=2026-07-18 19:27:54 size=40.03MB
[2026-07-20 04:12:09] [disk_guard]     -> b2 subpath: logs/Retrieval/HateMM/RAC_video_lora_curric_rep2/RAC_lr0.0001_Bz64_Ep30_cosSim_triplet_drop[0.2, 0.4, 0.1]_topK20__PseudoGold_positive_1_hard_negative_1_seed2_hybrid_loss_Qwen2.5-VL-7B-Instruct-LoRA-curric-rep2_HF/ckpt/best_model_21_0.8411214953271028.pt
[2026-07-20 04:12:09] [disk_guard]     pushing to B2 ...
[2026-07-20 04:12:21] [disk_guard] verify: OK sha1=5944118a1a05b66e5d4acf7a0a670cbf971cc9d9 matches at b2:junyi-data/RGCL_video/logs/Retrieval/HateMM/RAC_video_lora_curric_rep2/RAC_lr0.0001_Bz64_Ep30_cosSim_triplet_drop[0.2, 0.4, 0.1]_topK20__PseudoGold_positive_1_hard_negative_1_seed2_hybrid_loss_Qwen2.5-VL-7B-Instruct-LoRA-curric-rep2_HF/ckpt/best_model_21_0.8411214953271028.pt
[2026-07-20 04:12:21] [disk_guard]     PRUNED local (verified on B2): /data/jehc223/RGCL/logging/Retrieval/HateMM/RAC_video_lora_curric_rep2/RAC_lr0.0001_Bz64_Ep30_cosSim_triplet_drop[0.2, 0.4, 0.1]_topK20__PseudoGold_positive_1_hard_negative_1_seed2_hybrid_loss_Qwen2.5-VL-7B-Instruct-LoRA-curric-rep2_HF/ckpt/best_model_21_0.8411214953271028.pt  (freed 40.03MB)
[2026-07-20 04:12:21] [disk_guard]   candidate: /data/jehc223/RGCL/logging/Retrieval/HateMM/RAC_video_lora_curric_rep2/RAC_lr0.0001_Bz64_Ep30_cosSim_triplet_drop[0.2, 0.4, 0.1]_topK20__PseudoGold_positive_1_hard_negative_1_seed2_hybrid_loss_Qwen2.5-VL-7B-Instruct-LoRA-curric-rep2_HF/ckpt/epoch_model_22_0.8411214953271028.pt
[2026-07-20 04:12:21] [disk_guard]     mtime=2026-07-18 19:27:55 size=40.03MB
[2026-07-20 04:12:21] [disk_guard]     -> b2 subpath: logs/Retrieval/HateMM/RAC_video_lora_curric_rep2/RAC_lr0.0001_Bz64_Ep30_cosSim_triplet_drop[0.2, 0.4, 0.1]_topK20__PseudoGold_positive_1_hard_negative_1_seed2_hybrid_loss_Qwen2.5-VL-7B-Instruct-LoRA-curric-rep2_HF/ckpt/epoch_model_22_0.8411214953271028.pt
[2026-07-20 04:12:21] [disk_guard]     pushing to B2 ...
[2026-07-20 04:12:31] [disk_guard] verify: OK sha1=963baa5e703bd0fd51b4289f586aa2291e73cdb3 matches at b2:junyi-data/RGCL_video/logs/Retrieval/HateMM/RAC_video_lora_curric_rep2/RAC_lr0.0001_Bz64_Ep30_cosSim_triplet_drop[0.2, 0.4, 0.1]_topK20__PseudoGold_positive_1_hard_negative_1_seed2_hybrid_loss_Qwen2.5-VL-7B-Instruct-LoRA-curric-rep2_HF/ckpt/epoch_model_22_0.8411214953271028.pt
[2026-07-20 04:12:31] [disk_guard]     PRUNED local (verified on B2): /data/jehc223/RGCL/logging/Retrieval/HateMM/RAC_video_lora_curric_rep2/RAC_lr0.0001_Bz64_Ep30_cosSim_triplet_drop[0.2, 0.4, 0.1]_topK20__PseudoGold_positive_1_hard_negative_1_seed2_hybrid_loss_Qwen2.5-VL-7B-Instruct-LoRA-curric-rep2_HF/ckpt/epoch_model_22_0.8411214953271028.pt  (freed 40.03MB)
[2026-07-20 04:12:31] [disk_guard]   candidate: /data/jehc223/RGCL/logging/Retrieval/HateMM/RAC_video_lora_curric_rep2/RAC_lr0.0001_Bz64_Ep30_cosSim_triplet_drop[0.2, 0.4, 0.1]_topK20__PseudoGold_positive_1_hard_negative_1_seed2_hybrid_loss_Qwen2.5-VL-7B-Instruct-LoRA-curric-rep2_HF/ckpt/epoch_model_23_0.8411214953271028.pt
[2026-07-20 04:12:31] [disk_guard]     mtime=2026-07-18 19:27:56 size=40.03MB
[2026-07-20 04:12:31] [disk_guard]     -> b2 subpath: logs/Retrieval/HateMM/RAC_video_lora_curric_rep2/RAC_lr0.0001_Bz64_Ep30_cosSim_triplet_drop[0.2, 0.4, 0.1]_topK20__PseudoGold_positive_1_hard_negative_1_seed2_hybrid_loss_Qwen2.5-VL-7B-Instruct-LoRA-curric-rep2_HF/ckpt/epoch_model_23_0.8411214953271028.pt
[2026-07-20 04:12:31] [disk_guard]     pushing to B2 ...
[2026-07-20 04:12:41] [disk_guard] verify: OK sha1=6f3b53fde949b6a5b9cec9533c3d3980e896069e matches at b2:junyi-data/RGCL_video/logs/Retrieval/HateMM/RAC_video_lora_curric_rep2/RAC_lr0.0001_Bz64_Ep30_cosSim_triplet_drop[0.2, 0.4, 0.1]_topK20__PseudoGold_positive_1_hard_negative_1_seed2_hybrid_loss_Qwen2.5-VL-7B-Instruct-LoRA-curric-rep2_HF/ckpt/epoch_model_23_0.8411214953271028.pt
[2026-07-20 04:12:41] [disk_guard]     PRUNED local (verified on B2): /data/jehc223/RGCL/logging/Retrieval/HateMM/RAC_video_lora_curric_rep2/RAC_lr0.0001_Bz64_Ep30_cosSim_triplet_drop[0.2, 0.4, 0.1]_topK20__PseudoGold_positive_1_hard_negative_1_seed2_hybrid_loss_Qwen2.5-VL-7B-Instruct-LoRA-curric-rep2_HF/ckpt/epoch_model_23_0.8411214953271028.pt  (freed 40.03MB)
[2026-07-20 04:12:42] [disk_guard]   candidate: /data/jehc223/RGCL/logging/Retrieval/HateMM/RAC_video_lora_curric_rep2/RAC_lr0.0001_Bz64_Ep30_cosSim_triplet_drop[0.2, 0.4, 0.1]_topK20__PseudoGold_positive_1_hard_negative_1_seed2_hybrid_loss_Qwen2.5-VL-7B-Instruct-LoRA-curric-rep2_HF/ckpt/epoch_model_24_0.8411214953271028.pt
[2026-07-20 04:12:42] [disk_guard]     mtime=2026-07-18 19:27:57 size=40.03MB
[2026-07-20 04:12:42] [disk_guard]     -> b2 subpath: logs/Retrieval/HateMM/RAC_video_lora_curric_rep2/RAC_lr0.0001_Bz64_Ep30_cosSim_triplet_drop[0.2, 0.4, 0.1]_topK20__PseudoGold_positive_1_hard_negative_1_seed2_hybrid_loss_Qwen2.5-VL-7B-Instruct-LoRA-curric-rep2_HF/ckpt/epoch_model_24_0.8411214953271028.pt
[2026-07-20 04:12:42] [disk_guard]     pushing to B2 ...
[2026-07-20 04:12:51] [disk_guard] verify: OK sha1=6e79449562e10888d4e884cd7e0b746cf5da7d6c matches at b2:junyi-data/RGCL_video/logs/Retrieval/HateMM/RAC_video_lora_curric_rep2/RAC_lr0.0001_Bz64_Ep30_cosSim_triplet_drop[0.2, 0.4, 0.1]_topK20__PseudoGold_positive_1_hard_negative_1_seed2_hybrid_loss_Qwen2.5-VL-7B-Instruct-LoRA-curric-rep2_HF/ckpt/epoch_model_24_0.8411214953271028.pt
[2026-07-20 04:12:51] [disk_guard]     PRUNED local (verified on B2): /data/jehc223/RGCL/logging/Retrieval/HateMM/RAC_video_lora_curric_rep2/RAC_lr0.0001_Bz64_Ep30_cosSim_triplet_drop[0.2, 0.4, 0.1]_topK20__PseudoGold_positive_1_hard_negative_1_seed2_hybrid_loss_Qwen2.5-VL-7B-Instruct-LoRA-curric-rep2_HF/ckpt/epoch_model_24_0.8411214953271028.pt  (freed 40.03MB)
[2026-07-20 04:12:51] [disk_guard]   candidate: /data/jehc223/RGCL/logging/Retrieval/HateMM/RAC_video_lora_curric_rep2/RAC_lr0.0001_Bz64_Ep30_cosSim_triplet_drop[0.2, 0.4, 0.1]_topK20__PseudoGold_positive_1_hard_negative_1_seed2_hybrid_loss_Qwen2.5-VL-7B-Instruct-LoRA-curric-rep2_HF/ckpt/epoch_model_25_0.822429906542056.pt
[2026-07-20 04:12:51] [disk_guard]     mtime=2026-07-18 19:27:58 size=40.03MB
[2026-07-20 04:12:51] [disk_guard]     -> b2 subpath: logs/Retrieval/HateMM/RAC_video_lora_curric_rep2/RAC_lr0.0001_Bz64_Ep30_cosSim_triplet_drop[0.2, 0.4, 0.1]_topK20__PseudoGold_positive_1_hard_negative_1_seed2_hybrid_loss_Qwen2.5-VL-7B-Instruct-LoRA-curric-rep2_HF/ckpt/epoch_model_25_0.822429906542056.pt
[2026-07-20 04:12:51] [disk_guard]     pushing to B2 ...
[2026-07-20 04:13:02] [disk_guard] verify: OK sha1=d3c91682aa7f0ebc13489a3f4508803b5ce913f1 matches at b2:junyi-data/RGCL_video/logs/Retrieval/HateMM/RAC_video_lora_curric_rep2/RAC_lr0.0001_Bz64_Ep30_cosSim_triplet_drop[0.2, 0.4, 0.1]_topK20__PseudoGold_positive_1_hard_negative_1_seed2_hybrid_loss_Qwen2.5-VL-7B-Instruct-LoRA-curric-rep2_HF/ckpt/epoch_model_25_0.822429906542056.pt
[2026-07-20 04:13:02] [disk_guard]     PRUNED local (verified on B2): /data/jehc223/RGCL/logging/Retrieval/HateMM/RAC_video_lora_curric_rep2/RAC_lr0.0001_Bz64_Ep30_cosSim_triplet_drop[0.2, 0.4, 0.1]_topK20__PseudoGold_positive_1_hard_negative_1_seed2_hybrid_loss_Qwen2.5-VL-7B-Instruct-LoRA-curric-rep2_HF/ckpt/epoch_model_25_0.822429906542056.pt  (freed 40.03MB)
[2026-07-20 04:13:02] [disk_guard]   candidate: /data/jehc223/RGCL/logging/Retrieval/HateMM/RAC_video_lora_curric_rep2/RAC_lr0.0001_Bz64_Ep30_cosSim_triplet_drop[0.2, 0.4, 0.1]_topK20__PseudoGold_positive_1_hard_negative_1_seed2_hybrid_loss_Qwen2.5-VL-7B-Instruct-LoRA-curric-rep2_HF/ckpt/epoch_model_26_0.8411214953271028.pt
[2026-07-20 04:13:02] [disk_guard]     mtime=2026-07-18 19:27:59 size=40.03MB
[2026-07-20 04:13:02] [disk_guard]     -> b2 subpath: logs/Retrieval/HateMM/RAC_video_lora_curric_rep2/RAC_lr0.0001_Bz64_Ep30_cosSim_triplet_drop[0.2, 0.4, 0.1]_topK20__PseudoGold_positive_1_hard_negative_1_seed2_hybrid_loss_Qwen2.5-VL-7B-Instruct-LoRA-curric-rep2_HF/ckpt/epoch_model_26_0.8411214953271028.pt
[2026-07-20 04:13:02] [disk_guard]     pushing to B2 ...
[2026-07-20 04:13:12] [disk_guard] verify: OK sha1=132d076a32d296eddbf2adf35d802a70a5650be4 matches at b2:junyi-data/RGCL_video/logs/Retrieval/HateMM/RAC_video_lora_curric_rep2/RAC_lr0.0001_Bz64_Ep30_cosSim_triplet_drop[0.2, 0.4, 0.1]_topK20__PseudoGold_positive_1_hard_negative_1_seed2_hybrid_loss_Qwen2.5-VL-7B-Instruct-LoRA-curric-rep2_HF/ckpt/epoch_model_26_0.8411214953271028.pt
[2026-07-20 04:13:12] [disk_guard]     PRUNED local (verified on B2): /data/jehc223/RGCL/logging/Retrieval/HateMM/RAC_video_lora_curric_rep2/RAC_lr0.0001_Bz64_Ep30_cosSim_triplet_drop[0.2, 0.4, 0.1]_topK20__PseudoGold_positive_1_hard_negative_1_seed2_hybrid_loss_Qwen2.5-VL-7B-Instruct-LoRA-curric-rep2_HF/ckpt/epoch_model_26_0.8411214953271028.pt  (freed 40.03MB)
[2026-07-20 04:13:12] [disk_guard]   candidate: /data/jehc223/RGCL/logging/Retrieval/HateMM/RAC_video_lora_curric_rep2/RAC_lr0.0001_Bz64_Ep30_cosSim_triplet_drop[0.2, 0.4, 0.1]_topK20__PseudoGold_positive_1_hard_negative_1_seed2_hybrid_loss_Qwen2.5-VL-7B-Instruct-LoRA-curric-rep2_HF/ckpt/epoch_model_27_0.8317757009345794.pt
[2026-07-20 04:13:12] [disk_guard]     mtime=2026-07-18 19:28:00 size=40.03MB
[2026-07-20 04:13:12] [disk_guard]     -> b2 subpath: logs/Retrieval/HateMM/RAC_video_lora_curric_rep2/RAC_lr0.0001_Bz64_Ep30_cosSim_triplet_drop[0.2, 0.4, 0.1]_topK20__PseudoGold_positive_1_hard_negative_1_seed2_hybrid_loss_Qwen2.5-VL-7B-Instruct-LoRA-curric-rep2_HF/ckpt/epoch_model_27_0.8317757009345794.pt
[2026-07-20 04:13:12] [disk_guard]     pushing to B2 ...
[2026-07-20 04:13:22] [disk_guard] verify: OK sha1=d9a53921f13479d25a58790031b44ed7be4487e0 matches at b2:junyi-data/RGCL_video/logs/Retrieval/HateMM/RAC_video_lora_curric_rep2/RAC_lr0.0001_Bz64_Ep30_cosSim_triplet_drop[0.2, 0.4, 0.1]_topK20__PseudoGold_positive_1_hard_negative_1_seed2_hybrid_loss_Qwen2.5-VL-7B-Instruct-LoRA-curric-rep2_HF/ckpt/epoch_model_27_0.8317757009345794.pt
[2026-07-20 04:13:22] [disk_guard]     PRUNED local (verified on B2): /data/jehc223/RGCL/logging/Retrieval/HateMM/RAC_video_lora_curric_rep2/RAC_lr0.0001_Bz64_Ep30_cosSim_triplet_drop[0.2, 0.4, 0.1]_topK20__PseudoGold_positive_1_hard_negative_1_seed2_hybrid_loss_Qwen2.5-VL-7B-Instruct-LoRA-curric-rep2_HF/ckpt/epoch_model_27_0.8317757009345794.pt  (freed 40.03MB)
[2026-07-20 04:13:22] [disk_guard]   candidate: /data/jehc223/RGCL/logging/Retrieval/HateMM/RAC_video_lora_curric_rep2/RAC_lr0.0001_Bz64_Ep30_cosSim_triplet_drop[0.2, 0.4, 0.1]_topK20__PseudoGold_positive_1_hard_negative_1_seed2_hybrid_loss_Qwen2.5-VL-7B-Instruct-LoRA-curric-rep2_HF/ckpt/epoch_model_28_0.8411214953271028.pt
[2026-07-20 04:13:22] [disk_guard]     mtime=2026-07-18 19:28:02 size=40.03MB
[2026-07-20 04:13:22] [disk_guard]     -> b2 subpath: logs/Retrieval/HateMM/RAC_video_lora_curric_rep2/RAC_lr0.0001_Bz64_Ep30_cosSim_triplet_drop[0.2, 0.4, 0.1]_topK20__PseudoGold_positive_1_hard_negative_1_seed2_hybrid_loss_Qwen2.5-VL-7B-Instruct-LoRA-curric-rep2_HF/ckpt/epoch_model_28_0.8411214953271028.pt
[2026-07-20 04:13:22] [disk_guard]     pushing to B2 ...
[2026-07-20 04:13:33] [disk_guard] verify: OK sha1=14310c0535eb920d2cac5ffa9a26f4316debdc45 matches at b2:junyi-data/RGCL_video/logs/Retrieval/HateMM/RAC_video_lora_curric_rep2/RAC_lr0.0001_Bz64_Ep30_cosSim_triplet_drop[0.2, 0.4, 0.1]_topK20__PseudoGold_positive_1_hard_negative_1_seed2_hybrid_loss_Qwen2.5-VL-7B-Instruct-LoRA-curric-rep2_HF/ckpt/epoch_model_28_0.8411214953271028.pt
[2026-07-20 04:13:33] [disk_guard]     PRUNED local (verified on B2): /data/jehc223/RGCL/logging/Retrieval/HateMM/RAC_video_lora_curric_rep2/RAC_lr0.0001_Bz64_Ep30_cosSim_triplet_drop[0.2, 0.4, 0.1]_topK20__PseudoGold_positive_1_hard_negative_1_seed2_hybrid_loss_Qwen2.5-VL-7B-Instruct-LoRA-curric-rep2_HF/ckpt/epoch_model_28_0.8411214953271028.pt  (freed 40.03MB)
[2026-07-20 04:13:33] [disk_guard]   candidate: /data/jehc223/RGCL/logging/Retrieval/HateMM/RAC_video_lora_curric_rep2/RAC_lr0.0001_Bz64_Ep30_cosSim_triplet_drop[0.2, 0.4, 0.1]_topK20__PseudoGold_positive_1_hard_negative_1_seed2_hybrid_loss_Qwen2.5-VL-7B-Instruct-LoRA-curric-rep2_HF/ckpt/epoch_model_29_0.8411214953271028.pt
[2026-07-20 04:13:33] [disk_guard]     mtime=2026-07-18 19:28:03 size=40.03MB
[2026-07-20 04:13:33] [disk_guard]     -> b2 subpath: logs/Retrieval/HateMM/RAC_video_lora_curric_rep2/RAC_lr0.0001_Bz64_Ep30_cosSim_triplet_drop[0.2, 0.4, 0.1]_topK20__PseudoGold_positive_1_hard_negative_1_seed2_hybrid_loss_Qwen2.5-VL-7B-Instruct-LoRA-curric-rep2_HF/ckpt/epoch_model_29_0.8411214953271028.pt
[2026-07-20 04:13:33] [disk_guard]     pushing to B2 ...
[2026-07-20 04:13:45] [disk_guard] verify: OK sha1=9b275d7e5f3f2fbfd3f0c6e644fb84cc3df8a789 matches at b2:junyi-data/RGCL_video/logs/Retrieval/HateMM/RAC_video_lora_curric_rep2/RAC_lr0.0001_Bz64_Ep30_cosSim_triplet_drop[0.2, 0.4, 0.1]_topK20__PseudoGold_positive_1_hard_negative_1_seed2_hybrid_loss_Qwen2.5-VL-7B-Instruct-LoRA-curric-rep2_HF/ckpt/epoch_model_29_0.8411214953271028.pt
[2026-07-20 04:13:45] [disk_guard]     PRUNED local (verified on B2): /data/jehc223/RGCL/logging/Retrieval/HateMM/RAC_video_lora_curric_rep2/RAC_lr0.0001_Bz64_Ep30_cosSim_triplet_drop[0.2, 0.4, 0.1]_topK20__PseudoGold_positive_1_hard_negative_1_seed2_hybrid_loss_Qwen2.5-VL-7B-Instruct-LoRA-curric-rep2_HF/ckpt/epoch_model_29_0.8411214953271028.pt  (freed 40.03MB)
[2026-07-20 04:13:45] [disk_guard]   candidate: /data/jehc223/RGCL/logging/Retrieval/HateMM/RAC_video_lora_curric_rep2/RAC_lr0.0001_Bz64_Ep30_cosSim_triplet_drop[0.2, 0.4, 0.1]_topK20__PseudoGold_positive_1_hard_negative_1_seed2_hybrid_loss_Qwen2.5-VL-7B-Instruct-LoRA-curric-rep2_HF/ckpt/best_model_29_0.8411214953271028.pt
[2026-07-20 04:13:45] [disk_guard]     mtime=2026-07-18 19:28:03 size=40.03MB
[2026-07-20 04:13:45] [disk_guard]     -> b2 subpath: logs/Retrieval/HateMM/RAC_video_lora_curric_rep2/RAC_lr0.0001_Bz64_Ep30_cosSim_triplet_drop[0.2, 0.4, 0.1]_topK20__PseudoGold_positive_1_hard_negative_1_seed2_hybrid_loss_Qwen2.5-VL-7B-Instruct-LoRA-curric-rep2_HF/ckpt/best_model_29_0.8411214953271028.pt
[2026-07-20 04:13:45] [disk_guard]     pushing to B2 ...
[2026-07-20 04:13:56] [disk_guard] verify: OK sha1=4bb3512e8fc79cc9dba064997b2c6c5260f17fca matches at b2:junyi-data/RGCL_video/logs/Retrieval/HateMM/RAC_video_lora_curric_rep2/RAC_lr0.0001_Bz64_Ep30_cosSim_triplet_drop[0.2, 0.4, 0.1]_topK20__PseudoGold_positive_1_hard_negative_1_seed2_hybrid_loss_Qwen2.5-VL-7B-Instruct-LoRA-curric-rep2_HF/ckpt/best_model_29_0.8411214953271028.pt
[2026-07-20 04:13:56] [disk_guard]     PRUNED local (verified on B2): /data/jehc223/RGCL/logging/Retrieval/HateMM/RAC_video_lora_curric_rep2/RAC_lr0.0001_Bz64_Ep30_cosSim_triplet_drop[0.2, 0.4, 0.1]_topK20__PseudoGold_positive_1_hard_negative_1_seed2_hybrid_loss_Qwen2.5-VL-7B-Instruct-LoRA-curric-rep2_HF/ckpt/best_model_29_0.8411214953271028.pt  (freed 40.03MB)
[2026-07-20 04:13:56] [disk_guard]   candidate: /data/jehc223/RGCL/logging/Retrieval/HateMM/RAC_video_lora_curric_rep2/RAC_lr0.0001_Bz64_Ep30_cosSim_triplet_drop[0.2, 0.4, 0.1]_topK20__PseudoGold_positive_1_hard_negative_1_seed2_hybrid_loss_Qwen2.5-VL-7B-Instruct-LoRA-curric-rep2_HF/ckpt/last_model_29_0.8411214953271028.pt
[2026-07-20 04:13:56] [disk_guard]     mtime=2026-07-18 19:28:03 size=40.03MB
[2026-07-20 04:13:56] [disk_guard]     -> b2 subpath: logs/Retrieval/HateMM/RAC_video_lora_curric_rep2/RAC_lr0.0001_Bz64_Ep30_cosSim_triplet_drop[0.2, 0.4, 0.1]_topK20__PseudoGold_positive_1_hard_negative_1_seed2_hybrid_loss_Qwen2.5-VL-7B-Instruct-LoRA-curric-rep2_HF/ckpt/last_model_29_0.8411214953271028.pt
[2026-07-20 04:13:56] [disk_guard]     pushing to B2 ...
[2026-07-20 04:14:06] [disk_guard] verify: OK sha1=5595ecd3108dcaffad676f71eb5c2d10b96cf283 matches at b2:junyi-data/RGCL_video/logs/Retrieval/HateMM/RAC_video_lora_curric_rep2/RAC_lr0.0001_Bz64_Ep30_cosSim_triplet_drop[0.2, 0.4, 0.1]_topK20__PseudoGold_positive_1_hard_negative_1_seed2_hybrid_loss_Qwen2.5-VL-7B-Instruct-LoRA-curric-rep2_HF/ckpt/last_model_29_0.8411214953271028.pt
[2026-07-20 04:14:06] [disk_guard]     PRUNED local (verified on B2): /data/jehc223/RGCL/logging/Retrieval/HateMM/RAC_video_lora_curric_rep2/RAC_lr0.0001_Bz64_Ep30_cosSim_triplet_drop[0.2, 0.4, 0.1]_topK20__PseudoGold_positive_1_hard_negative_1_seed2_hybrid_loss_Qwen2.5-VL-7B-Instruct-LoRA-curric-rep2_HF/ckpt/last_model_29_0.8411214953271028.pt  (freed 40.03MB)
[2026-07-20 04:14:06] [disk_guard]   step (c) projected/actual freed: 2.70GB.
[2026-07-20 04:14:06] [disk_guard]   usage now 253G still > target 250G: continuing.
[2026-07-20 04:14:06] [disk_guard] WARNING: still over target (usage=253G > target 250G) after all SAFE steps.
[2026-07-20 04:14:06] [disk_guard] WARNING: MANUAL INTERVENTION required — an approved larger offload (e.g. raw datasets or another project) is needed.
[2026-07-20 04:14:06] [disk_guard] WARNING: this guard will NOT touch raw datasets (Multihateclip/HateMM/ImpliHateVid) or non-project data. Stopping.
[2026-07-20 04:14:06] [disk_guard] ==== disk_guard end ====
================================================================================
host=foscsmlprd01.its.auckland.ac.nz jobid=13295 start=2026-07-19T16:14:06Z
python=/data/jehc223/miniconda3/envs/HateVideo/bin/python
================================================================================
preflight ok  av 17.0.0  transformers 4.49.0  torch 2.6.0+cu124  cuda True
[laud-extract] model=openai/whisper-large-v3 tag=whisper-large-v3 device=cuda dtype=torch.float16 K=4 batch_chunks=16
[laud-extract] d_model=1280 -> pooled video dim=2560 (FE nmels=128 n_samples=480000 chunk_len=30)
[laud-extract][HateMM] N=851 cached=0 todo=851
[laud-extract][HateMM]  50/851 [30s]
[laud-extract][HateMM]  100/851 [57s]
[laud-extract][HateMM]  150/851 [82s]
[laud-extract][HateMM]  200/851 [109s]
[laud-extract][HateMM]  250/851 [135s]
[laud-extract][HateMM]  300/851 [163s]
[laud-extract][HateMM]  350/851 [190s]
Invalid NAL unit size (1472 > 1168).
missing picture in access unit with size 1172
stream 0, offset 0x23cc8c9: partial file
[laud-extract][HateMM]  400/851 [217s]
[laud-extract][HateMM]  450/851 [238s]
[laud-extract][HateMM]  500/851 [263s]
[laud-extract][HateMM]  550/851 [307s]
[laud-extract][HateMM]  600/851 [330s]
[laud-extract][HateMM]  650/851 [350s]
[laud-extract][HateMM]  700/851 [370s]
[laud-extract][HateMM]  750/851 [396s]
[laud-extract][HateMM]  800/851 [416s]
[laud-extract][HateMM]  850/851 [438s]
[laud-extract][HateMM]  851/851 [439s]
[laud-extract][HateMM] DONE emb=(851, 2560) seg=(851, 4, 2560) n_zero=0 n_nan=0 status={'ok': 851} -> /data/jehc223/RGCL/data/audio/HateMM/whisper_whisper-large-v3_trainval.pt
[laud-extract][HateMM] wrote /data/jehc223/RGCL/data/audio/HateMM/whisper_whisper-large-v3_manifest.json
[laud-extract][MHC] N=629 cached=0 todo=629
[laud-extract][MHC]  50/629 [9s]
[laud-extract][MHC]  100/629 [17s]
[laud-extract][MHC]  150/629 [28s]
[laud-extract][MHC]  200/629 [37s]
[laud-extract][MHC]  250/629 [45s]
[laud-extract][MHC]  300/629 [53s]
[laud-extract][MHC]  350/629 [63s]
[laud-extract][MHC]  400/629 [72s]
[laud-extract][MHC]  450/629 [80s]
[laud-extract][MHC]  500/629 [89s]
[laud-extract][MHC]  550/629 [97s]
[laud-extract][MHC]  600/629 [107s]
[laud-extract][MHC]  629/629 [113s]
[laud-extract][MHC] DONE emb=(629, 2560) seg=(629, 4, 2560) n_zero=0 n_nan=0 status={'ok': 629} -> /data/jehc223/RGCL/data/audio/MHC/whisper_whisper-large-v3_trainval.pt
[laud-extract][MHC] wrote /data/jehc223/RGCL/data/audio/MHC/whisper_whisper-large-v3_manifest.json
[laud-extract][MHC_zh] N=657 cached=0 todo=657
[laud-extract][MHC_zh]  50/657 [7s]
[laud-extract][MHC_zh]  100/657 [16s]
[laud-extract][MHC_zh]  150/657 [28s]
[laud-extract][MHC_zh]  200/657 [35s]
[laud-extract][MHC_zh]  250/657 [42s]
[laud-extract][MHC_zh]  300/657 [49s]
[laud-extract][MHC_zh]  350/657 [57s]
[laud-extract][MHC_zh]  400/657 [65s]
[laud-extract][MHC_zh]  450/657 [72s]
[laud-extract][MHC_zh]  500/657 [80s]
[laud-extract][MHC_zh]  550/657 [87s]
[laud-extract][MHC_zh]  600/657 [94s]
[laud-extract][MHC_zh]  650/657 [103s]
[laud-extract][MHC_zh]  657/657 [104s]
[laud-extract][MHC_zh] DONE emb=(657, 2560) seg=(657, 4, 2560) n_zero=0 n_nan=0 status={'ok': 657} -> /data/jehc223/RGCL/data/audio/MHC_zh/whisper_whisper-large-v3_trainval.pt
[laud-extract][MHC_zh] wrote /data/jehc223/RGCL/data/audio/MHC_zh/whisper_whisper-large-v3_manifest.json
[laud-extract] elapsed 663s
laud whisper-encoder extraction complete jobid=13295 end=2026-07-19T16:25:14Z
